checklist_id,target_id,asset_id,patch_id,region,step_order,manual_step,expected_evidence,accepted_value_format,rejection_rule,blocks_day10,notes
MV2_DATA_01_TGT_00001_STEP_01,MV2_DATA_01_TGT_00001,92505e20b69dd028,CUR_00038,Curitiba,1,abrir o GEE Code Editor / Tasks autenticado,sessao_GEE_ativa,screenshot_ou_url_de_sessao,sem_acesso_ao_GEE_nao_prossegue,true,passo_de_revisao_humana;nenhuma_execucao_automatica
MV2_DATA_01_TGT_00001_STEP_02,MV2_DATA_01_TGT_00001,92505e20b69dd028,CUR_00038,Curitiba,2,localizar o script/export task original deste patch,nome_do_script_ou_export_task,texto_export_task_name_ou_caminho_de_script,nao_inferir_export_por_nome_de_arquivo_de_patch,true,passo_de_revisao_humana;nenhuma_execucao_automatica
MV2_DATA_01_TGT_00001_STEP_03,MV2_DATA_01_TGT_00001,92505e20b69dd028,CUR_00038,Curitiba,3,localizar a imagem Sentinel-2 efetivamente usada,image_id_da_colecao_S2,ee_image_id_ou_system_index,nao_assumir_imagem_por_cidade_regiao_ou_tile,true,passo_de_revisao_humana;nenhuma_execucao_automatica
MV2_DATA_01_TGT_00001_STEP_04,MV2_DATA_01_TGT_00001,92505e20b69dd028,CUR_00038,Curitiba,4,copiar o PRODUCT_ID,PRODUCT_ID_da_imagem,S2[AB]_MSIL2A_AAAAMMDDTHHMMSS_..._TXXYYY_AAAAMMDDTHHMMSS,nao_aceitar_PRODUCT_ID_sem_origem_GEE,true,passo_de_revisao_humana;nenhuma_execucao_automatica
MV2_DATA_01_TGT_00001_STEP_05,MV2_DATA_01_TGT_00001,92505e20b69dd028,CUR_00038,Curitiba,5,copiar o acquisition datetime,system_time_start_convertido_para_ISO,AAAA-MM-DDTHH:MM:SS,rejeitar_datetime_futuro_ou_fora_de_2015_2024,true,passo_de_revisao_humana;nenhuma_execucao_automatica
MV2_DATA_01_TGT_00001_STEP_06,MV2_DATA_01_TGT_00001,92505e20b69dd028,CUR_00038,Curitiba,6,copiar o MGRS_TILE,MGRS_TILE_da_imagem,TXXLLL_ex_T25M...,nao_usar_T23KPR_nem_tile_por_zona_como_vinculo_automatico,true,passo_de_revisao_humana;nenhuma_execucao_automatica
MV2_DATA_01_TGT_00001_STEP_07,MV2_DATA_01_TGT_00001,92505e20b69dd028,CUR_00038,Curitiba,7,copiar o CLOUDY_PIXEL_PERCENTAGE,CLOUDY_PIXEL_PERCENTAGE,float_0_a_100,nao_inventar_cobertura_de_nuvem,false,passo_de_revisao_humana;nenhuma_execucao_automatica
MV2_DATA_01_TGT_00001_STEP_08,MV2_DATA_01_TGT_00001,92505e20b69dd028,CUR_00038,Curitiba,8,copiar o DATATAKE_IDENTIFIER,DATATAKE_IDENTIFIER,GS2[AB]_AAAAMMDDTHHMMSS_NNNNNN_NXXYY,nao_inferir_datatake_de_outro_produto,false,passo_de_revisao_humana;nenhuma_execucao_automatica
MV2_DATA_01_TGT_00001_STEP_09,MV2_DATA_01_TGT_00001,92505e20b69dd028,CUR_00038,Curitiba,9,registrar a collection usada,id_da_colecao_GEE,COPERNICUS/S2_SR_HARMONIZED_ou_equivalente,nao_assumir_colecao_sem_evidencia,false,passo_de_revisao_humana;nenhuma_execucao_automatica
MV2_DATA_01_TGT_00001_STEP_10,MV2_DATA_01_TGT_00001,92505e20b69dd028,CUR_00038,Curitiba,10,registrar a evidencia local (export/print/log),referencia_local_da_evidencia,caminho_local_relativo_ou_id_de_evidencia,nao_publicar_raster_bruto_como_evidencia,false,passo_de_revisao_humana;nenhuma_execucao_automatica
MV2_DATA_01_TGT_00001_STEP_11,MV2_DATA_01_TGT_00001,92505e20b69dd028,CUR_00038,Curitiba,11,marcar review_status (CONFIRMED/PARTIAL/REJECTED),review_status_preenchido,CONFIRMED|PARTIAL|REJECTED,sem_revisor_nao_marcar_CONFIRMED,false,passo_de_revisao_humana;nenhuma_execucao_automatica
MV2_DATA_01_TGT_00001_STEP_12,MV2_DATA_01_TGT_00001,92505e20b69dd028,CUR_00038,Curitiba,12,nao preencher nada se nao houver evidencia,campos_vazios_quando_sem_evidencia,vazio,ausencia_de_evidencia_nunca_vira_valor_inventado_nem_negativo,true,passo_de_revisao_humana;nenhuma_execucao_automatica
MV2_DATA_01_TGT_00002_STEP_01,MV2_DATA_01_TGT_00002,a876d490e5812896,CUR_00249,Curitiba,1,abrir o GEE Code Editor / Tasks autenticado,sessao_GEE_ativa,screenshot_ou_url_de_sessao,sem_acesso_ao_GEE_nao_prossegue,true,passo_de_revisao_humana;nenhuma_execucao_automatica
MV2_DATA_01_TGT_00002_STEP_02,MV2_DATA_01_TGT_00002,a876d490e5812896,CUR_00249,Curitiba,2,localizar o script/export task original deste patch,nome_do_script_ou_export_task,texto_export_task_name_ou_caminho_de_script,nao_inferir_export_por_nome_de_arquivo_de_patch,true,passo_de_revisao_humana;nenhuma_execucao_automatica
MV2_DATA_01_TGT_00002_STEP_03,MV2_DATA_01_TGT_00002,a876d490e5812896,CUR_00249,Curitiba,3,localizar a imagem Sentinel-2 efetivamente usada,image_id_da_colecao_S2,ee_image_id_ou_system_index,nao_assumir_imagem_por_cidade_regiao_ou_tile,true,passo_de_revisao_humana;nenhuma_execucao_automatica
MV2_DATA_01_TGT_00002_STEP_04,MV2_DATA_01_TGT_00002,a876d490e5812896,CUR_00249,Curitiba,4,copiar o PRODUCT_ID,PRODUCT_ID_da_imagem,S2[AB]_MSIL2A_AAAAMMDDTHHMMSS_..._TXXYYY_AAAAMMDDTHHMMSS,nao_aceitar_PRODUCT_ID_sem_origem_GEE,true,passo_de_revisao_humana;nenhuma_execucao_automatica
MV2_DATA_01_TGT_00002_STEP_05,MV2_DATA_01_TGT_00002,a876d490e5812896,CUR_00249,Curitiba,5,copiar o acquisition datetime,system_time_start_convertido_para_ISO,AAAA-MM-DDTHH:MM:SS,rejeitar_datetime_futuro_ou_fora_de_2015_2024,true,passo_de_revisao_humana;nenhuma_execucao_automatica
MV2_DATA_01_TGT_00002_STEP_06,MV2_DATA_01_TGT_00002,a876d490e5812896,CUR_00249,Curitiba,6,copiar o MGRS_TILE,MGRS_TILE_da_imagem,TXXLLL_ex_T25M...,nao_usar_T23KPR_nem_tile_por_zona_como_vinculo_automatico,true,passo_de_revisao_humana;nenhuma_execucao_automatica
MV2_DATA_01_TGT_00002_STEP_07,MV2_DATA_01_TGT_00002,a876d490e5812896,CUR_00249,Curitiba,7,copiar o CLOUDY_PIXEL_PERCENTAGE,CLOUDY_PIXEL_PERCENTAGE,float_0_a_100,nao_inventar_cobertura_de_nuvem,false,passo_de_revisao_humana;nenhuma_execucao_automatica
MV2_DATA_01_TGT_00002_STEP_08,MV2_DATA_01_TGT_00002,a876d490e5812896,CUR_00249,Curitiba,8,copiar o DATATAKE_IDENTIFIER,DATATAKE_IDENTIFIER,GS2[AB]_AAAAMMDDTHHMMSS_NNNNNN_NXXYY,nao_inferir_datatake_de_outro_produto,false,passo_de_revisao_humana;nenhuma_execucao_automatica
MV2_DATA_01_TGT_00002_STEP_09,MV2_DATA_01_TGT_00002,a876d490e5812896,CUR_00249,Curitiba,9,registrar a collection usada,id_da_colecao_GEE,COPERNICUS/S2_SR_HARMONIZED_ou_equivalente,nao_assumir_colecao_sem_evidencia,false,passo_de_revisao_humana;nenhuma_execucao_automatica
MV2_DATA_01_TGT_00002_STEP_10,MV2_DATA_01_TGT_00002,a876d490e5812896,CUR_00249,Curitiba,10,registrar a evidencia local (export/print/log),referencia_local_da_evidencia,caminho_local_relativo_ou_id_de_evidencia,nao_publicar_raster_bruto_como_evidencia,false,passo_de_revisao_humana;nenhuma_execucao_automatica
MV2_DATA_01_TGT_00002_STEP_11,MV2_DATA_01_TGT_00002,a876d490e5812896,CUR_00249,Curitiba,11,marcar review_status (CONFIRMED/PARTIAL/REJECTED),review_status_preenchido,CONFIRMED|PARTIAL|REJECTED,sem_revisor_nao_marcar_CONFIRMED,false,passo_de_revisao_humana;nenhuma_execucao_automatica
MV2_DATA_01_TGT_00002_STEP_12,MV2_DATA_01_TGT_00002,a876d490e5812896,CUR_00249,Curitiba,12,nao preencher nada se nao houver evidencia,campos_vazios_quando_sem_evidencia,vazio,ausencia_de_evidencia_nunca_vira_valor_inventado_nem_negativo,true,passo_de_revisao_humana;nenhuma_execucao_automatica
MV2_DATA_01_TGT_00003_STEP_01,MV2_DATA_01_TGT_00003,c61f82fb1021cbfb,CUR_00350,Curitiba,1,abrir o GEE Code Editor / Tasks autenticado,sessao_GEE_ativa,screenshot_ou_url_de_sessao,sem_acesso_ao_GEE_nao_prossegue,true,passo_de_revisao_humana;nenhuma_execucao_automatica
MV2_DATA_01_TGT_00003_STEP_02,MV2_DATA_01_TGT_00003,c61f82fb1021cbfb,CUR_00350,Curitiba,2,localizar o script/export task original deste patch,nome_do_script_ou_export_task,texto_export_task_name_ou_caminho_de_script,nao_inferir_export_por_nome_de_arquivo_de_patch,true,passo_de_revisao_humana;nenhuma_execucao_automatica
MV2_DATA_01_TGT_00003_STEP_03,MV2_DATA_01_TGT_00003,c61f82fb1021cbfb,CUR_00350,Curitiba,3,localizar a imagem Sentinel-2 efetivamente usada,image_id_da_colecao_S2,ee_image_id_ou_system_index,nao_assumir_imagem_por_cidade_regiao_ou_tile,true,passo_de_revisao_humana;nenhuma_execucao_automatica
MV2_DATA_01_TGT_00003_STEP_04,MV2_DATA_01_TGT_00003,c61f82fb1021cbfb,CUR_00350,Curitiba,4,copiar o PRODUCT_ID,PRODUCT_ID_da_imagem,S2[AB]_MSIL2A_AAAAMMDDTHHMMSS_..._TXXYYY_AAAAMMDDTHHMMSS,nao_aceitar_PRODUCT_ID_sem_origem_GEE,true,passo_de_revisao_humana;nenhuma_execucao_automatica
MV2_DATA_01_TGT_00003_STEP_05,MV2_DATA_01_TGT_00003,c61f82fb1021cbfb,CUR_00350,Curitiba,5,copiar o acquisition datetime,system_time_start_convertido_para_ISO,AAAA-MM-DDTHH:MM:SS,rejeitar_datetime_futuro_ou_fora_de_2015_2024,true,passo_de_revisao_humana;nenhuma_execucao_automatica
MV2_DATA_01_TGT_00003_STEP_06,MV2_DATA_01_TGT_00003,c61f82fb1021cbfb,CUR_00350,Curitiba,6,copiar o MGRS_TILE,MGRS_TILE_da_imagem,TXXLLL_ex_T25M...,nao_usar_T23KPR_nem_tile_por_zona_como_vinculo_automatico,true,passo_de_revisao_humana;nenhuma_execucao_automatica
MV2_DATA_01_TGT_00003_STEP_07,MV2_DATA_01_TGT_00003,c61f82fb1021cbfb,CUR_00350,Curitiba,7,copiar o CLOUDY_PIXEL_PERCENTAGE,CLOUDY_PIXEL_PERCENTAGE,float_0_a_100,nao_inventar_cobertura_de_nuvem,false,passo_de_revisao_humana;nenhuma_execucao_automatica
MV2_DATA_01_TGT_00003_STEP_08,MV2_DATA_01_TGT_00003,c61f82fb1021cbfb,CUR_00350,Curitiba,8,copiar o DATATAKE_IDENTIFIER,DATATAKE_IDENTIFIER,GS2[AB]_AAAAMMDDTHHMMSS_NNNNNN_NXXYY,nao_inferir_datatake_de_outro_produto,false,passo_de_revisao_humana;nenhuma_execucao_automatica
MV2_DATA_01_TGT_00003_STEP_09,MV2_DATA_01_TGT_00003,c61f82fb1021cbfb,CUR_00350,Curitiba,9,registrar a collection usada,id_da_colecao_GEE,COPERNICUS/S2_SR_HARMONIZED_ou_equivalente,nao_assumir_colecao_sem_evidencia,false,passo_de_revisao_humana;nenhuma_execucao_automatica
MV2_DATA_01_TGT_00003_STEP_10,MV2_DATA_01_TGT_00003,c61f82fb1021cbfb,CUR_00350,Curitiba,10,registrar a evidencia local (export/print/log),referencia_local_da_evidencia,caminho_local_relativo_ou_id_de_evidencia,nao_publicar_raster_bruto_como_evidencia,false,passo_de_revisao_humana;nenhuma_execucao_automatica
MV2_DATA_01_TGT_00003_STEP_11,MV2_DATA_01_TGT_00003,c61f82fb1021cbfb,CUR_00350,Curitiba,11,marcar review_status (CONFIRMED/PARTIAL/REJECTED),review_status_preenchido,CONFIRMED|PARTIAL|REJECTED,sem_revisor_nao_marcar_CONFIRMED,false,passo_de_revisao_humana;nenhuma_execucao_automatica
MV2_DATA_01_TGT_00003_STEP_12,MV2_DATA_01_TGT_00003,c61f82fb1021cbfb,CUR_00350,Curitiba,12,nao preencher nada se nao houver evidencia,campos_vazios_quando_sem_evidencia,vazio,ausencia_de_evidencia_nunca_vira_valor_inventado_nem_negativo,true,passo_de_revisao_humana;nenhuma_execucao_automatica
MV2_DATA_01_TGT_00004_STEP_01,MV2_DATA_01_TGT_00004,31f6daa6af24b8c6,CUR_00357,Curitiba,1,abrir o GEE Code Editor / Tasks autenticado,sessao_GEE_ativa,screenshot_ou_url_de_sessao,sem_acesso_ao_GEE_nao_prossegue,true,passo_de_revisao_humana;nenhuma_execucao_automatica
MV2_DATA_01_TGT_00004_STEP_02,MV2_DATA_01_TGT_00004,31f6daa6af24b8c6,CUR_00357,Curitiba,2,localizar o script/export task original deste patch,nome_do_script_ou_export_task,texto_export_task_name_ou_caminho_de_script,nao_inferir_export_por_nome_de_arquivo_de_patch,true,passo_de_revisao_humana;nenhuma_execucao_automatica
MV2_DATA_01_TGT_00004_STEP_03,MV2_DATA_01_TGT_00004,31f6daa6af24b8c6,CUR_00357,Curitiba,3,localizar a imagem Sentinel-2 efetivamente usada,image_id_da_colecao_S2,ee_image_id_ou_system_index,nao_assumir_imagem_por_cidade_regiao_ou_tile,true,passo_de_revisao_humana;nenhuma_execucao_automatica
MV2_DATA_01_TGT_00004_STEP_04,MV2_DATA_01_TGT_00004,31f6daa6af24b8c6,CUR_00357,Curitiba,4,copiar o PRODUCT_ID,PRODUCT_ID_da_imagem,S2[AB]_MSIL2A_AAAAMMDDTHHMMSS_..._TXXYYY_AAAAMMDDTHHMMSS,nao_aceitar_PRODUCT_ID_sem_origem_GEE,true,passo_de_revisao_humana;nenhuma_execucao_automatica
MV2_DATA_01_TGT_00004_STEP_05,MV2_DATA_01_TGT_00004,31f6daa6af24b8c6,CUR_00357,Curitiba,5,copiar o acquisition datetime,system_time_start_convertido_para_ISO,AAAA-MM-DDTHH:MM:SS,rejeitar_datetime_futuro_ou_fora_de_2015_2024,true,passo_de_revisao_humana;nenhuma_execucao_automatica
MV2_DATA_01_TGT_00004_STEP_06,MV2_DATA_01_TGT_00004,31f6daa6af24b8c6,CUR_00357,Curitiba,6,copiar o MGRS_TILE,MGRS_TILE_da_imagem,TXXLLL_ex_T25M...,nao_usar_T23KPR_nem_tile_por_zona_como_vinculo_automatico,true,passo_de_revisao_humana;nenhuma_execucao_automatica
MV2_DATA_01_TGT_00004_STEP_07,MV2_DATA_01_TGT_00004,31f6daa6af24b8c6,CUR_00357,Curitiba,7,copiar o CLOUDY_PIXEL_PERCENTAGE,CLOUDY_PIXEL_PERCENTAGE,float_0_a_100,nao_inventar_cobertura_de_nuvem,false,passo_de_revisao_humana;nenhuma_execucao_automatica
MV2_DATA_01_TGT_00004_STEP_08,MV2_DATA_01_TGT_00004,31f6daa6af24b8c6,CUR_00357,Curitiba,8,copiar o DATATAKE_IDENTIFIER,DATATAKE_IDENTIFIER,GS2[AB]_AAAAMMDDTHHMMSS_NNNNNN_NXXYY,nao_inferir_datatake_de_outro_produto,false,passo_de_revisao_humana;nenhuma_execucao_automatica
MV2_DATA_01_TGT_00004_STEP_09,MV2_DATA_01_TGT_00004,31f6daa6af24b8c6,CUR_00357,Curitiba,9,registrar a collection usada,id_da_colecao_GEE,COPERNICUS/S2_SR_HARMONIZED_ou_equivalente,nao_assumir_colecao_sem_evidencia,false,passo_de_revisao_humana;nenhuma_execucao_automatica
MV2_DATA_01_TGT_00004_STEP_10,MV2_DATA_01_TGT_00004,31f6daa6af24b8c6,CUR_00357,Curitiba,10,registrar a evidencia local (export/print/log),referencia_local_da_evidencia,caminho_local_relativo_ou_id_de_evidencia,nao_publicar_raster_bruto_como_evidencia,false,passo_de_revisao_humana;nenhuma_execucao_automatica
MV2_DATA_01_TGT_00004_STEP_11,MV2_DATA_01_TGT_00004,31f6daa6af24b8c6,CUR_00357,Curitiba,11,marcar review_status (CONFIRMED/PARTIAL/REJECTED),review_status_preenchido,CONFIRMED|PARTIAL|REJECTED,sem_revisor_nao_marcar_CONFIRMED,false,passo_de_revisao_humana;nenhuma_execucao_automatica
MV2_DATA_01_TGT_00004_STEP_12,MV2_DATA_01_TGT_00004,31f6daa6af24b8c6,CUR_00357,Curitiba,12,nao preencher nada se nao houver evidencia,campos_vazios_quando_sem_evidencia,vazio,ausencia_de_evidencia_nunca_vira_valor_inventado_nem_negativo,true,passo_de_revisao_humana;nenhuma_execucao_automatica
MV2_DATA_01_TGT_00005_STEP_01,MV2_DATA_01_TGT_00005,f3fa8cabe2db7f58,CUR_00367,Curitiba,1,abrir o GEE Code Editor / Tasks autenticado,sessao_GEE_ativa,screenshot_ou_url_de_sessao,sem_acesso_ao_GEE_nao_prossegue,true,passo_de_revisao_humana;nenhuma_execucao_automatica
MV2_DATA_01_TGT_00005_STEP_02,MV2_DATA_01_TGT_00005,f3fa8cabe2db7f58,CUR_00367,Curitiba,2,localizar o script/export task original deste patch,nome_do_script_ou_export_task,texto_export_task_name_ou_caminho_de_script,nao_inferir_export_por_nome_de_arquivo_de_patch,true,passo_de_revisao_humana;nenhuma_execucao_automatica
MV2_DATA_01_TGT_00005_STEP_03,MV2_DATA_01_TGT_00005,f3fa8cabe2db7f58,CUR_00367,Curitiba,3,localizar a imagem Sentinel-2 efetivamente usada,image_id_da_colecao_S2,ee_image_id_ou_system_index,nao_assumir_imagem_por_cidade_regiao_ou_tile,true,passo_de_revisao_humana;nenhuma_execucao_automatica
MV2_DATA_01_TGT_00005_STEP_04,MV2_DATA_01_TGT_00005,f3fa8cabe2db7f58,CUR_00367,Curitiba,4,copiar o PRODUCT_ID,PRODUCT_ID_da_imagem,S2[AB]_MSIL2A_AAAAMMDDTHHMMSS_..._TXXYYY_AAAAMMDDTHHMMSS,nao_aceitar_PRODUCT_ID_sem_origem_GEE,true,passo_de_revisao_humana;nenhuma_execucao_automatica
MV2_DATA_01_TGT_00005_STEP_05,MV2_DATA_01_TGT_00005,f3fa8cabe2db7f58,CUR_00367,Curitiba,5,copiar o acquisition datetime,system_time_start_convertido_para_ISO,AAAA-MM-DDTHH:MM:SS,rejeitar_datetime_futuro_ou_fora_de_2015_2024,true,passo_de_revisao_humana;nenhuma_execucao_automatica
MV2_DATA_01_TGT_00005_STEP_06,MV2_DATA_01_TGT_00005,f3fa8cabe2db7f58,CUR_00367,Curitiba,6,copiar o MGRS_TILE,MGRS_TILE_da_imagem,TXXLLL_ex_T25M...,nao_usar_T23KPR_nem_tile_por_zona_como_vinculo_automatico,true,passo_de_revisao_humana;nenhuma_execucao_automatica
MV2_DATA_01_TGT_00005_STEP_07,MV2_DATA_01_TGT_00005,f3fa8cabe2db7f58,CUR_00367,Curitiba,7,copiar o CLOUDY_PIXEL_PERCENTAGE,CLOUDY_PIXEL_PERCENTAGE,float_0_a_100,nao_inventar_cobertura_de_nuvem,false,passo_de_revisao_humana;nenhuma_execucao_automatica
MV2_DATA_01_TGT_00005_STEP_08,MV2_DATA_01_TGT_00005,f3fa8cabe2db7f58,CUR_00367,Curitiba,8,copiar o DATATAKE_IDENTIFIER,DATATAKE_IDENTIFIER,GS2[AB]_AAAAMMDDTHHMMSS_NNNNNN_NXXYY,nao_inferir_datatake_de_outro_produto,false,passo_de_revisao_humana;nenhuma_execucao_automatica
MV2_DATA_01_TGT_00005_STEP_09,MV2_DATA_01_TGT_00005,f3fa8cabe2db7f58,CUR_00367,Curitiba,9,registrar a collection usada,id_da_colecao_GEE,COPERNICUS/S2_SR_HARMONIZED_ou_equivalente,nao_assumir_colecao_sem_evidencia,false,passo_de_revisao_humana;nenhuma_execucao_automatica
MV2_DATA_01_TGT_00005_STEP_10,MV2_DATA_01_TGT_00005,f3fa8cabe2db7f58,CUR_00367,Curitiba,10,registrar a evidencia local (export/print/log),referencia_local_da_evidencia,caminho_local_relativo_ou_id_de_evidencia,nao_publicar_raster_bruto_como_evidencia,false,passo_de_revisao_humana;nenhuma_execucao_automatica
MV2_DATA_01_TGT_00005_STEP_11,MV2_DATA_01_TGT_00005,f3fa8cabe2db7f58,CUR_00367,Curitiba,11,marcar review_status (CONFIRMED/PARTIAL/REJECTED),review_status_preenchido,CONFIRMED|PARTIAL|REJECTED,sem_revisor_nao_marcar_CONFIRMED,false,passo_de_revisao_humana;nenhuma_execucao_automatica
MV2_DATA_01_TGT_00005_STEP_12,MV2_DATA_01_TGT_00005,f3fa8cabe2db7f58,CUR_00367,Curitiba,12,nao preencher nada se nao houver evidencia,campos_vazios_quando_sem_evidencia,vazio,ausencia_de_evidencia_nunca_vira_valor_inventado_nem_negativo,true,passo_de_revisao_humana;nenhuma_execucao_automatica
MV2_DATA_01_TGT_00006_STEP_01,MV2_DATA_01_TGT_00006,72334dc260eeeaf5,CUR_00402,Curitiba,1,abrir o GEE Code Editor / Tasks autenticado,sessao_GEE_ativa,screenshot_ou_url_de_sessao,sem_acesso_ao_GEE_nao_prossegue,true,passo_de_revisao_humana;nenhuma_execucao_automatica
MV2_DATA_01_TGT_00006_STEP_02,MV2_DATA_01_TGT_00006,72334dc260eeeaf5,CUR_00402,Curitiba,2,localizar o script/export task original deste patch,nome_do_script_ou_export_task,texto_export_task_name_ou_caminho_de_script,nao_inferir_export_por_nome_de_arquivo_de_patch,true,passo_de_revisao_humana;nenhuma_execucao_automatica
MV2_DATA_01_TGT_00006_STEP_03,MV2_DATA_01_TGT_00006,72334dc260eeeaf5,CUR_00402,Curitiba,3,localizar a imagem Sentinel-2 efetivamente usada,image_id_da_colecao_S2,ee_image_id_ou_system_index,nao_assumir_imagem_por_cidade_regiao_ou_tile,true,passo_de_revisao_humana;nenhuma_execucao_automatica
MV2_DATA_01_TGT_00006_STEP_04,MV2_DATA_01_TGT_00006,72334dc260eeeaf5,CUR_00402,Curitiba,4,copiar o PRODUCT_ID,PRODUCT_ID_da_imagem,S2[AB]_MSIL2A_AAAAMMDDTHHMMSS_..._TXXYYY_AAAAMMDDTHHMMSS,nao_aceitar_PRODUCT_ID_sem_origem_GEE,true,passo_de_revisao_humana;nenhuma_execucao_automatica
MV2_DATA_01_TGT_00006_STEP_05,MV2_DATA_01_TGT_00006,72334dc260eeeaf5,CUR_00402,Curitiba,5,copiar o acquisition datetime,system_time_start_convertido_para_ISO,AAAA-MM-DDTHH:MM:SS,rejeitar_datetime_futuro_ou_fora_de_2015_2024,true,passo_de_revisao_humana;nenhuma_execucao_automatica
MV2_DATA_01_TGT_00006_STEP_06,MV2_DATA_01_TGT_00006,72334dc260eeeaf5,CUR_00402,Curitiba,6,copiar o MGRS_TILE,MGRS_TILE_da_imagem,TXXLLL_ex_T25M...,nao_usar_T23KPR_nem_tile_por_zona_como_vinculo_automatico,true,passo_de_revisao_humana;nenhuma_execucao_automatica
MV2_DATA_01_TGT_00006_STEP_07,MV2_DATA_01_TGT_00006,72334dc260eeeaf5,CUR_00402,Curitiba,7,copiar o CLOUDY_PIXEL_PERCENTAGE,CLOUDY_PIXEL_PERCENTAGE,float_0_a_100,nao_inventar_cobertura_de_nuvem,false,passo_de_revisao_humana;nenhuma_execucao_automatica
MV2_DATA_01_TGT_00006_STEP_08,MV2_DATA_01_TGT_00006,72334dc260eeeaf5,CUR_00402,Curitiba,8,copiar o DATATAKE_IDENTIFIER,DATATAKE_IDENTIFIER,GS2[AB]_AAAAMMDDTHHMMSS_NNNNNN_NXXYY,nao_inferir_datatake_de_outro_produto,false,passo_de_revisao_humana;nenhuma_execucao_automatica
MV2_DATA_01_TGT_00006_STEP_09,MV2_DATA_01_TGT_00006,72334dc260eeeaf5,CUR_00402,Curitiba,9,registrar a collection usada,id_da_colecao_GEE,COPERNICUS/S2_SR_HARMONIZED_ou_equivalente,nao_assumir_colecao_sem_evidencia,false,passo_de_revisao_humana;nenhuma_execucao_automatica
MV2_DATA_01_TGT_00006_STEP_10,MV2_DATA_01_TGT_00006,72334dc260eeeaf5,CUR_00402,Curitiba,10,registrar a evidencia local (export/print/log),referencia_local_da_evidencia,caminho_local_relativo_ou_id_de_evidencia,nao_publicar_raster_bruto_como_evidencia,false,passo_de_revisao_humana;nenhuma_execucao_automatica
MV2_DATA_01_TGT_00006_STEP_11,MV2_DATA_01_TGT_00006,72334dc260eeeaf5,CUR_00402,Curitiba,11,marcar review_status (CONFIRMED/PARTIAL/REJECTED),review_status_preenchido,CONFIRMED|PARTIAL|REJECTED,sem_revisor_nao_marcar_CONFIRMED,false,passo_de_revisao_humana;nenhuma_execucao_automatica
MV2_DATA_01_TGT_00006_STEP_12,MV2_DATA_01_TGT_00006,72334dc260eeeaf5,CUR_00402,Curitiba,12,nao preencher nada se nao houver evidencia,campos_vazios_quando_sem_evidencia,vazio,ausencia_de_evidencia_nunca_vira_valor_inventado_nem_negativo,true,passo_de_revisao_humana;nenhuma_execucao_automatica
MV2_DATA_01_TGT_00007_STEP_01,MV2_DATA_01_TGT_00007,b64b02ca9c474f84,CUR_00409,Curitiba,1,abrir o GEE Code Editor / Tasks autenticado,sessao_GEE_ativa,screenshot_ou_url_de_sessao,sem_acesso_ao_GEE_nao_prossegue,true,passo_de_revisao_humana;nenhuma_execucao_automatica
MV2_DATA_01_TGT_00007_STEP_02,MV2_DATA_01_TGT_00007,b64b02ca9c474f84,CUR_00409,Curitiba,2,localizar o script/export task original deste patch,nome_do_script_ou_export_task,texto_export_task_name_ou_caminho_de_script,nao_inferir_export_por_nome_de_arquivo_de_patch,true,passo_de_revisao_humana;nenhuma_execucao_automatica
MV2_DATA_01_TGT_00007_STEP_03,MV2_DATA_01_TGT_00007,b64b02ca9c474f84,CUR_00409,Curitiba,3,localizar a imagem Sentinel-2 efetivamente usada,image_id_da_colecao_S2,ee_image_id_ou_system_index,nao_assumir_imagem_por_cidade_regiao_ou_tile,true,passo_de_revisao_humana;nenhuma_execucao_automatica
MV2_DATA_01_TGT_00007_STEP_04,MV2_DATA_01_TGT_00007,b64b02ca9c474f84,CUR_00409,Curitiba,4,copiar o PRODUCT_ID,PRODUCT_ID_da_imagem,S2[AB]_MSIL2A_AAAAMMDDTHHMMSS_..._TXXYYY_AAAAMMDDTHHMMSS,nao_aceitar_PRODUCT_ID_sem_origem_GEE,true,passo_de_revisao_humana;nenhuma_execucao_automatica
MV2_DATA_01_TGT_00007_STEP_05,MV2_DATA_01_TGT_00007,b64b02ca9c474f84,CUR_00409,Curitiba,5,copiar o acquisition datetime,system_time_start_convertido_para_ISO,AAAA-MM-DDTHH:MM:SS,rejeitar_datetime_futuro_ou_fora_de_2015_2024,true,passo_de_revisao_humana;nenhuma_execucao_automatica
MV2_DATA_01_TGT_00007_STEP_06,MV2_DATA_01_TGT_00007,b64b02ca9c474f84,CUR_00409,Curitiba,6,copiar o MGRS_TILE,MGRS_TILE_da_imagem,TXXLLL_ex_T25M...,nao_usar_T23KPR_nem_tile_por_zona_como_vinculo_automatico,true,passo_de_revisao_humana;nenhuma_execucao_automatica
MV2_DATA_01_TGT_00007_STEP_07,MV2_DATA_01_TGT_00007,b64b02ca9c474f84,CUR_00409,Curitiba,7,copiar o CLOUDY_PIXEL_PERCENTAGE,CLOUDY_PIXEL_PERCENTAGE,float_0_a_100,nao_inventar_cobertura_de_nuvem,false,passo_de_revisao_humana;nenhuma_execucao_automatica
MV2_DATA_01_TGT_00007_STEP_08,MV2_DATA_01_TGT_00007,b64b02ca9c474f84,CUR_00409,Curitiba,8,copiar o DATATAKE_IDENTIFIER,DATATAKE_IDENTIFIER,GS2[AB]_AAAAMMDDTHHMMSS_NNNNNN_NXXYY,nao_inferir_datatake_de_outro_produto,false,passo_de_revisao_humana;nenhuma_execucao_automatica
MV2_DATA_01_TGT_00007_STEP_09,MV2_DATA_01_TGT_00007,b64b02ca9c474f84,CUR_00409,Curitiba,9,registrar a collection usada,id_da_colecao_GEE,COPERNICUS/S2_SR_HARMONIZED_ou_equivalente,nao_assumir_colecao_sem_evidencia,false,passo_de_revisao_humana;nenhuma_execucao_automatica
MV2_DATA_01_TGT_00007_STEP_10,MV2_DATA_01_TGT_00007,b64b02ca9c474f84,CUR_00409,Curitiba,10,registrar a evidencia local (export/print/log),referencia_local_da_evidencia,caminho_local_relativo_ou_id_de_evidencia,nao_publicar_raster_bruto_como_evidencia,false,passo_de_revisao_humana;nenhuma_execucao_automatica
MV2_DATA_01_TGT_00007_STEP_11,MV2_DATA_01_TGT_00007,b64b02ca9c474f84,CUR_00409,Curitiba,11,marcar review_status (CONFIRMED/PARTIAL/REJECTED),review_status_preenchido,CONFIRMED|PARTIAL|REJECTED,sem_revisor_nao_marcar_CONFIRMED,false,passo_de_revisao_humana;nenhuma_execucao_automatica
MV2_DATA_01_TGT_00007_STEP_12,MV2_DATA_01_TGT_00007,b64b02ca9c474f84,CUR_00409,Curitiba,12,nao preencher nada se nao houver evidencia,campos_vazios_quando_sem_evidencia,vazio,ausencia_de_evidencia_nunca_vira_valor_inventado_nem_negativo,true,passo_de_revisao_humana;nenhuma_execucao_automatica
MV2_DATA_01_TGT_00008_STEP_01,MV2_DATA_01_TGT_00008,3d3ea9ef96771937,CUR_00410,Curitiba,1,abrir o GEE Code Editor / Tasks autenticado,sessao_GEE_ativa,screenshot_ou_url_de_sessao,sem_acesso_ao_GEE_nao_prossegue,true,passo_de_revisao_humana;nenhuma_execucao_automatica
MV2_DATA_01_TGT_00008_STEP_02,MV2_DATA_01_TGT_00008,3d3ea9ef96771937,CUR_00410,Curitiba,2,localizar o script/export task original deste patch,nome_do_script_ou_export_task,texto_export_task_name_ou_caminho_de_script,nao_inferir_export_por_nome_de_arquivo_de_patch,true,passo_de_revisao_humana;nenhuma_execucao_automatica
MV2_DATA_01_TGT_00008_STEP_03,MV2_DATA_01_TGT_00008,3d3ea9ef96771937,CUR_00410,Curitiba,3,localizar a imagem Sentinel-2 efetivamente usada,image_id_da_colecao_S2,ee_image_id_ou_system_index,nao_assumir_imagem_por_cidade_regiao_ou_tile,true,passo_de_revisao_humana;nenhuma_execucao_automatica
MV2_DATA_01_TGT_00008_STEP_04,MV2_DATA_01_TGT_00008,3d3ea9ef96771937,CUR_00410,Curitiba,4,copiar o PRODUCT_ID,PRODUCT_ID_da_imagem,S2[AB]_MSIL2A_AAAAMMDDTHHMMSS_..._TXXYYY_AAAAMMDDTHHMMSS,nao_aceitar_PRODUCT_ID_sem_origem_GEE,true,passo_de_revisao_humana;nenhuma_execucao_automatica
MV2_DATA_01_TGT_00008_STEP_05,MV2_DATA_01_TGT_00008,3d3ea9ef96771937,CUR_00410,Curitiba,5,copiar o acquisition datetime,system_time_start_convertido_para_ISO,AAAA-MM-DDTHH:MM:SS,rejeitar_datetime_futuro_ou_fora_de_2015_2024,true,passo_de_revisao_humana;nenhuma_execucao_automatica
MV2_DATA_01_TGT_00008_STEP_06,MV2_DATA_01_TGT_00008,3d3ea9ef96771937,CUR_00410,Curitiba,6,copiar o MGRS_TILE,MGRS_TILE_da_imagem,TXXLLL_ex_T25M...,nao_usar_T23KPR_nem_tile_por_zona_como_vinculo_automatico,true,passo_de_revisao_humana;nenhuma_execucao_automatica
MV2_DATA_01_TGT_00008_STEP_07,MV2_DATA_01_TGT_00008,3d3ea9ef96771937,CUR_00410,Curitiba,7,copiar o CLOUDY_PIXEL_PERCENTAGE,CLOUDY_PIXEL_PERCENTAGE,float_0_a_100,nao_inventar_cobertura_de_nuvem,false,passo_de_revisao_humana;nenhuma_execucao_automatica
MV2_DATA_01_TGT_00008_STEP_08,MV2_DATA_01_TGT_00008,3d3ea9ef96771937,CUR_00410,Curitiba,8,copiar o DATATAKE_IDENTIFIER,DATATAKE_IDENTIFIER,GS2[AB]_AAAAMMDDTHHMMSS_NNNNNN_NXXYY,nao_inferir_datatake_de_outro_produto,false,passo_de_revisao_humana;nenhuma_execucao_automatica
MV2_DATA_01_TGT_00008_STEP_09,MV2_DATA_01_TGT_00008,3d3ea9ef96771937,CUR_00410,Curitiba,9,registrar a collection usada,id_da_colecao_GEE,COPERNICUS/S2_SR_HARMONIZED_ou_equivalente,nao_assumir_colecao_sem_evidencia,false,passo_de_revisao_humana;nenhuma_execucao_automatica
MV2_DATA_01_TGT_00008_STEP_10,MV2_DATA_01_TGT_00008,3d3ea9ef96771937,CUR_00410,Curitiba,10,registrar a evidencia local (export/print/log),referencia_local_da_evidencia,caminho_local_relativo_ou_id_de_evidencia,nao_publicar_raster_bruto_como_evidencia,false,passo_de_revisao_humana;nenhuma_execucao_automatica
MV2_DATA_01_TGT_00008_STEP_11,MV2_DATA_01_TGT_00008,3d3ea9ef96771937,CUR_00410,Curitiba,11,marcar review_status (CONFIRMED/PARTIAL/REJECTED),review_status_preenchido,CONFIRMED|PARTIAL|REJECTED,sem_revisor_nao_marcar_CONFIRMED,false,passo_de_revisao_humana;nenhuma_execucao_automatica
MV2_DATA_01_TGT_00008_STEP_12,MV2_DATA_01_TGT_00008,3d3ea9ef96771937,CUR_00410,Curitiba,12,nao preencher nada se nao houver evidencia,campos_vazios_quando_sem_evidencia,vazio,ausencia_de_evidencia_nunca_vira_valor_inventado_nem_negativo,true,passo_de_revisao_humana;nenhuma_execucao_automatica
MV2_DATA_01_TGT_00009_STEP_01,MV2_DATA_01_TGT_00009,dd1f4a04bb7cb6ed,CUR_00413,Curitiba,1,abrir o GEE Code Editor / Tasks autenticado,sessao_GEE_ativa,screenshot_ou_url_de_sessao,sem_acesso_ao_GEE_nao_prossegue,true,passo_de_revisao_humana;nenhuma_execucao_automatica
MV2_DATA_01_TGT_00009_STEP_02,MV2_DATA_01_TGT_00009,dd1f4a04bb7cb6ed,CUR_00413,Curitiba,2,localizar o script/export task original deste patch,nome_do_script_ou_export_task,texto_export_task_name_ou_caminho_de_script,nao_inferir_export_por_nome_de_arquivo_de_patch,true,passo_de_revisao_humana;nenhuma_execucao_automatica
MV2_DATA_01_TGT_00009_STEP_03,MV2_DATA_01_TGT_00009,dd1f4a04bb7cb6ed,CUR_00413,Curitiba,3,localizar a imagem Sentinel-2 efetivamente usada,image_id_da_colecao_S2,ee_image_id_ou_system_index,nao_assumir_imagem_por_cidade_regiao_ou_tile,true,passo_de_revisao_humana;nenhuma_execucao_automatica
MV2_DATA_01_TGT_00009_STEP_04,MV2_DATA_01_TGT_00009,dd1f4a04bb7cb6ed,CUR_00413,Curitiba,4,copiar o PRODUCT_ID,PRODUCT_ID_da_imagem,S2[AB]_MSIL2A_AAAAMMDDTHHMMSS_..._TXXYYY_AAAAMMDDTHHMMSS,nao_aceitar_PRODUCT_ID_sem_origem_GEE,true,passo_de_revisao_humana;nenhuma_execucao_automatica
MV2_DATA_01_TGT_00009_STEP_05,MV2_DATA_01_TGT_00009,dd1f4a04bb7cb6ed,CUR_00413,Curitiba,5,copiar o acquisition datetime,system_time_start_convertido_para_ISO,AAAA-MM-DDTHH:MM:SS,rejeitar_datetime_futuro_ou_fora_de_2015_2024,true,passo_de_revisao_humana;nenhuma_execucao_automatica
MV2_DATA_01_TGT_00009_STEP_06,MV2_DATA_01_TGT_00009,dd1f4a04bb7cb6ed,CUR_00413,Curitiba,6,copiar o MGRS_TILE,MGRS_TILE_da_imagem,TXXLLL_ex_T25M...,nao_usar_T23KPR_nem_tile_por_zona_como_vinculo_automatico,true,passo_de_revisao_humana;nenhuma_execucao_automatica
MV2_DATA_01_TGT_00009_STEP_07,MV2_DATA_01_TGT_00009,dd1f4a04bb7cb6ed,CUR_00413,Curitiba,7,copiar o CLOUDY_PIXEL_PERCENTAGE,CLOUDY_PIXEL_PERCENTAGE,float_0_a_100,nao_inventar_cobertura_de_nuvem,false,passo_de_revisao_humana;nenhuma_execucao_automatica
MV2_DATA_01_TGT_00009_STEP_08,MV2_DATA_01_TGT_00009,dd1f4a04bb7cb6ed,CUR_00413,Curitiba,8,copiar o DATATAKE_IDENTIFIER,DATATAKE_IDENTIFIER,GS2[AB]_AAAAMMDDTHHMMSS_NNNNNN_NXXYY,nao_inferir_datatake_de_outro_produto,false,passo_de_revisao_humana;nenhuma_execucao_automatica
MV2_DATA_01_TGT_00009_STEP_09,MV2_DATA_01_TGT_00009,dd1f4a04bb7cb6ed,CUR_00413,Curitiba,9,registrar a collection usada,id_da_colecao_GEE,COPERNICUS/S2_SR_HARMONIZED_ou_equivalente,nao_assumir_colecao_sem_evidencia,false,passo_de_revisao_humana;nenhuma_execucao_automatica
MV2_DATA_01_TGT_00009_STEP_10,MV2_DATA_01_TGT_00009,dd1f4a04bb7cb6ed,CUR_00413,Curitiba,10,registrar a evidencia local (export/print/log),referencia_local_da_evidencia,caminho_local_relativo_ou_id_de_evidencia,nao_publicar_raster_bruto_como_evidencia,false,passo_de_revisao_humana;nenhuma_execucao_automatica
MV2_DATA_01_TGT_00009_STEP_11,MV2_DATA_01_TGT_00009,dd1f4a04bb7cb6ed,CUR_00413,Curitiba,11,marcar review_status (CONFIRMED/PARTIAL/REJECTED),review_status_preenchido,CONFIRMED|PARTIAL|REJECTED,sem_revisor_nao_marcar_CONFIRMED,false,passo_de_revisao_humana;nenhuma_execucao_automatica
MV2_DATA_01_TGT_00009_STEP_12,MV2_DATA_01_TGT_00009,dd1f4a04bb7cb6ed,CUR_00413,Curitiba,12,nao preencher nada se nao houver evidencia,campos_vazios_quando_sem_evidencia,vazio,ausencia_de_evidencia_nunca_vira_valor_inventado_nem_negativo,true,passo_de_revisao_humana;nenhuma_execucao_automatica
MV2_DATA_01_TGT_00010_STEP_01,MV2_DATA_01_TGT_00010,1bc68ee41a5b4b8a,CUR_00416,Curitiba,1,abrir o GEE Code Editor / Tasks autenticado,sessao_GEE_ativa,screenshot_ou_url_de_sessao,sem_acesso_ao_GEE_nao_prossegue,true,passo_de_revisao_humana;nenhuma_execucao_automatica
MV2_DATA_01_TGT_00010_STEP_02,MV2_DATA_01_TGT_00010,1bc68ee41a5b4b8a,CUR_00416,Curitiba,2,localizar o script/export task original deste patch,nome_do_script_ou_export_task,texto_export_task_name_ou_caminho_de_script,nao_inferir_export_por_nome_de_arquivo_de_patch,true,passo_de_revisao_humana;nenhuma_execucao_automatica
MV2_DATA_01_TGT_00010_STEP_03,MV2_DATA_01_TGT_00010,1bc68ee41a5b4b8a,CUR_00416,Curitiba,3,localizar a imagem Sentinel-2 efetivamente usada,image_id_da_colecao_S2,ee_image_id_ou_system_index,nao_assumir_imagem_por_cidade_regiao_ou_tile,true,passo_de_revisao_humana;nenhuma_execucao_automatica
MV2_DATA_01_TGT_00010_STEP_04,MV2_DATA_01_TGT_00010,1bc68ee41a5b4b8a,CUR_00416,Curitiba,4,copiar o PRODUCT_ID,PRODUCT_ID_da_imagem,S2[AB]_MSIL2A_AAAAMMDDTHHMMSS_..._TXXYYY_AAAAMMDDTHHMMSS,nao_aceitar_PRODUCT_ID_sem_origem_GEE,true,passo_de_revisao_humana;nenhuma_execucao_automatica
MV2_DATA_01_TGT_00010_STEP_05,MV2_DATA_01_TGT_00010,1bc68ee41a5b4b8a,CUR_00416,Curitiba,5,copiar o acquisition datetime,system_time_start_convertido_para_ISO,AAAA-MM-DDTHH:MM:SS,rejeitar_datetime_futuro_ou_fora_de_2015_2024,true,passo_de_revisao_humana;nenhuma_execucao_automatica
MV2_DATA_01_TGT_00010_STEP_06,MV2_DATA_01_TGT_00010,1bc68ee41a5b4b8a,CUR_00416,Curitiba,6,copiar o MGRS_TILE,MGRS_TILE_da_imagem,TXXLLL_ex_T25M...,nao_usar_T23KPR_nem_tile_por_zona_como_vinculo_automatico,true,passo_de_revisao_humana;nenhuma_execucao_automatica
MV2_DATA_01_TGT_00010_STEP_07,MV2_DATA_01_TGT_00010,1bc68ee41a5b4b8a,CUR_00416,Curitiba,7,copiar o CLOUDY_PIXEL_PERCENTAGE,CLOUDY_PIXEL_PERCENTAGE,float_0_a_100,nao_inventar_cobertura_de_nuvem,false,passo_de_revisao_humana;nenhuma_execucao_automatica
MV2_DATA_01_TGT_00010_STEP_08,MV2_DATA_01_TGT_00010,1bc68ee41a5b4b8a,CUR_00416,Curitiba,8,copiar o DATATAKE_IDENTIFIER,DATATAKE_IDENTIFIER,GS2[AB]_AAAAMMDDTHHMMSS_NNNNNN_NXXYY,nao_inferir_datatake_de_outro_produto,false,passo_de_revisao_humana;nenhuma_execucao_automatica
MV2_DATA_01_TGT_00010_STEP_09,MV2_DATA_01_TGT_00010,1bc68ee41a5b4b8a,CUR_00416,Curitiba,9,registrar a collection usada,id_da_colecao_GEE,COPERNICUS/S2_SR_HARMONIZED_ou_equivalente,nao_assumir_colecao_sem_evidencia,false,passo_de_revisao_humana;nenhuma_execucao_automatica
MV2_DATA_01_TGT_00010_STEP_10,MV2_DATA_01_TGT_00010,1bc68ee41a5b4b8a,CUR_00416,Curitiba,10,registrar a evidencia local (export/print/log),referencia_local_da_evidencia,caminho_local_relativo_ou_id_de_evidencia,nao_publicar_raster_bruto_como_evidencia,false,passo_de_revisao_humana;nenhuma_execucao_automatica
MV2_DATA_01_TGT_00010_STEP_11,MV2_DATA_01_TGT_00010,1bc68ee41a5b4b8a,CUR_00416,Curitiba,11,marcar review_status (CONFIRMED/PARTIAL/REJECTED),review_status_preenchido,CONFIRMED|PARTIAL|REJECTED,sem_revisor_nao_marcar_CONFIRMED,false,passo_de_revisao_humana;nenhuma_execucao_automatica
MV2_DATA_01_TGT_00010_STEP_12,MV2_DATA_01_TGT_00010,1bc68ee41a5b4b8a,CUR_00416,Curitiba,12,nao preencher nada se nao houver evidencia,campos_vazios_quando_sem_evidencia,vazio,ausencia_de_evidencia_nunca_vira_valor_inventado_nem_negativo,true,passo_de_revisao_humana;nenhuma_execucao_automatica
MV2_DATA_01_TGT_00011_STEP_01,MV2_DATA_01_TGT_00011,3ba34881513bc02a,CUR_00445,Curitiba,1,abrir o GEE Code Editor / Tasks autenticado,sessao_GEE_ativa,screenshot_ou_url_de_sessao,sem_acesso_ao_GEE_nao_prossegue,true,passo_de_revisao_humana;nenhuma_execucao_automatica
MV2_DATA_01_TGT_00011_STEP_02,MV2_DATA_01_TGT_00011,3ba34881513bc02a,CUR_00445,Curitiba,2,localizar o script/export task original deste patch,nome_do_script_ou_export_task,texto_export_task_name_ou_caminho_de_script,nao_inferir_export_por_nome_de_arquivo_de_patch,true,passo_de_revisao_humana;nenhuma_execucao_automatica
MV2_DATA_01_TGT_00011_STEP_03,MV2_DATA_01_TGT_00011,3ba34881513bc02a,CUR_00445,Curitiba,3,localizar a imagem Sentinel-2 efetivamente usada,image_id_da_colecao_S2,ee_image_id_ou_system_index,nao_assumir_imagem_por_cidade_regiao_ou_tile,true,passo_de_revisao_humana;nenhuma_execucao_automatica
MV2_DATA_01_TGT_00011_STEP_04,MV2_DATA_01_TGT_00011,3ba34881513bc02a,CUR_00445,Curitiba,4,copiar o PRODUCT_ID,PRODUCT_ID_da_imagem,S2[AB]_MSIL2A_AAAAMMDDTHHMMSS_..._TXXYYY_AAAAMMDDTHHMMSS,nao_aceitar_PRODUCT_ID_sem_origem_GEE,true,passo_de_revisao_humana;nenhuma_execucao_automatica
MV2_DATA_01_TGT_00011_STEP_05,MV2_DATA_01_TGT_00011,3ba34881513bc02a,CUR_00445,Curitiba,5,copiar o acquisition datetime,system_time_start_convertido_para_ISO,AAAA-MM-DDTHH:MM:SS,rejeitar_datetime_futuro_ou_fora_de_2015_2024,true,passo_de_revisao_humana;nenhuma_execucao_automatica
MV2_DATA_01_TGT_00011_STEP_06,MV2_DATA_01_TGT_00011,3ba34881513bc02a,CUR_00445,Curitiba,6,copiar o MGRS_TILE,MGRS_TILE_da_imagem,TXXLLL_ex_T25M...,nao_usar_T23KPR_nem_tile_por_zona_como_vinculo_automatico,true,passo_de_revisao_humana;nenhuma_execucao_automatica
MV2_DATA_01_TGT_00011_STEP_07,MV2_DATA_01_TGT_00011,3ba34881513bc02a,CUR_00445,Curitiba,7,copiar o CLOUDY_PIXEL_PERCENTAGE,CLOUDY_PIXEL_PERCENTAGE,float_0_a_100,nao_inventar_cobertura_de_nuvem,false,passo_de_revisao_humana;nenhuma_execucao_automatica
MV2_DATA_01_TGT_00011_STEP_08,MV2_DATA_01_TGT_00011,3ba34881513bc02a,CUR_00445,Curitiba,8,copiar o DATATAKE_IDENTIFIER,DATATAKE_IDENTIFIER,GS2[AB]_AAAAMMDDTHHMMSS_NNNNNN_NXXYY,nao_inferir_datatake_de_outro_produto,false,passo_de_revisao_humana;nenhuma_execucao_automatica
MV2_DATA_01_TGT_00011_STEP_09,MV2_DATA_01_TGT_00011,3ba34881513bc02a,CUR_00445,Curitiba,9,registrar a collection usada,id_da_colecao_GEE,COPERNICUS/S2_SR_HARMONIZED_ou_equivalente,nao_assumir_colecao_sem_evidencia,false,passo_de_revisao_humana;nenhuma_execucao_automatica
MV2_DATA_01_TGT_00011_STEP_10,MV2_DATA_01_TGT_00011,3ba34881513bc02a,CUR_00445,Curitiba,10,registrar a evidencia local (export/print/log),referencia_local_da_evidencia,caminho_local_relativo_ou_id_de_evidencia,nao_publicar_raster_bruto_como_evidencia,false,passo_de_revisao_humana;nenhuma_execucao_automatica
MV2_DATA_01_TGT_00011_STEP_11,MV2_DATA_01_TGT_00011,3ba34881513bc02a,CUR_00445,Curitiba,11,marcar review_status (CONFIRMED/PARTIAL/REJECTED),review_status_preenchido,CONFIRMED|PARTIAL|REJECTED,sem_revisor_nao_marcar_CONFIRMED,false,passo_de_revisao_humana;nenhuma_execucao_automatica
MV2_DATA_01_TGT_00011_STEP_12,MV2_DATA_01_TGT_00011,3ba34881513bc02a,CUR_00445,Curitiba,12,nao preencher nada se nao houver evidencia,campos_vazios_quando_sem_evidencia,vazio,ausencia_de_evidencia_nunca_vira_valor_inventado_nem_negativo,true,passo_de_revisao_humana;nenhuma_execucao_automatica
MV2_DATA_01_TGT_00012_STEP_01,MV2_DATA_01_TGT_00012,ed1dff06f1f7dcca,CUR_00446,Curitiba,1,abrir o GEE Code Editor / Tasks autenticado,sessao_GEE_ativa,screenshot_ou_url_de_sessao,sem_acesso_ao_GEE_nao_prossegue,true,passo_de_revisao_humana;nenhuma_execucao_automatica
MV2_DATA_01_TGT_00012_STEP_02,MV2_DATA_01_TGT_00012,ed1dff06f1f7dcca,CUR_00446,Curitiba,2,localizar o script/export task original deste patch,nome_do_script_ou_export_task,texto_export_task_name_ou_caminho_de_script,nao_inferir_export_por_nome_de_arquivo_de_patch,true,passo_de_revisao_humana;nenhuma_execucao_automatica
MV2_DATA_01_TGT_00012_STEP_03,MV2_DATA_01_TGT_00012,ed1dff06f1f7dcca,CUR_00446,Curitiba,3,localizar a imagem Sentinel-2 efetivamente usada,image_id_da_colecao_S2,ee_image_id_ou_system_index,nao_assumir_imagem_por_cidade_regiao_ou_tile,true,passo_de_revisao_humana;nenhuma_execucao_automatica
MV2_DATA_01_TGT_00012_STEP_04,MV2_DATA_01_TGT_00012,ed1dff06f1f7dcca,CUR_00446,Curitiba,4,copiar o PRODUCT_ID,PRODUCT_ID_da_imagem,S2[AB]_MSIL2A_AAAAMMDDTHHMMSS_..._TXXYYY_AAAAMMDDTHHMMSS,nao_aceitar_PRODUCT_ID_sem_origem_GEE,true,passo_de_revisao_humana;nenhuma_execucao_automatica
MV2_DATA_01_TGT_00012_STEP_05,MV2_DATA_01_TGT_00012,ed1dff06f1f7dcca,CUR_00446,Curitiba,5,copiar o acquisition datetime,system_time_start_convertido_para_ISO,AAAA-MM-DDTHH:MM:SS,rejeitar_datetime_futuro_ou_fora_de_2015_2024,true,passo_de_revisao_humana;nenhuma_execucao_automatica
MV2_DATA_01_TGT_00012_STEP_06,MV2_DATA_01_TGT_00012,ed1dff06f1f7dcca,CUR_00446,Curitiba,6,copiar o MGRS_TILE,MGRS_TILE_da_imagem,TXXLLL_ex_T25M...,nao_usar_T23KPR_nem_tile_por_zona_como_vinculo_automatico,true,passo_de_revisao_humana;nenhuma_execucao_automatica
MV2_DATA_01_TGT_00012_STEP_07,MV2_DATA_01_TGT_00012,ed1dff06f1f7dcca,CUR_00446,Curitiba,7,copiar o CLOUDY_PIXEL_PERCENTAGE,CLOUDY_PIXEL_PERCENTAGE,float_0_a_100,nao_inventar_cobertura_de_nuvem,false,passo_de_revisao_humana;nenhuma_execucao_automatica
MV2_DATA_01_TGT_00012_STEP_08,MV2_DATA_01_TGT_00012,ed1dff06f1f7dcca,CUR_00446,Curitiba,8,copiar o DATATAKE_IDENTIFIER,DATATAKE_IDENTIFIER,GS2[AB]_AAAAMMDDTHHMMSS_NNNNNN_NXXYY,nao_inferir_datatake_de_outro_produto,false,passo_de_revisao_humana;nenhuma_execucao_automatica
MV2_DATA_01_TGT_00012_STEP_09,MV2_DATA_01_TGT_00012,ed1dff06f1f7dcca,CUR_00446,Curitiba,9,registrar a collection usada,id_da_colecao_GEE,COPERNICUS/S2_SR_HARMONIZED_ou_equivalente,nao_assumir_colecao_sem_evidencia,false,passo_de_revisao_humana;nenhuma_execucao_automatica
MV2_DATA_01_TGT_00012_STEP_10,MV2_DATA_01_TGT_00012,ed1dff06f1f7dcca,CUR_00446,Curitiba,10,registrar a evidencia local (export/print/log),referencia_local_da_evidencia,caminho_local_relativo_ou_id_de_evidencia,nao_publicar_raster_bruto_como_evidencia,false,passo_de_revisao_humana;nenhuma_execucao_automatica
MV2_DATA_01_TGT_00012_STEP_11,MV2_DATA_01_TGT_00012,ed1dff06f1f7dcca,CUR_00446,Curitiba,11,marcar review_status (CONFIRMED/PARTIAL/REJECTED),review_status_preenchido,CONFIRMED|PARTIAL|REJECTED,sem_revisor_nao_marcar_CONFIRMED,false,passo_de_revisao_humana;nenhuma_execucao_automatica
MV2_DATA_01_TGT_00012_STEP_12,MV2_DATA_01_TGT_00012,ed1dff06f1f7dcca,CUR_00446,Curitiba,12,nao preencher nada se nao houver evidencia,campos_vazios_quando_sem_evidencia,vazio,ausencia_de_evidencia_nunca_vira_valor_inventado_nem_negativo,true,passo_de_revisao_humana;nenhuma_execucao_automatica
MV2_DATA_01_TGT_00013_STEP_01,MV2_DATA_01_TGT_00013,fe8dc079d3e03c27,CUR_00597,Curitiba,1,abrir o GEE Code Editor / Tasks autenticado,sessao_GEE_ativa,screenshot_ou_url_de_sessao,sem_acesso_ao_GEE_nao_prossegue,true,passo_de_revisao_humana;nenhuma_execucao_automatica
MV2_DATA_01_TGT_00013_STEP_02,MV2_DATA_01_TGT_00013,fe8dc079d3e03c27,CUR_00597,Curitiba,2,localizar o script/export task original deste patch,nome_do_script_ou_export_task,texto_export_task_name_ou_caminho_de_script,nao_inferir_export_por_nome_de_arquivo_de_patch,true,passo_de_revisao_humana;nenhuma_execucao_automatica
MV2_DATA_01_TGT_00013_STEP_03,MV2_DATA_01_TGT_00013,fe8dc079d3e03c27,CUR_00597,Curitiba,3,localizar a imagem Sentinel-2 efetivamente usada,image_id_da_colecao_S2,ee_image_id_ou_system_index,nao_assumir_imagem_por_cidade_regiao_ou_tile,true,passo_de_revisao_humana;nenhuma_execucao_automatica
MV2_DATA_01_TGT_00013_STEP_04,MV2_DATA_01_TGT_00013,fe8dc079d3e03c27,CUR_00597,Curitiba,4,copiar o PRODUCT_ID,PRODUCT_ID_da_imagem,S2[AB]_MSIL2A_AAAAMMDDTHHMMSS_..._TXXYYY_AAAAMMDDTHHMMSS,nao_aceitar_PRODUCT_ID_sem_origem_GEE,true,passo_de_revisao_humana;nenhuma_execucao_automatica
MV2_DATA_01_TGT_00013_STEP_05,MV2_DATA_01_TGT_00013,fe8dc079d3e03c27,CUR_00597,Curitiba,5,copiar o acquisition datetime,system_time_start_convertido_para_ISO,AAAA-MM-DDTHH:MM:SS,rejeitar_datetime_futuro_ou_fora_de_2015_2024,true,passo_de_revisao_humana;nenhuma_execucao_automatica
MV2_DATA_01_TGT_00013_STEP_06,MV2_DATA_01_TGT_00013,fe8dc079d3e03c27,CUR_00597,Curitiba,6,copiar o MGRS_TILE,MGRS_TILE_da_imagem,TXXLLL_ex_T25M...,nao_usar_T23KPR_nem_tile_por_zona_como_vinculo_automatico,true,passo_de_revisao_humana;nenhuma_execucao_automatica
MV2_DATA_01_TGT_00013_STEP_07,MV2_DATA_01_TGT_00013,fe8dc079d3e03c27,CUR_00597,Curitiba,7,copiar o CLOUDY_PIXEL_PERCENTAGE,CLOUDY_PIXEL_PERCENTAGE,float_0_a_100,nao_inventar_cobertura_de_nuvem,false,passo_de_revisao_humana;nenhuma_execucao_automatica
MV2_DATA_01_TGT_00013_STEP_08,MV2_DATA_01_TGT_00013,fe8dc079d3e03c27,CUR_00597,Curitiba,8,copiar o DATATAKE_IDENTIFIER,DATATAKE_IDENTIFIER,GS2[AB]_AAAAMMDDTHHMMSS_NNNNNN_NXXYY,nao_inferir_datatake_de_outro_produto,false,passo_de_revisao_humana;nenhuma_execucao_automatica
MV2_DATA_01_TGT_00013_STEP_09,MV2_DATA_01_TGT_00013,fe8dc079d3e03c27,CUR_00597,Curitiba,9,registrar a collection usada,id_da_colecao_GEE,COPERNICUS/S2_SR_HARMONIZED_ou_equivalente,nao_assumir_colecao_sem_evidencia,false,passo_de_revisao_humana;nenhuma_execucao_automatica
MV2_DATA_01_TGT_00013_STEP_10,MV2_DATA_01_TGT_00013,fe8dc079d3e03c27,CUR_00597,Curitiba,10,registrar a evidencia local (export/print/log),referencia_local_da_evidencia,caminho_local_relativo_ou_id_de_evidencia,nao_publicar_raster_bruto_como_evidencia,false,passo_de_revisao_humana;nenhuma_execucao_automatica
MV2_DATA_01_TGT_00013_STEP_11,MV2_DATA_01_TGT_00013,fe8dc079d3e03c27,CUR_00597,Curitiba,11,marcar review_status (CONFIRMED/PARTIAL/REJECTED),review_status_preenchido,CONFIRMED|PARTIAL|REJECTED,sem_revisor_nao_marcar_CONFIRMED,false,passo_de_revisao_humana;nenhuma_execucao_automatica
MV2_DATA_01_TGT_00013_STEP_12,MV2_DATA_01_TGT_00013,fe8dc079d3e03c27,CUR_00597,Curitiba,12,nao preencher nada se nao houver evidencia,campos_vazios_quando_sem_evidencia,vazio,ausencia_de_evidencia_nunca_vira_valor_inventado_nem_negativo,true,passo_de_revisao_humana;nenhuma_execucao_automatica
MV2_DATA_01_TGT_00014_STEP_01,MV2_DATA_01_TGT_00014,b77321a8607fee0c,CUR_00661,Curitiba,1,abrir o GEE Code Editor / Tasks autenticado,sessao_GEE_ativa,screenshot_ou_url_de_sessao,sem_acesso_ao_GEE_nao_prossegue,true,passo_de_revisao_humana;nenhuma_execucao_automatica
MV2_DATA_01_TGT_00014_STEP_02,MV2_DATA_01_TGT_00014,b77321a8607fee0c,CUR_00661,Curitiba,2,localizar o script/export task original deste patch,nome_do_script_ou_export_task,texto_export_task_name_ou_caminho_de_script,nao_inferir_export_por_nome_de_arquivo_de_patch,true,passo_de_revisao_humana;nenhuma_execucao_automatica
MV2_DATA_01_TGT_00014_STEP_03,MV2_DATA_01_TGT_00014,b77321a8607fee0c,CUR_00661,Curitiba,3,localizar a imagem Sentinel-2 efetivamente usada,image_id_da_colecao_S2,ee_image_id_ou_system_index,nao_assumir_imagem_por_cidade_regiao_ou_tile,true,passo_de_revisao_humana;nenhuma_execucao_automatica
MV2_DATA_01_TGT_00014_STEP_04,MV2_DATA_01_TGT_00014,b77321a8607fee0c,CUR_00661,Curitiba,4,copiar o PRODUCT_ID,PRODUCT_ID_da_imagem,S2[AB]_MSIL2A_AAAAMMDDTHHMMSS_..._TXXYYY_AAAAMMDDTHHMMSS,nao_aceitar_PRODUCT_ID_sem_origem_GEE,true,passo_de_revisao_humana;nenhuma_execucao_automatica
MV2_DATA_01_TGT_00014_STEP_05,MV2_DATA_01_TGT_00014,b77321a8607fee0c,CUR_00661,Curitiba,5,copiar o acquisition datetime,system_time_start_convertido_para_ISO,AAAA-MM-DDTHH:MM:SS,rejeitar_datetime_futuro_ou_fora_de_2015_2024,true,passo_de_revisao_humana;nenhuma_execucao_automatica
MV2_DATA_01_TGT_00014_STEP_06,MV2_DATA_01_TGT_00014,b77321a8607fee0c,CUR_00661,Curitiba,6,copiar o MGRS_TILE,MGRS_TILE_da_imagem,TXXLLL_ex_T25M...,nao_usar_T23KPR_nem_tile_por_zona_como_vinculo_automatico,true,passo_de_revisao_humana;nenhuma_execucao_automatica
MV2_DATA_01_TGT_00014_STEP_07,MV2_DATA_01_TGT_00014,b77321a8607fee0c,CUR_00661,Curitiba,7,copiar o CLOUDY_PIXEL_PERCENTAGE,CLOUDY_PIXEL_PERCENTAGE,float_0_a_100,nao_inventar_cobertura_de_nuvem,false,passo_de_revisao_humana;nenhuma_execucao_automatica
MV2_DATA_01_TGT_00014_STEP_08,MV2_DATA_01_TGT_00014,b77321a8607fee0c,CUR_00661,Curitiba,8,copiar o DATATAKE_IDENTIFIER,DATATAKE_IDENTIFIER,GS2[AB]_AAAAMMDDTHHMMSS_NNNNNN_NXXYY,nao_inferir_datatake_de_outro_produto,false,passo_de_revisao_humana;nenhuma_execucao_automatica
MV2_DATA_01_TGT_00014_STEP_09,MV2_DATA_01_TGT_00014,b77321a8607fee0c,CUR_00661,Curitiba,9,registrar a collection usada,id_da_colecao_GEE,COPERNICUS/S2_SR_HARMONIZED_ou_equivalente,nao_assumir_colecao_sem_evidencia,false,passo_de_revisao_humana;nenhuma_execucao_automatica
MV2_DATA_01_TGT_00014_STEP_10,MV2_DATA_01_TGT_00014,b77321a8607fee0c,CUR_00661,Curitiba,10,registrar a evidencia local (export/print/log),referencia_local_da_evidencia,caminho_local_relativo_ou_id_de_evidencia,nao_publicar_raster_bruto_como_evidencia,false,passo_de_revisao_humana;nenhuma_execucao_automatica
MV2_DATA_01_TGT_00014_STEP_11,MV2_DATA_01_TGT_00014,b77321a8607fee0c,CUR_00661,Curitiba,11,marcar review_status (CONFIRMED/PARTIAL/REJECTED),review_status_preenchido,CONFIRMED|PARTIAL|REJECTED,sem_revisor_nao_marcar_CONFIRMED,false,passo_de_revisao_humana;nenhuma_execucao_automatica
MV2_DATA_01_TGT_00014_STEP_12,MV2_DATA_01_TGT_00014,b77321a8607fee0c,CUR_00661,Curitiba,12,nao preencher nada se nao houver evidencia,campos_vazios_quando_sem_evidencia,vazio,ausencia_de_evidencia_nunca_vira_valor_inventado_nem_negativo,true,passo_de_revisao_humana;nenhuma_execucao_automatica
MV2_DATA_01_TGT_00015_STEP_01,MV2_DATA_01_TGT_00015,ad01c98c845da020,CUR_00662,Curitiba,1,abrir o GEE Code Editor / Tasks autenticado,sessao_GEE_ativa,screenshot_ou_url_de_sessao,sem_acesso_ao_GEE_nao_prossegue,true,passo_de_revisao_humana;nenhuma_execucao_automatica
MV2_DATA_01_TGT_00015_STEP_02,MV2_DATA_01_TGT_00015,ad01c98c845da020,CUR_00662,Curitiba,2,localizar o script/export task original deste patch,nome_do_script_ou_export_task,texto_export_task_name_ou_caminho_de_script,nao_inferir_export_por_nome_de_arquivo_de_patch,true,passo_de_revisao_humana;nenhuma_execucao_automatica
MV2_DATA_01_TGT_00015_STEP_03,MV2_DATA_01_TGT_00015,ad01c98c845da020,CUR_00662,Curitiba,3,localizar a imagem Sentinel-2 efetivamente usada,image_id_da_colecao_S2,ee_image_id_ou_system_index,nao_assumir_imagem_por_cidade_regiao_ou_tile,true,passo_de_revisao_humana;nenhuma_execucao_automatica
MV2_DATA_01_TGT_00015_STEP_04,MV2_DATA_01_TGT_00015,ad01c98c845da020,CUR_00662,Curitiba,4,copiar o PRODUCT_ID,PRODUCT_ID_da_imagem,S2[AB]_MSIL2A_AAAAMMDDTHHMMSS_..._TXXYYY_AAAAMMDDTHHMMSS,nao_aceitar_PRODUCT_ID_sem_origem_GEE,true,passo_de_revisao_humana;nenhuma_execucao_automatica
MV2_DATA_01_TGT_00015_STEP_05,MV2_DATA_01_TGT_00015,ad01c98c845da020,CUR_00662,Curitiba,5,copiar o acquisition datetime,system_time_start_convertido_para_ISO,AAAA-MM-DDTHH:MM:SS,rejeitar_datetime_futuro_ou_fora_de_2015_2024,true,passo_de_revisao_humana;nenhuma_execucao_automatica
MV2_DATA_01_TGT_00015_STEP_06,MV2_DATA_01_TGT_00015,ad01c98c845da020,CUR_00662,Curitiba,6,copiar o MGRS_TILE,MGRS_TILE_da_imagem,TXXLLL_ex_T25M...,nao_usar_T23KPR_nem_tile_por_zona_como_vinculo_automatico,true,passo_de_revisao_humana;nenhuma_execucao_automatica
MV2_DATA_01_TGT_00015_STEP_07,MV2_DATA_01_TGT_00015,ad01c98c845da020,CUR_00662,Curitiba,7,copiar o CLOUDY_PIXEL_PERCENTAGE,CLOUDY_PIXEL_PERCENTAGE,float_0_a_100,nao_inventar_cobertura_de_nuvem,false,passo_de_revisao_humana;nenhuma_execucao_automatica
MV2_DATA_01_TGT_00015_STEP_08,MV2_DATA_01_TGT_00015,ad01c98c845da020,CUR_00662,Curitiba,8,copiar o DATATAKE_IDENTIFIER,DATATAKE_IDENTIFIER,GS2[AB]_AAAAMMDDTHHMMSS_NNNNNN_NXXYY,nao_inferir_datatake_de_outro_produto,false,passo_de_revisao_humana;nenhuma_execucao_automatica
MV2_DATA_01_TGT_00015_STEP_09,MV2_DATA_01_TGT_00015,ad01c98c845da020,CUR_00662,Curitiba,9,registrar a collection usada,id_da_colecao_GEE,COPERNICUS/S2_SR_HARMONIZED_ou_equivalente,nao_assumir_colecao_sem_evidencia,false,passo_de_revisao_humana;nenhuma_execucao_automatica
MV2_DATA_01_TGT_00015_STEP_10,MV2_DATA_01_TGT_00015,ad01c98c845da020,CUR_00662,Curitiba,10,registrar a evidencia local (export/print/log),referencia_local_da_evidencia,caminho_local_relativo_ou_id_de_evidencia,nao_publicar_raster_bruto_como_evidencia,false,passo_de_revisao_humana;nenhuma_execucao_automatica
MV2_DATA_01_TGT_00015_STEP_11,MV2_DATA_01_TGT_00015,ad01c98c845da020,CUR_00662,Curitiba,11,marcar review_status (CONFIRMED/PARTIAL/REJECTED),review_status_preenchido,CONFIRMED|PARTIAL|REJECTED,sem_revisor_nao_marcar_CONFIRMED,false,passo_de_revisao_humana;nenhuma_execucao_automatica
MV2_DATA_01_TGT_00015_STEP_12,MV2_DATA_01_TGT_00015,ad01c98c845da020,CUR_00662,Curitiba,12,nao preencher nada se nao houver evidencia,campos_vazios_quando_sem_evidencia,vazio,ausencia_de_evidencia_nunca_vira_valor_inventado_nem_negativo,true,passo_de_revisao_humana;nenhuma_execucao_automatica
MV2_DATA_01_TGT_00016_STEP_01,MV2_DATA_01_TGT_00016,cc77b235c6517621,CUR_00695,Curitiba,1,abrir o GEE Code Editor / Tasks autenticado,sessao_GEE_ativa,screenshot_ou_url_de_sessao,sem_acesso_ao_GEE_nao_prossegue,true,passo_de_revisao_humana;nenhuma_execucao_automatica
MV2_DATA_01_TGT_00016_STEP_02,MV2_DATA_01_TGT_00016,cc77b235c6517621,CUR_00695,Curitiba,2,localizar o script/export task original deste patch,nome_do_script_ou_export_task,texto_export_task_name_ou_caminho_de_script,nao_inferir_export_por_nome_de_arquivo_de_patch,true,passo_de_revisao_humana;nenhuma_execucao_automatica
MV2_DATA_01_TGT_00016_STEP_03,MV2_DATA_01_TGT_00016,cc77b235c6517621,CUR_00695,Curitiba,3,localizar a imagem Sentinel-2 efetivamente usada,image_id_da_colecao_S2,ee_image_id_ou_system_index,nao_assumir_imagem_por_cidade_regiao_ou_tile,true,passo_de_revisao_humana;nenhuma_execucao_automatica
MV2_DATA_01_TGT_00016_STEP_04,MV2_DATA_01_TGT_00016,cc77b235c6517621,CUR_00695,Curitiba,4,copiar o PRODUCT_ID,PRODUCT_ID_da_imagem,S2[AB]_MSIL2A_AAAAMMDDTHHMMSS_..._TXXYYY_AAAAMMDDTHHMMSS,nao_aceitar_PRODUCT_ID_sem_origem_GEE,true,passo_de_revisao_humana;nenhuma_execucao_automatica
MV2_DATA_01_TGT_00016_STEP_05,MV2_DATA_01_TGT_00016,cc77b235c6517621,CUR_00695,Curitiba,5,copiar o acquisition datetime,system_time_start_convertido_para_ISO,AAAA-MM-DDTHH:MM:SS,rejeitar_datetime_futuro_ou_fora_de_2015_2024,true,passo_de_revisao_humana;nenhuma_execucao_automatica
MV2_DATA_01_TGT_00016_STEP_06,MV2_DATA_01_TGT_00016,cc77b235c6517621,CUR_00695,Curitiba,6,copiar o MGRS_TILE,MGRS_TILE_da_imagem,TXXLLL_ex_T25M...,nao_usar_T23KPR_nem_tile_por_zona_como_vinculo_automatico,true,passo_de_revisao_humana;nenhuma_execucao_automatica
MV2_DATA_01_TGT_00016_STEP_07,MV2_DATA_01_TGT_00016,cc77b235c6517621,CUR_00695,Curitiba,7,copiar o CLOUDY_PIXEL_PERCENTAGE,CLOUDY_PIXEL_PERCENTAGE,float_0_a_100,nao_inventar_cobertura_de_nuvem,false,passo_de_revisao_humana;nenhuma_execucao_automatica
MV2_DATA_01_TGT_00016_STEP_08,MV2_DATA_01_TGT_00016,cc77b235c6517621,CUR_00695,Curitiba,8,copiar o DATATAKE_IDENTIFIER,DATATAKE_IDENTIFIER,GS2[AB]_AAAAMMDDTHHMMSS_NNNNNN_NXXYY,nao_inferir_datatake_de_outro_produto,false,passo_de_revisao_humana;nenhuma_execucao_automatica
MV2_DATA_01_TGT_00016_STEP_09,MV2_DATA_01_TGT_00016,cc77b235c6517621,CUR_00695,Curitiba,9,registrar a collection usada,id_da_colecao_GEE,COPERNICUS/S2_SR_HARMONIZED_ou_equivalente,nao_assumir_colecao_sem_evidencia,false,passo_de_revisao_humana;nenhuma_execucao_automatica
MV2_DATA_01_TGT_00016_STEP_10,MV2_DATA_01_TGT_00016,cc77b235c6517621,CUR_00695,Curitiba,10,registrar a evidencia local (export/print/log),referencia_local_da_evidencia,caminho_local_relativo_ou_id_de_evidencia,nao_publicar_raster_bruto_como_evidencia,false,passo_de_revisao_humana;nenhuma_execucao_automatica
MV2_DATA_01_TGT_00016_STEP_11,MV2_DATA_01_TGT_00016,cc77b235c6517621,CUR_00695,Curitiba,11,marcar review_status (CONFIRMED/PARTIAL/REJECTED),review_status_preenchido,CONFIRMED|PARTIAL|REJECTED,sem_revisor_nao_marcar_CONFIRMED,false,passo_de_revisao_humana;nenhuma_execucao_automatica
MV2_DATA_01_TGT_00016_STEP_12,MV2_DATA_01_TGT_00016,cc77b235c6517621,CUR_00695,Curitiba,12,nao preencher nada se nao houver evidencia,campos_vazios_quando_sem_evidencia,vazio,ausencia_de_evidencia_nunca_vira_valor_inventado_nem_negativo,true,passo_de_revisao_humana;nenhuma_execucao_automatica
MV2_DATA_01_TGT_00017_STEP_01,MV2_DATA_01_TGT_00017,f113e6fe68b406c0,CUR_00728,Curitiba,1,abrir o GEE Code Editor / Tasks autenticado,sessao_GEE_ativa,screenshot_ou_url_de_sessao,sem_acesso_ao_GEE_nao_prossegue,true,passo_de_revisao_humana;nenhuma_execucao_automatica
MV2_DATA_01_TGT_00017_STEP_02,MV2_DATA_01_TGT_00017,f113e6fe68b406c0,CUR_00728,Curitiba,2,localizar o script/export task original deste patch,nome_do_script_ou_export_task,texto_export_task_name_ou_caminho_de_script,nao_inferir_export_por_nome_de_arquivo_de_patch,true,passo_de_revisao_humana;nenhuma_execucao_automatica
MV2_DATA_01_TGT_00017_STEP_03,MV2_DATA_01_TGT_00017,f113e6fe68b406c0,CUR_00728,Curitiba,3,localizar a imagem Sentinel-2 efetivamente usada,image_id_da_colecao_S2,ee_image_id_ou_system_index,nao_assumir_imagem_por_cidade_regiao_ou_tile,true,passo_de_revisao_humana;nenhuma_execucao_automatica
MV2_DATA_01_TGT_00017_STEP_04,MV2_DATA_01_TGT_00017,f113e6fe68b406c0,CUR_00728,Curitiba,4,copiar o PRODUCT_ID,PRODUCT_ID_da_imagem,S2[AB]_MSIL2A_AAAAMMDDTHHMMSS_..._TXXYYY_AAAAMMDDTHHMMSS,nao_aceitar_PRODUCT_ID_sem_origem_GEE,true,passo_de_revisao_humana;nenhuma_execucao_automatica
MV2_DATA_01_TGT_00017_STEP_05,MV2_DATA_01_TGT_00017,f113e6fe68b406c0,CUR_00728,Curitiba,5,copiar o acquisition datetime,system_time_start_convertido_para_ISO,AAAA-MM-DDTHH:MM:SS,rejeitar_datetime_futuro_ou_fora_de_2015_2024,true,passo_de_revisao_humana;nenhuma_execucao_automatica
MV2_DATA_01_TGT_00017_STEP_06,MV2_DATA_01_TGT_00017,f113e6fe68b406c0,CUR_00728,Curitiba,6,copiar o MGRS_TILE,MGRS_TILE_da_imagem,TXXLLL_ex_T25M...,nao_usar_T23KPR_nem_tile_por_zona_como_vinculo_automatico,true,passo_de_revisao_humana;nenhuma_execucao_automatica
MV2_DATA_01_TGT_00017_STEP_07,MV2_DATA_01_TGT_00017,f113e6fe68b406c0,CUR_00728,Curitiba,7,copiar o CLOUDY_PIXEL_PERCENTAGE,CLOUDY_PIXEL_PERCENTAGE,float_0_a_100,nao_inventar_cobertura_de_nuvem,false,passo_de_revisao_humana;nenhuma_execucao_automatica
MV2_DATA_01_TGT_00017_STEP_08,MV2_DATA_01_TGT_00017,f113e6fe68b406c0,CUR_00728,Curitiba,8,copiar o DATATAKE_IDENTIFIER,DATATAKE_IDENTIFIER,GS2[AB]_AAAAMMDDTHHMMSS_NNNNNN_NXXYY,nao_inferir_datatake_de_outro_produto,false,passo_de_revisao_humana;nenhuma_execucao_automatica
MV2_DATA_01_TGT_00017_STEP_09,MV2_DATA_01_TGT_00017,f113e6fe68b406c0,CUR_00728,Curitiba,9,registrar a collection usada,id_da_colecao_GEE,COPERNICUS/S2_SR_HARMONIZED_ou_equivalente,nao_assumir_colecao_sem_evidencia,false,passo_de_revisao_humana;nenhuma_execucao_automatica
MV2_DATA_01_TGT_00017_STEP_10,MV2_DATA_01_TGT_00017,f113e6fe68b406c0,CUR_00728,Curitiba,10,registrar a evidencia local (export/print/log),referencia_local_da_evidencia,caminho_local_relativo_ou_id_de_evidencia,nao_publicar_raster_bruto_como_evidencia,false,passo_de_revisao_humana;nenhuma_execucao_automatica
MV2_DATA_01_TGT_00017_STEP_11,MV2_DATA_01_TGT_00017,f113e6fe68b406c0,CUR_00728,Curitiba,11,marcar review_status (CONFIRMED/PARTIAL/REJECTED),review_status_preenchido,CONFIRMED|PARTIAL|REJECTED,sem_revisor_nao_marcar_CONFIRMED,false,passo_de_revisao_humana;nenhuma_execucao_automatica
MV2_DATA_01_TGT_00017_STEP_12,MV2_DATA_01_TGT_00017,f113e6fe68b406c0,CUR_00728,Curitiba,12,nao preencher nada se nao houver evidencia,campos_vazios_quando_sem_evidencia,vazio,ausencia_de_evidencia_nunca_vira_valor_inventado_nem_negativo,true,passo_de_revisao_humana;nenhuma_execucao_automatica
MV2_DATA_01_TGT_00018_STEP_01,MV2_DATA_01_TGT_00018,04699a60c3c5ea19,CUR_00740,Curitiba,1,abrir o GEE Code Editor / Tasks autenticado,sessao_GEE_ativa,screenshot_ou_url_de_sessao,sem_acesso_ao_GEE_nao_prossegue,true,passo_de_revisao_humana;nenhuma_execucao_automatica
MV2_DATA_01_TGT_00018_STEP_02,MV2_DATA_01_TGT_00018,04699a60c3c5ea19,CUR_00740,Curitiba,2,localizar o script/export task original deste patch,nome_do_script_ou_export_task,texto_export_task_name_ou_caminho_de_script,nao_inferir_export_por_nome_de_arquivo_de_patch,true,passo_de_revisao_humana;nenhuma_execucao_automatica
MV2_DATA_01_TGT_00018_STEP_03,MV2_DATA_01_TGT_00018,04699a60c3c5ea19,CUR_00740,Curitiba,3,localizar a imagem Sentinel-2 efetivamente usada,image_id_da_colecao_S2,ee_image_id_ou_system_index,nao_assumir_imagem_por_cidade_regiao_ou_tile,true,passo_de_revisao_humana;nenhuma_execucao_automatica
MV2_DATA_01_TGT_00018_STEP_04,MV2_DATA_01_TGT_00018,04699a60c3c5ea19,CUR_00740,Curitiba,4,copiar o PRODUCT_ID,PRODUCT_ID_da_imagem,S2[AB]_MSIL2A_AAAAMMDDTHHMMSS_..._TXXYYY_AAAAMMDDTHHMMSS,nao_aceitar_PRODUCT_ID_sem_origem_GEE,true,passo_de_revisao_humana;nenhuma_execucao_automatica
MV2_DATA_01_TGT_00018_STEP_05,MV2_DATA_01_TGT_00018,04699a60c3c5ea19,CUR_00740,Curitiba,5,copiar o acquisition datetime,system_time_start_convertido_para_ISO,AAAA-MM-DDTHH:MM:SS,rejeitar_datetime_futuro_ou_fora_de_2015_2024,true,passo_de_revisao_humana;nenhuma_execucao_automatica
MV2_DATA_01_TGT_00018_STEP_06,MV2_DATA_01_TGT_00018,04699a60c3c5ea19,CUR_00740,Curitiba,6,copiar o MGRS_TILE,MGRS_TILE_da_imagem,TXXLLL_ex_T25M...,nao_usar_T23KPR_nem_tile_por_zona_como_vinculo_automatico,true,passo_de_revisao_humana;nenhuma_execucao_automatica
MV2_DATA_01_TGT_00018_STEP_07,MV2_DATA_01_TGT_00018,04699a60c3c5ea19,CUR_00740,Curitiba,7,copiar o CLOUDY_PIXEL_PERCENTAGE,CLOUDY_PIXEL_PERCENTAGE,float_0_a_100,nao_inventar_cobertura_de_nuvem,false,passo_de_revisao_humana;nenhuma_execucao_automatica
MV2_DATA_01_TGT_00018_STEP_08,MV2_DATA_01_TGT_00018,04699a60c3c5ea19,CUR_00740,Curitiba,8,copiar o DATATAKE_IDENTIFIER,DATATAKE_IDENTIFIER,GS2[AB]_AAAAMMDDTHHMMSS_NNNNNN_NXXYY,nao_inferir_datatake_de_outro_produto,false,passo_de_revisao_humana;nenhuma_execucao_automatica
MV2_DATA_01_TGT_00018_STEP_09,MV2_DATA_01_TGT_00018,04699a60c3c5ea19,CUR_00740,Curitiba,9,registrar a collection usada,id_da_colecao_GEE,COPERNICUS/S2_SR_HARMONIZED_ou_equivalente,nao_assumir_colecao_sem_evidencia,false,passo_de_revisao_humana;nenhuma_execucao_automatica
MV2_DATA_01_TGT_00018_STEP_10,MV2_DATA_01_TGT_00018,04699a60c3c5ea19,CUR_00740,Curitiba,10,registrar a evidencia local (export/print/log),referencia_local_da_evidencia,caminho_local_relativo_ou_id_de_evidencia,nao_publicar_raster_bruto_como_evidencia,false,passo_de_revisao_humana;nenhuma_execucao_automatica
MV2_DATA_01_TGT_00018_STEP_11,MV2_DATA_01_TGT_00018,04699a60c3c5ea19,CUR_00740,Curitiba,11,marcar review_status (CONFIRMED/PARTIAL/REJECTED),review_status_preenchido,CONFIRMED|PARTIAL|REJECTED,sem_revisor_nao_marcar_CONFIRMED,false,passo_de_revisao_humana;nenhuma_execucao_automatica
MV2_DATA_01_TGT_00018_STEP_12,MV2_DATA_01_TGT_00018,04699a60c3c5ea19,CUR_00740,Curitiba,12,nao preencher nada se nao houver evidencia,campos_vazios_quando_sem_evidencia,vazio,ausencia_de_evidencia_nunca_vira_valor_inventado_nem_negativo,true,passo_de_revisao_humana;nenhuma_execucao_automatica
MV2_DATA_01_TGT_00019_STEP_01,MV2_DATA_01_TGT_00019,74cebd56446bc3f7,CUR_00887,Curitiba,1,abrir o GEE Code Editor / Tasks autenticado,sessao_GEE_ativa,screenshot_ou_url_de_sessao,sem_acesso_ao_GEE_nao_prossegue,true,passo_de_revisao_humana;nenhuma_execucao_automatica
MV2_DATA_01_TGT_00019_STEP_02,MV2_DATA_01_TGT_00019,74cebd56446bc3f7,CUR_00887,Curitiba,2,localizar o script/export task original deste patch,nome_do_script_ou_export_task,texto_export_task_name_ou_caminho_de_script,nao_inferir_export_por_nome_de_arquivo_de_patch,true,passo_de_revisao_humana;nenhuma_execucao_automatica
MV2_DATA_01_TGT_00019_STEP_03,MV2_DATA_01_TGT_00019,74cebd56446bc3f7,CUR_00887,Curitiba,3,localizar a imagem Sentinel-2 efetivamente usada,image_id_da_colecao_S2,ee_image_id_ou_system_index,nao_assumir_imagem_por_cidade_regiao_ou_tile,true,passo_de_revisao_humana;nenhuma_execucao_automatica
MV2_DATA_01_TGT_00019_STEP_04,MV2_DATA_01_TGT_00019,74cebd56446bc3f7,CUR_00887,Curitiba,4,copiar o PRODUCT_ID,PRODUCT_ID_da_imagem,S2[AB]_MSIL2A_AAAAMMDDTHHMMSS_..._TXXYYY_AAAAMMDDTHHMMSS,nao_aceitar_PRODUCT_ID_sem_origem_GEE,true,passo_de_revisao_humana;nenhuma_execucao_automatica
MV2_DATA_01_TGT_00019_STEP_05,MV2_DATA_01_TGT_00019,74cebd56446bc3f7,CUR_00887,Curitiba,5,copiar o acquisition datetime,system_time_start_convertido_para_ISO,AAAA-MM-DDTHH:MM:SS,rejeitar_datetime_futuro_ou_fora_de_2015_2024,true,passo_de_revisao_humana;nenhuma_execucao_automatica
MV2_DATA_01_TGT_00019_STEP_06,MV2_DATA_01_TGT_00019,74cebd56446bc3f7,CUR_00887,Curitiba,6,copiar o MGRS_TILE,MGRS_TILE_da_imagem,TXXLLL_ex_T25M...,nao_usar_T23KPR_nem_tile_por_zona_como_vinculo_automatico,true,passo_de_revisao_humana;nenhuma_execucao_automatica
MV2_DATA_01_TGT_00019_STEP_07,MV2_DATA_01_TGT_00019,74cebd56446bc3f7,CUR_00887,Curitiba,7,copiar o CLOUDY_PIXEL_PERCENTAGE,CLOUDY_PIXEL_PERCENTAGE,float_0_a_100,nao_inventar_cobertura_de_nuvem,false,passo_de_revisao_humana;nenhuma_execucao_automatica
MV2_DATA_01_TGT_00019_STEP_08,MV2_DATA_01_TGT_00019,74cebd56446bc3f7,CUR_00887,Curitiba,8,copiar o DATATAKE_IDENTIFIER,DATATAKE_IDENTIFIER,GS2[AB]_AAAAMMDDTHHMMSS_NNNNNN_NXXYY,nao_inferir_datatake_de_outro_produto,false,passo_de_revisao_humana;nenhuma_execucao_automatica
MV2_DATA_01_TGT_00019_STEP_09,MV2_DATA_01_TGT_00019,74cebd56446bc3f7,CUR_00887,Curitiba,9,registrar a collection usada,id_da_colecao_GEE,COPERNICUS/S2_SR_HARMONIZED_ou_equivalente,nao_assumir_colecao_sem_evidencia,false,passo_de_revisao_humana;nenhuma_execucao_automatica
MV2_DATA_01_TGT_00019_STEP_10,MV2_DATA_01_TGT_00019,74cebd56446bc3f7,CUR_00887,Curitiba,10,registrar a evidencia local (export/print/log),referencia_local_da_evidencia,caminho_local_relativo_ou_id_de_evidencia,nao_publicar_raster_bruto_como_evidencia,false,passo_de_revisao_humana;nenhuma_execucao_automatica
MV2_DATA_01_TGT_00019_STEP_11,MV2_DATA_01_TGT_00019,74cebd56446bc3f7,CUR_00887,Curitiba,11,marcar review_status (CONFIRMED/PARTIAL/REJECTED),review_status_preenchido,CONFIRMED|PARTIAL|REJECTED,sem_revisor_nao_marcar_CONFIRMED,false,passo_de_revisao_humana;nenhuma_execucao_automatica
MV2_DATA_01_TGT_00019_STEP_12,MV2_DATA_01_TGT_00019,74cebd56446bc3f7,CUR_00887,Curitiba,12,nao preencher nada se nao houver evidencia,campos_vazios_quando_sem_evidencia,vazio,ausencia_de_evidencia_nunca_vira_valor_inventado_nem_negativo,true,passo_de_revisao_humana;nenhuma_execucao_automatica
MV2_DATA_01_TGT_00020_STEP_01,MV2_DATA_01_TGT_00020,fb3267d46f56a3b7,CUR_00888,Curitiba,1,abrir o GEE Code Editor / Tasks autenticado,sessao_GEE_ativa,screenshot_ou_url_de_sessao,sem_acesso_ao_GEE_nao_prossegue,true,passo_de_revisao_humana;nenhuma_execucao_automatica
MV2_DATA_01_TGT_00020_STEP_02,MV2_DATA_01_TGT_00020,fb3267d46f56a3b7,CUR_00888,Curitiba,2,localizar o script/export task original deste patch,nome_do_script_ou_export_task,texto_export_task_name_ou_caminho_de_script,nao_inferir_export_por_nome_de_arquivo_de_patch,true,passo_de_revisao_humana;nenhuma_execucao_automatica
MV2_DATA_01_TGT_00020_STEP_03,MV2_DATA_01_TGT_00020,fb3267d46f56a3b7,CUR_00888,Curitiba,3,localizar a imagem Sentinel-2 efetivamente usada,image_id_da_colecao_S2,ee_image_id_ou_system_index,nao_assumir_imagem_por_cidade_regiao_ou_tile,true,passo_de_revisao_humana;nenhuma_execucao_automatica
MV2_DATA_01_TGT_00020_STEP_04,MV2_DATA_01_TGT_00020,fb3267d46f56a3b7,CUR_00888,Curitiba,4,copiar o PRODUCT_ID,PRODUCT_ID_da_imagem,S2[AB]_MSIL2A_AAAAMMDDTHHMMSS_..._TXXYYY_AAAAMMDDTHHMMSS,nao_aceitar_PRODUCT_ID_sem_origem_GEE,true,passo_de_revisao_humana;nenhuma_execucao_automatica
MV2_DATA_01_TGT_00020_STEP_05,MV2_DATA_01_TGT_00020,fb3267d46f56a3b7,CUR_00888,Curitiba,5,copiar o acquisition datetime,system_time_start_convertido_para_ISO,AAAA-MM-DDTHH:MM:SS,rejeitar_datetime_futuro_ou_fora_de_2015_2024,true,passo_de_revisao_humana;nenhuma_execucao_automatica
MV2_DATA_01_TGT_00020_STEP_06,MV2_DATA_01_TGT_00020,fb3267d46f56a3b7,CUR_00888,Curitiba,6,copiar o MGRS_TILE,MGRS_TILE_da_imagem,TXXLLL_ex_T25M...,nao_usar_T23KPR_nem_tile_por_zona_como_vinculo_automatico,true,passo_de_revisao_humana;nenhuma_execucao_automatica
MV2_DATA_01_TGT_00020_STEP_07,MV2_DATA_01_TGT_00020,fb3267d46f56a3b7,CUR_00888,Curitiba,7,copiar o CLOUDY_PIXEL_PERCENTAGE,CLOUDY_PIXEL_PERCENTAGE,float_0_a_100,nao_inventar_cobertura_de_nuvem,false,passo_de_revisao_humana;nenhuma_execucao_automatica
MV2_DATA_01_TGT_00020_STEP_08,MV2_DATA_01_TGT_00020,fb3267d46f56a3b7,CUR_00888,Curitiba,8,copiar o DATATAKE_IDENTIFIER,DATATAKE_IDENTIFIER,GS2[AB]_AAAAMMDDTHHMMSS_NNNNNN_NXXYY,nao_inferir_datatake_de_outro_produto,false,passo_de_revisao_humana;nenhuma_execucao_automatica
MV2_DATA_01_TGT_00020_STEP_09,MV2_DATA_01_TGT_00020,fb3267d46f56a3b7,CUR_00888,Curitiba,9,registrar a collection usada,id_da_colecao_GEE,COPERNICUS/S2_SR_HARMONIZED_ou_equivalente,nao_assumir_colecao_sem_evidencia,false,passo_de_revisao_humana;nenhuma_execucao_automatica
MV2_DATA_01_TGT_00020_STEP_10,MV2_DATA_01_TGT_00020,fb3267d46f56a3b7,CUR_00888,Curitiba,10,registrar a evidencia local (export/print/log),referencia_local_da_evidencia,caminho_local_relativo_ou_id_de_evidencia,nao_publicar_raster_bruto_como_evidencia,false,passo_de_revisao_humana;nenhuma_execucao_automatica
MV2_DATA_01_TGT_00020_STEP_11,MV2_DATA_01_TGT_00020,fb3267d46f56a3b7,CUR_00888,Curitiba,11,marcar review_status (CONFIRMED/PARTIAL/REJECTED),review_status_preenchido,CONFIRMED|PARTIAL|REJECTED,sem_revisor_nao_marcar_CONFIRMED,false,passo_de_revisao_humana;nenhuma_execucao_automatica
MV2_DATA_01_TGT_00020_STEP_12,MV2_DATA_01_TGT_00020,fb3267d46f56a3b7,CUR_00888,Curitiba,12,nao preencher nada se nao houver evidencia,campos_vazios_quando_sem_evidencia,vazio,ausencia_de_evidencia_nunca_vira_valor_inventado_nem_negativo,true,passo_de_revisao_humana;nenhuma_execucao_automatica
MV2_DATA_01_TGT_00021_STEP_01,MV2_DATA_01_TGT_00021,d6514d06a2e91620,CUR_00889,Curitiba,1,abrir o GEE Code Editor / Tasks autenticado,sessao_GEE_ativa,screenshot_ou_url_de_sessao,sem_acesso_ao_GEE_nao_prossegue,true,passo_de_revisao_humana;nenhuma_execucao_automatica
MV2_DATA_01_TGT_00021_STEP_02,MV2_DATA_01_TGT_00021,d6514d06a2e91620,CUR_00889,Curitiba,2,localizar o script/export task original deste patch,nome_do_script_ou_export_task,texto_export_task_name_ou_caminho_de_script,nao_inferir_export_por_nome_de_arquivo_de_patch,true,passo_de_revisao_humana;nenhuma_execucao_automatica
MV2_DATA_01_TGT_00021_STEP_03,MV2_DATA_01_TGT_00021,d6514d06a2e91620,CUR_00889,Curitiba,3,localizar a imagem Sentinel-2 efetivamente usada,image_id_da_colecao_S2,ee_image_id_ou_system_index,nao_assumir_imagem_por_cidade_regiao_ou_tile,true,passo_de_revisao_humana;nenhuma_execucao_automatica
MV2_DATA_01_TGT_00021_STEP_04,MV2_DATA_01_TGT_00021,d6514d06a2e91620,CUR_00889,Curitiba,4,copiar o PRODUCT_ID,PRODUCT_ID_da_imagem,S2[AB]_MSIL2A_AAAAMMDDTHHMMSS_..._TXXYYY_AAAAMMDDTHHMMSS,nao_aceitar_PRODUCT_ID_sem_origem_GEE,true,passo_de_revisao_humana;nenhuma_execucao_automatica
MV2_DATA_01_TGT_00021_STEP_05,MV2_DATA_01_TGT_00021,d6514d06a2e91620,CUR_00889,Curitiba,5,copiar o acquisition datetime,system_time_start_convertido_para_ISO,AAAA-MM-DDTHH:MM:SS,rejeitar_datetime_futuro_ou_fora_de_2015_2024,true,passo_de_revisao_humana;nenhuma_execucao_automatica
MV2_DATA_01_TGT_00021_STEP_06,MV2_DATA_01_TGT_00021,d6514d06a2e91620,CUR_00889,Curitiba,6,copiar o MGRS_TILE,MGRS_TILE_da_imagem,TXXLLL_ex_T25M...,nao_usar_T23KPR_nem_tile_por_zona_como_vinculo_automatico,true,passo_de_revisao_humana;nenhuma_execucao_automatica
MV2_DATA_01_TGT_00021_STEP_07,MV2_DATA_01_TGT_00021,d6514d06a2e91620,CUR_00889,Curitiba,7,copiar o CLOUDY_PIXEL_PERCENTAGE,CLOUDY_PIXEL_PERCENTAGE,float_0_a_100,nao_inventar_cobertura_de_nuvem,false,passo_de_revisao_humana;nenhuma_execucao_automatica
MV2_DATA_01_TGT_00021_STEP_08,MV2_DATA_01_TGT_00021,d6514d06a2e91620,CUR_00889,Curitiba,8,copiar o DATATAKE_IDENTIFIER,DATATAKE_IDENTIFIER,GS2[AB]_AAAAMMDDTHHMMSS_NNNNNN_NXXYY,nao_inferir_datatake_de_outro_produto,false,passo_de_revisao_humana;nenhuma_execucao_automatica
MV2_DATA_01_TGT_00021_STEP_09,MV2_DATA_01_TGT_00021,d6514d06a2e91620,CUR_00889,Curitiba,9,registrar a collection usada,id_da_colecao_GEE,COPERNICUS/S2_SR_HARMONIZED_ou_equivalente,nao_assumir_colecao_sem_evidencia,false,passo_de_revisao_humana;nenhuma_execucao_automatica
MV2_DATA_01_TGT_00021_STEP_10,MV2_DATA_01_TGT_00021,d6514d06a2e91620,CUR_00889,Curitiba,10,registrar a evidencia local (export/print/log),referencia_local_da_evidencia,caminho_local_relativo_ou_id_de_evidencia,nao_publicar_raster_bruto_como_evidencia,false,passo_de_revisao_humana;nenhuma_execucao_automatica
MV2_DATA_01_TGT_00021_STEP_11,MV2_DATA_01_TGT_00021,d6514d06a2e91620,CUR_00889,Curitiba,11,marcar review_status (CONFIRMED/PARTIAL/REJECTED),review_status_preenchido,CONFIRMED|PARTIAL|REJECTED,sem_revisor_nao_marcar_CONFIRMED,false,passo_de_revisao_humana;nenhuma_execucao_automatica
MV2_DATA_01_TGT_00021_STEP_12,MV2_DATA_01_TGT_00021,d6514d06a2e91620,CUR_00889,Curitiba,12,nao preencher nada se nao houver evidencia,campos_vazios_quando_sem_evidencia,vazio,ausencia_de_evidencia_nunca_vira_valor_inventado_nem_negativo,true,passo_de_revisao_humana;nenhuma_execucao_automatica
MV2_DATA_01_TGT_00022_STEP_01,MV2_DATA_01_TGT_00022,d1929aba4c1b7fca,CUR_00895,Curitiba,1,abrir o GEE Code Editor / Tasks autenticado,sessao_GEE_ativa,screenshot_ou_url_de_sessao,sem_acesso_ao_GEE_nao_prossegue,true,passo_de_revisao_humana;nenhuma_execucao_automatica
MV2_DATA_01_TGT_00022_STEP_02,MV2_DATA_01_TGT_00022,d1929aba4c1b7fca,CUR_00895,Curitiba,2,localizar o script/export task original deste patch,nome_do_script_ou_export_task,texto_export_task_name_ou_caminho_de_script,nao_inferir_export_por_nome_de_arquivo_de_patch,true,passo_de_revisao_humana;nenhuma_execucao_automatica
MV2_DATA_01_TGT_00022_STEP_03,MV2_DATA_01_TGT_00022,d1929aba4c1b7fca,CUR_00895,Curitiba,3,localizar a imagem Sentinel-2 efetivamente usada,image_id_da_colecao_S2,ee_image_id_ou_system_index,nao_assumir_imagem_por_cidade_regiao_ou_tile,true,passo_de_revisao_humana;nenhuma_execucao_automatica
MV2_DATA_01_TGT_00022_STEP_04,MV2_DATA_01_TGT_00022,d1929aba4c1b7fca,CUR_00895,Curitiba,4,copiar o PRODUCT_ID,PRODUCT_ID_da_imagem,S2[AB]_MSIL2A_AAAAMMDDTHHMMSS_..._TXXYYY_AAAAMMDDTHHMMSS,nao_aceitar_PRODUCT_ID_sem_origem_GEE,true,passo_de_revisao_humana;nenhuma_execucao_automatica
MV2_DATA_01_TGT_00022_STEP_05,MV2_DATA_01_TGT_00022,d1929aba4c1b7fca,CUR_00895,Curitiba,5,copiar o acquisition datetime,system_time_start_convertido_para_ISO,AAAA-MM-DDTHH:MM:SS,rejeitar_datetime_futuro_ou_fora_de_2015_2024,true,passo_de_revisao_humana;nenhuma_execucao_automatica
MV2_DATA_01_TGT_00022_STEP_06,MV2_DATA_01_TGT_00022,d1929aba4c1b7fca,CUR_00895,Curitiba,6,copiar o MGRS_TILE,MGRS_TILE_da_imagem,TXXLLL_ex_T25M...,nao_usar_T23KPR_nem_tile_por_zona_como_vinculo_automatico,true,passo_de_revisao_humana;nenhuma_execucao_automatica
MV2_DATA_01_TGT_00022_STEP_07,MV2_DATA_01_TGT_00022,d1929aba4c1b7fca,CUR_00895,Curitiba,7,copiar o CLOUDY_PIXEL_PERCENTAGE,CLOUDY_PIXEL_PERCENTAGE,float_0_a_100,nao_inventar_cobertura_de_nuvem,false,passo_de_revisao_humana;nenhuma_execucao_automatica
MV2_DATA_01_TGT_00022_STEP_08,MV2_DATA_01_TGT_00022,d1929aba4c1b7fca,CUR_00895,Curitiba,8,copiar o DATATAKE_IDENTIFIER,DATATAKE_IDENTIFIER,GS2[AB]_AAAAMMDDTHHMMSS_NNNNNN_NXXYY,nao_inferir_datatake_de_outro_produto,false,passo_de_revisao_humana;nenhuma_execucao_automatica
MV2_DATA_01_TGT_00022_STEP_09,MV2_DATA_01_TGT_00022,d1929aba4c1b7fca,CUR_00895,Curitiba,9,registrar a collection usada,id_da_colecao_GEE,COPERNICUS/S2_SR_HARMONIZED_ou_equivalente,nao_assumir_colecao_sem_evidencia,false,passo_de_revisao_humana;nenhuma_execucao_automatica
MV2_DATA_01_TGT_00022_STEP_10,MV2_DATA_01_TGT_00022,d1929aba4c1b7fca,CUR_00895,Curitiba,10,registrar a evidencia local (export/print/log),referencia_local_da_evidencia,caminho_local_relativo_ou_id_de_evidencia,nao_publicar_raster_bruto_como_evidencia,false,passo_de_revisao_humana;nenhuma_execucao_automatica
MV2_DATA_01_TGT_00022_STEP_11,MV2_DATA_01_TGT_00022,d1929aba4c1b7fca,CUR_00895,Curitiba,11,marcar review_status (CONFIRMED/PARTIAL/REJECTED),review_status_preenchido,CONFIRMED|PARTIAL|REJECTED,sem_revisor_nao_marcar_CONFIRMED,false,passo_de_revisao_humana;nenhuma_execucao_automatica
MV2_DATA_01_TGT_00022_STEP_12,MV2_DATA_01_TGT_00022,d1929aba4c1b7fca,CUR_00895,Curitiba,12,nao preencher nada se nao houver evidencia,campos_vazios_quando_sem_evidencia,vazio,ausencia_de_evidencia_nunca_vira_valor_inventado_nem_negativo,true,passo_de_revisao_humana;nenhuma_execucao_automatica
MV2_DATA_01_TGT_00023_STEP_01,MV2_DATA_01_TGT_00023,4098e7fc76c48766,CUR_00899,Curitiba,1,abrir o GEE Code Editor / Tasks autenticado,sessao_GEE_ativa,screenshot_ou_url_de_sessao,sem_acesso_ao_GEE_nao_prossegue,true,passo_de_revisao_humana;nenhuma_execucao_automatica
MV2_DATA_01_TGT_00023_STEP_02,MV2_DATA_01_TGT_00023,4098e7fc76c48766,CUR_00899,Curitiba,2,localizar o script/export task original deste patch,nome_do_script_ou_export_task,texto_export_task_name_ou_caminho_de_script,nao_inferir_export_por_nome_de_arquivo_de_patch,true,passo_de_revisao_humana;nenhuma_execucao_automatica
MV2_DATA_01_TGT_00023_STEP_03,MV2_DATA_01_TGT_00023,4098e7fc76c48766,CUR_00899,Curitiba,3,localizar a imagem Sentinel-2 efetivamente usada,image_id_da_colecao_S2,ee_image_id_ou_system_index,nao_assumir_imagem_por_cidade_regiao_ou_tile,true,passo_de_revisao_humana;nenhuma_execucao_automatica
MV2_DATA_01_TGT_00023_STEP_04,MV2_DATA_01_TGT_00023,4098e7fc76c48766,CUR_00899,Curitiba,4,copiar o PRODUCT_ID,PRODUCT_ID_da_imagem,S2[AB]_MSIL2A_AAAAMMDDTHHMMSS_..._TXXYYY_AAAAMMDDTHHMMSS,nao_aceitar_PRODUCT_ID_sem_origem_GEE,true,passo_de_revisao_humana;nenhuma_execucao_automatica
MV2_DATA_01_TGT_00023_STEP_05,MV2_DATA_01_TGT_00023,4098e7fc76c48766,CUR_00899,Curitiba,5,copiar o acquisition datetime,system_time_start_convertido_para_ISO,AAAA-MM-DDTHH:MM:SS,rejeitar_datetime_futuro_ou_fora_de_2015_2024,true,passo_de_revisao_humana;nenhuma_execucao_automatica
MV2_DATA_01_TGT_00023_STEP_06,MV2_DATA_01_TGT_00023,4098e7fc76c48766,CUR_00899,Curitiba,6,copiar o MGRS_TILE,MGRS_TILE_da_imagem,TXXLLL_ex_T25M...,nao_usar_T23KPR_nem_tile_por_zona_como_vinculo_automatico,true,passo_de_revisao_humana;nenhuma_execucao_automatica
MV2_DATA_01_TGT_00023_STEP_07,MV2_DATA_01_TGT_00023,4098e7fc76c48766,CUR_00899,Curitiba,7,copiar o CLOUDY_PIXEL_PERCENTAGE,CLOUDY_PIXEL_PERCENTAGE,float_0_a_100,nao_inventar_cobertura_de_nuvem,false,passo_de_revisao_humana;nenhuma_execucao_automatica
MV2_DATA_01_TGT_00023_STEP_08,MV2_DATA_01_TGT_00023,4098e7fc76c48766,CUR_00899,Curitiba,8,copiar o DATATAKE_IDENTIFIER,DATATAKE_IDENTIFIER,GS2[AB]_AAAAMMDDTHHMMSS_NNNNNN_NXXYY,nao_inferir_datatake_de_outro_produto,false,passo_de_revisao_humana;nenhuma_execucao_automatica
MV2_DATA_01_TGT_00023_STEP_09,MV2_DATA_01_TGT_00023,4098e7fc76c48766,CUR_00899,Curitiba,9,registrar a collection usada,id_da_colecao_GEE,COPERNICUS/S2_SR_HARMONIZED_ou_equivalente,nao_assumir_colecao_sem_evidencia,false,passo_de_revisao_humana;nenhuma_execucao_automatica
MV2_DATA_01_TGT_00023_STEP_10,MV2_DATA_01_TGT_00023,4098e7fc76c48766,CUR_00899,Curitiba,10,registrar a evidencia local (export/print/log),referencia_local_da_evidencia,caminho_local_relativo_ou_id_de_evidencia,nao_publicar_raster_bruto_como_evidencia,false,passo_de_revisao_humana;nenhuma_execucao_automatica
MV2_DATA_01_TGT_00023_STEP_11,MV2_DATA_01_TGT_00023,4098e7fc76c48766,CUR_00899,Curitiba,11,marcar review_status (CONFIRMED/PARTIAL/REJECTED),review_status_preenchido,CONFIRMED|PARTIAL|REJECTED,sem_revisor_nao_marcar_CONFIRMED,false,passo_de_revisao_humana;nenhuma_execucao_automatica
MV2_DATA_01_TGT_00023_STEP_12,MV2_DATA_01_TGT_00023,4098e7fc76c48766,CUR_00899,Curitiba,12,nao preencher nada se nao houver evidencia,campos_vazios_quando_sem_evidencia,vazio,ausencia_de_evidencia_nunca_vira_valor_inventado_nem_negativo,true,passo_de_revisao_humana;nenhuma_execucao_automatica
MV2_DATA_01_TGT_00024_STEP_01,MV2_DATA_01_TGT_00024,9ba4c962d7863d69,CUR_00924,Curitiba,1,abrir o GEE Code Editor / Tasks autenticado,sessao_GEE_ativa,screenshot_ou_url_de_sessao,sem_acesso_ao_GEE_nao_prossegue,true,passo_de_revisao_humana;nenhuma_execucao_automatica
MV2_DATA_01_TGT_00024_STEP_02,MV2_DATA_01_TGT_00024,9ba4c962d7863d69,CUR_00924,Curitiba,2,localizar o script/export task original deste patch,nome_do_script_ou_export_task,texto_export_task_name_ou_caminho_de_script,nao_inferir_export_por_nome_de_arquivo_de_patch,true,passo_de_revisao_humana;nenhuma_execucao_automatica
MV2_DATA_01_TGT_00024_STEP_03,MV2_DATA_01_TGT_00024,9ba4c962d7863d69,CUR_00924,Curitiba,3,localizar a imagem Sentinel-2 efetivamente usada,image_id_da_colecao_S2,ee_image_id_ou_system_index,nao_assumir_imagem_por_cidade_regiao_ou_tile,true,passo_de_revisao_humana;nenhuma_execucao_automatica
MV2_DATA_01_TGT_00024_STEP_04,MV2_DATA_01_TGT_00024,9ba4c962d7863d69,CUR_00924,Curitiba,4,copiar o PRODUCT_ID,PRODUCT_ID_da_imagem,S2[AB]_MSIL2A_AAAAMMDDTHHMMSS_..._TXXYYY_AAAAMMDDTHHMMSS,nao_aceitar_PRODUCT_ID_sem_origem_GEE,true,passo_de_revisao_humana;nenhuma_execucao_automatica
MV2_DATA_01_TGT_00024_STEP_05,MV2_DATA_01_TGT_00024,9ba4c962d7863d69,CUR_00924,Curitiba,5,copiar o acquisition datetime,system_time_start_convertido_para_ISO,AAAA-MM-DDTHH:MM:SS,rejeitar_datetime_futuro_ou_fora_de_2015_2024,true,passo_de_revisao_humana;nenhuma_execucao_automatica
MV2_DATA_01_TGT_00024_STEP_06,MV2_DATA_01_TGT_00024,9ba4c962d7863d69,CUR_00924,Curitiba,6,copiar o MGRS_TILE,MGRS_TILE_da_imagem,TXXLLL_ex_T25M...,nao_usar_T23KPR_nem_tile_por_zona_como_vinculo_automatico,true,passo_de_revisao_humana;nenhuma_execucao_automatica
MV2_DATA_01_TGT_00024_STEP_07,MV2_DATA_01_TGT_00024,9ba4c962d7863d69,CUR_00924,Curitiba,7,copiar o CLOUDY_PIXEL_PERCENTAGE,CLOUDY_PIXEL_PERCENTAGE,float_0_a_100,nao_inventar_cobertura_de_nuvem,false,passo_de_revisao_humana;nenhuma_execucao_automatica
MV2_DATA_01_TGT_00024_STEP_08,MV2_DATA_01_TGT_00024,9ba4c962d7863d69,CUR_00924,Curitiba,8,copiar o DATATAKE_IDENTIFIER,DATATAKE_IDENTIFIER,GS2[AB]_AAAAMMDDTHHMMSS_NNNNNN_NXXYY,nao_inferir_datatake_de_outro_produto,false,passo_de_revisao_humana;nenhuma_execucao_automatica
MV2_DATA_01_TGT_00024_STEP_09,MV2_DATA_01_TGT_00024,9ba4c962d7863d69,CUR_00924,Curitiba,9,registrar a collection usada,id_da_colecao_GEE,COPERNICUS/S2_SR_HARMONIZED_ou_equivalente,nao_assumir_colecao_sem_evidencia,false,passo_de_revisao_humana;nenhuma_execucao_automatica
MV2_DATA_01_TGT_00024_STEP_10,MV2_DATA_01_TGT_00024,9ba4c962d7863d69,CUR_00924,Curitiba,10,registrar a evidencia local (export/print/log),referencia_local_da_evidencia,caminho_local_relativo_ou_id_de_evidencia,nao_publicar_raster_bruto_como_evidencia,false,passo_de_revisao_humana;nenhuma_execucao_automatica
MV2_DATA_01_TGT_00024_STEP_11,MV2_DATA_01_TGT_00024,9ba4c962d7863d69,CUR_00924,Curitiba,11,marcar review_status (CONFIRMED/PARTIAL/REJECTED),review_status_preenchido,CONFIRMED|PARTIAL|REJECTED,sem_revisor_nao_marcar_CONFIRMED,false,passo_de_revisao_humana;nenhuma_execucao_automatica
MV2_DATA_01_TGT_00024_STEP_12,MV2_DATA_01_TGT_00024,9ba4c962d7863d69,CUR_00924,Curitiba,12,nao preencher nada se nao houver evidencia,campos_vazios_quando_sem_evidencia,vazio,ausencia_de_evidencia_nunca_vira_valor_inventado_nem_negativo,true,passo_de_revisao_humana;nenhuma_execucao_automatica
MV2_DATA_01_TGT_00025_STEP_01,MV2_DATA_01_TGT_00025,75a8816b70da1445,CUR_00930,Curitiba,1,abrir o GEE Code Editor / Tasks autenticado,sessao_GEE_ativa,screenshot_ou_url_de_sessao,sem_acesso_ao_GEE_nao_prossegue,true,passo_de_revisao_humana;nenhuma_execucao_automatica
MV2_DATA_01_TGT_00025_STEP_02,MV2_DATA_01_TGT_00025,75a8816b70da1445,CUR_00930,Curitiba,2,localizar o script/export task original deste patch,nome_do_script_ou_export_task,texto_export_task_name_ou_caminho_de_script,nao_inferir_export_por_nome_de_arquivo_de_patch,true,passo_de_revisao_humana;nenhuma_execucao_automatica
MV2_DATA_01_TGT_00025_STEP_03,MV2_DATA_01_TGT_00025,75a8816b70da1445,CUR_00930,Curitiba,3,localizar a imagem Sentinel-2 efetivamente usada,image_id_da_colecao_S2,ee_image_id_ou_system_index,nao_assumir_imagem_por_cidade_regiao_ou_tile,true,passo_de_revisao_humana;nenhuma_execucao_automatica
MV2_DATA_01_TGT_00025_STEP_04,MV2_DATA_01_TGT_00025,75a8816b70da1445,CUR_00930,Curitiba,4,copiar o PRODUCT_ID,PRODUCT_ID_da_imagem,S2[AB]_MSIL2A_AAAAMMDDTHHMMSS_..._TXXYYY_AAAAMMDDTHHMMSS,nao_aceitar_PRODUCT_ID_sem_origem_GEE,true,passo_de_revisao_humana;nenhuma_execucao_automatica
MV2_DATA_01_TGT_00025_STEP_05,MV2_DATA_01_TGT_00025,75a8816b70da1445,CUR_00930,Curitiba,5,copiar o acquisition datetime,system_time_start_convertido_para_ISO,AAAA-MM-DDTHH:MM:SS,rejeitar_datetime_futuro_ou_fora_de_2015_2024,true,passo_de_revisao_humana;nenhuma_execucao_automatica
MV2_DATA_01_TGT_00025_STEP_06,MV2_DATA_01_TGT_00025,75a8816b70da1445,CUR_00930,Curitiba,6,copiar o MGRS_TILE,MGRS_TILE_da_imagem,TXXLLL_ex_T25M...,nao_usar_T23KPR_nem_tile_por_zona_como_vinculo_automatico,true,passo_de_revisao_humana;nenhuma_execucao_automatica
MV2_DATA_01_TGT_00025_STEP_07,MV2_DATA_01_TGT_00025,75a8816b70da1445,CUR_00930,Curitiba,7,copiar o CLOUDY_PIXEL_PERCENTAGE,CLOUDY_PIXEL_PERCENTAGE,float_0_a_100,nao_inventar_cobertura_de_nuvem,false,passo_de_revisao_humana;nenhuma_execucao_automatica
MV2_DATA_01_TGT_00025_STEP_08,MV2_DATA_01_TGT_00025,75a8816b70da1445,CUR_00930,Curitiba,8,copiar o DATATAKE_IDENTIFIER,DATATAKE_IDENTIFIER,GS2[AB]_AAAAMMDDTHHMMSS_NNNNNN_NXXYY,nao_inferir_datatake_de_outro_produto,false,passo_de_revisao_humana;nenhuma_execucao_automatica
MV2_DATA_01_TGT_00025_STEP_09,MV2_DATA_01_TGT_00025,75a8816b70da1445,CUR_00930,Curitiba,9,registrar a collection usada,id_da_colecao_GEE,COPERNICUS/S2_SR_HARMONIZED_ou_equivalente,nao_assumir_colecao_sem_evidencia,false,passo_de_revisao_humana;nenhuma_execucao_automatica
MV2_DATA_01_TGT_00025_STEP_10,MV2_DATA_01_TGT_00025,75a8816b70da1445,CUR_00930,Curitiba,10,registrar a evidencia local (export/print/log),referencia_local_da_evidencia,caminho_local_relativo_ou_id_de_evidencia,nao_publicar_raster_bruto_como_evidencia,false,passo_de_revisao_humana;nenhuma_execucao_automatica
MV2_DATA_01_TGT_00025_STEP_11,MV2_DATA_01_TGT_00025,75a8816b70da1445,CUR_00930,Curitiba,11,marcar review_status (CONFIRMED/PARTIAL/REJECTED),review_status_preenchido,CONFIRMED|PARTIAL|REJECTED,sem_revisor_nao_marcar_CONFIRMED,false,passo_de_revisao_humana;nenhuma_execucao_automatica
MV2_DATA_01_TGT_00025_STEP_12,MV2_DATA_01_TGT_00025,75a8816b70da1445,CUR_00930,Curitiba,12,nao preencher nada se nao houver evidencia,campos_vazios_quando_sem_evidencia,vazio,ausencia_de_evidencia_nunca_vira_valor_inventado_nem_negativo,true,passo_de_revisao_humana;nenhuma_execucao_automatica
MV2_DATA_01_TGT_00026_STEP_01,MV2_DATA_01_TGT_00026,5f50d84e63437d66,CUR_00934,Curitiba,1,abrir o GEE Code Editor / Tasks autenticado,sessao_GEE_ativa,screenshot_ou_url_de_sessao,sem_acesso_ao_GEE_nao_prossegue,true,passo_de_revisao_humana;nenhuma_execucao_automatica
MV2_DATA_01_TGT_00026_STEP_02,MV2_DATA_01_TGT_00026,5f50d84e63437d66,CUR_00934,Curitiba,2,localizar o script/export task original deste patch,nome_do_script_ou_export_task,texto_export_task_name_ou_caminho_de_script,nao_inferir_export_por_nome_de_arquivo_de_patch,true,passo_de_revisao_humana;nenhuma_execucao_automatica
MV2_DATA_01_TGT_00026_STEP_03,MV2_DATA_01_TGT_00026,5f50d84e63437d66,CUR_00934,Curitiba,3,localizar a imagem Sentinel-2 efetivamente usada,image_id_da_colecao_S2,ee_image_id_ou_system_index,nao_assumir_imagem_por_cidade_regiao_ou_tile,true,passo_de_revisao_humana;nenhuma_execucao_automatica
MV2_DATA_01_TGT_00026_STEP_04,MV2_DATA_01_TGT_00026,5f50d84e63437d66,CUR_00934,Curitiba,4,copiar o PRODUCT_ID,PRODUCT_ID_da_imagem,S2[AB]_MSIL2A_AAAAMMDDTHHMMSS_..._TXXYYY_AAAAMMDDTHHMMSS,nao_aceitar_PRODUCT_ID_sem_origem_GEE,true,passo_de_revisao_humana;nenhuma_execucao_automatica
MV2_DATA_01_TGT_00026_STEP_05,MV2_DATA_01_TGT_00026,5f50d84e63437d66,CUR_00934,Curitiba,5,copiar o acquisition datetime,system_time_start_convertido_para_ISO,AAAA-MM-DDTHH:MM:SS,rejeitar_datetime_futuro_ou_fora_de_2015_2024,true,passo_de_revisao_humana;nenhuma_execucao_automatica
MV2_DATA_01_TGT_00026_STEP_06,MV2_DATA_01_TGT_00026,5f50d84e63437d66,CUR_00934,Curitiba,6,copiar o MGRS_TILE,MGRS_TILE_da_imagem,TXXLLL_ex_T25M...,nao_usar_T23KPR_nem_tile_por_zona_como_vinculo_automatico,true,passo_de_revisao_humana;nenhuma_execucao_automatica
MV2_DATA_01_TGT_00026_STEP_07,MV2_DATA_01_TGT_00026,5f50d84e63437d66,CUR_00934,Curitiba,7,copiar o CLOUDY_PIXEL_PERCENTAGE,CLOUDY_PIXEL_PERCENTAGE,float_0_a_100,nao_inventar_cobertura_de_nuvem,false,passo_de_revisao_humana;nenhuma_execucao_automatica
MV2_DATA_01_TGT_00026_STEP_08,MV2_DATA_01_TGT_00026,5f50d84e63437d66,CUR_00934,Curitiba,8,copiar o DATATAKE_IDENTIFIER,DATATAKE_IDENTIFIER,GS2[AB]_AAAAMMDDTHHMMSS_NNNNNN_NXXYY,nao_inferir_datatake_de_outro_produto,false,passo_de_revisao_humana;nenhuma_execucao_automatica
MV2_DATA_01_TGT_00026_STEP_09,MV2_DATA_01_TGT_00026,5f50d84e63437d66,CUR_00934,Curitiba,9,registrar a collection usada,id_da_colecao_GEE,COPERNICUS/S2_SR_HARMONIZED_ou_equivalente,nao_assumir_colecao_sem_evidencia,false,passo_de_revisao_humana;nenhuma_execucao_automatica
MV2_DATA_01_TGT_00026_STEP_10,MV2_DATA_01_TGT_00026,5f50d84e63437d66,CUR_00934,Curitiba,10,registrar a evidencia local (export/print/log),referencia_local_da_evidencia,caminho_local_relativo_ou_id_de_evidencia,nao_publicar_raster_bruto_como_evidencia,false,passo_de_revisao_humana;nenhuma_execucao_automatica
MV2_DATA_01_TGT_00026_STEP_11,MV2_DATA_01_TGT_00026,5f50d84e63437d66,CUR_00934,Curitiba,11,marcar review_status (CONFIRMED/PARTIAL/REJECTED),review_status_preenchido,CONFIRMED|PARTIAL|REJECTED,sem_revisor_nao_marcar_CONFIRMED,false,passo_de_revisao_humana;nenhuma_execucao_automatica
MV2_DATA_01_TGT_00026_STEP_12,MV2_DATA_01_TGT_00026,5f50d84e63437d66,CUR_00934,Curitiba,12,nao preencher nada se nao houver evidencia,campos_vazios_quando_sem_evidencia,vazio,ausencia_de_evidencia_nunca_vira_valor_inventado_nem_negativo,true,passo_de_revisao_humana;nenhuma_execucao_automatica
MV2_DATA_01_TGT_00027_STEP_01,MV2_DATA_01_TGT_00027,6abc615bcecac30e,CUR_00936,Curitiba,1,abrir o GEE Code Editor / Tasks autenticado,sessao_GEE_ativa,screenshot_ou_url_de_sessao,sem_acesso_ao_GEE_nao_prossegue,true,passo_de_revisao_humana;nenhuma_execucao_automatica
MV2_DATA_01_TGT_00027_STEP_02,MV2_DATA_01_TGT_00027,6abc615bcecac30e,CUR_00936,Curitiba,2,localizar o script/export task original deste patch,nome_do_script_ou_export_task,texto_export_task_name_ou_caminho_de_script,nao_inferir_export_por_nome_de_arquivo_de_patch,true,passo_de_revisao_humana;nenhuma_execucao_automatica
MV2_DATA_01_TGT_00027_STEP_03,MV2_DATA_01_TGT_00027,6abc615bcecac30e,CUR_00936,Curitiba,3,localizar a imagem Sentinel-2 efetivamente usada,image_id_da_colecao_S2,ee_image_id_ou_system_index,nao_assumir_imagem_por_cidade_regiao_ou_tile,true,passo_de_revisao_humana;nenhuma_execucao_automatica
MV2_DATA_01_TGT_00027_STEP_04,MV2_DATA_01_TGT_00027,6abc615bcecac30e,CUR_00936,Curitiba,4,copiar o PRODUCT_ID,PRODUCT_ID_da_imagem,S2[AB]_MSIL2A_AAAAMMDDTHHMMSS_..._TXXYYY_AAAAMMDDTHHMMSS,nao_aceitar_PRODUCT_ID_sem_origem_GEE,true,passo_de_revisao_humana;nenhuma_execucao_automatica
MV2_DATA_01_TGT_00027_STEP_05,MV2_DATA_01_TGT_00027,6abc615bcecac30e,CUR_00936,Curitiba,5,copiar o acquisition datetime,system_time_start_convertido_para_ISO,AAAA-MM-DDTHH:MM:SS,rejeitar_datetime_futuro_ou_fora_de_2015_2024,true,passo_de_revisao_humana;nenhuma_execucao_automatica
MV2_DATA_01_TGT_00027_STEP_06,MV2_DATA_01_TGT_00027,6abc615bcecac30e,CUR_00936,Curitiba,6,copiar o MGRS_TILE,MGRS_TILE_da_imagem,TXXLLL_ex_T25M...,nao_usar_T23KPR_nem_tile_por_zona_como_vinculo_automatico,true,passo_de_revisao_humana;nenhuma_execucao_automatica
MV2_DATA_01_TGT_00027_STEP_07,MV2_DATA_01_TGT_00027,6abc615bcecac30e,CUR_00936,Curitiba,7,copiar o CLOUDY_PIXEL_PERCENTAGE,CLOUDY_PIXEL_PERCENTAGE,float_0_a_100,nao_inventar_cobertura_de_nuvem,false,passo_de_revisao_humana;nenhuma_execucao_automatica
MV2_DATA_01_TGT_00027_STEP_08,MV2_DATA_01_TGT_00027,6abc615bcecac30e,CUR_00936,Curitiba,8,copiar o DATATAKE_IDENTIFIER,DATATAKE_IDENTIFIER,GS2[AB]_AAAAMMDDTHHMMSS_NNNNNN_NXXYY,nao_inferir_datatake_de_outro_produto,false,passo_de_revisao_humana;nenhuma_execucao_automatica
MV2_DATA_01_TGT_00027_STEP_09,MV2_DATA_01_TGT_00027,6abc615bcecac30e,CUR_00936,Curitiba,9,registrar a collection usada,id_da_colecao_GEE,COPERNICUS/S2_SR_HARMONIZED_ou_equivalente,nao_assumir_colecao_sem_evidencia,false,passo_de_revisao_humana;nenhuma_execucao_automatica
MV2_DATA_01_TGT_00027_STEP_10,MV2_DATA_01_TGT_00027,6abc615bcecac30e,CUR_00936,Curitiba,10,registrar a evidencia local (export/print/log),referencia_local_da_evidencia,caminho_local_relativo_ou_id_de_evidencia,nao_publicar_raster_bruto_como_evidencia,false,passo_de_revisao_humana;nenhuma_execucao_automatica
MV2_DATA_01_TGT_00027_STEP_11,MV2_DATA_01_TGT_00027,6abc615bcecac30e,CUR_00936,Curitiba,11,marcar review_status (CONFIRMED/PARTIAL/REJECTED),review_status_preenchido,CONFIRMED|PARTIAL|REJECTED,sem_revisor_nao_marcar_CONFIRMED,false,passo_de_revisao_humana;nenhuma_execucao_automatica
MV2_DATA_01_TGT_00027_STEP_12,MV2_DATA_01_TGT_00027,6abc615bcecac30e,CUR_00936,Curitiba,12,nao preencher nada se nao houver evidencia,campos_vazios_quando_sem_evidencia,vazio,ausencia_de_evidencia_nunca_vira_valor_inventado_nem_negativo,true,passo_de_revisao_humana;nenhuma_execucao_automatica
MV2_DATA_01_TGT_00028_STEP_01,MV2_DATA_01_TGT_00028,09c4d1b2076c1959,CUR_00960,Curitiba,1,abrir o GEE Code Editor / Tasks autenticado,sessao_GEE_ativa,screenshot_ou_url_de_sessao,sem_acesso_ao_GEE_nao_prossegue,true,passo_de_revisao_humana;nenhuma_execucao_automatica
MV2_DATA_01_TGT_00028_STEP_02,MV2_DATA_01_TGT_00028,09c4d1b2076c1959,CUR_00960,Curitiba,2,localizar o script/export task original deste patch,nome_do_script_ou_export_task,texto_export_task_name_ou_caminho_de_script,nao_inferir_export_por_nome_de_arquivo_de_patch,true,passo_de_revisao_humana;nenhuma_execucao_automatica
MV2_DATA_01_TGT_00028_STEP_03,MV2_DATA_01_TGT_00028,09c4d1b2076c1959,CUR_00960,Curitiba,3,localizar a imagem Sentinel-2 efetivamente usada,image_id_da_colecao_S2,ee_image_id_ou_system_index,nao_assumir_imagem_por_cidade_regiao_ou_tile,true,passo_de_revisao_humana;nenhuma_execucao_automatica
MV2_DATA_01_TGT_00028_STEP_04,MV2_DATA_01_TGT_00028,09c4d1b2076c1959,CUR_00960,Curitiba,4,copiar o PRODUCT_ID,PRODUCT_ID_da_imagem,S2[AB]_MSIL2A_AAAAMMDDTHHMMSS_..._TXXYYY_AAAAMMDDTHHMMSS,nao_aceitar_PRODUCT_ID_sem_origem_GEE,true,passo_de_revisao_humana;nenhuma_execucao_automatica
MV2_DATA_01_TGT_00028_STEP_05,MV2_DATA_01_TGT_00028,09c4d1b2076c1959,CUR_00960,Curitiba,5,copiar o acquisition datetime,system_time_start_convertido_para_ISO,AAAA-MM-DDTHH:MM:SS,rejeitar_datetime_futuro_ou_fora_de_2015_2024,true,passo_de_revisao_humana;nenhuma_execucao_automatica
MV2_DATA_01_TGT_00028_STEP_06,MV2_DATA_01_TGT_00028,09c4d1b2076c1959,CUR_00960,Curitiba,6,copiar o MGRS_TILE,MGRS_TILE_da_imagem,TXXLLL_ex_T25M...,nao_usar_T23KPR_nem_tile_por_zona_como_vinculo_automatico,true,passo_de_revisao_humana;nenhuma_execucao_automatica
MV2_DATA_01_TGT_00028_STEP_07,MV2_DATA_01_TGT_00028,09c4d1b2076c1959,CUR_00960,Curitiba,7,copiar o CLOUDY_PIXEL_PERCENTAGE,CLOUDY_PIXEL_PERCENTAGE,float_0_a_100,nao_inventar_cobertura_de_nuvem,false,passo_de_revisao_humana;nenhuma_execucao_automatica
MV2_DATA_01_TGT_00028_STEP_08,MV2_DATA_01_TGT_00028,09c4d1b2076c1959,CUR_00960,Curitiba,8,copiar o DATATAKE_IDENTIFIER,DATATAKE_IDENTIFIER,GS2[AB]_AAAAMMDDTHHMMSS_NNNNNN_NXXYY,nao_inferir_datatake_de_outro_produto,false,passo_de_revisao_humana;nenhuma_execucao_automatica
MV2_DATA_01_TGT_00028_STEP_09,MV2_DATA_01_TGT_00028,09c4d1b2076c1959,CUR_00960,Curitiba,9,registrar a collection usada,id_da_colecao_GEE,COPERNICUS/S2_SR_HARMONIZED_ou_equivalente,nao_assumir_colecao_sem_evidencia,false,passo_de_revisao_humana;nenhuma_execucao_automatica
MV2_DATA_01_TGT_00028_STEP_10,MV2_DATA_01_TGT_00028,09c4d1b2076c1959,CUR_00960,Curitiba,10,registrar a evidencia local (export/print/log),referencia_local_da_evidencia,caminho_local_relativo_ou_id_de_evidencia,nao_publicar_raster_bruto_como_evidencia,false,passo_de_revisao_humana;nenhuma_execucao_automatica
MV2_DATA_01_TGT_00028_STEP_11,MV2_DATA_01_TGT_00028,09c4d1b2076c1959,CUR_00960,Curitiba,11,marcar review_status (CONFIRMED/PARTIAL/REJECTED),review_status_preenchido,CONFIRMED|PARTIAL|REJECTED,sem_revisor_nao_marcar_CONFIRMED,false,passo_de_revisao_humana;nenhuma_execucao_automatica
MV2_DATA_01_TGT_00028_STEP_12,MV2_DATA_01_TGT_00028,09c4d1b2076c1959,CUR_00960,Curitiba,12,nao preencher nada se nao houver evidencia,campos_vazios_quando_sem_evidencia,vazio,ausencia_de_evidencia_nunca_vira_valor_inventado_nem_negativo,true,passo_de_revisao_humana;nenhuma_execucao_automatica
MV2_DATA_01_TGT_00029_STEP_01,MV2_DATA_01_TGT_00029,d31ee952037b771c,CUR_00969,Curitiba,1,abrir o GEE Code Editor / Tasks autenticado,sessao_GEE_ativa,screenshot_ou_url_de_sessao,sem_acesso_ao_GEE_nao_prossegue,true,passo_de_revisao_humana;nenhuma_execucao_automatica
MV2_DATA_01_TGT_00029_STEP_02,MV2_DATA_01_TGT_00029,d31ee952037b771c,CUR_00969,Curitiba,2,localizar o script/export task original deste patch,nome_do_script_ou_export_task,texto_export_task_name_ou_caminho_de_script,nao_inferir_export_por_nome_de_arquivo_de_patch,true,passo_de_revisao_humana;nenhuma_execucao_automatica
MV2_DATA_01_TGT_00029_STEP_03,MV2_DATA_01_TGT_00029,d31ee952037b771c,CUR_00969,Curitiba,3,localizar a imagem Sentinel-2 efetivamente usada,image_id_da_colecao_S2,ee_image_id_ou_system_index,nao_assumir_imagem_por_cidade_regiao_ou_tile,true,passo_de_revisao_humana;nenhuma_execucao_automatica
MV2_DATA_01_TGT_00029_STEP_04,MV2_DATA_01_TGT_00029,d31ee952037b771c,CUR_00969,Curitiba,4,copiar o PRODUCT_ID,PRODUCT_ID_da_imagem,S2[AB]_MSIL2A_AAAAMMDDTHHMMSS_..._TXXYYY_AAAAMMDDTHHMMSS,nao_aceitar_PRODUCT_ID_sem_origem_GEE,true,passo_de_revisao_humana;nenhuma_execucao_automatica
MV2_DATA_01_TGT_00029_STEP_05,MV2_DATA_01_TGT_00029,d31ee952037b771c,CUR_00969,Curitiba,5,copiar o acquisition datetime,system_time_start_convertido_para_ISO,AAAA-MM-DDTHH:MM:SS,rejeitar_datetime_futuro_ou_fora_de_2015_2024,true,passo_de_revisao_humana;nenhuma_execucao_automatica
MV2_DATA_01_TGT_00029_STEP_06,MV2_DATA_01_TGT_00029,d31ee952037b771c,CUR_00969,Curitiba,6,copiar o MGRS_TILE,MGRS_TILE_da_imagem,TXXLLL_ex_T25M...,nao_usar_T23KPR_nem_tile_por_zona_como_vinculo_automatico,true,passo_de_revisao_humana;nenhuma_execucao_automatica
MV2_DATA_01_TGT_00029_STEP_07,MV2_DATA_01_TGT_00029,d31ee952037b771c,CUR_00969,Curitiba,7,copiar o CLOUDY_PIXEL_PERCENTAGE,CLOUDY_PIXEL_PERCENTAGE,float_0_a_100,nao_inventar_cobertura_de_nuvem,false,passo_de_revisao_humana;nenhuma_execucao_automatica
MV2_DATA_01_TGT_00029_STEP_08,MV2_DATA_01_TGT_00029,d31ee952037b771c,CUR_00969,Curitiba,8,copiar o DATATAKE_IDENTIFIER,DATATAKE_IDENTIFIER,GS2[AB]_AAAAMMDDTHHMMSS_NNNNNN_NXXYY,nao_inferir_datatake_de_outro_produto,false,passo_de_revisao_humana;nenhuma_execucao_automatica
MV2_DATA_01_TGT_00029_STEP_09,MV2_DATA_01_TGT_00029,d31ee952037b771c,CUR_00969,Curitiba,9,registrar a collection usada,id_da_colecao_GEE,COPERNICUS/S2_SR_HARMONIZED_ou_equivalente,nao_assumir_colecao_sem_evidencia,false,passo_de_revisao_humana;nenhuma_execucao_automatica
MV2_DATA_01_TGT_00029_STEP_10,MV2_DATA_01_TGT_00029,d31ee952037b771c,CUR_00969,Curitiba,10,registrar a evidencia local (export/print/log),referencia_local_da_evidencia,caminho_local_relativo_ou_id_de_evidencia,nao_publicar_raster_bruto_como_evidencia,false,passo_de_revisao_humana;nenhuma_execucao_automatica
MV2_DATA_01_TGT_00029_STEP_11,MV2_DATA_01_TGT_00029,d31ee952037b771c,CUR_00969,Curitiba,11,marcar review_status (CONFIRMED/PARTIAL/REJECTED),review_status_preenchido,CONFIRMED|PARTIAL|REJECTED,sem_revisor_nao_marcar_CONFIRMED,false,passo_de_revisao_humana;nenhuma_execucao_automatica
MV2_DATA_01_TGT_00029_STEP_12,MV2_DATA_01_TGT_00029,d31ee952037b771c,CUR_00969,Curitiba,12,nao preencher nada se nao houver evidencia,campos_vazios_quando_sem_evidencia,vazio,ausencia_de_evidencia_nunca_vira_valor_inventado_nem_negativo,true,passo_de_revisao_humana;nenhuma_execucao_automatica
MV2_DATA_01_TGT_00030_STEP_01,MV2_DATA_01_TGT_00030,309e7b4655f3ca3e,CUR_00977,Curitiba,1,abrir o GEE Code Editor / Tasks autenticado,sessao_GEE_ativa,screenshot_ou_url_de_sessao,sem_acesso_ao_GEE_nao_prossegue,true,passo_de_revisao_humana;nenhuma_execucao_automatica
MV2_DATA_01_TGT_00030_STEP_02,MV2_DATA_01_TGT_00030,309e7b4655f3ca3e,CUR_00977,Curitiba,2,localizar o script/export task original deste patch,nome_do_script_ou_export_task,texto_export_task_name_ou_caminho_de_script,nao_inferir_export_por_nome_de_arquivo_de_patch,true,passo_de_revisao_humana;nenhuma_execucao_automatica
MV2_DATA_01_TGT_00030_STEP_03,MV2_DATA_01_TGT_00030,309e7b4655f3ca3e,CUR_00977,Curitiba,3,localizar a imagem Sentinel-2 efetivamente usada,image_id_da_colecao_S2,ee_image_id_ou_system_index,nao_assumir_imagem_por_cidade_regiao_ou_tile,true,passo_de_revisao_humana;nenhuma_execucao_automatica
MV2_DATA_01_TGT_00030_STEP_04,MV2_DATA_01_TGT_00030,309e7b4655f3ca3e,CUR_00977,Curitiba,4,copiar o PRODUCT_ID,PRODUCT_ID_da_imagem,S2[AB]_MSIL2A_AAAAMMDDTHHMMSS_..._TXXYYY_AAAAMMDDTHHMMSS,nao_aceitar_PRODUCT_ID_sem_origem_GEE,true,passo_de_revisao_humana;nenhuma_execucao_automatica
MV2_DATA_01_TGT_00030_STEP_05,MV2_DATA_01_TGT_00030,309e7b4655f3ca3e,CUR_00977,Curitiba,5,copiar o acquisition datetime,system_time_start_convertido_para_ISO,AAAA-MM-DDTHH:MM:SS,rejeitar_datetime_futuro_ou_fora_de_2015_2024,true,passo_de_revisao_humana;nenhuma_execucao_automatica
MV2_DATA_01_TGT_00030_STEP_06,MV2_DATA_01_TGT_00030,309e7b4655f3ca3e,CUR_00977,Curitiba,6,copiar o MGRS_TILE,MGRS_TILE_da_imagem,TXXLLL_ex_T25M...,nao_usar_T23KPR_nem_tile_por_zona_como_vinculo_automatico,true,passo_de_revisao_humana;nenhuma_execucao_automatica
MV2_DATA_01_TGT_00030_STEP_07,MV2_DATA_01_TGT_00030,309e7b4655f3ca3e,CUR_00977,Curitiba,7,copiar o CLOUDY_PIXEL_PERCENTAGE,CLOUDY_PIXEL_PERCENTAGE,float_0_a_100,nao_inventar_cobertura_de_nuvem,false,passo_de_revisao_humana;nenhuma_execucao_automatica
MV2_DATA_01_TGT_00030_STEP_08,MV2_DATA_01_TGT_00030,309e7b4655f3ca3e,CUR_00977,Curitiba,8,copiar o DATATAKE_IDENTIFIER,DATATAKE_IDENTIFIER,GS2[AB]_AAAAMMDDTHHMMSS_NNNNNN_NXXYY,nao_inferir_datatake_de_outro_produto,false,passo_de_revisao_humana;nenhuma_execucao_automatica
MV2_DATA_01_TGT_00030_STEP_09,MV2_DATA_01_TGT_00030,309e7b4655f3ca3e,CUR_00977,Curitiba,9,registrar a collection usada,id_da_colecao_GEE,COPERNICUS/S2_SR_HARMONIZED_ou_equivalente,nao_assumir_colecao_sem_evidencia,false,passo_de_revisao_humana;nenhuma_execucao_automatica
MV2_DATA_01_TGT_00030_STEP_10,MV2_DATA_01_TGT_00030,309e7b4655f3ca3e,CUR_00977,Curitiba,10,registrar a evidencia local (export/print/log),referencia_local_da_evidencia,caminho_local_relativo_ou_id_de_evidencia,nao_publicar_raster_bruto_como_evidencia,false,passo_de_revisao_humana;nenhuma_execucao_automatica
MV2_DATA_01_TGT_00030_STEP_11,MV2_DATA_01_TGT_00030,309e7b4655f3ca3e,CUR_00977,Curitiba,11,marcar review_status (CONFIRMED/PARTIAL/REJECTED),review_status_preenchido,CONFIRMED|PARTIAL|REJECTED,sem_revisor_nao_marcar_CONFIRMED,false,passo_de_revisao_humana;nenhuma_execucao_automatica
MV2_DATA_01_TGT_00030_STEP_12,MV2_DATA_01_TGT_00030,309e7b4655f3ca3e,CUR_00977,Curitiba,12,nao preencher nada se nao houver evidencia,campos_vazios_quando_sem_evidencia,vazio,ausencia_de_evidencia_nunca_vira_valor_inventado_nem_negativo,true,passo_de_revisao_humana;nenhuma_execucao_automatica
MV2_DATA_01_TGT_00031_STEP_01,MV2_DATA_01_TGT_00031,cd154fb67a6825ed,CUR_00992,Curitiba,1,abrir o GEE Code Editor / Tasks autenticado,sessao_GEE_ativa,screenshot_ou_url_de_sessao,sem_acesso_ao_GEE_nao_prossegue,true,passo_de_revisao_humana;nenhuma_execucao_automatica
MV2_DATA_01_TGT_00031_STEP_02,MV2_DATA_01_TGT_00031,cd154fb67a6825ed,CUR_00992,Curitiba,2,localizar o script/export task original deste patch,nome_do_script_ou_export_task,texto_export_task_name_ou_caminho_de_script,nao_inferir_export_por_nome_de_arquivo_de_patch,true,passo_de_revisao_humana;nenhuma_execucao_automatica
MV2_DATA_01_TGT_00031_STEP_03,MV2_DATA_01_TGT_00031,cd154fb67a6825ed,CUR_00992,Curitiba,3,localizar a imagem Sentinel-2 efetivamente usada,image_id_da_colecao_S2,ee_image_id_ou_system_index,nao_assumir_imagem_por_cidade_regiao_ou_tile,true,passo_de_revisao_humana;nenhuma_execucao_automatica
MV2_DATA_01_TGT_00031_STEP_04,MV2_DATA_01_TGT_00031,cd154fb67a6825ed,CUR_00992,Curitiba,4,copiar o PRODUCT_ID,PRODUCT_ID_da_imagem,S2[AB]_MSIL2A_AAAAMMDDTHHMMSS_..._TXXYYY_AAAAMMDDTHHMMSS,nao_aceitar_PRODUCT_ID_sem_origem_GEE,true,passo_de_revisao_humana;nenhuma_execucao_automatica
MV2_DATA_01_TGT_00031_STEP_05,MV2_DATA_01_TGT_00031,cd154fb67a6825ed,CUR_00992,Curitiba,5,copiar o acquisition datetime,system_time_start_convertido_para_ISO,AAAA-MM-DDTHH:MM:SS,rejeitar_datetime_futuro_ou_fora_de_2015_2024,true,passo_de_revisao_humana;nenhuma_execucao_automatica
MV2_DATA_01_TGT_00031_STEP_06,MV2_DATA_01_TGT_00031,cd154fb67a6825ed,CUR_00992,Curitiba,6,copiar o MGRS_TILE,MGRS_TILE_da_imagem,TXXLLL_ex_T25M...,nao_usar_T23KPR_nem_tile_por_zona_como_vinculo_automatico,true,passo_de_revisao_humana;nenhuma_execucao_automatica
MV2_DATA_01_TGT_00031_STEP_07,MV2_DATA_01_TGT_00031,cd154fb67a6825ed,CUR_00992,Curitiba,7,copiar o CLOUDY_PIXEL_PERCENTAGE,CLOUDY_PIXEL_PERCENTAGE,float_0_a_100,nao_inventar_cobertura_de_nuvem,false,passo_de_revisao_humana;nenhuma_execucao_automatica
MV2_DATA_01_TGT_00031_STEP_08,MV2_DATA_01_TGT_00031,cd154fb67a6825ed,CUR_00992,Curitiba,8,copiar o DATATAKE_IDENTIFIER,DATATAKE_IDENTIFIER,GS2[AB]_AAAAMMDDTHHMMSS_NNNNNN_NXXYY,nao_inferir_datatake_de_outro_produto,false,passo_de_revisao_humana;nenhuma_execucao_automatica
MV2_DATA_01_TGT_00031_STEP_09,MV2_DATA_01_TGT_00031,cd154fb67a6825ed,CUR_00992,Curitiba,9,registrar a collection usada,id_da_colecao_GEE,COPERNICUS/S2_SR_HARMONIZED_ou_equivalente,nao_assumir_colecao_sem_evidencia,false,passo_de_revisao_humana;nenhuma_execucao_automatica
MV2_DATA_01_TGT_00031_STEP_10,MV2_DATA_01_TGT_00031,cd154fb67a6825ed,CUR_00992,Curitiba,10,registrar a evidencia local (export/print/log),referencia_local_da_evidencia,caminho_local_relativo_ou_id_de_evidencia,nao_publicar_raster_bruto_como_evidencia,false,passo_de_revisao_humana;nenhuma_execucao_automatica
MV2_DATA_01_TGT_00031_STEP_11,MV2_DATA_01_TGT_00031,cd154fb67a6825ed,CUR_00992,Curitiba,11,marcar review_status (CONFIRMED/PARTIAL/REJECTED),review_status_preenchido,CONFIRMED|PARTIAL|REJECTED,sem_revisor_nao_marcar_CONFIRMED,false,passo_de_revisao_humana;nenhuma_execucao_automatica
MV2_DATA_01_TGT_00031_STEP_12,MV2_DATA_01_TGT_00031,cd154fb67a6825ed,CUR_00992,Curitiba,12,nao preencher nada se nao houver evidencia,campos_vazios_quando_sem_evidencia,vazio,ausencia_de_evidencia_nunca_vira_valor_inventado_nem_negativo,true,passo_de_revisao_humana;nenhuma_execucao_automatica
MV2_DATA_01_TGT_00032_STEP_01,MV2_DATA_01_TGT_00032,356c75935611425c,CUR_00995,Curitiba,1,abrir o GEE Code Editor / Tasks autenticado,sessao_GEE_ativa,screenshot_ou_url_de_sessao,sem_acesso_ao_GEE_nao_prossegue,true,passo_de_revisao_humana;nenhuma_execucao_automatica
MV2_DATA_01_TGT_00032_STEP_02,MV2_DATA_01_TGT_00032,356c75935611425c,CUR_00995,Curitiba,2,localizar o script/export task original deste patch,nome_do_script_ou_export_task,texto_export_task_name_ou_caminho_de_script,nao_inferir_export_por_nome_de_arquivo_de_patch,true,passo_de_revisao_humana;nenhuma_execucao_automatica
MV2_DATA_01_TGT_00032_STEP_03,MV2_DATA_01_TGT_00032,356c75935611425c,CUR_00995,Curitiba,3,localizar a imagem Sentinel-2 efetivamente usada,image_id_da_colecao_S2,ee_image_id_ou_system_index,nao_assumir_imagem_por_cidade_regiao_ou_tile,true,passo_de_revisao_humana;nenhuma_execucao_automatica
MV2_DATA_01_TGT_00032_STEP_04,MV2_DATA_01_TGT_00032,356c75935611425c,CUR_00995,Curitiba,4,copiar o PRODUCT_ID,PRODUCT_ID_da_imagem,S2[AB]_MSIL2A_AAAAMMDDTHHMMSS_..._TXXYYY_AAAAMMDDTHHMMSS,nao_aceitar_PRODUCT_ID_sem_origem_GEE,true,passo_de_revisao_humana;nenhuma_execucao_automatica
MV2_DATA_01_TGT_00032_STEP_05,MV2_DATA_01_TGT_00032,356c75935611425c,CUR_00995,Curitiba,5,copiar o acquisition datetime,system_time_start_convertido_para_ISO,AAAA-MM-DDTHH:MM:SS,rejeitar_datetime_futuro_ou_fora_de_2015_2024,true,passo_de_revisao_humana;nenhuma_execucao_automatica
MV2_DATA_01_TGT_00032_STEP_06,MV2_DATA_01_TGT_00032,356c75935611425c,CUR_00995,Curitiba,6,copiar o MGRS_TILE,MGRS_TILE_da_imagem,TXXLLL_ex_T25M...,nao_usar_T23KPR_nem_tile_por_zona_como_vinculo_automatico,true,passo_de_revisao_humana;nenhuma_execucao_automatica
MV2_DATA_01_TGT_00032_STEP_07,MV2_DATA_01_TGT_00032,356c75935611425c,CUR_00995,Curitiba,7,copiar o CLOUDY_PIXEL_PERCENTAGE,CLOUDY_PIXEL_PERCENTAGE,float_0_a_100,nao_inventar_cobertura_de_nuvem,false,passo_de_revisao_humana;nenhuma_execucao_automatica
MV2_DATA_01_TGT_00032_STEP_08,MV2_DATA_01_TGT_00032,356c75935611425c,CUR_00995,Curitiba,8,copiar o DATATAKE_IDENTIFIER,DATATAKE_IDENTIFIER,GS2[AB]_AAAAMMDDTHHMMSS_NNNNNN_NXXYY,nao_inferir_datatake_de_outro_produto,false,passo_de_revisao_humana;nenhuma_execucao_automatica
MV2_DATA_01_TGT_00032_STEP_09,MV2_DATA_01_TGT_00032,356c75935611425c,CUR_00995,Curitiba,9,registrar a collection usada,id_da_colecao_GEE,COPERNICUS/S2_SR_HARMONIZED_ou_equivalente,nao_assumir_colecao_sem_evidencia,false,passo_de_revisao_humana;nenhuma_execucao_automatica
MV2_DATA_01_TGT_00032_STEP_10,MV2_DATA_01_TGT_00032,356c75935611425c,CUR_00995,Curitiba,10,registrar a evidencia local (export/print/log),referencia_local_da_evidencia,caminho_local_relativo_ou_id_de_evidencia,nao_publicar_raster_bruto_como_evidencia,false,passo_de_revisao_humana;nenhuma_execucao_automatica
MV2_DATA_01_TGT_00032_STEP_11,MV2_DATA_01_TGT_00032,356c75935611425c,CUR_00995,Curitiba,11,marcar review_status (CONFIRMED/PARTIAL/REJECTED),review_status_preenchido,CONFIRMED|PARTIAL|REJECTED,sem_revisor_nao_marcar_CONFIRMED,false,passo_de_revisao_humana;nenhuma_execucao_automatica
MV2_DATA_01_TGT_00032_STEP_12,MV2_DATA_01_TGT_00032,356c75935611425c,CUR_00995,Curitiba,12,nao preencher nada se nao houver evidencia,campos_vazios_quando_sem_evidencia,vazio,ausencia_de_evidencia_nunca_vira_valor_inventado_nem_negativo,true,passo_de_revisao_humana;nenhuma_execucao_automatica
MV2_DATA_01_TGT_00033_STEP_01,MV2_DATA_01_TGT_00033,ee9bd026175fc384,CUR_01012,Curitiba,1,abrir o GEE Code Editor / Tasks autenticado,sessao_GEE_ativa,screenshot_ou_url_de_sessao,sem_acesso_ao_GEE_nao_prossegue,true,passo_de_revisao_humana;nenhuma_execucao_automatica
MV2_DATA_01_TGT_00033_STEP_02,MV2_DATA_01_TGT_00033,ee9bd026175fc384,CUR_01012,Curitiba,2,localizar o script/export task original deste patch,nome_do_script_ou_export_task,texto_export_task_name_ou_caminho_de_script,nao_inferir_export_por_nome_de_arquivo_de_patch,true,passo_de_revisao_humana;nenhuma_execucao_automatica
MV2_DATA_01_TGT_00033_STEP_03,MV2_DATA_01_TGT_00033,ee9bd026175fc384,CUR_01012,Curitiba,3,localizar a imagem Sentinel-2 efetivamente usada,image_id_da_colecao_S2,ee_image_id_ou_system_index,nao_assumir_imagem_por_cidade_regiao_ou_tile,true,passo_de_revisao_humana;nenhuma_execucao_automatica
MV2_DATA_01_TGT_00033_STEP_04,MV2_DATA_01_TGT_00033,ee9bd026175fc384,CUR_01012,Curitiba,4,copiar o PRODUCT_ID,PRODUCT_ID_da_imagem,S2[AB]_MSIL2A_AAAAMMDDTHHMMSS_..._TXXYYY_AAAAMMDDTHHMMSS,nao_aceitar_PRODUCT_ID_sem_origem_GEE,true,passo_de_revisao_humana;nenhuma_execucao_automatica
MV2_DATA_01_TGT_00033_STEP_05,MV2_DATA_01_TGT_00033,ee9bd026175fc384,CUR_01012,Curitiba,5,copiar o acquisition datetime,system_time_start_convertido_para_ISO,AAAA-MM-DDTHH:MM:SS,rejeitar_datetime_futuro_ou_fora_de_2015_2024,true,passo_de_revisao_humana;nenhuma_execucao_automatica
MV2_DATA_01_TGT_00033_STEP_06,MV2_DATA_01_TGT_00033,ee9bd026175fc384,CUR_01012,Curitiba,6,copiar o MGRS_TILE,MGRS_TILE_da_imagem,TXXLLL_ex_T25M...,nao_usar_T23KPR_nem_tile_por_zona_como_vinculo_automatico,true,passo_de_revisao_humana;nenhuma_execucao_automatica
MV2_DATA_01_TGT_00033_STEP_07,MV2_DATA_01_TGT_00033,ee9bd026175fc384,CUR_01012,Curitiba,7,copiar o CLOUDY_PIXEL_PERCENTAGE,CLOUDY_PIXEL_PERCENTAGE,float_0_a_100,nao_inventar_cobertura_de_nuvem,false,passo_de_revisao_humana;nenhuma_execucao_automatica
MV2_DATA_01_TGT_00033_STEP_08,MV2_DATA_01_TGT_00033,ee9bd026175fc384,CUR_01012,Curitiba,8,copiar o DATATAKE_IDENTIFIER,DATATAKE_IDENTIFIER,GS2[AB]_AAAAMMDDTHHMMSS_NNNNNN_NXXYY,nao_inferir_datatake_de_outro_produto,false,passo_de_revisao_humana;nenhuma_execucao_automatica
MV2_DATA_01_TGT_00033_STEP_09,MV2_DATA_01_TGT_00033,ee9bd026175fc384,CUR_01012,Curitiba,9,registrar a collection usada,id_da_colecao_GEE,COPERNICUS/S2_SR_HARMONIZED_ou_equivalente,nao_assumir_colecao_sem_evidencia,false,passo_de_revisao_humana;nenhuma_execucao_automatica
MV2_DATA_01_TGT_00033_STEP_10,MV2_DATA_01_TGT_00033,ee9bd026175fc384,CUR_01012,Curitiba,10,registrar a evidencia local (export/print/log),referencia_local_da_evidencia,caminho_local_relativo_ou_id_de_evidencia,nao_publicar_raster_bruto_como_evidencia,false,passo_de_revisao_humana;nenhuma_execucao_automatica
MV2_DATA_01_TGT_00033_STEP_11,MV2_DATA_01_TGT_00033,ee9bd026175fc384,CUR_01012,Curitiba,11,marcar review_status (CONFIRMED/PARTIAL/REJECTED),review_status_preenchido,CONFIRMED|PARTIAL|REJECTED,sem_revisor_nao_marcar_CONFIRMED,false,passo_de_revisao_humana;nenhuma_execucao_automatica
MV2_DATA_01_TGT_00033_STEP_12,MV2_DATA_01_TGT_00033,ee9bd026175fc384,CUR_01012,Curitiba,12,nao preencher nada se nao houver evidencia,campos_vazios_quando_sem_evidencia,vazio,ausencia_de_evidencia_nunca_vira_valor_inventado_nem_negativo,true,passo_de_revisao_humana;nenhuma_execucao_automatica
MV2_DATA_01_TGT_00034_STEP_01,MV2_DATA_01_TGT_00034,5779125b6a8d65f7,CUR_01015,Curitiba,1,abrir o GEE Code Editor / Tasks autenticado,sessao_GEE_ativa,screenshot_ou_url_de_sessao,sem_acesso_ao_GEE_nao_prossegue,true,passo_de_revisao_humana;nenhuma_execucao_automatica
MV2_DATA_01_TGT_00034_STEP_02,MV2_DATA_01_TGT_00034,5779125b6a8d65f7,CUR_01015,Curitiba,2,localizar o script/export task original deste patch,nome_do_script_ou_export_task,texto_export_task_name_ou_caminho_de_script,nao_inferir_export_por_nome_de_arquivo_de_patch,true,passo_de_revisao_humana;nenhuma_execucao_automatica
MV2_DATA_01_TGT_00034_STEP_03,MV2_DATA_01_TGT_00034,5779125b6a8d65f7,CUR_01015,Curitiba,3,localizar a imagem Sentinel-2 efetivamente usada,image_id_da_colecao_S2,ee_image_id_ou_system_index,nao_assumir_imagem_por_cidade_regiao_ou_tile,true,passo_de_revisao_humana;nenhuma_execucao_automatica
MV2_DATA_01_TGT_00034_STEP_04,MV2_DATA_01_TGT_00034,5779125b6a8d65f7,CUR_01015,Curitiba,4,copiar o PRODUCT_ID,PRODUCT_ID_da_imagem,S2[AB]_MSIL2A_AAAAMMDDTHHMMSS_..._TXXYYY_AAAAMMDDTHHMMSS,nao_aceitar_PRODUCT_ID_sem_origem_GEE,true,passo_de_revisao_humana;nenhuma_execucao_automatica
MV2_DATA_01_TGT_00034_STEP_05,MV2_DATA_01_TGT_00034,5779125b6a8d65f7,CUR_01015,Curitiba,5,copiar o acquisition datetime,system_time_start_convertido_para_ISO,AAAA-MM-DDTHH:MM:SS,rejeitar_datetime_futuro_ou_fora_de_2015_2024,true,passo_de_revisao_humana;nenhuma_execucao_automatica
MV2_DATA_01_TGT_00034_STEP_06,MV2_DATA_01_TGT_00034,5779125b6a8d65f7,CUR_01015,Curitiba,6,copiar o MGRS_TILE,MGRS_TILE_da_imagem,TXXLLL_ex_T25M...,nao_usar_T23KPR_nem_tile_por_zona_como_vinculo_automatico,true,passo_de_revisao_humana;nenhuma_execucao_automatica
MV2_DATA_01_TGT_00034_STEP_07,MV2_DATA_01_TGT_00034,5779125b6a8d65f7,CUR_01015,Curitiba,7,copiar o CLOUDY_PIXEL_PERCENTAGE,CLOUDY_PIXEL_PERCENTAGE,float_0_a_100,nao_inventar_cobertura_de_nuvem,false,passo_de_revisao_humana;nenhuma_execucao_automatica
MV2_DATA_01_TGT_00034_STEP_08,MV2_DATA_01_TGT_00034,5779125b6a8d65f7,CUR_01015,Curitiba,8,copiar o DATATAKE_IDENTIFIER,DATATAKE_IDENTIFIER,GS2[AB]_AAAAMMDDTHHMMSS_NNNNNN_NXXYY,nao_inferir_datatake_de_outro_produto,false,passo_de_revisao_humana;nenhuma_execucao_automatica
MV2_DATA_01_TGT_00034_STEP_09,MV2_DATA_01_TGT_00034,5779125b6a8d65f7,CUR_01015,Curitiba,9,registrar a collection usada,id_da_colecao_GEE,COPERNICUS/S2_SR_HARMONIZED_ou_equivalente,nao_assumir_colecao_sem_evidencia,false,passo_de_revisao_humana;nenhuma_execucao_automatica
MV2_DATA_01_TGT_00034_STEP_10,MV2_DATA_01_TGT_00034,5779125b6a8d65f7,CUR_01015,Curitiba,10,registrar a evidencia local (export/print/log),referencia_local_da_evidencia,caminho_local_relativo_ou_id_de_evidencia,nao_publicar_raster_bruto_como_evidencia,false,passo_de_revisao_humana;nenhuma_execucao_automatica
MV2_DATA_01_TGT_00034_STEP_11,MV2_DATA_01_TGT_00034,5779125b6a8d65f7,CUR_01015,Curitiba,11,marcar review_status (CONFIRMED/PARTIAL/REJECTED),review_status_preenchido,CONFIRMED|PARTIAL|REJECTED,sem_revisor_nao_marcar_CONFIRMED,false,passo_de_revisao_humana;nenhuma_execucao_automatica
MV2_DATA_01_TGT_00034_STEP_12,MV2_DATA_01_TGT_00034,5779125b6a8d65f7,CUR_01015,Curitiba,12,nao preencher nada se nao houver evidencia,campos_vazios_quando_sem_evidencia,vazio,ausencia_de_evidencia_nunca_vira_valor_inventado_nem_negativo,true,passo_de_revisao_humana;nenhuma_execucao_automatica
MV2_DATA_01_TGT_00035_STEP_01,MV2_DATA_01_TGT_00035,00f9e03d195e8104,CUR_01030,Curitiba,1,abrir o GEE Code Editor / Tasks autenticado,sessao_GEE_ativa,screenshot_ou_url_de_sessao,sem_acesso_ao_GEE_nao_prossegue,true,passo_de_revisao_humana;nenhuma_execucao_automatica
MV2_DATA_01_TGT_00035_STEP_02,MV2_DATA_01_TGT_00035,00f9e03d195e8104,CUR_01030,Curitiba,2,localizar o script/export task original deste patch,nome_do_script_ou_export_task,texto_export_task_name_ou_caminho_de_script,nao_inferir_export_por_nome_de_arquivo_de_patch,true,passo_de_revisao_humana;nenhuma_execucao_automatica
MV2_DATA_01_TGT_00035_STEP_03,MV2_DATA_01_TGT_00035,00f9e03d195e8104,CUR_01030,Curitiba,3,localizar a imagem Sentinel-2 efetivamente usada,image_id_da_colecao_S2,ee_image_id_ou_system_index,nao_assumir_imagem_por_cidade_regiao_ou_tile,true,passo_de_revisao_humana;nenhuma_execucao_automatica
MV2_DATA_01_TGT_00035_STEP_04,MV2_DATA_01_TGT_00035,00f9e03d195e8104,CUR_01030,Curitiba,4,copiar o PRODUCT_ID,PRODUCT_ID_da_imagem,S2[AB]_MSIL2A_AAAAMMDDTHHMMSS_..._TXXYYY_AAAAMMDDTHHMMSS,nao_aceitar_PRODUCT_ID_sem_origem_GEE,true,passo_de_revisao_humana;nenhuma_execucao_automatica
MV2_DATA_01_TGT_00035_STEP_05,MV2_DATA_01_TGT_00035,00f9e03d195e8104,CUR_01030,Curitiba,5,copiar o acquisition datetime,system_time_start_convertido_para_ISO,AAAA-MM-DDTHH:MM:SS,rejeitar_datetime_futuro_ou_fora_de_2015_2024,true,passo_de_revisao_humana;nenhuma_execucao_automatica
MV2_DATA_01_TGT_00035_STEP_06,MV2_DATA_01_TGT_00035,00f9e03d195e8104,CUR_01030,Curitiba,6,copiar o MGRS_TILE,MGRS_TILE_da_imagem,TXXLLL_ex_T25M...,nao_usar_T23KPR_nem_tile_por_zona_como_vinculo_automatico,true,passo_de_revisao_humana;nenhuma_execucao_automatica
MV2_DATA_01_TGT_00035_STEP_07,MV2_DATA_01_TGT_00035,00f9e03d195e8104,CUR_01030,Curitiba,7,copiar o CLOUDY_PIXEL_PERCENTAGE,CLOUDY_PIXEL_PERCENTAGE,float_0_a_100,nao_inventar_cobertura_de_nuvem,false,passo_de_revisao_humana;nenhuma_execucao_automatica
MV2_DATA_01_TGT_00035_STEP_08,MV2_DATA_01_TGT_00035,00f9e03d195e8104,CUR_01030,Curitiba,8,copiar o DATATAKE_IDENTIFIER,DATATAKE_IDENTIFIER,GS2[AB]_AAAAMMDDTHHMMSS_NNNNNN_NXXYY,nao_inferir_datatake_de_outro_produto,false,passo_de_revisao_humana;nenhuma_execucao_automatica
MV2_DATA_01_TGT_00035_STEP_09,MV2_DATA_01_TGT_00035,00f9e03d195e8104,CUR_01030,Curitiba,9,registrar a collection usada,id_da_colecao_GEE,COPERNICUS/S2_SR_HARMONIZED_ou_equivalente,nao_assumir_colecao_sem_evidencia,false,passo_de_revisao_humana;nenhuma_execucao_automatica
MV2_DATA_01_TGT_00035_STEP_10,MV2_DATA_01_TGT_00035,00f9e03d195e8104,CUR_01030,Curitiba,10,registrar a evidencia local (export/print/log),referencia_local_da_evidencia,caminho_local_relativo_ou_id_de_evidencia,nao_publicar_raster_bruto_como_evidencia,false,passo_de_revisao_humana;nenhuma_execucao_automatica
MV2_DATA_01_TGT_00035_STEP_11,MV2_DATA_01_TGT_00035,00f9e03d195e8104,CUR_01030,Curitiba,11,marcar review_status (CONFIRMED/PARTIAL/REJECTED),review_status_preenchido,CONFIRMED|PARTIAL|REJECTED,sem_revisor_nao_marcar_CONFIRMED,false,passo_de_revisao_humana;nenhuma_execucao_automatica
MV2_DATA_01_TGT_00035_STEP_12,MV2_DATA_01_TGT_00035,00f9e03d195e8104,CUR_01030,Curitiba,12,nao preencher nada se nao houver evidencia,campos_vazios_quando_sem_evidencia,vazio,ausencia_de_evidencia_nunca_vira_valor_inventado_nem_negativo,true,passo_de_revisao_humana;nenhuma_execucao_automatica
MV2_DATA_01_TGT_00036_STEP_01,MV2_DATA_01_TGT_00036,839167711b4e872b,CUR_01040,Curitiba,1,abrir o GEE Code Editor / Tasks autenticado,sessao_GEE_ativa,screenshot_ou_url_de_sessao,sem_acesso_ao_GEE_nao_prossegue,true,passo_de_revisao_humana;nenhuma_execucao_automatica
MV2_DATA_01_TGT_00036_STEP_02,MV2_DATA_01_TGT_00036,839167711b4e872b,CUR_01040,Curitiba,2,localizar o script/export task original deste patch,nome_do_script_ou_export_task,texto_export_task_name_ou_caminho_de_script,nao_inferir_export_por_nome_de_arquivo_de_patch,true,passo_de_revisao_humana;nenhuma_execucao_automatica
MV2_DATA_01_TGT_00036_STEP_03,MV2_DATA_01_TGT_00036,839167711b4e872b,CUR_01040,Curitiba,3,localizar a imagem Sentinel-2 efetivamente usada,image_id_da_colecao_S2,ee_image_id_ou_system_index,nao_assumir_imagem_por_cidade_regiao_ou_tile,true,passo_de_revisao_humana;nenhuma_execucao_automatica
MV2_DATA_01_TGT_00036_STEP_04,MV2_DATA_01_TGT_00036,839167711b4e872b,CUR_01040,Curitiba,4,copiar o PRODUCT_ID,PRODUCT_ID_da_imagem,S2[AB]_MSIL2A_AAAAMMDDTHHMMSS_..._TXXYYY_AAAAMMDDTHHMMSS,nao_aceitar_PRODUCT_ID_sem_origem_GEE,true,passo_de_revisao_humana;nenhuma_execucao_automatica
MV2_DATA_01_TGT_00036_STEP_05,MV2_DATA_01_TGT_00036,839167711b4e872b,CUR_01040,Curitiba,5,copiar o acquisition datetime,system_time_start_convertido_para_ISO,AAAA-MM-DDTHH:MM:SS,rejeitar_datetime_futuro_ou_fora_de_2015_2024,true,passo_de_revisao_humana;nenhuma_execucao_automatica
MV2_DATA_01_TGT_00036_STEP_06,MV2_DATA_01_TGT_00036,839167711b4e872b,CUR_01040,Curitiba,6,copiar o MGRS_TILE,MGRS_TILE_da_imagem,TXXLLL_ex_T25M...,nao_usar_T23KPR_nem_tile_por_zona_como_vinculo_automatico,true,passo_de_revisao_humana;nenhuma_execucao_automatica
MV2_DATA_01_TGT_00036_STEP_07,MV2_DATA_01_TGT_00036,839167711b4e872b,CUR_01040,Curitiba,7,copiar o CLOUDY_PIXEL_PERCENTAGE,CLOUDY_PIXEL_PERCENTAGE,float_0_a_100,nao_inventar_cobertura_de_nuvem,false,passo_de_revisao_humana;nenhuma_execucao_automatica
MV2_DATA_01_TGT_00036_STEP_08,MV2_DATA_01_TGT_00036,839167711b4e872b,CUR_01040,Curitiba,8,copiar o DATATAKE_IDENTIFIER,DATATAKE_IDENTIFIER,GS2[AB]_AAAAMMDDTHHMMSS_NNNNNN_NXXYY,nao_inferir_datatake_de_outro_produto,false,passo_de_revisao_humana;nenhuma_execucao_automatica
MV2_DATA_01_TGT_00036_STEP_09,MV2_DATA_01_TGT_00036,839167711b4e872b,CUR_01040,Curitiba,9,registrar a collection usada,id_da_colecao_GEE,COPERNICUS/S2_SR_HARMONIZED_ou_equivalente,nao_assumir_colecao_sem_evidencia,false,passo_de_revisao_humana;nenhuma_execucao_automatica
MV2_DATA_01_TGT_00036_STEP_10,MV2_DATA_01_TGT_00036,839167711b4e872b,CUR_01040,Curitiba,10,registrar a evidencia local (export/print/log),referencia_local_da_evidencia,caminho_local_relativo_ou_id_de_evidencia,nao_publicar_raster_bruto_como_evidencia,false,passo_de_revisao_humana;nenhuma_execucao_automatica
MV2_DATA_01_TGT_00036_STEP_11,MV2_DATA_01_TGT_00036,839167711b4e872b,CUR_01040,Curitiba,11,marcar review_status (CONFIRMED/PARTIAL/REJECTED),review_status_preenchido,CONFIRMED|PARTIAL|REJECTED,sem_revisor_nao_marcar_CONFIRMED,false,passo_de_revisao_humana;nenhuma_execucao_automatica
MV2_DATA_01_TGT_00036_STEP_12,MV2_DATA_01_TGT_00036,839167711b4e872b,CUR_01040,Curitiba,12,nao preencher nada se nao houver evidencia,campos_vazios_quando_sem_evidencia,vazio,ausencia_de_evidencia_nunca_vira_valor_inventado_nem_negativo,true,passo_de_revisao_humana;nenhuma_execucao_automatica
MV2_DATA_01_TGT_00037_STEP_01,MV2_DATA_01_TGT_00037,3209e4e9c5397f1c,CUR_01050,Curitiba,1,abrir o GEE Code Editor / Tasks autenticado,sessao_GEE_ativa,screenshot_ou_url_de_sessao,sem_acesso_ao_GEE_nao_prossegue,true,passo_de_revisao_humana;nenhuma_execucao_automatica
MV2_DATA_01_TGT_00037_STEP_02,MV2_DATA_01_TGT_00037,3209e4e9c5397f1c,CUR_01050,Curitiba,2,localizar o script/export task original deste patch,nome_do_script_ou_export_task,texto_export_task_name_ou_caminho_de_script,nao_inferir_export_por_nome_de_arquivo_de_patch,true,passo_de_revisao_humana;nenhuma_execucao_automatica
MV2_DATA_01_TGT_00037_STEP_03,MV2_DATA_01_TGT_00037,3209e4e9c5397f1c,CUR_01050,Curitiba,3,localizar a imagem Sentinel-2 efetivamente usada,image_id_da_colecao_S2,ee_image_id_ou_system_index,nao_assumir_imagem_por_cidade_regiao_ou_tile,true,passo_de_revisao_humana;nenhuma_execucao_automatica
MV2_DATA_01_TGT_00037_STEP_04,MV2_DATA_01_TGT_00037,3209e4e9c5397f1c,CUR_01050,Curitiba,4,copiar o PRODUCT_ID,PRODUCT_ID_da_imagem,S2[AB]_MSIL2A_AAAAMMDDTHHMMSS_..._TXXYYY_AAAAMMDDTHHMMSS,nao_aceitar_PRODUCT_ID_sem_origem_GEE,true,passo_de_revisao_humana;nenhuma_execucao_automatica
MV2_DATA_01_TGT_00037_STEP_05,MV2_DATA_01_TGT_00037,3209e4e9c5397f1c,CUR_01050,Curitiba,5,copiar o acquisition datetime,system_time_start_convertido_para_ISO,AAAA-MM-DDTHH:MM:SS,rejeitar_datetime_futuro_ou_fora_de_2015_2024,true,passo_de_revisao_humana;nenhuma_execucao_automatica
MV2_DATA_01_TGT_00037_STEP_06,MV2_DATA_01_TGT_00037,3209e4e9c5397f1c,CUR_01050,Curitiba,6,copiar o MGRS_TILE,MGRS_TILE_da_imagem,TXXLLL_ex_T25M...,nao_usar_T23KPR_nem_tile_por_zona_como_vinculo_automatico,true,passo_de_revisao_humana;nenhuma_execucao_automatica
MV2_DATA_01_TGT_00037_STEP_07,MV2_DATA_01_TGT_00037,3209e4e9c5397f1c,CUR_01050,Curitiba,7,copiar o CLOUDY_PIXEL_PERCENTAGE,CLOUDY_PIXEL_PERCENTAGE,float_0_a_100,nao_inventar_cobertura_de_nuvem,false,passo_de_revisao_humana;nenhuma_execucao_automatica
MV2_DATA_01_TGT_00037_STEP_08,MV2_DATA_01_TGT_00037,3209e4e9c5397f1c,CUR_01050,Curitiba,8,copiar o DATATAKE_IDENTIFIER,DATATAKE_IDENTIFIER,GS2[AB]_AAAAMMDDTHHMMSS_NNNNNN_NXXYY,nao_inferir_datatake_de_outro_produto,false,passo_de_revisao_humana;nenhuma_execucao_automatica
MV2_DATA_01_TGT_00037_STEP_09,MV2_DATA_01_TGT_00037,3209e4e9c5397f1c,CUR_01050,Curitiba,9,registrar a collection usada,id_da_colecao_GEE,COPERNICUS/S2_SR_HARMONIZED_ou_equivalente,nao_assumir_colecao_sem_evidencia,false,passo_de_revisao_humana;nenhuma_execucao_automatica
MV2_DATA_01_TGT_00037_STEP_10,MV2_DATA_01_TGT_00037,3209e4e9c5397f1c,CUR_01050,Curitiba,10,registrar a evidencia local (export/print/log),referencia_local_da_evidencia,caminho_local_relativo_ou_id_de_evidencia,nao_publicar_raster_bruto_como_evidencia,false,passo_de_revisao_humana;nenhuma_execucao_automatica
MV2_DATA_01_TGT_00037_STEP_11,MV2_DATA_01_TGT_00037,3209e4e9c5397f1c,CUR_01050,Curitiba,11,marcar review_status (CONFIRMED/PARTIAL/REJECTED),review_status_preenchido,CONFIRMED|PARTIAL|REJECTED,sem_revisor_nao_marcar_CONFIRMED,false,passo_de_revisao_humana;nenhuma_execucao_automatica
MV2_DATA_01_TGT_00037_STEP_12,MV2_DATA_01_TGT_00037,3209e4e9c5397f1c,CUR_01050,Curitiba,12,nao preencher nada se nao houver evidencia,campos_vazios_quando_sem_evidencia,vazio,ausencia_de_evidencia_nunca_vira_valor_inventado_nem_negativo,true,passo_de_revisao_humana;nenhuma_execucao_automatica
MV2_DATA_01_TGT_00038_STEP_01,MV2_DATA_01_TGT_00038,0edffece4cccc865,CUR_01059,Curitiba,1,abrir o GEE Code Editor / Tasks autenticado,sessao_GEE_ativa,screenshot_ou_url_de_sessao,sem_acesso_ao_GEE_nao_prossegue,true,passo_de_revisao_humana;nenhuma_execucao_automatica
MV2_DATA_01_TGT_00038_STEP_02,MV2_DATA_01_TGT_00038,0edffece4cccc865,CUR_01059,Curitiba,2,localizar o script/export task original deste patch,nome_do_script_ou_export_task,texto_export_task_name_ou_caminho_de_script,nao_inferir_export_por_nome_de_arquivo_de_patch,true,passo_de_revisao_humana;nenhuma_execucao_automatica
MV2_DATA_01_TGT_00038_STEP_03,MV2_DATA_01_TGT_00038,0edffece4cccc865,CUR_01059,Curitiba,3,localizar a imagem Sentinel-2 efetivamente usada,image_id_da_colecao_S2,ee_image_id_ou_system_index,nao_assumir_imagem_por_cidade_regiao_ou_tile,true,passo_de_revisao_humana;nenhuma_execucao_automatica
MV2_DATA_01_TGT_00038_STEP_04,MV2_DATA_01_TGT_00038,0edffece4cccc865,CUR_01059,Curitiba,4,copiar o PRODUCT_ID,PRODUCT_ID_da_imagem,S2[AB]_MSIL2A_AAAAMMDDTHHMMSS_..._TXXYYY_AAAAMMDDTHHMMSS,nao_aceitar_PRODUCT_ID_sem_origem_GEE,true,passo_de_revisao_humana;nenhuma_execucao_automatica
MV2_DATA_01_TGT_00038_STEP_05,MV2_DATA_01_TGT_00038,0edffece4cccc865,CUR_01059,Curitiba,5,copiar o acquisition datetime,system_time_start_convertido_para_ISO,AAAA-MM-DDTHH:MM:SS,rejeitar_datetime_futuro_ou_fora_de_2015_2024,true,passo_de_revisao_humana;nenhuma_execucao_automatica
MV2_DATA_01_TGT_00038_STEP_06,MV2_DATA_01_TGT_00038,0edffece4cccc865,CUR_01059,Curitiba,6,copiar o MGRS_TILE,MGRS_TILE_da_imagem,TXXLLL_ex_T25M...,nao_usar_T23KPR_nem_tile_por_zona_como_vinculo_automatico,true,passo_de_revisao_humana;nenhuma_execucao_automatica
MV2_DATA_01_TGT_00038_STEP_07,MV2_DATA_01_TGT_00038,0edffece4cccc865,CUR_01059,Curitiba,7,copiar o CLOUDY_PIXEL_PERCENTAGE,CLOUDY_PIXEL_PERCENTAGE,float_0_a_100,nao_inventar_cobertura_de_nuvem,false,passo_de_revisao_humana;nenhuma_execucao_automatica
MV2_DATA_01_TGT_00038_STEP_08,MV2_DATA_01_TGT_00038,0edffece4cccc865,CUR_01059,Curitiba,8,copiar o DATATAKE_IDENTIFIER,DATATAKE_IDENTIFIER,GS2[AB]_AAAAMMDDTHHMMSS_NNNNNN_NXXYY,nao_inferir_datatake_de_outro_produto,false,passo_de_revisao_humana;nenhuma_execucao_automatica
MV2_DATA_01_TGT_00038_STEP_09,MV2_DATA_01_TGT_00038,0edffece4cccc865,CUR_01059,Curitiba,9,registrar a collection usada,id_da_colecao_GEE,COPERNICUS/S2_SR_HARMONIZED_ou_equivalente,nao_assumir_colecao_sem_evidencia,false,passo_de_revisao_humana;nenhuma_execucao_automatica
MV2_DATA_01_TGT_00038_STEP_10,MV2_DATA_01_TGT_00038,0edffece4cccc865,CUR_01059,Curitiba,10,registrar a evidencia local (export/print/log),referencia_local_da_evidencia,caminho_local_relativo_ou_id_de_evidencia,nao_publicar_raster_bruto_como_evidencia,false,passo_de_revisao_humana;nenhuma_execucao_automatica
MV2_DATA_01_TGT_00038_STEP_11,MV2_DATA_01_TGT_00038,0edffece4cccc865,CUR_01059,Curitiba,11,marcar review_status (CONFIRMED/PARTIAL/REJECTED),review_status_preenchido,CONFIRMED|PARTIAL|REJECTED,sem_revisor_nao_marcar_CONFIRMED,false,passo_de_revisao_humana;nenhuma_execucao_automatica
MV2_DATA_01_TGT_00038_STEP_12,MV2_DATA_01_TGT_00038,0edffece4cccc865,CUR_01059,Curitiba,12,nao preencher nada se nao houver evidencia,campos_vazios_quando_sem_evidencia,vazio,ausencia_de_evidencia_nunca_vira_valor_inventado_nem_negativo,true,passo_de_revisao_humana;nenhuma_execucao_automatica
MV2_DATA_01_TGT_00039_STEP_01,MV2_DATA_01_TGT_00039,3920489d27973c77,CUR_01065,Curitiba,1,abrir o GEE Code Editor / Tasks autenticado,sessao_GEE_ativa,screenshot_ou_url_de_sessao,sem_acesso_ao_GEE_nao_prossegue,true,passo_de_revisao_humana;nenhuma_execucao_automatica
MV2_DATA_01_TGT_00039_STEP_02,MV2_DATA_01_TGT_00039,3920489d27973c77,CUR_01065,Curitiba,2,localizar o script/export task original deste patch,nome_do_script_ou_export_task,texto_export_task_name_ou_caminho_de_script,nao_inferir_export_por_nome_de_arquivo_de_patch,true,passo_de_revisao_humana;nenhuma_execucao_automatica
MV2_DATA_01_TGT_00039_STEP_03,MV2_DATA_01_TGT_00039,3920489d27973c77,CUR_01065,Curitiba,3,localizar a imagem Sentinel-2 efetivamente usada,image_id_da_colecao_S2,ee_image_id_ou_system_index,nao_assumir_imagem_por_cidade_regiao_ou_tile,true,passo_de_revisao_humana;nenhuma_execucao_automatica
MV2_DATA_01_TGT_00039_STEP_04,MV2_DATA_01_TGT_00039,3920489d27973c77,CUR_01065,Curitiba,4,copiar o PRODUCT_ID,PRODUCT_ID_da_imagem,S2[AB]_MSIL2A_AAAAMMDDTHHMMSS_..._TXXYYY_AAAAMMDDTHHMMSS,nao_aceitar_PRODUCT_ID_sem_origem_GEE,true,passo_de_revisao_humana;nenhuma_execucao_automatica
MV2_DATA_01_TGT_00039_STEP_05,MV2_DATA_01_TGT_00039,3920489d27973c77,CUR_01065,Curitiba,5,copiar o acquisition datetime,system_time_start_convertido_para_ISO,AAAA-MM-DDTHH:MM:SS,rejeitar_datetime_futuro_ou_fora_de_2015_2024,true,passo_de_revisao_humana;nenhuma_execucao_automatica
MV2_DATA_01_TGT_00039_STEP_06,MV2_DATA_01_TGT_00039,3920489d27973c77,CUR_01065,Curitiba,6,copiar o MGRS_TILE,MGRS_TILE_da_imagem,TXXLLL_ex_T25M...,nao_usar_T23KPR_nem_tile_por_zona_como_vinculo_automatico,true,passo_de_revisao_humana;nenhuma_execucao_automatica
MV2_DATA_01_TGT_00039_STEP_07,MV2_DATA_01_TGT_00039,3920489d27973c77,CUR_01065,Curitiba,7,copiar o CLOUDY_PIXEL_PERCENTAGE,CLOUDY_PIXEL_PERCENTAGE,float_0_a_100,nao_inventar_cobertura_de_nuvem,false,passo_de_revisao_humana;nenhuma_execucao_automatica
MV2_DATA_01_TGT_00039_STEP_08,MV2_DATA_01_TGT_00039,3920489d27973c77,CUR_01065,Curitiba,8,copiar o DATATAKE_IDENTIFIER,DATATAKE_IDENTIFIER,GS2[AB]_AAAAMMDDTHHMMSS_NNNNNN_NXXYY,nao_inferir_datatake_de_outro_produto,false,passo_de_revisao_humana;nenhuma_execucao_automatica
MV2_DATA_01_TGT_00039_STEP_09,MV2_DATA_01_TGT_00039,3920489d27973c77,CUR_01065,Curitiba,9,registrar a collection usada,id_da_colecao_GEE,COPERNICUS/S2_SR_HARMONIZED_ou_equivalente,nao_assumir_colecao_sem_evidencia,false,passo_de_revisao_humana;nenhuma_execucao_automatica
MV2_DATA_01_TGT_00039_STEP_10,MV2_DATA_01_TGT_00039,3920489d27973c77,CUR_01065,Curitiba,10,registrar a evidencia local (export/print/log),referencia_local_da_evidencia,caminho_local_relativo_ou_id_de_evidencia,nao_publicar_raster_bruto_como_evidencia,false,passo_de_revisao_humana;nenhuma_execucao_automatica
MV2_DATA_01_TGT_00039_STEP_11,MV2_DATA_01_TGT_00039,3920489d27973c77,CUR_01065,Curitiba,11,marcar review_status (CONFIRMED/PARTIAL/REJECTED),review_status_preenchido,CONFIRMED|PARTIAL|REJECTED,sem_revisor_nao_marcar_CONFIRMED,false,passo_de_revisao_humana;nenhuma_execucao_automatica
MV2_DATA_01_TGT_00039_STEP_12,MV2_DATA_01_TGT_00039,3920489d27973c77,CUR_01065,Curitiba,12,nao preencher nada se nao houver evidencia,campos_vazios_quando_sem_evidencia,vazio,ausencia_de_evidencia_nunca_vira_valor_inventado_nem_negativo,true,passo_de_revisao_humana;nenhuma_execucao_automatica
MV2_DATA_01_TGT_00040_STEP_01,MV2_DATA_01_TGT_00040,ccf3d26904581bfb,CUR_01075,Curitiba,1,abrir o GEE Code Editor / Tasks autenticado,sessao_GEE_ativa,screenshot_ou_url_de_sessao,sem_acesso_ao_GEE_nao_prossegue,true,passo_de_revisao_humana;nenhuma_execucao_automatica
MV2_DATA_01_TGT_00040_STEP_02,MV2_DATA_01_TGT_00040,ccf3d26904581bfb,CUR_01075,Curitiba,2,localizar o script/export task original deste patch,nome_do_script_ou_export_task,texto_export_task_name_ou_caminho_de_script,nao_inferir_export_por_nome_de_arquivo_de_patch,true,passo_de_revisao_humana;nenhuma_execucao_automatica
MV2_DATA_01_TGT_00040_STEP_03,MV2_DATA_01_TGT_00040,ccf3d26904581bfb,CUR_01075,Curitiba,3,localizar a imagem Sentinel-2 efetivamente usada,image_id_da_colecao_S2,ee_image_id_ou_system_index,nao_assumir_imagem_por_cidade_regiao_ou_tile,true,passo_de_revisao_humana;nenhuma_execucao_automatica
MV2_DATA_01_TGT_00040_STEP_04,MV2_DATA_01_TGT_00040,ccf3d26904581bfb,CUR_01075,Curitiba,4,copiar o PRODUCT_ID,PRODUCT_ID_da_imagem,S2[AB]_MSIL2A_AAAAMMDDTHHMMSS_..._TXXYYY_AAAAMMDDTHHMMSS,nao_aceitar_PRODUCT_ID_sem_origem_GEE,true,passo_de_revisao_humana;nenhuma_execucao_automatica
MV2_DATA_01_TGT_00040_STEP_05,MV2_DATA_01_TGT_00040,ccf3d26904581bfb,CUR_01075,Curitiba,5,copiar o acquisition datetime,system_time_start_convertido_para_ISO,AAAA-MM-DDTHH:MM:SS,rejeitar_datetime_futuro_ou_fora_de_2015_2024,true,passo_de_revisao_humana;nenhuma_execucao_automatica
MV2_DATA_01_TGT_00040_STEP_06,MV2_DATA_01_TGT_00040,ccf3d26904581bfb,CUR_01075,Curitiba,6,copiar o MGRS_TILE,MGRS_TILE_da_imagem,TXXLLL_ex_T25M...,nao_usar_T23KPR_nem_tile_por_zona_como_vinculo_automatico,true,passo_de_revisao_humana;nenhuma_execucao_automatica
MV2_DATA_01_TGT_00040_STEP_07,MV2_DATA_01_TGT_00040,ccf3d26904581bfb,CUR_01075,Curitiba,7,copiar o CLOUDY_PIXEL_PERCENTAGE,CLOUDY_PIXEL_PERCENTAGE,float_0_a_100,nao_inventar_cobertura_de_nuvem,false,passo_de_revisao_humana;nenhuma_execucao_automatica
MV2_DATA_01_TGT_00040_STEP_08,MV2_DATA_01_TGT_00040,ccf3d26904581bfb,CUR_01075,Curitiba,8,copiar o DATATAKE_IDENTIFIER,DATATAKE_IDENTIFIER,GS2[AB]_AAAAMMDDTHHMMSS_NNNNNN_NXXYY,nao_inferir_datatake_de_outro_produto,false,passo_de_revisao_humana;nenhuma_execucao_automatica
MV2_DATA_01_TGT_00040_STEP_09,MV2_DATA_01_TGT_00040,ccf3d26904581bfb,CUR_01075,Curitiba,9,registrar a collection usada,id_da_colecao_GEE,COPERNICUS/S2_SR_HARMONIZED_ou_equivalente,nao_assumir_colecao_sem_evidencia,false,passo_de_revisao_humana;nenhuma_execucao_automatica
MV2_DATA_01_TGT_00040_STEP_10,MV2_DATA_01_TGT_00040,ccf3d26904581bfb,CUR_01075,Curitiba,10,registrar a evidencia local (export/print/log),referencia_local_da_evidencia,caminho_local_relativo_ou_id_de_evidencia,nao_publicar_raster_bruto_como_evidencia,false,passo_de_revisao_humana;nenhuma_execucao_automatica
MV2_DATA_01_TGT_00040_STEP_11,MV2_DATA_01_TGT_00040,ccf3d26904581bfb,CUR_01075,Curitiba,11,marcar review_status (CONFIRMED/PARTIAL/REJECTED),review_status_preenchido,CONFIRMED|PARTIAL|REJECTED,sem_revisor_nao_marcar_CONFIRMED,false,passo_de_revisao_humana;nenhuma_execucao_automatica
MV2_DATA_01_TGT_00040_STEP_12,MV2_DATA_01_TGT_00040,ccf3d26904581bfb,CUR_01075,Curitiba,12,nao preencher nada se nao houver evidencia,campos_vazios_quando_sem_evidencia,vazio,ausencia_de_evidencia_nunca_vira_valor_inventado_nem_negativo,true,passo_de_revisao_humana;nenhuma_execucao_automatica
MV2_DATA_01_TGT_00041_STEP_01,MV2_DATA_01_TGT_00041,c2c0aa29a7982673,CUR_01101,Curitiba,1,abrir o GEE Code Editor / Tasks autenticado,sessao_GEE_ativa,screenshot_ou_url_de_sessao,sem_acesso_ao_GEE_nao_prossegue,true,passo_de_revisao_humana;nenhuma_execucao_automatica
MV2_DATA_01_TGT_00041_STEP_02,MV2_DATA_01_TGT_00041,c2c0aa29a7982673,CUR_01101,Curitiba,2,localizar o script/export task original deste patch,nome_do_script_ou_export_task,texto_export_task_name_ou_caminho_de_script,nao_inferir_export_por_nome_de_arquivo_de_patch,true,passo_de_revisao_humana;nenhuma_execucao_automatica
MV2_DATA_01_TGT_00041_STEP_03,MV2_DATA_01_TGT_00041,c2c0aa29a7982673,CUR_01101,Curitiba,3,localizar a imagem Sentinel-2 efetivamente usada,image_id_da_colecao_S2,ee_image_id_ou_system_index,nao_assumir_imagem_por_cidade_regiao_ou_tile,true,passo_de_revisao_humana;nenhuma_execucao_automatica
MV2_DATA_01_TGT_00041_STEP_04,MV2_DATA_01_TGT_00041,c2c0aa29a7982673,CUR_01101,Curitiba,4,copiar o PRODUCT_ID,PRODUCT_ID_da_imagem,S2[AB]_MSIL2A_AAAAMMDDTHHMMSS_..._TXXYYY_AAAAMMDDTHHMMSS,nao_aceitar_PRODUCT_ID_sem_origem_GEE,true,passo_de_revisao_humana;nenhuma_execucao_automatica
MV2_DATA_01_TGT_00041_STEP_05,MV2_DATA_01_TGT_00041,c2c0aa29a7982673,CUR_01101,Curitiba,5,copiar o acquisition datetime,system_time_start_convertido_para_ISO,AAAA-MM-DDTHH:MM:SS,rejeitar_datetime_futuro_ou_fora_de_2015_2024,true,passo_de_revisao_humana;nenhuma_execucao_automatica
MV2_DATA_01_TGT_00041_STEP_06,MV2_DATA_01_TGT_00041,c2c0aa29a7982673,CUR_01101,Curitiba,6,copiar o MGRS_TILE,MGRS_TILE_da_imagem,TXXLLL_ex_T25M...,nao_usar_T23KPR_nem_tile_por_zona_como_vinculo_automatico,true,passo_de_revisao_humana;nenhuma_execucao_automatica
MV2_DATA_01_TGT_00041_STEP_07,MV2_DATA_01_TGT_00041,c2c0aa29a7982673,CUR_01101,Curitiba,7,copiar o CLOUDY_PIXEL_PERCENTAGE,CLOUDY_PIXEL_PERCENTAGE,float_0_a_100,nao_inventar_cobertura_de_nuvem,false,passo_de_revisao_humana;nenhuma_execucao_automatica
MV2_DATA_01_TGT_00041_STEP_08,MV2_DATA_01_TGT_00041,c2c0aa29a7982673,CUR_01101,Curitiba,8,copiar o DATATAKE_IDENTIFIER,DATATAKE_IDENTIFIER,GS2[AB]_AAAAMMDDTHHMMSS_NNNNNN_NXXYY,nao_inferir_datatake_de_outro_produto,false,passo_de_revisao_humana;nenhuma_execucao_automatica
MV2_DATA_01_TGT_00041_STEP_09,MV2_DATA_01_TGT_00041,c2c0aa29a7982673,CUR_01101,Curitiba,9,registrar a collection usada,id_da_colecao_GEE,COPERNICUS/S2_SR_HARMONIZED_ou_equivalente,nao_assumir_colecao_sem_evidencia,false,passo_de_revisao_humana;nenhuma_execucao_automatica
MV2_DATA_01_TGT_00041_STEP_10,MV2_DATA_01_TGT_00041,c2c0aa29a7982673,CUR_01101,Curitiba,10,registrar a evidencia local (export/print/log),referencia_local_da_evidencia,caminho_local_relativo_ou_id_de_evidencia,nao_publicar_raster_bruto_como_evidencia,false,passo_de_revisao_humana;nenhuma_execucao_automatica
MV2_DATA_01_TGT_00041_STEP_11,MV2_DATA_01_TGT_00041,c2c0aa29a7982673,CUR_01101,Curitiba,11,marcar review_status (CONFIRMED/PARTIAL/REJECTED),review_status_preenchido,CONFIRMED|PARTIAL|REJECTED,sem_revisor_nao_marcar_CONFIRMED,false,passo_de_revisao_humana;nenhuma_execucao_automatica
MV2_DATA_01_TGT_00041_STEP_12,MV2_DATA_01_TGT_00041,c2c0aa29a7982673,CUR_01101,Curitiba,12,nao preencher nada se nao houver evidencia,campos_vazios_quando_sem_evidencia,vazio,ausencia_de_evidencia_nunca_vira_valor_inventado_nem_negativo,true,passo_de_revisao_humana;nenhuma_execucao_automatica
MV2_DATA_01_TGT_00042_STEP_01,MV2_DATA_01_TGT_00042,39f1df386114a8f8,CUR_01145,Curitiba,1,abrir o GEE Code Editor / Tasks autenticado,sessao_GEE_ativa,screenshot_ou_url_de_sessao,sem_acesso_ao_GEE_nao_prossegue,true,passo_de_revisao_humana;nenhuma_execucao_automatica
MV2_DATA_01_TGT_00042_STEP_02,MV2_DATA_01_TGT_00042,39f1df386114a8f8,CUR_01145,Curitiba,2,localizar o script/export task original deste patch,nome_do_script_ou_export_task,texto_export_task_name_ou_caminho_de_script,nao_inferir_export_por_nome_de_arquivo_de_patch,true,passo_de_revisao_humana;nenhuma_execucao_automatica
MV2_DATA_01_TGT_00042_STEP_03,MV2_DATA_01_TGT_00042,39f1df386114a8f8,CUR_01145,Curitiba,3,localizar a imagem Sentinel-2 efetivamente usada,image_id_da_colecao_S2,ee_image_id_ou_system_index,nao_assumir_imagem_por_cidade_regiao_ou_tile,true,passo_de_revisao_humana;nenhuma_execucao_automatica
MV2_DATA_01_TGT_00042_STEP_04,MV2_DATA_01_TGT_00042,39f1df386114a8f8,CUR_01145,Curitiba,4,copiar o PRODUCT_ID,PRODUCT_ID_da_imagem,S2[AB]_MSIL2A_AAAAMMDDTHHMMSS_..._TXXYYY_AAAAMMDDTHHMMSS,nao_aceitar_PRODUCT_ID_sem_origem_GEE,true,passo_de_revisao_humana;nenhuma_execucao_automatica
MV2_DATA_01_TGT_00042_STEP_05,MV2_DATA_01_TGT_00042,39f1df386114a8f8,CUR_01145,Curitiba,5,copiar o acquisition datetime,system_time_start_convertido_para_ISO,AAAA-MM-DDTHH:MM:SS,rejeitar_datetime_futuro_ou_fora_de_2015_2024,true,passo_de_revisao_humana;nenhuma_execucao_automatica
MV2_DATA_01_TGT_00042_STEP_06,MV2_DATA_01_TGT_00042,39f1df386114a8f8,CUR_01145,Curitiba,6,copiar o MGRS_TILE,MGRS_TILE_da_imagem,TXXLLL_ex_T25M...,nao_usar_T23KPR_nem_tile_por_zona_como_vinculo_automatico,true,passo_de_revisao_humana;nenhuma_execucao_automatica
MV2_DATA_01_TGT_00042_STEP_07,MV2_DATA_01_TGT_00042,39f1df386114a8f8,CUR_01145,Curitiba,7,copiar o CLOUDY_PIXEL_PERCENTAGE,CLOUDY_PIXEL_PERCENTAGE,float_0_a_100,nao_inventar_cobertura_de_nuvem,false,passo_de_revisao_humana;nenhuma_execucao_automatica
MV2_DATA_01_TGT_00042_STEP_08,MV2_DATA_01_TGT_00042,39f1df386114a8f8,CUR_01145,Curitiba,8,copiar o DATATAKE_IDENTIFIER,DATATAKE_IDENTIFIER,GS2[AB]_AAAAMMDDTHHMMSS_NNNNNN_NXXYY,nao_inferir_datatake_de_outro_produto,false,passo_de_revisao_humana;nenhuma_execucao_automatica
MV2_DATA_01_TGT_00042_STEP_09,MV2_DATA_01_TGT_00042,39f1df386114a8f8,CUR_01145,Curitiba,9,registrar a collection usada,id_da_colecao_GEE,COPERNICUS/S2_SR_HARMONIZED_ou_equivalente,nao_assumir_colecao_sem_evidencia,false,passo_de_revisao_humana;nenhuma_execucao_automatica
MV2_DATA_01_TGT_00042_STEP_10,MV2_DATA_01_TGT_00042,39f1df386114a8f8,CUR_01145,Curitiba,10,registrar a evidencia local (export/print/log),referencia_local_da_evidencia,caminho_local_relativo_ou_id_de_evidencia,nao_publicar_raster_bruto_como_evidencia,false,passo_de_revisao_humana;nenhuma_execucao_automatica
MV2_DATA_01_TGT_00042_STEP_11,MV2_DATA_01_TGT_00042,39f1df386114a8f8,CUR_01145,Curitiba,11,marcar review_status (CONFIRMED/PARTIAL/REJECTED),review_status_preenchido,CONFIRMED|PARTIAL|REJECTED,sem_revisor_nao_marcar_CONFIRMED,false,passo_de_revisao_humana;nenhuma_execucao_automatica
MV2_DATA_01_TGT_00042_STEP_12,MV2_DATA_01_TGT_00042,39f1df386114a8f8,CUR_01145,Curitiba,12,nao preencher nada se nao houver evidencia,campos_vazios_quando_sem_evidencia,vazio,ausencia_de_evidencia_nunca_vira_valor_inventado_nem_negativo,true,passo_de_revisao_humana;nenhuma_execucao_automatica
MV2_DATA_01_TGT_00043_STEP_01,MV2_DATA_01_TGT_00043,11032e4a427cf611,CUR_01324,Curitiba,1,abrir o GEE Code Editor / Tasks autenticado,sessao_GEE_ativa,screenshot_ou_url_de_sessao,sem_acesso_ao_GEE_nao_prossegue,true,passo_de_revisao_humana;nenhuma_execucao_automatica
MV2_DATA_01_TGT_00043_STEP_02,MV2_DATA_01_TGT_00043,11032e4a427cf611,CUR_01324,Curitiba,2,localizar o script/export task original deste patch,nome_do_script_ou_export_task,texto_export_task_name_ou_caminho_de_script,nao_inferir_export_por_nome_de_arquivo_de_patch,true,passo_de_revisao_humana;nenhuma_execucao_automatica
MV2_DATA_01_TGT_00043_STEP_03,MV2_DATA_01_TGT_00043,11032e4a427cf611,CUR_01324,Curitiba,3,localizar a imagem Sentinel-2 efetivamente usada,image_id_da_colecao_S2,ee_image_id_ou_system_index,nao_assumir_imagem_por_cidade_regiao_ou_tile,true,passo_de_revisao_humana;nenhuma_execucao_automatica
MV2_DATA_01_TGT_00043_STEP_04,MV2_DATA_01_TGT_00043,11032e4a427cf611,CUR_01324,Curitiba,4,copiar o PRODUCT_ID,PRODUCT_ID_da_imagem,S2[AB]_MSIL2A_AAAAMMDDTHHMMSS_..._TXXYYY_AAAAMMDDTHHMMSS,nao_aceitar_PRODUCT_ID_sem_origem_GEE,true,passo_de_revisao_humana;nenhuma_execucao_automatica
MV2_DATA_01_TGT_00043_STEP_05,MV2_DATA_01_TGT_00043,11032e4a427cf611,CUR_01324,Curitiba,5,copiar o acquisition datetime,system_time_start_convertido_para_ISO,AAAA-MM-DDTHH:MM:SS,rejeitar_datetime_futuro_ou_fora_de_2015_2024,true,passo_de_revisao_humana;nenhuma_execucao_automatica
MV2_DATA_01_TGT_00043_STEP_06,MV2_DATA_01_TGT_00043,11032e4a427cf611,CUR_01324,Curitiba,6,copiar o MGRS_TILE,MGRS_TILE_da_imagem,TXXLLL_ex_T25M...,nao_usar_T23KPR_nem_tile_por_zona_como_vinculo_automatico,true,passo_de_revisao_humana;nenhuma_execucao_automatica
MV2_DATA_01_TGT_00043_STEP_07,MV2_DATA_01_TGT_00043,11032e4a427cf611,CUR_01324,Curitiba,7,copiar o CLOUDY_PIXEL_PERCENTAGE,CLOUDY_PIXEL_PERCENTAGE,float_0_a_100,nao_inventar_cobertura_de_nuvem,false,passo_de_revisao_humana;nenhuma_execucao_automatica
MV2_DATA_01_TGT_00043_STEP_08,MV2_DATA_01_TGT_00043,11032e4a427cf611,CUR_01324,Curitiba,8,copiar o DATATAKE_IDENTIFIER,DATATAKE_IDENTIFIER,GS2[AB]_AAAAMMDDTHHMMSS_NNNNNN_NXXYY,nao_inferir_datatake_de_outro_produto,false,passo_de_revisao_humana;nenhuma_execucao_automatica
MV2_DATA_01_TGT_00043_STEP_09,MV2_DATA_01_TGT_00043,11032e4a427cf611,CUR_01324,Curitiba,9,registrar a collection usada,id_da_colecao_GEE,COPERNICUS/S2_SR_HARMONIZED_ou_equivalente,nao_assumir_colecao_sem_evidencia,false,passo_de_revisao_humana;nenhuma_execucao_automatica
MV2_DATA_01_TGT_00043_STEP_10,MV2_DATA_01_TGT_00043,11032e4a427cf611,CUR_01324,Curitiba,10,registrar a evidencia local (export/print/log),referencia_local_da_evidencia,caminho_local_relativo_ou_id_de_evidencia,nao_publicar_raster_bruto_como_evidencia,false,passo_de_revisao_humana;nenhuma_execucao_automatica
MV2_DATA_01_TGT_00043_STEP_11,MV2_DATA_01_TGT_00043,11032e4a427cf611,CUR_01324,Curitiba,11,marcar review_status (CONFIRMED/PARTIAL/REJECTED),review_status_preenchido,CONFIRMED|PARTIAL|REJECTED,sem_revisor_nao_marcar_CONFIRMED,false,passo_de_revisao_humana;nenhuma_execucao_automatica
MV2_DATA_01_TGT_00043_STEP_12,MV2_DATA_01_TGT_00043,11032e4a427cf611,CUR_01324,Curitiba,12,nao preencher nada se nao houver evidencia,campos_vazios_quando_sem_evidencia,vazio,ausencia_de_evidencia_nunca_vira_valor_inventado_nem_negativo,true,passo_de_revisao_humana;nenhuma_execucao_automatica
MV2_DATA_01_TGT_00044_STEP_01,MV2_DATA_01_TGT_00044,19a5de5df7bd0cf8,PET_00016,Petropolis,1,abrir o GEE Code Editor / Tasks autenticado,sessao_GEE_ativa,screenshot_ou_url_de_sessao,sem_acesso_ao_GEE_nao_prossegue,true,passo_de_revisao_humana;nenhuma_execucao_automatica
MV2_DATA_01_TGT_00044_STEP_02,MV2_DATA_01_TGT_00044,19a5de5df7bd0cf8,PET_00016,Petropolis,2,localizar o script/export task original deste patch,nome_do_script_ou_export_task,texto_export_task_name_ou_caminho_de_script,nao_inferir_export_por_nome_de_arquivo_de_patch,true,passo_de_revisao_humana;nenhuma_execucao_automatica
MV2_DATA_01_TGT_00044_STEP_03,MV2_DATA_01_TGT_00044,19a5de5df7bd0cf8,PET_00016,Petropolis,3,localizar a imagem Sentinel-2 efetivamente usada,image_id_da_colecao_S2,ee_image_id_ou_system_index,nao_assumir_imagem_por_cidade_regiao_ou_tile,true,passo_de_revisao_humana;nenhuma_execucao_automatica
MV2_DATA_01_TGT_00044_STEP_04,MV2_DATA_01_TGT_00044,19a5de5df7bd0cf8,PET_00016,Petropolis,4,copiar o PRODUCT_ID,PRODUCT_ID_da_imagem,S2[AB]_MSIL2A_AAAAMMDDTHHMMSS_..._TXXYYY_AAAAMMDDTHHMMSS,nao_aceitar_PRODUCT_ID_sem_origem_GEE,true,passo_de_revisao_humana;nenhuma_execucao_automatica
MV2_DATA_01_TGT_00044_STEP_05,MV2_DATA_01_TGT_00044,19a5de5df7bd0cf8,PET_00016,Petropolis,5,copiar o acquisition datetime,system_time_start_convertido_para_ISO,AAAA-MM-DDTHH:MM:SS,rejeitar_datetime_futuro_ou_fora_de_2015_2024,true,passo_de_revisao_humana;nenhuma_execucao_automatica
MV2_DATA_01_TGT_00044_STEP_06,MV2_DATA_01_TGT_00044,19a5de5df7bd0cf8,PET_00016,Petropolis,6,copiar o MGRS_TILE,MGRS_TILE_da_imagem,TXXLLL_ex_T25M...,nao_usar_T23KPR_nem_tile_por_zona_como_vinculo_automatico,true,passo_de_revisao_humana;nenhuma_execucao_automatica
MV2_DATA_01_TGT_00044_STEP_07,MV2_DATA_01_TGT_00044,19a5de5df7bd0cf8,PET_00016,Petropolis,7,copiar o CLOUDY_PIXEL_PERCENTAGE,CLOUDY_PIXEL_PERCENTAGE,float_0_a_100,nao_inventar_cobertura_de_nuvem,false,passo_de_revisao_humana;nenhuma_execucao_automatica
MV2_DATA_01_TGT_00044_STEP_08,MV2_DATA_01_TGT_00044,19a5de5df7bd0cf8,PET_00016,Petropolis,8,copiar o DATATAKE_IDENTIFIER,DATATAKE_IDENTIFIER,GS2[AB]_AAAAMMDDTHHMMSS_NNNNNN_NXXYY,nao_inferir_datatake_de_outro_produto,false,passo_de_revisao_humana;nenhuma_execucao_automatica
MV2_DATA_01_TGT_00044_STEP_09,MV2_DATA_01_TGT_00044,19a5de5df7bd0cf8,PET_00016,Petropolis,9,registrar a collection usada,id_da_colecao_GEE,COPERNICUS/S2_SR_HARMONIZED_ou_equivalente,nao_assumir_colecao_sem_evidencia,false,passo_de_revisao_humana;nenhuma_execucao_automatica
MV2_DATA_01_TGT_00044_STEP_10,MV2_DATA_01_TGT_00044,19a5de5df7bd0cf8,PET_00016,Petropolis,10,registrar a evidencia local (export/print/log),referencia_local_da_evidencia,caminho_local_relativo_ou_id_de_evidencia,nao_publicar_raster_bruto_como_evidencia,false,passo_de_revisao_humana;nenhuma_execucao_automatica
MV2_DATA_01_TGT_00044_STEP_11,MV2_DATA_01_TGT_00044,19a5de5df7bd0cf8,PET_00016,Petropolis,11,marcar review_status (CONFIRMED/PARTIAL/REJECTED),review_status_preenchido,CONFIRMED|PARTIAL|REJECTED,sem_revisor_nao_marcar_CONFIRMED,false,passo_de_revisao_humana;nenhuma_execucao_automatica
MV2_DATA_01_TGT_00044_STEP_12,MV2_DATA_01_TGT_00044,19a5de5df7bd0cf8,PET_00016,Petropolis,12,nao preencher nada se nao houver evidencia,campos_vazios_quando_sem_evidencia,vazio,ausencia_de_evidencia_nunca_vira_valor_inventado_nem_negativo,true,passo_de_revisao_humana;nenhuma_execucao_automatica
MV2_DATA_01_TGT_00045_STEP_01,MV2_DATA_01_TGT_00045,6641fb7c86ae0cbc,PET_00104,Petropolis,1,abrir o GEE Code Editor / Tasks autenticado,sessao_GEE_ativa,screenshot_ou_url_de_sessao,sem_acesso_ao_GEE_nao_prossegue,true,passo_de_revisao_humana;nenhuma_execucao_automatica
MV2_DATA_01_TGT_00045_STEP_02,MV2_DATA_01_TGT_00045,6641fb7c86ae0cbc,PET_00104,Petropolis,2,localizar o script/export task original deste patch,nome_do_script_ou_export_task,texto_export_task_name_ou_caminho_de_script,nao_inferir_export_por_nome_de_arquivo_de_patch,true,passo_de_revisao_humana;nenhuma_execucao_automatica
MV2_DATA_01_TGT_00045_STEP_03,MV2_DATA_01_TGT_00045,6641fb7c86ae0cbc,PET_00104,Petropolis,3,localizar a imagem Sentinel-2 efetivamente usada,image_id_da_colecao_S2,ee_image_id_ou_system_index,nao_assumir_imagem_por_cidade_regiao_ou_tile,true,passo_de_revisao_humana;nenhuma_execucao_automatica
MV2_DATA_01_TGT_00045_STEP_04,MV2_DATA_01_TGT_00045,6641fb7c86ae0cbc,PET_00104,Petropolis,4,copiar o PRODUCT_ID,PRODUCT_ID_da_imagem,S2[AB]_MSIL2A_AAAAMMDDTHHMMSS_..._TXXYYY_AAAAMMDDTHHMMSS,nao_aceitar_PRODUCT_ID_sem_origem_GEE,true,passo_de_revisao_humana;nenhuma_execucao_automatica
MV2_DATA_01_TGT_00045_STEP_05,MV2_DATA_01_TGT_00045,6641fb7c86ae0cbc,PET_00104,Petropolis,5,copiar o acquisition datetime,system_time_start_convertido_para_ISO,AAAA-MM-DDTHH:MM:SS,rejeitar_datetime_futuro_ou_fora_de_2015_2024,true,passo_de_revisao_humana;nenhuma_execucao_automatica
MV2_DATA_01_TGT_00045_STEP_06,MV2_DATA_01_TGT_00045,6641fb7c86ae0cbc,PET_00104,Petropolis,6,copiar o MGRS_TILE,MGRS_TILE_da_imagem,TXXLLL_ex_T25M...,nao_usar_T23KPR_nem_tile_por_zona_como_vinculo_automatico,true,passo_de_revisao_humana;nenhuma_execucao_automatica
MV2_DATA_01_TGT_00045_STEP_07,MV2_DATA_01_TGT_00045,6641fb7c86ae0cbc,PET_00104,Petropolis,7,copiar o CLOUDY_PIXEL_PERCENTAGE,CLOUDY_PIXEL_PERCENTAGE,float_0_a_100,nao_inventar_cobertura_de_nuvem,false,passo_de_revisao_humana;nenhuma_execucao_automatica
MV2_DATA_01_TGT_00045_STEP_08,MV2_DATA_01_TGT_00045,6641fb7c86ae0cbc,PET_00104,Petropolis,8,copiar o DATATAKE_IDENTIFIER,DATATAKE_IDENTIFIER,GS2[AB]_AAAAMMDDTHHMMSS_NNNNNN_NXXYY,nao_inferir_datatake_de_outro_produto,false,passo_de_revisao_humana;nenhuma_execucao_automatica
MV2_DATA_01_TGT_00045_STEP_09,MV2_DATA_01_TGT_00045,6641fb7c86ae0cbc,PET_00104,Petropolis,9,registrar a collection usada,id_da_colecao_GEE,COPERNICUS/S2_SR_HARMONIZED_ou_equivalente,nao_assumir_colecao_sem_evidencia,false,passo_de_revisao_humana;nenhuma_execucao_automatica
MV2_DATA_01_TGT_00045_STEP_10,MV2_DATA_01_TGT_00045,6641fb7c86ae0cbc,PET_00104,Petropolis,10,registrar a evidencia local (export/print/log),referencia_local_da_evidencia,caminho_local_relativo_ou_id_de_evidencia,nao_publicar_raster_bruto_como_evidencia,false,passo_de_revisao_humana;nenhuma_execucao_automatica
MV2_DATA_01_TGT_00045_STEP_11,MV2_DATA_01_TGT_00045,6641fb7c86ae0cbc,PET_00104,Petropolis,11,marcar review_status (CONFIRMED/PARTIAL/REJECTED),review_status_preenchido,CONFIRMED|PARTIAL|REJECTED,sem_revisor_nao_marcar_CONFIRMED,false,passo_de_revisao_humana;nenhuma_execucao_automatica
MV2_DATA_01_TGT_00045_STEP_12,MV2_DATA_01_TGT_00045,6641fb7c86ae0cbc,PET_00104,Petropolis,12,nao preencher nada se nao houver evidencia,campos_vazios_quando_sem_evidencia,vazio,ausencia_de_evidencia_nunca_vira_valor_inventado_nem_negativo,true,passo_de_revisao_humana;nenhuma_execucao_automatica
MV2_DATA_01_TGT_00046_STEP_01,MV2_DATA_01_TGT_00046,b041e9a668bd0924,PET_00119,Petropolis,1,abrir o GEE Code Editor / Tasks autenticado,sessao_GEE_ativa,screenshot_ou_url_de_sessao,sem_acesso_ao_GEE_nao_prossegue,true,passo_de_revisao_humana;nenhuma_execucao_automatica
MV2_DATA_01_TGT_00046_STEP_02,MV2_DATA_01_TGT_00046,b041e9a668bd0924,PET_00119,Petropolis,2,localizar o script/export task original deste patch,nome_do_script_ou_export_task,texto_export_task_name_ou_caminho_de_script,nao_inferir_export_por_nome_de_arquivo_de_patch,true,passo_de_revisao_humana;nenhuma_execucao_automatica
MV2_DATA_01_TGT_00046_STEP_03,MV2_DATA_01_TGT_00046,b041e9a668bd0924,PET_00119,Petropolis,3,localizar a imagem Sentinel-2 efetivamente usada,image_id_da_colecao_S2,ee_image_id_ou_system_index,nao_assumir_imagem_por_cidade_regiao_ou_tile,true,passo_de_revisao_humana;nenhuma_execucao_automatica
MV2_DATA_01_TGT_00046_STEP_04,MV2_DATA_01_TGT_00046,b041e9a668bd0924,PET_00119,Petropolis,4,copiar o PRODUCT_ID,PRODUCT_ID_da_imagem,S2[AB]_MSIL2A_AAAAMMDDTHHMMSS_..._TXXYYY_AAAAMMDDTHHMMSS,nao_aceitar_PRODUCT_ID_sem_origem_GEE,true,passo_de_revisao_humana;nenhuma_execucao_automatica
MV2_DATA_01_TGT_00046_STEP_05,MV2_DATA_01_TGT_00046,b041e9a668bd0924,PET_00119,Petropolis,5,copiar o acquisition datetime,system_time_start_convertido_para_ISO,AAAA-MM-DDTHH:MM:SS,rejeitar_datetime_futuro_ou_fora_de_2015_2024,true,passo_de_revisao_humana;nenhuma_execucao_automatica
MV2_DATA_01_TGT_00046_STEP_06,MV2_DATA_01_TGT_00046,b041e9a668bd0924,PET_00119,Petropolis,6,copiar o MGRS_TILE,MGRS_TILE_da_imagem,TXXLLL_ex_T25M...,nao_usar_T23KPR_nem_tile_por_zona_como_vinculo_automatico,true,passo_de_revisao_humana;nenhuma_execucao_automatica
MV2_DATA_01_TGT_00046_STEP_07,MV2_DATA_01_TGT_00046,b041e9a668bd0924,PET_00119,Petropolis,7,copiar o CLOUDY_PIXEL_PERCENTAGE,CLOUDY_PIXEL_PERCENTAGE,float_0_a_100,nao_inventar_cobertura_de_nuvem,false,passo_de_revisao_humana;nenhuma_execucao_automatica
MV2_DATA_01_TGT_00046_STEP_08,MV2_DATA_01_TGT_00046,b041e9a668bd0924,PET_00119,Petropolis,8,copiar o DATATAKE_IDENTIFIER,DATATAKE_IDENTIFIER,GS2[AB]_AAAAMMDDTHHMMSS_NNNNNN_NXXYY,nao_inferir_datatake_de_outro_produto,false,passo_de_revisao_humana;nenhuma_execucao_automatica
MV2_DATA_01_TGT_00046_STEP_09,MV2_DATA_01_TGT_00046,b041e9a668bd0924,PET_00119,Petropolis,9,registrar a collection usada,id_da_colecao_GEE,COPERNICUS/S2_SR_HARMONIZED_ou_equivalente,nao_assumir_colecao_sem_evidencia,false,passo_de_revisao_humana;nenhuma_execucao_automatica
MV2_DATA_01_TGT_00046_STEP_10,MV2_DATA_01_TGT_00046,b041e9a668bd0924,PET_00119,Petropolis,10,registrar a evidencia local (export/print/log),referencia_local_da_evidencia,caminho_local_relativo_ou_id_de_evidencia,nao_publicar_raster_bruto_como_evidencia,false,passo_de_revisao_humana;nenhuma_execucao_automatica
MV2_DATA_01_TGT_00046_STEP_11,MV2_DATA_01_TGT_00046,b041e9a668bd0924,PET_00119,Petropolis,11,marcar review_status (CONFIRMED/PARTIAL/REJECTED),review_status_preenchido,CONFIRMED|PARTIAL|REJECTED,sem_revisor_nao_marcar_CONFIRMED,false,passo_de_revisao_humana;nenhuma_execucao_automatica
MV2_DATA_01_TGT_00046_STEP_12,MV2_DATA_01_TGT_00046,b041e9a668bd0924,PET_00119,Petropolis,12,nao preencher nada se nao houver evidencia,campos_vazios_quando_sem_evidencia,vazio,ausencia_de_evidencia_nunca_vira_valor_inventado_nem_negativo,true,passo_de_revisao_humana;nenhuma_execucao_automatica
MV2_DATA_01_TGT_00047_STEP_01,MV2_DATA_01_TGT_00047,0e48288ff44594e1,PET_00140,Petropolis,1,abrir o GEE Code Editor / Tasks autenticado,sessao_GEE_ativa,screenshot_ou_url_de_sessao,sem_acesso_ao_GEE_nao_prossegue,true,passo_de_revisao_humana;nenhuma_execucao_automatica
MV2_DATA_01_TGT_00047_STEP_02,MV2_DATA_01_TGT_00047,0e48288ff44594e1,PET_00140,Petropolis,2,localizar o script/export task original deste patch,nome_do_script_ou_export_task,texto_export_task_name_ou_caminho_de_script,nao_inferir_export_por_nome_de_arquivo_de_patch,true,passo_de_revisao_humana;nenhuma_execucao_automatica
MV2_DATA_01_TGT_00047_STEP_03,MV2_DATA_01_TGT_00047,0e48288ff44594e1,PET_00140,Petropolis,3,localizar a imagem Sentinel-2 efetivamente usada,image_id_da_colecao_S2,ee_image_id_ou_system_index,nao_assumir_imagem_por_cidade_regiao_ou_tile,true,passo_de_revisao_humana;nenhuma_execucao_automatica
MV2_DATA_01_TGT_00047_STEP_04,MV2_DATA_01_TGT_00047,0e48288ff44594e1,PET_00140,Petropolis,4,copiar o PRODUCT_ID,PRODUCT_ID_da_imagem,S2[AB]_MSIL2A_AAAAMMDDTHHMMSS_..._TXXYYY_AAAAMMDDTHHMMSS,nao_aceitar_PRODUCT_ID_sem_origem_GEE,true,passo_de_revisao_humana;nenhuma_execucao_automatica
MV2_DATA_01_TGT_00047_STEP_05,MV2_DATA_01_TGT_00047,0e48288ff44594e1,PET_00140,Petropolis,5,copiar o acquisition datetime,system_time_start_convertido_para_ISO,AAAA-MM-DDTHH:MM:SS,rejeitar_datetime_futuro_ou_fora_de_2015_2024,true,passo_de_revisao_humana;nenhuma_execucao_automatica
MV2_DATA_01_TGT_00047_STEP_06,MV2_DATA_01_TGT_00047,0e48288ff44594e1,PET_00140,Petropolis,6,copiar o MGRS_TILE,MGRS_TILE_da_imagem,TXXLLL_ex_T25M...,nao_usar_T23KPR_nem_tile_por_zona_como_vinculo_automatico,true,passo_de_revisao_humana;nenhuma_execucao_automatica
MV2_DATA_01_TGT_00047_STEP_07,MV2_DATA_01_TGT_00047,0e48288ff44594e1,PET_00140,Petropolis,7,copiar o CLOUDY_PIXEL_PERCENTAGE,CLOUDY_PIXEL_PERCENTAGE,float_0_a_100,nao_inventar_cobertura_de_nuvem,false,passo_de_revisao_humana;nenhuma_execucao_automatica
MV2_DATA_01_TGT_00047_STEP_08,MV2_DATA_01_TGT_00047,0e48288ff44594e1,PET_00140,Petropolis,8,copiar o DATATAKE_IDENTIFIER,DATATAKE_IDENTIFIER,GS2[AB]_AAAAMMDDTHHMMSS_NNNNNN_NXXYY,nao_inferir_datatake_de_outro_produto,false,passo_de_revisao_humana;nenhuma_execucao_automatica
MV2_DATA_01_TGT_00047_STEP_09,MV2_DATA_01_TGT_00047,0e48288ff44594e1,PET_00140,Petropolis,9,registrar a collection usada,id_da_colecao_GEE,COPERNICUS/S2_SR_HARMONIZED_ou_equivalente,nao_assumir_colecao_sem_evidencia,false,passo_de_revisao_humana;nenhuma_execucao_automatica
MV2_DATA_01_TGT_00047_STEP_10,MV2_DATA_01_TGT_00047,0e48288ff44594e1,PET_00140,Petropolis,10,registrar a evidencia local (export/print/log),referencia_local_da_evidencia,caminho_local_relativo_ou_id_de_evidencia,nao_publicar_raster_bruto_como_evidencia,false,passo_de_revisao_humana;nenhuma_execucao_automatica
MV2_DATA_01_TGT_00047_STEP_11,MV2_DATA_01_TGT_00047,0e48288ff44594e1,PET_00140,Petropolis,11,marcar review_status (CONFIRMED/PARTIAL/REJECTED),review_status_preenchido,CONFIRMED|PARTIAL|REJECTED,sem_revisor_nao_marcar_CONFIRMED,false,passo_de_revisao_humana;nenhuma_execucao_automatica
MV2_DATA_01_TGT_00047_STEP_12,MV2_DATA_01_TGT_00047,0e48288ff44594e1,PET_00140,Petropolis,12,nao preencher nada se nao houver evidencia,campos_vazios_quando_sem_evidencia,vazio,ausencia_de_evidencia_nunca_vira_valor_inventado_nem_negativo,true,passo_de_revisao_humana;nenhuma_execucao_automatica
MV2_DATA_01_TGT_00048_STEP_01,MV2_DATA_01_TGT_00048,97982ae9e9aa55b2,PET_00240,Petropolis,1,abrir o GEE Code Editor / Tasks autenticado,sessao_GEE_ativa,screenshot_ou_url_de_sessao,sem_acesso_ao_GEE_nao_prossegue,true,passo_de_revisao_humana;nenhuma_execucao_automatica
MV2_DATA_01_TGT_00048_STEP_02,MV2_DATA_01_TGT_00048,97982ae9e9aa55b2,PET_00240,Petropolis,2,localizar o script/export task original deste patch,nome_do_script_ou_export_task,texto_export_task_name_ou_caminho_de_script,nao_inferir_export_por_nome_de_arquivo_de_patch,true,passo_de_revisao_humana;nenhuma_execucao_automatica
MV2_DATA_01_TGT_00048_STEP_03,MV2_DATA_01_TGT_00048,97982ae9e9aa55b2,PET_00240,Petropolis,3,localizar a imagem Sentinel-2 efetivamente usada,image_id_da_colecao_S2,ee_image_id_ou_system_index,nao_assumir_imagem_por_cidade_regiao_ou_tile,true,passo_de_revisao_humana;nenhuma_execucao_automatica
MV2_DATA_01_TGT_00048_STEP_04,MV2_DATA_01_TGT_00048,97982ae9e9aa55b2,PET_00240,Petropolis,4,copiar o PRODUCT_ID,PRODUCT_ID_da_imagem,S2[AB]_MSIL2A_AAAAMMDDTHHMMSS_..._TXXYYY_AAAAMMDDTHHMMSS,nao_aceitar_PRODUCT_ID_sem_origem_GEE,true,passo_de_revisao_humana;nenhuma_execucao_automatica
MV2_DATA_01_TGT_00048_STEP_05,MV2_DATA_01_TGT_00048,97982ae9e9aa55b2,PET_00240,Petropolis,5,copiar o acquisition datetime,system_time_start_convertido_para_ISO,AAAA-MM-DDTHH:MM:SS,rejeitar_datetime_futuro_ou_fora_de_2015_2024,true,passo_de_revisao_humana;nenhuma_execucao_automatica
MV2_DATA_01_TGT_00048_STEP_06,MV2_DATA_01_TGT_00048,97982ae9e9aa55b2,PET_00240,Petropolis,6,copiar o MGRS_TILE,MGRS_TILE_da_imagem,TXXLLL_ex_T25M...,nao_usar_T23KPR_nem_tile_por_zona_como_vinculo_automatico,true,passo_de_revisao_humana;nenhuma_execucao_automatica
MV2_DATA_01_TGT_00048_STEP_07,MV2_DATA_01_TGT_00048,97982ae9e9aa55b2,PET_00240,Petropolis,7,copiar o CLOUDY_PIXEL_PERCENTAGE,CLOUDY_PIXEL_PERCENTAGE,float_0_a_100,nao_inventar_cobertura_de_nuvem,false,passo_de_revisao_humana;nenhuma_execucao_automatica
MV2_DATA_01_TGT_00048_STEP_08,MV2_DATA_01_TGT_00048,97982ae9e9aa55b2,PET_00240,Petropolis,8,copiar o DATATAKE_IDENTIFIER,DATATAKE_IDENTIFIER,GS2[AB]_AAAAMMDDTHHMMSS_NNNNNN_NXXYY,nao_inferir_datatake_de_outro_produto,false,passo_de_revisao_humana;nenhuma_execucao_automatica
MV2_DATA_01_TGT_00048_STEP_09,MV2_DATA_01_TGT_00048,97982ae9e9aa55b2,PET_00240,Petropolis,9,registrar a collection usada,id_da_colecao_GEE,COPERNICUS/S2_SR_HARMONIZED_ou_equivalente,nao_assumir_colecao_sem_evidencia,false,passo_de_revisao_humana;nenhuma_execucao_automatica
MV2_DATA_01_TGT_00048_STEP_10,MV2_DATA_01_TGT_00048,97982ae9e9aa55b2,PET_00240,Petropolis,10,registrar a evidencia local (export/print/log),referencia_local_da_evidencia,caminho_local_relativo_ou_id_de_evidencia,nao_publicar_raster_bruto_como_evidencia,false,passo_de_revisao_humana;nenhuma_execucao_automatica
MV2_DATA_01_TGT_00048_STEP_11,MV2_DATA_01_TGT_00048,97982ae9e9aa55b2,PET_00240,Petropolis,11,marcar review_status (CONFIRMED/PARTIAL/REJECTED),review_status_preenchido,CONFIRMED|PARTIAL|REJECTED,sem_revisor_nao_marcar_CONFIRMED,false,passo_de_revisao_humana;nenhuma_execucao_automatica
MV2_DATA_01_TGT_00048_STEP_12,MV2_DATA_01_TGT_00048,97982ae9e9aa55b2,PET_00240,Petropolis,12,nao preencher nada se nao houver evidencia,campos_vazios_quando_sem_evidencia,vazio,ausencia_de_evidencia_nunca_vira_valor_inventado_nem_negativo,true,passo_de_revisao_humana;nenhuma_execucao_automatica
MV2_DATA_01_TGT_00049_STEP_01,MV2_DATA_01_TGT_00049,80f17dcf7c144c24,PET_00257,Petropolis,1,abrir o GEE Code Editor / Tasks autenticado,sessao_GEE_ativa,screenshot_ou_url_de_sessao,sem_acesso_ao_GEE_nao_prossegue,true,passo_de_revisao_humana;nenhuma_execucao_automatica
MV2_DATA_01_TGT_00049_STEP_02,MV2_DATA_01_TGT_00049,80f17dcf7c144c24,PET_00257,Petropolis,2,localizar o script/export task original deste patch,nome_do_script_ou_export_task,texto_export_task_name_ou_caminho_de_script,nao_inferir_export_por_nome_de_arquivo_de_patch,true,passo_de_revisao_humana;nenhuma_execucao_automatica
MV2_DATA_01_TGT_00049_STEP_03,MV2_DATA_01_TGT_00049,80f17dcf7c144c24,PET_00257,Petropolis,3,localizar a imagem Sentinel-2 efetivamente usada,image_id_da_colecao_S2,ee_image_id_ou_system_index,nao_assumir_imagem_por_cidade_regiao_ou_tile,true,passo_de_revisao_humana;nenhuma_execucao_automatica
MV2_DATA_01_TGT_00049_STEP_04,MV2_DATA_01_TGT_00049,80f17dcf7c144c24,PET_00257,Petropolis,4,copiar o PRODUCT_ID,PRODUCT_ID_da_imagem,S2[AB]_MSIL2A_AAAAMMDDTHHMMSS_..._TXXYYY_AAAAMMDDTHHMMSS,nao_aceitar_PRODUCT_ID_sem_origem_GEE,true,passo_de_revisao_humana;nenhuma_execucao_automatica
MV2_DATA_01_TGT_00049_STEP_05,MV2_DATA_01_TGT_00049,80f17dcf7c144c24,PET_00257,Petropolis,5,copiar o acquisition datetime,system_time_start_convertido_para_ISO,AAAA-MM-DDTHH:MM:SS,rejeitar_datetime_futuro_ou_fora_de_2015_2024,true,passo_de_revisao_humana;nenhuma_execucao_automatica
MV2_DATA_01_TGT_00049_STEP_06,MV2_DATA_01_TGT_00049,80f17dcf7c144c24,PET_00257,Petropolis,6,copiar o MGRS_TILE,MGRS_TILE_da_imagem,TXXLLL_ex_T25M...,nao_usar_T23KPR_nem_tile_por_zona_como_vinculo_automatico,true,passo_de_revisao_humana;nenhuma_execucao_automatica
MV2_DATA_01_TGT_00049_STEP_07,MV2_DATA_01_TGT_00049,80f17dcf7c144c24,PET_00257,Petropolis,7,copiar o CLOUDY_PIXEL_PERCENTAGE,CLOUDY_PIXEL_PERCENTAGE,float_0_a_100,nao_inventar_cobertura_de_nuvem,false,passo_de_revisao_humana;nenhuma_execucao_automatica
MV2_DATA_01_TGT_00049_STEP_08,MV2_DATA_01_TGT_00049,80f17dcf7c144c24,PET_00257,Petropolis,8,copiar o DATATAKE_IDENTIFIER,DATATAKE_IDENTIFIER,GS2[AB]_AAAAMMDDTHHMMSS_NNNNNN_NXXYY,nao_inferir_datatake_de_outro_produto,false,passo_de_revisao_humana;nenhuma_execucao_automatica
MV2_DATA_01_TGT_00049_STEP_09,MV2_DATA_01_TGT_00049,80f17dcf7c144c24,PET_00257,Petropolis,9,registrar a collection usada,id_da_colecao_GEE,COPERNICUS/S2_SR_HARMONIZED_ou_equivalente,nao_assumir_colecao_sem_evidencia,false,passo_de_revisao_humana;nenhuma_execucao_automatica
MV2_DATA_01_TGT_00049_STEP_10,MV2_DATA_01_TGT_00049,80f17dcf7c144c24,PET_00257,Petropolis,10,registrar a evidencia local (export/print/log),referencia_local_da_evidencia,caminho_local_relativo_ou_id_de_evidencia,nao_publicar_raster_bruto_como_evidencia,false,passo_de_revisao_humana;nenhuma_execucao_automatica
MV2_DATA_01_TGT_00049_STEP_11,MV2_DATA_01_TGT_00049,80f17dcf7c144c24,PET_00257,Petropolis,11,marcar review_status (CONFIRMED/PARTIAL/REJECTED),review_status_preenchido,CONFIRMED|PARTIAL|REJECTED,sem_revisor_nao_marcar_CONFIRMED,false,passo_de_revisao_humana;nenhuma_execucao_automatica
MV2_DATA_01_TGT_00049_STEP_12,MV2_DATA_01_TGT_00049,80f17dcf7c144c24,PET_00257,Petropolis,12,nao preencher nada se nao houver evidencia,campos_vazios_quando_sem_evidencia,vazio,ausencia_de_evidencia_nunca_vira_valor_inventado_nem_negativo,true,passo_de_revisao_humana;nenhuma_execucao_automatica
MV2_DATA_01_TGT_00050_STEP_01,MV2_DATA_01_TGT_00050,baad6378db108ac5,PET_00275,Petropolis,1,abrir o GEE Code Editor / Tasks autenticado,sessao_GEE_ativa,screenshot_ou_url_de_sessao,sem_acesso_ao_GEE_nao_prossegue,true,passo_de_revisao_humana;nenhuma_execucao_automatica
MV2_DATA_01_TGT_00050_STEP_02,MV2_DATA_01_TGT_00050,baad6378db108ac5,PET_00275,Petropolis,2,localizar o script/export task original deste patch,nome_do_script_ou_export_task,texto_export_task_name_ou_caminho_de_script,nao_inferir_export_por_nome_de_arquivo_de_patch,true,passo_de_revisao_humana;nenhuma_execucao_automatica
MV2_DATA_01_TGT_00050_STEP_03,MV2_DATA_01_TGT_00050,baad6378db108ac5,PET_00275,Petropolis,3,localizar a imagem Sentinel-2 efetivamente usada,image_id_da_colecao_S2,ee_image_id_ou_system_index,nao_assumir_imagem_por_cidade_regiao_ou_tile,true,passo_de_revisao_humana;nenhuma_execucao_automatica
MV2_DATA_01_TGT_00050_STEP_04,MV2_DATA_01_TGT_00050,baad6378db108ac5,PET_00275,Petropolis,4,copiar o PRODUCT_ID,PRODUCT_ID_da_imagem,S2[AB]_MSIL2A_AAAAMMDDTHHMMSS_..._TXXYYY_AAAAMMDDTHHMMSS,nao_aceitar_PRODUCT_ID_sem_origem_GEE,true,passo_de_revisao_humana;nenhuma_execucao_automatica
MV2_DATA_01_TGT_00050_STEP_05,MV2_DATA_01_TGT_00050,baad6378db108ac5,PET_00275,Petropolis,5,copiar o acquisition datetime,system_time_start_convertido_para_ISO,AAAA-MM-DDTHH:MM:SS,rejeitar_datetime_futuro_ou_fora_de_2015_2024,true,passo_de_revisao_humana;nenhuma_execucao_automatica
MV2_DATA_01_TGT_00050_STEP_06,MV2_DATA_01_TGT_00050,baad6378db108ac5,PET_00275,Petropolis,6,copiar o MGRS_TILE,MGRS_TILE_da_imagem,TXXLLL_ex_T25M...,nao_usar_T23KPR_nem_tile_por_zona_como_vinculo_automatico,true,passo_de_revisao_humana;nenhuma_execucao_automatica
MV2_DATA_01_TGT_00050_STEP_07,MV2_DATA_01_TGT_00050,baad6378db108ac5,PET_00275,Petropolis,7,copiar o CLOUDY_PIXEL_PERCENTAGE,CLOUDY_PIXEL_PERCENTAGE,float_0_a_100,nao_inventar_cobertura_de_nuvem,false,passo_de_revisao_humana;nenhuma_execucao_automatica
MV2_DATA_01_TGT_00050_STEP_08,MV2_DATA_01_TGT_00050,baad6378db108ac5,PET_00275,Petropolis,8,copiar o DATATAKE_IDENTIFIER,DATATAKE_IDENTIFIER,GS2[AB]_AAAAMMDDTHHMMSS_NNNNNN_NXXYY,nao_inferir_datatake_de_outro_produto,false,passo_de_revisao_humana;nenhuma_execucao_automatica
MV2_DATA_01_TGT_00050_STEP_09,MV2_DATA_01_TGT_00050,baad6378db108ac5,PET_00275,Petropolis,9,registrar a collection usada,id_da_colecao_GEE,COPERNICUS/S2_SR_HARMONIZED_ou_equivalente,nao_assumir_colecao_sem_evidencia,false,passo_de_revisao_humana;nenhuma_execucao_automatica
MV2_DATA_01_TGT_00050_STEP_10,MV2_DATA_01_TGT_00050,baad6378db108ac5,PET_00275,Petropolis,10,registrar a evidencia local (export/print/log),referencia_local_da_evidencia,caminho_local_relativo_ou_id_de_evidencia,nao_publicar_raster_bruto_como_evidencia,false,passo_de_revisao_humana;nenhuma_execucao_automatica
MV2_DATA_01_TGT_00050_STEP_11,MV2_DATA_01_TGT_00050,baad6378db108ac5,PET_00275,Petropolis,11,marcar review_status (CONFIRMED/PARTIAL/REJECTED),review_status_preenchido,CONFIRMED|PARTIAL|REJECTED,sem_revisor_nao_marcar_CONFIRMED,false,passo_de_revisao_humana;nenhuma_execucao_automatica
MV2_DATA_01_TGT_00050_STEP_12,MV2_DATA_01_TGT_00050,baad6378db108ac5,PET_00275,Petropolis,12,nao preencher nada se nao houver evidencia,campos_vazios_quando_sem_evidencia,vazio,ausencia_de_evidencia_nunca_vira_valor_inventado_nem_negativo,true,passo_de_revisao_humana;nenhuma_execucao_automatica
MV2_DATA_01_TGT_00051_STEP_01,MV2_DATA_01_TGT_00051,d7a11b32933e3837,PET_00291,Petropolis,1,abrir o GEE Code Editor / Tasks autenticado,sessao_GEE_ativa,screenshot_ou_url_de_sessao,sem_acesso_ao_GEE_nao_prossegue,true,passo_de_revisao_humana;nenhuma_execucao_automatica
MV2_DATA_01_TGT_00051_STEP_02,MV2_DATA_01_TGT_00051,d7a11b32933e3837,PET_00291,Petropolis,2,localizar o script/export task original deste patch,nome_do_script_ou_export_task,texto_export_task_name_ou_caminho_de_script,nao_inferir_export_por_nome_de_arquivo_de_patch,true,passo_de_revisao_humana;nenhuma_execucao_automatica
MV2_DATA_01_TGT_00051_STEP_03,MV2_DATA_01_TGT_00051,d7a11b32933e3837,PET_00291,Petropolis,3,localizar a imagem Sentinel-2 efetivamente usada,image_id_da_colecao_S2,ee_image_id_ou_system_index,nao_assumir_imagem_por_cidade_regiao_ou_tile,true,passo_de_revisao_humana;nenhuma_execucao_automatica
MV2_DATA_01_TGT_00051_STEP_04,MV2_DATA_01_TGT_00051,d7a11b32933e3837,PET_00291,Petropolis,4,copiar o PRODUCT_ID,PRODUCT_ID_da_imagem,S2[AB]_MSIL2A_AAAAMMDDTHHMMSS_..._TXXYYY_AAAAMMDDTHHMMSS,nao_aceitar_PRODUCT_ID_sem_origem_GEE,true,passo_de_revisao_humana;nenhuma_execucao_automatica
MV2_DATA_01_TGT_00051_STEP_05,MV2_DATA_01_TGT_00051,d7a11b32933e3837,PET_00291,Petropolis,5,copiar o acquisition datetime,system_time_start_convertido_para_ISO,AAAA-MM-DDTHH:MM:SS,rejeitar_datetime_futuro_ou_fora_de_2015_2024,true,passo_de_revisao_humana;nenhuma_execucao_automatica
MV2_DATA_01_TGT_00051_STEP_06,MV2_DATA_01_TGT_00051,d7a11b32933e3837,PET_00291,Petropolis,6,copiar o MGRS_TILE,MGRS_TILE_da_imagem,TXXLLL_ex_T25M...,nao_usar_T23KPR_nem_tile_por_zona_como_vinculo_automatico,true,passo_de_revisao_humana;nenhuma_execucao_automatica
MV2_DATA_01_TGT_00051_STEP_07,MV2_DATA_01_TGT_00051,d7a11b32933e3837,PET_00291,Petropolis,7,copiar o CLOUDY_PIXEL_PERCENTAGE,CLOUDY_PIXEL_PERCENTAGE,float_0_a_100,nao_inventar_cobertura_de_nuvem,false,passo_de_revisao_humana;nenhuma_execucao_automatica
MV2_DATA_01_TGT_00051_STEP_08,MV2_DATA_01_TGT_00051,d7a11b32933e3837,PET_00291,Petropolis,8,copiar o DATATAKE_IDENTIFIER,DATATAKE_IDENTIFIER,GS2[AB]_AAAAMMDDTHHMMSS_NNNNNN_NXXYY,nao_inferir_datatake_de_outro_produto,false,passo_de_revisao_humana;nenhuma_execucao_automatica
MV2_DATA_01_TGT_00051_STEP_09,MV2_DATA_01_TGT_00051,d7a11b32933e3837,PET_00291,Petropolis,9,registrar a collection usada,id_da_colecao_GEE,COPERNICUS/S2_SR_HARMONIZED_ou_equivalente,nao_assumir_colecao_sem_evidencia,false,passo_de_revisao_humana;nenhuma_execucao_automatica
MV2_DATA_01_TGT_00051_STEP_10,MV2_DATA_01_TGT_00051,d7a11b32933e3837,PET_00291,Petropolis,10,registrar a evidencia local (export/print/log),referencia_local_da_evidencia,caminho_local_relativo_ou_id_de_evidencia,nao_publicar_raster_bruto_como_evidencia,false,passo_de_revisao_humana;nenhuma_execucao_automatica
MV2_DATA_01_TGT_00051_STEP_11,MV2_DATA_01_TGT_00051,d7a11b32933e3837,PET_00291,Petropolis,11,marcar review_status (CONFIRMED/PARTIAL/REJECTED),review_status_preenchido,CONFIRMED|PARTIAL|REJECTED,sem_revisor_nao_marcar_CONFIRMED,false,passo_de_revisao_humana;nenhuma_execucao_automatica
MV2_DATA_01_TGT_00051_STEP_12,MV2_DATA_01_TGT_00051,d7a11b32933e3837,PET_00291,Petropolis,12,nao preencher nada se nao houver evidencia,campos_vazios_quando_sem_evidencia,vazio,ausencia_de_evidencia_nunca_vira_valor_inventado_nem_negativo,true,passo_de_revisao_humana;nenhuma_execucao_automatica
MV2_DATA_01_TGT_00052_STEP_01,MV2_DATA_01_TGT_00052,361ec9d9f687e27b,PET_00315,Petropolis,1,abrir o GEE Code Editor / Tasks autenticado,sessao_GEE_ativa,screenshot_ou_url_de_sessao,sem_acesso_ao_GEE_nao_prossegue,true,passo_de_revisao_humana;nenhuma_execucao_automatica
MV2_DATA_01_TGT_00052_STEP_02,MV2_DATA_01_TGT_00052,361ec9d9f687e27b,PET_00315,Petropolis,2,localizar o script/export task original deste patch,nome_do_script_ou_export_task,texto_export_task_name_ou_caminho_de_script,nao_inferir_export_por_nome_de_arquivo_de_patch,true,passo_de_revisao_humana;nenhuma_execucao_automatica
MV2_DATA_01_TGT_00052_STEP_03,MV2_DATA_01_TGT_00052,361ec9d9f687e27b,PET_00315,Petropolis,3,localizar a imagem Sentinel-2 efetivamente usada,image_id_da_colecao_S2,ee_image_id_ou_system_index,nao_assumir_imagem_por_cidade_regiao_ou_tile,true,passo_de_revisao_humana;nenhuma_execucao_automatica
MV2_DATA_01_TGT_00052_STEP_04,MV2_DATA_01_TGT_00052,361ec9d9f687e27b,PET_00315,Petropolis,4,copiar o PRODUCT_ID,PRODUCT_ID_da_imagem,S2[AB]_MSIL2A_AAAAMMDDTHHMMSS_..._TXXYYY_AAAAMMDDTHHMMSS,nao_aceitar_PRODUCT_ID_sem_origem_GEE,true,passo_de_revisao_humana;nenhuma_execucao_automatica
MV2_DATA_01_TGT_00052_STEP_05,MV2_DATA_01_TGT_00052,361ec9d9f687e27b,PET_00315,Petropolis,5,copiar o acquisition datetime,system_time_start_convertido_para_ISO,AAAA-MM-DDTHH:MM:SS,rejeitar_datetime_futuro_ou_fora_de_2015_2024,true,passo_de_revisao_humana;nenhuma_execucao_automatica
MV2_DATA_01_TGT_00052_STEP_06,MV2_DATA_01_TGT_00052,361ec9d9f687e27b,PET_00315,Petropolis,6,copiar o MGRS_TILE,MGRS_TILE_da_imagem,TXXLLL_ex_T25M...,nao_usar_T23KPR_nem_tile_por_zona_como_vinculo_automatico,true,passo_de_revisao_humana;nenhuma_execucao_automatica
MV2_DATA_01_TGT_00052_STEP_07,MV2_DATA_01_TGT_00052,361ec9d9f687e27b,PET_00315,Petropolis,7,copiar o CLOUDY_PIXEL_PERCENTAGE,CLOUDY_PIXEL_PERCENTAGE,float_0_a_100,nao_inventar_cobertura_de_nuvem,false,passo_de_revisao_humana;nenhuma_execucao_automatica
MV2_DATA_01_TGT_00052_STEP_08,MV2_DATA_01_TGT_00052,361ec9d9f687e27b,PET_00315,Petropolis,8,copiar o DATATAKE_IDENTIFIER,DATATAKE_IDENTIFIER,GS2[AB]_AAAAMMDDTHHMMSS_NNNNNN_NXXYY,nao_inferir_datatake_de_outro_produto,false,passo_de_revisao_humana;nenhuma_execucao_automatica
MV2_DATA_01_TGT_00052_STEP_09,MV2_DATA_01_TGT_00052,361ec9d9f687e27b,PET_00315,Petropolis,9,registrar a collection usada,id_da_colecao_GEE,COPERNICUS/S2_SR_HARMONIZED_ou_equivalente,nao_assumir_colecao_sem_evidencia,false,passo_de_revisao_humana;nenhuma_execucao_automatica
MV2_DATA_01_TGT_00052_STEP_10,MV2_DATA_01_TGT_00052,361ec9d9f687e27b,PET_00315,Petropolis,10,registrar a evidencia local (export/print/log),referencia_local_da_evidencia,caminho_local_relativo_ou_id_de_evidencia,nao_publicar_raster_bruto_como_evidencia,false,passo_de_revisao_humana;nenhuma_execucao_automatica
MV2_DATA_01_TGT_00052_STEP_11,MV2_DATA_01_TGT_00052,361ec9d9f687e27b,PET_00315,Petropolis,11,marcar review_status (CONFIRMED/PARTIAL/REJECTED),review_status_preenchido,CONFIRMED|PARTIAL|REJECTED,sem_revisor_nao_marcar_CONFIRMED,false,passo_de_revisao_humana;nenhuma_execucao_automatica
MV2_DATA_01_TGT_00052_STEP_12,MV2_DATA_01_TGT_00052,361ec9d9f687e27b,PET_00315,Petropolis,12,nao preencher nada se nao houver evidencia,campos_vazios_quando_sem_evidencia,vazio,ausencia_de_evidencia_nunca_vira_valor_inventado_nem_negativo,true,passo_de_revisao_humana;nenhuma_execucao_automatica
MV2_DATA_01_TGT_00053_STEP_01,MV2_DATA_01_TGT_00053,33f29ae6cc1c10c0,PET_00360,Petropolis,1,abrir o GEE Code Editor / Tasks autenticado,sessao_GEE_ativa,screenshot_ou_url_de_sessao,sem_acesso_ao_GEE_nao_prossegue,true,passo_de_revisao_humana;nenhuma_execucao_automatica
MV2_DATA_01_TGT_00053_STEP_02,MV2_DATA_01_TGT_00053,33f29ae6cc1c10c0,PET_00360,Petropolis,2,localizar o script/export task original deste patch,nome_do_script_ou_export_task,texto_export_task_name_ou_caminho_de_script,nao_inferir_export_por_nome_de_arquivo_de_patch,true,passo_de_revisao_humana;nenhuma_execucao_automatica
MV2_DATA_01_TGT_00053_STEP_03,MV2_DATA_01_TGT_00053,33f29ae6cc1c10c0,PET_00360,Petropolis,3,localizar a imagem Sentinel-2 efetivamente usada,image_id_da_colecao_S2,ee_image_id_ou_system_index,nao_assumir_imagem_por_cidade_regiao_ou_tile,true,passo_de_revisao_humana;nenhuma_execucao_automatica
MV2_DATA_01_TGT_00053_STEP_04,MV2_DATA_01_TGT_00053,33f29ae6cc1c10c0,PET_00360,Petropolis,4,copiar o PRODUCT_ID,PRODUCT_ID_da_imagem,S2[AB]_MSIL2A_AAAAMMDDTHHMMSS_..._TXXYYY_AAAAMMDDTHHMMSS,nao_aceitar_PRODUCT_ID_sem_origem_GEE,true,passo_de_revisao_humana;nenhuma_execucao_automatica
MV2_DATA_01_TGT_00053_STEP_05,MV2_DATA_01_TGT_00053,33f29ae6cc1c10c0,PET_00360,Petropolis,5,copiar o acquisition datetime,system_time_start_convertido_para_ISO,AAAA-MM-DDTHH:MM:SS,rejeitar_datetime_futuro_ou_fora_de_2015_2024,true,passo_de_revisao_humana;nenhuma_execucao_automatica
MV2_DATA_01_TGT_00053_STEP_06,MV2_DATA_01_TGT_00053,33f29ae6cc1c10c0,PET_00360,Petropolis,6,copiar o MGRS_TILE,MGRS_TILE_da_imagem,TXXLLL_ex_T25M...,nao_usar_T23KPR_nem_tile_por_zona_como_vinculo_automatico,true,passo_de_revisao_humana;nenhuma_execucao_automatica
MV2_DATA_01_TGT_00053_STEP_07,MV2_DATA_01_TGT_00053,33f29ae6cc1c10c0,PET_00360,Petropolis,7,copiar o CLOUDY_PIXEL_PERCENTAGE,CLOUDY_PIXEL_PERCENTAGE,float_0_a_100,nao_inventar_cobertura_de_nuvem,false,passo_de_revisao_humana;nenhuma_execucao_automatica
MV2_DATA_01_TGT_00053_STEP_08,MV2_DATA_01_TGT_00053,33f29ae6cc1c10c0,PET_00360,Petropolis,8,copiar o DATATAKE_IDENTIFIER,DATATAKE_IDENTIFIER,GS2[AB]_AAAAMMDDTHHMMSS_NNNNNN_NXXYY,nao_inferir_datatake_de_outro_produto,false,passo_de_revisao_humana;nenhuma_execucao_automatica
MV2_DATA_01_TGT_00053_STEP_09,MV2_DATA_01_TGT_00053,33f29ae6cc1c10c0,PET_00360,Petropolis,9,registrar a collection usada,id_da_colecao_GEE,COPERNICUS/S2_SR_HARMONIZED_ou_equivalente,nao_assumir_colecao_sem_evidencia,false,passo_de_revisao_humana;nenhuma_execucao_automatica
MV2_DATA_01_TGT_00053_STEP_10,MV2_DATA_01_TGT_00053,33f29ae6cc1c10c0,PET_00360,Petropolis,10,registrar a evidencia local (export/print/log),referencia_local_da_evidencia,caminho_local_relativo_ou_id_de_evidencia,nao_publicar_raster_bruto_como_evidencia,false,passo_de_revisao_humana;nenhuma_execucao_automatica
MV2_DATA_01_TGT_00053_STEP_11,MV2_DATA_01_TGT_00053,33f29ae6cc1c10c0,PET_00360,Petropolis,11,marcar review_status (CONFIRMED/PARTIAL/REJECTED),review_status_preenchido,CONFIRMED|PARTIAL|REJECTED,sem_revisor_nao_marcar_CONFIRMED,false,passo_de_revisao_humana;nenhuma_execucao_automatica
MV2_DATA_01_TGT_00053_STEP_12,MV2_DATA_01_TGT_00053,33f29ae6cc1c10c0,PET_00360,Petropolis,12,nao preencher nada se nao houver evidencia,campos_vazios_quando_sem_evidencia,vazio,ausencia_de_evidencia_nunca_vira_valor_inventado_nem_negativo,true,passo_de_revisao_humana;nenhuma_execucao_automatica
MV2_DATA_01_TGT_00054_STEP_01,MV2_DATA_01_TGT_00054,1be2a37d636a3954,PET_00362,Petropolis,1,abrir o GEE Code Editor / Tasks autenticado,sessao_GEE_ativa,screenshot_ou_url_de_sessao,sem_acesso_ao_GEE_nao_prossegue,true,passo_de_revisao_humana;nenhuma_execucao_automatica
MV2_DATA_01_TGT_00054_STEP_02,MV2_DATA_01_TGT_00054,1be2a37d636a3954,PET_00362,Petropolis,2,localizar o script/export task original deste patch,nome_do_script_ou_export_task,texto_export_task_name_ou_caminho_de_script,nao_inferir_export_por_nome_de_arquivo_de_patch,true,passo_de_revisao_humana;nenhuma_execucao_automatica
MV2_DATA_01_TGT_00054_STEP_03,MV2_DATA_01_TGT_00054,1be2a37d636a3954,PET_00362,Petropolis,3,localizar a imagem Sentinel-2 efetivamente usada,image_id_da_colecao_S2,ee_image_id_ou_system_index,nao_assumir_imagem_por_cidade_regiao_ou_tile,true,passo_de_revisao_humana;nenhuma_execucao_automatica
MV2_DATA_01_TGT_00054_STEP_04,MV2_DATA_01_TGT_00054,1be2a37d636a3954,PET_00362,Petropolis,4,copiar o PRODUCT_ID,PRODUCT_ID_da_imagem,S2[AB]_MSIL2A_AAAAMMDDTHHMMSS_..._TXXYYY_AAAAMMDDTHHMMSS,nao_aceitar_PRODUCT_ID_sem_origem_GEE,true,passo_de_revisao_humana;nenhuma_execucao_automatica
MV2_DATA_01_TGT_00054_STEP_05,MV2_DATA_01_TGT_00054,1be2a37d636a3954,PET_00362,Petropolis,5,copiar o acquisition datetime,system_time_start_convertido_para_ISO,AAAA-MM-DDTHH:MM:SS,rejeitar_datetime_futuro_ou_fora_de_2015_2024,true,passo_de_revisao_humana;nenhuma_execucao_automatica
MV2_DATA_01_TGT_00054_STEP_06,MV2_DATA_01_TGT_00054,1be2a37d636a3954,PET_00362,Petropolis,6,copiar o MGRS_TILE,MGRS_TILE_da_imagem,TXXLLL_ex_T25M...,nao_usar_T23KPR_nem_tile_por_zona_como_vinculo_automatico,true,passo_de_revisao_humana;nenhuma_execucao_automatica
MV2_DATA_01_TGT_00054_STEP_07,MV2_DATA_01_TGT_00054,1be2a37d636a3954,PET_00362,Petropolis,7,copiar o CLOUDY_PIXEL_PERCENTAGE,CLOUDY_PIXEL_PERCENTAGE,float_0_a_100,nao_inventar_cobertura_de_nuvem,false,passo_de_revisao_humana;nenhuma_execucao_automatica
MV2_DATA_01_TGT_00054_STEP_08,MV2_DATA_01_TGT_00054,1be2a37d636a3954,PET_00362,Petropolis,8,copiar o DATATAKE_IDENTIFIER,DATATAKE_IDENTIFIER,GS2[AB]_AAAAMMDDTHHMMSS_NNNNNN_NXXYY,nao_inferir_datatake_de_outro_produto,false,passo_de_revisao_humana;nenhuma_execucao_automatica
MV2_DATA_01_TGT_00054_STEP_09,MV2_DATA_01_TGT_00054,1be2a37d636a3954,PET_00362,Petropolis,9,registrar a collection usada,id_da_colecao_GEE,COPERNICUS/S2_SR_HARMONIZED_ou_equivalente,nao_assumir_colecao_sem_evidencia,false,passo_de_revisao_humana;nenhuma_execucao_automatica
MV2_DATA_01_TGT_00054_STEP_10,MV2_DATA_01_TGT_00054,1be2a37d636a3954,PET_00362,Petropolis,10,registrar a evidencia local (export/print/log),referencia_local_da_evidencia,caminho_local_relativo_ou_id_de_evidencia,nao_publicar_raster_bruto_como_evidencia,false,passo_de_revisao_humana;nenhuma_execucao_automatica
MV2_DATA_01_TGT_00054_STEP_11,MV2_DATA_01_TGT_00054,1be2a37d636a3954,PET_00362,Petropolis,11,marcar review_status (CONFIRMED/PARTIAL/REJECTED),review_status_preenchido,CONFIRMED|PARTIAL|REJECTED,sem_revisor_nao_marcar_CONFIRMED,false,passo_de_revisao_humana;nenhuma_execucao_automatica
MV2_DATA_01_TGT_00054_STEP_12,MV2_DATA_01_TGT_00054,1be2a37d636a3954,PET_00362,Petropolis,12,nao preencher nada se nao houver evidencia,campos_vazios_quando_sem_evidencia,vazio,ausencia_de_evidencia_nunca_vira_valor_inventado_nem_negativo,true,passo_de_revisao_humana;nenhuma_execucao_automatica
MV2_DATA_01_TGT_00055_STEP_01,MV2_DATA_01_TGT_00055,87d84ee64acb964b,PET_00396,Petropolis,1,abrir o GEE Code Editor / Tasks autenticado,sessao_GEE_ativa,screenshot_ou_url_de_sessao,sem_acesso_ao_GEE_nao_prossegue,true,passo_de_revisao_humana;nenhuma_execucao_automatica
MV2_DATA_01_TGT_00055_STEP_02,MV2_DATA_01_TGT_00055,87d84ee64acb964b,PET_00396,Petropolis,2,localizar o script/export task original deste patch,nome_do_script_ou_export_task,texto_export_task_name_ou_caminho_de_script,nao_inferir_export_por_nome_de_arquivo_de_patch,true,passo_de_revisao_humana;nenhuma_execucao_automatica
MV2_DATA_01_TGT_00055_STEP_03,MV2_DATA_01_TGT_00055,87d84ee64acb964b,PET_00396,Petropolis,3,localizar a imagem Sentinel-2 efetivamente usada,image_id_da_colecao_S2,ee_image_id_ou_system_index,nao_assumir_imagem_por_cidade_regiao_ou_tile,true,passo_de_revisao_humana;nenhuma_execucao_automatica
MV2_DATA_01_TGT_00055_STEP_04,MV2_DATA_01_TGT_00055,87d84ee64acb964b,PET_00396,Petropolis,4,copiar o PRODUCT_ID,PRODUCT_ID_da_imagem,S2[AB]_MSIL2A_AAAAMMDDTHHMMSS_..._TXXYYY_AAAAMMDDTHHMMSS,nao_aceitar_PRODUCT_ID_sem_origem_GEE,true,passo_de_revisao_humana;nenhuma_execucao_automatica
MV2_DATA_01_TGT_00055_STEP_05,MV2_DATA_01_TGT_00055,87d84ee64acb964b,PET_00396,Petropolis,5,copiar o acquisition datetime,system_time_start_convertido_para_ISO,AAAA-MM-DDTHH:MM:SS,rejeitar_datetime_futuro_ou_fora_de_2015_2024,true,passo_de_revisao_humana;nenhuma_execucao_automatica
MV2_DATA_01_TGT_00055_STEP_06,MV2_DATA_01_TGT_00055,87d84ee64acb964b,PET_00396,Petropolis,6,copiar o MGRS_TILE,MGRS_TILE_da_imagem,TXXLLL_ex_T25M...,nao_usar_T23KPR_nem_tile_por_zona_como_vinculo_automatico,true,passo_de_revisao_humana;nenhuma_execucao_automatica
MV2_DATA_01_TGT_00055_STEP_07,MV2_DATA_01_TGT_00055,87d84ee64acb964b,PET_00396,Petropolis,7,copiar o CLOUDY_PIXEL_PERCENTAGE,CLOUDY_PIXEL_PERCENTAGE,float_0_a_100,nao_inventar_cobertura_de_nuvem,false,passo_de_revisao_humana;nenhuma_execucao_automatica
MV2_DATA_01_TGT_00055_STEP_08,MV2_DATA_01_TGT_00055,87d84ee64acb964b,PET_00396,Petropolis,8,copiar o DATATAKE_IDENTIFIER,DATATAKE_IDENTIFIER,GS2[AB]_AAAAMMDDTHHMMSS_NNNNNN_NXXYY,nao_inferir_datatake_de_outro_produto,false,passo_de_revisao_humana;nenhuma_execucao_automatica
MV2_DATA_01_TGT_00055_STEP_09,MV2_DATA_01_TGT_00055,87d84ee64acb964b,PET_00396,Petropolis,9,registrar a collection usada,id_da_colecao_GEE,COPERNICUS/S2_SR_HARMONIZED_ou_equivalente,nao_assumir_colecao_sem_evidencia,false,passo_de_revisao_humana;nenhuma_execucao_automatica
MV2_DATA_01_TGT_00055_STEP_10,MV2_DATA_01_TGT_00055,87d84ee64acb964b,PET_00396,Petropolis,10,registrar a evidencia local (export/print/log),referencia_local_da_evidencia,caminho_local_relativo_ou_id_de_evidencia,nao_publicar_raster_bruto_como_evidencia,false,passo_de_revisao_humana;nenhuma_execucao_automatica
MV2_DATA_01_TGT_00055_STEP_11,MV2_DATA_01_TGT_00055,87d84ee64acb964b,PET_00396,Petropolis,11,marcar review_status (CONFIRMED/PARTIAL/REJECTED),review_status_preenchido,CONFIRMED|PARTIAL|REJECTED,sem_revisor_nao_marcar_CONFIRMED,false,passo_de_revisao_humana;nenhuma_execucao_automatica
MV2_DATA_01_TGT_00055_STEP_12,MV2_DATA_01_TGT_00055,87d84ee64acb964b,PET_00396,Petropolis,12,nao preencher nada se nao houver evidencia,campos_vazios_quando_sem_evidencia,vazio,ausencia_de_evidencia_nunca_vira_valor_inventado_nem_negativo,true,passo_de_revisao_humana;nenhuma_execucao_automatica
MV2_DATA_01_TGT_00056_STEP_01,MV2_DATA_01_TGT_00056,1a9455936145ff92,PET_00397,Petropolis,1,abrir o GEE Code Editor / Tasks autenticado,sessao_GEE_ativa,screenshot_ou_url_de_sessao,sem_acesso_ao_GEE_nao_prossegue,true,passo_de_revisao_humana;nenhuma_execucao_automatica
MV2_DATA_01_TGT_00056_STEP_02,MV2_DATA_01_TGT_00056,1a9455936145ff92,PET_00397,Petropolis,2,localizar o script/export task original deste patch,nome_do_script_ou_export_task,texto_export_task_name_ou_caminho_de_script,nao_inferir_export_por_nome_de_arquivo_de_patch,true,passo_de_revisao_humana;nenhuma_execucao_automatica
MV2_DATA_01_TGT_00056_STEP_03,MV2_DATA_01_TGT_00056,1a9455936145ff92,PET_00397,Petropolis,3,localizar a imagem Sentinel-2 efetivamente usada,image_id_da_colecao_S2,ee_image_id_ou_system_index,nao_assumir_imagem_por_cidade_regiao_ou_tile,true,passo_de_revisao_humana;nenhuma_execucao_automatica
MV2_DATA_01_TGT_00056_STEP_04,MV2_DATA_01_TGT_00056,1a9455936145ff92,PET_00397,Petropolis,4,copiar o PRODUCT_ID,PRODUCT_ID_da_imagem,S2[AB]_MSIL2A_AAAAMMDDTHHMMSS_..._TXXYYY_AAAAMMDDTHHMMSS,nao_aceitar_PRODUCT_ID_sem_origem_GEE,true,passo_de_revisao_humana;nenhuma_execucao_automatica
MV2_DATA_01_TGT_00056_STEP_05,MV2_DATA_01_TGT_00056,1a9455936145ff92,PET_00397,Petropolis,5,copiar o acquisition datetime,system_time_start_convertido_para_ISO,AAAA-MM-DDTHH:MM:SS,rejeitar_datetime_futuro_ou_fora_de_2015_2024,true,passo_de_revisao_humana;nenhuma_execucao_automatica
MV2_DATA_01_TGT_00056_STEP_06,MV2_DATA_01_TGT_00056,1a9455936145ff92,PET_00397,Petropolis,6,copiar o MGRS_TILE,MGRS_TILE_da_imagem,TXXLLL_ex_T25M...,nao_usar_T23KPR_nem_tile_por_zona_como_vinculo_automatico,true,passo_de_revisao_humana;nenhuma_execucao_automatica
MV2_DATA_01_TGT_00056_STEP_07,MV2_DATA_01_TGT_00056,1a9455936145ff92,PET_00397,Petropolis,7,copiar o CLOUDY_PIXEL_PERCENTAGE,CLOUDY_PIXEL_PERCENTAGE,float_0_a_100,nao_inventar_cobertura_de_nuvem,false,passo_de_revisao_humana;nenhuma_execucao_automatica
MV2_DATA_01_TGT_00056_STEP_08,MV2_DATA_01_TGT_00056,1a9455936145ff92,PET_00397,Petropolis,8,copiar o DATATAKE_IDENTIFIER,DATATAKE_IDENTIFIER,GS2[AB]_AAAAMMDDTHHMMSS_NNNNNN_NXXYY,nao_inferir_datatake_de_outro_produto,false,passo_de_revisao_humana;nenhuma_execucao_automatica
MV2_DATA_01_TGT_00056_STEP_09,MV2_DATA_01_TGT_00056,1a9455936145ff92,PET_00397,Petropolis,9,registrar a collection usada,id_da_colecao_GEE,COPERNICUS/S2_SR_HARMONIZED_ou_equivalente,nao_assumir_colecao_sem_evidencia,false,passo_de_revisao_humana;nenhuma_execucao_automatica
MV2_DATA_01_TGT_00056_STEP_10,MV2_DATA_01_TGT_00056,1a9455936145ff92,PET_00397,Petropolis,10,registrar a evidencia local (export/print/log),referencia_local_da_evidencia,caminho_local_relativo_ou_id_de_evidencia,nao_publicar_raster_bruto_como_evidencia,false,passo_de_revisao_humana;nenhuma_execucao_automatica
MV2_DATA_01_TGT_00056_STEP_11,MV2_DATA_01_TGT_00056,1a9455936145ff92,PET_00397,Petropolis,11,marcar review_status (CONFIRMED/PARTIAL/REJECTED),review_status_preenchido,CONFIRMED|PARTIAL|REJECTED,sem_revisor_nao_marcar_CONFIRMED,false,passo_de_revisao_humana;nenhuma_execucao_automatica
MV2_DATA_01_TGT_00056_STEP_12,MV2_DATA_01_TGT_00056,1a9455936145ff92,PET_00397,Petropolis,12,nao preencher nada se nao houver evidencia,campos_vazios_quando_sem_evidencia,vazio,ausencia_de_evidencia_nunca_vira_valor_inventado_nem_negativo,true,passo_de_revisao_humana;nenhuma_execucao_automatica
MV2_DATA_01_TGT_00057_STEP_01,MV2_DATA_01_TGT_00057,1bb850c957f0a7d5,PET_00404,Petropolis,1,abrir o GEE Code Editor / Tasks autenticado,sessao_GEE_ativa,screenshot_ou_url_de_sessao,sem_acesso_ao_GEE_nao_prossegue,true,passo_de_revisao_humana;nenhuma_execucao_automatica
MV2_DATA_01_TGT_00057_STEP_02,MV2_DATA_01_TGT_00057,1bb850c957f0a7d5,PET_00404,Petropolis,2,localizar o script/export task original deste patch,nome_do_script_ou_export_task,texto_export_task_name_ou_caminho_de_script,nao_inferir_export_por_nome_de_arquivo_de_patch,true,passo_de_revisao_humana;nenhuma_execucao_automatica
MV2_DATA_01_TGT_00057_STEP_03,MV2_DATA_01_TGT_00057,1bb850c957f0a7d5,PET_00404,Petropolis,3,localizar a imagem Sentinel-2 efetivamente usada,image_id_da_colecao_S2,ee_image_id_ou_system_index,nao_assumir_imagem_por_cidade_regiao_ou_tile,true,passo_de_revisao_humana;nenhuma_execucao_automatica
MV2_DATA_01_TGT_00057_STEP_04,MV2_DATA_01_TGT_00057,1bb850c957f0a7d5,PET_00404,Petropolis,4,copiar o PRODUCT_ID,PRODUCT_ID_da_imagem,S2[AB]_MSIL2A_AAAAMMDDTHHMMSS_..._TXXYYY_AAAAMMDDTHHMMSS,nao_aceitar_PRODUCT_ID_sem_origem_GEE,true,passo_de_revisao_humana;nenhuma_execucao_automatica
MV2_DATA_01_TGT_00057_STEP_05,MV2_DATA_01_TGT_00057,1bb850c957f0a7d5,PET_00404,Petropolis,5,copiar o acquisition datetime,system_time_start_convertido_para_ISO,AAAA-MM-DDTHH:MM:SS,rejeitar_datetime_futuro_ou_fora_de_2015_2024,true,passo_de_revisao_humana;nenhuma_execucao_automatica
MV2_DATA_01_TGT_00057_STEP_06,MV2_DATA_01_TGT_00057,1bb850c957f0a7d5,PET_00404,Petropolis,6,copiar o MGRS_TILE,MGRS_TILE_da_imagem,TXXLLL_ex_T25M...,nao_usar_T23KPR_nem_tile_por_zona_como_vinculo_automatico,true,passo_de_revisao_humana;nenhuma_execucao_automatica
MV2_DATA_01_TGT_00057_STEP_07,MV2_DATA_01_TGT_00057,1bb850c957f0a7d5,PET_00404,Petropolis,7,copiar o CLOUDY_PIXEL_PERCENTAGE,CLOUDY_PIXEL_PERCENTAGE,float_0_a_100,nao_inventar_cobertura_de_nuvem,false,passo_de_revisao_humana;nenhuma_execucao_automatica
MV2_DATA_01_TGT_00057_STEP_08,MV2_DATA_01_TGT_00057,1bb850c957f0a7d5,PET_00404,Petropolis,8,copiar o DATATAKE_IDENTIFIER,DATATAKE_IDENTIFIER,GS2[AB]_AAAAMMDDTHHMMSS_NNNNNN_NXXYY,nao_inferir_datatake_de_outro_produto,false,passo_de_revisao_humana;nenhuma_execucao_automatica
MV2_DATA_01_TGT_00057_STEP_09,MV2_DATA_01_TGT_00057,1bb850c957f0a7d5,PET_00404,Petropolis,9,registrar a collection usada,id_da_colecao_GEE,COPERNICUS/S2_SR_HARMONIZED_ou_equivalente,nao_assumir_colecao_sem_evidencia,false,passo_de_revisao_humana;nenhuma_execucao_automatica
MV2_DATA_01_TGT_00057_STEP_10,MV2_DATA_01_TGT_00057,1bb850c957f0a7d5,PET_00404,Petropolis,10,registrar a evidencia local (export/print/log),referencia_local_da_evidencia,caminho_local_relativo_ou_id_de_evidencia,nao_publicar_raster_bruto_como_evidencia,false,passo_de_revisao_humana;nenhuma_execucao_automatica
MV2_DATA_01_TGT_00057_STEP_11,MV2_DATA_01_TGT_00057,1bb850c957f0a7d5,PET_00404,Petropolis,11,marcar review_status (CONFIRMED/PARTIAL/REJECTED),review_status_preenchido,CONFIRMED|PARTIAL|REJECTED,sem_revisor_nao_marcar_CONFIRMED,false,passo_de_revisao_humana;nenhuma_execucao_automatica
MV2_DATA_01_TGT_00057_STEP_12,MV2_DATA_01_TGT_00057,1bb850c957f0a7d5,PET_00404,Petropolis,12,nao preencher nada se nao houver evidencia,campos_vazios_quando_sem_evidencia,vazio,ausencia_de_evidencia_nunca_vira_valor_inventado_nem_negativo,true,passo_de_revisao_humana;nenhuma_execucao_automatica
MV2_DATA_01_TGT_00058_STEP_01,MV2_DATA_01_TGT_00058,07c4658a94924698,PET_00431,Petropolis,1,abrir o GEE Code Editor / Tasks autenticado,sessao_GEE_ativa,screenshot_ou_url_de_sessao,sem_acesso_ao_GEE_nao_prossegue,true,passo_de_revisao_humana;nenhuma_execucao_automatica
MV2_DATA_01_TGT_00058_STEP_02,MV2_DATA_01_TGT_00058,07c4658a94924698,PET_00431,Petropolis,2,localizar o script/export task original deste patch,nome_do_script_ou_export_task,texto_export_task_name_ou_caminho_de_script,nao_inferir_export_por_nome_de_arquivo_de_patch,true,passo_de_revisao_humana;nenhuma_execucao_automatica
MV2_DATA_01_TGT_00058_STEP_03,MV2_DATA_01_TGT_00058,07c4658a94924698,PET_00431,Petropolis,3,localizar a imagem Sentinel-2 efetivamente usada,image_id_da_colecao_S2,ee_image_id_ou_system_index,nao_assumir_imagem_por_cidade_regiao_ou_tile,true,passo_de_revisao_humana;nenhuma_execucao_automatica
MV2_DATA_01_TGT_00058_STEP_04,MV2_DATA_01_TGT_00058,07c4658a94924698,PET_00431,Petropolis,4,copiar o PRODUCT_ID,PRODUCT_ID_da_imagem,S2[AB]_MSIL2A_AAAAMMDDTHHMMSS_..._TXXYYY_AAAAMMDDTHHMMSS,nao_aceitar_PRODUCT_ID_sem_origem_GEE,true,passo_de_revisao_humana;nenhuma_execucao_automatica
MV2_DATA_01_TGT_00058_STEP_05,MV2_DATA_01_TGT_00058,07c4658a94924698,PET_00431,Petropolis,5,copiar o acquisition datetime,system_time_start_convertido_para_ISO,AAAA-MM-DDTHH:MM:SS,rejeitar_datetime_futuro_ou_fora_de_2015_2024,true,passo_de_revisao_humana;nenhuma_execucao_automatica
MV2_DATA_01_TGT_00058_STEP_06,MV2_DATA_01_TGT_00058,07c4658a94924698,PET_00431,Petropolis,6,copiar o MGRS_TILE,MGRS_TILE_da_imagem,TXXLLL_ex_T25M...,nao_usar_T23KPR_nem_tile_por_zona_como_vinculo_automatico,true,passo_de_revisao_humana;nenhuma_execucao_automatica
MV2_DATA_01_TGT_00058_STEP_07,MV2_DATA_01_TGT_00058,07c4658a94924698,PET_00431,Petropolis,7,copiar o CLOUDY_PIXEL_PERCENTAGE,CLOUDY_PIXEL_PERCENTAGE,float_0_a_100,nao_inventar_cobertura_de_nuvem,false,passo_de_revisao_humana;nenhuma_execucao_automatica
MV2_DATA_01_TGT_00058_STEP_08,MV2_DATA_01_TGT_00058,07c4658a94924698,PET_00431,Petropolis,8,copiar o DATATAKE_IDENTIFIER,DATATAKE_IDENTIFIER,GS2[AB]_AAAAMMDDTHHMMSS_NNNNNN_NXXYY,nao_inferir_datatake_de_outro_produto,false,passo_de_revisao_humana;nenhuma_execucao_automatica
MV2_DATA_01_TGT_00058_STEP_09,MV2_DATA_01_TGT_00058,07c4658a94924698,PET_00431,Petropolis,9,registrar a collection usada,id_da_colecao_GEE,COPERNICUS/S2_SR_HARMONIZED_ou_equivalente,nao_assumir_colecao_sem_evidencia,false,passo_de_revisao_humana;nenhuma_execucao_automatica
MV2_DATA_01_TGT_00058_STEP_10,MV2_DATA_01_TGT_00058,07c4658a94924698,PET_00431,Petropolis,10,registrar a evidencia local (export/print/log),referencia_local_da_evidencia,caminho_local_relativo_ou_id_de_evidencia,nao_publicar_raster_bruto_como_evidencia,false,passo_de_revisao_humana;nenhuma_execucao_automatica
MV2_DATA_01_TGT_00058_STEP_11,MV2_DATA_01_TGT_00058,07c4658a94924698,PET_00431,Petropolis,11,marcar review_status (CONFIRMED/PARTIAL/REJECTED),review_status_preenchido,CONFIRMED|PARTIAL|REJECTED,sem_revisor_nao_marcar_CONFIRMED,false,passo_de_revisao_humana;nenhuma_execucao_automatica
MV2_DATA_01_TGT_00058_STEP_12,MV2_DATA_01_TGT_00058,07c4658a94924698,PET_00431,Petropolis,12,nao preencher nada se nao houver evidencia,campos_vazios_quando_sem_evidencia,vazio,ausencia_de_evidencia_nunca_vira_valor_inventado_nem_negativo,true,passo_de_revisao_humana;nenhuma_execucao_automatica
MV2_DATA_01_TGT_00059_STEP_01,MV2_DATA_01_TGT_00059,15021a8707c0cfa1,PET_00467,Petropolis,1,abrir o GEE Code Editor / Tasks autenticado,sessao_GEE_ativa,screenshot_ou_url_de_sessao,sem_acesso_ao_GEE_nao_prossegue,true,passo_de_revisao_humana;nenhuma_execucao_automatica
MV2_DATA_01_TGT_00059_STEP_02,MV2_DATA_01_TGT_00059,15021a8707c0cfa1,PET_00467,Petropolis,2,localizar o script/export task original deste patch,nome_do_script_ou_export_task,texto_export_task_name_ou_caminho_de_script,nao_inferir_export_por_nome_de_arquivo_de_patch,true,passo_de_revisao_humana;nenhuma_execucao_automatica
MV2_DATA_01_TGT_00059_STEP_03,MV2_DATA_01_TGT_00059,15021a8707c0cfa1,PET_00467,Petropolis,3,localizar a imagem Sentinel-2 efetivamente usada,image_id_da_colecao_S2,ee_image_id_ou_system_index,nao_assumir_imagem_por_cidade_regiao_ou_tile,true,passo_de_revisao_humana;nenhuma_execucao_automatica
MV2_DATA_01_TGT_00059_STEP_04,MV2_DATA_01_TGT_00059,15021a8707c0cfa1,PET_00467,Petropolis,4,copiar o PRODUCT_ID,PRODUCT_ID_da_imagem,S2[AB]_MSIL2A_AAAAMMDDTHHMMSS_..._TXXYYY_AAAAMMDDTHHMMSS,nao_aceitar_PRODUCT_ID_sem_origem_GEE,true,passo_de_revisao_humana;nenhuma_execucao_automatica
MV2_DATA_01_TGT_00059_STEP_05,MV2_DATA_01_TGT_00059,15021a8707c0cfa1,PET_00467,Petropolis,5,copiar o acquisition datetime,system_time_start_convertido_para_ISO,AAAA-MM-DDTHH:MM:SS,rejeitar_datetime_futuro_ou_fora_de_2015_2024,true,passo_de_revisao_humana;nenhuma_execucao_automatica
MV2_DATA_01_TGT_00059_STEP_06,MV2_DATA_01_TGT_00059,15021a8707c0cfa1,PET_00467,Petropolis,6,copiar o MGRS_TILE,MGRS_TILE_da_imagem,TXXLLL_ex_T25M...,nao_usar_T23KPR_nem_tile_por_zona_como_vinculo_automatico,true,passo_de_revisao_humana;nenhuma_execucao_automatica
MV2_DATA_01_TGT_00059_STEP_07,MV2_DATA_01_TGT_00059,15021a8707c0cfa1,PET_00467,Petropolis,7,copiar o CLOUDY_PIXEL_PERCENTAGE,CLOUDY_PIXEL_PERCENTAGE,float_0_a_100,nao_inventar_cobertura_de_nuvem,false,passo_de_revisao_humana;nenhuma_execucao_automatica
MV2_DATA_01_TGT_00059_STEP_08,MV2_DATA_01_TGT_00059,15021a8707c0cfa1,PET_00467,Petropolis,8,copiar o DATATAKE_IDENTIFIER,DATATAKE_IDENTIFIER,GS2[AB]_AAAAMMDDTHHMMSS_NNNNNN_NXXYY,nao_inferir_datatake_de_outro_produto,false,passo_de_revisao_humana;nenhuma_execucao_automatica
MV2_DATA_01_TGT_00059_STEP_09,MV2_DATA_01_TGT_00059,15021a8707c0cfa1,PET_00467,Petropolis,9,registrar a collection usada,id_da_colecao_GEE,COPERNICUS/S2_SR_HARMONIZED_ou_equivalente,nao_assumir_colecao_sem_evidencia,false,passo_de_revisao_humana;nenhuma_execucao_automatica
MV2_DATA_01_TGT_00059_STEP_10,MV2_DATA_01_TGT_00059,15021a8707c0cfa1,PET_00467,Petropolis,10,registrar a evidencia local (export/print/log),referencia_local_da_evidencia,caminho_local_relativo_ou_id_de_evidencia,nao_publicar_raster_bruto_como_evidencia,false,passo_de_revisao_humana;nenhuma_execucao_automatica
MV2_DATA_01_TGT_00059_STEP_11,MV2_DATA_01_TGT_00059,15021a8707c0cfa1,PET_00467,Petropolis,11,marcar review_status (CONFIRMED/PARTIAL/REJECTED),review_status_preenchido,CONFIRMED|PARTIAL|REJECTED,sem_revisor_nao_marcar_CONFIRMED,false,passo_de_revisao_humana;nenhuma_execucao_automatica
MV2_DATA_01_TGT_00059_STEP_12,MV2_DATA_01_TGT_00059,15021a8707c0cfa1,PET_00467,Petropolis,12,nao preencher nada se nao houver evidencia,campos_vazios_quando_sem_evidencia,vazio,ausencia_de_evidencia_nunca_vira_valor_inventado_nem_negativo,true,passo_de_revisao_humana;nenhuma_execucao_automatica
MV2_DATA_01_TGT_00060_STEP_01,MV2_DATA_01_TGT_00060,37ac86244a5242d6,PET_00506,Petropolis,1,abrir o GEE Code Editor / Tasks autenticado,sessao_GEE_ativa,screenshot_ou_url_de_sessao,sem_acesso_ao_GEE_nao_prossegue,true,passo_de_revisao_humana;nenhuma_execucao_automatica
MV2_DATA_01_TGT_00060_STEP_02,MV2_DATA_01_TGT_00060,37ac86244a5242d6,PET_00506,Petropolis,2,localizar o script/export task original deste patch,nome_do_script_ou_export_task,texto_export_task_name_ou_caminho_de_script,nao_inferir_export_por_nome_de_arquivo_de_patch,true,passo_de_revisao_humana;nenhuma_execucao_automatica
MV2_DATA_01_TGT_00060_STEP_03,MV2_DATA_01_TGT_00060,37ac86244a5242d6,PET_00506,Petropolis,3,localizar a imagem Sentinel-2 efetivamente usada,image_id_da_colecao_S2,ee_image_id_ou_system_index,nao_assumir_imagem_por_cidade_regiao_ou_tile,true,passo_de_revisao_humana;nenhuma_execucao_automatica
MV2_DATA_01_TGT_00060_STEP_04,MV2_DATA_01_TGT_00060,37ac86244a5242d6,PET_00506,Petropolis,4,copiar o PRODUCT_ID,PRODUCT_ID_da_imagem,S2[AB]_MSIL2A_AAAAMMDDTHHMMSS_..._TXXYYY_AAAAMMDDTHHMMSS,nao_aceitar_PRODUCT_ID_sem_origem_GEE,true,passo_de_revisao_humana;nenhuma_execucao_automatica
MV2_DATA_01_TGT_00060_STEP_05,MV2_DATA_01_TGT_00060,37ac86244a5242d6,PET_00506,Petropolis,5,copiar o acquisition datetime,system_time_start_convertido_para_ISO,AAAA-MM-DDTHH:MM:SS,rejeitar_datetime_futuro_ou_fora_de_2015_2024,true,passo_de_revisao_humana;nenhuma_execucao_automatica
MV2_DATA_01_TGT_00060_STEP_06,MV2_DATA_01_TGT_00060,37ac86244a5242d6,PET_00506,Petropolis,6,copiar o MGRS_TILE,MGRS_TILE_da_imagem,TXXLLL_ex_T25M...,nao_usar_T23KPR_nem_tile_por_zona_como_vinculo_automatico,true,passo_de_revisao_humana;nenhuma_execucao_automatica
MV2_DATA_01_TGT_00060_STEP_07,MV2_DATA_01_TGT_00060,37ac86244a5242d6,PET_00506,Petropolis,7,copiar o CLOUDY_PIXEL_PERCENTAGE,CLOUDY_PIXEL_PERCENTAGE,float_0_a_100,nao_inventar_cobertura_de_nuvem,false,passo_de_revisao_humana;nenhuma_execucao_automatica
MV2_DATA_01_TGT_00060_STEP_08,MV2_DATA_01_TGT_00060,37ac86244a5242d6,PET_00506,Petropolis,8,copiar o DATATAKE_IDENTIFIER,DATATAKE_IDENTIFIER,GS2[AB]_AAAAMMDDTHHMMSS_NNNNNN_NXXYY,nao_inferir_datatake_de_outro_produto,false,passo_de_revisao_humana;nenhuma_execucao_automatica
MV2_DATA_01_TGT_00060_STEP_09,MV2_DATA_01_TGT_00060,37ac86244a5242d6,PET_00506,Petropolis,9,registrar a collection usada,id_da_colecao_GEE,COPERNICUS/S2_SR_HARMONIZED_ou_equivalente,nao_assumir_colecao_sem_evidencia,false,passo_de_revisao_humana;nenhuma_execucao_automatica
MV2_DATA_01_TGT_00060_STEP_10,MV2_DATA_01_TGT_00060,37ac86244a5242d6,PET_00506,Petropolis,10,registrar a evidencia local (export/print/log),referencia_local_da_evidencia,caminho_local_relativo_ou_id_de_evidencia,nao_publicar_raster_bruto_como_evidencia,false,passo_de_revisao_humana;nenhuma_execucao_automatica
MV2_DATA_01_TGT_00060_STEP_11,MV2_DATA_01_TGT_00060,37ac86244a5242d6,PET_00506,Petropolis,11,marcar review_status (CONFIRMED/PARTIAL/REJECTED),review_status_preenchido,CONFIRMED|PARTIAL|REJECTED,sem_revisor_nao_marcar_CONFIRMED,false,passo_de_revisao_humana;nenhuma_execucao_automatica
MV2_DATA_01_TGT_00060_STEP_12,MV2_DATA_01_TGT_00060,37ac86244a5242d6,PET_00506,Petropolis,12,nao preencher nada se nao houver evidencia,campos_vazios_quando_sem_evidencia,vazio,ausencia_de_evidencia_nunca_vira_valor_inventado_nem_negativo,true,passo_de_revisao_humana;nenhuma_execucao_automatica
MV2_DATA_01_TGT_00061_STEP_01,MV2_DATA_01_TGT_00061,6ebb72ad84d6e0dc,PET_00507,Petropolis,1,abrir o GEE Code Editor / Tasks autenticado,sessao_GEE_ativa,screenshot_ou_url_de_sessao,sem_acesso_ao_GEE_nao_prossegue,true,passo_de_revisao_humana;nenhuma_execucao_automatica
MV2_DATA_01_TGT_00061_STEP_02,MV2_DATA_01_TGT_00061,6ebb72ad84d6e0dc,PET_00507,Petropolis,2,localizar o script/export task original deste patch,nome_do_script_ou_export_task,texto_export_task_name_ou_caminho_de_script,nao_inferir_export_por_nome_de_arquivo_de_patch,true,passo_de_revisao_humana;nenhuma_execucao_automatica
MV2_DATA_01_TGT_00061_STEP_03,MV2_DATA_01_TGT_00061,6ebb72ad84d6e0dc,PET_00507,Petropolis,3,localizar a imagem Sentinel-2 efetivamente usada,image_id_da_colecao_S2,ee_image_id_ou_system_index,nao_assumir_imagem_por_cidade_regiao_ou_tile,true,passo_de_revisao_humana;nenhuma_execucao_automatica
MV2_DATA_01_TGT_00061_STEP_04,MV2_DATA_01_TGT_00061,6ebb72ad84d6e0dc,PET_00507,Petropolis,4,copiar o PRODUCT_ID,PRODUCT_ID_da_imagem,S2[AB]_MSIL2A_AAAAMMDDTHHMMSS_..._TXXYYY_AAAAMMDDTHHMMSS,nao_aceitar_PRODUCT_ID_sem_origem_GEE,true,passo_de_revisao_humana;nenhuma_execucao_automatica
MV2_DATA_01_TGT_00061_STEP_05,MV2_DATA_01_TGT_00061,6ebb72ad84d6e0dc,PET_00507,Petropolis,5,copiar o acquisition datetime,system_time_start_convertido_para_ISO,AAAA-MM-DDTHH:MM:SS,rejeitar_datetime_futuro_ou_fora_de_2015_2024,true,passo_de_revisao_humana;nenhuma_execucao_automatica
MV2_DATA_01_TGT_00061_STEP_06,MV2_DATA_01_TGT_00061,6ebb72ad84d6e0dc,PET_00507,Petropolis,6,copiar o MGRS_TILE,MGRS_TILE_da_imagem,TXXLLL_ex_T25M...,nao_usar_T23KPR_nem_tile_por_zona_como_vinculo_automatico,true,passo_de_revisao_humana;nenhuma_execucao_automatica
MV2_DATA_01_TGT_00061_STEP_07,MV2_DATA_01_TGT_00061,6ebb72ad84d6e0dc,PET_00507,Petropolis,7,copiar o CLOUDY_PIXEL_PERCENTAGE,CLOUDY_PIXEL_PERCENTAGE,float_0_a_100,nao_inventar_cobertura_de_nuvem,false,passo_de_revisao_humana;nenhuma_execucao_automatica
MV2_DATA_01_TGT_00061_STEP_08,MV2_DATA_01_TGT_00061,6ebb72ad84d6e0dc,PET_00507,Petropolis,8,copiar o DATATAKE_IDENTIFIER,DATATAKE_IDENTIFIER,GS2[AB]_AAAAMMDDTHHMMSS_NNNNNN_NXXYY,nao_inferir_datatake_de_outro_produto,false,passo_de_revisao_humana;nenhuma_execucao_automatica
MV2_DATA_01_TGT_00061_STEP_09,MV2_DATA_01_TGT_00061,6ebb72ad84d6e0dc,PET_00507,Petropolis,9,registrar a collection usada,id_da_colecao_GEE,COPERNICUS/S2_SR_HARMONIZED_ou_equivalente,nao_assumir_colecao_sem_evidencia,false,passo_de_revisao_humana;nenhuma_execucao_automatica
MV2_DATA_01_TGT_00061_STEP_10,MV2_DATA_01_TGT_00061,6ebb72ad84d6e0dc,PET_00507,Petropolis,10,registrar a evidencia local (export/print/log),referencia_local_da_evidencia,caminho_local_relativo_ou_id_de_evidencia,nao_publicar_raster_bruto_como_evidencia,false,passo_de_revisao_humana;nenhuma_execucao_automatica
MV2_DATA_01_TGT_00061_STEP_11,MV2_DATA_01_TGT_00061,6ebb72ad84d6e0dc,PET_00507,Petropolis,11,marcar review_status (CONFIRMED/PARTIAL/REJECTED),review_status_preenchido,CONFIRMED|PARTIAL|REJECTED,sem_revisor_nao_marcar_CONFIRMED,false,passo_de_revisao_humana;nenhuma_execucao_automatica
MV2_DATA_01_TGT_00061_STEP_12,MV2_DATA_01_TGT_00061,6ebb72ad84d6e0dc,PET_00507,Petropolis,12,nao preencher nada se nao houver evidencia,campos_vazios_quando_sem_evidencia,vazio,ausencia_de_evidencia_nunca_vira_valor_inventado_nem_negativo,true,passo_de_revisao_humana;nenhuma_execucao_automatica
MV2_DATA_01_TGT_00062_STEP_01,MV2_DATA_01_TGT_00062,40a3ed7aa615d3eb,PET_00579,Petropolis,1,abrir o GEE Code Editor / Tasks autenticado,sessao_GEE_ativa,screenshot_ou_url_de_sessao,sem_acesso_ao_GEE_nao_prossegue,true,passo_de_revisao_humana;nenhuma_execucao_automatica
MV2_DATA_01_TGT_00062_STEP_02,MV2_DATA_01_TGT_00062,40a3ed7aa615d3eb,PET_00579,Petropolis,2,localizar o script/export task original deste patch,nome_do_script_ou_export_task,texto_export_task_name_ou_caminho_de_script,nao_inferir_export_por_nome_de_arquivo_de_patch,true,passo_de_revisao_humana;nenhuma_execucao_automatica
MV2_DATA_01_TGT_00062_STEP_03,MV2_DATA_01_TGT_00062,40a3ed7aa615d3eb,PET_00579,Petropolis,3,localizar a imagem Sentinel-2 efetivamente usada,image_id_da_colecao_S2,ee_image_id_ou_system_index,nao_assumir_imagem_por_cidade_regiao_ou_tile,true,passo_de_revisao_humana;nenhuma_execucao_automatica
MV2_DATA_01_TGT_00062_STEP_04,MV2_DATA_01_TGT_00062,40a3ed7aa615d3eb,PET_00579,Petropolis,4,copiar o PRODUCT_ID,PRODUCT_ID_da_imagem,S2[AB]_MSIL2A_AAAAMMDDTHHMMSS_..._TXXYYY_AAAAMMDDTHHMMSS,nao_aceitar_PRODUCT_ID_sem_origem_GEE,true,passo_de_revisao_humana;nenhuma_execucao_automatica
MV2_DATA_01_TGT_00062_STEP_05,MV2_DATA_01_TGT_00062,40a3ed7aa615d3eb,PET_00579,Petropolis,5,copiar o acquisition datetime,system_time_start_convertido_para_ISO,AAAA-MM-DDTHH:MM:SS,rejeitar_datetime_futuro_ou_fora_de_2015_2024,true,passo_de_revisao_humana;nenhuma_execucao_automatica
MV2_DATA_01_TGT_00062_STEP_06,MV2_DATA_01_TGT_00062,40a3ed7aa615d3eb,PET_00579,Petropolis,6,copiar o MGRS_TILE,MGRS_TILE_da_imagem,TXXLLL_ex_T25M...,nao_usar_T23KPR_nem_tile_por_zona_como_vinculo_automatico,true,passo_de_revisao_humana;nenhuma_execucao_automatica
MV2_DATA_01_TGT_00062_STEP_07,MV2_DATA_01_TGT_00062,40a3ed7aa615d3eb,PET_00579,Petropolis,7,copiar o CLOUDY_PIXEL_PERCENTAGE,CLOUDY_PIXEL_PERCENTAGE,float_0_a_100,nao_inventar_cobertura_de_nuvem,false,passo_de_revisao_humana;nenhuma_execucao_automatica
MV2_DATA_01_TGT_00062_STEP_08,MV2_DATA_01_TGT_00062,40a3ed7aa615d3eb,PET_00579,Petropolis,8,copiar o DATATAKE_IDENTIFIER,DATATAKE_IDENTIFIER,GS2[AB]_AAAAMMDDTHHMMSS_NNNNNN_NXXYY,nao_inferir_datatake_de_outro_produto,false,passo_de_revisao_humana;nenhuma_execucao_automatica
MV2_DATA_01_TGT_00062_STEP_09,MV2_DATA_01_TGT_00062,40a3ed7aa615d3eb,PET_00579,Petropolis,9,registrar a collection usada,id_da_colecao_GEE,COPERNICUS/S2_SR_HARMONIZED_ou_equivalente,nao_assumir_colecao_sem_evidencia,false,passo_de_revisao_humana;nenhuma_execucao_automatica
MV2_DATA_01_TGT_00062_STEP_10,MV2_DATA_01_TGT_00062,40a3ed7aa615d3eb,PET_00579,Petropolis,10,registrar a evidencia local (export/print/log),referencia_local_da_evidencia,caminho_local_relativo_ou_id_de_evidencia,nao_publicar_raster_bruto_como_evidencia,false,passo_de_revisao_humana;nenhuma_execucao_automatica
MV2_DATA_01_TGT_00062_STEP_11,MV2_DATA_01_TGT_00062,40a3ed7aa615d3eb,PET_00579,Petropolis,11,marcar review_status (CONFIRMED/PARTIAL/REJECTED),review_status_preenchido,CONFIRMED|PARTIAL|REJECTED,sem_revisor_nao_marcar_CONFIRMED,false,passo_de_revisao_humana;nenhuma_execucao_automatica
MV2_DATA_01_TGT_00062_STEP_12,MV2_DATA_01_TGT_00062,40a3ed7aa615d3eb,PET_00579,Petropolis,12,nao preencher nada se nao houver evidencia,campos_vazios_quando_sem_evidencia,vazio,ausencia_de_evidencia_nunca_vira_valor_inventado_nem_negativo,true,passo_de_revisao_humana;nenhuma_execucao_automatica
MV2_DATA_01_TGT_00063_STEP_01,MV2_DATA_01_TGT_00063,684f4b3d08f97e07,PET_00614,Petropolis,1,abrir o GEE Code Editor / Tasks autenticado,sessao_GEE_ativa,screenshot_ou_url_de_sessao,sem_acesso_ao_GEE_nao_prossegue,true,passo_de_revisao_humana;nenhuma_execucao_automatica
MV2_DATA_01_TGT_00063_STEP_02,MV2_DATA_01_TGT_00063,684f4b3d08f97e07,PET_00614,Petropolis,2,localizar o script/export task original deste patch,nome_do_script_ou_export_task,texto_export_task_name_ou_caminho_de_script,nao_inferir_export_por_nome_de_arquivo_de_patch,true,passo_de_revisao_humana;nenhuma_execucao_automatica
MV2_DATA_01_TGT_00063_STEP_03,MV2_DATA_01_TGT_00063,684f4b3d08f97e07,PET_00614,Petropolis,3,localizar a imagem Sentinel-2 efetivamente usada,image_id_da_colecao_S2,ee_image_id_ou_system_index,nao_assumir_imagem_por_cidade_regiao_ou_tile,true,passo_de_revisao_humana;nenhuma_execucao_automatica
MV2_DATA_01_TGT_00063_STEP_04,MV2_DATA_01_TGT_00063,684f4b3d08f97e07,PET_00614,Petropolis,4,copiar o PRODUCT_ID,PRODUCT_ID_da_imagem,S2[AB]_MSIL2A_AAAAMMDDTHHMMSS_..._TXXYYY_AAAAMMDDTHHMMSS,nao_aceitar_PRODUCT_ID_sem_origem_GEE,true,passo_de_revisao_humana;nenhuma_execucao_automatica
MV2_DATA_01_TGT_00063_STEP_05,MV2_DATA_01_TGT_00063,684f4b3d08f97e07,PET_00614,Petropolis,5,copiar o acquisition datetime,system_time_start_convertido_para_ISO,AAAA-MM-DDTHH:MM:SS,rejeitar_datetime_futuro_ou_fora_de_2015_2024,true,passo_de_revisao_humana;nenhuma_execucao_automatica
MV2_DATA_01_TGT_00063_STEP_06,MV2_DATA_01_TGT_00063,684f4b3d08f97e07,PET_00614,Petropolis,6,copiar o MGRS_TILE,MGRS_TILE_da_imagem,TXXLLL_ex_T25M...,nao_usar_T23KPR_nem_tile_por_zona_como_vinculo_automatico,true,passo_de_revisao_humana;nenhuma_execucao_automatica
MV2_DATA_01_TGT_00063_STEP_07,MV2_DATA_01_TGT_00063,684f4b3d08f97e07,PET_00614,Petropolis,7,copiar o CLOUDY_PIXEL_PERCENTAGE,CLOUDY_PIXEL_PERCENTAGE,float_0_a_100,nao_inventar_cobertura_de_nuvem,false,passo_de_revisao_humana;nenhuma_execucao_automatica
MV2_DATA_01_TGT_00063_STEP_08,MV2_DATA_01_TGT_00063,684f4b3d08f97e07,PET_00614,Petropolis,8,copiar o DATATAKE_IDENTIFIER,DATATAKE_IDENTIFIER,GS2[AB]_AAAAMMDDTHHMMSS_NNNNNN_NXXYY,nao_inferir_datatake_de_outro_produto,false,passo_de_revisao_humana;nenhuma_execucao_automatica
MV2_DATA_01_TGT_00063_STEP_09,MV2_DATA_01_TGT_00063,684f4b3d08f97e07,PET_00614,Petropolis,9,registrar a collection usada,id_da_colecao_GEE,COPERNICUS/S2_SR_HARMONIZED_ou_equivalente,nao_assumir_colecao_sem_evidencia,false,passo_de_revisao_humana;nenhuma_execucao_automatica
MV2_DATA_01_TGT_00063_STEP_10,MV2_DATA_01_TGT_00063,684f4b3d08f97e07,PET_00614,Petropolis,10,registrar a evidencia local (export/print/log),referencia_local_da_evidencia,caminho_local_relativo_ou_id_de_evidencia,nao_publicar_raster_bruto_como_evidencia,false,passo_de_revisao_humana;nenhuma_execucao_automatica
MV2_DATA_01_TGT_00063_STEP_11,MV2_DATA_01_TGT_00063,684f4b3d08f97e07,PET_00614,Petropolis,11,marcar review_status (CONFIRMED/PARTIAL/REJECTED),review_status_preenchido,CONFIRMED|PARTIAL|REJECTED,sem_revisor_nao_marcar_CONFIRMED,false,passo_de_revisao_humana;nenhuma_execucao_automatica
MV2_DATA_01_TGT_00063_STEP_12,MV2_DATA_01_TGT_00063,684f4b3d08f97e07,PET_00614,Petropolis,12,nao preencher nada se nao houver evidencia,campos_vazios_quando_sem_evidencia,vazio,ausencia_de_evidencia_nunca_vira_valor_inventado_nem_negativo,true,passo_de_revisao_humana;nenhuma_execucao_automatica
MV2_DATA_01_TGT_00064_STEP_01,MV2_DATA_01_TGT_00064,afbf0118fb8dec3e,PET_00615,Petropolis,1,abrir o GEE Code Editor / Tasks autenticado,sessao_GEE_ativa,screenshot_ou_url_de_sessao,sem_acesso_ao_GEE_nao_prossegue,true,passo_de_revisao_humana;nenhuma_execucao_automatica
MV2_DATA_01_TGT_00064_STEP_02,MV2_DATA_01_TGT_00064,afbf0118fb8dec3e,PET_00615,Petropolis,2,localizar o script/export task original deste patch,nome_do_script_ou_export_task,texto_export_task_name_ou_caminho_de_script,nao_inferir_export_por_nome_de_arquivo_de_patch,true,passo_de_revisao_humana;nenhuma_execucao_automatica
MV2_DATA_01_TGT_00064_STEP_03,MV2_DATA_01_TGT_00064,afbf0118fb8dec3e,PET_00615,Petropolis,3,localizar a imagem Sentinel-2 efetivamente usada,image_id_da_colecao_S2,ee_image_id_ou_system_index,nao_assumir_imagem_por_cidade_regiao_ou_tile,true,passo_de_revisao_humana;nenhuma_execucao_automatica
MV2_DATA_01_TGT_00064_STEP_04,MV2_DATA_01_TGT_00064,afbf0118fb8dec3e,PET_00615,Petropolis,4,copiar o PRODUCT_ID,PRODUCT_ID_da_imagem,S2[AB]_MSIL2A_AAAAMMDDTHHMMSS_..._TXXYYY_AAAAMMDDTHHMMSS,nao_aceitar_PRODUCT_ID_sem_origem_GEE,true,passo_de_revisao_humana;nenhuma_execucao_automatica
MV2_DATA_01_TGT_00064_STEP_05,MV2_DATA_01_TGT_00064,afbf0118fb8dec3e,PET_00615,Petropolis,5,copiar o acquisition datetime,system_time_start_convertido_para_ISO,AAAA-MM-DDTHH:MM:SS,rejeitar_datetime_futuro_ou_fora_de_2015_2024,true,passo_de_revisao_humana;nenhuma_execucao_automatica
MV2_DATA_01_TGT_00064_STEP_06,MV2_DATA_01_TGT_00064,afbf0118fb8dec3e,PET_00615,Petropolis,6,copiar o MGRS_TILE,MGRS_TILE_da_imagem,TXXLLL_ex_T25M...,nao_usar_T23KPR_nem_tile_por_zona_como_vinculo_automatico,true,passo_de_revisao_humana;nenhuma_execucao_automatica
MV2_DATA_01_TGT_00064_STEP_07,MV2_DATA_01_TGT_00064,afbf0118fb8dec3e,PET_00615,Petropolis,7,copiar o CLOUDY_PIXEL_PERCENTAGE,CLOUDY_PIXEL_PERCENTAGE,float_0_a_100,nao_inventar_cobertura_de_nuvem,false,passo_de_revisao_humana;nenhuma_execucao_automatica
MV2_DATA_01_TGT_00064_STEP_08,MV2_DATA_01_TGT_00064,afbf0118fb8dec3e,PET_00615,Petropolis,8,copiar o DATATAKE_IDENTIFIER,DATATAKE_IDENTIFIER,GS2[AB]_AAAAMMDDTHHMMSS_NNNNNN_NXXYY,nao_inferir_datatake_de_outro_produto,false,passo_de_revisao_humana;nenhuma_execucao_automatica
MV2_DATA_01_TGT_00064_STEP_09,MV2_DATA_01_TGT_00064,afbf0118fb8dec3e,PET_00615,Petropolis,9,registrar a collection usada,id_da_colecao_GEE,COPERNICUS/S2_SR_HARMONIZED_ou_equivalente,nao_assumir_colecao_sem_evidencia,false,passo_de_revisao_humana;nenhuma_execucao_automatica
MV2_DATA_01_TGT_00064_STEP_10,MV2_DATA_01_TGT_00064,afbf0118fb8dec3e,PET_00615,Petropolis,10,registrar a evidencia local (export/print/log),referencia_local_da_evidencia,caminho_local_relativo_ou_id_de_evidencia,nao_publicar_raster_bruto_como_evidencia,false,passo_de_revisao_humana;nenhuma_execucao_automatica
MV2_DATA_01_TGT_00064_STEP_11,MV2_DATA_01_TGT_00064,afbf0118fb8dec3e,PET_00615,Petropolis,11,marcar review_status (CONFIRMED/PARTIAL/REJECTED),review_status_preenchido,CONFIRMED|PARTIAL|REJECTED,sem_revisor_nao_marcar_CONFIRMED,false,passo_de_revisao_humana;nenhuma_execucao_automatica
MV2_DATA_01_TGT_00064_STEP_12,MV2_DATA_01_TGT_00064,afbf0118fb8dec3e,PET_00615,Petropolis,12,nao preencher nada se nao houver evidencia,campos_vazios_quando_sem_evidencia,vazio,ausencia_de_evidencia_nunca_vira_valor_inventado_nem_negativo,true,passo_de_revisao_humana;nenhuma_execucao_automatica
MV2_DATA_01_TGT_00065_STEP_01,MV2_DATA_01_TGT_00065,1fc1c5737fd1a195,PET_00617,Petropolis,1,abrir o GEE Code Editor / Tasks autenticado,sessao_GEE_ativa,screenshot_ou_url_de_sessao,sem_acesso_ao_GEE_nao_prossegue,true,passo_de_revisao_humana;nenhuma_execucao_automatica
MV2_DATA_01_TGT_00065_STEP_02,MV2_DATA_01_TGT_00065,1fc1c5737fd1a195,PET_00617,Petropolis,2,localizar o script/export task original deste patch,nome_do_script_ou_export_task,texto_export_task_name_ou_caminho_de_script,nao_inferir_export_por_nome_de_arquivo_de_patch,true,passo_de_revisao_humana;nenhuma_execucao_automatica
MV2_DATA_01_TGT_00065_STEP_03,MV2_DATA_01_TGT_00065,1fc1c5737fd1a195,PET_00617,Petropolis,3,localizar a imagem Sentinel-2 efetivamente usada,image_id_da_colecao_S2,ee_image_id_ou_system_index,nao_assumir_imagem_por_cidade_regiao_ou_tile,true,passo_de_revisao_humana;nenhuma_execucao_automatica
MV2_DATA_01_TGT_00065_STEP_04,MV2_DATA_01_TGT_00065,1fc1c5737fd1a195,PET_00617,Petropolis,4,copiar o PRODUCT_ID,PRODUCT_ID_da_imagem,S2[AB]_MSIL2A_AAAAMMDDTHHMMSS_..._TXXYYY_AAAAMMDDTHHMMSS,nao_aceitar_PRODUCT_ID_sem_origem_GEE,true,passo_de_revisao_humana;nenhuma_execucao_automatica
MV2_DATA_01_TGT_00065_STEP_05,MV2_DATA_01_TGT_00065,1fc1c5737fd1a195,PET_00617,Petropolis,5,copiar o acquisition datetime,system_time_start_convertido_para_ISO,AAAA-MM-DDTHH:MM:SS,rejeitar_datetime_futuro_ou_fora_de_2015_2024,true,passo_de_revisao_humana;nenhuma_execucao_automatica
MV2_DATA_01_TGT_00065_STEP_06,MV2_DATA_01_TGT_00065,1fc1c5737fd1a195,PET_00617,Petropolis,6,copiar o MGRS_TILE,MGRS_TILE_da_imagem,TXXLLL_ex_T25M...,nao_usar_T23KPR_nem_tile_por_zona_como_vinculo_automatico,true,passo_de_revisao_humana;nenhuma_execucao_automatica
MV2_DATA_01_TGT_00065_STEP_07,MV2_DATA_01_TGT_00065,1fc1c5737fd1a195,PET_00617,Petropolis,7,copiar o CLOUDY_PIXEL_PERCENTAGE,CLOUDY_PIXEL_PERCENTAGE,float_0_a_100,nao_inventar_cobertura_de_nuvem,false,passo_de_revisao_humana;nenhuma_execucao_automatica
MV2_DATA_01_TGT_00065_STEP_08,MV2_DATA_01_TGT_00065,1fc1c5737fd1a195,PET_00617,Petropolis,8,copiar o DATATAKE_IDENTIFIER,DATATAKE_IDENTIFIER,GS2[AB]_AAAAMMDDTHHMMSS_NNNNNN_NXXYY,nao_inferir_datatake_de_outro_produto,false,passo_de_revisao_humana;nenhuma_execucao_automatica
MV2_DATA_01_TGT_00065_STEP_09,MV2_DATA_01_TGT_00065,1fc1c5737fd1a195,PET_00617,Petropolis,9,registrar a collection usada,id_da_colecao_GEE,COPERNICUS/S2_SR_HARMONIZED_ou_equivalente,nao_assumir_colecao_sem_evidencia,false,passo_de_revisao_humana;nenhuma_execucao_automatica
MV2_DATA_01_TGT_00065_STEP_10,MV2_DATA_01_TGT_00065,1fc1c5737fd1a195,PET_00617,Petropolis,10,registrar a evidencia local (export/print/log),referencia_local_da_evidencia,caminho_local_relativo_ou_id_de_evidencia,nao_publicar_raster_bruto_como_evidencia,false,passo_de_revisao_humana;nenhuma_execucao_automatica
MV2_DATA_01_TGT_00065_STEP_11,MV2_DATA_01_TGT_00065,1fc1c5737fd1a195,PET_00617,Petropolis,11,marcar review_status (CONFIRMED/PARTIAL/REJECTED),review_status_preenchido,CONFIRMED|PARTIAL|REJECTED,sem_revisor_nao_marcar_CONFIRMED,false,passo_de_revisao_humana;nenhuma_execucao_automatica
MV2_DATA_01_TGT_00065_STEP_12,MV2_DATA_01_TGT_00065,1fc1c5737fd1a195,PET_00617,Petropolis,12,nao preencher nada se nao houver evidencia,campos_vazios_quando_sem_evidencia,vazio,ausencia_de_evidencia_nunca_vira_valor_inventado_nem_negativo,true,passo_de_revisao_humana;nenhuma_execucao_automatica
MV2_DATA_01_TGT_00066_STEP_01,MV2_DATA_01_TGT_00066,888d1f22b626ce64,PET_00618,Petropolis,1,abrir o GEE Code Editor / Tasks autenticado,sessao_GEE_ativa,screenshot_ou_url_de_sessao,sem_acesso_ao_GEE_nao_prossegue,true,passo_de_revisao_humana;nenhuma_execucao_automatica
MV2_DATA_01_TGT_00066_STEP_02,MV2_DATA_01_TGT_00066,888d1f22b626ce64,PET_00618,Petropolis,2,localizar o script/export task original deste patch,nome_do_script_ou_export_task,texto_export_task_name_ou_caminho_de_script,nao_inferir_export_por_nome_de_arquivo_de_patch,true,passo_de_revisao_humana;nenhuma_execucao_automatica
MV2_DATA_01_TGT_00066_STEP_03,MV2_DATA_01_TGT_00066,888d1f22b626ce64,PET_00618,Petropolis,3,localizar a imagem Sentinel-2 efetivamente usada,image_id_da_colecao_S2,ee_image_id_ou_system_index,nao_assumir_imagem_por_cidade_regiao_ou_tile,true,passo_de_revisao_humana;nenhuma_execucao_automatica
MV2_DATA_01_TGT_00066_STEP_04,MV2_DATA_01_TGT_00066,888d1f22b626ce64,PET_00618,Petropolis,4,copiar o PRODUCT_ID,PRODUCT_ID_da_imagem,S2[AB]_MSIL2A_AAAAMMDDTHHMMSS_..._TXXYYY_AAAAMMDDTHHMMSS,nao_aceitar_PRODUCT_ID_sem_origem_GEE,true,passo_de_revisao_humana;nenhuma_execucao_automatica
MV2_DATA_01_TGT_00066_STEP_05,MV2_DATA_01_TGT_00066,888d1f22b626ce64,PET_00618,Petropolis,5,copiar o acquisition datetime,system_time_start_convertido_para_ISO,AAAA-MM-DDTHH:MM:SS,rejeitar_datetime_futuro_ou_fora_de_2015_2024,true,passo_de_revisao_humana;nenhuma_execucao_automatica
MV2_DATA_01_TGT_00066_STEP_06,MV2_DATA_01_TGT_00066,888d1f22b626ce64,PET_00618,Petropolis,6,copiar o MGRS_TILE,MGRS_TILE_da_imagem,TXXLLL_ex_T25M...,nao_usar_T23KPR_nem_tile_por_zona_como_vinculo_automatico,true,passo_de_revisao_humana;nenhuma_execucao_automatica
MV2_DATA_01_TGT_00066_STEP_07,MV2_DATA_01_TGT_00066,888d1f22b626ce64,PET_00618,Petropolis,7,copiar o CLOUDY_PIXEL_PERCENTAGE,CLOUDY_PIXEL_PERCENTAGE,float_0_a_100,nao_inventar_cobertura_de_nuvem,false,passo_de_revisao_humana;nenhuma_execucao_automatica
MV2_DATA_01_TGT_00066_STEP_08,MV2_DATA_01_TGT_00066,888d1f22b626ce64,PET_00618,Petropolis,8,copiar o DATATAKE_IDENTIFIER,DATATAKE_IDENTIFIER,GS2[AB]_AAAAMMDDTHHMMSS_NNNNNN_NXXYY,nao_inferir_datatake_de_outro_produto,false,passo_de_revisao_humana;nenhuma_execucao_automatica
MV2_DATA_01_TGT_00066_STEP_09,MV2_DATA_01_TGT_00066,888d1f22b626ce64,PET_00618,Petropolis,9,registrar a collection usada,id_da_colecao_GEE,COPERNICUS/S2_SR_HARMONIZED_ou_equivalente,nao_assumir_colecao_sem_evidencia,false,passo_de_revisao_humana;nenhuma_execucao_automatica
MV2_DATA_01_TGT_00066_STEP_10,MV2_DATA_01_TGT_00066,888d1f22b626ce64,PET_00618,Petropolis,10,registrar a evidencia local (export/print/log),referencia_local_da_evidencia,caminho_local_relativo_ou_id_de_evidencia,nao_publicar_raster_bruto_como_evidencia,false,passo_de_revisao_humana;nenhuma_execucao_automatica
MV2_DATA_01_TGT_00066_STEP_11,MV2_DATA_01_TGT_00066,888d1f22b626ce64,PET_00618,Petropolis,11,marcar review_status (CONFIRMED/PARTIAL/REJECTED),review_status_preenchido,CONFIRMED|PARTIAL|REJECTED,sem_revisor_nao_marcar_CONFIRMED,false,passo_de_revisao_humana;nenhuma_execucao_automatica
MV2_DATA_01_TGT_00066_STEP_12,MV2_DATA_01_TGT_00066,888d1f22b626ce64,PET_00618,Petropolis,12,nao preencher nada se nao houver evidencia,campos_vazios_quando_sem_evidencia,vazio,ausencia_de_evidencia_nunca_vira_valor_inventado_nem_negativo,true,passo_de_revisao_humana;nenhuma_execucao_automatica
MV2_DATA_01_TGT_00067_STEP_01,MV2_DATA_01_TGT_00067,d66aede60a7f2241,PET_00641,Petropolis,1,abrir o GEE Code Editor / Tasks autenticado,sessao_GEE_ativa,screenshot_ou_url_de_sessao,sem_acesso_ao_GEE_nao_prossegue,true,passo_de_revisao_humana;nenhuma_execucao_automatica
MV2_DATA_01_TGT_00067_STEP_02,MV2_DATA_01_TGT_00067,d66aede60a7f2241,PET_00641,Petropolis,2,localizar o script/export task original deste patch,nome_do_script_ou_export_task,texto_export_task_name_ou_caminho_de_script,nao_inferir_export_por_nome_de_arquivo_de_patch,true,passo_de_revisao_humana;nenhuma_execucao_automatica
MV2_DATA_01_TGT_00067_STEP_03,MV2_DATA_01_TGT_00067,d66aede60a7f2241,PET_00641,Petropolis,3,localizar a imagem Sentinel-2 efetivamente usada,image_id_da_colecao_S2,ee_image_id_ou_system_index,nao_assumir_imagem_por_cidade_regiao_ou_tile,true,passo_de_revisao_humana;nenhuma_execucao_automatica
MV2_DATA_01_TGT_00067_STEP_04,MV2_DATA_01_TGT_00067,d66aede60a7f2241,PET_00641,Petropolis,4,copiar o PRODUCT_ID,PRODUCT_ID_da_imagem,S2[AB]_MSIL2A_AAAAMMDDTHHMMSS_..._TXXYYY_AAAAMMDDTHHMMSS,nao_aceitar_PRODUCT_ID_sem_origem_GEE,true,passo_de_revisao_humana;nenhuma_execucao_automatica
MV2_DATA_01_TGT_00067_STEP_05,MV2_DATA_01_TGT_00067,d66aede60a7f2241,PET_00641,Petropolis,5,copiar o acquisition datetime,system_time_start_convertido_para_ISO,AAAA-MM-DDTHH:MM:SS,rejeitar_datetime_futuro_ou_fora_de_2015_2024,true,passo_de_revisao_humana;nenhuma_execucao_automatica
MV2_DATA_01_TGT_00067_STEP_06,MV2_DATA_01_TGT_00067,d66aede60a7f2241,PET_00641,Petropolis,6,copiar o MGRS_TILE,MGRS_TILE_da_imagem,TXXLLL_ex_T25M...,nao_usar_T23KPR_nem_tile_por_zona_como_vinculo_automatico,true,passo_de_revisao_humana;nenhuma_execucao_automatica
MV2_DATA_01_TGT_00067_STEP_07,MV2_DATA_01_TGT_00067,d66aede60a7f2241,PET_00641,Petropolis,7,copiar o CLOUDY_PIXEL_PERCENTAGE,CLOUDY_PIXEL_PERCENTAGE,float_0_a_100,nao_inventar_cobertura_de_nuvem,false,passo_de_revisao_humana;nenhuma_execucao_automatica
MV2_DATA_01_TGT_00067_STEP_08,MV2_DATA_01_TGT_00067,d66aede60a7f2241,PET_00641,Petropolis,8,copiar o DATATAKE_IDENTIFIER,DATATAKE_IDENTIFIER,GS2[AB]_AAAAMMDDTHHMMSS_NNNNNN_NXXYY,nao_inferir_datatake_de_outro_produto,false,passo_de_revisao_humana;nenhuma_execucao_automatica
MV2_DATA_01_TGT_00067_STEP_09,MV2_DATA_01_TGT_00067,d66aede60a7f2241,PET_00641,Petropolis,9,registrar a collection usada,id_da_colecao_GEE,COPERNICUS/S2_SR_HARMONIZED_ou_equivalente,nao_assumir_colecao_sem_evidencia,false,passo_de_revisao_humana;nenhuma_execucao_automatica
MV2_DATA_01_TGT_00067_STEP_10,MV2_DATA_01_TGT_00067,d66aede60a7f2241,PET_00641,Petropolis,10,registrar a evidencia local (export/print/log),referencia_local_da_evidencia,caminho_local_relativo_ou_id_de_evidencia,nao_publicar_raster_bruto_como_evidencia,false,passo_de_revisao_humana;nenhuma_execucao_automatica
MV2_DATA_01_TGT_00067_STEP_11,MV2_DATA_01_TGT_00067,d66aede60a7f2241,PET_00641,Petropolis,11,marcar review_status (CONFIRMED/PARTIAL/REJECTED),review_status_preenchido,CONFIRMED|PARTIAL|REJECTED,sem_revisor_nao_marcar_CONFIRMED,false,passo_de_revisao_humana;nenhuma_execucao_automatica
MV2_DATA_01_TGT_00067_STEP_12,MV2_DATA_01_TGT_00067,d66aede60a7f2241,PET_00641,Petropolis,12,nao preencher nada se nao houver evidencia,campos_vazios_quando_sem_evidencia,vazio,ausencia_de_evidencia_nunca_vira_valor_inventado_nem_negativo,true,passo_de_revisao_humana;nenhuma_execucao_automatica
MV2_DATA_01_TGT_00068_STEP_01,MV2_DATA_01_TGT_00068,f429d09b1de1d57e,PET_00649,Petropolis,1,abrir o GEE Code Editor / Tasks autenticado,sessao_GEE_ativa,screenshot_ou_url_de_sessao,sem_acesso_ao_GEE_nao_prossegue,true,passo_de_revisao_humana;nenhuma_execucao_automatica
MV2_DATA_01_TGT_00068_STEP_02,MV2_DATA_01_TGT_00068,f429d09b1de1d57e,PET_00649,Petropolis,2,localizar o script/export task original deste patch,nome_do_script_ou_export_task,texto_export_task_name_ou_caminho_de_script,nao_inferir_export_por_nome_de_arquivo_de_patch,true,passo_de_revisao_humana;nenhuma_execucao_automatica
MV2_DATA_01_TGT_00068_STEP_03,MV2_DATA_01_TGT_00068,f429d09b1de1d57e,PET_00649,Petropolis,3,localizar a imagem Sentinel-2 efetivamente usada,image_id_da_colecao_S2,ee_image_id_ou_system_index,nao_assumir_imagem_por_cidade_regiao_ou_tile,true,passo_de_revisao_humana;nenhuma_execucao_automatica
MV2_DATA_01_TGT_00068_STEP_04,MV2_DATA_01_TGT_00068,f429d09b1de1d57e,PET_00649,Petropolis,4,copiar o PRODUCT_ID,PRODUCT_ID_da_imagem,S2[AB]_MSIL2A_AAAAMMDDTHHMMSS_..._TXXYYY_AAAAMMDDTHHMMSS,nao_aceitar_PRODUCT_ID_sem_origem_GEE,true,passo_de_revisao_humana;nenhuma_execucao_automatica
MV2_DATA_01_TGT_00068_STEP_05,MV2_DATA_01_TGT_00068,f429d09b1de1d57e,PET_00649,Petropolis,5,copiar o acquisition datetime,system_time_start_convertido_para_ISO,AAAA-MM-DDTHH:MM:SS,rejeitar_datetime_futuro_ou_fora_de_2015_2024,true,passo_de_revisao_humana;nenhuma_execucao_automatica
MV2_DATA_01_TGT_00068_STEP_06,MV2_DATA_01_TGT_00068,f429d09b1de1d57e,PET_00649,Petropolis,6,copiar o MGRS_TILE,MGRS_TILE_da_imagem,TXXLLL_ex_T25M...,nao_usar_T23KPR_nem_tile_por_zona_como_vinculo_automatico,true,passo_de_revisao_humana;nenhuma_execucao_automatica
MV2_DATA_01_TGT_00068_STEP_07,MV2_DATA_01_TGT_00068,f429d09b1de1d57e,PET_00649,Petropolis,7,copiar o CLOUDY_PIXEL_PERCENTAGE,CLOUDY_PIXEL_PERCENTAGE,float_0_a_100,nao_inventar_cobertura_de_nuvem,false,passo_de_revisao_humana;nenhuma_execucao_automatica
MV2_DATA_01_TGT_00068_STEP_08,MV2_DATA_01_TGT_00068,f429d09b1de1d57e,PET_00649,Petropolis,8,copiar o DATATAKE_IDENTIFIER,DATATAKE_IDENTIFIER,GS2[AB]_AAAAMMDDTHHMMSS_NNNNNN_NXXYY,nao_inferir_datatake_de_outro_produto,false,passo_de_revisao_humana;nenhuma_execucao_automatica
MV2_DATA_01_TGT_00068_STEP_09,MV2_DATA_01_TGT_00068,f429d09b1de1d57e,PET_00649,Petropolis,9,registrar a collection usada,id_da_colecao_GEE,COPERNICUS/S2_SR_HARMONIZED_ou_equivalente,nao_assumir_colecao_sem_evidencia,false,passo_de_revisao_humana;nenhuma_execucao_automatica
MV2_DATA_01_TGT_00068_STEP_10,MV2_DATA_01_TGT_00068,f429d09b1de1d57e,PET_00649,Petropolis,10,registrar a evidencia local (export/print/log),referencia_local_da_evidencia,caminho_local_relativo_ou_id_de_evidencia,nao_publicar_raster_bruto_como_evidencia,false,passo_de_revisao_humana;nenhuma_execucao_automatica
MV2_DATA_01_TGT_00068_STEP_11,MV2_DATA_01_TGT_00068,f429d09b1de1d57e,PET_00649,Petropolis,11,marcar review_status (CONFIRMED/PARTIAL/REJECTED),review_status_preenchido,CONFIRMED|PARTIAL|REJECTED,sem_revisor_nao_marcar_CONFIRMED,false,passo_de_revisao_humana;nenhuma_execucao_automatica
MV2_DATA_01_TGT_00068_STEP_12,MV2_DATA_01_TGT_00068,f429d09b1de1d57e,PET_00649,Petropolis,12,nao preencher nada se nao houver evidencia,campos_vazios_quando_sem_evidencia,vazio,ausencia_de_evidencia_nunca_vira_valor_inventado_nem_negativo,true,passo_de_revisao_humana;nenhuma_execucao_automatica
MV2_DATA_01_TGT_00069_STEP_01,MV2_DATA_01_TGT_00069,226c3fd13153c2b3,PET_00652,Petropolis,1,abrir o GEE Code Editor / Tasks autenticado,sessao_GEE_ativa,screenshot_ou_url_de_sessao,sem_acesso_ao_GEE_nao_prossegue,true,passo_de_revisao_humana;nenhuma_execucao_automatica
MV2_DATA_01_TGT_00069_STEP_02,MV2_DATA_01_TGT_00069,226c3fd13153c2b3,PET_00652,Petropolis,2,localizar o script/export task original deste patch,nome_do_script_ou_export_task,texto_export_task_name_ou_caminho_de_script,nao_inferir_export_por_nome_de_arquivo_de_patch,true,passo_de_revisao_humana;nenhuma_execucao_automatica
MV2_DATA_01_TGT_00069_STEP_03,MV2_DATA_01_TGT_00069,226c3fd13153c2b3,PET_00652,Petropolis,3,localizar a imagem Sentinel-2 efetivamente usada,image_id_da_colecao_S2,ee_image_id_ou_system_index,nao_assumir_imagem_por_cidade_regiao_ou_tile,true,passo_de_revisao_humana;nenhuma_execucao_automatica
MV2_DATA_01_TGT_00069_STEP_04,MV2_DATA_01_TGT_00069,226c3fd13153c2b3,PET_00652,Petropolis,4,copiar o PRODUCT_ID,PRODUCT_ID_da_imagem,S2[AB]_MSIL2A_AAAAMMDDTHHMMSS_..._TXXYYY_AAAAMMDDTHHMMSS,nao_aceitar_PRODUCT_ID_sem_origem_GEE,true,passo_de_revisao_humana;nenhuma_execucao_automatica
MV2_DATA_01_TGT_00069_STEP_05,MV2_DATA_01_TGT_00069,226c3fd13153c2b3,PET_00652,Petropolis,5,copiar o acquisition datetime,system_time_start_convertido_para_ISO,AAAA-MM-DDTHH:MM:SS,rejeitar_datetime_futuro_ou_fora_de_2015_2024,true,passo_de_revisao_humana;nenhuma_execucao_automatica
MV2_DATA_01_TGT_00069_STEP_06,MV2_DATA_01_TGT_00069,226c3fd13153c2b3,PET_00652,Petropolis,6,copiar o MGRS_TILE,MGRS_TILE_da_imagem,TXXLLL_ex_T25M...,nao_usar_T23KPR_nem_tile_por_zona_como_vinculo_automatico,true,passo_de_revisao_humana;nenhuma_execucao_automatica
MV2_DATA_01_TGT_00069_STEP_07,MV2_DATA_01_TGT_00069,226c3fd13153c2b3,PET_00652,Petropolis,7,copiar o CLOUDY_PIXEL_PERCENTAGE,CLOUDY_PIXEL_PERCENTAGE,float_0_a_100,nao_inventar_cobertura_de_nuvem,false,passo_de_revisao_humana;nenhuma_execucao_automatica
MV2_DATA_01_TGT_00069_STEP_08,MV2_DATA_01_TGT_00069,226c3fd13153c2b3,PET_00652,Petropolis,8,copiar o DATATAKE_IDENTIFIER,DATATAKE_IDENTIFIER,GS2[AB]_AAAAMMDDTHHMMSS_NNNNNN_NXXYY,nao_inferir_datatake_de_outro_produto,false,passo_de_revisao_humana;nenhuma_execucao_automatica
MV2_DATA_01_TGT_00069_STEP_09,MV2_DATA_01_TGT_00069,226c3fd13153c2b3,PET_00652,Petropolis,9,registrar a collection usada,id_da_colecao_GEE,COPERNICUS/S2_SR_HARMONIZED_ou_equivalente,nao_assumir_colecao_sem_evidencia,false,passo_de_revisao_humana;nenhuma_execucao_automatica
MV2_DATA_01_TGT_00069_STEP_10,MV2_DATA_01_TGT_00069,226c3fd13153c2b3,PET_00652,Petropolis,10,registrar a evidencia local (export/print/log),referencia_local_da_evidencia,caminho_local_relativo_ou_id_de_evidencia,nao_publicar_raster_bruto_como_evidencia,false,passo_de_revisao_humana;nenhuma_execucao_automatica
MV2_DATA_01_TGT_00069_STEP_11,MV2_DATA_01_TGT_00069,226c3fd13153c2b3,PET_00652,Petropolis,11,marcar review_status (CONFIRMED/PARTIAL/REJECTED),review_status_preenchido,CONFIRMED|PARTIAL|REJECTED,sem_revisor_nao_marcar_CONFIRMED,false,passo_de_revisao_humana;nenhuma_execucao_automatica
MV2_DATA_01_TGT_00069_STEP_12,MV2_DATA_01_TGT_00069,226c3fd13153c2b3,PET_00652,Petropolis,12,nao preencher nada se nao houver evidencia,campos_vazios_quando_sem_evidencia,vazio,ausencia_de_evidencia_nunca_vira_valor_inventado_nem_negativo,true,passo_de_revisao_humana;nenhuma_execucao_automatica
MV2_DATA_01_TGT_00070_STEP_01,MV2_DATA_01_TGT_00070,4d6f549efadcc8f1,PET_00720,Petropolis,1,abrir o GEE Code Editor / Tasks autenticado,sessao_GEE_ativa,screenshot_ou_url_de_sessao,sem_acesso_ao_GEE_nao_prossegue,true,passo_de_revisao_humana;nenhuma_execucao_automatica
MV2_DATA_01_TGT_00070_STEP_02,MV2_DATA_01_TGT_00070,4d6f549efadcc8f1,PET_00720,Petropolis,2,localizar o script/export task original deste patch,nome_do_script_ou_export_task,texto_export_task_name_ou_caminho_de_script,nao_inferir_export_por_nome_de_arquivo_de_patch,true,passo_de_revisao_humana;nenhuma_execucao_automatica
MV2_DATA_01_TGT_00070_STEP_03,MV2_DATA_01_TGT_00070,4d6f549efadcc8f1,PET_00720,Petropolis,3,localizar a imagem Sentinel-2 efetivamente usada,image_id_da_colecao_S2,ee_image_id_ou_system_index,nao_assumir_imagem_por_cidade_regiao_ou_tile,true,passo_de_revisao_humana;nenhuma_execucao_automatica
MV2_DATA_01_TGT_00070_STEP_04,MV2_DATA_01_TGT_00070,4d6f549efadcc8f1,PET_00720,Petropolis,4,copiar o PRODUCT_ID,PRODUCT_ID_da_imagem,S2[AB]_MSIL2A_AAAAMMDDTHHMMSS_..._TXXYYY_AAAAMMDDTHHMMSS,nao_aceitar_PRODUCT_ID_sem_origem_GEE,true,passo_de_revisao_humana;nenhuma_execucao_automatica
MV2_DATA_01_TGT_00070_STEP_05,MV2_DATA_01_TGT_00070,4d6f549efadcc8f1,PET_00720,Petropolis,5,copiar o acquisition datetime,system_time_start_convertido_para_ISO,AAAA-MM-DDTHH:MM:SS,rejeitar_datetime_futuro_ou_fora_de_2015_2024,true,passo_de_revisao_humana;nenhuma_execucao_automatica
MV2_DATA_01_TGT_00070_STEP_06,MV2_DATA_01_TGT_00070,4d6f549efadcc8f1,PET_00720,Petropolis,6,copiar o MGRS_TILE,MGRS_TILE_da_imagem,TXXLLL_ex_T25M...,nao_usar_T23KPR_nem_tile_por_zona_como_vinculo_automatico,true,passo_de_revisao_humana;nenhuma_execucao_automatica
MV2_DATA_01_TGT_00070_STEP_07,MV2_DATA_01_TGT_00070,4d6f549efadcc8f1,PET_00720,Petropolis,7,copiar o CLOUDY_PIXEL_PERCENTAGE,CLOUDY_PIXEL_PERCENTAGE,float_0_a_100,nao_inventar_cobertura_de_nuvem,false,passo_de_revisao_humana;nenhuma_execucao_automatica
MV2_DATA_01_TGT_00070_STEP_08,MV2_DATA_01_TGT_00070,4d6f549efadcc8f1,PET_00720,Petropolis,8,copiar o DATATAKE_IDENTIFIER,DATATAKE_IDENTIFIER,GS2[AB]_AAAAMMDDTHHMMSS_NNNNNN_NXXYY,nao_inferir_datatake_de_outro_produto,false,passo_de_revisao_humana;nenhuma_execucao_automatica
MV2_DATA_01_TGT_00070_STEP_09,MV2_DATA_01_TGT_00070,4d6f549efadcc8f1,PET_00720,Petropolis,9,registrar a collection usada,id_da_colecao_GEE,COPERNICUS/S2_SR_HARMONIZED_ou_equivalente,nao_assumir_colecao_sem_evidencia,false,passo_de_revisao_humana;nenhuma_execucao_automatica
MV2_DATA_01_TGT_00070_STEP_10,MV2_DATA_01_TGT_00070,4d6f549efadcc8f1,PET_00720,Petropolis,10,registrar a evidencia local (export/print/log),referencia_local_da_evidencia,caminho_local_relativo_ou_id_de_evidencia,nao_publicar_raster_bruto_como_evidencia,false,passo_de_revisao_humana;nenhuma_execucao_automatica
MV2_DATA_01_TGT_00070_STEP_11,MV2_DATA_01_TGT_00070,4d6f549efadcc8f1,PET_00720,Petropolis,11,marcar review_status (CONFIRMED/PARTIAL/REJECTED),review_status_preenchido,CONFIRMED|PARTIAL|REJECTED,sem_revisor_nao_marcar_CONFIRMED,false,passo_de_revisao_humana;nenhuma_execucao_automatica
MV2_DATA_01_TGT_00070_STEP_12,MV2_DATA_01_TGT_00070,4d6f549efadcc8f1,PET_00720,Petropolis,12,nao preencher nada se nao houver evidencia,campos_vazios_quando_sem_evidencia,vazio,ausencia_de_evidencia_nunca_vira_valor_inventado_nem_negativo,true,passo_de_revisao_humana;nenhuma_execucao_automatica
MV2_DATA_01_TGT_00071_STEP_01,MV2_DATA_01_TGT_00071,b99dad3da2e06df0,PET_00756,Petropolis,1,abrir o GEE Code Editor / Tasks autenticado,sessao_GEE_ativa,screenshot_ou_url_de_sessao,sem_acesso_ao_GEE_nao_prossegue,true,passo_de_revisao_humana;nenhuma_execucao_automatica
MV2_DATA_01_TGT_00071_STEP_02,MV2_DATA_01_TGT_00071,b99dad3da2e06df0,PET_00756,Petropolis,2,localizar o script/export task original deste patch,nome_do_script_ou_export_task,texto_export_task_name_ou_caminho_de_script,nao_inferir_export_por_nome_de_arquivo_de_patch,true,passo_de_revisao_humana;nenhuma_execucao_automatica
MV2_DATA_01_TGT_00071_STEP_03,MV2_DATA_01_TGT_00071,b99dad3da2e06df0,PET_00756,Petropolis,3,localizar a imagem Sentinel-2 efetivamente usada,image_id_da_colecao_S2,ee_image_id_ou_system_index,nao_assumir_imagem_por_cidade_regiao_ou_tile,true,passo_de_revisao_humana;nenhuma_execucao_automatica
MV2_DATA_01_TGT_00071_STEP_04,MV2_DATA_01_TGT_00071,b99dad3da2e06df0,PET_00756,Petropolis,4,copiar o PRODUCT_ID,PRODUCT_ID_da_imagem,S2[AB]_MSIL2A_AAAAMMDDTHHMMSS_..._TXXYYY_AAAAMMDDTHHMMSS,nao_aceitar_PRODUCT_ID_sem_origem_GEE,true,passo_de_revisao_humana;nenhuma_execucao_automatica
MV2_DATA_01_TGT_00071_STEP_05,MV2_DATA_01_TGT_00071,b99dad3da2e06df0,PET_00756,Petropolis,5,copiar o acquisition datetime,system_time_start_convertido_para_ISO,AAAA-MM-DDTHH:MM:SS,rejeitar_datetime_futuro_ou_fora_de_2015_2024,true,passo_de_revisao_humana;nenhuma_execucao_automatica
MV2_DATA_01_TGT_00071_STEP_06,MV2_DATA_01_TGT_00071,b99dad3da2e06df0,PET_00756,Petropolis,6,copiar o MGRS_TILE,MGRS_TILE_da_imagem,TXXLLL_ex_T25M...,nao_usar_T23KPR_nem_tile_por_zona_como_vinculo_automatico,true,passo_de_revisao_humana;nenhuma_execucao_automatica
MV2_DATA_01_TGT_00071_STEP_07,MV2_DATA_01_TGT_00071,b99dad3da2e06df0,PET_00756,Petropolis,7,copiar o CLOUDY_PIXEL_PERCENTAGE,CLOUDY_PIXEL_PERCENTAGE,float_0_a_100,nao_inventar_cobertura_de_nuvem,false,passo_de_revisao_humana;nenhuma_execucao_automatica
MV2_DATA_01_TGT_00071_STEP_08,MV2_DATA_01_TGT_00071,b99dad3da2e06df0,PET_00756,Petropolis,8,copiar o DATATAKE_IDENTIFIER,DATATAKE_IDENTIFIER,GS2[AB]_AAAAMMDDTHHMMSS_NNNNNN_NXXYY,nao_inferir_datatake_de_outro_produto,false,passo_de_revisao_humana;nenhuma_execucao_automatica
MV2_DATA_01_TGT_00071_STEP_09,MV2_DATA_01_TGT_00071,b99dad3da2e06df0,PET_00756,Petropolis,9,registrar a collection usada,id_da_colecao_GEE,COPERNICUS/S2_SR_HARMONIZED_ou_equivalente,nao_assumir_colecao_sem_evidencia,false,passo_de_revisao_humana;nenhuma_execucao_automatica
MV2_DATA_01_TGT_00071_STEP_10,MV2_DATA_01_TGT_00071,b99dad3da2e06df0,PET_00756,Petropolis,10,registrar a evidencia local (export/print/log),referencia_local_da_evidencia,caminho_local_relativo_ou_id_de_evidencia,nao_publicar_raster_bruto_como_evidencia,false,passo_de_revisao_humana;nenhuma_execucao_automatica
MV2_DATA_01_TGT_00071_STEP_11,MV2_DATA_01_TGT_00071,b99dad3da2e06df0,PET_00756,Petropolis,11,marcar review_status (CONFIRMED/PARTIAL/REJECTED),review_status_preenchido,CONFIRMED|PARTIAL|REJECTED,sem_revisor_nao_marcar_CONFIRMED,false,passo_de_revisao_humana;nenhuma_execucao_automatica
MV2_DATA_01_TGT_00071_STEP_12,MV2_DATA_01_TGT_00071,b99dad3da2e06df0,PET_00756,Petropolis,12,nao preencher nada se nao houver evidencia,campos_vazios_quando_sem_evidencia,vazio,ausencia_de_evidencia_nunca_vira_valor_inventado_nem_negativo,true,passo_de_revisao_humana;nenhuma_execucao_automatica
MV2_DATA_01_TGT_00072_STEP_01,MV2_DATA_01_TGT_00072,ca3e86c4b23c78e2,PET_00789,Petropolis,1,abrir o GEE Code Editor / Tasks autenticado,sessao_GEE_ativa,screenshot_ou_url_de_sessao,sem_acesso_ao_GEE_nao_prossegue,true,passo_de_revisao_humana;nenhuma_execucao_automatica
MV2_DATA_01_TGT_00072_STEP_02,MV2_DATA_01_TGT_00072,ca3e86c4b23c78e2,PET_00789,Petropolis,2,localizar o script/export task original deste patch,nome_do_script_ou_export_task,texto_export_task_name_ou_caminho_de_script,nao_inferir_export_por_nome_de_arquivo_de_patch,true,passo_de_revisao_humana;nenhuma_execucao_automatica
MV2_DATA_01_TGT_00072_STEP_03,MV2_DATA_01_TGT_00072,ca3e86c4b23c78e2,PET_00789,Petropolis,3,localizar a imagem Sentinel-2 efetivamente usada,image_id_da_colecao_S2,ee_image_id_ou_system_index,nao_assumir_imagem_por_cidade_regiao_ou_tile,true,passo_de_revisao_humana;nenhuma_execucao_automatica
MV2_DATA_01_TGT_00072_STEP_04,MV2_DATA_01_TGT_00072,ca3e86c4b23c78e2,PET_00789,Petropolis,4,copiar o PRODUCT_ID,PRODUCT_ID_da_imagem,S2[AB]_MSIL2A_AAAAMMDDTHHMMSS_..._TXXYYY_AAAAMMDDTHHMMSS,nao_aceitar_PRODUCT_ID_sem_origem_GEE,true,passo_de_revisao_humana;nenhuma_execucao_automatica
MV2_DATA_01_TGT_00072_STEP_05,MV2_DATA_01_TGT_00072,ca3e86c4b23c78e2,PET_00789,Petropolis,5,copiar o acquisition datetime,system_time_start_convertido_para_ISO,AAAA-MM-DDTHH:MM:SS,rejeitar_datetime_futuro_ou_fora_de_2015_2024,true,passo_de_revisao_humana;nenhuma_execucao_automatica
MV2_DATA_01_TGT_00072_STEP_06,MV2_DATA_01_TGT_00072,ca3e86c4b23c78e2,PET_00789,Petropolis,6,copiar o MGRS_TILE,MGRS_TILE_da_imagem,TXXLLL_ex_T25M...,nao_usar_T23KPR_nem_tile_por_zona_como_vinculo_automatico,true,passo_de_revisao_humana;nenhuma_execucao_automatica
MV2_DATA_01_TGT_00072_STEP_07,MV2_DATA_01_TGT_00072,ca3e86c4b23c78e2,PET_00789,Petropolis,7,copiar o CLOUDY_PIXEL_PERCENTAGE,CLOUDY_PIXEL_PERCENTAGE,float_0_a_100,nao_inventar_cobertura_de_nuvem,false,passo_de_revisao_humana;nenhuma_execucao_automatica
MV2_DATA_01_TGT_00072_STEP_08,MV2_DATA_01_TGT_00072,ca3e86c4b23c78e2,PET_00789,Petropolis,8,copiar o DATATAKE_IDENTIFIER,DATATAKE_IDENTIFIER,GS2[AB]_AAAAMMDDTHHMMSS_NNNNNN_NXXYY,nao_inferir_datatake_de_outro_produto,false,passo_de_revisao_humana;nenhuma_execucao_automatica
MV2_DATA_01_TGT_00072_STEP_09,MV2_DATA_01_TGT_00072,ca3e86c4b23c78e2,PET_00789,Petropolis,9,registrar a collection usada,id_da_colecao_GEE,COPERNICUS/S2_SR_HARMONIZED_ou_equivalente,nao_assumir_colecao_sem_evidencia,false,passo_de_revisao_humana;nenhuma_execucao_automatica
MV2_DATA_01_TGT_00072_STEP_10,MV2_DATA_01_TGT_00072,ca3e86c4b23c78e2,PET_00789,Petropolis,10,registrar a evidencia local (export/print/log),referencia_local_da_evidencia,caminho_local_relativo_ou_id_de_evidencia,nao_publicar_raster_bruto_como_evidencia,false,passo_de_revisao_humana;nenhuma_execucao_automatica
MV2_DATA_01_TGT_00072_STEP_11,MV2_DATA_01_TGT_00072,ca3e86c4b23c78e2,PET_00789,Petropolis,11,marcar review_status (CONFIRMED/PARTIAL/REJECTED),review_status_preenchido,CONFIRMED|PARTIAL|REJECTED,sem_revisor_nao_marcar_CONFIRMED,false,passo_de_revisao_humana;nenhuma_execucao_automatica
MV2_DATA_01_TGT_00072_STEP_12,MV2_DATA_01_TGT_00072,ca3e86c4b23c78e2,PET_00789,Petropolis,12,nao preencher nada se nao houver evidencia,campos_vazios_quando_sem_evidencia,vazio,ausencia_de_evidencia_nunca_vira_valor_inventado_nem_negativo,true,passo_de_revisao_humana;nenhuma_execucao_automatica
MV2_DATA_01_TGT_00073_STEP_01,MV2_DATA_01_TGT_00073,f77370131f6af6f4,PET_00823,Petropolis,1,abrir o GEE Code Editor / Tasks autenticado,sessao_GEE_ativa,screenshot_ou_url_de_sessao,sem_acesso_ao_GEE_nao_prossegue,true,passo_de_revisao_humana;nenhuma_execucao_automatica
MV2_DATA_01_TGT_00073_STEP_02,MV2_DATA_01_TGT_00073,f77370131f6af6f4,PET_00823,Petropolis,2,localizar o script/export task original deste patch,nome_do_script_ou_export_task,texto_export_task_name_ou_caminho_de_script,nao_inferir_export_por_nome_de_arquivo_de_patch,true,passo_de_revisao_humana;nenhuma_execucao_automatica
MV2_DATA_01_TGT_00073_STEP_03,MV2_DATA_01_TGT_00073,f77370131f6af6f4,PET_00823,Petropolis,3,localizar a imagem Sentinel-2 efetivamente usada,image_id_da_colecao_S2,ee_image_id_ou_system_index,nao_assumir_imagem_por_cidade_regiao_ou_tile,true,passo_de_revisao_humana;nenhuma_execucao_automatica
MV2_DATA_01_TGT_00073_STEP_04,MV2_DATA_01_TGT_00073,f77370131f6af6f4,PET_00823,Petropolis,4,copiar o PRODUCT_ID,PRODUCT_ID_da_imagem,S2[AB]_MSIL2A_AAAAMMDDTHHMMSS_..._TXXYYY_AAAAMMDDTHHMMSS,nao_aceitar_PRODUCT_ID_sem_origem_GEE,true,passo_de_revisao_humana;nenhuma_execucao_automatica
MV2_DATA_01_TGT_00073_STEP_05,MV2_DATA_01_TGT_00073,f77370131f6af6f4,PET_00823,Petropolis,5,copiar o acquisition datetime,system_time_start_convertido_para_ISO,AAAA-MM-DDTHH:MM:SS,rejeitar_datetime_futuro_ou_fora_de_2015_2024,true,passo_de_revisao_humana;nenhuma_execucao_automatica
MV2_DATA_01_TGT_00073_STEP_06,MV2_DATA_01_TGT_00073,f77370131f6af6f4,PET_00823,Petropolis,6,copiar o MGRS_TILE,MGRS_TILE_da_imagem,TXXLLL_ex_T25M...,nao_usar_T23KPR_nem_tile_por_zona_como_vinculo_automatico,true,passo_de_revisao_humana;nenhuma_execucao_automatica
MV2_DATA_01_TGT_00073_STEP_07,MV2_DATA_01_TGT_00073,f77370131f6af6f4,PET_00823,Petropolis,7,copiar o CLOUDY_PIXEL_PERCENTAGE,CLOUDY_PIXEL_PERCENTAGE,float_0_a_100,nao_inventar_cobertura_de_nuvem,false,passo_de_revisao_humana;nenhuma_execucao_automatica
MV2_DATA_01_TGT_00073_STEP_08,MV2_DATA_01_TGT_00073,f77370131f6af6f4,PET_00823,Petropolis,8,copiar o DATATAKE_IDENTIFIER,DATATAKE_IDENTIFIER,GS2[AB]_AAAAMMDDTHHMMSS_NNNNNN_NXXYY,nao_inferir_datatake_de_outro_produto,false,passo_de_revisao_humana;nenhuma_execucao_automatica
MV2_DATA_01_TGT_00073_STEP_09,MV2_DATA_01_TGT_00073,f77370131f6af6f4,PET_00823,Petropolis,9,registrar a collection usada,id_da_colecao_GEE,COPERNICUS/S2_SR_HARMONIZED_ou_equivalente,nao_assumir_colecao_sem_evidencia,false,passo_de_revisao_humana;nenhuma_execucao_automatica
MV2_DATA_01_TGT_00073_STEP_10,MV2_DATA_01_TGT_00073,f77370131f6af6f4,PET_00823,Petropolis,10,registrar a evidencia local (export/print/log),referencia_local_da_evidencia,caminho_local_relativo_ou_id_de_evidencia,nao_publicar_raster_bruto_como_evidencia,false,passo_de_revisao_humana;nenhuma_execucao_automatica
MV2_DATA_01_TGT_00073_STEP_11,MV2_DATA_01_TGT_00073,f77370131f6af6f4,PET_00823,Petropolis,11,marcar review_status (CONFIRMED/PARTIAL/REJECTED),review_status_preenchido,CONFIRMED|PARTIAL|REJECTED,sem_revisor_nao_marcar_CONFIRMED,false,passo_de_revisao_humana;nenhuma_execucao_automatica
MV2_DATA_01_TGT_00073_STEP_12,MV2_DATA_01_TGT_00073,f77370131f6af6f4,PET_00823,Petropolis,12,nao preencher nada se nao houver evidencia,campos_vazios_quando_sem_evidencia,vazio,ausencia_de_evidencia_nunca_vira_valor_inventado_nem_negativo,true,passo_de_revisao_humana;nenhuma_execucao_automatica
MV2_DATA_01_TGT_00074_STEP_01,MV2_DATA_01_TGT_00074,2b163dd443cf8359,PET_00825,Petropolis,1,abrir o GEE Code Editor / Tasks autenticado,sessao_GEE_ativa,screenshot_ou_url_de_sessao,sem_acesso_ao_GEE_nao_prossegue,true,passo_de_revisao_humana;nenhuma_execucao_automatica
MV2_DATA_01_TGT_00074_STEP_02,MV2_DATA_01_TGT_00074,2b163dd443cf8359,PET_00825,Petropolis,2,localizar o script/export task original deste patch,nome_do_script_ou_export_task,texto_export_task_name_ou_caminho_de_script,nao_inferir_export_por_nome_de_arquivo_de_patch,true,passo_de_revisao_humana;nenhuma_execucao_automatica
MV2_DATA_01_TGT_00074_STEP_03,MV2_DATA_01_TGT_00074,2b163dd443cf8359,PET_00825,Petropolis,3,localizar a imagem Sentinel-2 efetivamente usada,image_id_da_colecao_S2,ee_image_id_ou_system_index,nao_assumir_imagem_por_cidade_regiao_ou_tile,true,passo_de_revisao_humana;nenhuma_execucao_automatica
MV2_DATA_01_TGT_00074_STEP_04,MV2_DATA_01_TGT_00074,2b163dd443cf8359,PET_00825,Petropolis,4,copiar o PRODUCT_ID,PRODUCT_ID_da_imagem,S2[AB]_MSIL2A_AAAAMMDDTHHMMSS_..._TXXYYY_AAAAMMDDTHHMMSS,nao_aceitar_PRODUCT_ID_sem_origem_GEE,true,passo_de_revisao_humana;nenhuma_execucao_automatica
MV2_DATA_01_TGT_00074_STEP_05,MV2_DATA_01_TGT_00074,2b163dd443cf8359,PET_00825,Petropolis,5,copiar o acquisition datetime,system_time_start_convertido_para_ISO,AAAA-MM-DDTHH:MM:SS,rejeitar_datetime_futuro_ou_fora_de_2015_2024,true,passo_de_revisao_humana;nenhuma_execucao_automatica
MV2_DATA_01_TGT_00074_STEP_06,MV2_DATA_01_TGT_00074,2b163dd443cf8359,PET_00825,Petropolis,6,copiar o MGRS_TILE,MGRS_TILE_da_imagem,TXXLLL_ex_T25M...,nao_usar_T23KPR_nem_tile_por_zona_como_vinculo_automatico,true,passo_de_revisao_humana;nenhuma_execucao_automatica
MV2_DATA_01_TGT_00074_STEP_07,MV2_DATA_01_TGT_00074,2b163dd443cf8359,PET_00825,Petropolis,7,copiar o CLOUDY_PIXEL_PERCENTAGE,CLOUDY_PIXEL_PERCENTAGE,float_0_a_100,nao_inventar_cobertura_de_nuvem,false,passo_de_revisao_humana;nenhuma_execucao_automatica
MV2_DATA_01_TGT_00074_STEP_08,MV2_DATA_01_TGT_00074,2b163dd443cf8359,PET_00825,Petropolis,8,copiar o DATATAKE_IDENTIFIER,DATATAKE_IDENTIFIER,GS2[AB]_AAAAMMDDTHHMMSS_NNNNNN_NXXYY,nao_inferir_datatake_de_outro_produto,false,passo_de_revisao_humana;nenhuma_execucao_automatica
MV2_DATA_01_TGT_00074_STEP_09,MV2_DATA_01_TGT_00074,2b163dd443cf8359,PET_00825,Petropolis,9,registrar a collection usada,id_da_colecao_GEE,COPERNICUS/S2_SR_HARMONIZED_ou_equivalente,nao_assumir_colecao_sem_evidencia,false,passo_de_revisao_humana;nenhuma_execucao_automatica
MV2_DATA_01_TGT_00074_STEP_10,MV2_DATA_01_TGT_00074,2b163dd443cf8359,PET_00825,Petropolis,10,registrar a evidencia local (export/print/log),referencia_local_da_evidencia,caminho_local_relativo_ou_id_de_evidencia,nao_publicar_raster_bruto_como_evidencia,false,passo_de_revisao_humana;nenhuma_execucao_automatica
MV2_DATA_01_TGT_00074_STEP_11,MV2_DATA_01_TGT_00074,2b163dd443cf8359,PET_00825,Petropolis,11,marcar review_status (CONFIRMED/PARTIAL/REJECTED),review_status_preenchido,CONFIRMED|PARTIAL|REJECTED,sem_revisor_nao_marcar_CONFIRMED,false,passo_de_revisao_humana;nenhuma_execucao_automatica
MV2_DATA_01_TGT_00074_STEP_12,MV2_DATA_01_TGT_00074,2b163dd443cf8359,PET_00825,Petropolis,12,nao preencher nada se nao houver evidencia,campos_vazios_quando_sem_evidencia,vazio,ausencia_de_evidencia_nunca_vira_valor_inventado_nem_negativo,true,passo_de_revisao_humana;nenhuma_execucao_automatica
MV2_DATA_01_TGT_00075_STEP_01,MV2_DATA_01_TGT_00075,d7675b83c6896d34,PET_00829,Petropolis,1,abrir o GEE Code Editor / Tasks autenticado,sessao_GEE_ativa,screenshot_ou_url_de_sessao,sem_acesso_ao_GEE_nao_prossegue,true,passo_de_revisao_humana;nenhuma_execucao_automatica
MV2_DATA_01_TGT_00075_STEP_02,MV2_DATA_01_TGT_00075,d7675b83c6896d34,PET_00829,Petropolis,2,localizar o script/export task original deste patch,nome_do_script_ou_export_task,texto_export_task_name_ou_caminho_de_script,nao_inferir_export_por_nome_de_arquivo_de_patch,true,passo_de_revisao_humana;nenhuma_execucao_automatica
MV2_DATA_01_TGT_00075_STEP_03,MV2_DATA_01_TGT_00075,d7675b83c6896d34,PET_00829,Petropolis,3,localizar a imagem Sentinel-2 efetivamente usada,image_id_da_colecao_S2,ee_image_id_ou_system_index,nao_assumir_imagem_por_cidade_regiao_ou_tile,true,passo_de_revisao_humana;nenhuma_execucao_automatica
MV2_DATA_01_TGT_00075_STEP_04,MV2_DATA_01_TGT_00075,d7675b83c6896d34,PET_00829,Petropolis,4,copiar o PRODUCT_ID,PRODUCT_ID_da_imagem,S2[AB]_MSIL2A_AAAAMMDDTHHMMSS_..._TXXYYY_AAAAMMDDTHHMMSS,nao_aceitar_PRODUCT_ID_sem_origem_GEE,true,passo_de_revisao_humana;nenhuma_execucao_automatica
MV2_DATA_01_TGT_00075_STEP_05,MV2_DATA_01_TGT_00075,d7675b83c6896d34,PET_00829,Petropolis,5,copiar o acquisition datetime,system_time_start_convertido_para_ISO,AAAA-MM-DDTHH:MM:SS,rejeitar_datetime_futuro_ou_fora_de_2015_2024,true,passo_de_revisao_humana;nenhuma_execucao_automatica
MV2_DATA_01_TGT_00075_STEP_06,MV2_DATA_01_TGT_00075,d7675b83c6896d34,PET_00829,Petropolis,6,copiar o MGRS_TILE,MGRS_TILE_da_imagem,TXXLLL_ex_T25M...,nao_usar_T23KPR_nem_tile_por_zona_como_vinculo_automatico,true,passo_de_revisao_humana;nenhuma_execucao_automatica
MV2_DATA_01_TGT_00075_STEP_07,MV2_DATA_01_TGT_00075,d7675b83c6896d34,PET_00829,Petropolis,7,copiar o CLOUDY_PIXEL_PERCENTAGE,CLOUDY_PIXEL_PERCENTAGE,float_0_a_100,nao_inventar_cobertura_de_nuvem,false,passo_de_revisao_humana;nenhuma_execucao_automatica
MV2_DATA_01_TGT_00075_STEP_08,MV2_DATA_01_TGT_00075,d7675b83c6896d34,PET_00829,Petropolis,8,copiar o DATATAKE_IDENTIFIER,DATATAKE_IDENTIFIER,GS2[AB]_AAAAMMDDTHHMMSS_NNNNNN_NXXYY,nao_inferir_datatake_de_outro_produto,false,passo_de_revisao_humana;nenhuma_execucao_automatica
MV2_DATA_01_TGT_00075_STEP_09,MV2_DATA_01_TGT_00075,d7675b83c6896d34,PET_00829,Petropolis,9,registrar a collection usada,id_da_colecao_GEE,COPERNICUS/S2_SR_HARMONIZED_ou_equivalente,nao_assumir_colecao_sem_evidencia,false,passo_de_revisao_humana;nenhuma_execucao_automatica
MV2_DATA_01_TGT_00075_STEP_10,MV2_DATA_01_TGT_00075,d7675b83c6896d34,PET_00829,Petropolis,10,registrar a evidencia local (export/print/log),referencia_local_da_evidencia,caminho_local_relativo_ou_id_de_evidencia,nao_publicar_raster_bruto_como_evidencia,false,passo_de_revisao_humana;nenhuma_execucao_automatica
MV2_DATA_01_TGT_00075_STEP_11,MV2_DATA_01_TGT_00075,d7675b83c6896d34,PET_00829,Petropolis,11,marcar review_status (CONFIRMED/PARTIAL/REJECTED),review_status_preenchido,CONFIRMED|PARTIAL|REJECTED,sem_revisor_nao_marcar_CONFIRMED,false,passo_de_revisao_humana;nenhuma_execucao_automatica
MV2_DATA_01_TGT_00075_STEP_12,MV2_DATA_01_TGT_00075,d7675b83c6896d34,PET_00829,Petropolis,12,nao preencher nada se nao houver evidencia,campos_vazios_quando_sem_evidencia,vazio,ausencia_de_evidencia_nunca_vira_valor_inventado_nem_negativo,true,passo_de_revisao_humana;nenhuma_execucao_automatica
MV2_DATA_01_TGT_00076_STEP_01,MV2_DATA_01_TGT_00076,a31c4a8fea21648e,PET_00860,Petropolis,1,abrir o GEE Code Editor / Tasks autenticado,sessao_GEE_ativa,screenshot_ou_url_de_sessao,sem_acesso_ao_GEE_nao_prossegue,true,passo_de_revisao_humana;nenhuma_execucao_automatica
MV2_DATA_01_TGT_00076_STEP_02,MV2_DATA_01_TGT_00076,a31c4a8fea21648e,PET_00860,Petropolis,2,localizar o script/export task original deste patch,nome_do_script_ou_export_task,texto_export_task_name_ou_caminho_de_script,nao_inferir_export_por_nome_de_arquivo_de_patch,true,passo_de_revisao_humana;nenhuma_execucao_automatica
MV2_DATA_01_TGT_00076_STEP_03,MV2_DATA_01_TGT_00076,a31c4a8fea21648e,PET_00860,Petropolis,3,localizar a imagem Sentinel-2 efetivamente usada,image_id_da_colecao_S2,ee_image_id_ou_system_index,nao_assumir_imagem_por_cidade_regiao_ou_tile,true,passo_de_revisao_humana;nenhuma_execucao_automatica
MV2_DATA_01_TGT_00076_STEP_04,MV2_DATA_01_TGT_00076,a31c4a8fea21648e,PET_00860,Petropolis,4,copiar o PRODUCT_ID,PRODUCT_ID_da_imagem,S2[AB]_MSIL2A_AAAAMMDDTHHMMSS_..._TXXYYY_AAAAMMDDTHHMMSS,nao_aceitar_PRODUCT_ID_sem_origem_GEE,true,passo_de_revisao_humana;nenhuma_execucao_automatica
MV2_DATA_01_TGT_00076_STEP_05,MV2_DATA_01_TGT_00076,a31c4a8fea21648e,PET_00860,Petropolis,5,copiar o acquisition datetime,system_time_start_convertido_para_ISO,AAAA-MM-DDTHH:MM:SS,rejeitar_datetime_futuro_ou_fora_de_2015_2024,true,passo_de_revisao_humana;nenhuma_execucao_automatica
MV2_DATA_01_TGT_00076_STEP_06,MV2_DATA_01_TGT_00076,a31c4a8fea21648e,PET_00860,Petropolis,6,copiar o MGRS_TILE,MGRS_TILE_da_imagem,TXXLLL_ex_T25M...,nao_usar_T23KPR_nem_tile_por_zona_como_vinculo_automatico,true,passo_de_revisao_humana;nenhuma_execucao_automatica
MV2_DATA_01_TGT_00076_STEP_07,MV2_DATA_01_TGT_00076,a31c4a8fea21648e,PET_00860,Petropolis,7,copiar o CLOUDY_PIXEL_PERCENTAGE,CLOUDY_PIXEL_PERCENTAGE,float_0_a_100,nao_inventar_cobertura_de_nuvem,false,passo_de_revisao_humana;nenhuma_execucao_automatica
MV2_DATA_01_TGT_00076_STEP_08,MV2_DATA_01_TGT_00076,a31c4a8fea21648e,PET_00860,Petropolis,8,copiar o DATATAKE_IDENTIFIER,DATATAKE_IDENTIFIER,GS2[AB]_AAAAMMDDTHHMMSS_NNNNNN_NXXYY,nao_inferir_datatake_de_outro_produto,false,passo_de_revisao_humana;nenhuma_execucao_automatica
MV2_DATA_01_TGT_00076_STEP_09,MV2_DATA_01_TGT_00076,a31c4a8fea21648e,PET_00860,Petropolis,9,registrar a collection usada,id_da_colecao_GEE,COPERNICUS/S2_SR_HARMONIZED_ou_equivalente,nao_assumir_colecao_sem_evidencia,false,passo_de_revisao_humana;nenhuma_execucao_automatica
MV2_DATA_01_TGT_00076_STEP_10,MV2_DATA_01_TGT_00076,a31c4a8fea21648e,PET_00860,Petropolis,10,registrar a evidencia local (export/print/log),referencia_local_da_evidencia,caminho_local_relativo_ou_id_de_evidencia,nao_publicar_raster_bruto_como_evidencia,false,passo_de_revisao_humana;nenhuma_execucao_automatica
MV2_DATA_01_TGT_00076_STEP_11,MV2_DATA_01_TGT_00076,a31c4a8fea21648e,PET_00860,Petropolis,11,marcar review_status (CONFIRMED/PARTIAL/REJECTED),review_status_preenchido,CONFIRMED|PARTIAL|REJECTED,sem_revisor_nao_marcar_CONFIRMED,false,passo_de_revisao_humana;nenhuma_execucao_automatica
MV2_DATA_01_TGT_00076_STEP_12,MV2_DATA_01_TGT_00076,a31c4a8fea21648e,PET_00860,Petropolis,12,nao preencher nada se nao houver evidencia,campos_vazios_quando_sem_evidencia,vazio,ausencia_de_evidencia_nunca_vira_valor_inventado_nem_negativo,true,passo_de_revisao_humana;nenhuma_execucao_automatica
MV2_DATA_01_TGT_00077_STEP_01,MV2_DATA_01_TGT_00077,333f55b3867faa8f,PET_00863,Petropolis,1,abrir o GEE Code Editor / Tasks autenticado,sessao_GEE_ativa,screenshot_ou_url_de_sessao,sem_acesso_ao_GEE_nao_prossegue,true,passo_de_revisao_humana;nenhuma_execucao_automatica
MV2_DATA_01_TGT_00077_STEP_02,MV2_DATA_01_TGT_00077,333f55b3867faa8f,PET_00863,Petropolis,2,localizar o script/export task original deste patch,nome_do_script_ou_export_task,texto_export_task_name_ou_caminho_de_script,nao_inferir_export_por_nome_de_arquivo_de_patch,true,passo_de_revisao_humana;nenhuma_execucao_automatica
MV2_DATA_01_TGT_00077_STEP_03,MV2_DATA_01_TGT_00077,333f55b3867faa8f,PET_00863,Petropolis,3,localizar a imagem Sentinel-2 efetivamente usada,image_id_da_colecao_S2,ee_image_id_ou_system_index,nao_assumir_imagem_por_cidade_regiao_ou_tile,true,passo_de_revisao_humana;nenhuma_execucao_automatica
MV2_DATA_01_TGT_00077_STEP_04,MV2_DATA_01_TGT_00077,333f55b3867faa8f,PET_00863,Petropolis,4,copiar o PRODUCT_ID,PRODUCT_ID_da_imagem,S2[AB]_MSIL2A_AAAAMMDDTHHMMSS_..._TXXYYY_AAAAMMDDTHHMMSS,nao_aceitar_PRODUCT_ID_sem_origem_GEE,true,passo_de_revisao_humana;nenhuma_execucao_automatica
MV2_DATA_01_TGT_00077_STEP_05,MV2_DATA_01_TGT_00077,333f55b3867faa8f,PET_00863,Petropolis,5,copiar o acquisition datetime,system_time_start_convertido_para_ISO,AAAA-MM-DDTHH:MM:SS,rejeitar_datetime_futuro_ou_fora_de_2015_2024,true,passo_de_revisao_humana;nenhuma_execucao_automatica
MV2_DATA_01_TGT_00077_STEP_06,MV2_DATA_01_TGT_00077,333f55b3867faa8f,PET_00863,Petropolis,6,copiar o MGRS_TILE,MGRS_TILE_da_imagem,TXXLLL_ex_T25M...,nao_usar_T23KPR_nem_tile_por_zona_como_vinculo_automatico,true,passo_de_revisao_humana;nenhuma_execucao_automatica
MV2_DATA_01_TGT_00077_STEP_07,MV2_DATA_01_TGT_00077,333f55b3867faa8f,PET_00863,Petropolis,7,copiar o CLOUDY_PIXEL_PERCENTAGE,CLOUDY_PIXEL_PERCENTAGE,float_0_a_100,nao_inventar_cobertura_de_nuvem,false,passo_de_revisao_humana;nenhuma_execucao_automatica
MV2_DATA_01_TGT_00077_STEP_08,MV2_DATA_01_TGT_00077,333f55b3867faa8f,PET_00863,Petropolis,8,copiar o DATATAKE_IDENTIFIER,DATATAKE_IDENTIFIER,GS2[AB]_AAAAMMDDTHHMMSS_NNNNNN_NXXYY,nao_inferir_datatake_de_outro_produto,false,passo_de_revisao_humana;nenhuma_execucao_automatica
MV2_DATA_01_TGT_00077_STEP_09,MV2_DATA_01_TGT_00077,333f55b3867faa8f,PET_00863,Petropolis,9,registrar a collection usada,id_da_colecao_GEE,COPERNICUS/S2_SR_HARMONIZED_ou_equivalente,nao_assumir_colecao_sem_evidencia,false,passo_de_revisao_humana;nenhuma_execucao_automatica
MV2_DATA_01_TGT_00077_STEP_10,MV2_DATA_01_TGT_00077,333f55b3867faa8f,PET_00863,Petropolis,10,registrar a evidencia local (export/print/log),referencia_local_da_evidencia,caminho_local_relativo_ou_id_de_evidencia,nao_publicar_raster_bruto_como_evidencia,false,passo_de_revisao_humana;nenhuma_execucao_automatica
MV2_DATA_01_TGT_00077_STEP_11,MV2_DATA_01_TGT_00077,333f55b3867faa8f,PET_00863,Petropolis,11,marcar review_status (CONFIRMED/PARTIAL/REJECTED),review_status_preenchido,CONFIRMED|PARTIAL|REJECTED,sem_revisor_nao_marcar_CONFIRMED,false,passo_de_revisao_humana;nenhuma_execucao_automatica
MV2_DATA_01_TGT_00077_STEP_12,MV2_DATA_01_TGT_00077,333f55b3867faa8f,PET_00863,Petropolis,12,nao preencher nada se nao houver evidencia,campos_vazios_quando_sem_evidencia,vazio,ausencia_de_evidencia_nunca_vira_valor_inventado_nem_negativo,true,passo_de_revisao_humana;nenhuma_execucao_automatica
MV2_DATA_01_TGT_00078_STEP_01,MV2_DATA_01_TGT_00078,bbd2f3f516a9d03f,PET_00865,Petropolis,1,abrir o GEE Code Editor / Tasks autenticado,sessao_GEE_ativa,screenshot_ou_url_de_sessao,sem_acesso_ao_GEE_nao_prossegue,true,passo_de_revisao_humana;nenhuma_execucao_automatica
MV2_DATA_01_TGT_00078_STEP_02,MV2_DATA_01_TGT_00078,bbd2f3f516a9d03f,PET_00865,Petropolis,2,localizar o script/export task original deste patch,nome_do_script_ou_export_task,texto_export_task_name_ou_caminho_de_script,nao_inferir_export_por_nome_de_arquivo_de_patch,true,passo_de_revisao_humana;nenhuma_execucao_automatica
MV2_DATA_01_TGT_00078_STEP_03,MV2_DATA_01_TGT_00078,bbd2f3f516a9d03f,PET_00865,Petropolis,3,localizar a imagem Sentinel-2 efetivamente usada,image_id_da_colecao_S2,ee_image_id_ou_system_index,nao_assumir_imagem_por_cidade_regiao_ou_tile,true,passo_de_revisao_humana;nenhuma_execucao_automatica
MV2_DATA_01_TGT_00078_STEP_04,MV2_DATA_01_TGT_00078,bbd2f3f516a9d03f,PET_00865,Petropolis,4,copiar o PRODUCT_ID,PRODUCT_ID_da_imagem,S2[AB]_MSIL2A_AAAAMMDDTHHMMSS_..._TXXYYY_AAAAMMDDTHHMMSS,nao_aceitar_PRODUCT_ID_sem_origem_GEE,true,passo_de_revisao_humana;nenhuma_execucao_automatica
MV2_DATA_01_TGT_00078_STEP_05,MV2_DATA_01_TGT_00078,bbd2f3f516a9d03f,PET_00865,Petropolis,5,copiar o acquisition datetime,system_time_start_convertido_para_ISO,AAAA-MM-DDTHH:MM:SS,rejeitar_datetime_futuro_ou_fora_de_2015_2024,true,passo_de_revisao_humana;nenhuma_execucao_automatica
MV2_DATA_01_TGT_00078_STEP_06,MV2_DATA_01_TGT_00078,bbd2f3f516a9d03f,PET_00865,Petropolis,6,copiar o MGRS_TILE,MGRS_TILE_da_imagem,TXXLLL_ex_T25M...,nao_usar_T23KPR_nem_tile_por_zona_como_vinculo_automatico,true,passo_de_revisao_humana;nenhuma_execucao_automatica
MV2_DATA_01_TGT_00078_STEP_07,MV2_DATA_01_TGT_00078,bbd2f3f516a9d03f,PET_00865,Petropolis,7,copiar o CLOUDY_PIXEL_PERCENTAGE,CLOUDY_PIXEL_PERCENTAGE,float_0_a_100,nao_inventar_cobertura_de_nuvem,false,passo_de_revisao_humana;nenhuma_execucao_automatica
MV2_DATA_01_TGT_00078_STEP_08,MV2_DATA_01_TGT_00078,bbd2f3f516a9d03f,PET_00865,Petropolis,8,copiar o DATATAKE_IDENTIFIER,DATATAKE_IDENTIFIER,GS2[AB]_AAAAMMDDTHHMMSS_NNNNNN_NXXYY,nao_inferir_datatake_de_outro_produto,false,passo_de_revisao_humana;nenhuma_execucao_automatica
MV2_DATA_01_TGT_00078_STEP_09,MV2_DATA_01_TGT_00078,bbd2f3f516a9d03f,PET_00865,Petropolis,9,registrar a collection usada,id_da_colecao_GEE,COPERNICUS/S2_SR_HARMONIZED_ou_equivalente,nao_assumir_colecao_sem_evidencia,false,passo_de_revisao_humana;nenhuma_execucao_automatica
MV2_DATA_01_TGT_00078_STEP_10,MV2_DATA_01_TGT_00078,bbd2f3f516a9d03f,PET_00865,Petropolis,10,registrar a evidencia local (export/print/log),referencia_local_da_evidencia,caminho_local_relativo_ou_id_de_evidencia,nao_publicar_raster_bruto_como_evidencia,false,passo_de_revisao_humana;nenhuma_execucao_automatica
MV2_DATA_01_TGT_00078_STEP_11,MV2_DATA_01_TGT_00078,bbd2f3f516a9d03f,PET_00865,Petropolis,11,marcar review_status (CONFIRMED/PARTIAL/REJECTED),review_status_preenchido,CONFIRMED|PARTIAL|REJECTED,sem_revisor_nao_marcar_CONFIRMED,false,passo_de_revisao_humana;nenhuma_execucao_automatica
MV2_DATA_01_TGT_00078_STEP_12,MV2_DATA_01_TGT_00078,bbd2f3f516a9d03f,PET_00865,Petropolis,12,nao preencher nada se nao houver evidencia,campos_vazios_quando_sem_evidencia,vazio,ausencia_de_evidencia_nunca_vira_valor_inventado_nem_negativo,true,passo_de_revisao_humana;nenhuma_execucao_automatica
MV2_DATA_01_TGT_00079_STEP_01,MV2_DATA_01_TGT_00079,71c19bc87a195428,PET_00916,Petropolis,1,abrir o GEE Code Editor / Tasks autenticado,sessao_GEE_ativa,screenshot_ou_url_de_sessao,sem_acesso_ao_GEE_nao_prossegue,true,passo_de_revisao_humana;nenhuma_execucao_automatica
MV2_DATA_01_TGT_00079_STEP_02,MV2_DATA_01_TGT_00079,71c19bc87a195428,PET_00916,Petropolis,2,localizar o script/export task original deste patch,nome_do_script_ou_export_task,texto_export_task_name_ou_caminho_de_script,nao_inferir_export_por_nome_de_arquivo_de_patch,true,passo_de_revisao_humana;nenhuma_execucao_automatica
MV2_DATA_01_TGT_00079_STEP_03,MV2_DATA_01_TGT_00079,71c19bc87a195428,PET_00916,Petropolis,3,localizar a imagem Sentinel-2 efetivamente usada,image_id_da_colecao_S2,ee_image_id_ou_system_index,nao_assumir_imagem_por_cidade_regiao_ou_tile,true,passo_de_revisao_humana;nenhuma_execucao_automatica
MV2_DATA_01_TGT_00079_STEP_04,MV2_DATA_01_TGT_00079,71c19bc87a195428,PET_00916,Petropolis,4,copiar o PRODUCT_ID,PRODUCT_ID_da_imagem,S2[AB]_MSIL2A_AAAAMMDDTHHMMSS_..._TXXYYY_AAAAMMDDTHHMMSS,nao_aceitar_PRODUCT_ID_sem_origem_GEE,true,passo_de_revisao_humana;nenhuma_execucao_automatica
MV2_DATA_01_TGT_00079_STEP_05,MV2_DATA_01_TGT_00079,71c19bc87a195428,PET_00916,Petropolis,5,copiar o acquisition datetime,system_time_start_convertido_para_ISO,AAAA-MM-DDTHH:MM:SS,rejeitar_datetime_futuro_ou_fora_de_2015_2024,true,passo_de_revisao_humana;nenhuma_execucao_automatica
MV2_DATA_01_TGT_00079_STEP_06,MV2_DATA_01_TGT_00079,71c19bc87a195428,PET_00916,Petropolis,6,copiar o MGRS_TILE,MGRS_TILE_da_imagem,TXXLLL_ex_T25M...,nao_usar_T23KPR_nem_tile_por_zona_como_vinculo_automatico,true,passo_de_revisao_humana;nenhuma_execucao_automatica
MV2_DATA_01_TGT_00079_STEP_07,MV2_DATA_01_TGT_00079,71c19bc87a195428,PET_00916,Petropolis,7,copiar o CLOUDY_PIXEL_PERCENTAGE,CLOUDY_PIXEL_PERCENTAGE,float_0_a_100,nao_inventar_cobertura_de_nuvem,false,passo_de_revisao_humana;nenhuma_execucao_automatica
MV2_DATA_01_TGT_00079_STEP_08,MV2_DATA_01_TGT_00079,71c19bc87a195428,PET_00916,Petropolis,8,copiar o DATATAKE_IDENTIFIER,DATATAKE_IDENTIFIER,GS2[AB]_AAAAMMDDTHHMMSS_NNNNNN_NXXYY,nao_inferir_datatake_de_outro_produto,false,passo_de_revisao_humana;nenhuma_execucao_automatica
MV2_DATA_01_TGT_00079_STEP_09,MV2_DATA_01_TGT_00079,71c19bc87a195428,PET_00916,Petropolis,9,registrar a collection usada,id_da_colecao_GEE,COPERNICUS/S2_SR_HARMONIZED_ou_equivalente,nao_assumir_colecao_sem_evidencia,false,passo_de_revisao_humana;nenhuma_execucao_automatica
MV2_DATA_01_TGT_00079_STEP_10,MV2_DATA_01_TGT_00079,71c19bc87a195428,PET_00916,Petropolis,10,registrar a evidencia local (export/print/log),referencia_local_da_evidencia,caminho_local_relativo_ou_id_de_evidencia,nao_publicar_raster_bruto_como_evidencia,false,passo_de_revisao_humana;nenhuma_execucao_automatica
MV2_DATA_01_TGT_00079_STEP_11,MV2_DATA_01_TGT_00079,71c19bc87a195428,PET_00916,Petropolis,11,marcar review_status (CONFIRMED/PARTIAL/REJECTED),review_status_preenchido,CONFIRMED|PARTIAL|REJECTED,sem_revisor_nao_marcar_CONFIRMED,false,passo_de_revisao_humana;nenhuma_execucao_automatica
MV2_DATA_01_TGT_00079_STEP_12,MV2_DATA_01_TGT_00079,71c19bc87a195428,PET_00916,Petropolis,12,nao preencher nada se nao houver evidencia,campos_vazios_quando_sem_evidencia,vazio,ausencia_de_evidencia_nunca_vira_valor_inventado_nem_negativo,true,passo_de_revisao_humana;nenhuma_execucao_automatica
MV2_DATA_01_TGT_00080_STEP_01,MV2_DATA_01_TGT_00080,0cde77e9c1575840,PET_00986,Petropolis,1,abrir o GEE Code Editor / Tasks autenticado,sessao_GEE_ativa,screenshot_ou_url_de_sessao,sem_acesso_ao_GEE_nao_prossegue,true,passo_de_revisao_humana;nenhuma_execucao_automatica
MV2_DATA_01_TGT_00080_STEP_02,MV2_DATA_01_TGT_00080,0cde77e9c1575840,PET_00986,Petropolis,2,localizar o script/export task original deste patch,nome_do_script_ou_export_task,texto_export_task_name_ou_caminho_de_script,nao_inferir_export_por_nome_de_arquivo_de_patch,true,passo_de_revisao_humana;nenhuma_execucao_automatica
MV2_DATA_01_TGT_00080_STEP_03,MV2_DATA_01_TGT_00080,0cde77e9c1575840,PET_00986,Petropolis,3,localizar a imagem Sentinel-2 efetivamente usada,image_id_da_colecao_S2,ee_image_id_ou_system_index,nao_assumir_imagem_por_cidade_regiao_ou_tile,true,passo_de_revisao_humana;nenhuma_execucao_automatica
MV2_DATA_01_TGT_00080_STEP_04,MV2_DATA_01_TGT_00080,0cde77e9c1575840,PET_00986,Petropolis,4,copiar o PRODUCT_ID,PRODUCT_ID_da_imagem,S2[AB]_MSIL2A_AAAAMMDDTHHMMSS_..._TXXYYY_AAAAMMDDTHHMMSS,nao_aceitar_PRODUCT_ID_sem_origem_GEE,true,passo_de_revisao_humana;nenhuma_execucao_automatica
MV2_DATA_01_TGT_00080_STEP_05,MV2_DATA_01_TGT_00080,0cde77e9c1575840,PET_00986,Petropolis,5,copiar o acquisition datetime,system_time_start_convertido_para_ISO,AAAA-MM-DDTHH:MM:SS,rejeitar_datetime_futuro_ou_fora_de_2015_2024,true,passo_de_revisao_humana;nenhuma_execucao_automatica
MV2_DATA_01_TGT_00080_STEP_06,MV2_DATA_01_TGT_00080,0cde77e9c1575840,PET_00986,Petropolis,6,copiar o MGRS_TILE,MGRS_TILE_da_imagem,TXXLLL_ex_T25M...,nao_usar_T23KPR_nem_tile_por_zona_como_vinculo_automatico,true,passo_de_revisao_humana;nenhuma_execucao_automatica
MV2_DATA_01_TGT_00080_STEP_07,MV2_DATA_01_TGT_00080,0cde77e9c1575840,PET_00986,Petropolis,7,copiar o CLOUDY_PIXEL_PERCENTAGE,CLOUDY_PIXEL_PERCENTAGE,float_0_a_100,nao_inventar_cobertura_de_nuvem,false,passo_de_revisao_humana;nenhuma_execucao_automatica
MV2_DATA_01_TGT_00080_STEP_08,MV2_DATA_01_TGT_00080,0cde77e9c1575840,PET_00986,Petropolis,8,copiar o DATATAKE_IDENTIFIER,DATATAKE_IDENTIFIER,GS2[AB]_AAAAMMDDTHHMMSS_NNNNNN_NXXYY,nao_inferir_datatake_de_outro_produto,false,passo_de_revisao_humana;nenhuma_execucao_automatica
MV2_DATA_01_TGT_00080_STEP_09,MV2_DATA_01_TGT_00080,0cde77e9c1575840,PET_00986,Petropolis,9,registrar a collection usada,id_da_colecao_GEE,COPERNICUS/S2_SR_HARMONIZED_ou_equivalente,nao_assumir_colecao_sem_evidencia,false,passo_de_revisao_humana;nenhuma_execucao_automatica
MV2_DATA_01_TGT_00080_STEP_10,MV2_DATA_01_TGT_00080,0cde77e9c1575840,PET_00986,Petropolis,10,registrar a evidencia local (export/print/log),referencia_local_da_evidencia,caminho_local_relativo_ou_id_de_evidencia,nao_publicar_raster_bruto_como_evidencia,false,passo_de_revisao_humana;nenhuma_execucao_automatica
MV2_DATA_01_TGT_00080_STEP_11,MV2_DATA_01_TGT_00080,0cde77e9c1575840,PET_00986,Petropolis,11,marcar review_status (CONFIRMED/PARTIAL/REJECTED),review_status_preenchido,CONFIRMED|PARTIAL|REJECTED,sem_revisor_nao_marcar_CONFIRMED,false,passo_de_revisao_humana;nenhuma_execucao_automatica
MV2_DATA_01_TGT_00080_STEP_12,MV2_DATA_01_TGT_00080,0cde77e9c1575840,PET_00986,Petropolis,12,nao preencher nada se nao houver evidencia,campos_vazios_quando_sem_evidencia,vazio,ausencia_de_evidencia_nunca_vira_valor_inventado_nem_negativo,true,passo_de_revisao_humana;nenhuma_execucao_automatica
MV2_DATA_01_TGT_00081_STEP_01,MV2_DATA_01_TGT_00081,e05df0f62e418ae5,PET_01307,Petropolis,1,abrir o GEE Code Editor / Tasks autenticado,sessao_GEE_ativa,screenshot_ou_url_de_sessao,sem_acesso_ao_GEE_nao_prossegue,true,passo_de_revisao_humana;nenhuma_execucao_automatica
MV2_DATA_01_TGT_00081_STEP_02,MV2_DATA_01_TGT_00081,e05df0f62e418ae5,PET_01307,Petropolis,2,localizar o script/export task original deste patch,nome_do_script_ou_export_task,texto_export_task_name_ou_caminho_de_script,nao_inferir_export_por_nome_de_arquivo_de_patch,true,passo_de_revisao_humana;nenhuma_execucao_automatica
MV2_DATA_01_TGT_00081_STEP_03,MV2_DATA_01_TGT_00081,e05df0f62e418ae5,PET_01307,Petropolis,3,localizar a imagem Sentinel-2 efetivamente usada,image_id_da_colecao_S2,ee_image_id_ou_system_index,nao_assumir_imagem_por_cidade_regiao_ou_tile,true,passo_de_revisao_humana;nenhuma_execucao_automatica
MV2_DATA_01_TGT_00081_STEP_04,MV2_DATA_01_TGT_00081,e05df0f62e418ae5,PET_01307,Petropolis,4,copiar o PRODUCT_ID,PRODUCT_ID_da_imagem,S2[AB]_MSIL2A_AAAAMMDDTHHMMSS_..._TXXYYY_AAAAMMDDTHHMMSS,nao_aceitar_PRODUCT_ID_sem_origem_GEE,true,passo_de_revisao_humana;nenhuma_execucao_automatica
MV2_DATA_01_TGT_00081_STEP_05,MV2_DATA_01_TGT_00081,e05df0f62e418ae5,PET_01307,Petropolis,5,copiar o acquisition datetime,system_time_start_convertido_para_ISO,AAAA-MM-DDTHH:MM:SS,rejeitar_datetime_futuro_ou_fora_de_2015_2024,true,passo_de_revisao_humana;nenhuma_execucao_automatica
MV2_DATA_01_TGT_00081_STEP_06,MV2_DATA_01_TGT_00081,e05df0f62e418ae5,PET_01307,Petropolis,6,copiar o MGRS_TILE,MGRS_TILE_da_imagem,TXXLLL_ex_T25M...,nao_usar_T23KPR_nem_tile_por_zona_como_vinculo_automatico,true,passo_de_revisao_humana;nenhuma_execucao_automatica
MV2_DATA_01_TGT_00081_STEP_07,MV2_DATA_01_TGT_00081,e05df0f62e418ae5,PET_01307,Petropolis,7,copiar o CLOUDY_PIXEL_PERCENTAGE,CLOUDY_PIXEL_PERCENTAGE,float_0_a_100,nao_inventar_cobertura_de_nuvem,false,passo_de_revisao_humana;nenhuma_execucao_automatica
MV2_DATA_01_TGT_00081_STEP_08,MV2_DATA_01_TGT_00081,e05df0f62e418ae5,PET_01307,Petropolis,8,copiar o DATATAKE_IDENTIFIER,DATATAKE_IDENTIFIER,GS2[AB]_AAAAMMDDTHHMMSS_NNNNNN_NXXYY,nao_inferir_datatake_de_outro_produto,false,passo_de_revisao_humana;nenhuma_execucao_automatica
MV2_DATA_01_TGT_00081_STEP_09,MV2_DATA_01_TGT_00081,e05df0f62e418ae5,PET_01307,Petropolis,9,registrar a collection usada,id_da_colecao_GEE,COPERNICUS/S2_SR_HARMONIZED_ou_equivalente,nao_assumir_colecao_sem_evidencia,false,passo_de_revisao_humana;nenhuma_execucao_automatica
MV2_DATA_01_TGT_00081_STEP_10,MV2_DATA_01_TGT_00081,e05df0f62e418ae5,PET_01307,Petropolis,10,registrar a evidencia local (export/print/log),referencia_local_da_evidencia,caminho_local_relativo_ou_id_de_evidencia,nao_publicar_raster_bruto_como_evidencia,false,passo_de_revisao_humana;nenhuma_execucao_automatica
MV2_DATA_01_TGT_00081_STEP_11,MV2_DATA_01_TGT_00081,e05df0f62e418ae5,PET_01307,Petropolis,11,marcar review_status (CONFIRMED/PARTIAL/REJECTED),review_status_preenchido,CONFIRMED|PARTIAL|REJECTED,sem_revisor_nao_marcar_CONFIRMED,false,passo_de_revisao_humana;nenhuma_execucao_automatica
MV2_DATA_01_TGT_00081_STEP_12,MV2_DATA_01_TGT_00081,e05df0f62e418ae5,PET_01307,Petropolis,12,nao preencher nada se nao houver evidencia,campos_vazios_quando_sem_evidencia,vazio,ausencia_de_evidencia_nunca_vira_valor_inventado_nem_negativo,true,passo_de_revisao_humana;nenhuma_execucao_automatica
MV2_DATA_01_TGT_00082_STEP_01,MV2_DATA_01_TGT_00082,b03e03c6228a12e0,PET_01323,Petropolis,1,abrir o GEE Code Editor / Tasks autenticado,sessao_GEE_ativa,screenshot_ou_url_de_sessao,sem_acesso_ao_GEE_nao_prossegue,true,passo_de_revisao_humana;nenhuma_execucao_automatica
MV2_DATA_01_TGT_00082_STEP_02,MV2_DATA_01_TGT_00082,b03e03c6228a12e0,PET_01323,Petropolis,2,localizar o script/export task original deste patch,nome_do_script_ou_export_task,texto_export_task_name_ou_caminho_de_script,nao_inferir_export_por_nome_de_arquivo_de_patch,true,passo_de_revisao_humana;nenhuma_execucao_automatica
MV2_DATA_01_TGT_00082_STEP_03,MV2_DATA_01_TGT_00082,b03e03c6228a12e0,PET_01323,Petropolis,3,localizar a imagem Sentinel-2 efetivamente usada,image_id_da_colecao_S2,ee_image_id_ou_system_index,nao_assumir_imagem_por_cidade_regiao_ou_tile,true,passo_de_revisao_humana;nenhuma_execucao_automatica
MV2_DATA_01_TGT_00082_STEP_04,MV2_DATA_01_TGT_00082,b03e03c6228a12e0,PET_01323,Petropolis,4,copiar o PRODUCT_ID,PRODUCT_ID_da_imagem,S2[AB]_MSIL2A_AAAAMMDDTHHMMSS_..._TXXYYY_AAAAMMDDTHHMMSS,nao_aceitar_PRODUCT_ID_sem_origem_GEE,true,passo_de_revisao_humana;nenhuma_execucao_automatica
MV2_DATA_01_TGT_00082_STEP_05,MV2_DATA_01_TGT_00082,b03e03c6228a12e0,PET_01323,Petropolis,5,copiar o acquisition datetime,system_time_start_convertido_para_ISO,AAAA-MM-DDTHH:MM:SS,rejeitar_datetime_futuro_ou_fora_de_2015_2024,true,passo_de_revisao_humana;nenhuma_execucao_automatica
MV2_DATA_01_TGT_00082_STEP_06,MV2_DATA_01_TGT_00082,b03e03c6228a12e0,PET_01323,Petropolis,6,copiar o MGRS_TILE,MGRS_TILE_da_imagem,TXXLLL_ex_T25M...,nao_usar_T23KPR_nem_tile_por_zona_como_vinculo_automatico,true,passo_de_revisao_humana;nenhuma_execucao_automatica
MV2_DATA_01_TGT_00082_STEP_07,MV2_DATA_01_TGT_00082,b03e03c6228a12e0,PET_01323,Petropolis,7,copiar o CLOUDY_PIXEL_PERCENTAGE,CLOUDY_PIXEL_PERCENTAGE,float_0_a_100,nao_inventar_cobertura_de_nuvem,false,passo_de_revisao_humana;nenhuma_execucao_automatica
MV2_DATA_01_TGT_00082_STEP_08,MV2_DATA_01_TGT_00082,b03e03c6228a12e0,PET_01323,Petropolis,8,copiar o DATATAKE_IDENTIFIER,DATATAKE_IDENTIFIER,GS2[AB]_AAAAMMDDTHHMMSS_NNNNNN_NXXYY,nao_inferir_datatake_de_outro_produto,false,passo_de_revisao_humana;nenhuma_execucao_automatica
MV2_DATA_01_TGT_00082_STEP_09,MV2_DATA_01_TGT_00082,b03e03c6228a12e0,PET_01323,Petropolis,9,registrar a collection usada,id_da_colecao_GEE,COPERNICUS/S2_SR_HARMONIZED_ou_equivalente,nao_assumir_colecao_sem_evidencia,false,passo_de_revisao_humana;nenhuma_execucao_automatica
MV2_DATA_01_TGT_00082_STEP_10,MV2_DATA_01_TGT_00082,b03e03c6228a12e0,PET_01323,Petropolis,10,registrar a evidencia local (export/print/log),referencia_local_da_evidencia,caminho_local_relativo_ou_id_de_evidencia,nao_publicar_raster_bruto_como_evidencia,false,passo_de_revisao_humana;nenhuma_execucao_automatica
MV2_DATA_01_TGT_00082_STEP_11,MV2_DATA_01_TGT_00082,b03e03c6228a12e0,PET_01323,Petropolis,11,marcar review_status (CONFIRMED/PARTIAL/REJECTED),review_status_preenchido,CONFIRMED|PARTIAL|REJECTED,sem_revisor_nao_marcar_CONFIRMED,false,passo_de_revisao_humana;nenhuma_execucao_automatica
MV2_DATA_01_TGT_00082_STEP_12,MV2_DATA_01_TGT_00082,b03e03c6228a12e0,PET_01323,Petropolis,12,nao preencher nada se nao houver evidencia,campos_vazios_quando_sem_evidencia,vazio,ausencia_de_evidencia_nunca_vira_valor_inventado_nem_negativo,true,passo_de_revisao_humana;nenhuma_execucao_automatica
MV2_DATA_01_TGT_00083_STEP_01,MV2_DATA_01_TGT_00083,2f83811f9a21917a,PET_01349,Petropolis,1,abrir o GEE Code Editor / Tasks autenticado,sessao_GEE_ativa,screenshot_ou_url_de_sessao,sem_acesso_ao_GEE_nao_prossegue,true,passo_de_revisao_humana;nenhuma_execucao_automatica
MV2_DATA_01_TGT_00083_STEP_02,MV2_DATA_01_TGT_00083,2f83811f9a21917a,PET_01349,Petropolis,2,localizar o script/export task original deste patch,nome_do_script_ou_export_task,texto_export_task_name_ou_caminho_de_script,nao_inferir_export_por_nome_de_arquivo_de_patch,true,passo_de_revisao_humana;nenhuma_execucao_automatica
MV2_DATA_01_TGT_00083_STEP_03,MV2_DATA_01_TGT_00083,2f83811f9a21917a,PET_01349,Petropolis,3,localizar a imagem Sentinel-2 efetivamente usada,image_id_da_colecao_S2,ee_image_id_ou_system_index,nao_assumir_imagem_por_cidade_regiao_ou_tile,true,passo_de_revisao_humana;nenhuma_execucao_automatica
MV2_DATA_01_TGT_00083_STEP_04,MV2_DATA_01_TGT_00083,2f83811f9a21917a,PET_01349,Petropolis,4,copiar o PRODUCT_ID,PRODUCT_ID_da_imagem,S2[AB]_MSIL2A_AAAAMMDDTHHMMSS_..._TXXYYY_AAAAMMDDTHHMMSS,nao_aceitar_PRODUCT_ID_sem_origem_GEE,true,passo_de_revisao_humana;nenhuma_execucao_automatica
MV2_DATA_01_TGT_00083_STEP_05,MV2_DATA_01_TGT_00083,2f83811f9a21917a,PET_01349,Petropolis,5,copiar o acquisition datetime,system_time_start_convertido_para_ISO,AAAA-MM-DDTHH:MM:SS,rejeitar_datetime_futuro_ou_fora_de_2015_2024,true,passo_de_revisao_humana;nenhuma_execucao_automatica
MV2_DATA_01_TGT_00083_STEP_06,MV2_DATA_01_TGT_00083,2f83811f9a21917a,PET_01349,Petropolis,6,copiar o MGRS_TILE,MGRS_TILE_da_imagem,TXXLLL_ex_T25M...,nao_usar_T23KPR_nem_tile_por_zona_como_vinculo_automatico,true,passo_de_revisao_humana;nenhuma_execucao_automatica
MV2_DATA_01_TGT_00083_STEP_07,MV2_DATA_01_TGT_00083,2f83811f9a21917a,PET_01349,Petropolis,7,copiar o CLOUDY_PIXEL_PERCENTAGE,CLOUDY_PIXEL_PERCENTAGE,float_0_a_100,nao_inventar_cobertura_de_nuvem,false,passo_de_revisao_humana;nenhuma_execucao_automatica
MV2_DATA_01_TGT_00083_STEP_08,MV2_DATA_01_TGT_00083,2f83811f9a21917a,PET_01349,Petropolis,8,copiar o DATATAKE_IDENTIFIER,DATATAKE_IDENTIFIER,GS2[AB]_AAAAMMDDTHHMMSS_NNNNNN_NXXYY,nao_inferir_datatake_de_outro_produto,false,passo_de_revisao_humana;nenhuma_execucao_automatica
MV2_DATA_01_TGT_00083_STEP_09,MV2_DATA_01_TGT_00083,2f83811f9a21917a,PET_01349,Petropolis,9,registrar a collection usada,id_da_colecao_GEE,COPERNICUS/S2_SR_HARMONIZED_ou_equivalente,nao_assumir_colecao_sem_evidencia,false,passo_de_revisao_humana;nenhuma_execucao_automatica
MV2_DATA_01_TGT_00083_STEP_10,MV2_DATA_01_TGT_00083,2f83811f9a21917a,PET_01349,Petropolis,10,registrar a evidencia local (export/print/log),referencia_local_da_evidencia,caminho_local_relativo_ou_id_de_evidencia,nao_publicar_raster_bruto_como_evidencia,false,passo_de_revisao_humana;nenhuma_execucao_automatica
MV2_DATA_01_TGT_00083_STEP_11,MV2_DATA_01_TGT_00083,2f83811f9a21917a,PET_01349,Petropolis,11,marcar review_status (CONFIRMED/PARTIAL/REJECTED),review_status_preenchido,CONFIRMED|PARTIAL|REJECTED,sem_revisor_nao_marcar_CONFIRMED,false,passo_de_revisao_humana;nenhuma_execucao_automatica
MV2_DATA_01_TGT_00083_STEP_12,MV2_DATA_01_TGT_00083,2f83811f9a21917a,PET_01349,Petropolis,12,nao preencher nada se nao houver evidencia,campos_vazios_quando_sem_evidencia,vazio,ausencia_de_evidencia_nunca_vira_valor_inventado_nem_negativo,true,passo_de_revisao_humana;nenhuma_execucao_automatica
MV2_DATA_01_TGT_00084_STEP_01,MV2_DATA_01_TGT_00084,7a612be3a61d97c7,PET_01352,Petropolis,1,abrir o GEE Code Editor / Tasks autenticado,sessao_GEE_ativa,screenshot_ou_url_de_sessao,sem_acesso_ao_GEE_nao_prossegue,true,passo_de_revisao_humana;nenhuma_execucao_automatica
MV2_DATA_01_TGT_00084_STEP_02,MV2_DATA_01_TGT_00084,7a612be3a61d97c7,PET_01352,Petropolis,2,localizar o script/export task original deste patch,nome_do_script_ou_export_task,texto_export_task_name_ou_caminho_de_script,nao_inferir_export_por_nome_de_arquivo_de_patch,true,passo_de_revisao_humana;nenhuma_execucao_automatica
MV2_DATA_01_TGT_00084_STEP_03,MV2_DATA_01_TGT_00084,7a612be3a61d97c7,PET_01352,Petropolis,3,localizar a imagem Sentinel-2 efetivamente usada,image_id_da_colecao_S2,ee_image_id_ou_system_index,nao_assumir_imagem_por_cidade_regiao_ou_tile,true,passo_de_revisao_humana;nenhuma_execucao_automatica
MV2_DATA_01_TGT_00084_STEP_04,MV2_DATA_01_TGT_00084,7a612be3a61d97c7,PET_01352,Petropolis,4,copiar o PRODUCT_ID,PRODUCT_ID_da_imagem,S2[AB]_MSIL2A_AAAAMMDDTHHMMSS_..._TXXYYY_AAAAMMDDTHHMMSS,nao_aceitar_PRODUCT_ID_sem_origem_GEE,true,passo_de_revisao_humana;nenhuma_execucao_automatica
MV2_DATA_01_TGT_00084_STEP_05,MV2_DATA_01_TGT_00084,7a612be3a61d97c7,PET_01352,Petropolis,5,copiar o acquisition datetime,system_time_start_convertido_para_ISO,AAAA-MM-DDTHH:MM:SS,rejeitar_datetime_futuro_ou_fora_de_2015_2024,true,passo_de_revisao_humana;nenhuma_execucao_automatica
MV2_DATA_01_TGT_00084_STEP_06,MV2_DATA_01_TGT_00084,7a612be3a61d97c7,PET_01352,Petropolis,6,copiar o MGRS_TILE,MGRS_TILE_da_imagem,TXXLLL_ex_T25M...,nao_usar_T23KPR_nem_tile_por_zona_como_vinculo_automatico,true,passo_de_revisao_humana;nenhuma_execucao_automatica
MV2_DATA_01_TGT_00084_STEP_07,MV2_DATA_01_TGT_00084,7a612be3a61d97c7,PET_01352,Petropolis,7,copiar o CLOUDY_PIXEL_PERCENTAGE,CLOUDY_PIXEL_PERCENTAGE,float_0_a_100,nao_inventar_cobertura_de_nuvem,false,passo_de_revisao_humana;nenhuma_execucao_automatica
MV2_DATA_01_TGT_00084_STEP_08,MV2_DATA_01_TGT_00084,7a612be3a61d97c7,PET_01352,Petropolis,8,copiar o DATATAKE_IDENTIFIER,DATATAKE_IDENTIFIER,GS2[AB]_AAAAMMDDTHHMMSS_NNNNNN_NXXYY,nao_inferir_datatake_de_outro_produto,false,passo_de_revisao_humana;nenhuma_execucao_automatica
MV2_DATA_01_TGT_00084_STEP_09,MV2_DATA_01_TGT_00084,7a612be3a61d97c7,PET_01352,Petropolis,9,registrar a collection usada,id_da_colecao_GEE,COPERNICUS/S2_SR_HARMONIZED_ou_equivalente,nao_assumir_colecao_sem_evidencia,false,passo_de_revisao_humana;nenhuma_execucao_automatica
MV2_DATA_01_TGT_00084_STEP_10,MV2_DATA_01_TGT_00084,7a612be3a61d97c7,PET_01352,Petropolis,10,registrar a evidencia local (export/print/log),referencia_local_da_evidencia,caminho_local_relativo_ou_id_de_evidencia,nao_publicar_raster_bruto_como_evidencia,false,passo_de_revisao_humana;nenhuma_execucao_automatica
MV2_DATA_01_TGT_00084_STEP_11,MV2_DATA_01_TGT_00084,7a612be3a61d97c7,PET_01352,Petropolis,11,marcar review_status (CONFIRMED/PARTIAL/REJECTED),review_status_preenchido,CONFIRMED|PARTIAL|REJECTED,sem_revisor_nao_marcar_CONFIRMED,false,passo_de_revisao_humana;nenhuma_execucao_automatica
MV2_DATA_01_TGT_00084_STEP_12,MV2_DATA_01_TGT_00084,7a612be3a61d97c7,PET_01352,Petropolis,12,nao preencher nada se nao houver evidencia,campos_vazios_quando_sem_evidencia,vazio,ausencia_de_evidencia_nunca_vira_valor_inventado_nem_negativo,true,passo_de_revisao_humana;nenhuma_execucao_automatica
MV2_DATA_01_TGT_00085_STEP_01,MV2_DATA_01_TGT_00085,95b5532160a129aa,PET_01386,Petropolis,1,abrir o GEE Code Editor / Tasks autenticado,sessao_GEE_ativa,screenshot_ou_url_de_sessao,sem_acesso_ao_GEE_nao_prossegue,true,passo_de_revisao_humana;nenhuma_execucao_automatica
MV2_DATA_01_TGT_00085_STEP_02,MV2_DATA_01_TGT_00085,95b5532160a129aa,PET_01386,Petropolis,2,localizar o script/export task original deste patch,nome_do_script_ou_export_task,texto_export_task_name_ou_caminho_de_script,nao_inferir_export_por_nome_de_arquivo_de_patch,true,passo_de_revisao_humana;nenhuma_execucao_automatica
MV2_DATA_01_TGT_00085_STEP_03,MV2_DATA_01_TGT_00085,95b5532160a129aa,PET_01386,Petropolis,3,localizar a imagem Sentinel-2 efetivamente usada,image_id_da_colecao_S2,ee_image_id_ou_system_index,nao_assumir_imagem_por_cidade_regiao_ou_tile,true,passo_de_revisao_humana;nenhuma_execucao_automatica
MV2_DATA_01_TGT_00085_STEP_04,MV2_DATA_01_TGT_00085,95b5532160a129aa,PET_01386,Petropolis,4,copiar o PRODUCT_ID,PRODUCT_ID_da_imagem,S2[AB]_MSIL2A_AAAAMMDDTHHMMSS_..._TXXYYY_AAAAMMDDTHHMMSS,nao_aceitar_PRODUCT_ID_sem_origem_GEE,true,passo_de_revisao_humana;nenhuma_execucao_automatica
MV2_DATA_01_TGT_00085_STEP_05,MV2_DATA_01_TGT_00085,95b5532160a129aa,PET_01386,Petropolis,5,copiar o acquisition datetime,system_time_start_convertido_para_ISO,AAAA-MM-DDTHH:MM:SS,rejeitar_datetime_futuro_ou_fora_de_2015_2024,true,passo_de_revisao_humana;nenhuma_execucao_automatica
MV2_DATA_01_TGT_00085_STEP_06,MV2_DATA_01_TGT_00085,95b5532160a129aa,PET_01386,Petropolis,6,copiar o MGRS_TILE,MGRS_TILE_da_imagem,TXXLLL_ex_T25M...,nao_usar_T23KPR_nem_tile_por_zona_como_vinculo_automatico,true,passo_de_revisao_humana;nenhuma_execucao_automatica
MV2_DATA_01_TGT_00085_STEP_07,MV2_DATA_01_TGT_00085,95b5532160a129aa,PET_01386,Petropolis,7,copiar o CLOUDY_PIXEL_PERCENTAGE,CLOUDY_PIXEL_PERCENTAGE,float_0_a_100,nao_inventar_cobertura_de_nuvem,false,passo_de_revisao_humana;nenhuma_execucao_automatica
MV2_DATA_01_TGT_00085_STEP_08,MV2_DATA_01_TGT_00085,95b5532160a129aa,PET_01386,Petropolis,8,copiar o DATATAKE_IDENTIFIER,DATATAKE_IDENTIFIER,GS2[AB]_AAAAMMDDTHHMMSS_NNNNNN_NXXYY,nao_inferir_datatake_de_outro_produto,false,passo_de_revisao_humana;nenhuma_execucao_automatica
MV2_DATA_01_TGT_00085_STEP_09,MV2_DATA_01_TGT_00085,95b5532160a129aa,PET_01386,Petropolis,9,registrar a collection usada,id_da_colecao_GEE,COPERNICUS/S2_SR_HARMONIZED_ou_equivalente,nao_assumir_colecao_sem_evidencia,false,passo_de_revisao_humana;nenhuma_execucao_automatica
MV2_DATA_01_TGT_00085_STEP_10,MV2_DATA_01_TGT_00085,95b5532160a129aa,PET_01386,Petropolis,10,registrar a evidencia local (export/print/log),referencia_local_da_evidencia,caminho_local_relativo_ou_id_de_evidencia,nao_publicar_raster_bruto_como_evidencia,false,passo_de_revisao_humana;nenhuma_execucao_automatica
MV2_DATA_01_TGT_00085_STEP_11,MV2_DATA_01_TGT_00085,95b5532160a129aa,PET_01386,Petropolis,11,marcar review_status (CONFIRMED/PARTIAL/REJECTED),review_status_preenchido,CONFIRMED|PARTIAL|REJECTED,sem_revisor_nao_marcar_CONFIRMED,false,passo_de_revisao_humana;nenhuma_execucao_automatica
MV2_DATA_01_TGT_00085_STEP_12,MV2_DATA_01_TGT_00085,95b5532160a129aa,PET_01386,Petropolis,12,nao preencher nada se nao houver evidencia,campos_vazios_quando_sem_evidencia,vazio,ausencia_de_evidencia_nunca_vira_valor_inventado_nem_negativo,true,passo_de_revisao_humana;nenhuma_execucao_automatica
MV2_DATA_01_TGT_00086_STEP_01,MV2_DATA_01_TGT_00086,5152bf2f6bf19eaf,PET_01403,Petropolis,1,abrir o GEE Code Editor / Tasks autenticado,sessao_GEE_ativa,screenshot_ou_url_de_sessao,sem_acesso_ao_GEE_nao_prossegue,true,passo_de_revisao_humana;nenhuma_execucao_automatica
MV2_DATA_01_TGT_00086_STEP_02,MV2_DATA_01_TGT_00086,5152bf2f6bf19eaf,PET_01403,Petropolis,2,localizar o script/export task original deste patch,nome_do_script_ou_export_task,texto_export_task_name_ou_caminho_de_script,nao_inferir_export_por_nome_de_arquivo_de_patch,true,passo_de_revisao_humana;nenhuma_execucao_automatica
MV2_DATA_01_TGT_00086_STEP_03,MV2_DATA_01_TGT_00086,5152bf2f6bf19eaf,PET_01403,Petropolis,3,localizar a imagem Sentinel-2 efetivamente usada,image_id_da_colecao_S2,ee_image_id_ou_system_index,nao_assumir_imagem_por_cidade_regiao_ou_tile,true,passo_de_revisao_humana;nenhuma_execucao_automatica
MV2_DATA_01_TGT_00086_STEP_04,MV2_DATA_01_TGT_00086,5152bf2f6bf19eaf,PET_01403,Petropolis,4,copiar o PRODUCT_ID,PRODUCT_ID_da_imagem,S2[AB]_MSIL2A_AAAAMMDDTHHMMSS_..._TXXYYY_AAAAMMDDTHHMMSS,nao_aceitar_PRODUCT_ID_sem_origem_GEE,true,passo_de_revisao_humana;nenhuma_execucao_automatica
MV2_DATA_01_TGT_00086_STEP_05,MV2_DATA_01_TGT_00086,5152bf2f6bf19eaf,PET_01403,Petropolis,5,copiar o acquisition datetime,system_time_start_convertido_para_ISO,AAAA-MM-DDTHH:MM:SS,rejeitar_datetime_futuro_ou_fora_de_2015_2024,true,passo_de_revisao_humana;nenhuma_execucao_automatica
MV2_DATA_01_TGT_00086_STEP_06,MV2_DATA_01_TGT_00086,5152bf2f6bf19eaf,PET_01403,Petropolis,6,copiar o MGRS_TILE,MGRS_TILE_da_imagem,TXXLLL_ex_T25M...,nao_usar_T23KPR_nem_tile_por_zona_como_vinculo_automatico,true,passo_de_revisao_humana;nenhuma_execucao_automatica
MV2_DATA_01_TGT_00086_STEP_07,MV2_DATA_01_TGT_00086,5152bf2f6bf19eaf,PET_01403,Petropolis,7,copiar o CLOUDY_PIXEL_PERCENTAGE,CLOUDY_PIXEL_PERCENTAGE,float_0_a_100,nao_inventar_cobertura_de_nuvem,false,passo_de_revisao_humana;nenhuma_execucao_automatica
MV2_DATA_01_TGT_00086_STEP_08,MV2_DATA_01_TGT_00086,5152bf2f6bf19eaf,PET_01403,Petropolis,8,copiar o DATATAKE_IDENTIFIER,DATATAKE_IDENTIFIER,GS2[AB]_AAAAMMDDTHHMMSS_NNNNNN_NXXYY,nao_inferir_datatake_de_outro_produto,false,passo_de_revisao_humana;nenhuma_execucao_automatica
MV2_DATA_01_TGT_00086_STEP_09,MV2_DATA_01_TGT_00086,5152bf2f6bf19eaf,PET_01403,Petropolis,9,registrar a collection usada,id_da_colecao_GEE,COPERNICUS/S2_SR_HARMONIZED_ou_equivalente,nao_assumir_colecao_sem_evidencia,false,passo_de_revisao_humana;nenhuma_execucao_automatica
MV2_DATA_01_TGT_00086_STEP_10,MV2_DATA_01_TGT_00086,5152bf2f6bf19eaf,PET_01403,Petropolis,10,registrar a evidencia local (export/print/log),referencia_local_da_evidencia,caminho_local_relativo_ou_id_de_evidencia,nao_publicar_raster_bruto_como_evidencia,false,passo_de_revisao_humana;nenhuma_execucao_automatica
MV2_DATA_01_TGT_00086_STEP_11,MV2_DATA_01_TGT_00086,5152bf2f6bf19eaf,PET_01403,Petropolis,11,marcar review_status (CONFIRMED/PARTIAL/REJECTED),review_status_preenchido,CONFIRMED|PARTIAL|REJECTED,sem_revisor_nao_marcar_CONFIRMED,false,passo_de_revisao_humana;nenhuma_execucao_automatica
MV2_DATA_01_TGT_00086_STEP_12,MV2_DATA_01_TGT_00086,5152bf2f6bf19eaf,PET_01403,Petropolis,12,nao preencher nada se nao houver evidencia,campos_vazios_quando_sem_evidencia,vazio,ausencia_de_evidencia_nunca_vira_valor_inventado_nem_negativo,true,passo_de_revisao_humana;nenhuma_execucao_automatica
MV2_DATA_01_TGT_00087_STEP_01,MV2_DATA_01_TGT_00087,11466fcdfb772b83,PET_01458,Petropolis,1,abrir o GEE Code Editor / Tasks autenticado,sessao_GEE_ativa,screenshot_ou_url_de_sessao,sem_acesso_ao_GEE_nao_prossegue,true,passo_de_revisao_humana;nenhuma_execucao_automatica
MV2_DATA_01_TGT_00087_STEP_02,MV2_DATA_01_TGT_00087,11466fcdfb772b83,PET_01458,Petropolis,2,localizar o script/export task original deste patch,nome_do_script_ou_export_task,texto_export_task_name_ou_caminho_de_script,nao_inferir_export_por_nome_de_arquivo_de_patch,true,passo_de_revisao_humana;nenhuma_execucao_automatica
MV2_DATA_01_TGT_00087_STEP_03,MV2_DATA_01_TGT_00087,11466fcdfb772b83,PET_01458,Petropolis,3,localizar a imagem Sentinel-2 efetivamente usada,image_id_da_colecao_S2,ee_image_id_ou_system_index,nao_assumir_imagem_por_cidade_regiao_ou_tile,true,passo_de_revisao_humana;nenhuma_execucao_automatica
MV2_DATA_01_TGT_00087_STEP_04,MV2_DATA_01_TGT_00087,11466fcdfb772b83,PET_01458,Petropolis,4,copiar o PRODUCT_ID,PRODUCT_ID_da_imagem,S2[AB]_MSIL2A_AAAAMMDDTHHMMSS_..._TXXYYY_AAAAMMDDTHHMMSS,nao_aceitar_PRODUCT_ID_sem_origem_GEE,true,passo_de_revisao_humana;nenhuma_execucao_automatica
MV2_DATA_01_TGT_00087_STEP_05,MV2_DATA_01_TGT_00087,11466fcdfb772b83,PET_01458,Petropolis,5,copiar o acquisition datetime,system_time_start_convertido_para_ISO,AAAA-MM-DDTHH:MM:SS,rejeitar_datetime_futuro_ou_fora_de_2015_2024,true,passo_de_revisao_humana;nenhuma_execucao_automatica
MV2_DATA_01_TGT_00087_STEP_06,MV2_DATA_01_TGT_00087,11466fcdfb772b83,PET_01458,Petropolis,6,copiar o MGRS_TILE,MGRS_TILE_da_imagem,TXXLLL_ex_T25M...,nao_usar_T23KPR_nem_tile_por_zona_como_vinculo_automatico,true,passo_de_revisao_humana;nenhuma_execucao_automatica
MV2_DATA_01_TGT_00087_STEP_07,MV2_DATA_01_TGT_00087,11466fcdfb772b83,PET_01458,Petropolis,7,copiar o CLOUDY_PIXEL_PERCENTAGE,CLOUDY_PIXEL_PERCENTAGE,float_0_a_100,nao_inventar_cobertura_de_nuvem,false,passo_de_revisao_humana;nenhuma_execucao_automatica
MV2_DATA_01_TGT_00087_STEP_08,MV2_DATA_01_TGT_00087,11466fcdfb772b83,PET_01458,Petropolis,8,copiar o DATATAKE_IDENTIFIER,DATATAKE_IDENTIFIER,GS2[AB]_AAAAMMDDTHHMMSS_NNNNNN_NXXYY,nao_inferir_datatake_de_outro_produto,false,passo_de_revisao_humana;nenhuma_execucao_automatica
MV2_DATA_01_TGT_00087_STEP_09,MV2_DATA_01_TGT_00087,11466fcdfb772b83,PET_01458,Petropolis,9,registrar a collection usada,id_da_colecao_GEE,COPERNICUS/S2_SR_HARMONIZED_ou_equivalente,nao_assumir_colecao_sem_evidencia,false,passo_de_revisao_humana;nenhuma_execucao_automatica
MV2_DATA_01_TGT_00087_STEP_10,MV2_DATA_01_TGT_00087,11466fcdfb772b83,PET_01458,Petropolis,10,registrar a evidencia local (export/print/log),referencia_local_da_evidencia,caminho_local_relativo_ou_id_de_evidencia,nao_publicar_raster_bruto_como_evidencia,false,passo_de_revisao_humana;nenhuma_execucao_automatica
MV2_DATA_01_TGT_00087_STEP_11,MV2_DATA_01_TGT_00087,11466fcdfb772b83,PET_01458,Petropolis,11,marcar review_status (CONFIRMED/PARTIAL/REJECTED),review_status_preenchido,CONFIRMED|PARTIAL|REJECTED,sem_revisor_nao_marcar_CONFIRMED,false,passo_de_revisao_humana;nenhuma_execucao_automatica
MV2_DATA_01_TGT_00087_STEP_12,MV2_DATA_01_TGT_00087,11466fcdfb772b83,PET_01458,Petropolis,12,nao preencher nada se nao houver evidencia,campos_vazios_quando_sem_evidencia,vazio,ausencia_de_evidencia_nunca_vira_valor_inventado_nem_negativo,true,passo_de_revisao_humana;nenhuma_execucao_automatica
MV2_DATA_01_TGT_00088_STEP_01,MV2_DATA_01_TGT_00088,eb11663726bba27f,PET_01478,Petropolis,1,abrir o GEE Code Editor / Tasks autenticado,sessao_GEE_ativa,screenshot_ou_url_de_sessao,sem_acesso_ao_GEE_nao_prossegue,true,passo_de_revisao_humana;nenhuma_execucao_automatica
MV2_DATA_01_TGT_00088_STEP_02,MV2_DATA_01_TGT_00088,eb11663726bba27f,PET_01478,Petropolis,2,localizar o script/export task original deste patch,nome_do_script_ou_export_task,texto_export_task_name_ou_caminho_de_script,nao_inferir_export_por_nome_de_arquivo_de_patch,true,passo_de_revisao_humana;nenhuma_execucao_automatica
MV2_DATA_01_TGT_00088_STEP_03,MV2_DATA_01_TGT_00088,eb11663726bba27f,PET_01478,Petropolis,3,localizar a imagem Sentinel-2 efetivamente usada,image_id_da_colecao_S2,ee_image_id_ou_system_index,nao_assumir_imagem_por_cidade_regiao_ou_tile,true,passo_de_revisao_humana;nenhuma_execucao_automatica
MV2_DATA_01_TGT_00088_STEP_04,MV2_DATA_01_TGT_00088,eb11663726bba27f,PET_01478,Petropolis,4,copiar o PRODUCT_ID,PRODUCT_ID_da_imagem,S2[AB]_MSIL2A_AAAAMMDDTHHMMSS_..._TXXYYY_AAAAMMDDTHHMMSS,nao_aceitar_PRODUCT_ID_sem_origem_GEE,true,passo_de_revisao_humana;nenhuma_execucao_automatica
MV2_DATA_01_TGT_00088_STEP_05,MV2_DATA_01_TGT_00088,eb11663726bba27f,PET_01478,Petropolis,5,copiar o acquisition datetime,system_time_start_convertido_para_ISO,AAAA-MM-DDTHH:MM:SS,rejeitar_datetime_futuro_ou_fora_de_2015_2024,true,passo_de_revisao_humana;nenhuma_execucao_automatica
MV2_DATA_01_TGT_00088_STEP_06,MV2_DATA_01_TGT_00088,eb11663726bba27f,PET_01478,Petropolis,6,copiar o MGRS_TILE,MGRS_TILE_da_imagem,TXXLLL_ex_T25M...,nao_usar_T23KPR_nem_tile_por_zona_como_vinculo_automatico,true,passo_de_revisao_humana;nenhuma_execucao_automatica
MV2_DATA_01_TGT_00088_STEP_07,MV2_DATA_01_TGT_00088,eb11663726bba27f,PET_01478,Petropolis,7,copiar o CLOUDY_PIXEL_PERCENTAGE,CLOUDY_PIXEL_PERCENTAGE,float_0_a_100,nao_inventar_cobertura_de_nuvem,false,passo_de_revisao_humana;nenhuma_execucao_automatica
MV2_DATA_01_TGT_00088_STEP_08,MV2_DATA_01_TGT_00088,eb11663726bba27f,PET_01478,Petropolis,8,copiar o DATATAKE_IDENTIFIER,DATATAKE_IDENTIFIER,GS2[AB]_AAAAMMDDTHHMMSS_NNNNNN_NXXYY,nao_inferir_datatake_de_outro_produto,false,passo_de_revisao_humana;nenhuma_execucao_automatica
MV2_DATA_01_TGT_00088_STEP_09,MV2_DATA_01_TGT_00088,eb11663726bba27f,PET_01478,Petropolis,9,registrar a collection usada,id_da_colecao_GEE,COPERNICUS/S2_SR_HARMONIZED_ou_equivalente,nao_assumir_colecao_sem_evidencia,false,passo_de_revisao_humana;nenhuma_execucao_automatica
MV2_DATA_01_TGT_00088_STEP_10,MV2_DATA_01_TGT_00088,eb11663726bba27f,PET_01478,Petropolis,10,registrar a evidencia local (export/print/log),referencia_local_da_evidencia,caminho_local_relativo_ou_id_de_evidencia,nao_publicar_raster_bruto_como_evidencia,false,passo_de_revisao_humana;nenhuma_execucao_automatica
MV2_DATA_01_TGT_00088_STEP_11,MV2_DATA_01_TGT_00088,eb11663726bba27f,PET_01478,Petropolis,11,marcar review_status (CONFIRMED/PARTIAL/REJECTED),review_status_preenchido,CONFIRMED|PARTIAL|REJECTED,sem_revisor_nao_marcar_CONFIRMED,false,passo_de_revisao_humana;nenhuma_execucao_automatica
MV2_DATA_01_TGT_00088_STEP_12,MV2_DATA_01_TGT_00088,eb11663726bba27f,PET_01478,Petropolis,12,nao preencher nada se nao houver evidencia,campos_vazios_quando_sem_evidencia,vazio,ausencia_de_evidencia_nunca_vira_valor_inventado_nem_negativo,true,passo_de_revisao_humana;nenhuma_execucao_automatica
MV2_DATA_01_TGT_00089_STEP_01,MV2_DATA_01_TGT_00089,e0e0b321be14838c,PET_01483,Petropolis,1,abrir o GEE Code Editor / Tasks autenticado,sessao_GEE_ativa,screenshot_ou_url_de_sessao,sem_acesso_ao_GEE_nao_prossegue,true,passo_de_revisao_humana;nenhuma_execucao_automatica
MV2_DATA_01_TGT_00089_STEP_02,MV2_DATA_01_TGT_00089,e0e0b321be14838c,PET_01483,Petropolis,2,localizar o script/export task original deste patch,nome_do_script_ou_export_task,texto_export_task_name_ou_caminho_de_script,nao_inferir_export_por_nome_de_arquivo_de_patch,true,passo_de_revisao_humana;nenhuma_execucao_automatica
MV2_DATA_01_TGT_00089_STEP_03,MV2_DATA_01_TGT_00089,e0e0b321be14838c,PET_01483,Petropolis,3,localizar a imagem Sentinel-2 efetivamente usada,image_id_da_colecao_S2,ee_image_id_ou_system_index,nao_assumir_imagem_por_cidade_regiao_ou_tile,true,passo_de_revisao_humana;nenhuma_execucao_automatica
MV2_DATA_01_TGT_00089_STEP_04,MV2_DATA_01_TGT_00089,e0e0b321be14838c,PET_01483,Petropolis,4,copiar o PRODUCT_ID,PRODUCT_ID_da_imagem,S2[AB]_MSIL2A_AAAAMMDDTHHMMSS_..._TXXYYY_AAAAMMDDTHHMMSS,nao_aceitar_PRODUCT_ID_sem_origem_GEE,true,passo_de_revisao_humana;nenhuma_execucao_automatica
MV2_DATA_01_TGT_00089_STEP_05,MV2_DATA_01_TGT_00089,e0e0b321be14838c,PET_01483,Petropolis,5,copiar o acquisition datetime,system_time_start_convertido_para_ISO,AAAA-MM-DDTHH:MM:SS,rejeitar_datetime_futuro_ou_fora_de_2015_2024,true,passo_de_revisao_humana;nenhuma_execucao_automatica
MV2_DATA_01_TGT_00089_STEP_06,MV2_DATA_01_TGT_00089,e0e0b321be14838c,PET_01483,Petropolis,6,copiar o MGRS_TILE,MGRS_TILE_da_imagem,TXXLLL_ex_T25M...,nao_usar_T23KPR_nem_tile_por_zona_como_vinculo_automatico,true,passo_de_revisao_humana;nenhuma_execucao_automatica
MV2_DATA_01_TGT_00089_STEP_07,MV2_DATA_01_TGT_00089,e0e0b321be14838c,PET_01483,Petropolis,7,copiar o CLOUDY_PIXEL_PERCENTAGE,CLOUDY_PIXEL_PERCENTAGE,float_0_a_100,nao_inventar_cobertura_de_nuvem,false,passo_de_revisao_humana;nenhuma_execucao_automatica
MV2_DATA_01_TGT_00089_STEP_08,MV2_DATA_01_TGT_00089,e0e0b321be14838c,PET_01483,Petropolis,8,copiar o DATATAKE_IDENTIFIER,DATATAKE_IDENTIFIER,GS2[AB]_AAAAMMDDTHHMMSS_NNNNNN_NXXYY,nao_inferir_datatake_de_outro_produto,false,passo_de_revisao_humana;nenhuma_execucao_automatica
MV2_DATA_01_TGT_00089_STEP_09,MV2_DATA_01_TGT_00089,e0e0b321be14838c,PET_01483,Petropolis,9,registrar a collection usada,id_da_colecao_GEE,COPERNICUS/S2_SR_HARMONIZED_ou_equivalente,nao_assumir_colecao_sem_evidencia,false,passo_de_revisao_humana;nenhuma_execucao_automatica
MV2_DATA_01_TGT_00089_STEP_10,MV2_DATA_01_TGT_00089,e0e0b321be14838c,PET_01483,Petropolis,10,registrar a evidencia local (export/print/log),referencia_local_da_evidencia,caminho_local_relativo_ou_id_de_evidencia,nao_publicar_raster_bruto_como_evidencia,false,passo_de_revisao_humana;nenhuma_execucao_automatica
MV2_DATA_01_TGT_00089_STEP_11,MV2_DATA_01_TGT_00089,e0e0b321be14838c,PET_01483,Petropolis,11,marcar review_status (CONFIRMED/PARTIAL/REJECTED),review_status_preenchido,CONFIRMED|PARTIAL|REJECTED,sem_revisor_nao_marcar_CONFIRMED,false,passo_de_revisao_humana;nenhuma_execucao_automatica
MV2_DATA_01_TGT_00089_STEP_12,MV2_DATA_01_TGT_00089,e0e0b321be14838c,PET_01483,Petropolis,12,nao preencher nada se nao houver evidencia,campos_vazios_quando_sem_evidencia,vazio,ausencia_de_evidencia_nunca_vira_valor_inventado_nem_negativo,true,passo_de_revisao_humana;nenhuma_execucao_automatica
MV2_DATA_01_TGT_00090_STEP_01,MV2_DATA_01_TGT_00090,f2ad03e08db0ccb4,PET_01488,Petropolis,1,abrir o GEE Code Editor / Tasks autenticado,sessao_GEE_ativa,screenshot_ou_url_de_sessao,sem_acesso_ao_GEE_nao_prossegue,true,passo_de_revisao_humana;nenhuma_execucao_automatica
MV2_DATA_01_TGT_00090_STEP_02,MV2_DATA_01_TGT_00090,f2ad03e08db0ccb4,PET_01488,Petropolis,2,localizar o script/export task original deste patch,nome_do_script_ou_export_task,texto_export_task_name_ou_caminho_de_script,nao_inferir_export_por_nome_de_arquivo_de_patch,true,passo_de_revisao_humana;nenhuma_execucao_automatica
MV2_DATA_01_TGT_00090_STEP_03,MV2_DATA_01_TGT_00090,f2ad03e08db0ccb4,PET_01488,Petropolis,3,localizar a imagem Sentinel-2 efetivamente usada,image_id_da_colecao_S2,ee_image_id_ou_system_index,nao_assumir_imagem_por_cidade_regiao_ou_tile,true,passo_de_revisao_humana;nenhuma_execucao_automatica
MV2_DATA_01_TGT_00090_STEP_04,MV2_DATA_01_TGT_00090,f2ad03e08db0ccb4,PET_01488,Petropolis,4,copiar o PRODUCT_ID,PRODUCT_ID_da_imagem,S2[AB]_MSIL2A_AAAAMMDDTHHMMSS_..._TXXYYY_AAAAMMDDTHHMMSS,nao_aceitar_PRODUCT_ID_sem_origem_GEE,true,passo_de_revisao_humana;nenhuma_execucao_automatica
MV2_DATA_01_TGT_00090_STEP_05,MV2_DATA_01_TGT_00090,f2ad03e08db0ccb4,PET_01488,Petropolis,5,copiar o acquisition datetime,system_time_start_convertido_para_ISO,AAAA-MM-DDTHH:MM:SS,rejeitar_datetime_futuro_ou_fora_de_2015_2024,true,passo_de_revisao_humana;nenhuma_execucao_automatica
MV2_DATA_01_TGT_00090_STEP_06,MV2_DATA_01_TGT_00090,f2ad03e08db0ccb4,PET_01488,Petropolis,6,copiar o MGRS_TILE,MGRS_TILE_da_imagem,TXXLLL_ex_T25M...,nao_usar_T23KPR_nem_tile_por_zona_como_vinculo_automatico,true,passo_de_revisao_humana;nenhuma_execucao_automatica
MV2_DATA_01_TGT_00090_STEP_07,MV2_DATA_01_TGT_00090,f2ad03e08db0ccb4,PET_01488,Petropolis,7,copiar o CLOUDY_PIXEL_PERCENTAGE,CLOUDY_PIXEL_PERCENTAGE,float_0_a_100,nao_inventar_cobertura_de_nuvem,false,passo_de_revisao_humana;nenhuma_execucao_automatica
MV2_DATA_01_TGT_00090_STEP_08,MV2_DATA_01_TGT_00090,f2ad03e08db0ccb4,PET_01488,Petropolis,8,copiar o DATATAKE_IDENTIFIER,DATATAKE_IDENTIFIER,GS2[AB]_AAAAMMDDTHHMMSS_NNNNNN_NXXYY,nao_inferir_datatake_de_outro_produto,false,passo_de_revisao_humana;nenhuma_execucao_automatica
MV2_DATA_01_TGT_00090_STEP_09,MV2_DATA_01_TGT_00090,f2ad03e08db0ccb4,PET_01488,Petropolis,9,registrar a collection usada,id_da_colecao_GEE,COPERNICUS/S2_SR_HARMONIZED_ou_equivalente,nao_assumir_colecao_sem_evidencia,false,passo_de_revisao_humana;nenhuma_execucao_automatica
MV2_DATA_01_TGT_00090_STEP_10,MV2_DATA_01_TGT_00090,f2ad03e08db0ccb4,PET_01488,Petropolis,10,registrar a evidencia local (export/print/log),referencia_local_da_evidencia,caminho_local_relativo_ou_id_de_evidencia,nao_publicar_raster_bruto_como_evidencia,false,passo_de_revisao_humana;nenhuma_execucao_automatica
MV2_DATA_01_TGT_00090_STEP_11,MV2_DATA_01_TGT_00090,f2ad03e08db0ccb4,PET_01488,Petropolis,11,marcar review_status (CONFIRMED/PARTIAL/REJECTED),review_status_preenchido,CONFIRMED|PARTIAL|REJECTED,sem_revisor_nao_marcar_CONFIRMED,false,passo_de_revisao_humana;nenhuma_execucao_automatica
MV2_DATA_01_TGT_00090_STEP_12,MV2_DATA_01_TGT_00090,f2ad03e08db0ccb4,PET_01488,Petropolis,12,nao preencher nada se nao houver evidencia,campos_vazios_quando_sem_evidencia,vazio,ausencia_de_evidencia_nunca_vira_valor_inventado_nem_negativo,true,passo_de_revisao_humana;nenhuma_execucao_automatica
MV2_DATA_01_TGT_00091_STEP_01,MV2_DATA_01_TGT_00091,d3d5ed24b1446e38,PET_01495,Petropolis,1,abrir o GEE Code Editor / Tasks autenticado,sessao_GEE_ativa,screenshot_ou_url_de_sessao,sem_acesso_ao_GEE_nao_prossegue,true,passo_de_revisao_humana;nenhuma_execucao_automatica
MV2_DATA_01_TGT_00091_STEP_02,MV2_DATA_01_TGT_00091,d3d5ed24b1446e38,PET_01495,Petropolis,2,localizar o script/export task original deste patch,nome_do_script_ou_export_task,texto_export_task_name_ou_caminho_de_script,nao_inferir_export_por_nome_de_arquivo_de_patch,true,passo_de_revisao_humana;nenhuma_execucao_automatica
MV2_DATA_01_TGT_00091_STEP_03,MV2_DATA_01_TGT_00091,d3d5ed24b1446e38,PET_01495,Petropolis,3,localizar a imagem Sentinel-2 efetivamente usada,image_id_da_colecao_S2,ee_image_id_ou_system_index,nao_assumir_imagem_por_cidade_regiao_ou_tile,true,passo_de_revisao_humana;nenhuma_execucao_automatica
MV2_DATA_01_TGT_00091_STEP_04,MV2_DATA_01_TGT_00091,d3d5ed24b1446e38,PET_01495,Petropolis,4,copiar o PRODUCT_ID,PRODUCT_ID_da_imagem,S2[AB]_MSIL2A_AAAAMMDDTHHMMSS_..._TXXYYY_AAAAMMDDTHHMMSS,nao_aceitar_PRODUCT_ID_sem_origem_GEE,true,passo_de_revisao_humana;nenhuma_execucao_automatica
MV2_DATA_01_TGT_00091_STEP_05,MV2_DATA_01_TGT_00091,d3d5ed24b1446e38,PET_01495,Petropolis,5,copiar o acquisition datetime,system_time_start_convertido_para_ISO,AAAA-MM-DDTHH:MM:SS,rejeitar_datetime_futuro_ou_fora_de_2015_2024,true,passo_de_revisao_humana;nenhuma_execucao_automatica
MV2_DATA_01_TGT_00091_STEP_06,MV2_DATA_01_TGT_00091,d3d5ed24b1446e38,PET_01495,Petropolis,6,copiar o MGRS_TILE,MGRS_TILE_da_imagem,TXXLLL_ex_T25M...,nao_usar_T23KPR_nem_tile_por_zona_como_vinculo_automatico,true,passo_de_revisao_humana;nenhuma_execucao_automatica
MV2_DATA_01_TGT_00091_STEP_07,MV2_DATA_01_TGT_00091,d3d5ed24b1446e38,PET_01495,Petropolis,7,copiar o CLOUDY_PIXEL_PERCENTAGE,CLOUDY_PIXEL_PERCENTAGE,float_0_a_100,nao_inventar_cobertura_de_nuvem,false,passo_de_revisao_humana;nenhuma_execucao_automatica
MV2_DATA_01_TGT_00091_STEP_08,MV2_DATA_01_TGT_00091,d3d5ed24b1446e38,PET_01495,Petropolis,8,copiar o DATATAKE_IDENTIFIER,DATATAKE_IDENTIFIER,GS2[AB]_AAAAMMDDTHHMMSS_NNNNNN_NXXYY,nao_inferir_datatake_de_outro_produto,false,passo_de_revisao_humana;nenhuma_execucao_automatica
MV2_DATA_01_TGT_00091_STEP_09,MV2_DATA_01_TGT_00091,d3d5ed24b1446e38,PET_01495,Petropolis,9,registrar a collection usada,id_da_colecao_GEE,COPERNICUS/S2_SR_HARMONIZED_ou_equivalente,nao_assumir_colecao_sem_evidencia,false,passo_de_revisao_humana;nenhuma_execucao_automatica
MV2_DATA_01_TGT_00091_STEP_10,MV2_DATA_01_TGT_00091,d3d5ed24b1446e38,PET_01495,Petropolis,10,registrar a evidencia local (export/print/log),referencia_local_da_evidencia,caminho_local_relativo_ou_id_de_evidencia,nao_publicar_raster_bruto_como_evidencia,false,passo_de_revisao_humana;nenhuma_execucao_automatica
MV2_DATA_01_TGT_00091_STEP_11,MV2_DATA_01_TGT_00091,d3d5ed24b1446e38,PET_01495,Petropolis,11,marcar review_status (CONFIRMED/PARTIAL/REJECTED),review_status_preenchido,CONFIRMED|PARTIAL|REJECTED,sem_revisor_nao_marcar_CONFIRMED,false,passo_de_revisao_humana;nenhuma_execucao_automatica
MV2_DATA_01_TGT_00091_STEP_12,MV2_DATA_01_TGT_00091,d3d5ed24b1446e38,PET_01495,Petropolis,12,nao preencher nada se nao houver evidencia,campos_vazios_quando_sem_evidencia,vazio,ausencia_de_evidencia_nunca_vira_valor_inventado_nem_negativo,true,passo_de_revisao_humana;nenhuma_execucao_automatica
MV2_DATA_01_TGT_00092_STEP_01,MV2_DATA_01_TGT_00092,e07eacbc8a366650,REC_00019,Recife,1,abrir o GEE Code Editor / Tasks autenticado,sessao_GEE_ativa,screenshot_ou_url_de_sessao,sem_acesso_ao_GEE_nao_prossegue,true,passo_de_revisao_humana;nenhuma_execucao_automatica
MV2_DATA_01_TGT_00092_STEP_02,MV2_DATA_01_TGT_00092,e07eacbc8a366650,REC_00019,Recife,2,localizar o script/export task original deste patch,nome_do_script_ou_export_task,texto_export_task_name_ou_caminho_de_script,nao_inferir_export_por_nome_de_arquivo_de_patch,true,passo_de_revisao_humana;nenhuma_execucao_automatica
MV2_DATA_01_TGT_00092_STEP_03,MV2_DATA_01_TGT_00092,e07eacbc8a366650,REC_00019,Recife,3,localizar a imagem Sentinel-2 efetivamente usada,image_id_da_colecao_S2,ee_image_id_ou_system_index,nao_assumir_imagem_por_cidade_regiao_ou_tile,true,passo_de_revisao_humana;nenhuma_execucao_automatica
MV2_DATA_01_TGT_00092_STEP_04,MV2_DATA_01_TGT_00092,e07eacbc8a366650,REC_00019,Recife,4,copiar o PRODUCT_ID,PRODUCT_ID_da_imagem,S2[AB]_MSIL2A_AAAAMMDDTHHMMSS_..._TXXYYY_AAAAMMDDTHHMMSS,nao_aceitar_PRODUCT_ID_sem_origem_GEE,true,passo_de_revisao_humana;nenhuma_execucao_automatica
MV2_DATA_01_TGT_00092_STEP_05,MV2_DATA_01_TGT_00092,e07eacbc8a366650,REC_00019,Recife,5,copiar o acquisition datetime,system_time_start_convertido_para_ISO,AAAA-MM-DDTHH:MM:SS,rejeitar_datetime_futuro_ou_fora_de_2015_2024,true,passo_de_revisao_humana;nenhuma_execucao_automatica
MV2_DATA_01_TGT_00092_STEP_06,MV2_DATA_01_TGT_00092,e07eacbc8a366650,REC_00019,Recife,6,copiar o MGRS_TILE,MGRS_TILE_da_imagem,TXXLLL_ex_T25M...,nao_usar_T23KPR_nem_tile_por_zona_como_vinculo_automatico,true,passo_de_revisao_humana;nenhuma_execucao_automatica
MV2_DATA_01_TGT_00092_STEP_07,MV2_DATA_01_TGT_00092,e07eacbc8a366650,REC_00019,Recife,7,copiar o CLOUDY_PIXEL_PERCENTAGE,CLOUDY_PIXEL_PERCENTAGE,float_0_a_100,nao_inventar_cobertura_de_nuvem,false,passo_de_revisao_humana;nenhuma_execucao_automatica
MV2_DATA_01_TGT_00092_STEP_08,MV2_DATA_01_TGT_00092,e07eacbc8a366650,REC_00019,Recife,8,copiar o DATATAKE_IDENTIFIER,DATATAKE_IDENTIFIER,GS2[AB]_AAAAMMDDTHHMMSS_NNNNNN_NXXYY,nao_inferir_datatake_de_outro_produto,false,passo_de_revisao_humana;nenhuma_execucao_automatica
MV2_DATA_01_TGT_00092_STEP_09,MV2_DATA_01_TGT_00092,e07eacbc8a366650,REC_00019,Recife,9,registrar a collection usada,id_da_colecao_GEE,COPERNICUS/S2_SR_HARMONIZED_ou_equivalente,nao_assumir_colecao_sem_evidencia,false,passo_de_revisao_humana;nenhuma_execucao_automatica
MV2_DATA_01_TGT_00092_STEP_10,MV2_DATA_01_TGT_00092,e07eacbc8a366650,REC_00019,Recife,10,registrar a evidencia local (export/print/log),referencia_local_da_evidencia,caminho_local_relativo_ou_id_de_evidencia,nao_publicar_raster_bruto_como_evidencia,false,passo_de_revisao_humana;nenhuma_execucao_automatica
MV2_DATA_01_TGT_00092_STEP_11,MV2_DATA_01_TGT_00092,e07eacbc8a366650,REC_00019,Recife,11,marcar review_status (CONFIRMED/PARTIAL/REJECTED),review_status_preenchido,CONFIRMED|PARTIAL|REJECTED,sem_revisor_nao_marcar_CONFIRMED,false,passo_de_revisao_humana;nenhuma_execucao_automatica
MV2_DATA_01_TGT_00092_STEP_12,MV2_DATA_01_TGT_00092,e07eacbc8a366650,REC_00019,Recife,12,nao preencher nada se nao houver evidencia,campos_vazios_quando_sem_evidencia,vazio,ausencia_de_evidencia_nunca_vira_valor_inventado_nem_negativo,true,passo_de_revisao_humana;nenhuma_execucao_automatica
MV2_DATA_01_TGT_00093_STEP_01,MV2_DATA_01_TGT_00093,37c34f5a6f1e21e2,REC_00183,Recife,1,abrir o GEE Code Editor / Tasks autenticado,sessao_GEE_ativa,screenshot_ou_url_de_sessao,sem_acesso_ao_GEE_nao_prossegue,true,passo_de_revisao_humana;nenhuma_execucao_automatica
MV2_DATA_01_TGT_00093_STEP_02,MV2_DATA_01_TGT_00093,37c34f5a6f1e21e2,REC_00183,Recife,2,localizar o script/export task original deste patch,nome_do_script_ou_export_task,texto_export_task_name_ou_caminho_de_script,nao_inferir_export_por_nome_de_arquivo_de_patch,true,passo_de_revisao_humana;nenhuma_execucao_automatica
MV2_DATA_01_TGT_00093_STEP_03,MV2_DATA_01_TGT_00093,37c34f5a6f1e21e2,REC_00183,Recife,3,localizar a imagem Sentinel-2 efetivamente usada,image_id_da_colecao_S2,ee_image_id_ou_system_index,nao_assumir_imagem_por_cidade_regiao_ou_tile,true,passo_de_revisao_humana;nenhuma_execucao_automatica
MV2_DATA_01_TGT_00093_STEP_04,MV2_DATA_01_TGT_00093,37c34f5a6f1e21e2,REC_00183,Recife,4,copiar o PRODUCT_ID,PRODUCT_ID_da_imagem,S2[AB]_MSIL2A_AAAAMMDDTHHMMSS_..._TXXYYY_AAAAMMDDTHHMMSS,nao_aceitar_PRODUCT_ID_sem_origem_GEE,true,passo_de_revisao_humana;nenhuma_execucao_automatica
MV2_DATA_01_TGT_00093_STEP_05,MV2_DATA_01_TGT_00093,37c34f5a6f1e21e2,REC_00183,Recife,5,copiar o acquisition datetime,system_time_start_convertido_para_ISO,AAAA-MM-DDTHH:MM:SS,rejeitar_datetime_futuro_ou_fora_de_2015_2024,true,passo_de_revisao_humana;nenhuma_execucao_automatica
MV2_DATA_01_TGT_00093_STEP_06,MV2_DATA_01_TGT_00093,37c34f5a6f1e21e2,REC_00183,Recife,6,copiar o MGRS_TILE,MGRS_TILE_da_imagem,TXXLLL_ex_T25M...,nao_usar_T23KPR_nem_tile_por_zona_como_vinculo_automatico,true,passo_de_revisao_humana;nenhuma_execucao_automatica
MV2_DATA_01_TGT_00093_STEP_07,MV2_DATA_01_TGT_00093,37c34f5a6f1e21e2,REC_00183,Recife,7,copiar o CLOUDY_PIXEL_PERCENTAGE,CLOUDY_PIXEL_PERCENTAGE,float_0_a_100,nao_inventar_cobertura_de_nuvem,false,passo_de_revisao_humana;nenhuma_execucao_automatica
MV2_DATA_01_TGT_00093_STEP_08,MV2_DATA_01_TGT_00093,37c34f5a6f1e21e2,REC_00183,Recife,8,copiar o DATATAKE_IDENTIFIER,DATATAKE_IDENTIFIER,GS2[AB]_AAAAMMDDTHHMMSS_NNNNNN_NXXYY,nao_inferir_datatake_de_outro_produto,false,passo_de_revisao_humana;nenhuma_execucao_automatica
MV2_DATA_01_TGT_00093_STEP_09,MV2_DATA_01_TGT_00093,37c34f5a6f1e21e2,REC_00183,Recife,9,registrar a collection usada,id_da_colecao_GEE,COPERNICUS/S2_SR_HARMONIZED_ou_equivalente,nao_assumir_colecao_sem_evidencia,false,passo_de_revisao_humana;nenhuma_execucao_automatica
MV2_DATA_01_TGT_00093_STEP_10,MV2_DATA_01_TGT_00093,37c34f5a6f1e21e2,REC_00183,Recife,10,registrar a evidencia local (export/print/log),referencia_local_da_evidencia,caminho_local_relativo_ou_id_de_evidencia,nao_publicar_raster_bruto_como_evidencia,false,passo_de_revisao_humana;nenhuma_execucao_automatica
MV2_DATA_01_TGT_00093_STEP_11,MV2_DATA_01_TGT_00093,37c34f5a6f1e21e2,REC_00183,Recife,11,marcar review_status (CONFIRMED/PARTIAL/REJECTED),review_status_preenchido,CONFIRMED|PARTIAL|REJECTED,sem_revisor_nao_marcar_CONFIRMED,false,passo_de_revisao_humana;nenhuma_execucao_automatica
MV2_DATA_01_TGT_00093_STEP_12,MV2_DATA_01_TGT_00093,37c34f5a6f1e21e2,REC_00183,Recife,12,nao preencher nada se nao houver evidencia,campos_vazios_quando_sem_evidencia,vazio,ausencia_de_evidencia_nunca_vira_valor_inventado_nem_negativo,true,passo_de_revisao_humana;nenhuma_execucao_automatica
MV2_DATA_01_TGT_00094_STEP_01,MV2_DATA_01_TGT_00094,f7d34b2045dd441d,REC_00204,Recife,1,abrir o GEE Code Editor / Tasks autenticado,sessao_GEE_ativa,screenshot_ou_url_de_sessao,sem_acesso_ao_GEE_nao_prossegue,true,passo_de_revisao_humana;nenhuma_execucao_automatica
MV2_DATA_01_TGT_00094_STEP_02,MV2_DATA_01_TGT_00094,f7d34b2045dd441d,REC_00204,Recife,2,localizar o script/export task original deste patch,nome_do_script_ou_export_task,texto_export_task_name_ou_caminho_de_script,nao_inferir_export_por_nome_de_arquivo_de_patch,true,passo_de_revisao_humana;nenhuma_execucao_automatica
MV2_DATA_01_TGT_00094_STEP_03,MV2_DATA_01_TGT_00094,f7d34b2045dd441d,REC_00204,Recife,3,localizar a imagem Sentinel-2 efetivamente usada,image_id_da_colecao_S2,ee_image_id_ou_system_index,nao_assumir_imagem_por_cidade_regiao_ou_tile,true,passo_de_revisao_humana;nenhuma_execucao_automatica
MV2_DATA_01_TGT_00094_STEP_04,MV2_DATA_01_TGT_00094,f7d34b2045dd441d,REC_00204,Recife,4,copiar o PRODUCT_ID,PRODUCT_ID_da_imagem,S2[AB]_MSIL2A_AAAAMMDDTHHMMSS_..._TXXYYY_AAAAMMDDTHHMMSS,nao_aceitar_PRODUCT_ID_sem_origem_GEE,true,passo_de_revisao_humana;nenhuma_execucao_automatica
MV2_DATA_01_TGT_00094_STEP_05,MV2_DATA_01_TGT_00094,f7d34b2045dd441d,REC_00204,Recife,5,copiar o acquisition datetime,system_time_start_convertido_para_ISO,AAAA-MM-DDTHH:MM:SS,rejeitar_datetime_futuro_ou_fora_de_2015_2024,true,passo_de_revisao_humana;nenhuma_execucao_automatica
MV2_DATA_01_TGT_00094_STEP_06,MV2_DATA_01_TGT_00094,f7d34b2045dd441d,REC_00204,Recife,6,copiar o MGRS_TILE,MGRS_TILE_da_imagem,TXXLLL_ex_T25M...,nao_usar_T23KPR_nem_tile_por_zona_como_vinculo_automatico,true,passo_de_revisao_humana;nenhuma_execucao_automatica
MV2_DATA_01_TGT_00094_STEP_07,MV2_DATA_01_TGT_00094,f7d34b2045dd441d,REC_00204,Recife,7,copiar o CLOUDY_PIXEL_PERCENTAGE,CLOUDY_PIXEL_PERCENTAGE,float_0_a_100,nao_inventar_cobertura_de_nuvem,false,passo_de_revisao_humana;nenhuma_execucao_automatica
MV2_DATA_01_TGT_00094_STEP_08,MV2_DATA_01_TGT_00094,f7d34b2045dd441d,REC_00204,Recife,8,copiar o DATATAKE_IDENTIFIER,DATATAKE_IDENTIFIER,GS2[AB]_AAAAMMDDTHHMMSS_NNNNNN_NXXYY,nao_inferir_datatake_de_outro_produto,false,passo_de_revisao_humana;nenhuma_execucao_automatica
MV2_DATA_01_TGT_00094_STEP_09,MV2_DATA_01_TGT_00094,f7d34b2045dd441d,REC_00204,Recife,9,registrar a collection usada,id_da_colecao_GEE,COPERNICUS/S2_SR_HARMONIZED_ou_equivalente,nao_assumir_colecao_sem_evidencia,false,passo_de_revisao_humana;nenhuma_execucao_automatica
MV2_DATA_01_TGT_00094_STEP_10,MV2_DATA_01_TGT_00094,f7d34b2045dd441d,REC_00204,Recife,10,registrar a evidencia local (export/print/log),referencia_local_da_evidencia,caminho_local_relativo_ou_id_de_evidencia,nao_publicar_raster_bruto_como_evidencia,false,passo_de_revisao_humana;nenhuma_execucao_automatica
MV2_DATA_01_TGT_00094_STEP_11,MV2_DATA_01_TGT_00094,f7d34b2045dd441d,REC_00204,Recife,11,marcar review_status (CONFIRMED/PARTIAL/REJECTED),review_status_preenchido,CONFIRMED|PARTIAL|REJECTED,sem_revisor_nao_marcar_CONFIRMED,false,passo_de_revisao_humana;nenhuma_execucao_automatica
MV2_DATA_01_TGT_00094_STEP_12,MV2_DATA_01_TGT_00094,f7d34b2045dd441d,REC_00204,Recife,12,nao preencher nada se nao houver evidencia,campos_vazios_quando_sem_evidencia,vazio,ausencia_de_evidencia_nunca_vira_valor_inventado_nem_negativo,true,passo_de_revisao_humana;nenhuma_execucao_automatica
MV2_DATA_01_TGT_00095_STEP_01,MV2_DATA_01_TGT_00095,bc6e6d18b88e7293,REC_00205,Recife,1,abrir o GEE Code Editor / Tasks autenticado,sessao_GEE_ativa,screenshot_ou_url_de_sessao,sem_acesso_ao_GEE_nao_prossegue,true,passo_de_revisao_humana;nenhuma_execucao_automatica
MV2_DATA_01_TGT_00095_STEP_02,MV2_DATA_01_TGT_00095,bc6e6d18b88e7293,REC_00205,Recife,2,localizar o script/export task original deste patch,nome_do_script_ou_export_task,texto_export_task_name_ou_caminho_de_script,nao_inferir_export_por_nome_de_arquivo_de_patch,true,passo_de_revisao_humana;nenhuma_execucao_automatica
MV2_DATA_01_TGT_00095_STEP_03,MV2_DATA_01_TGT_00095,bc6e6d18b88e7293,REC_00205,Recife,3,localizar a imagem Sentinel-2 efetivamente usada,image_id_da_colecao_S2,ee_image_id_ou_system_index,nao_assumir_imagem_por_cidade_regiao_ou_tile,true,passo_de_revisao_humana;nenhuma_execucao_automatica
MV2_DATA_01_TGT_00095_STEP_04,MV2_DATA_01_TGT_00095,bc6e6d18b88e7293,REC_00205,Recife,4,copiar o PRODUCT_ID,PRODUCT_ID_da_imagem,S2[AB]_MSIL2A_AAAAMMDDTHHMMSS_..._TXXYYY_AAAAMMDDTHHMMSS,nao_aceitar_PRODUCT_ID_sem_origem_GEE,true,passo_de_revisao_humana;nenhuma_execucao_automatica
MV2_DATA_01_TGT_00095_STEP_05,MV2_DATA_01_TGT_00095,bc6e6d18b88e7293,REC_00205,Recife,5,copiar o acquisition datetime,system_time_start_convertido_para_ISO,AAAA-MM-DDTHH:MM:SS,rejeitar_datetime_futuro_ou_fora_de_2015_2024,true,passo_de_revisao_humana;nenhuma_execucao_automatica
MV2_DATA_01_TGT_00095_STEP_06,MV2_DATA_01_TGT_00095,bc6e6d18b88e7293,REC_00205,Recife,6,copiar o MGRS_TILE,MGRS_TILE_da_imagem,TXXLLL_ex_T25M...,nao_usar_T23KPR_nem_tile_por_zona_como_vinculo_automatico,true,passo_de_revisao_humana;nenhuma_execucao_automatica
MV2_DATA_01_TGT_00095_STEP_07,MV2_DATA_01_TGT_00095,bc6e6d18b88e7293,REC_00205,Recife,7,copiar o CLOUDY_PIXEL_PERCENTAGE,CLOUDY_PIXEL_PERCENTAGE,float_0_a_100,nao_inventar_cobertura_de_nuvem,false,passo_de_revisao_humana;nenhuma_execucao_automatica
MV2_DATA_01_TGT_00095_STEP_08,MV2_DATA_01_TGT_00095,bc6e6d18b88e7293,REC_00205,Recife,8,copiar o DATATAKE_IDENTIFIER,DATATAKE_IDENTIFIER,GS2[AB]_AAAAMMDDTHHMMSS_NNNNNN_NXXYY,nao_inferir_datatake_de_outro_produto,false,passo_de_revisao_humana;nenhuma_execucao_automatica
MV2_DATA_01_TGT_00095_STEP_09,MV2_DATA_01_TGT_00095,bc6e6d18b88e7293,REC_00205,Recife,9,registrar a collection usada,id_da_colecao_GEE,COPERNICUS/S2_SR_HARMONIZED_ou_equivalente,nao_assumir_colecao_sem_evidencia,false,passo_de_revisao_humana;nenhuma_execucao_automatica
MV2_DATA_01_TGT_00095_STEP_10,MV2_DATA_01_TGT_00095,bc6e6d18b88e7293,REC_00205,Recife,10,registrar a evidencia local (export/print/log),referencia_local_da_evidencia,caminho_local_relativo_ou_id_de_evidencia,nao_publicar_raster_bruto_como_evidencia,false,passo_de_revisao_humana;nenhuma_execucao_automatica
MV2_DATA_01_TGT_00095_STEP_11,MV2_DATA_01_TGT_00095,bc6e6d18b88e7293,REC_00205,Recife,11,marcar review_status (CONFIRMED/PARTIAL/REJECTED),review_status_preenchido,CONFIRMED|PARTIAL|REJECTED,sem_revisor_nao_marcar_CONFIRMED,false,passo_de_revisao_humana;nenhuma_execucao_automatica
MV2_DATA_01_TGT_00095_STEP_12,MV2_DATA_01_TGT_00095,bc6e6d18b88e7293,REC_00205,Recife,12,nao preencher nada se nao houver evidencia,campos_vazios_quando_sem_evidencia,vazio,ausencia_de_evidencia_nunca_vira_valor_inventado_nem_negativo,true,passo_de_revisao_humana;nenhuma_execucao_automatica
MV2_DATA_01_TGT_00096_STEP_01,MV2_DATA_01_TGT_00096,7e4673aa5e1b50e0,REC_00227,Recife,1,abrir o GEE Code Editor / Tasks autenticado,sessao_GEE_ativa,screenshot_ou_url_de_sessao,sem_acesso_ao_GEE_nao_prossegue,true,passo_de_revisao_humana;nenhuma_execucao_automatica
MV2_DATA_01_TGT_00096_STEP_02,MV2_DATA_01_TGT_00096,7e4673aa5e1b50e0,REC_00227,Recife,2,localizar o script/export task original deste patch,nome_do_script_ou_export_task,texto_export_task_name_ou_caminho_de_script,nao_inferir_export_por_nome_de_arquivo_de_patch,true,passo_de_revisao_humana;nenhuma_execucao_automatica
MV2_DATA_01_TGT_00096_STEP_03,MV2_DATA_01_TGT_00096,7e4673aa5e1b50e0,REC_00227,Recife,3,localizar a imagem Sentinel-2 efetivamente usada,image_id_da_colecao_S2,ee_image_id_ou_system_index,nao_assumir_imagem_por_cidade_regiao_ou_tile,true,passo_de_revisao_humana;nenhuma_execucao_automatica
MV2_DATA_01_TGT_00096_STEP_04,MV2_DATA_01_TGT_00096,7e4673aa5e1b50e0,REC_00227,Recife,4,copiar o PRODUCT_ID,PRODUCT_ID_da_imagem,S2[AB]_MSIL2A_AAAAMMDDTHHMMSS_..._TXXYYY_AAAAMMDDTHHMMSS,nao_aceitar_PRODUCT_ID_sem_origem_GEE,true,passo_de_revisao_humana;nenhuma_execucao_automatica
MV2_DATA_01_TGT_00096_STEP_05,MV2_DATA_01_TGT_00096,7e4673aa5e1b50e0,REC_00227,Recife,5,copiar o acquisition datetime,system_time_start_convertido_para_ISO,AAAA-MM-DDTHH:MM:SS,rejeitar_datetime_futuro_ou_fora_de_2015_2024,true,passo_de_revisao_humana;nenhuma_execucao_automatica
MV2_DATA_01_TGT_00096_STEP_06,MV2_DATA_01_TGT_00096,7e4673aa5e1b50e0,REC_00227,Recife,6,copiar o MGRS_TILE,MGRS_TILE_da_imagem,TXXLLL_ex_T25M...,nao_usar_T23KPR_nem_tile_por_zona_como_vinculo_automatico,true,passo_de_revisao_humana;nenhuma_execucao_automatica
MV2_DATA_01_TGT_00096_STEP_07,MV2_DATA_01_TGT_00096,7e4673aa5e1b50e0,REC_00227,Recife,7,copiar o CLOUDY_PIXEL_PERCENTAGE,CLOUDY_PIXEL_PERCENTAGE,float_0_a_100,nao_inventar_cobertura_de_nuvem,false,passo_de_revisao_humana;nenhuma_execucao_automatica
MV2_DATA_01_TGT_00096_STEP_08,MV2_DATA_01_TGT_00096,7e4673aa5e1b50e0,REC_00227,Recife,8,copiar o DATATAKE_IDENTIFIER,DATATAKE_IDENTIFIER,GS2[AB]_AAAAMMDDTHHMMSS_NNNNNN_NXXYY,nao_inferir_datatake_de_outro_produto,false,passo_de_revisao_humana;nenhuma_execucao_automatica
MV2_DATA_01_TGT_00096_STEP_09,MV2_DATA_01_TGT_00096,7e4673aa5e1b50e0,REC_00227,Recife,9,registrar a collection usada,id_da_colecao_GEE,COPERNICUS/S2_SR_HARMONIZED_ou_equivalente,nao_assumir_colecao_sem_evidencia,false,passo_de_revisao_humana;nenhuma_execucao_automatica
MV2_DATA_01_TGT_00096_STEP_10,MV2_DATA_01_TGT_00096,7e4673aa5e1b50e0,REC_00227,Recife,10,registrar a evidencia local (export/print/log),referencia_local_da_evidencia,caminho_local_relativo_ou_id_de_evidencia,nao_publicar_raster_bruto_como_evidencia,false,passo_de_revisao_humana;nenhuma_execucao_automatica
MV2_DATA_01_TGT_00096_STEP_11,MV2_DATA_01_TGT_00096,7e4673aa5e1b50e0,REC_00227,Recife,11,marcar review_status (CONFIRMED/PARTIAL/REJECTED),review_status_preenchido,CONFIRMED|PARTIAL|REJECTED,sem_revisor_nao_marcar_CONFIRMED,false,passo_de_revisao_humana;nenhuma_execucao_automatica
MV2_DATA_01_TGT_00096_STEP_12,MV2_DATA_01_TGT_00096,7e4673aa5e1b50e0,REC_00227,Recife,12,nao preencher nada se nao houver evidencia,campos_vazios_quando_sem_evidencia,vazio,ausencia_de_evidencia_nunca_vira_valor_inventado_nem_negativo,true,passo_de_revisao_humana;nenhuma_execucao_automatica
MV2_DATA_01_TGT_00097_STEP_01,MV2_DATA_01_TGT_00097,a7a9a0ba42013fd4,REC_00260,Recife,1,abrir o GEE Code Editor / Tasks autenticado,sessao_GEE_ativa,screenshot_ou_url_de_sessao,sem_acesso_ao_GEE_nao_prossegue,true,passo_de_revisao_humana;nenhuma_execucao_automatica
MV2_DATA_01_TGT_00097_STEP_02,MV2_DATA_01_TGT_00097,a7a9a0ba42013fd4,REC_00260,Recife,2,localizar o script/export task original deste patch,nome_do_script_ou_export_task,texto_export_task_name_ou_caminho_de_script,nao_inferir_export_por_nome_de_arquivo_de_patch,true,passo_de_revisao_humana;nenhuma_execucao_automatica
MV2_DATA_01_TGT_00097_STEP_03,MV2_DATA_01_TGT_00097,a7a9a0ba42013fd4,REC_00260,Recife,3,localizar a imagem Sentinel-2 efetivamente usada,image_id_da_colecao_S2,ee_image_id_ou_system_index,nao_assumir_imagem_por_cidade_regiao_ou_tile,true,passo_de_revisao_humana;nenhuma_execucao_automatica
MV2_DATA_01_TGT_00097_STEP_04,MV2_DATA_01_TGT_00097,a7a9a0ba42013fd4,REC_00260,Recife,4,copiar o PRODUCT_ID,PRODUCT_ID_da_imagem,S2[AB]_MSIL2A_AAAAMMDDTHHMMSS_..._TXXYYY_AAAAMMDDTHHMMSS,nao_aceitar_PRODUCT_ID_sem_origem_GEE,true,passo_de_revisao_humana;nenhuma_execucao_automatica
MV2_DATA_01_TGT_00097_STEP_05,MV2_DATA_01_TGT_00097,a7a9a0ba42013fd4,REC_00260,Recife,5,copiar o acquisition datetime,system_time_start_convertido_para_ISO,AAAA-MM-DDTHH:MM:SS,rejeitar_datetime_futuro_ou_fora_de_2015_2024,true,passo_de_revisao_humana;nenhuma_execucao_automatica
MV2_DATA_01_TGT_00097_STEP_06,MV2_DATA_01_TGT_00097,a7a9a0ba42013fd4,REC_00260,Recife,6,copiar o MGRS_TILE,MGRS_TILE_da_imagem,TXXLLL_ex_T25M...,nao_usar_T23KPR_nem_tile_por_zona_como_vinculo_automatico,true,passo_de_revisao_humana;nenhuma_execucao_automatica
MV2_DATA_01_TGT_00097_STEP_07,MV2_DATA_01_TGT_00097,a7a9a0ba42013fd4,REC_00260,Recife,7,copiar o CLOUDY_PIXEL_PERCENTAGE,CLOUDY_PIXEL_PERCENTAGE,float_0_a_100,nao_inventar_cobertura_de_nuvem,false,passo_de_revisao_humana;nenhuma_execucao_automatica
MV2_DATA_01_TGT_00097_STEP_08,MV2_DATA_01_TGT_00097,a7a9a0ba42013fd4,REC_00260,Recife,8,copiar o DATATAKE_IDENTIFIER,DATATAKE_IDENTIFIER,GS2[AB]_AAAAMMDDTHHMMSS_NNNNNN_NXXYY,nao_inferir_datatake_de_outro_produto,false,passo_de_revisao_humana;nenhuma_execucao_automatica
MV2_DATA_01_TGT_00097_STEP_09,MV2_DATA_01_TGT_00097,a7a9a0ba42013fd4,REC_00260,Recife,9,registrar a collection usada,id_da_colecao_GEE,COPERNICUS/S2_SR_HARMONIZED_ou_equivalente,nao_assumir_colecao_sem_evidencia,false,passo_de_revisao_humana;nenhuma_execucao_automatica
MV2_DATA_01_TGT_00097_STEP_10,MV2_DATA_01_TGT_00097,a7a9a0ba42013fd4,REC_00260,Recife,10,registrar a evidencia local (export/print/log),referencia_local_da_evidencia,caminho_local_relativo_ou_id_de_evidencia,nao_publicar_raster_bruto_como_evidencia,false,passo_de_revisao_humana;nenhuma_execucao_automatica
MV2_DATA_01_TGT_00097_STEP_11,MV2_DATA_01_TGT_00097,a7a9a0ba42013fd4,REC_00260,Recife,11,marcar review_status (CONFIRMED/PARTIAL/REJECTED),review_status_preenchido,CONFIRMED|PARTIAL|REJECTED,sem_revisor_nao_marcar_CONFIRMED,false,passo_de_revisao_humana;nenhuma_execucao_automatica
MV2_DATA_01_TGT_00097_STEP_12,MV2_DATA_01_TGT_00097,a7a9a0ba42013fd4,REC_00260,Recife,12,nao preencher nada se nao houver evidencia,campos_vazios_quando_sem_evidencia,vazio,ausencia_de_evidencia_nunca_vira_valor_inventado_nem_negativo,true,passo_de_revisao_humana;nenhuma_execucao_automatica
MV2_DATA_01_TGT_00098_STEP_01,MV2_DATA_01_TGT_00098,025caa85963a0770,REC_00276,Recife,1,abrir o GEE Code Editor / Tasks autenticado,sessao_GEE_ativa,screenshot_ou_url_de_sessao,sem_acesso_ao_GEE_nao_prossegue,true,passo_de_revisao_humana;nenhuma_execucao_automatica
MV2_DATA_01_TGT_00098_STEP_02,MV2_DATA_01_TGT_00098,025caa85963a0770,REC_00276,Recife,2,localizar o script/export task original deste patch,nome_do_script_ou_export_task,texto_export_task_name_ou_caminho_de_script,nao_inferir_export_por_nome_de_arquivo_de_patch,true,passo_de_revisao_humana;nenhuma_execucao_automatica
MV2_DATA_01_TGT_00098_STEP_03,MV2_DATA_01_TGT_00098,025caa85963a0770,REC_00276,Recife,3,localizar a imagem Sentinel-2 efetivamente usada,image_id_da_colecao_S2,ee_image_id_ou_system_index,nao_assumir_imagem_por_cidade_regiao_ou_tile,true,passo_de_revisao_humana;nenhuma_execucao_automatica
MV2_DATA_01_TGT_00098_STEP_04,MV2_DATA_01_TGT_00098,025caa85963a0770,REC_00276,Recife,4,copiar o PRODUCT_ID,PRODUCT_ID_da_imagem,S2[AB]_MSIL2A_AAAAMMDDTHHMMSS_..._TXXYYY_AAAAMMDDTHHMMSS,nao_aceitar_PRODUCT_ID_sem_origem_GEE,true,passo_de_revisao_humana;nenhuma_execucao_automatica
MV2_DATA_01_TGT_00098_STEP_05,MV2_DATA_01_TGT_00098,025caa85963a0770,REC_00276,Recife,5,copiar o acquisition datetime,system_time_start_convertido_para_ISO,AAAA-MM-DDTHH:MM:SS,rejeitar_datetime_futuro_ou_fora_de_2015_2024,true,passo_de_revisao_humana;nenhuma_execucao_automatica
MV2_DATA_01_TGT_00098_STEP_06,MV2_DATA_01_TGT_00098,025caa85963a0770,REC_00276,Recife,6,copiar o MGRS_TILE,MGRS_TILE_da_imagem,TXXLLL_ex_T25M...,nao_usar_T23KPR_nem_tile_por_zona_como_vinculo_automatico,true,passo_de_revisao_humana;nenhuma_execucao_automatica
MV2_DATA_01_TGT_00098_STEP_07,MV2_DATA_01_TGT_00098,025caa85963a0770,REC_00276,Recife,7,copiar o CLOUDY_PIXEL_PERCENTAGE,CLOUDY_PIXEL_PERCENTAGE,float_0_a_100,nao_inventar_cobertura_de_nuvem,false,passo_de_revisao_humana;nenhuma_execucao_automatica
MV2_DATA_01_TGT_00098_STEP_08,MV2_DATA_01_TGT_00098,025caa85963a0770,REC_00276,Recife,8,copiar o DATATAKE_IDENTIFIER,DATATAKE_IDENTIFIER,GS2[AB]_AAAAMMDDTHHMMSS_NNNNNN_NXXYY,nao_inferir_datatake_de_outro_produto,false,passo_de_revisao_humana;nenhuma_execucao_automatica
MV2_DATA_01_TGT_00098_STEP_09,MV2_DATA_01_TGT_00098,025caa85963a0770,REC_00276,Recife,9,registrar a collection usada,id_da_colecao_GEE,COPERNICUS/S2_SR_HARMONIZED_ou_equivalente,nao_assumir_colecao_sem_evidencia,false,passo_de_revisao_humana;nenhuma_execucao_automatica
MV2_DATA_01_TGT_00098_STEP_10,MV2_DATA_01_TGT_00098,025caa85963a0770,REC_00276,Recife,10,registrar a evidencia local (export/print/log),referencia_local_da_evidencia,caminho_local_relativo_ou_id_de_evidencia,nao_publicar_raster_bruto_como_evidencia,false,passo_de_revisao_humana;nenhuma_execucao_automatica
MV2_DATA_01_TGT_00098_STEP_11,MV2_DATA_01_TGT_00098,025caa85963a0770,REC_00276,Recife,11,marcar review_status (CONFIRMED/PARTIAL/REJECTED),review_status_preenchido,CONFIRMED|PARTIAL|REJECTED,sem_revisor_nao_marcar_CONFIRMED,false,passo_de_revisao_humana;nenhuma_execucao_automatica
MV2_DATA_01_TGT_00098_STEP_12,MV2_DATA_01_TGT_00098,025caa85963a0770,REC_00276,Recife,12,nao preencher nada se nao houver evidencia,campos_vazios_quando_sem_evidencia,vazio,ausencia_de_evidencia_nunca_vira_valor_inventado_nem_negativo,true,passo_de_revisao_humana;nenhuma_execucao_automatica
MV2_DATA_01_TGT_00099_STEP_01,MV2_DATA_01_TGT_00099,5b00df799cfcdb0b,REC_00279,Recife,1,abrir o GEE Code Editor / Tasks autenticado,sessao_GEE_ativa,screenshot_ou_url_de_sessao,sem_acesso_ao_GEE_nao_prossegue,true,passo_de_revisao_humana;nenhuma_execucao_automatica
MV2_DATA_01_TGT_00099_STEP_02,MV2_DATA_01_TGT_00099,5b00df799cfcdb0b,REC_00279,Recife,2,localizar o script/export task original deste patch,nome_do_script_ou_export_task,texto_export_task_name_ou_caminho_de_script,nao_inferir_export_por_nome_de_arquivo_de_patch,true,passo_de_revisao_humana;nenhuma_execucao_automatica
MV2_DATA_01_TGT_00099_STEP_03,MV2_DATA_01_TGT_00099,5b00df799cfcdb0b,REC_00279,Recife,3,localizar a imagem Sentinel-2 efetivamente usada,image_id_da_colecao_S2,ee_image_id_ou_system_index,nao_assumir_imagem_por_cidade_regiao_ou_tile,true,passo_de_revisao_humana;nenhuma_execucao_automatica
MV2_DATA_01_TGT_00099_STEP_04,MV2_DATA_01_TGT_00099,5b00df799cfcdb0b,REC_00279,Recife,4,copiar o PRODUCT_ID,PRODUCT_ID_da_imagem,S2[AB]_MSIL2A_AAAAMMDDTHHMMSS_..._TXXYYY_AAAAMMDDTHHMMSS,nao_aceitar_PRODUCT_ID_sem_origem_GEE,true,passo_de_revisao_humana;nenhuma_execucao_automatica
MV2_DATA_01_TGT_00099_STEP_05,MV2_DATA_01_TGT_00099,5b00df799cfcdb0b,REC_00279,Recife,5,copiar o acquisition datetime,system_time_start_convertido_para_ISO,AAAA-MM-DDTHH:MM:SS,rejeitar_datetime_futuro_ou_fora_de_2015_2024,true,passo_de_revisao_humana;nenhuma_execucao_automatica
MV2_DATA_01_TGT_00099_STEP_06,MV2_DATA_01_TGT_00099,5b00df799cfcdb0b,REC_00279,Recife,6,copiar o MGRS_TILE,MGRS_TILE_da_imagem,TXXLLL_ex_T25M...,nao_usar_T23KPR_nem_tile_por_zona_como_vinculo_automatico,true,passo_de_revisao_humana;nenhuma_execucao_automatica
MV2_DATA_01_TGT_00099_STEP_07,MV2_DATA_01_TGT_00099,5b00df799cfcdb0b,REC_00279,Recife,7,copiar o CLOUDY_PIXEL_PERCENTAGE,CLOUDY_PIXEL_PERCENTAGE,float_0_a_100,nao_inventar_cobertura_de_nuvem,false,passo_de_revisao_humana;nenhuma_execucao_automatica
MV2_DATA_01_TGT_00099_STEP_08,MV2_DATA_01_TGT_00099,5b00df799cfcdb0b,REC_00279,Recife,8,copiar o DATATAKE_IDENTIFIER,DATATAKE_IDENTIFIER,GS2[AB]_AAAAMMDDTHHMMSS_NNNNNN_NXXYY,nao_inferir_datatake_de_outro_produto,false,passo_de_revisao_humana;nenhuma_execucao_automatica
MV2_DATA_01_TGT_00099_STEP_09,MV2_DATA_01_TGT_00099,5b00df799cfcdb0b,REC_00279,Recife,9,registrar a collection usada,id_da_colecao_GEE,COPERNICUS/S2_SR_HARMONIZED_ou_equivalente,nao_assumir_colecao_sem_evidencia,false,passo_de_revisao_humana;nenhuma_execucao_automatica
MV2_DATA_01_TGT_00099_STEP_10,MV2_DATA_01_TGT_00099,5b00df799cfcdb0b,REC_00279,Recife,10,registrar a evidencia local (export/print/log),referencia_local_da_evidencia,caminho_local_relativo_ou_id_de_evidencia,nao_publicar_raster_bruto_como_evidencia,false,passo_de_revisao_humana;nenhuma_execucao_automatica
MV2_DATA_01_TGT_00099_STEP_11,MV2_DATA_01_TGT_00099,5b00df799cfcdb0b,REC_00279,Recife,11,marcar review_status (CONFIRMED/PARTIAL/REJECTED),review_status_preenchido,CONFIRMED|PARTIAL|REJECTED,sem_revisor_nao_marcar_CONFIRMED,false,passo_de_revisao_humana;nenhuma_execucao_automatica
MV2_DATA_01_TGT_00099_STEP_12,MV2_DATA_01_TGT_00099,5b00df799cfcdb0b,REC_00279,Recife,12,nao preencher nada se nao houver evidencia,campos_vazios_quando_sem_evidencia,vazio,ausencia_de_evidencia_nunca_vira_valor_inventado_nem_negativo,true,passo_de_revisao_humana;nenhuma_execucao_automatica
MV2_DATA_01_TGT_00100_STEP_01,MV2_DATA_01_TGT_00100,4df01ab3609f3bea,REC_00289,Recife,1,abrir o GEE Code Editor / Tasks autenticado,sessao_GEE_ativa,screenshot_ou_url_de_sessao,sem_acesso_ao_GEE_nao_prossegue,true,passo_de_revisao_humana;nenhuma_execucao_automatica
MV2_DATA_01_TGT_00100_STEP_02,MV2_DATA_01_TGT_00100,4df01ab3609f3bea,REC_00289,Recife,2,localizar o script/export task original deste patch,nome_do_script_ou_export_task,texto_export_task_name_ou_caminho_de_script,nao_inferir_export_por_nome_de_arquivo_de_patch,true,passo_de_revisao_humana;nenhuma_execucao_automatica
MV2_DATA_01_TGT_00100_STEP_03,MV2_DATA_01_TGT_00100,4df01ab3609f3bea,REC_00289,Recife,3,localizar a imagem Sentinel-2 efetivamente usada,image_id_da_colecao_S2,ee_image_id_ou_system_index,nao_assumir_imagem_por_cidade_regiao_ou_tile,true,passo_de_revisao_humana;nenhuma_execucao_automatica
MV2_DATA_01_TGT_00100_STEP_04,MV2_DATA_01_TGT_00100,4df01ab3609f3bea,REC_00289,Recife,4,copiar o PRODUCT_ID,PRODUCT_ID_da_imagem,S2[AB]_MSIL2A_AAAAMMDDTHHMMSS_..._TXXYYY_AAAAMMDDTHHMMSS,nao_aceitar_PRODUCT_ID_sem_origem_GEE,true,passo_de_revisao_humana;nenhuma_execucao_automatica
MV2_DATA_01_TGT_00100_STEP_05,MV2_DATA_01_TGT_00100,4df01ab3609f3bea,REC_00289,Recife,5,copiar o acquisition datetime,system_time_start_convertido_para_ISO,AAAA-MM-DDTHH:MM:SS,rejeitar_datetime_futuro_ou_fora_de_2015_2024,true,passo_de_revisao_humana;nenhuma_execucao_automatica
MV2_DATA_01_TGT_00100_STEP_06,MV2_DATA_01_TGT_00100,4df01ab3609f3bea,REC_00289,Recife,6,copiar o MGRS_TILE,MGRS_TILE_da_imagem,TXXLLL_ex_T25M...,nao_usar_T23KPR_nem_tile_por_zona_como_vinculo_automatico,true,passo_de_revisao_humana;nenhuma_execucao_automatica
MV2_DATA_01_TGT_00100_STEP_07,MV2_DATA_01_TGT_00100,4df01ab3609f3bea,REC_00289,Recife,7,copiar o CLOUDY_PIXEL_PERCENTAGE,CLOUDY_PIXEL_PERCENTAGE,float_0_a_100,nao_inventar_cobertura_de_nuvem,false,passo_de_revisao_humana;nenhuma_execucao_automatica
MV2_DATA_01_TGT_00100_STEP_08,MV2_DATA_01_TGT_00100,4df01ab3609f3bea,REC_00289,Recife,8,copiar o DATATAKE_IDENTIFIER,DATATAKE_IDENTIFIER,GS2[AB]_AAAAMMDDTHHMMSS_NNNNNN_NXXYY,nao_inferir_datatake_de_outro_produto,false,passo_de_revisao_humana;nenhuma_execucao_automatica
MV2_DATA_01_TGT_00100_STEP_09,MV2_DATA_01_TGT_00100,4df01ab3609f3bea,REC_00289,Recife,9,registrar a collection usada,id_da_colecao_GEE,COPERNICUS/S2_SR_HARMONIZED_ou_equivalente,nao_assumir_colecao_sem_evidencia,false,passo_de_revisao_humana;nenhuma_execucao_automatica
MV2_DATA_01_TGT_00100_STEP_10,MV2_DATA_01_TGT_00100,4df01ab3609f3bea,REC_00289,Recife,10,registrar a evidencia local (export/print/log),referencia_local_da_evidencia,caminho_local_relativo_ou_id_de_evidencia,nao_publicar_raster_bruto_como_evidencia,false,passo_de_revisao_humana;nenhuma_execucao_automatica
MV2_DATA_01_TGT_00100_STEP_11,MV2_DATA_01_TGT_00100,4df01ab3609f3bea,REC_00289,Recife,11,marcar review_status (CONFIRMED/PARTIAL/REJECTED),review_status_preenchido,CONFIRMED|PARTIAL|REJECTED,sem_revisor_nao_marcar_CONFIRMED,false,passo_de_revisao_humana;nenhuma_execucao_automatica
MV2_DATA_01_TGT_00100_STEP_12,MV2_DATA_01_TGT_00100,4df01ab3609f3bea,REC_00289,Recife,12,nao preencher nada se nao houver evidencia,campos_vazios_quando_sem_evidencia,vazio,ausencia_de_evidencia_nunca_vira_valor_inventado_nem_negativo,true,passo_de_revisao_humana;nenhuma_execucao_automatica
MV2_DATA_01_TGT_00101_STEP_01,MV2_DATA_01_TGT_00101,96d7799feeeed728,REC_00290,Recife,1,abrir o GEE Code Editor / Tasks autenticado,sessao_GEE_ativa,screenshot_ou_url_de_sessao,sem_acesso_ao_GEE_nao_prossegue,true,passo_de_revisao_humana;nenhuma_execucao_automatica
MV2_DATA_01_TGT_00101_STEP_02,MV2_DATA_01_TGT_00101,96d7799feeeed728,REC_00290,Recife,2,localizar o script/export task original deste patch,nome_do_script_ou_export_task,texto_export_task_name_ou_caminho_de_script,nao_inferir_export_por_nome_de_arquivo_de_patch,true,passo_de_revisao_humana;nenhuma_execucao_automatica
MV2_DATA_01_TGT_00101_STEP_03,MV2_DATA_01_TGT_00101,96d7799feeeed728,REC_00290,Recife,3,localizar a imagem Sentinel-2 efetivamente usada,image_id_da_colecao_S2,ee_image_id_ou_system_index,nao_assumir_imagem_por_cidade_regiao_ou_tile,true,passo_de_revisao_humana;nenhuma_execucao_automatica
MV2_DATA_01_TGT_00101_STEP_04,MV2_DATA_01_TGT_00101,96d7799feeeed728,REC_00290,Recife,4,copiar o PRODUCT_ID,PRODUCT_ID_da_imagem,S2[AB]_MSIL2A_AAAAMMDDTHHMMSS_..._TXXYYY_AAAAMMDDTHHMMSS,nao_aceitar_PRODUCT_ID_sem_origem_GEE,true,passo_de_revisao_humana;nenhuma_execucao_automatica
MV2_DATA_01_TGT_00101_STEP_05,MV2_DATA_01_TGT_00101,96d7799feeeed728,REC_00290,Recife,5,copiar o acquisition datetime,system_time_start_convertido_para_ISO,AAAA-MM-DDTHH:MM:SS,rejeitar_datetime_futuro_ou_fora_de_2015_2024,true,passo_de_revisao_humana;nenhuma_execucao_automatica
MV2_DATA_01_TGT_00101_STEP_06,MV2_DATA_01_TGT_00101,96d7799feeeed728,REC_00290,Recife,6,copiar o MGRS_TILE,MGRS_TILE_da_imagem,TXXLLL_ex_T25M...,nao_usar_T23KPR_nem_tile_por_zona_como_vinculo_automatico,true,passo_de_revisao_humana;nenhuma_execucao_automatica
MV2_DATA_01_TGT_00101_STEP_07,MV2_DATA_01_TGT_00101,96d7799feeeed728,REC_00290,Recife,7,copiar o CLOUDY_PIXEL_PERCENTAGE,CLOUDY_PIXEL_PERCENTAGE,float_0_a_100,nao_inventar_cobertura_de_nuvem,false,passo_de_revisao_humana;nenhuma_execucao_automatica
MV2_DATA_01_TGT_00101_STEP_08,MV2_DATA_01_TGT_00101,96d7799feeeed728,REC_00290,Recife,8,copiar o DATATAKE_IDENTIFIER,DATATAKE_IDENTIFIER,GS2[AB]_AAAAMMDDTHHMMSS_NNNNNN_NXXYY,nao_inferir_datatake_de_outro_produto,false,passo_de_revisao_humana;nenhuma_execucao_automatica
MV2_DATA_01_TGT_00101_STEP_09,MV2_DATA_01_TGT_00101,96d7799feeeed728,REC_00290,Recife,9,registrar a collection usada,id_da_colecao_GEE,COPERNICUS/S2_SR_HARMONIZED_ou_equivalente,nao_assumir_colecao_sem_evidencia,false,passo_de_revisao_humana;nenhuma_execucao_automatica
MV2_DATA_01_TGT_00101_STEP_10,MV2_DATA_01_TGT_00101,96d7799feeeed728,REC_00290,Recife,10,registrar a evidencia local (export/print/log),referencia_local_da_evidencia,caminho_local_relativo_ou_id_de_evidencia,nao_publicar_raster_bruto_como_evidencia,false,passo_de_revisao_humana;nenhuma_execucao_automatica
MV2_DATA_01_TGT_00101_STEP_11,MV2_DATA_01_TGT_00101,96d7799feeeed728,REC_00290,Recife,11,marcar review_status (CONFIRMED/PARTIAL/REJECTED),review_status_preenchido,CONFIRMED|PARTIAL|REJECTED,sem_revisor_nao_marcar_CONFIRMED,false,passo_de_revisao_humana;nenhuma_execucao_automatica
MV2_DATA_01_TGT_00101_STEP_12,MV2_DATA_01_TGT_00101,96d7799feeeed728,REC_00290,Recife,12,nao preencher nada se nao houver evidencia,campos_vazios_quando_sem_evidencia,vazio,ausencia_de_evidencia_nunca_vira_valor_inventado_nem_negativo,true,passo_de_revisao_humana;nenhuma_execucao_automatica
MV2_DATA_01_TGT_00102_STEP_01,MV2_DATA_01_TGT_00102,e07439dd6ca21f1a,REC_00291,Recife,1,abrir o GEE Code Editor / Tasks autenticado,sessao_GEE_ativa,screenshot_ou_url_de_sessao,sem_acesso_ao_GEE_nao_prossegue,true,passo_de_revisao_humana;nenhuma_execucao_automatica
MV2_DATA_01_TGT_00102_STEP_02,MV2_DATA_01_TGT_00102,e07439dd6ca21f1a,REC_00291,Recife,2,localizar o script/export task original deste patch,nome_do_script_ou_export_task,texto_export_task_name_ou_caminho_de_script,nao_inferir_export_por_nome_de_arquivo_de_patch,true,passo_de_revisao_humana;nenhuma_execucao_automatica
MV2_DATA_01_TGT_00102_STEP_03,MV2_DATA_01_TGT_00102,e07439dd6ca21f1a,REC_00291,Recife,3,localizar a imagem Sentinel-2 efetivamente usada,image_id_da_colecao_S2,ee_image_id_ou_system_index,nao_assumir_imagem_por_cidade_regiao_ou_tile,true,passo_de_revisao_humana;nenhuma_execucao_automatica
MV2_DATA_01_TGT_00102_STEP_04,MV2_DATA_01_TGT_00102,e07439dd6ca21f1a,REC_00291,Recife,4,copiar o PRODUCT_ID,PRODUCT_ID_da_imagem,S2[AB]_MSIL2A_AAAAMMDDTHHMMSS_..._TXXYYY_AAAAMMDDTHHMMSS,nao_aceitar_PRODUCT_ID_sem_origem_GEE,true,passo_de_revisao_humana;nenhuma_execucao_automatica
MV2_DATA_01_TGT_00102_STEP_05,MV2_DATA_01_TGT_00102,e07439dd6ca21f1a,REC_00291,Recife,5,copiar o acquisition datetime,system_time_start_convertido_para_ISO,AAAA-MM-DDTHH:MM:SS,rejeitar_datetime_futuro_ou_fora_de_2015_2024,true,passo_de_revisao_humana;nenhuma_execucao_automatica
MV2_DATA_01_TGT_00102_STEP_06,MV2_DATA_01_TGT_00102,e07439dd6ca21f1a,REC_00291,Recife,6,copiar o MGRS_TILE,MGRS_TILE_da_imagem,TXXLLL_ex_T25M...,nao_usar_T23KPR_nem_tile_por_zona_como_vinculo_automatico,true,passo_de_revisao_humana;nenhuma_execucao_automatica
MV2_DATA_01_TGT_00102_STEP_07,MV2_DATA_01_TGT_00102,e07439dd6ca21f1a,REC_00291,Recife,7,copiar o CLOUDY_PIXEL_PERCENTAGE,CLOUDY_PIXEL_PERCENTAGE,float_0_a_100,nao_inventar_cobertura_de_nuvem,false,passo_de_revisao_humana;nenhuma_execucao_automatica
MV2_DATA_01_TGT_00102_STEP_08,MV2_DATA_01_TGT_00102,e07439dd6ca21f1a,REC_00291,Recife,8,copiar o DATATAKE_IDENTIFIER,DATATAKE_IDENTIFIER,GS2[AB]_AAAAMMDDTHHMMSS_NNNNNN_NXXYY,nao_inferir_datatake_de_outro_produto,false,passo_de_revisao_humana;nenhuma_execucao_automatica
MV2_DATA_01_TGT_00102_STEP_09,MV2_DATA_01_TGT_00102,e07439dd6ca21f1a,REC_00291,Recife,9,registrar a collection usada,id_da_colecao_GEE,COPERNICUS/S2_SR_HARMONIZED_ou_equivalente,nao_assumir_colecao_sem_evidencia,false,passo_de_revisao_humana;nenhuma_execucao_automatica
MV2_DATA_01_TGT_00102_STEP_10,MV2_DATA_01_TGT_00102,e07439dd6ca21f1a,REC_00291,Recife,10,registrar a evidencia local (export/print/log),referencia_local_da_evidencia,caminho_local_relativo_ou_id_de_evidencia,nao_publicar_raster_bruto_como_evidencia,false,passo_de_revisao_humana;nenhuma_execucao_automatica
MV2_DATA_01_TGT_00102_STEP_11,MV2_DATA_01_TGT_00102,e07439dd6ca21f1a,REC_00291,Recife,11,marcar review_status (CONFIRMED/PARTIAL/REJECTED),review_status_preenchido,CONFIRMED|PARTIAL|REJECTED,sem_revisor_nao_marcar_CONFIRMED,false,passo_de_revisao_humana;nenhuma_execucao_automatica
MV2_DATA_01_TGT_00102_STEP_12,MV2_DATA_01_TGT_00102,e07439dd6ca21f1a,REC_00291,Recife,12,nao preencher nada se nao houver evidencia,campos_vazios_quando_sem_evidencia,vazio,ausencia_de_evidencia_nunca_vira_valor_inventado_nem_negativo,true,passo_de_revisao_humana;nenhuma_execucao_automatica
MV2_DATA_01_TGT_00103_STEP_01,MV2_DATA_01_TGT_00103,4533208693183fd6,REC_00292,Recife,1,abrir o GEE Code Editor / Tasks autenticado,sessao_GEE_ativa,screenshot_ou_url_de_sessao,sem_acesso_ao_GEE_nao_prossegue,true,passo_de_revisao_humana;nenhuma_execucao_automatica
MV2_DATA_01_TGT_00103_STEP_02,MV2_DATA_01_TGT_00103,4533208693183fd6,REC_00292,Recife,2,localizar o script/export task original deste patch,nome_do_script_ou_export_task,texto_export_task_name_ou_caminho_de_script,nao_inferir_export_por_nome_de_arquivo_de_patch,true,passo_de_revisao_humana;nenhuma_execucao_automatica
MV2_DATA_01_TGT_00103_STEP_03,MV2_DATA_01_TGT_00103,4533208693183fd6,REC_00292,Recife,3,localizar a imagem Sentinel-2 efetivamente usada,image_id_da_colecao_S2,ee_image_id_ou_system_index,nao_assumir_imagem_por_cidade_regiao_ou_tile,true,passo_de_revisao_humana;nenhuma_execucao_automatica
MV2_DATA_01_TGT_00103_STEP_04,MV2_DATA_01_TGT_00103,4533208693183fd6,REC_00292,Recife,4,copiar o PRODUCT_ID,PRODUCT_ID_da_imagem,S2[AB]_MSIL2A_AAAAMMDDTHHMMSS_..._TXXYYY_AAAAMMDDTHHMMSS,nao_aceitar_PRODUCT_ID_sem_origem_GEE,true,passo_de_revisao_humana;nenhuma_execucao_automatica
MV2_DATA_01_TGT_00103_STEP_05,MV2_DATA_01_TGT_00103,4533208693183fd6,REC_00292,Recife,5,copiar o acquisition datetime,system_time_start_convertido_para_ISO,AAAA-MM-DDTHH:MM:SS,rejeitar_datetime_futuro_ou_fora_de_2015_2024,true,passo_de_revisao_humana;nenhuma_execucao_automatica
MV2_DATA_01_TGT_00103_STEP_06,MV2_DATA_01_TGT_00103,4533208693183fd6,REC_00292,Recife,6,copiar o MGRS_TILE,MGRS_TILE_da_imagem,TXXLLL_ex_T25M...,nao_usar_T23KPR_nem_tile_por_zona_como_vinculo_automatico,true,passo_de_revisao_humana;nenhuma_execucao_automatica
MV2_DATA_01_TGT_00103_STEP_07,MV2_DATA_01_TGT_00103,4533208693183fd6,REC_00292,Recife,7,copiar o CLOUDY_PIXEL_PERCENTAGE,CLOUDY_PIXEL_PERCENTAGE,float_0_a_100,nao_inventar_cobertura_de_nuvem,false,passo_de_revisao_humana;nenhuma_execucao_automatica
MV2_DATA_01_TGT_00103_STEP_08,MV2_DATA_01_TGT_00103,4533208693183fd6,REC_00292,Recife,8,copiar o DATATAKE_IDENTIFIER,DATATAKE_IDENTIFIER,GS2[AB]_AAAAMMDDTHHMMSS_NNNNNN_NXXYY,nao_inferir_datatake_de_outro_produto,false,passo_de_revisao_humana;nenhuma_execucao_automatica
MV2_DATA_01_TGT_00103_STEP_09,MV2_DATA_01_TGT_00103,4533208693183fd6,REC_00292,Recife,9,registrar a collection usada,id_da_colecao_GEE,COPERNICUS/S2_SR_HARMONIZED_ou_equivalente,nao_assumir_colecao_sem_evidencia,false,passo_de_revisao_humana;nenhuma_execucao_automatica
MV2_DATA_01_TGT_00103_STEP_10,MV2_DATA_01_TGT_00103,4533208693183fd6,REC_00292,Recife,10,registrar a evidencia local (export/print/log),referencia_local_da_evidencia,caminho_local_relativo_ou_id_de_evidencia,nao_publicar_raster_bruto_como_evidencia,false,passo_de_revisao_humana;nenhuma_execucao_automatica
MV2_DATA_01_TGT_00103_STEP_11,MV2_DATA_01_TGT_00103,4533208693183fd6,REC_00292,Recife,11,marcar review_status (CONFIRMED/PARTIAL/REJECTED),review_status_preenchido,CONFIRMED|PARTIAL|REJECTED,sem_revisor_nao_marcar_CONFIRMED,false,passo_de_revisao_humana;nenhuma_execucao_automatica
MV2_DATA_01_TGT_00103_STEP_12,MV2_DATA_01_TGT_00103,4533208693183fd6,REC_00292,Recife,12,nao preencher nada se nao houver evidencia,campos_vazios_quando_sem_evidencia,vazio,ausencia_de_evidencia_nunca_vira_valor_inventado_nem_negativo,true,passo_de_revisao_humana;nenhuma_execucao_automatica
MV2_DATA_01_TGT_00104_STEP_01,MV2_DATA_01_TGT_00104,d04f3b60f00dfa1f,REC_00294,Recife,1,abrir o GEE Code Editor / Tasks autenticado,sessao_GEE_ativa,screenshot_ou_url_de_sessao,sem_acesso_ao_GEE_nao_prossegue,true,passo_de_revisao_humana;nenhuma_execucao_automatica
MV2_DATA_01_TGT_00104_STEP_02,MV2_DATA_01_TGT_00104,d04f3b60f00dfa1f,REC_00294,Recife,2,localizar o script/export task original deste patch,nome_do_script_ou_export_task,texto_export_task_name_ou_caminho_de_script,nao_inferir_export_por_nome_de_arquivo_de_patch,true,passo_de_revisao_humana;nenhuma_execucao_automatica
MV2_DATA_01_TGT_00104_STEP_03,MV2_DATA_01_TGT_00104,d04f3b60f00dfa1f,REC_00294,Recife,3,localizar a imagem Sentinel-2 efetivamente usada,image_id_da_colecao_S2,ee_image_id_ou_system_index,nao_assumir_imagem_por_cidade_regiao_ou_tile,true,passo_de_revisao_humana;nenhuma_execucao_automatica
MV2_DATA_01_TGT_00104_STEP_04,MV2_DATA_01_TGT_00104,d04f3b60f00dfa1f,REC_00294,Recife,4,copiar o PRODUCT_ID,PRODUCT_ID_da_imagem,S2[AB]_MSIL2A_AAAAMMDDTHHMMSS_..._TXXYYY_AAAAMMDDTHHMMSS,nao_aceitar_PRODUCT_ID_sem_origem_GEE,true,passo_de_revisao_humana;nenhuma_execucao_automatica
MV2_DATA_01_TGT_00104_STEP_05,MV2_DATA_01_TGT_00104,d04f3b60f00dfa1f,REC_00294,Recife,5,copiar o acquisition datetime,system_time_start_convertido_para_ISO,AAAA-MM-DDTHH:MM:SS,rejeitar_datetime_futuro_ou_fora_de_2015_2024,true,passo_de_revisao_humana;nenhuma_execucao_automatica
MV2_DATA_01_TGT_00104_STEP_06,MV2_DATA_01_TGT_00104,d04f3b60f00dfa1f,REC_00294,Recife,6,copiar o MGRS_TILE,MGRS_TILE_da_imagem,TXXLLL_ex_T25M...,nao_usar_T23KPR_nem_tile_por_zona_como_vinculo_automatico,true,passo_de_revisao_humana;nenhuma_execucao_automatica
MV2_DATA_01_TGT_00104_STEP_07,MV2_DATA_01_TGT_00104,d04f3b60f00dfa1f,REC_00294,Recife,7,copiar o CLOUDY_PIXEL_PERCENTAGE,CLOUDY_PIXEL_PERCENTAGE,float_0_a_100,nao_inventar_cobertura_de_nuvem,false,passo_de_revisao_humana;nenhuma_execucao_automatica
MV2_DATA_01_TGT_00104_STEP_08,MV2_DATA_01_TGT_00104,d04f3b60f00dfa1f,REC_00294,Recife,8,copiar o DATATAKE_IDENTIFIER,DATATAKE_IDENTIFIER,GS2[AB]_AAAAMMDDTHHMMSS_NNNNNN_NXXYY,nao_inferir_datatake_de_outro_produto,false,passo_de_revisao_humana;nenhuma_execucao_automatica
MV2_DATA_01_TGT_00104_STEP_09,MV2_DATA_01_TGT_00104,d04f3b60f00dfa1f,REC_00294,Recife,9,registrar a collection usada,id_da_colecao_GEE,COPERNICUS/S2_SR_HARMONIZED_ou_equivalente,nao_assumir_colecao_sem_evidencia,false,passo_de_revisao_humana;nenhuma_execucao_automatica
MV2_DATA_01_TGT_00104_STEP_10,MV2_DATA_01_TGT_00104,d04f3b60f00dfa1f,REC_00294,Recife,10,registrar a evidencia local (export/print/log),referencia_local_da_evidencia,caminho_local_relativo_ou_id_de_evidencia,nao_publicar_raster_bruto_como_evidencia,false,passo_de_revisao_humana;nenhuma_execucao_automatica
MV2_DATA_01_TGT_00104_STEP_11,MV2_DATA_01_TGT_00104,d04f3b60f00dfa1f,REC_00294,Recife,11,marcar review_status (CONFIRMED/PARTIAL/REJECTED),review_status_preenchido,CONFIRMED|PARTIAL|REJECTED,sem_revisor_nao_marcar_CONFIRMED,false,passo_de_revisao_humana;nenhuma_execucao_automatica
MV2_DATA_01_TGT_00104_STEP_12,MV2_DATA_01_TGT_00104,d04f3b60f00dfa1f,REC_00294,Recife,12,nao preencher nada se nao houver evidencia,campos_vazios_quando_sem_evidencia,vazio,ausencia_de_evidencia_nunca_vira_valor_inventado_nem_negativo,true,passo_de_revisao_humana;nenhuma_execucao_automatica
MV2_DATA_01_TGT_00105_STEP_01,MV2_DATA_01_TGT_00105,ef25187838e6b508,REC_00296,Recife,1,abrir o GEE Code Editor / Tasks autenticado,sessao_GEE_ativa,screenshot_ou_url_de_sessao,sem_acesso_ao_GEE_nao_prossegue,true,passo_de_revisao_humana;nenhuma_execucao_automatica
MV2_DATA_01_TGT_00105_STEP_02,MV2_DATA_01_TGT_00105,ef25187838e6b508,REC_00296,Recife,2,localizar o script/export task original deste patch,nome_do_script_ou_export_task,texto_export_task_name_ou_caminho_de_script,nao_inferir_export_por_nome_de_arquivo_de_patch,true,passo_de_revisao_humana;nenhuma_execucao_automatica
MV2_DATA_01_TGT_00105_STEP_03,MV2_DATA_01_TGT_00105,ef25187838e6b508,REC_00296,Recife,3,localizar a imagem Sentinel-2 efetivamente usada,image_id_da_colecao_S2,ee_image_id_ou_system_index,nao_assumir_imagem_por_cidade_regiao_ou_tile,true,passo_de_revisao_humana;nenhuma_execucao_automatica
MV2_DATA_01_TGT_00105_STEP_04,MV2_DATA_01_TGT_00105,ef25187838e6b508,REC_00296,Recife,4,copiar o PRODUCT_ID,PRODUCT_ID_da_imagem,S2[AB]_MSIL2A_AAAAMMDDTHHMMSS_..._TXXYYY_AAAAMMDDTHHMMSS,nao_aceitar_PRODUCT_ID_sem_origem_GEE,true,passo_de_revisao_humana;nenhuma_execucao_automatica
MV2_DATA_01_TGT_00105_STEP_05,MV2_DATA_01_TGT_00105,ef25187838e6b508,REC_00296,Recife,5,copiar o acquisition datetime,system_time_start_convertido_para_ISO,AAAA-MM-DDTHH:MM:SS,rejeitar_datetime_futuro_ou_fora_de_2015_2024,true,passo_de_revisao_humana;nenhuma_execucao_automatica
MV2_DATA_01_TGT_00105_STEP_06,MV2_DATA_01_TGT_00105,ef25187838e6b508,REC_00296,Recife,6,copiar o MGRS_TILE,MGRS_TILE_da_imagem,TXXLLL_ex_T25M...,nao_usar_T23KPR_nem_tile_por_zona_como_vinculo_automatico,true,passo_de_revisao_humana;nenhuma_execucao_automatica
MV2_DATA_01_TGT_00105_STEP_07,MV2_DATA_01_TGT_00105,ef25187838e6b508,REC_00296,Recife,7,copiar o CLOUDY_PIXEL_PERCENTAGE,CLOUDY_PIXEL_PERCENTAGE,float_0_a_100,nao_inventar_cobertura_de_nuvem,false,passo_de_revisao_humana;nenhuma_execucao_automatica
MV2_DATA_01_TGT_00105_STEP_08,MV2_DATA_01_TGT_00105,ef25187838e6b508,REC_00296,Recife,8,copiar o DATATAKE_IDENTIFIER,DATATAKE_IDENTIFIER,GS2[AB]_AAAAMMDDTHHMMSS_NNNNNN_NXXYY,nao_inferir_datatake_de_outro_produto,false,passo_de_revisao_humana;nenhuma_execucao_automatica
MV2_DATA_01_TGT_00105_STEP_09,MV2_DATA_01_TGT_00105,ef25187838e6b508,REC_00296,Recife,9,registrar a collection usada,id_da_colecao_GEE,COPERNICUS/S2_SR_HARMONIZED_ou_equivalente,nao_assumir_colecao_sem_evidencia,false,passo_de_revisao_humana;nenhuma_execucao_automatica
MV2_DATA_01_TGT_00105_STEP_10,MV2_DATA_01_TGT_00105,ef25187838e6b508,REC_00296,Recife,10,registrar a evidencia local (export/print/log),referencia_local_da_evidencia,caminho_local_relativo_ou_id_de_evidencia,nao_publicar_raster_bruto_como_evidencia,false,passo_de_revisao_humana;nenhuma_execucao_automatica
MV2_DATA_01_TGT_00105_STEP_11,MV2_DATA_01_TGT_00105,ef25187838e6b508,REC_00296,Recife,11,marcar review_status (CONFIRMED/PARTIAL/REJECTED),review_status_preenchido,CONFIRMED|PARTIAL|REJECTED,sem_revisor_nao_marcar_CONFIRMED,false,passo_de_revisao_humana;nenhuma_execucao_automatica
MV2_DATA_01_TGT_00105_STEP_12,MV2_DATA_01_TGT_00105,ef25187838e6b508,REC_00296,Recife,12,nao preencher nada se nao houver evidencia,campos_vazios_quando_sem_evidencia,vazio,ausencia_de_evidencia_nunca_vira_valor_inventado_nem_negativo,true,passo_de_revisao_humana;nenhuma_execucao_automatica
MV2_DATA_01_TGT_00106_STEP_01,MV2_DATA_01_TGT_00106,71294b6a2a591acf,REC_00299,Recife,1,abrir o GEE Code Editor / Tasks autenticado,sessao_GEE_ativa,screenshot_ou_url_de_sessao,sem_acesso_ao_GEE_nao_prossegue,true,passo_de_revisao_humana;nenhuma_execucao_automatica
MV2_DATA_01_TGT_00106_STEP_02,MV2_DATA_01_TGT_00106,71294b6a2a591acf,REC_00299,Recife,2,localizar o script/export task original deste patch,nome_do_script_ou_export_task,texto_export_task_name_ou_caminho_de_script,nao_inferir_export_por_nome_de_arquivo_de_patch,true,passo_de_revisao_humana;nenhuma_execucao_automatica
MV2_DATA_01_TGT_00106_STEP_03,MV2_DATA_01_TGT_00106,71294b6a2a591acf,REC_00299,Recife,3,localizar a imagem Sentinel-2 efetivamente usada,image_id_da_colecao_S2,ee_image_id_ou_system_index,nao_assumir_imagem_por_cidade_regiao_ou_tile,true,passo_de_revisao_humana;nenhuma_execucao_automatica
MV2_DATA_01_TGT_00106_STEP_04,MV2_DATA_01_TGT_00106,71294b6a2a591acf,REC_00299,Recife,4,copiar o PRODUCT_ID,PRODUCT_ID_da_imagem,S2[AB]_MSIL2A_AAAAMMDDTHHMMSS_..._TXXYYY_AAAAMMDDTHHMMSS,nao_aceitar_PRODUCT_ID_sem_origem_GEE,true,passo_de_revisao_humana;nenhuma_execucao_automatica
MV2_DATA_01_TGT_00106_STEP_05,MV2_DATA_01_TGT_00106,71294b6a2a591acf,REC_00299,Recife,5,copiar o acquisition datetime,system_time_start_convertido_para_ISO,AAAA-MM-DDTHH:MM:SS,rejeitar_datetime_futuro_ou_fora_de_2015_2024,true,passo_de_revisao_humana;nenhuma_execucao_automatica
MV2_DATA_01_TGT_00106_STEP_06,MV2_DATA_01_TGT_00106,71294b6a2a591acf,REC_00299,Recife,6,copiar o MGRS_TILE,MGRS_TILE_da_imagem,TXXLLL_ex_T25M...,nao_usar_T23KPR_nem_tile_por_zona_como_vinculo_automatico,true,passo_de_revisao_humana;nenhuma_execucao_automatica
MV2_DATA_01_TGT_00106_STEP_07,MV2_DATA_01_TGT_00106,71294b6a2a591acf,REC_00299,Recife,7,copiar o CLOUDY_PIXEL_PERCENTAGE,CLOUDY_PIXEL_PERCENTAGE,float_0_a_100,nao_inventar_cobertura_de_nuvem,false,passo_de_revisao_humana;nenhuma_execucao_automatica
MV2_DATA_01_TGT_00106_STEP_08,MV2_DATA_01_TGT_00106,71294b6a2a591acf,REC_00299,Recife,8,copiar o DATATAKE_IDENTIFIER,DATATAKE_IDENTIFIER,GS2[AB]_AAAAMMDDTHHMMSS_NNNNNN_NXXYY,nao_inferir_datatake_de_outro_produto,false,passo_de_revisao_humana;nenhuma_execucao_automatica
MV2_DATA_01_TGT_00106_STEP_09,MV2_DATA_01_TGT_00106,71294b6a2a591acf,REC_00299,Recife,9,registrar a collection usada,id_da_colecao_GEE,COPERNICUS/S2_SR_HARMONIZED_ou_equivalente,nao_assumir_colecao_sem_evidencia,false,passo_de_revisao_humana;nenhuma_execucao_automatica
MV2_DATA_01_TGT_00106_STEP_10,MV2_DATA_01_TGT_00106,71294b6a2a591acf,REC_00299,Recife,10,registrar a evidencia local (export/print/log),referencia_local_da_evidencia,caminho_local_relativo_ou_id_de_evidencia,nao_publicar_raster_bruto_como_evidencia,false,passo_de_revisao_humana;nenhuma_execucao_automatica
MV2_DATA_01_TGT_00106_STEP_11,MV2_DATA_01_TGT_00106,71294b6a2a591acf,REC_00299,Recife,11,marcar review_status (CONFIRMED/PARTIAL/REJECTED),review_status_preenchido,CONFIRMED|PARTIAL|REJECTED,sem_revisor_nao_marcar_CONFIRMED,false,passo_de_revisao_humana;nenhuma_execucao_automatica
MV2_DATA_01_TGT_00106_STEP_12,MV2_DATA_01_TGT_00106,71294b6a2a591acf,REC_00299,Recife,12,nao preencher nada se nao houver evidencia,campos_vazios_quando_sem_evidencia,vazio,ausencia_de_evidencia_nunca_vira_valor_inventado_nem_negativo,true,passo_de_revisao_humana;nenhuma_execucao_automatica
MV2_DATA_01_TGT_00107_STEP_01,MV2_DATA_01_TGT_00107,529562b8928a0c77,REC_00302,Recife,1,abrir o GEE Code Editor / Tasks autenticado,sessao_GEE_ativa,screenshot_ou_url_de_sessao,sem_acesso_ao_GEE_nao_prossegue,true,passo_de_revisao_humana;nenhuma_execucao_automatica
MV2_DATA_01_TGT_00107_STEP_02,MV2_DATA_01_TGT_00107,529562b8928a0c77,REC_00302,Recife,2,localizar o script/export task original deste patch,nome_do_script_ou_export_task,texto_export_task_name_ou_caminho_de_script,nao_inferir_export_por_nome_de_arquivo_de_patch,true,passo_de_revisao_humana;nenhuma_execucao_automatica
MV2_DATA_01_TGT_00107_STEP_03,MV2_DATA_01_TGT_00107,529562b8928a0c77,REC_00302,Recife,3,localizar a imagem Sentinel-2 efetivamente usada,image_id_da_colecao_S2,ee_image_id_ou_system_index,nao_assumir_imagem_por_cidade_regiao_ou_tile,true,passo_de_revisao_humana;nenhuma_execucao_automatica
MV2_DATA_01_TGT_00107_STEP_04,MV2_DATA_01_TGT_00107,529562b8928a0c77,REC_00302,Recife,4,copiar o PRODUCT_ID,PRODUCT_ID_da_imagem,S2[AB]_MSIL2A_AAAAMMDDTHHMMSS_..._TXXYYY_AAAAMMDDTHHMMSS,nao_aceitar_PRODUCT_ID_sem_origem_GEE,true,passo_de_revisao_humana;nenhuma_execucao_automatica
MV2_DATA_01_TGT_00107_STEP_05,MV2_DATA_01_TGT_00107,529562b8928a0c77,REC_00302,Recife,5,copiar o acquisition datetime,system_time_start_convertido_para_ISO,AAAA-MM-DDTHH:MM:SS,rejeitar_datetime_futuro_ou_fora_de_2015_2024,true,passo_de_revisao_humana;nenhuma_execucao_automatica
MV2_DATA_01_TGT_00107_STEP_06,MV2_DATA_01_TGT_00107,529562b8928a0c77,REC_00302,Recife,6,copiar o MGRS_TILE,MGRS_TILE_da_imagem,TXXLLL_ex_T25M...,nao_usar_T23KPR_nem_tile_por_zona_como_vinculo_automatico,true,passo_de_revisao_humana;nenhuma_execucao_automatica
MV2_DATA_01_TGT_00107_STEP_07,MV2_DATA_01_TGT_00107,529562b8928a0c77,REC_00302,Recife,7,copiar o CLOUDY_PIXEL_PERCENTAGE,CLOUDY_PIXEL_PERCENTAGE,float_0_a_100,nao_inventar_cobertura_de_nuvem,false,passo_de_revisao_humana;nenhuma_execucao_automatica
MV2_DATA_01_TGT_00107_STEP_08,MV2_DATA_01_TGT_00107,529562b8928a0c77,REC_00302,Recife,8,copiar o DATATAKE_IDENTIFIER,DATATAKE_IDENTIFIER,GS2[AB]_AAAAMMDDTHHMMSS_NNNNNN_NXXYY,nao_inferir_datatake_de_outro_produto,false,passo_de_revisao_humana;nenhuma_execucao_automatica
MV2_DATA_01_TGT_00107_STEP_09,MV2_DATA_01_TGT_00107,529562b8928a0c77,REC_00302,Recife,9,registrar a collection usada,id_da_colecao_GEE,COPERNICUS/S2_SR_HARMONIZED_ou_equivalente,nao_assumir_colecao_sem_evidencia,false,passo_de_revisao_humana;nenhuma_execucao_automatica
MV2_DATA_01_TGT_00107_STEP_10,MV2_DATA_01_TGT_00107,529562b8928a0c77,REC_00302,Recife,10,registrar a evidencia local (export/print/log),referencia_local_da_evidencia,caminho_local_relativo_ou_id_de_evidencia,nao_publicar_raster_bruto_como_evidencia,false,passo_de_revisao_humana;nenhuma_execucao_automatica
MV2_DATA_01_TGT_00107_STEP_11,MV2_DATA_01_TGT_00107,529562b8928a0c77,REC_00302,Recife,11,marcar review_status (CONFIRMED/PARTIAL/REJECTED),review_status_preenchido,CONFIRMED|PARTIAL|REJECTED,sem_revisor_nao_marcar_CONFIRMED,false,passo_de_revisao_humana;nenhuma_execucao_automatica
MV2_DATA_01_TGT_00107_STEP_12,MV2_DATA_01_TGT_00107,529562b8928a0c77,REC_00302,Recife,12,nao preencher nada se nao houver evidencia,campos_vazios_quando_sem_evidencia,vazio,ausencia_de_evidencia_nunca_vira_valor_inventado_nem_negativo,true,passo_de_revisao_humana;nenhuma_execucao_automatica
MV2_DATA_01_TGT_00108_STEP_01,MV2_DATA_01_TGT_00108,90a8891c5876e143,REC_00313,Recife,1,abrir o GEE Code Editor / Tasks autenticado,sessao_GEE_ativa,screenshot_ou_url_de_sessao,sem_acesso_ao_GEE_nao_prossegue,true,passo_de_revisao_humana;nenhuma_execucao_automatica
MV2_DATA_01_TGT_00108_STEP_02,MV2_DATA_01_TGT_00108,90a8891c5876e143,REC_00313,Recife,2,localizar o script/export task original deste patch,nome_do_script_ou_export_task,texto_export_task_name_ou_caminho_de_script,nao_inferir_export_por_nome_de_arquivo_de_patch,true,passo_de_revisao_humana;nenhuma_execucao_automatica
MV2_DATA_01_TGT_00108_STEP_03,MV2_DATA_01_TGT_00108,90a8891c5876e143,REC_00313,Recife,3,localizar a imagem Sentinel-2 efetivamente usada,image_id_da_colecao_S2,ee_image_id_ou_system_index,nao_assumir_imagem_por_cidade_regiao_ou_tile,true,passo_de_revisao_humana;nenhuma_execucao_automatica
MV2_DATA_01_TGT_00108_STEP_04,MV2_DATA_01_TGT_00108,90a8891c5876e143,REC_00313,Recife,4,copiar o PRODUCT_ID,PRODUCT_ID_da_imagem,S2[AB]_MSIL2A_AAAAMMDDTHHMMSS_..._TXXYYY_AAAAMMDDTHHMMSS,nao_aceitar_PRODUCT_ID_sem_origem_GEE,true,passo_de_revisao_humana;nenhuma_execucao_automatica
MV2_DATA_01_TGT_00108_STEP_05,MV2_DATA_01_TGT_00108,90a8891c5876e143,REC_00313,Recife,5,copiar o acquisition datetime,system_time_start_convertido_para_ISO,AAAA-MM-DDTHH:MM:SS,rejeitar_datetime_futuro_ou_fora_de_2015_2024,true,passo_de_revisao_humana;nenhuma_execucao_automatica
MV2_DATA_01_TGT_00108_STEP_06,MV2_DATA_01_TGT_00108,90a8891c5876e143,REC_00313,Recife,6,copiar o MGRS_TILE,MGRS_TILE_da_imagem,TXXLLL_ex_T25M...,nao_usar_T23KPR_nem_tile_por_zona_como_vinculo_automatico,true,passo_de_revisao_humana;nenhuma_execucao_automatica
MV2_DATA_01_TGT_00108_STEP_07,MV2_DATA_01_TGT_00108,90a8891c5876e143,REC_00313,Recife,7,copiar o CLOUDY_PIXEL_PERCENTAGE,CLOUDY_PIXEL_PERCENTAGE,float_0_a_100,nao_inventar_cobertura_de_nuvem,false,passo_de_revisao_humana;nenhuma_execucao_automatica
MV2_DATA_01_TGT_00108_STEP_08,MV2_DATA_01_TGT_00108,90a8891c5876e143,REC_00313,Recife,8,copiar o DATATAKE_IDENTIFIER,DATATAKE_IDENTIFIER,GS2[AB]_AAAAMMDDTHHMMSS_NNNNNN_NXXYY,nao_inferir_datatake_de_outro_produto,false,passo_de_revisao_humana;nenhuma_execucao_automatica
MV2_DATA_01_TGT_00108_STEP_09,MV2_DATA_01_TGT_00108,90a8891c5876e143,REC_00313,Recife,9,registrar a collection usada,id_da_colecao_GEE,COPERNICUS/S2_SR_HARMONIZED_ou_equivalente,nao_assumir_colecao_sem_evidencia,false,passo_de_revisao_humana;nenhuma_execucao_automatica
MV2_DATA_01_TGT_00108_STEP_10,MV2_DATA_01_TGT_00108,90a8891c5876e143,REC_00313,Recife,10,registrar a evidencia local (export/print/log),referencia_local_da_evidencia,caminho_local_relativo_ou_id_de_evidencia,nao_publicar_raster_bruto_como_evidencia,false,passo_de_revisao_humana;nenhuma_execucao_automatica
MV2_DATA_01_TGT_00108_STEP_11,MV2_DATA_01_TGT_00108,90a8891c5876e143,REC_00313,Recife,11,marcar review_status (CONFIRMED/PARTIAL/REJECTED),review_status_preenchido,CONFIRMED|PARTIAL|REJECTED,sem_revisor_nao_marcar_CONFIRMED,false,passo_de_revisao_humana;nenhuma_execucao_automatica
MV2_DATA_01_TGT_00108_STEP_12,MV2_DATA_01_TGT_00108,90a8891c5876e143,REC_00313,Recife,12,nao preencher nada se nao houver evidencia,campos_vazios_quando_sem_evidencia,vazio,ausencia_de_evidencia_nunca_vira_valor_inventado_nem_negativo,true,passo_de_revisao_humana;nenhuma_execucao_automatica
MV2_DATA_01_TGT_00109_STEP_01,MV2_DATA_01_TGT_00109,dde62e484b858d75,REC_00314,Recife,1,abrir o GEE Code Editor / Tasks autenticado,sessao_GEE_ativa,screenshot_ou_url_de_sessao,sem_acesso_ao_GEE_nao_prossegue,true,passo_de_revisao_humana;nenhuma_execucao_automatica
MV2_DATA_01_TGT_00109_STEP_02,MV2_DATA_01_TGT_00109,dde62e484b858d75,REC_00314,Recife,2,localizar o script/export task original deste patch,nome_do_script_ou_export_task,texto_export_task_name_ou_caminho_de_script,nao_inferir_export_por_nome_de_arquivo_de_patch,true,passo_de_revisao_humana;nenhuma_execucao_automatica
MV2_DATA_01_TGT_00109_STEP_03,MV2_DATA_01_TGT_00109,dde62e484b858d75,REC_00314,Recife,3,localizar a imagem Sentinel-2 efetivamente usada,image_id_da_colecao_S2,ee_image_id_ou_system_index,nao_assumir_imagem_por_cidade_regiao_ou_tile,true,passo_de_revisao_humana;nenhuma_execucao_automatica
MV2_DATA_01_TGT_00109_STEP_04,MV2_DATA_01_TGT_00109,dde62e484b858d75,REC_00314,Recife,4,copiar o PRODUCT_ID,PRODUCT_ID_da_imagem,S2[AB]_MSIL2A_AAAAMMDDTHHMMSS_..._TXXYYY_AAAAMMDDTHHMMSS,nao_aceitar_PRODUCT_ID_sem_origem_GEE,true,passo_de_revisao_humana;nenhuma_execucao_automatica
MV2_DATA_01_TGT_00109_STEP_05,MV2_DATA_01_TGT_00109,dde62e484b858d75,REC_00314,Recife,5,copiar o acquisition datetime,system_time_start_convertido_para_ISO,AAAA-MM-DDTHH:MM:SS,rejeitar_datetime_futuro_ou_fora_de_2015_2024,true,passo_de_revisao_humana;nenhuma_execucao_automatica
MV2_DATA_01_TGT_00109_STEP_06,MV2_DATA_01_TGT_00109,dde62e484b858d75,REC_00314,Recife,6,copiar o MGRS_TILE,MGRS_TILE_da_imagem,TXXLLL_ex_T25M...,nao_usar_T23KPR_nem_tile_por_zona_como_vinculo_automatico,true,passo_de_revisao_humana;nenhuma_execucao_automatica
MV2_DATA_01_TGT_00109_STEP_07,MV2_DATA_01_TGT_00109,dde62e484b858d75,REC_00314,Recife,7,copiar o CLOUDY_PIXEL_PERCENTAGE,CLOUDY_PIXEL_PERCENTAGE,float_0_a_100,nao_inventar_cobertura_de_nuvem,false,passo_de_revisao_humana;nenhuma_execucao_automatica
MV2_DATA_01_TGT_00109_STEP_08,MV2_DATA_01_TGT_00109,dde62e484b858d75,REC_00314,Recife,8,copiar o DATATAKE_IDENTIFIER,DATATAKE_IDENTIFIER,GS2[AB]_AAAAMMDDTHHMMSS_NNNNNN_NXXYY,nao_inferir_datatake_de_outro_produto,false,passo_de_revisao_humana;nenhuma_execucao_automatica
MV2_DATA_01_TGT_00109_STEP_09,MV2_DATA_01_TGT_00109,dde62e484b858d75,REC_00314,Recife,9,registrar a collection usada,id_da_colecao_GEE,COPERNICUS/S2_SR_HARMONIZED_ou_equivalente,nao_assumir_colecao_sem_evidencia,false,passo_de_revisao_humana;nenhuma_execucao_automatica
MV2_DATA_01_TGT_00109_STEP_10,MV2_DATA_01_TGT_00109,dde62e484b858d75,REC_00314,Recife,10,registrar a evidencia local (export/print/log),referencia_local_da_evidencia,caminho_local_relativo_ou_id_de_evidencia,nao_publicar_raster_bruto_como_evidencia,false,passo_de_revisao_humana;nenhuma_execucao_automatica
MV2_DATA_01_TGT_00109_STEP_11,MV2_DATA_01_TGT_00109,dde62e484b858d75,REC_00314,Recife,11,marcar review_status (CONFIRMED/PARTIAL/REJECTED),review_status_preenchido,CONFIRMED|PARTIAL|REJECTED,sem_revisor_nao_marcar_CONFIRMED,false,passo_de_revisao_humana;nenhuma_execucao_automatica
MV2_DATA_01_TGT_00109_STEP_12,MV2_DATA_01_TGT_00109,dde62e484b858d75,REC_00314,Recife,12,nao preencher nada se nao houver evidencia,campos_vazios_quando_sem_evidencia,vazio,ausencia_de_evidencia_nunca_vira_valor_inventado_nem_negativo,true,passo_de_revisao_humana;nenhuma_execucao_automatica
MV2_DATA_01_TGT_00110_STEP_01,MV2_DATA_01_TGT_00110,915fb2786ece3538,REC_00354,Recife,1,abrir o GEE Code Editor / Tasks autenticado,sessao_GEE_ativa,screenshot_ou_url_de_sessao,sem_acesso_ao_GEE_nao_prossegue,true,passo_de_revisao_humana;nenhuma_execucao_automatica
MV2_DATA_01_TGT_00110_STEP_02,MV2_DATA_01_TGT_00110,915fb2786ece3538,REC_00354,Recife,2,localizar o script/export task original deste patch,nome_do_script_ou_export_task,texto_export_task_name_ou_caminho_de_script,nao_inferir_export_por_nome_de_arquivo_de_patch,true,passo_de_revisao_humana;nenhuma_execucao_automatica
MV2_DATA_01_TGT_00110_STEP_03,MV2_DATA_01_TGT_00110,915fb2786ece3538,REC_00354,Recife,3,localizar a imagem Sentinel-2 efetivamente usada,image_id_da_colecao_S2,ee_image_id_ou_system_index,nao_assumir_imagem_por_cidade_regiao_ou_tile,true,passo_de_revisao_humana;nenhuma_execucao_automatica
MV2_DATA_01_TGT_00110_STEP_04,MV2_DATA_01_TGT_00110,915fb2786ece3538,REC_00354,Recife,4,copiar o PRODUCT_ID,PRODUCT_ID_da_imagem,S2[AB]_MSIL2A_AAAAMMDDTHHMMSS_..._TXXYYY_AAAAMMDDTHHMMSS,nao_aceitar_PRODUCT_ID_sem_origem_GEE,true,passo_de_revisao_humana;nenhuma_execucao_automatica
MV2_DATA_01_TGT_00110_STEP_05,MV2_DATA_01_TGT_00110,915fb2786ece3538,REC_00354,Recife,5,copiar o acquisition datetime,system_time_start_convertido_para_ISO,AAAA-MM-DDTHH:MM:SS,rejeitar_datetime_futuro_ou_fora_de_2015_2024,true,passo_de_revisao_humana;nenhuma_execucao_automatica
MV2_DATA_01_TGT_00110_STEP_06,MV2_DATA_01_TGT_00110,915fb2786ece3538,REC_00354,Recife,6,copiar o MGRS_TILE,MGRS_TILE_da_imagem,TXXLLL_ex_T25M...,nao_usar_T23KPR_nem_tile_por_zona_como_vinculo_automatico,true,passo_de_revisao_humana;nenhuma_execucao_automatica
MV2_DATA_01_TGT_00110_STEP_07,MV2_DATA_01_TGT_00110,915fb2786ece3538,REC_00354,Recife,7,copiar o CLOUDY_PIXEL_PERCENTAGE,CLOUDY_PIXEL_PERCENTAGE,float_0_a_100,nao_inventar_cobertura_de_nuvem,false,passo_de_revisao_humana;nenhuma_execucao_automatica
MV2_DATA_01_TGT_00110_STEP_08,MV2_DATA_01_TGT_00110,915fb2786ece3538,REC_00354,Recife,8,copiar o DATATAKE_IDENTIFIER,DATATAKE_IDENTIFIER,GS2[AB]_AAAAMMDDTHHMMSS_NNNNNN_NXXYY,nao_inferir_datatake_de_outro_produto,false,passo_de_revisao_humana;nenhuma_execucao_automatica
MV2_DATA_01_TGT_00110_STEP_09,MV2_DATA_01_TGT_00110,915fb2786ece3538,REC_00354,Recife,9,registrar a collection usada,id_da_colecao_GEE,COPERNICUS/S2_SR_HARMONIZED_ou_equivalente,nao_assumir_colecao_sem_evidencia,false,passo_de_revisao_humana;nenhuma_execucao_automatica
MV2_DATA_01_TGT_00110_STEP_10,MV2_DATA_01_TGT_00110,915fb2786ece3538,REC_00354,Recife,10,registrar a evidencia local (export/print/log),referencia_local_da_evidencia,caminho_local_relativo_ou_id_de_evidencia,nao_publicar_raster_bruto_como_evidencia,false,passo_de_revisao_humana;nenhuma_execucao_automatica
MV2_DATA_01_TGT_00110_STEP_11,MV2_DATA_01_TGT_00110,915fb2786ece3538,REC_00354,Recife,11,marcar review_status (CONFIRMED/PARTIAL/REJECTED),review_status_preenchido,CONFIRMED|PARTIAL|REJECTED,sem_revisor_nao_marcar_CONFIRMED,false,passo_de_revisao_humana;nenhuma_execucao_automatica
MV2_DATA_01_TGT_00110_STEP_12,MV2_DATA_01_TGT_00110,915fb2786ece3538,REC_00354,Recife,12,nao preencher nada se nao houver evidencia,campos_vazios_quando_sem_evidencia,vazio,ausencia_de_evidencia_nunca_vira_valor_inventado_nem_negativo,true,passo_de_revisao_humana;nenhuma_execucao_automatica
MV2_DATA_01_TGT_00111_STEP_01,MV2_DATA_01_TGT_00111,67bb88f906913200,REC_00355,Recife,1,abrir o GEE Code Editor / Tasks autenticado,sessao_GEE_ativa,screenshot_ou_url_de_sessao,sem_acesso_ao_GEE_nao_prossegue,true,passo_de_revisao_humana;nenhuma_execucao_automatica
MV2_DATA_01_TGT_00111_STEP_02,MV2_DATA_01_TGT_00111,67bb88f906913200,REC_00355,Recife,2,localizar o script/export task original deste patch,nome_do_script_ou_export_task,texto_export_task_name_ou_caminho_de_script,nao_inferir_export_por_nome_de_arquivo_de_patch,true,passo_de_revisao_humana;nenhuma_execucao_automatica
MV2_DATA_01_TGT_00111_STEP_03,MV2_DATA_01_TGT_00111,67bb88f906913200,REC_00355,Recife,3,localizar a imagem Sentinel-2 efetivamente usada,image_id_da_colecao_S2,ee_image_id_ou_system_index,nao_assumir_imagem_por_cidade_regiao_ou_tile,true,passo_de_revisao_humana;nenhuma_execucao_automatica
MV2_DATA_01_TGT_00111_STEP_04,MV2_DATA_01_TGT_00111,67bb88f906913200,REC_00355,Recife,4,copiar o PRODUCT_ID,PRODUCT_ID_da_imagem,S2[AB]_MSIL2A_AAAAMMDDTHHMMSS_..._TXXYYY_AAAAMMDDTHHMMSS,nao_aceitar_PRODUCT_ID_sem_origem_GEE,true,passo_de_revisao_humana;nenhuma_execucao_automatica
MV2_DATA_01_TGT_00111_STEP_05,MV2_DATA_01_TGT_00111,67bb88f906913200,REC_00355,Recife,5,copiar o acquisition datetime,system_time_start_convertido_para_ISO,AAAA-MM-DDTHH:MM:SS,rejeitar_datetime_futuro_ou_fora_de_2015_2024,true,passo_de_revisao_humana;nenhuma_execucao_automatica
MV2_DATA_01_TGT_00111_STEP_06,MV2_DATA_01_TGT_00111,67bb88f906913200,REC_00355,Recife,6,copiar o MGRS_TILE,MGRS_TILE_da_imagem,TXXLLL_ex_T25M...,nao_usar_T23KPR_nem_tile_por_zona_como_vinculo_automatico,true,passo_de_revisao_humana;nenhuma_execucao_automatica
MV2_DATA_01_TGT_00111_STEP_07,MV2_DATA_01_TGT_00111,67bb88f906913200,REC_00355,Recife,7,copiar o CLOUDY_PIXEL_PERCENTAGE,CLOUDY_PIXEL_PERCENTAGE,float_0_a_100,nao_inventar_cobertura_de_nuvem,false,passo_de_revisao_humana;nenhuma_execucao_automatica
MV2_DATA_01_TGT_00111_STEP_08,MV2_DATA_01_TGT_00111,67bb88f906913200,REC_00355,Recife,8,copiar o DATATAKE_IDENTIFIER,DATATAKE_IDENTIFIER,GS2[AB]_AAAAMMDDTHHMMSS_NNNNNN_NXXYY,nao_inferir_datatake_de_outro_produto,false,passo_de_revisao_humana;nenhuma_execucao_automatica
MV2_DATA_01_TGT_00111_STEP_09,MV2_DATA_01_TGT_00111,67bb88f906913200,REC_00355,Recife,9,registrar a collection usada,id_da_colecao_GEE,COPERNICUS/S2_SR_HARMONIZED_ou_equivalente,nao_assumir_colecao_sem_evidencia,false,passo_de_revisao_humana;nenhuma_execucao_automatica
MV2_DATA_01_TGT_00111_STEP_10,MV2_DATA_01_TGT_00111,67bb88f906913200,REC_00355,Recife,10,registrar a evidencia local (export/print/log),referencia_local_da_evidencia,caminho_local_relativo_ou_id_de_evidencia,nao_publicar_raster_bruto_como_evidencia,false,passo_de_revisao_humana;nenhuma_execucao_automatica
MV2_DATA_01_TGT_00111_STEP_11,MV2_DATA_01_TGT_00111,67bb88f906913200,REC_00355,Recife,11,marcar review_status (CONFIRMED/PARTIAL/REJECTED),review_status_preenchido,CONFIRMED|PARTIAL|REJECTED,sem_revisor_nao_marcar_CONFIRMED,false,passo_de_revisao_humana;nenhuma_execucao_automatica
MV2_DATA_01_TGT_00111_STEP_12,MV2_DATA_01_TGT_00111,67bb88f906913200,REC_00355,Recife,12,nao preencher nada se nao houver evidencia,campos_vazios_quando_sem_evidencia,vazio,ausencia_de_evidencia_nunca_vira_valor_inventado_nem_negativo,true,passo_de_revisao_humana;nenhuma_execucao_automatica
MV2_DATA_01_TGT_00112_STEP_01,MV2_DATA_01_TGT_00112,5ba50ec9a949eb00,REC_00364,Recife,1,abrir o GEE Code Editor / Tasks autenticado,sessao_GEE_ativa,screenshot_ou_url_de_sessao,sem_acesso_ao_GEE_nao_prossegue,true,passo_de_revisao_humana;nenhuma_execucao_automatica
MV2_DATA_01_TGT_00112_STEP_02,MV2_DATA_01_TGT_00112,5ba50ec9a949eb00,REC_00364,Recife,2,localizar o script/export task original deste patch,nome_do_script_ou_export_task,texto_export_task_name_ou_caminho_de_script,nao_inferir_export_por_nome_de_arquivo_de_patch,true,passo_de_revisao_humana;nenhuma_execucao_automatica
MV2_DATA_01_TGT_00112_STEP_03,MV2_DATA_01_TGT_00112,5ba50ec9a949eb00,REC_00364,Recife,3,localizar a imagem Sentinel-2 efetivamente usada,image_id_da_colecao_S2,ee_image_id_ou_system_index,nao_assumir_imagem_por_cidade_regiao_ou_tile,true,passo_de_revisao_humana;nenhuma_execucao_automatica
MV2_DATA_01_TGT_00112_STEP_04,MV2_DATA_01_TGT_00112,5ba50ec9a949eb00,REC_00364,Recife,4,copiar o PRODUCT_ID,PRODUCT_ID_da_imagem,S2[AB]_MSIL2A_AAAAMMDDTHHMMSS_..._TXXYYY_AAAAMMDDTHHMMSS,nao_aceitar_PRODUCT_ID_sem_origem_GEE,true,passo_de_revisao_humana;nenhuma_execucao_automatica
MV2_DATA_01_TGT_00112_STEP_05,MV2_DATA_01_TGT_00112,5ba50ec9a949eb00,REC_00364,Recife,5,copiar o acquisition datetime,system_time_start_convertido_para_ISO,AAAA-MM-DDTHH:MM:SS,rejeitar_datetime_futuro_ou_fora_de_2015_2024,true,passo_de_revisao_humana;nenhuma_execucao_automatica
MV2_DATA_01_TGT_00112_STEP_06,MV2_DATA_01_TGT_00112,5ba50ec9a949eb00,REC_00364,Recife,6,copiar o MGRS_TILE,MGRS_TILE_da_imagem,TXXLLL_ex_T25M...,nao_usar_T23KPR_nem_tile_por_zona_como_vinculo_automatico,true,passo_de_revisao_humana;nenhuma_execucao_automatica
MV2_DATA_01_TGT_00112_STEP_07,MV2_DATA_01_TGT_00112,5ba50ec9a949eb00,REC_00364,Recife,7,copiar o CLOUDY_PIXEL_PERCENTAGE,CLOUDY_PIXEL_PERCENTAGE,float_0_a_100,nao_inventar_cobertura_de_nuvem,false,passo_de_revisao_humana;nenhuma_execucao_automatica
MV2_DATA_01_TGT_00112_STEP_08,MV2_DATA_01_TGT_00112,5ba50ec9a949eb00,REC_00364,Recife,8,copiar o DATATAKE_IDENTIFIER,DATATAKE_IDENTIFIER,GS2[AB]_AAAAMMDDTHHMMSS_NNNNNN_NXXYY,nao_inferir_datatake_de_outro_produto,false,passo_de_revisao_humana;nenhuma_execucao_automatica
MV2_DATA_01_TGT_00112_STEP_09,MV2_DATA_01_TGT_00112,5ba50ec9a949eb00,REC_00364,Recife,9,registrar a collection usada,id_da_colecao_GEE,COPERNICUS/S2_SR_HARMONIZED_ou_equivalente,nao_assumir_colecao_sem_evidencia,false,passo_de_revisao_humana;nenhuma_execucao_automatica
MV2_DATA_01_TGT_00112_STEP_10,MV2_DATA_01_TGT_00112,5ba50ec9a949eb00,REC_00364,Recife,10,registrar a evidencia local (export/print/log),referencia_local_da_evidencia,caminho_local_relativo_ou_id_de_evidencia,nao_publicar_raster_bruto_como_evidencia,false,passo_de_revisao_humana;nenhuma_execucao_automatica
MV2_DATA_01_TGT_00112_STEP_11,MV2_DATA_01_TGT_00112,5ba50ec9a949eb00,REC_00364,Recife,11,marcar review_status (CONFIRMED/PARTIAL/REJECTED),review_status_preenchido,CONFIRMED|PARTIAL|REJECTED,sem_revisor_nao_marcar_CONFIRMED,false,passo_de_revisao_humana;nenhuma_execucao_automatica
MV2_DATA_01_TGT_00112_STEP_12,MV2_DATA_01_TGT_00112,5ba50ec9a949eb00,REC_00364,Recife,12,nao preencher nada se nao houver evidencia,campos_vazios_quando_sem_evidencia,vazio,ausencia_de_evidencia_nunca_vira_valor_inventado_nem_negativo,true,passo_de_revisao_humana;nenhuma_execucao_automatica
MV2_DATA_01_TGT_00113_STEP_01,MV2_DATA_01_TGT_00113,e52c3555a905d99c,REC_00388,Recife,1,abrir o GEE Code Editor / Tasks autenticado,sessao_GEE_ativa,screenshot_ou_url_de_sessao,sem_acesso_ao_GEE_nao_prossegue,true,passo_de_revisao_humana;nenhuma_execucao_automatica
MV2_DATA_01_TGT_00113_STEP_02,MV2_DATA_01_TGT_00113,e52c3555a905d99c,REC_00388,Recife,2,localizar o script/export task original deste patch,nome_do_script_ou_export_task,texto_export_task_name_ou_caminho_de_script,nao_inferir_export_por_nome_de_arquivo_de_patch,true,passo_de_revisao_humana;nenhuma_execucao_automatica
MV2_DATA_01_TGT_00113_STEP_03,MV2_DATA_01_TGT_00113,e52c3555a905d99c,REC_00388,Recife,3,localizar a imagem Sentinel-2 efetivamente usada,image_id_da_colecao_S2,ee_image_id_ou_system_index,nao_assumir_imagem_por_cidade_regiao_ou_tile,true,passo_de_revisao_humana;nenhuma_execucao_automatica
MV2_DATA_01_TGT_00113_STEP_04,MV2_DATA_01_TGT_00113,e52c3555a905d99c,REC_00388,Recife,4,copiar o PRODUCT_ID,PRODUCT_ID_da_imagem,S2[AB]_MSIL2A_AAAAMMDDTHHMMSS_..._TXXYYY_AAAAMMDDTHHMMSS,nao_aceitar_PRODUCT_ID_sem_origem_GEE,true,passo_de_revisao_humana;nenhuma_execucao_automatica
MV2_DATA_01_TGT_00113_STEP_05,MV2_DATA_01_TGT_00113,e52c3555a905d99c,REC_00388,Recife,5,copiar o acquisition datetime,system_time_start_convertido_para_ISO,AAAA-MM-DDTHH:MM:SS,rejeitar_datetime_futuro_ou_fora_de_2015_2024,true,passo_de_revisao_humana;nenhuma_execucao_automatica
MV2_DATA_01_TGT_00113_STEP_06,MV2_DATA_01_TGT_00113,e52c3555a905d99c,REC_00388,Recife,6,copiar o MGRS_TILE,MGRS_TILE_da_imagem,TXXLLL_ex_T25M...,nao_usar_T23KPR_nem_tile_por_zona_como_vinculo_automatico,true,passo_de_revisao_humana;nenhuma_execucao_automatica
MV2_DATA_01_TGT_00113_STEP_07,MV2_DATA_01_TGT_00113,e52c3555a905d99c,REC_00388,Recife,7,copiar o CLOUDY_PIXEL_PERCENTAGE,CLOUDY_PIXEL_PERCENTAGE,float_0_a_100,nao_inventar_cobertura_de_nuvem,false,passo_de_revisao_humana;nenhuma_execucao_automatica
MV2_DATA_01_TGT_00113_STEP_08,MV2_DATA_01_TGT_00113,e52c3555a905d99c,REC_00388,Recife,8,copiar o DATATAKE_IDENTIFIER,DATATAKE_IDENTIFIER,GS2[AB]_AAAAMMDDTHHMMSS_NNNNNN_NXXYY,nao_inferir_datatake_de_outro_produto,false,passo_de_revisao_humana;nenhuma_execucao_automatica
MV2_DATA_01_TGT_00113_STEP_09,MV2_DATA_01_TGT_00113,e52c3555a905d99c,REC_00388,Recife,9,registrar a collection usada,id_da_colecao_GEE,COPERNICUS/S2_SR_HARMONIZED_ou_equivalente,nao_assumir_colecao_sem_evidencia,false,passo_de_revisao_humana;nenhuma_execucao_automatica
MV2_DATA_01_TGT_00113_STEP_10,MV2_DATA_01_TGT_00113,e52c3555a905d99c,REC_00388,Recife,10,registrar a evidencia local (export/print/log),referencia_local_da_evidencia,caminho_local_relativo_ou_id_de_evidencia,nao_publicar_raster_bruto_como_evidencia,false,passo_de_revisao_humana;nenhuma_execucao_automatica
MV2_DATA_01_TGT_00113_STEP_11,MV2_DATA_01_TGT_00113,e52c3555a905d99c,REC_00388,Recife,11,marcar review_status (CONFIRMED/PARTIAL/REJECTED),review_status_preenchido,CONFIRMED|PARTIAL|REJECTED,sem_revisor_nao_marcar_CONFIRMED,false,passo_de_revisao_humana;nenhuma_execucao_automatica
MV2_DATA_01_TGT_00113_STEP_12,MV2_DATA_01_TGT_00113,e52c3555a905d99c,REC_00388,Recife,12,nao preencher nada se nao houver evidencia,campos_vazios_quando_sem_evidencia,vazio,ausencia_de_evidencia_nunca_vira_valor_inventado_nem_negativo,true,passo_de_revisao_humana;nenhuma_execucao_automatica
MV2_DATA_01_TGT_00114_STEP_01,MV2_DATA_01_TGT_00114,41a529bc87c11fdc,REC_00458,Recife,1,abrir o GEE Code Editor / Tasks autenticado,sessao_GEE_ativa,screenshot_ou_url_de_sessao,sem_acesso_ao_GEE_nao_prossegue,true,passo_de_revisao_humana;nenhuma_execucao_automatica
MV2_DATA_01_TGT_00114_STEP_02,MV2_DATA_01_TGT_00114,41a529bc87c11fdc,REC_00458,Recife,2,localizar o script/export task original deste patch,nome_do_script_ou_export_task,texto_export_task_name_ou_caminho_de_script,nao_inferir_export_por_nome_de_arquivo_de_patch,true,passo_de_revisao_humana;nenhuma_execucao_automatica
MV2_DATA_01_TGT_00114_STEP_03,MV2_DATA_01_TGT_00114,41a529bc87c11fdc,REC_00458,Recife,3,localizar a imagem Sentinel-2 efetivamente usada,image_id_da_colecao_S2,ee_image_id_ou_system_index,nao_assumir_imagem_por_cidade_regiao_ou_tile,true,passo_de_revisao_humana;nenhuma_execucao_automatica
MV2_DATA_01_TGT_00114_STEP_04,MV2_DATA_01_TGT_00114,41a529bc87c11fdc,REC_00458,Recife,4,copiar o PRODUCT_ID,PRODUCT_ID_da_imagem,S2[AB]_MSIL2A_AAAAMMDDTHHMMSS_..._TXXYYY_AAAAMMDDTHHMMSS,nao_aceitar_PRODUCT_ID_sem_origem_GEE,true,passo_de_revisao_humana;nenhuma_execucao_automatica
MV2_DATA_01_TGT_00114_STEP_05,MV2_DATA_01_TGT_00114,41a529bc87c11fdc,REC_00458,Recife,5,copiar o acquisition datetime,system_time_start_convertido_para_ISO,AAAA-MM-DDTHH:MM:SS,rejeitar_datetime_futuro_ou_fora_de_2015_2024,true,passo_de_revisao_humana;nenhuma_execucao_automatica
MV2_DATA_01_TGT_00114_STEP_06,MV2_DATA_01_TGT_00114,41a529bc87c11fdc,REC_00458,Recife,6,copiar o MGRS_TILE,MGRS_TILE_da_imagem,TXXLLL_ex_T25M...,nao_usar_T23KPR_nem_tile_por_zona_como_vinculo_automatico,true,passo_de_revisao_humana;nenhuma_execucao_automatica
MV2_DATA_01_TGT_00114_STEP_07,MV2_DATA_01_TGT_00114,41a529bc87c11fdc,REC_00458,Recife,7,copiar o CLOUDY_PIXEL_PERCENTAGE,CLOUDY_PIXEL_PERCENTAGE,float_0_a_100,nao_inventar_cobertura_de_nuvem,false,passo_de_revisao_humana;nenhuma_execucao_automatica
MV2_DATA_01_TGT_00114_STEP_08,MV2_DATA_01_TGT_00114,41a529bc87c11fdc,REC_00458,Recife,8,copiar o DATATAKE_IDENTIFIER,DATATAKE_IDENTIFIER,GS2[AB]_AAAAMMDDTHHMMSS_NNNNNN_NXXYY,nao_inferir_datatake_de_outro_produto,false,passo_de_revisao_humana;nenhuma_execucao_automatica
MV2_DATA_01_TGT_00114_STEP_09,MV2_DATA_01_TGT_00114,41a529bc87c11fdc,REC_00458,Recife,9,registrar a collection usada,id_da_colecao_GEE,COPERNICUS/S2_SR_HARMONIZED_ou_equivalente,nao_assumir_colecao_sem_evidencia,false,passo_de_revisao_humana;nenhuma_execucao_automatica
MV2_DATA_01_TGT_00114_STEP_10,MV2_DATA_01_TGT_00114,41a529bc87c11fdc,REC_00458,Recife,10,registrar a evidencia local (export/print/log),referencia_local_da_evidencia,caminho_local_relativo_ou_id_de_evidencia,nao_publicar_raster_bruto_como_evidencia,false,passo_de_revisao_humana;nenhuma_execucao_automatica
MV2_DATA_01_TGT_00114_STEP_11,MV2_DATA_01_TGT_00114,41a529bc87c11fdc,REC_00458,Recife,11,marcar review_status (CONFIRMED/PARTIAL/REJECTED),review_status_preenchido,CONFIRMED|PARTIAL|REJECTED,sem_revisor_nao_marcar_CONFIRMED,false,passo_de_revisao_humana;nenhuma_execucao_automatica
MV2_DATA_01_TGT_00114_STEP_12,MV2_DATA_01_TGT_00114,41a529bc87c11fdc,REC_00458,Recife,12,nao preencher nada se nao houver evidencia,campos_vazios_quando_sem_evidencia,vazio,ausencia_de_evidencia_nunca_vira_valor_inventado_nem_negativo,true,passo_de_revisao_humana;nenhuma_execucao_automatica
MV2_DATA_01_TGT_00115_STEP_01,MV2_DATA_01_TGT_00115,fdb61fdcfde4bc2e,REC_00460,Recife,1,abrir o GEE Code Editor / Tasks autenticado,sessao_GEE_ativa,screenshot_ou_url_de_sessao,sem_acesso_ao_GEE_nao_prossegue,true,passo_de_revisao_humana;nenhuma_execucao_automatica
MV2_DATA_01_TGT_00115_STEP_02,MV2_DATA_01_TGT_00115,fdb61fdcfde4bc2e,REC_00460,Recife,2,localizar o script/export task original deste patch,nome_do_script_ou_export_task,texto_export_task_name_ou_caminho_de_script,nao_inferir_export_por_nome_de_arquivo_de_patch,true,passo_de_revisao_humana;nenhuma_execucao_automatica
MV2_DATA_01_TGT_00115_STEP_03,MV2_DATA_01_TGT_00115,fdb61fdcfde4bc2e,REC_00460,Recife,3,localizar a imagem Sentinel-2 efetivamente usada,image_id_da_colecao_S2,ee_image_id_ou_system_index,nao_assumir_imagem_por_cidade_regiao_ou_tile,true,passo_de_revisao_humana;nenhuma_execucao_automatica
MV2_DATA_01_TGT_00115_STEP_04,MV2_DATA_01_TGT_00115,fdb61fdcfde4bc2e,REC_00460,Recife,4,copiar o PRODUCT_ID,PRODUCT_ID_da_imagem,S2[AB]_MSIL2A_AAAAMMDDTHHMMSS_..._TXXYYY_AAAAMMDDTHHMMSS,nao_aceitar_PRODUCT_ID_sem_origem_GEE,true,passo_de_revisao_humana;nenhuma_execucao_automatica
MV2_DATA_01_TGT_00115_STEP_05,MV2_DATA_01_TGT_00115,fdb61fdcfde4bc2e,REC_00460,Recife,5,copiar o acquisition datetime,system_time_start_convertido_para_ISO,AAAA-MM-DDTHH:MM:SS,rejeitar_datetime_futuro_ou_fora_de_2015_2024,true,passo_de_revisao_humana;nenhuma_execucao_automatica
MV2_DATA_01_TGT_00115_STEP_06,MV2_DATA_01_TGT_00115,fdb61fdcfde4bc2e,REC_00460,Recife,6,copiar o MGRS_TILE,MGRS_TILE_da_imagem,TXXLLL_ex_T25M...,nao_usar_T23KPR_nem_tile_por_zona_como_vinculo_automatico,true,passo_de_revisao_humana;nenhuma_execucao_automatica
MV2_DATA_01_TGT_00115_STEP_07,MV2_DATA_01_TGT_00115,fdb61fdcfde4bc2e,REC_00460,Recife,7,copiar o CLOUDY_PIXEL_PERCENTAGE,CLOUDY_PIXEL_PERCENTAGE,float_0_a_100,nao_inventar_cobertura_de_nuvem,false,passo_de_revisao_humana;nenhuma_execucao_automatica
MV2_DATA_01_TGT_00115_STEP_08,MV2_DATA_01_TGT_00115,fdb61fdcfde4bc2e,REC_00460,Recife,8,copiar o DATATAKE_IDENTIFIER,DATATAKE_IDENTIFIER,GS2[AB]_AAAAMMDDTHHMMSS_NNNNNN_NXXYY,nao_inferir_datatake_de_outro_produto,false,passo_de_revisao_humana;nenhuma_execucao_automatica
MV2_DATA_01_TGT_00115_STEP_09,MV2_DATA_01_TGT_00115,fdb61fdcfde4bc2e,REC_00460,Recife,9,registrar a collection usada,id_da_colecao_GEE,COPERNICUS/S2_SR_HARMONIZED_ou_equivalente,nao_assumir_colecao_sem_evidencia,false,passo_de_revisao_humana;nenhuma_execucao_automatica
MV2_DATA_01_TGT_00115_STEP_10,MV2_DATA_01_TGT_00115,fdb61fdcfde4bc2e,REC_00460,Recife,10,registrar a evidencia local (export/print/log),referencia_local_da_evidencia,caminho_local_relativo_ou_id_de_evidencia,nao_publicar_raster_bruto_como_evidencia,false,passo_de_revisao_humana;nenhuma_execucao_automatica
MV2_DATA_01_TGT_00115_STEP_11,MV2_DATA_01_TGT_00115,fdb61fdcfde4bc2e,REC_00460,Recife,11,marcar review_status (CONFIRMED/PARTIAL/REJECTED),review_status_preenchido,CONFIRMED|PARTIAL|REJECTED,sem_revisor_nao_marcar_CONFIRMED,false,passo_de_revisao_humana;nenhuma_execucao_automatica
MV2_DATA_01_TGT_00115_STEP_12,MV2_DATA_01_TGT_00115,fdb61fdcfde4bc2e,REC_00460,Recife,12,nao preencher nada se nao houver evidencia,campos_vazios_quando_sem_evidencia,vazio,ausencia_de_evidencia_nunca_vira_valor_inventado_nem_negativo,true,passo_de_revisao_humana;nenhuma_execucao_automatica
MV2_DATA_01_TGT_00116_STEP_01,MV2_DATA_01_TGT_00116,a79efe7351aa4752,REC_00481,Recife,1,abrir o GEE Code Editor / Tasks autenticado,sessao_GEE_ativa,screenshot_ou_url_de_sessao,sem_acesso_ao_GEE_nao_prossegue,true,passo_de_revisao_humana;nenhuma_execucao_automatica
MV2_DATA_01_TGT_00116_STEP_02,MV2_DATA_01_TGT_00116,a79efe7351aa4752,REC_00481,Recife,2,localizar o script/export task original deste patch,nome_do_script_ou_export_task,texto_export_task_name_ou_caminho_de_script,nao_inferir_export_por_nome_de_arquivo_de_patch,true,passo_de_revisao_humana;nenhuma_execucao_automatica
MV2_DATA_01_TGT_00116_STEP_03,MV2_DATA_01_TGT_00116,a79efe7351aa4752,REC_00481,Recife,3,localizar a imagem Sentinel-2 efetivamente usada,image_id_da_colecao_S2,ee_image_id_ou_system_index,nao_assumir_imagem_por_cidade_regiao_ou_tile,true,passo_de_revisao_humana;nenhuma_execucao_automatica
MV2_DATA_01_TGT_00116_STEP_04,MV2_DATA_01_TGT_00116,a79efe7351aa4752,REC_00481,Recife,4,copiar o PRODUCT_ID,PRODUCT_ID_da_imagem,S2[AB]_MSIL2A_AAAAMMDDTHHMMSS_..._TXXYYY_AAAAMMDDTHHMMSS,nao_aceitar_PRODUCT_ID_sem_origem_GEE,true,passo_de_revisao_humana;nenhuma_execucao_automatica
MV2_DATA_01_TGT_00116_STEP_05,MV2_DATA_01_TGT_00116,a79efe7351aa4752,REC_00481,Recife,5,copiar o acquisition datetime,system_time_start_convertido_para_ISO,AAAA-MM-DDTHH:MM:SS,rejeitar_datetime_futuro_ou_fora_de_2015_2024,true,passo_de_revisao_humana;nenhuma_execucao_automatica
MV2_DATA_01_TGT_00116_STEP_06,MV2_DATA_01_TGT_00116,a79efe7351aa4752,REC_00481,Recife,6,copiar o MGRS_TILE,MGRS_TILE_da_imagem,TXXLLL_ex_T25M...,nao_usar_T23KPR_nem_tile_por_zona_como_vinculo_automatico,true,passo_de_revisao_humana;nenhuma_execucao_automatica
MV2_DATA_01_TGT_00116_STEP_07,MV2_DATA_01_TGT_00116,a79efe7351aa4752,REC_00481,Recife,7,copiar o CLOUDY_PIXEL_PERCENTAGE,CLOUDY_PIXEL_PERCENTAGE,float_0_a_100,nao_inventar_cobertura_de_nuvem,false,passo_de_revisao_humana;nenhuma_execucao_automatica
MV2_DATA_01_TGT_00116_STEP_08,MV2_DATA_01_TGT_00116,a79efe7351aa4752,REC_00481,Recife,8,copiar o DATATAKE_IDENTIFIER,DATATAKE_IDENTIFIER,GS2[AB]_AAAAMMDDTHHMMSS_NNNNNN_NXXYY,nao_inferir_datatake_de_outro_produto,false,passo_de_revisao_humana;nenhuma_execucao_automatica
MV2_DATA_01_TGT_00116_STEP_09,MV2_DATA_01_TGT_00116,a79efe7351aa4752,REC_00481,Recife,9,registrar a collection usada,id_da_colecao_GEE,COPERNICUS/S2_SR_HARMONIZED_ou_equivalente,nao_assumir_colecao_sem_evidencia,false,passo_de_revisao_humana;nenhuma_execucao_automatica
MV2_DATA_01_TGT_00116_STEP_10,MV2_DATA_01_TGT_00116,a79efe7351aa4752,REC_00481,Recife,10,registrar a evidencia local (export/print/log),referencia_local_da_evidencia,caminho_local_relativo_ou_id_de_evidencia,nao_publicar_raster_bruto_como_evidencia,false,passo_de_revisao_humana;nenhuma_execucao_automatica
MV2_DATA_01_TGT_00116_STEP_11,MV2_DATA_01_TGT_00116,a79efe7351aa4752,REC_00481,Recife,11,marcar review_status (CONFIRMED/PARTIAL/REJECTED),review_status_preenchido,CONFIRMED|PARTIAL|REJECTED,sem_revisor_nao_marcar_CONFIRMED,false,passo_de_revisao_humana;nenhuma_execucao_automatica
MV2_DATA_01_TGT_00116_STEP_12,MV2_DATA_01_TGT_00116,a79efe7351aa4752,REC_00481,Recife,12,nao preencher nada se nao houver evidencia,campos_vazios_quando_sem_evidencia,vazio,ausencia_de_evidencia_nunca_vira_valor_inventado_nem_negativo,true,passo_de_revisao_humana;nenhuma_execucao_automatica
MV2_DATA_01_TGT_00117_STEP_01,MV2_DATA_01_TGT_00117,c03d1988bd9bb68e,REC_00482,Recife,1,abrir o GEE Code Editor / Tasks autenticado,sessao_GEE_ativa,screenshot_ou_url_de_sessao,sem_acesso_ao_GEE_nao_prossegue,true,passo_de_revisao_humana;nenhuma_execucao_automatica
MV2_DATA_01_TGT_00117_STEP_02,MV2_DATA_01_TGT_00117,c03d1988bd9bb68e,REC_00482,Recife,2,localizar o script/export task original deste patch,nome_do_script_ou_export_task,texto_export_task_name_ou_caminho_de_script,nao_inferir_export_por_nome_de_arquivo_de_patch,true,passo_de_revisao_humana;nenhuma_execucao_automatica
MV2_DATA_01_TGT_00117_STEP_03,MV2_DATA_01_TGT_00117,c03d1988bd9bb68e,REC_00482,Recife,3,localizar a imagem Sentinel-2 efetivamente usada,image_id_da_colecao_S2,ee_image_id_ou_system_index,nao_assumir_imagem_por_cidade_regiao_ou_tile,true,passo_de_revisao_humana;nenhuma_execucao_automatica
MV2_DATA_01_TGT_00117_STEP_04,MV2_DATA_01_TGT_00117,c03d1988bd9bb68e,REC_00482,Recife,4,copiar o PRODUCT_ID,PRODUCT_ID_da_imagem,S2[AB]_MSIL2A_AAAAMMDDTHHMMSS_..._TXXYYY_AAAAMMDDTHHMMSS,nao_aceitar_PRODUCT_ID_sem_origem_GEE,true,passo_de_revisao_humana;nenhuma_execucao_automatica
MV2_DATA_01_TGT_00117_STEP_05,MV2_DATA_01_TGT_00117,c03d1988bd9bb68e,REC_00482,Recife,5,copiar o acquisition datetime,system_time_start_convertido_para_ISO,AAAA-MM-DDTHH:MM:SS,rejeitar_datetime_futuro_ou_fora_de_2015_2024,true,passo_de_revisao_humana;nenhuma_execucao_automatica
MV2_DATA_01_TGT_00117_STEP_06,MV2_DATA_01_TGT_00117,c03d1988bd9bb68e,REC_00482,Recife,6,copiar o MGRS_TILE,MGRS_TILE_da_imagem,TXXLLL_ex_T25M...,nao_usar_T23KPR_nem_tile_por_zona_como_vinculo_automatico,true,passo_de_revisao_humana;nenhuma_execucao_automatica
MV2_DATA_01_TGT_00117_STEP_07,MV2_DATA_01_TGT_00117,c03d1988bd9bb68e,REC_00482,Recife,7,copiar o CLOUDY_PIXEL_PERCENTAGE,CLOUDY_PIXEL_PERCENTAGE,float_0_a_100,nao_inventar_cobertura_de_nuvem,false,passo_de_revisao_humana;nenhuma_execucao_automatica
MV2_DATA_01_TGT_00117_STEP_08,MV2_DATA_01_TGT_00117,c03d1988bd9bb68e,REC_00482,Recife,8,copiar o DATATAKE_IDENTIFIER,DATATAKE_IDENTIFIER,GS2[AB]_AAAAMMDDTHHMMSS_NNNNNN_NXXYY,nao_inferir_datatake_de_outro_produto,false,passo_de_revisao_humana;nenhuma_execucao_automatica
MV2_DATA_01_TGT_00117_STEP_09,MV2_DATA_01_TGT_00117,c03d1988bd9bb68e,REC_00482,Recife,9,registrar a collection usada,id_da_colecao_GEE,COPERNICUS/S2_SR_HARMONIZED_ou_equivalente,nao_assumir_colecao_sem_evidencia,false,passo_de_revisao_humana;nenhuma_execucao_automatica
MV2_DATA_01_TGT_00117_STEP_10,MV2_DATA_01_TGT_00117,c03d1988bd9bb68e,REC_00482,Recife,10,registrar a evidencia local (export/print/log),referencia_local_da_evidencia,caminho_local_relativo_ou_id_de_evidencia,nao_publicar_raster_bruto_como_evidencia,false,passo_de_revisao_humana;nenhuma_execucao_automatica
MV2_DATA_01_TGT_00117_STEP_11,MV2_DATA_01_TGT_00117,c03d1988bd9bb68e,REC_00482,Recife,11,marcar review_status (CONFIRMED/PARTIAL/REJECTED),review_status_preenchido,CONFIRMED|PARTIAL|REJECTED,sem_revisor_nao_marcar_CONFIRMED,false,passo_de_revisao_humana;nenhuma_execucao_automatica
MV2_DATA_01_TGT_00117_STEP_12,MV2_DATA_01_TGT_00117,c03d1988bd9bb68e,REC_00482,Recife,12,nao preencher nada se nao houver evidencia,campos_vazios_quando_sem_evidencia,vazio,ausencia_de_evidencia_nunca_vira_valor_inventado_nem_negativo,true,passo_de_revisao_humana;nenhuma_execucao_automatica
MV2_DATA_01_TGT_00118_STEP_01,MV2_DATA_01_TGT_00118,90d4c51a5b642169,REC_00483,Recife,1,abrir o GEE Code Editor / Tasks autenticado,sessao_GEE_ativa,screenshot_ou_url_de_sessao,sem_acesso_ao_GEE_nao_prossegue,true,passo_de_revisao_humana;nenhuma_execucao_automatica
MV2_DATA_01_TGT_00118_STEP_02,MV2_DATA_01_TGT_00118,90d4c51a5b642169,REC_00483,Recife,2,localizar o script/export task original deste patch,nome_do_script_ou_export_task,texto_export_task_name_ou_caminho_de_script,nao_inferir_export_por_nome_de_arquivo_de_patch,true,passo_de_revisao_humana;nenhuma_execucao_automatica
MV2_DATA_01_TGT_00118_STEP_03,MV2_DATA_01_TGT_00118,90d4c51a5b642169,REC_00483,Recife,3,localizar a imagem Sentinel-2 efetivamente usada,image_id_da_colecao_S2,ee_image_id_ou_system_index,nao_assumir_imagem_por_cidade_regiao_ou_tile,true,passo_de_revisao_humana;nenhuma_execucao_automatica
MV2_DATA_01_TGT_00118_STEP_04,MV2_DATA_01_TGT_00118,90d4c51a5b642169,REC_00483,Recife,4,copiar o PRODUCT_ID,PRODUCT_ID_da_imagem,S2[AB]_MSIL2A_AAAAMMDDTHHMMSS_..._TXXYYY_AAAAMMDDTHHMMSS,nao_aceitar_PRODUCT_ID_sem_origem_GEE,true,passo_de_revisao_humana;nenhuma_execucao_automatica
MV2_DATA_01_TGT_00118_STEP_05,MV2_DATA_01_TGT_00118,90d4c51a5b642169,REC_00483,Recife,5,copiar o acquisition datetime,system_time_start_convertido_para_ISO,AAAA-MM-DDTHH:MM:SS,rejeitar_datetime_futuro_ou_fora_de_2015_2024,true,passo_de_revisao_humana;nenhuma_execucao_automatica
MV2_DATA_01_TGT_00118_STEP_06,MV2_DATA_01_TGT_00118,90d4c51a5b642169,REC_00483,Recife,6,copiar o MGRS_TILE,MGRS_TILE_da_imagem,TXXLLL_ex_T25M...,nao_usar_T23KPR_nem_tile_por_zona_como_vinculo_automatico,true,passo_de_revisao_humana;nenhuma_execucao_automatica
MV2_DATA_01_TGT_00118_STEP_07,MV2_DATA_01_TGT_00118,90d4c51a5b642169,REC_00483,Recife,7,copiar o CLOUDY_PIXEL_PERCENTAGE,CLOUDY_PIXEL_PERCENTAGE,float_0_a_100,nao_inventar_cobertura_de_nuvem,false,passo_de_revisao_humana;nenhuma_execucao_automatica
MV2_DATA_01_TGT_00118_STEP_08,MV2_DATA_01_TGT_00118,90d4c51a5b642169,REC_00483,Recife,8,copiar o DATATAKE_IDENTIFIER,DATATAKE_IDENTIFIER,GS2[AB]_AAAAMMDDTHHMMSS_NNNNNN_NXXYY,nao_inferir_datatake_de_outro_produto,false,passo_de_revisao_humana;nenhuma_execucao_automatica
MV2_DATA_01_TGT_00118_STEP_09,MV2_DATA_01_TGT_00118,90d4c51a5b642169,REC_00483,Recife,9,registrar a collection usada,id_da_colecao_GEE,COPERNICUS/S2_SR_HARMONIZED_ou_equivalente,nao_assumir_colecao_sem_evidencia,false,passo_de_revisao_humana;nenhuma_execucao_automatica
MV2_DATA_01_TGT_00118_STEP_10,MV2_DATA_01_TGT_00118,90d4c51a5b642169,REC_00483,Recife,10,registrar a evidencia local (export/print/log),referencia_local_da_evidencia,caminho_local_relativo_ou_id_de_evidencia,nao_publicar_raster_bruto_como_evidencia,false,passo_de_revisao_humana;nenhuma_execucao_automatica
MV2_DATA_01_TGT_00118_STEP_11,MV2_DATA_01_TGT_00118,90d4c51a5b642169,REC_00483,Recife,11,marcar review_status (CONFIRMED/PARTIAL/REJECTED),review_status_preenchido,CONFIRMED|PARTIAL|REJECTED,sem_revisor_nao_marcar_CONFIRMED,false,passo_de_revisao_humana;nenhuma_execucao_automatica
MV2_DATA_01_TGT_00118_STEP_12,MV2_DATA_01_TGT_00118,90d4c51a5b642169,REC_00483,Recife,12,nao preencher nada se nao houver evidencia,campos_vazios_quando_sem_evidencia,vazio,ausencia_de_evidencia_nunca_vira_valor_inventado_nem_negativo,true,passo_de_revisao_humana;nenhuma_execucao_automatica
MV2_DATA_01_TGT_00119_STEP_01,MV2_DATA_01_TGT_00119,afbd733bbdabee02,REC_00501,Recife,1,abrir o GEE Code Editor / Tasks autenticado,sessao_GEE_ativa,screenshot_ou_url_de_sessao,sem_acesso_ao_GEE_nao_prossegue,true,passo_de_revisao_humana;nenhuma_execucao_automatica
MV2_DATA_01_TGT_00119_STEP_02,MV2_DATA_01_TGT_00119,afbd733bbdabee02,REC_00501,Recife,2,localizar o script/export task original deste patch,nome_do_script_ou_export_task,texto_export_task_name_ou_caminho_de_script,nao_inferir_export_por_nome_de_arquivo_de_patch,true,passo_de_revisao_humana;nenhuma_execucao_automatica
MV2_DATA_01_TGT_00119_STEP_03,MV2_DATA_01_TGT_00119,afbd733bbdabee02,REC_00501,Recife,3,localizar a imagem Sentinel-2 efetivamente usada,image_id_da_colecao_S2,ee_image_id_ou_system_index,nao_assumir_imagem_por_cidade_regiao_ou_tile,true,passo_de_revisao_humana;nenhuma_execucao_automatica
MV2_DATA_01_TGT_00119_STEP_04,MV2_DATA_01_TGT_00119,afbd733bbdabee02,REC_00501,Recife,4,copiar o PRODUCT_ID,PRODUCT_ID_da_imagem,S2[AB]_MSIL2A_AAAAMMDDTHHMMSS_..._TXXYYY_AAAAMMDDTHHMMSS,nao_aceitar_PRODUCT_ID_sem_origem_GEE,true,passo_de_revisao_humana;nenhuma_execucao_automatica
MV2_DATA_01_TGT_00119_STEP_05,MV2_DATA_01_TGT_00119,afbd733bbdabee02,REC_00501,Recife,5,copiar o acquisition datetime,system_time_start_convertido_para_ISO,AAAA-MM-DDTHH:MM:SS,rejeitar_datetime_futuro_ou_fora_de_2015_2024,true,passo_de_revisao_humana;nenhuma_execucao_automatica
MV2_DATA_01_TGT_00119_STEP_06,MV2_DATA_01_TGT_00119,afbd733bbdabee02,REC_00501,Recife,6,copiar o MGRS_TILE,MGRS_TILE_da_imagem,TXXLLL_ex_T25M...,nao_usar_T23KPR_nem_tile_por_zona_como_vinculo_automatico,true,passo_de_revisao_humana;nenhuma_execucao_automatica
MV2_DATA_01_TGT_00119_STEP_07,MV2_DATA_01_TGT_00119,afbd733bbdabee02,REC_00501,Recife,7,copiar o CLOUDY_PIXEL_PERCENTAGE,CLOUDY_PIXEL_PERCENTAGE,float_0_a_100,nao_inventar_cobertura_de_nuvem,false,passo_de_revisao_humana;nenhuma_execucao_automatica
MV2_DATA_01_TGT_00119_STEP_08,MV2_DATA_01_TGT_00119,afbd733bbdabee02,REC_00501,Recife,8,copiar o DATATAKE_IDENTIFIER,DATATAKE_IDENTIFIER,GS2[AB]_AAAAMMDDTHHMMSS_NNNNNN_NXXYY,nao_inferir_datatake_de_outro_produto,false,passo_de_revisao_humana;nenhuma_execucao_automatica
MV2_DATA_01_TGT_00119_STEP_09,MV2_DATA_01_TGT_00119,afbd733bbdabee02,REC_00501,Recife,9,registrar a collection usada,id_da_colecao_GEE,COPERNICUS/S2_SR_HARMONIZED_ou_equivalente,nao_assumir_colecao_sem_evidencia,false,passo_de_revisao_humana;nenhuma_execucao_automatica
MV2_DATA_01_TGT_00119_STEP_10,MV2_DATA_01_TGT_00119,afbd733bbdabee02,REC_00501,Recife,10,registrar a evidencia local (export/print/log),referencia_local_da_evidencia,caminho_local_relativo_ou_id_de_evidencia,nao_publicar_raster_bruto_como_evidencia,false,passo_de_revisao_humana;nenhuma_execucao_automatica
MV2_DATA_01_TGT_00119_STEP_11,MV2_DATA_01_TGT_00119,afbd733bbdabee02,REC_00501,Recife,11,marcar review_status (CONFIRMED/PARTIAL/REJECTED),review_status_preenchido,CONFIRMED|PARTIAL|REJECTED,sem_revisor_nao_marcar_CONFIRMED,false,passo_de_revisao_humana;nenhuma_execucao_automatica
MV2_DATA_01_TGT_00119_STEP_12,MV2_DATA_01_TGT_00119,afbd733bbdabee02,REC_00501,Recife,12,nao preencher nada se nao houver evidencia,campos_vazios_quando_sem_evidencia,vazio,ausencia_de_evidencia_nunca_vira_valor_inventado_nem_negativo,true,passo_de_revisao_humana;nenhuma_execucao_automatica
MV2_DATA_01_TGT_00120_STEP_01,MV2_DATA_01_TGT_00120,68c3546f05cc023c,REC_00502,Recife,1,abrir o GEE Code Editor / Tasks autenticado,sessao_GEE_ativa,screenshot_ou_url_de_sessao,sem_acesso_ao_GEE_nao_prossegue,true,passo_de_revisao_humana;nenhuma_execucao_automatica
MV2_DATA_01_TGT_00120_STEP_02,MV2_DATA_01_TGT_00120,68c3546f05cc023c,REC_00502,Recife,2,localizar o script/export task original deste patch,nome_do_script_ou_export_task,texto_export_task_name_ou_caminho_de_script,nao_inferir_export_por_nome_de_arquivo_de_patch,true,passo_de_revisao_humana;nenhuma_execucao_automatica
MV2_DATA_01_TGT_00120_STEP_03,MV2_DATA_01_TGT_00120,68c3546f05cc023c,REC_00502,Recife,3,localizar a imagem Sentinel-2 efetivamente usada,image_id_da_colecao_S2,ee_image_id_ou_system_index,nao_assumir_imagem_por_cidade_regiao_ou_tile,true,passo_de_revisao_humana;nenhuma_execucao_automatica
MV2_DATA_01_TGT_00120_STEP_04,MV2_DATA_01_TGT_00120,68c3546f05cc023c,REC_00502,Recife,4,copiar o PRODUCT_ID,PRODUCT_ID_da_imagem,S2[AB]_MSIL2A_AAAAMMDDTHHMMSS_..._TXXYYY_AAAAMMDDTHHMMSS,nao_aceitar_PRODUCT_ID_sem_origem_GEE,true,passo_de_revisao_humana;nenhuma_execucao_automatica
MV2_DATA_01_TGT_00120_STEP_05,MV2_DATA_01_TGT_00120,68c3546f05cc023c,REC_00502,Recife,5,copiar o acquisition datetime,system_time_start_convertido_para_ISO,AAAA-MM-DDTHH:MM:SS,rejeitar_datetime_futuro_ou_fora_de_2015_2024,true,passo_de_revisao_humana;nenhuma_execucao_automatica
MV2_DATA_01_TGT_00120_STEP_06,MV2_DATA_01_TGT_00120,68c3546f05cc023c,REC_00502,Recife,6,copiar o MGRS_TILE,MGRS_TILE_da_imagem,TXXLLL_ex_T25M...,nao_usar_T23KPR_nem_tile_por_zona_como_vinculo_automatico,true,passo_de_revisao_humana;nenhuma_execucao_automatica
MV2_DATA_01_TGT_00120_STEP_07,MV2_DATA_01_TGT_00120,68c3546f05cc023c,REC_00502,Recife,7,copiar o CLOUDY_PIXEL_PERCENTAGE,CLOUDY_PIXEL_PERCENTAGE,float_0_a_100,nao_inventar_cobertura_de_nuvem,false,passo_de_revisao_humana;nenhuma_execucao_automatica
MV2_DATA_01_TGT_00120_STEP_08,MV2_DATA_01_TGT_00120,68c3546f05cc023c,REC_00502,Recife,8,copiar o DATATAKE_IDENTIFIER,DATATAKE_IDENTIFIER,GS2[AB]_AAAAMMDDTHHMMSS_NNNNNN_NXXYY,nao_inferir_datatake_de_outro_produto,false,passo_de_revisao_humana;nenhuma_execucao_automatica
MV2_DATA_01_TGT_00120_STEP_09,MV2_DATA_01_TGT_00120,68c3546f05cc023c,REC_00502,Recife,9,registrar a collection usada,id_da_colecao_GEE,COPERNICUS/S2_SR_HARMONIZED_ou_equivalente,nao_assumir_colecao_sem_evidencia,false,passo_de_revisao_humana;nenhuma_execucao_automatica
MV2_DATA_01_TGT_00120_STEP_10,MV2_DATA_01_TGT_00120,68c3546f05cc023c,REC_00502,Recife,10,registrar a evidencia local (export/print/log),referencia_local_da_evidencia,caminho_local_relativo_ou_id_de_evidencia,nao_publicar_raster_bruto_como_evidencia,false,passo_de_revisao_humana;nenhuma_execucao_automatica
MV2_DATA_01_TGT_00120_STEP_11,MV2_DATA_01_TGT_00120,68c3546f05cc023c,REC_00502,Recife,11,marcar review_status (CONFIRMED/PARTIAL/REJECTED),review_status_preenchido,CONFIRMED|PARTIAL|REJECTED,sem_revisor_nao_marcar_CONFIRMED,false,passo_de_revisao_humana;nenhuma_execucao_automatica
MV2_DATA_01_TGT_00120_STEP_12,MV2_DATA_01_TGT_00120,68c3546f05cc023c,REC_00502,Recife,12,nao preencher nada se nao houver evidencia,campos_vazios_quando_sem_evidencia,vazio,ausencia_de_evidencia_nunca_vira_valor_inventado_nem_negativo,true,passo_de_revisao_humana;nenhuma_execucao_automatica
MV2_DATA_01_TGT_00121_STEP_01,MV2_DATA_01_TGT_00121,59f4370d80a27e1d,REC_00503,Recife,1,abrir o GEE Code Editor / Tasks autenticado,sessao_GEE_ativa,screenshot_ou_url_de_sessao,sem_acesso_ao_GEE_nao_prossegue,true,passo_de_revisao_humana;nenhuma_execucao_automatica
MV2_DATA_01_TGT_00121_STEP_02,MV2_DATA_01_TGT_00121,59f4370d80a27e1d,REC_00503,Recife,2,localizar o script/export task original deste patch,nome_do_script_ou_export_task,texto_export_task_name_ou_caminho_de_script,nao_inferir_export_por_nome_de_arquivo_de_patch,true,passo_de_revisao_humana;nenhuma_execucao_automatica
MV2_DATA_01_TGT_00121_STEP_03,MV2_DATA_01_TGT_00121,59f4370d80a27e1d,REC_00503,Recife,3,localizar a imagem Sentinel-2 efetivamente usada,image_id_da_colecao_S2,ee_image_id_ou_system_index,nao_assumir_imagem_por_cidade_regiao_ou_tile,true,passo_de_revisao_humana;nenhuma_execucao_automatica
MV2_DATA_01_TGT_00121_STEP_04,MV2_DATA_01_TGT_00121,59f4370d80a27e1d,REC_00503,Recife,4,copiar o PRODUCT_ID,PRODUCT_ID_da_imagem,S2[AB]_MSIL2A_AAAAMMDDTHHMMSS_..._TXXYYY_AAAAMMDDTHHMMSS,nao_aceitar_PRODUCT_ID_sem_origem_GEE,true,passo_de_revisao_humana;nenhuma_execucao_automatica
MV2_DATA_01_TGT_00121_STEP_05,MV2_DATA_01_TGT_00121,59f4370d80a27e1d,REC_00503,Recife,5,copiar o acquisition datetime,system_time_start_convertido_para_ISO,AAAA-MM-DDTHH:MM:SS,rejeitar_datetime_futuro_ou_fora_de_2015_2024,true,passo_de_revisao_humana;nenhuma_execucao_automatica
MV2_DATA_01_TGT_00121_STEP_06,MV2_DATA_01_TGT_00121,59f4370d80a27e1d,REC_00503,Recife,6,copiar o MGRS_TILE,MGRS_TILE_da_imagem,TXXLLL_ex_T25M...,nao_usar_T23KPR_nem_tile_por_zona_como_vinculo_automatico,true,passo_de_revisao_humana;nenhuma_execucao_automatica
MV2_DATA_01_TGT_00121_STEP_07,MV2_DATA_01_TGT_00121,59f4370d80a27e1d,REC_00503,Recife,7,copiar o CLOUDY_PIXEL_PERCENTAGE,CLOUDY_PIXEL_PERCENTAGE,float_0_a_100,nao_inventar_cobertura_de_nuvem,false,passo_de_revisao_humana;nenhuma_execucao_automatica
MV2_DATA_01_TGT_00121_STEP_08,MV2_DATA_01_TGT_00121,59f4370d80a27e1d,REC_00503,Recife,8,copiar o DATATAKE_IDENTIFIER,DATATAKE_IDENTIFIER,GS2[AB]_AAAAMMDDTHHMMSS_NNNNNN_NXXYY,nao_inferir_datatake_de_outro_produto,false,passo_de_revisao_humana;nenhuma_execucao_automatica
MV2_DATA_01_TGT_00121_STEP_09,MV2_DATA_01_TGT_00121,59f4370d80a27e1d,REC_00503,Recife,9,registrar a collection usada,id_da_colecao_GEE,COPERNICUS/S2_SR_HARMONIZED_ou_equivalente,nao_assumir_colecao_sem_evidencia,false,passo_de_revisao_humana;nenhuma_execucao_automatica
MV2_DATA_01_TGT_00121_STEP_10,MV2_DATA_01_TGT_00121,59f4370d80a27e1d,REC_00503,Recife,10,registrar a evidencia local (export/print/log),referencia_local_da_evidencia,caminho_local_relativo_ou_id_de_evidencia,nao_publicar_raster_bruto_como_evidencia,false,passo_de_revisao_humana;nenhuma_execucao_automatica
MV2_DATA_01_TGT_00121_STEP_11,MV2_DATA_01_TGT_00121,59f4370d80a27e1d,REC_00503,Recife,11,marcar review_status (CONFIRMED/PARTIAL/REJECTED),review_status_preenchido,CONFIRMED|PARTIAL|REJECTED,sem_revisor_nao_marcar_CONFIRMED,false,passo_de_revisao_humana;nenhuma_execucao_automatica
MV2_DATA_01_TGT_00121_STEP_12,MV2_DATA_01_TGT_00121,59f4370d80a27e1d,REC_00503,Recife,12,nao preencher nada se nao houver evidencia,campos_vazios_quando_sem_evidencia,vazio,ausencia_de_evidencia_nunca_vira_valor_inventado_nem_negativo,true,passo_de_revisao_humana;nenhuma_execucao_automatica
MV2_DATA_01_TGT_00122_STEP_01,MV2_DATA_01_TGT_00122,d2283f0776744467,REC_00505,Recife,1,abrir o GEE Code Editor / Tasks autenticado,sessao_GEE_ativa,screenshot_ou_url_de_sessao,sem_acesso_ao_GEE_nao_prossegue,true,passo_de_revisao_humana;nenhuma_execucao_automatica
MV2_DATA_01_TGT_00122_STEP_02,MV2_DATA_01_TGT_00122,d2283f0776744467,REC_00505,Recife,2,localizar o script/export task original deste patch,nome_do_script_ou_export_task,texto_export_task_name_ou_caminho_de_script,nao_inferir_export_por_nome_de_arquivo_de_patch,true,passo_de_revisao_humana;nenhuma_execucao_automatica
MV2_DATA_01_TGT_00122_STEP_03,MV2_DATA_01_TGT_00122,d2283f0776744467,REC_00505,Recife,3,localizar a imagem Sentinel-2 efetivamente usada,image_id_da_colecao_S2,ee_image_id_ou_system_index,nao_assumir_imagem_por_cidade_regiao_ou_tile,true,passo_de_revisao_humana;nenhuma_execucao_automatica
MV2_DATA_01_TGT_00122_STEP_04,MV2_DATA_01_TGT_00122,d2283f0776744467,REC_00505,Recife,4,copiar o PRODUCT_ID,PRODUCT_ID_da_imagem,S2[AB]_MSIL2A_AAAAMMDDTHHMMSS_..._TXXYYY_AAAAMMDDTHHMMSS,nao_aceitar_PRODUCT_ID_sem_origem_GEE,true,passo_de_revisao_humana;nenhuma_execucao_automatica
MV2_DATA_01_TGT_00122_STEP_05,MV2_DATA_01_TGT_00122,d2283f0776744467,REC_00505,Recife,5,copiar o acquisition datetime,system_time_start_convertido_para_ISO,AAAA-MM-DDTHH:MM:SS,rejeitar_datetime_futuro_ou_fora_de_2015_2024,true,passo_de_revisao_humana;nenhuma_execucao_automatica
MV2_DATA_01_TGT_00122_STEP_06,MV2_DATA_01_TGT_00122,d2283f0776744467,REC_00505,Recife,6,copiar o MGRS_TILE,MGRS_TILE_da_imagem,TXXLLL_ex_T25M...,nao_usar_T23KPR_nem_tile_por_zona_como_vinculo_automatico,true,passo_de_revisao_humana;nenhuma_execucao_automatica
MV2_DATA_01_TGT_00122_STEP_07,MV2_DATA_01_TGT_00122,d2283f0776744467,REC_00505,Recife,7,copiar o CLOUDY_PIXEL_PERCENTAGE,CLOUDY_PIXEL_PERCENTAGE,float_0_a_100,nao_inventar_cobertura_de_nuvem,false,passo_de_revisao_humana;nenhuma_execucao_automatica
MV2_DATA_01_TGT_00122_STEP_08,MV2_DATA_01_TGT_00122,d2283f0776744467,REC_00505,Recife,8,copiar o DATATAKE_IDENTIFIER,DATATAKE_IDENTIFIER,GS2[AB]_AAAAMMDDTHHMMSS_NNNNNN_NXXYY,nao_inferir_datatake_de_outro_produto,false,passo_de_revisao_humana;nenhuma_execucao_automatica
MV2_DATA_01_TGT_00122_STEP_09,MV2_DATA_01_TGT_00122,d2283f0776744467,REC_00505,Recife,9,registrar a collection usada,id_da_colecao_GEE,COPERNICUS/S2_SR_HARMONIZED_ou_equivalente,nao_assumir_colecao_sem_evidencia,false,passo_de_revisao_humana;nenhuma_execucao_automatica
MV2_DATA_01_TGT_00122_STEP_10,MV2_DATA_01_TGT_00122,d2283f0776744467,REC_00505,Recife,10,registrar a evidencia local (export/print/log),referencia_local_da_evidencia,caminho_local_relativo_ou_id_de_evidencia,nao_publicar_raster_bruto_como_evidencia,false,passo_de_revisao_humana;nenhuma_execucao_automatica
MV2_DATA_01_TGT_00122_STEP_11,MV2_DATA_01_TGT_00122,d2283f0776744467,REC_00505,Recife,11,marcar review_status (CONFIRMED/PARTIAL/REJECTED),review_status_preenchido,CONFIRMED|PARTIAL|REJECTED,sem_revisor_nao_marcar_CONFIRMED,false,passo_de_revisao_humana;nenhuma_execucao_automatica
MV2_DATA_01_TGT_00122_STEP_12,MV2_DATA_01_TGT_00122,d2283f0776744467,REC_00505,Recife,12,nao preencher nada se nao houver evidencia,campos_vazios_quando_sem_evidencia,vazio,ausencia_de_evidencia_nunca_vira_valor_inventado_nem_negativo,true,passo_de_revisao_humana;nenhuma_execucao_automatica
MV2_DATA_01_TGT_00123_STEP_01,MV2_DATA_01_TGT_00123,e0d7e9d725b97524,REC_00506,Recife,1,abrir o GEE Code Editor / Tasks autenticado,sessao_GEE_ativa,screenshot_ou_url_de_sessao,sem_acesso_ao_GEE_nao_prossegue,true,passo_de_revisao_humana;nenhuma_execucao_automatica
MV2_DATA_01_TGT_00123_STEP_02,MV2_DATA_01_TGT_00123,e0d7e9d725b97524,REC_00506,Recife,2,localizar o script/export task original deste patch,nome_do_script_ou_export_task,texto_export_task_name_ou_caminho_de_script,nao_inferir_export_por_nome_de_arquivo_de_patch,true,passo_de_revisao_humana;nenhuma_execucao_automatica
MV2_DATA_01_TGT_00123_STEP_03,MV2_DATA_01_TGT_00123,e0d7e9d725b97524,REC_00506,Recife,3,localizar a imagem Sentinel-2 efetivamente usada,image_id_da_colecao_S2,ee_image_id_ou_system_index,nao_assumir_imagem_por_cidade_regiao_ou_tile,true,passo_de_revisao_humana;nenhuma_execucao_automatica
MV2_DATA_01_TGT_00123_STEP_04,MV2_DATA_01_TGT_00123,e0d7e9d725b97524,REC_00506,Recife,4,copiar o PRODUCT_ID,PRODUCT_ID_da_imagem,S2[AB]_MSIL2A_AAAAMMDDTHHMMSS_..._TXXYYY_AAAAMMDDTHHMMSS,nao_aceitar_PRODUCT_ID_sem_origem_GEE,true,passo_de_revisao_humana;nenhuma_execucao_automatica
MV2_DATA_01_TGT_00123_STEP_05,MV2_DATA_01_TGT_00123,e0d7e9d725b97524,REC_00506,Recife,5,copiar o acquisition datetime,system_time_start_convertido_para_ISO,AAAA-MM-DDTHH:MM:SS,rejeitar_datetime_futuro_ou_fora_de_2015_2024,true,passo_de_revisao_humana;nenhuma_execucao_automatica
MV2_DATA_01_TGT_00123_STEP_06,MV2_DATA_01_TGT_00123,e0d7e9d725b97524,REC_00506,Recife,6,copiar o MGRS_TILE,MGRS_TILE_da_imagem,TXXLLL_ex_T25M...,nao_usar_T23KPR_nem_tile_por_zona_como_vinculo_automatico,true,passo_de_revisao_humana;nenhuma_execucao_automatica
MV2_DATA_01_TGT_00123_STEP_07,MV2_DATA_01_TGT_00123,e0d7e9d725b97524,REC_00506,Recife,7,copiar o CLOUDY_PIXEL_PERCENTAGE,CLOUDY_PIXEL_PERCENTAGE,float_0_a_100,nao_inventar_cobertura_de_nuvem,false,passo_de_revisao_humana;nenhuma_execucao_automatica
MV2_DATA_01_TGT_00123_STEP_08,MV2_DATA_01_TGT_00123,e0d7e9d725b97524,REC_00506,Recife,8,copiar o DATATAKE_IDENTIFIER,DATATAKE_IDENTIFIER,GS2[AB]_AAAAMMDDTHHMMSS_NNNNNN_NXXYY,nao_inferir_datatake_de_outro_produto,false,passo_de_revisao_humana;nenhuma_execucao_automatica
MV2_DATA_01_TGT_00123_STEP_09,MV2_DATA_01_TGT_00123,e0d7e9d725b97524,REC_00506,Recife,9,registrar a collection usada,id_da_colecao_GEE,COPERNICUS/S2_SR_HARMONIZED_ou_equivalente,nao_assumir_colecao_sem_evidencia,false,passo_de_revisao_humana;nenhuma_execucao_automatica
MV2_DATA_01_TGT_00123_STEP_10,MV2_DATA_01_TGT_00123,e0d7e9d725b97524,REC_00506,Recife,10,registrar a evidencia local (export/print/log),referencia_local_da_evidencia,caminho_local_relativo_ou_id_de_evidencia,nao_publicar_raster_bruto_como_evidencia,false,passo_de_revisao_humana;nenhuma_execucao_automatica
MV2_DATA_01_TGT_00123_STEP_11,MV2_DATA_01_TGT_00123,e0d7e9d725b97524,REC_00506,Recife,11,marcar review_status (CONFIRMED/PARTIAL/REJECTED),review_status_preenchido,CONFIRMED|PARTIAL|REJECTED,sem_revisor_nao_marcar_CONFIRMED,false,passo_de_revisao_humana;nenhuma_execucao_automatica
MV2_DATA_01_TGT_00123_STEP_12,MV2_DATA_01_TGT_00123,e0d7e9d725b97524,REC_00506,Recife,12,nao preencher nada se nao houver evidencia,campos_vazios_quando_sem_evidencia,vazio,ausencia_de_evidencia_nunca_vira_valor_inventado_nem_negativo,true,passo_de_revisao_humana;nenhuma_execucao_automatica
MV2_DATA_01_TGT_00124_STEP_01,MV2_DATA_01_TGT_00124,7b3eb11def97a0c1,REC_00525,Recife,1,abrir o GEE Code Editor / Tasks autenticado,sessao_GEE_ativa,screenshot_ou_url_de_sessao,sem_acesso_ao_GEE_nao_prossegue,true,passo_de_revisao_humana;nenhuma_execucao_automatica
MV2_DATA_01_TGT_00124_STEP_02,MV2_DATA_01_TGT_00124,7b3eb11def97a0c1,REC_00525,Recife,2,localizar o script/export task original deste patch,nome_do_script_ou_export_task,texto_export_task_name_ou_caminho_de_script,nao_inferir_export_por_nome_de_arquivo_de_patch,true,passo_de_revisao_humana;nenhuma_execucao_automatica
MV2_DATA_01_TGT_00124_STEP_03,MV2_DATA_01_TGT_00124,7b3eb11def97a0c1,REC_00525,Recife,3,localizar a imagem Sentinel-2 efetivamente usada,image_id_da_colecao_S2,ee_image_id_ou_system_index,nao_assumir_imagem_por_cidade_regiao_ou_tile,true,passo_de_revisao_humana;nenhuma_execucao_automatica
MV2_DATA_01_TGT_00124_STEP_04,MV2_DATA_01_TGT_00124,7b3eb11def97a0c1,REC_00525,Recife,4,copiar o PRODUCT_ID,PRODUCT_ID_da_imagem,S2[AB]_MSIL2A_AAAAMMDDTHHMMSS_..._TXXYYY_AAAAMMDDTHHMMSS,nao_aceitar_PRODUCT_ID_sem_origem_GEE,true,passo_de_revisao_humana;nenhuma_execucao_automatica
MV2_DATA_01_TGT_00124_STEP_05,MV2_DATA_01_TGT_00124,7b3eb11def97a0c1,REC_00525,Recife,5,copiar o acquisition datetime,system_time_start_convertido_para_ISO,AAAA-MM-DDTHH:MM:SS,rejeitar_datetime_futuro_ou_fora_de_2015_2024,true,passo_de_revisao_humana;nenhuma_execucao_automatica
MV2_DATA_01_TGT_00124_STEP_06,MV2_DATA_01_TGT_00124,7b3eb11def97a0c1,REC_00525,Recife,6,copiar o MGRS_TILE,MGRS_TILE_da_imagem,TXXLLL_ex_T25M...,nao_usar_T23KPR_nem_tile_por_zona_como_vinculo_automatico,true,passo_de_revisao_humana;nenhuma_execucao_automatica
MV2_DATA_01_TGT_00124_STEP_07,MV2_DATA_01_TGT_00124,7b3eb11def97a0c1,REC_00525,Recife,7,copiar o CLOUDY_PIXEL_PERCENTAGE,CLOUDY_PIXEL_PERCENTAGE,float_0_a_100,nao_inventar_cobertura_de_nuvem,false,passo_de_revisao_humana;nenhuma_execucao_automatica
MV2_DATA_01_TGT_00124_STEP_08,MV2_DATA_01_TGT_00124,7b3eb11def97a0c1,REC_00525,Recife,8,copiar o DATATAKE_IDENTIFIER,DATATAKE_IDENTIFIER,GS2[AB]_AAAAMMDDTHHMMSS_NNNNNN_NXXYY,nao_inferir_datatake_de_outro_produto,false,passo_de_revisao_humana;nenhuma_execucao_automatica
MV2_DATA_01_TGT_00124_STEP_09,MV2_DATA_01_TGT_00124,7b3eb11def97a0c1,REC_00525,Recife,9,registrar a collection usada,id_da_colecao_GEE,COPERNICUS/S2_SR_HARMONIZED_ou_equivalente,nao_assumir_colecao_sem_evidencia,false,passo_de_revisao_humana;nenhuma_execucao_automatica
MV2_DATA_01_TGT_00124_STEP_10,MV2_DATA_01_TGT_00124,7b3eb11def97a0c1,REC_00525,Recife,10,registrar a evidencia local (export/print/log),referencia_local_da_evidencia,caminho_local_relativo_ou_id_de_evidencia,nao_publicar_raster_bruto_como_evidencia,false,passo_de_revisao_humana;nenhuma_execucao_automatica
MV2_DATA_01_TGT_00124_STEP_11,MV2_DATA_01_TGT_00124,7b3eb11def97a0c1,REC_00525,Recife,11,marcar review_status (CONFIRMED/PARTIAL/REJECTED),review_status_preenchido,CONFIRMED|PARTIAL|REJECTED,sem_revisor_nao_marcar_CONFIRMED,false,passo_de_revisao_humana;nenhuma_execucao_automatica
MV2_DATA_01_TGT_00124_STEP_12,MV2_DATA_01_TGT_00124,7b3eb11def97a0c1,REC_00525,Recife,12,nao preencher nada se nao houver evidencia,campos_vazios_quando_sem_evidencia,vazio,ausencia_de_evidencia_nunca_vira_valor_inventado_nem_negativo,true,passo_de_revisao_humana;nenhuma_execucao_automatica
MV2_DATA_01_TGT_00125_STEP_01,MV2_DATA_01_TGT_00125,dc6523c4350741c4,REC_00526,Recife,1,abrir o GEE Code Editor / Tasks autenticado,sessao_GEE_ativa,screenshot_ou_url_de_sessao,sem_acesso_ao_GEE_nao_prossegue,true,passo_de_revisao_humana;nenhuma_execucao_automatica
MV2_DATA_01_TGT_00125_STEP_02,MV2_DATA_01_TGT_00125,dc6523c4350741c4,REC_00526,Recife,2,localizar o script/export task original deste patch,nome_do_script_ou_export_task,texto_export_task_name_ou_caminho_de_script,nao_inferir_export_por_nome_de_arquivo_de_patch,true,passo_de_revisao_humana;nenhuma_execucao_automatica
MV2_DATA_01_TGT_00125_STEP_03,MV2_DATA_01_TGT_00125,dc6523c4350741c4,REC_00526,Recife,3,localizar a imagem Sentinel-2 efetivamente usada,image_id_da_colecao_S2,ee_image_id_ou_system_index,nao_assumir_imagem_por_cidade_regiao_ou_tile,true,passo_de_revisao_humana;nenhuma_execucao_automatica
MV2_DATA_01_TGT_00125_STEP_04,MV2_DATA_01_TGT_00125,dc6523c4350741c4,REC_00526,Recife,4,copiar o PRODUCT_ID,PRODUCT_ID_da_imagem,S2[AB]_MSIL2A_AAAAMMDDTHHMMSS_..._TXXYYY_AAAAMMDDTHHMMSS,nao_aceitar_PRODUCT_ID_sem_origem_GEE,true,passo_de_revisao_humana;nenhuma_execucao_automatica
MV2_DATA_01_TGT_00125_STEP_05,MV2_DATA_01_TGT_00125,dc6523c4350741c4,REC_00526,Recife,5,copiar o acquisition datetime,system_time_start_convertido_para_ISO,AAAA-MM-DDTHH:MM:SS,rejeitar_datetime_futuro_ou_fora_de_2015_2024,true,passo_de_revisao_humana;nenhuma_execucao_automatica
MV2_DATA_01_TGT_00125_STEP_06,MV2_DATA_01_TGT_00125,dc6523c4350741c4,REC_00526,Recife,6,copiar o MGRS_TILE,MGRS_TILE_da_imagem,TXXLLL_ex_T25M...,nao_usar_T23KPR_nem_tile_por_zona_como_vinculo_automatico,true,passo_de_revisao_humana;nenhuma_execucao_automatica
MV2_DATA_01_TGT_00125_STEP_07,MV2_DATA_01_TGT_00125,dc6523c4350741c4,REC_00526,Recife,7,copiar o CLOUDY_PIXEL_PERCENTAGE,CLOUDY_PIXEL_PERCENTAGE,float_0_a_100,nao_inventar_cobertura_de_nuvem,false,passo_de_revisao_humana;nenhuma_execucao_automatica
MV2_DATA_01_TGT_00125_STEP_08,MV2_DATA_01_TGT_00125,dc6523c4350741c4,REC_00526,Recife,8,copiar o DATATAKE_IDENTIFIER,DATATAKE_IDENTIFIER,GS2[AB]_AAAAMMDDTHHMMSS_NNNNNN_NXXYY,nao_inferir_datatake_de_outro_produto,false,passo_de_revisao_humana;nenhuma_execucao_automatica
MV2_DATA_01_TGT_00125_STEP_09,MV2_DATA_01_TGT_00125,dc6523c4350741c4,REC_00526,Recife,9,registrar a collection usada,id_da_colecao_GEE,COPERNICUS/S2_SR_HARMONIZED_ou_equivalente,nao_assumir_colecao_sem_evidencia,false,passo_de_revisao_humana;nenhuma_execucao_automatica
MV2_DATA_01_TGT_00125_STEP_10,MV2_DATA_01_TGT_00125,dc6523c4350741c4,REC_00526,Recife,10,registrar a evidencia local (export/print/log),referencia_local_da_evidencia,caminho_local_relativo_ou_id_de_evidencia,nao_publicar_raster_bruto_como_evidencia,false,passo_de_revisao_humana;nenhuma_execucao_automatica
MV2_DATA_01_TGT_00125_STEP_11,MV2_DATA_01_TGT_00125,dc6523c4350741c4,REC_00526,Recife,11,marcar review_status (CONFIRMED/PARTIAL/REJECTED),review_status_preenchido,CONFIRMED|PARTIAL|REJECTED,sem_revisor_nao_marcar_CONFIRMED,false,passo_de_revisao_humana;nenhuma_execucao_automatica
MV2_DATA_01_TGT_00125_STEP_12,MV2_DATA_01_TGT_00125,dc6523c4350741c4,REC_00526,Recife,12,nao preencher nada se nao houver evidencia,campos_vazios_quando_sem_evidencia,vazio,ausencia_de_evidencia_nunca_vira_valor_inventado_nem_negativo,true,passo_de_revisao_humana;nenhuma_execucao_automatica
MV2_DATA_01_TGT_00126_STEP_01,MV2_DATA_01_TGT_00126,3ddcf1ea1e54b391,REC_00529,Recife,1,abrir o GEE Code Editor / Tasks autenticado,sessao_GEE_ativa,screenshot_ou_url_de_sessao,sem_acesso_ao_GEE_nao_prossegue,true,passo_de_revisao_humana;nenhuma_execucao_automatica
MV2_DATA_01_TGT_00126_STEP_02,MV2_DATA_01_TGT_00126,3ddcf1ea1e54b391,REC_00529,Recife,2,localizar o script/export task original deste patch,nome_do_script_ou_export_task,texto_export_task_name_ou_caminho_de_script,nao_inferir_export_por_nome_de_arquivo_de_patch,true,passo_de_revisao_humana;nenhuma_execucao_automatica
MV2_DATA_01_TGT_00126_STEP_03,MV2_DATA_01_TGT_00126,3ddcf1ea1e54b391,REC_00529,Recife,3,localizar a imagem Sentinel-2 efetivamente usada,image_id_da_colecao_S2,ee_image_id_ou_system_index,nao_assumir_imagem_por_cidade_regiao_ou_tile,true,passo_de_revisao_humana;nenhuma_execucao_automatica
MV2_DATA_01_TGT_00126_STEP_04,MV2_DATA_01_TGT_00126,3ddcf1ea1e54b391,REC_00529,Recife,4,copiar o PRODUCT_ID,PRODUCT_ID_da_imagem,S2[AB]_MSIL2A_AAAAMMDDTHHMMSS_..._TXXYYY_AAAAMMDDTHHMMSS,nao_aceitar_PRODUCT_ID_sem_origem_GEE,true,passo_de_revisao_humana;nenhuma_execucao_automatica
MV2_DATA_01_TGT_00126_STEP_05,MV2_DATA_01_TGT_00126,3ddcf1ea1e54b391,REC_00529,Recife,5,copiar o acquisition datetime,system_time_start_convertido_para_ISO,AAAA-MM-DDTHH:MM:SS,rejeitar_datetime_futuro_ou_fora_de_2015_2024,true,passo_de_revisao_humana;nenhuma_execucao_automatica
MV2_DATA_01_TGT_00126_STEP_06,MV2_DATA_01_TGT_00126,3ddcf1ea1e54b391,REC_00529,Recife,6,copiar o MGRS_TILE,MGRS_TILE_da_imagem,TXXLLL_ex_T25M...,nao_usar_T23KPR_nem_tile_por_zona_como_vinculo_automatico,true,passo_de_revisao_humana;nenhuma_execucao_automatica
MV2_DATA_01_TGT_00126_STEP_07,MV2_DATA_01_TGT_00126,3ddcf1ea1e54b391,REC_00529,Recife,7,copiar o CLOUDY_PIXEL_PERCENTAGE,CLOUDY_PIXEL_PERCENTAGE,float_0_a_100,nao_inventar_cobertura_de_nuvem,false,passo_de_revisao_humana;nenhuma_execucao_automatica
MV2_DATA_01_TGT_00126_STEP_08,MV2_DATA_01_TGT_00126,3ddcf1ea1e54b391,REC_00529,Recife,8,copiar o DATATAKE_IDENTIFIER,DATATAKE_IDENTIFIER,GS2[AB]_AAAAMMDDTHHMMSS_NNNNNN_NXXYY,nao_inferir_datatake_de_outro_produto,false,passo_de_revisao_humana;nenhuma_execucao_automatica
MV2_DATA_01_TGT_00126_STEP_09,MV2_DATA_01_TGT_00126,3ddcf1ea1e54b391,REC_00529,Recife,9,registrar a collection usada,id_da_colecao_GEE,COPERNICUS/S2_SR_HARMONIZED_ou_equivalente,nao_assumir_colecao_sem_evidencia,false,passo_de_revisao_humana;nenhuma_execucao_automatica
MV2_DATA_01_TGT_00126_STEP_10,MV2_DATA_01_TGT_00126,3ddcf1ea1e54b391,REC_00529,Recife,10,registrar a evidencia local (export/print/log),referencia_local_da_evidencia,caminho_local_relativo_ou_id_de_evidencia,nao_publicar_raster_bruto_como_evidencia,false,passo_de_revisao_humana;nenhuma_execucao_automatica
MV2_DATA_01_TGT_00126_STEP_11,MV2_DATA_01_TGT_00126,3ddcf1ea1e54b391,REC_00529,Recife,11,marcar review_status (CONFIRMED/PARTIAL/REJECTED),review_status_preenchido,CONFIRMED|PARTIAL|REJECTED,sem_revisor_nao_marcar_CONFIRMED,false,passo_de_revisao_humana;nenhuma_execucao_automatica
MV2_DATA_01_TGT_00126_STEP_12,MV2_DATA_01_TGT_00126,3ddcf1ea1e54b391,REC_00529,Recife,12,nao preencher nada se nao houver evidencia,campos_vazios_quando_sem_evidencia,vazio,ausencia_de_evidencia_nunca_vira_valor_inventado_nem_negativo,true,passo_de_revisao_humana;nenhuma_execucao_automatica
MV2_DATA_01_TGT_00127_STEP_01,MV2_DATA_01_TGT_00127,8f32b58bbce97cd4,REC_00548,Recife,1,abrir o GEE Code Editor / Tasks autenticado,sessao_GEE_ativa,screenshot_ou_url_de_sessao,sem_acesso_ao_GEE_nao_prossegue,true,passo_de_revisao_humana;nenhuma_execucao_automatica
MV2_DATA_01_TGT_00127_STEP_02,MV2_DATA_01_TGT_00127,8f32b58bbce97cd4,REC_00548,Recife,2,localizar o script/export task original deste patch,nome_do_script_ou_export_task,texto_export_task_name_ou_caminho_de_script,nao_inferir_export_por_nome_de_arquivo_de_patch,true,passo_de_revisao_humana;nenhuma_execucao_automatica
MV2_DATA_01_TGT_00127_STEP_03,MV2_DATA_01_TGT_00127,8f32b58bbce97cd4,REC_00548,Recife,3,localizar a imagem Sentinel-2 efetivamente usada,image_id_da_colecao_S2,ee_image_id_ou_system_index,nao_assumir_imagem_por_cidade_regiao_ou_tile,true,passo_de_revisao_humana;nenhuma_execucao_automatica
MV2_DATA_01_TGT_00127_STEP_04,MV2_DATA_01_TGT_00127,8f32b58bbce97cd4,REC_00548,Recife,4,copiar o PRODUCT_ID,PRODUCT_ID_da_imagem,S2[AB]_MSIL2A_AAAAMMDDTHHMMSS_..._TXXYYY_AAAAMMDDTHHMMSS,nao_aceitar_PRODUCT_ID_sem_origem_GEE,true,passo_de_revisao_humana;nenhuma_execucao_automatica
MV2_DATA_01_TGT_00127_STEP_05,MV2_DATA_01_TGT_00127,8f32b58bbce97cd4,REC_00548,Recife,5,copiar o acquisition datetime,system_time_start_convertido_para_ISO,AAAA-MM-DDTHH:MM:SS,rejeitar_datetime_futuro_ou_fora_de_2015_2024,true,passo_de_revisao_humana;nenhuma_execucao_automatica
MV2_DATA_01_TGT_00127_STEP_06,MV2_DATA_01_TGT_00127,8f32b58bbce97cd4,REC_00548,Recife,6,copiar o MGRS_TILE,MGRS_TILE_da_imagem,TXXLLL_ex_T25M...,nao_usar_T23KPR_nem_tile_por_zona_como_vinculo_automatico,true,passo_de_revisao_humana;nenhuma_execucao_automatica
MV2_DATA_01_TGT_00127_STEP_07,MV2_DATA_01_TGT_00127,8f32b58bbce97cd4,REC_00548,Recife,7,copiar o CLOUDY_PIXEL_PERCENTAGE,CLOUDY_PIXEL_PERCENTAGE,float_0_a_100,nao_inventar_cobertura_de_nuvem,false,passo_de_revisao_humana;nenhuma_execucao_automatica
MV2_DATA_01_TGT_00127_STEP_08,MV2_DATA_01_TGT_00127,8f32b58bbce97cd4,REC_00548,Recife,8,copiar o DATATAKE_IDENTIFIER,DATATAKE_IDENTIFIER,GS2[AB]_AAAAMMDDTHHMMSS_NNNNNN_NXXYY,nao_inferir_datatake_de_outro_produto,false,passo_de_revisao_humana;nenhuma_execucao_automatica
MV2_DATA_01_TGT_00127_STEP_09,MV2_DATA_01_TGT_00127,8f32b58bbce97cd4,REC_00548,Recife,9,registrar a collection usada,id_da_colecao_GEE,COPERNICUS/S2_SR_HARMONIZED_ou_equivalente,nao_assumir_colecao_sem_evidencia,false,passo_de_revisao_humana;nenhuma_execucao_automatica
MV2_DATA_01_TGT_00127_STEP_10,MV2_DATA_01_TGT_00127,8f32b58bbce97cd4,REC_00548,Recife,10,registrar a evidencia local (export/print/log),referencia_local_da_evidencia,caminho_local_relativo_ou_id_de_evidencia,nao_publicar_raster_bruto_como_evidencia,false,passo_de_revisao_humana;nenhuma_execucao_automatica
MV2_DATA_01_TGT_00127_STEP_11,MV2_DATA_01_TGT_00127,8f32b58bbce97cd4,REC_00548,Recife,11,marcar review_status (CONFIRMED/PARTIAL/REJECTED),review_status_preenchido,CONFIRMED|PARTIAL|REJECTED,sem_revisor_nao_marcar_CONFIRMED,false,passo_de_revisao_humana;nenhuma_execucao_automatica
MV2_DATA_01_TGT_00127_STEP_12,MV2_DATA_01_TGT_00127,8f32b58bbce97cd4,REC_00548,Recife,12,nao preencher nada se nao houver evidencia,campos_vazios_quando_sem_evidencia,vazio,ausencia_de_evidencia_nunca_vira_valor_inventado_nem_negativo,true,passo_de_revisao_humana;nenhuma_execucao_automatica
MV2_DATA_01_TGT_00128_STEP_01,MV2_DATA_01_TGT_00128,4425022e71699b1d,REC_00550,Recife,1,abrir o GEE Code Editor / Tasks autenticado,sessao_GEE_ativa,screenshot_ou_url_de_sessao,sem_acesso_ao_GEE_nao_prossegue,true,passo_de_revisao_humana;nenhuma_execucao_automatica
MV2_DATA_01_TGT_00128_STEP_02,MV2_DATA_01_TGT_00128,4425022e71699b1d,REC_00550,Recife,2,localizar o script/export task original deste patch,nome_do_script_ou_export_task,texto_export_task_name_ou_caminho_de_script,nao_inferir_export_por_nome_de_arquivo_de_patch,true,passo_de_revisao_humana;nenhuma_execucao_automatica
MV2_DATA_01_TGT_00128_STEP_03,MV2_DATA_01_TGT_00128,4425022e71699b1d,REC_00550,Recife,3,localizar a imagem Sentinel-2 efetivamente usada,image_id_da_colecao_S2,ee_image_id_ou_system_index,nao_assumir_imagem_por_cidade_regiao_ou_tile,true,passo_de_revisao_humana;nenhuma_execucao_automatica
MV2_DATA_01_TGT_00128_STEP_04,MV2_DATA_01_TGT_00128,4425022e71699b1d,REC_00550,Recife,4,copiar o PRODUCT_ID,PRODUCT_ID_da_imagem,S2[AB]_MSIL2A_AAAAMMDDTHHMMSS_..._TXXYYY_AAAAMMDDTHHMMSS,nao_aceitar_PRODUCT_ID_sem_origem_GEE,true,passo_de_revisao_humana;nenhuma_execucao_automatica
MV2_DATA_01_TGT_00128_STEP_05,MV2_DATA_01_TGT_00128,4425022e71699b1d,REC_00550,Recife,5,copiar o acquisition datetime,system_time_start_convertido_para_ISO,AAAA-MM-DDTHH:MM:SS,rejeitar_datetime_futuro_ou_fora_de_2015_2024,true,passo_de_revisao_humana;nenhuma_execucao_automatica
MV2_DATA_01_TGT_00128_STEP_06,MV2_DATA_01_TGT_00128,4425022e71699b1d,REC_00550,Recife,6,copiar o MGRS_TILE,MGRS_TILE_da_imagem,TXXLLL_ex_T25M...,nao_usar_T23KPR_nem_tile_por_zona_como_vinculo_automatico,true,passo_de_revisao_humana;nenhuma_execucao_automatica
MV2_DATA_01_TGT_00128_STEP_07,MV2_DATA_01_TGT_00128,4425022e71699b1d,REC_00550,Recife,7,copiar o CLOUDY_PIXEL_PERCENTAGE,CLOUDY_PIXEL_PERCENTAGE,float_0_a_100,nao_inventar_cobertura_de_nuvem,false,passo_de_revisao_humana;nenhuma_execucao_automatica
MV2_DATA_01_TGT_00128_STEP_08,MV2_DATA_01_TGT_00128,4425022e71699b1d,REC_00550,Recife,8,copiar o DATATAKE_IDENTIFIER,DATATAKE_IDENTIFIER,GS2[AB]_AAAAMMDDTHHMMSS_NNNNNN_NXXYY,nao_inferir_datatake_de_outro_produto,false,passo_de_revisao_humana;nenhuma_execucao_automatica
MV2_DATA_01_TGT_00128_STEP_09,MV2_DATA_01_TGT_00128,4425022e71699b1d,REC_00550,Recife,9,registrar a collection usada,id_da_colecao_GEE,COPERNICUS/S2_SR_HARMONIZED_ou_equivalente,nao_assumir_colecao_sem_evidencia,false,passo_de_revisao_humana;nenhuma_execucao_automatica
MV2_DATA_01_TGT_00128_STEP_10,MV2_DATA_01_TGT_00128,4425022e71699b1d,REC_00550,Recife,10,registrar a evidencia local (export/print/log),referencia_local_da_evidencia,caminho_local_relativo_ou_id_de_evidencia,nao_publicar_raster_bruto_como_evidencia,false,passo_de_revisao_humana;nenhuma_execucao_automatica
MV2_DATA_01_TGT_00128_STEP_11,MV2_DATA_01_TGT_00128,4425022e71699b1d,REC_00550,Recife,11,marcar review_status (CONFIRMED/PARTIAL/REJECTED),review_status_preenchido,CONFIRMED|PARTIAL|REJECTED,sem_revisor_nao_marcar_CONFIRMED,false,passo_de_revisao_humana;nenhuma_execucao_automatica
MV2_DATA_01_TGT_00128_STEP_12,MV2_DATA_01_TGT_00128,4425022e71699b1d,REC_00550,Recife,12,nao preencher nada se nao houver evidencia,campos_vazios_quando_sem_evidencia,vazio,ausencia_de_evidencia_nunca_vira_valor_inventado_nem_negativo,true,passo_de_revisao_humana;nenhuma_execucao_automatica
