footprint_id,event_id,source_family,source_path,region,municipality,event_date,event_period_start,event_period_end,footprint_type,geometry_type,lat,lon,bbox,wkt,geojson_ref,evidence_strength,method,eligible_for_patch_observational_evaluation,can_be_ground_truth,can_be_used_as_ground_truth,allowed_for_training,review_only,limitations
S16AFP_00000,S16ALOCG_00000,local_project,PROJECT_ROOT/data/dataset_final.csv,unknown,unknown,,,,official_flood_footprint,,,,,,,context_or_insufficient,local_geometry_parse,false,false,false,false,true,contexto ou geometria insuficiente
S16AFP_00001,S16ALOCG_00001,local_project,PROJECT_ROOT/data/patch_selection.csv,unknown,unknown,,,,official_flood_footprint,,,,,,,context_or_insufficient,local_geometry_parse,false,false,false,false,true,contexto ou geometria insuficiente
S16AFP_00002,S16ALOCG_00002,local_project,PROJECT_ROOT/docs/fase2_external_validation_local_inventory.csv,unknown,unknown,,,,insufficient,,,,,,,context_or_insufficient,local_geometry_parse,false,false,false,false,true,contexto ou geometria insuficiente
S16AFP_00003,S16ALOCG_00003,local_project,PROJECT_ROOT/docs/fase2_patch_boxes_for_external_validation_sample.geojson,unknown,unknown,,,,official_flood_footprint,Polygon,,,-49.38937432;-25.59495291;-49.20072811;-25.56254196,,PROJECT_ROOT/docs/fase2_patch_boxes_for_external_validation_sample.geojson,moderate_candidate,local_geometry_parse,true,false,false,false,true,sem data explicita extraida; elegibilidade permanece candidata review-only
S16AFP_00004,S16ALOCG_00004,local_project,PROJECT_ROOT/outputs/external_validation/curitiba_external_geodc_evidence_v1.csv,curitiba,curitiba,,,,official_flood_footprint,,,,,,,context_or_insufficient,local_geometry_parse,false,false,false,false,true,contexto ou geometria insuficiente
S16AFP_00005,S16ALOCG_00005,local_project,PROJECT_ROOT/outputs/external_validation/curitiba_external_rev_p_evidence_matrix_v1.csv,curitiba,curitiba,,,,official_flood_footprint,,,,,,,context_or_insufficient,local_geometry_parse,false,false,false,false,true,contexto ou geometria insuficiente
S16AFP_00006,S16ALOCG_00006,local_project,PROJECT_ROOT/outputs/external_validation/curitiba_external_rev_p_evidence_matrix_v1_status.csv,curitiba,curitiba,,,,official_susceptibility_reference,,,,,,,context_or_insufficient,local_geometry_parse,false,false,false,false,true,contexto ou geometria insuficiente
S16AFP_00007,S16ALOCG_00007,local_project,PROJECT_ROOT/outputs/external_validation/curitiba_external_rev_p_evidence_matrix_v2.csv,curitiba,curitiba,,,,official_flood_footprint,,,,,,,context_or_insufficient,local_geometry_parse,false,false,false,false,true,contexto ou geometria insuficiente
S16AFP_00008,S16ALOCG_00008,local_project,PROJECT_ROOT/outputs/external_validation/curitiba_external_sgb_hydro_overlay_status.csv,curitiba,curitiba,,,,official_flood_footprint,,,,,,,context_or_insufficient,local_geometry_parse,false,false,false,false,true,contexto ou geometria insuficiente
S16AFP_00009,S16ALOCG_00009,local_project,PROJECT_ROOT/outputs/external_validation/curitiba_external_sgb_hydro_overlay_v1.csv,curitiba,curitiba,,,,official_flood_footprint,,,,,,,context_or_insufficient,local_geometry_parse,false,false,false,false,true,contexto ou geometria insuficiente
S16AFP_00010,S16ALOCG_00010,local_project,PROJECT_ROOT/outputs/external_validation/curitiba_external_terrain_evidence_v1.csv,curitiba,curitiba,,,,insufficient,,,,,,,context_or_insufficient,local_geometry_parse,false,false,false,false,true,contexto ou geometria insuficiente
S16AFP_00011,S16ALOCG_00011,local_project,PROJECT_ROOT/outputs/external_validation/curitiba_external_terrain_inventory.csv,curitiba,curitiba,,,,official_susceptibility_reference,,,,,,,context_or_insufficient,local_geometry_parse,false,false,false,false,true,contexto ou geometria insuficiente
S16AFP_00012,S16ALOCG_00012,local_project,PROJECT_ROOT/outputs/external_validation/curitiba_external_validation_source_inventory_status.csv,curitiba,curitiba,,,,official_flood_footprint,,,,,,,context_or_insufficient,local_geometry_parse,false,false,false,false,true,contexto ou geometria insuficiente
S16AFP_00013,S16ALOCG_00013,local_project,PROJECT_ROOT/outputs/external_validation/curitiba_external_validation_source_registry.csv,curitiba,curitiba,,,,official_flood_footprint,,,,,,,context_or_insufficient,local_geometry_parse,false,false,false,false,true,contexto ou geometria insuficiente
S16AFP_00014,S16ALOCG_00014,local_project,PROJECT_ROOT/outputs/external_validation/curitiba_external_visual_review_candidates_v1.csv,curitiba,curitiba,,,,official_flood_footprint,,,,,,,context_or_insufficient,local_geometry_parse,false,false,false,false,true,contexto ou geometria insuficiente
S16AFP_00015,S16ALOCG_00015,local_project,PROJECT_ROOT/outputs/external_validation/curitiba_geocuritiba_hydro_inventory.csv,curitiba,curitiba,,,,insufficient,,,,,,,context_or_insufficient,local_geometry_parse,false,false,false,false,true,contexto ou geometria insuficiente
S16AFP_00016,S16ALOCG_00016,local_project,PROJECT_ROOT/outputs/external_validation/curitiba_geodc_defesa_civil_inventory.csv,curitiba,curitiba,,,,official_flood_footprint,,,,,,,context_or_insufficient,local_geometry_parse,false,false,false,false,true,contexto ou geometria insuficiente
S16AFP_00017,S16ALOCG_00017,local_project,PROJECT_ROOT/outputs/external_validation/curitiba_sgb_cprm_inventory.csv,curitiba,curitiba,,,,official_flood_footprint,,,,,,,context_or_insufficient,local_geometry_parse,false,false,false,false,true,contexto ou geometria insuficiente
S16AFP_00018,S16ALOCG_00018,local_project,PROJECT_ROOT/outputs/external_validation/evidence_matrix_recife_external_sgb_cprm_v1.csv,recife,recife,,,,official_flood_footprint,,,,,,,context_or_insufficient,local_geometry_parse,false,false,false,false,true,contexto ou geometria insuficiente
S16AFP_00019,S16ALOCG_00019,local_project,PROJECT_ROOT/outputs/external_validation/petropolis_external_rev_p_evidence_matrix_v1.csv,petropolis,petropolis,,,,official_flood_footprint,,,,,,,context_or_insufficient,local_geometry_parse,false,false,false,false,true,contexto ou geometria insuficiente
S16AFP_00020,S16ALOCG_00020,local_project,PROJECT_ROOT/outputs/external_validation/petropolis_external_rev_p_evidence_matrix_v1_status.csv,petropolis,petropolis,,,,official_flood_footprint,,,,,,,context_or_insufficient,local_geometry_parse,false,false,false,false,true,contexto ou geometria insuficiente
S16AFP_00021,S16ALOCG_00021,local_project,PROJECT_ROOT/outputs/external_validation/petropolis_external_rev_p_evidence_matrix_v2.csv,petropolis,petropolis,,,,official_flood_footprint,,,,,,,context_or_insufficient,local_geometry_parse,false,false,false,false,true,contexto ou geometria insuficiente
S16AFP_00022,S16ALOCG_00022,local_project,PROJECT_ROOT/outputs/external_validation/petropolis_external_sgb_hydro_terrain_overlay_status.csv,petropolis,petropolis,,,,official_flood_footprint,,,,,,,context_or_insufficient,local_geometry_parse,false,false,false,false,true,contexto ou geometria insuficiente
S16AFP_00023,S16ALOCG_00023,local_project,PROJECT_ROOT/outputs/external_validation/petropolis_external_sgb_hydro_terrain_overlay_v1.csv,petropolis,petropolis,,,,official_flood_footprint,,,,,,,context_or_insufficient,local_geometry_parse,false,false,false,false,true,contexto ou geometria insuficiente
S16AFP_00024,S16ALOCG_00024,local_project,PROJECT_ROOT/outputs/external_validation/petropolis_external_validation_source_registry.csv,petropolis,petropolis,,,,official_flood_footprint,,,,,,,context_or_insufficient,local_geometry_parse,false,false,false,false,true,contexto ou geometria insuficiente
S16AFP_00025,S16ALOCG_00025,local_project,PROJECT_ROOT/outputs/external_validation/petropolis_external_visual_review_queue_v1.csv,petropolis,petropolis,,,,official_flood_footprint,,,,,,,context_or_insufficient,local_geometry_parse,false,false,false,false,true,contexto ou geometria insuficiente
S16AFP_00026,S16ALOCG_00026,local_project,PROJECT_ROOT/outputs/external_validation/petropolis_external_visual_review_results_v1.csv,petropolis,petropolis,,,,official_flood_footprint,,,,,,,context_or_insufficient,local_geometry_parse,false,false,false,false,true,contexto ou geometria insuficiente
S16AFP_00027,S16ALOCG_00027,local_project,PROJECT_ROOT/outputs/external_validation/petropolis_sgb_cprm_inventory.csv,petropolis,petropolis,,,,official_flood_footprint,,,,,,,context_or_insufficient,local_geometry_parse,false,false,false,false,true,contexto ou geometria insuficiente
S16AFP_00028,S16ALOCG_00028,local_project,PROJECT_ROOT/outputs/external_validation/petropolis_terrain_inventory.csv,petropolis,petropolis,,,,insufficient,,,,,,,context_or_insufficient,local_geometry_parse,false,false,false,false,true,contexto ou geometria insuficiente
S16AFP_00029,S16ALOCG_00029,local_project,PROJECT_ROOT/outputs/external_validation/recife_esig_emlurb_drainage_inventory.csv,recife,recife,,,,official_flood_footprint,,,,,,,context_or_insufficient,local_geometry_parse,false,false,false,false,true,contexto ou geometria insuficiente
S16AFP_00030,S16ALOCG_00030,local_project,PROJECT_ROOT/outputs/external_validation/recife_esig_emlurb_macrodrainage_inventory.csv,recife,recife,,,,official_flood_footprint,,,,,,,context_or_insufficient,local_geometry_parse,false,false,false,false,true,contexto ou geometria insuficiente
S16AFP_00031,S16ALOCG_00031,local_project,PROJECT_ROOT/outputs/external_validation/recife_external_esig_drainage_evidence_status.csv,recife,recife,,,,insufficient,,,,,,,context_or_insufficient,local_geometry_parse,false,false,false,false,true,contexto ou geometria insuficiente
S16AFP_00032,S16ALOCG_00032,local_project,PROJECT_ROOT/outputs/external_validation/recife_external_esig_drainage_evidence_v1.csv,recife,recife,,,,insufficient,,,,,,,context_or_insufficient,local_geometry_parse,false,false,false,false,true,contexto ou geometria insuficiente
S16AFP_00033,S16ALOCG_00033,local_project,PROJECT_ROOT/outputs/external_validation/recife_external_esig_drainage_evidence_v2.csv,recife,recife,,,,official_susceptibility_reference,,,,,,,context_or_insufficient,local_geometry_parse,false,false,false,false,true,contexto ou geometria insuficiente
S16AFP_00034,S16ALOCG_00034,local_project,PROJECT_ROOT/outputs/external_validation/recife_external_esig_drainage_evidence_v2_status.csv,recife,recife,,,,insufficient,,,,,,,context_or_insufficient,local_geometry_parse,false,false,false,false,true,contexto ou geometria insuficiente
S16AFP_00035,S16ALOCG_00035,local_project,PROJECT_ROOT/outputs/external_validation/recife_external_hydro_features_audit.csv,recife,recife,,,,official_susceptibility_reference,,,,,,,context_or_insufficient,local_geometry_parse,false,false,false,false,true,contexto ou geometria insuficiente
S16AFP_00036,S16ALOCG_00036,local_project,PROJECT_ROOT/outputs/external_validation/recife_external_patchset_static_features_range_comparison.csv,recife,recife,,,,insufficient,,,,,,,context_or_insufficient,local_geometry_parse,false,false,false,false,true,contexto ou geometria insuficiente
S16AFP_00037,S16ALOCG_00037,local_project,PROJECT_ROOT/outputs/external_validation/recife_external_patchset_v1_score_features_status.csv,recife,recife,,,,insufficient,,,,,,,context_or_insufficient,local_geometry_parse,false,false,false,false,true,contexto ou geometria insuficiente
S16AFP_00038,S16ALOCG_00038,local_project,PROJECT_ROOT/outputs/external_validation/recife_external_pe3d_mdt_status.csv,recife,recife,,,,insufficient,,,,,,,context_or_insufficient,local_geometry_parse,false,false,false,false,true,contexto ou geometria insuficiente
S16AFP_00039,S16ALOCG_00039,local_project,PROJECT_ROOT/outputs/external_validation/recife_external_pe3d_terrain_evidence_v1.csv,recife,recife,,,,insufficient,,,,,,,context_or_insufficient,local_geometry_parse,false,false,false,false,true,contexto ou geometria insuficiente
S16AFP_00040,S16ALOCG_00040,local_project,PROJECT_ROOT/outputs/external_validation/recife_external_qualitative_evidence_matrix_v1.csv,recife,recife,,,,official_susceptibility_reference,,,,,,,context_or_insufficient,local_geometry_parse,false,false,false,false,true,contexto ou geometria insuficiente
S16AFP_00041,S16ALOCG_00041,local_project,PROJECT_ROOT/outputs/external_validation/recife_external_qualitative_evidence_matrix_v1_status.csv,recife,recife,,,,insufficient,,,,,,,context_or_insufficient,local_geometry_parse,false,false,false,false,true,contexto ou geometria insuficiente
S16AFP_00042,S16ALOCG_00042,local_project,PROJECT_ROOT/outputs/external_validation/recife_external_qualitative_evidence_matrix_v2.csv,recife,recife,,,,official_susceptibility_reference,,,,,,,context_or_insufficient,local_geometry_parse,false,false,false,false,true,contexto ou geometria insuficiente
S16AFP_00043,S16ALOCG_00043,local_project,PROJECT_ROOT/outputs/external_validation/recife_external_qualitative_evidence_matrix_v2_status.csv,recife,recife,,,,official_susceptibility_reference,,,,,,,context_or_insufficient,local_geometry_parse,false,false,false,false,true,contexto ou geometria insuficiente
S16AFP_00044,S16ALOCG_00044,local_project,PROJECT_ROOT/outputs/external_validation/recife_external_rev_p_evidence_matrix_final.csv,recife,recife,,,,official_susceptibility_reference,,,,,,,context_or_insufficient,local_geometry_parse,false,false,false,false,true,contexto ou geometria insuficiente
S16AFP_00045,S16ALOCG_00045,local_project,PROJECT_ROOT/outputs/external_validation/recife_external_rev_p_evidence_matrix_v1.csv,recife,recife,,,,official_susceptibility_reference,,,,,,,context_or_insufficient,local_geometry_parse,false,false,false,false,true,contexto ou geometria insuficiente
S16AFP_00046,S16ALOCG_00046,local_project,PROJECT_ROOT/outputs/external_validation/recife_external_rev_p_evidence_matrix_v2.csv,recife,recife,,,,official_susceptibility_reference,,,,,,,context_or_insufficient,local_geometry_parse,false,false,false,false,true,contexto ou geometria insuficiente
S16AFP_00047,S16ALOCG_00047,local_project,PROJECT_ROOT/outputs/external_validation/recife_external_rev_p_final_status.csv,recife,recife,,,,official_susceptibility_reference,,,,,,,context_or_insufficient,local_geometry_parse,false,false,false,false,true,contexto ou geometria insuficiente
S16AFP_00048,S16ALOCG_00048,local_project,PROJECT_ROOT/outputs/external_validation/recife_external_seced_evidence_audit_v1.csv,recife,recife,,,,official_flood_footprint,,,,,,,context_or_insufficient,local_geometry_parse,false,false,false,false,true,contexto ou geometria insuficiente
S16AFP_00049,S16ALOCG_00049,local_project,PROJECT_ROOT/outputs/external_validation/recife_external_seced_geocoding_pilot_71_results_v1.csv,recife,recife,,,,official_flood_footprint,,,,,,,context_or_insufficient,local_geometry_parse,false,false,false,false,true,contexto ou geometria insuficiente
S16AFP_00050,S16ALOCG_00050,local_project,PROJECT_ROOT/outputs/external_validation/recife_external_seced_geocoding_qa_ready_records_v1.csv,recife,recife,,,,official_flood_footprint,,,,,,,context_or_insufficient,local_geometry_parse,false,false,false,false,true,contexto ou geometria insuficiente
S16AFP_00051,S16ALOCG_00051,local_project,PROJECT_ROOT/outputs/external_validation/recife_external_seced_geocoding_qa_sample_v1.csv,recife,recife,,,,official_flood_footprint,,,,,,,context_or_insufficient,local_geometry_parse,false,false,false,false,true,contexto ou geometria insuficiente
S16AFP_00052,S16ALOCG_00052,local_project,PROJECT_ROOT/outputs/external_validation/recife_external_sgb_cprm_overlay_status.csv,recife,recife,,,,official_flood_footprint,,,,,,,context_or_insufficient,local_geometry_parse,false,false,false,false,true,contexto ou geometria insuficiente
S16AFP_00053,S16ALOCG_00053,local_project,PROJECT_ROOT/outputs/external_validation/recife_external_static_hydro_diagnostic_feature_policy.csv,recife,recife,,,,official_flood_footprint,,,,,,,context_or_insufficient,local_geometry_parse,false,false,false,false,true,contexto ou geometria insuficiente
S16AFP_00054,S16ALOCG_00054,local_project,PROJECT_ROOT/outputs/external_validation/recife_external_validation_patchset_v1_boxes.geojson,recife,recife,,,,official_flood_footprint,Polygon,,,-34.93440589;-8.12300352;-34.88189122;-8.04086568,,PROJECT_ROOT/outputs/external_validation/recife_external_validation_patchset_v1_boxes.geojson,moderate_candidate,local_geometry_parse,true,false,false,false,true,sem data explicita extraida; elegibilidade permanece candidata review-only
S16AFP_00055,S16ALOCG_00055,local_project,PROJECT_ROOT/outputs/external_validation/recife_external_validation_patchset_v1_manifest.csv,recife,recife,,,,official_flood_footprint,point_set,,,-34.92991450;-8.11855688;-34.88638220;-8.04531232,,,moderate_candidate,local_geometry_parse,true,false,false,false,true,sem data explicita extraida; elegibilidade permanece candidata review-only
S16AFP_00056,S16ALOCG_00056,local_project,PROJECT_ROOT/outputs/external_validation/recife_external_validation_source_registry.csv,recife,recife,,,,official_flood_footprint,,,,,,,context_or_insufficient,local_geometry_parse,false,false,false,false,true,contexto ou geometria insuficiente
S16AFP_00057,S16ALOCG_00057,local_project,PROJECT_ROOT/outputs/external_validation/recife_external_visual_review_queue_v1.csv,recife,recife,,,,official_susceptibility_reference,,,,,,,context_or_insufficient,local_geometry_parse,false,false,false,false,true,contexto ou geometria insuficiente
S16AFP_00058,S16ALOCG_00058,local_project,PROJECT_ROOT/outputs/external_validation/recife_external_visual_review_results_v1.csv,recife,recife,,,,official_flood_footprint,,,,,,,context_or_insufficient,local_geometry_parse,false,false,false,false,true,contexto ou geometria insuficiente
S16AFP_00059,S16ALOCG_00059,local_project,PROJECT_ROOT/outputs/external_validation/recife_ext_0005_focused_review_v1.csv,recife,recife,,,,official_flood_footprint,,,,,,,context_or_insufficient,local_geometry_parse,false,false,false,false,true,contexto ou geometria insuficiente
S16AFP_00060,S16ALOCG_00060,local_project,PROJECT_ROOT/outputs/external_validation/recife_flood_candidate_patch_intersections_v1.csv,recife,recife,,,,official_flood_footprint,point_set,,,-34.92991450;-8.11855688;-34.88638220;-8.04531232,,,moderate_candidate,local_geometry_parse,true,false,false,false,true,sem data explicita extraida; elegibilidade permanece candidata review-only
S16AFP_00061,S16ALOCG_00061,local_project,PROJECT_ROOT/outputs/external_validation/recife_flood_candidate_source_audit_v1.csv,recife,recife,,,,official_flood_footprint,point_set,,,-34.92991450;-8.11855688;-34.88638220;-8.04531232,,,moderate_candidate,local_geometry_parse,true,false,false,false,true,sem data explicita extraida; elegibilidade permanece candidata review-only
S16AFP_00062,S16ALOCG_00062,local_project,PROJECT_ROOT/outputs/external_validation/recife_flood_candidate_summary_v1.json,recife,recife,,,,official_risk_context,,,,,,,context_or_insufficient,local_geometry_parse,false,false,false,false,true,contexto ou geometria insuficiente
S16AFP_00063,S16ALOCG_00063,local_project,PROJECT_ROOT/outputs/external_validation/recife_open_data_inventory.csv,recife,recife,,,,official_flood_footprint,,,,,,,context_or_insufficient,local_geometry_parse,false,false,false,false,true,contexto ou geometria insuficiente
S16AFP_00064,S16ALOCG_00064,local_project,PROJECT_ROOT/outputs/external_validation/recife_seced_defesa_civil_inventory.csv,recife,recife,,,,official_flood_footprint,,,,,,,context_or_insufficient,local_geometry_parse,false,false,false,false,true,contexto ou geometria insuficiente
S16AFP_00065,S16ALOCG_00065,local_project,PROJECT_ROOT/outputs/external_validation/recife_seced_segment_level_patch_context_v1.csv,recife,recife,,,,official_flood_footprint,,,,,,,context_or_insufficient,local_geometry_parse,false,false,false,false,true,contexto ou geometria insuficiente
S16AFP_00066,S16ALOCG_00066,local_project,PROJECT_ROOT/outputs/external_validation/recife_seced_segment_level_pilot_records_v1.csv,recife,recife,,,,official_flood_footprint,,,,,,,context_or_insufficient,local_geometry_parse,false,false,false,false,true,contexto ou geometria insuficiente
S16AFP_00067,S16ALOCG_00067,local_project,PROJECT_ROOT/outputs/external_validation/recife_sgb_cprm_sig_preparation_status.csv,recife,recife,,,,official_flood_footprint,,,,,,,context_or_insufficient,local_geometry_parse,false,false,false,false,true,contexto ou geometria insuficiente
S16AFP_00068,S16ALOCG_00068,local_project,PROJECT_ROOT/outputs/external_validation/revp_canonical_state_cleanup_log_v1.csv,unknown,unknown,,,,official_susceptibility_reference,,,,,,,context_or_insufficient,local_geometry_parse,false,false,false,false,true,contexto ou geometria insuficiente
S16AFP_00069,S16ALOCG_00069,local_project,PROJECT_ROOT/outputs/external_validation/revp_current_canonical_state_2026_05_08.json,unknown,unknown,,,,insufficient,,,,,,,context_or_insufficient,local_geometry_parse,false,false,false,false,true,contexto ou geometria insuficiente
S16AFP_00070,S16ALOCG_00070,local_project,PROJECT_ROOT/outputs/figures/revp_patch_visuals_catalog_v1.csv,unknown,unknown,,,,insufficient,,,,,,,context_or_insufficient,local_geometry_parse,false,false,false,false,true,contexto ou geometria insuficiente
S16AFP_00071,S16ALOCG_00071,local_project,PROJECT_ROOT/outputs/figures/revp_patch_visuals_catalog_v2.csv,unknown,unknown,,,,insufficient,,,,,,,context_or_insufficient,local_geometry_parse,false,false,false,false,true,contexto ou geometria insuficiente
S16AFP_00072,S16ALOCG_00072,local_project,PROJECT_ROOT/outputs/figures/revp_patch_visuals_catalog_v3.csv,unknown,unknown,,,,official_susceptibility_reference,,,,,,,context_or_insufficient,local_geometry_parse,false,false,false,false,true,contexto ou geometria insuficiente
S16AFP_00073,S16ALOCG_00073,local_project,PROJECT_ROOT/outputs/figures/revp_patch_visuals_master_catalog.csv,unknown,unknown,,,,insufficient,,,,,,,context_or_insufficient,local_geometry_parse,false,false,false,false,true,contexto ou geometria insuficiente
S16AFP_00074,S16ALOCG_00074,local_project,PROJECT_ROOT/outputs/figures/revp_patch_visuals_master_qa.csv,unknown,unknown,,,,insufficient,,,,,,,context_or_insufficient,local_geometry_parse,false,false,false,false,true,contexto ou geometria insuficiente
S16AFP_00075,S16ALOCG_00075,local_project,PROJECT_ROOT/outputs/figures/revp_patch_visuals_qa_v2.csv,unknown,unknown,,,,insufficient,,,,,,,context_or_insufficient,local_geometry_parse,false,false,false,false,true,contexto ou geometria insuficiente
S16AFP_00076,S16ALOCG_00076,local_project,PROJECT_ROOT/outputs/figures/revp_patch_visuals_qa_v3.csv,unknown,unknown,,,,insufficient,,,,,,,context_or_insufficient,local_geometry_parse,false,false,false,false,true,contexto ou geometria insuficiente
S16AFP_00077,S16ALOCG_00077,local_project,PROJECT_ROOT/outputs/figures/revp_patch_visuals_status_v1.csv,unknown,unknown,,,,official_susceptibility_reference,,,,,,,context_or_insufficient,local_geometry_parse,false,false,false,false,true,contexto ou geometria insuficiente
S16AFP_00078,S16ALOCG_00078,local_project,PROJECT_ROOT/outputs/figures/revp_patch_visuals_status_v2.csv,unknown,unknown,,,,official_susceptibility_reference,,,,,,,context_or_insufficient,local_geometry_parse,false,false,false,false,true,contexto ou geometria insuficiente
S16AFP_00079,S16ALOCG_00079,local_project,PROJECT_ROOT/outputs/final_figures/representative_patches_selection.csv,unknown,unknown,,,,official_flood_footprint,,,,,,,context_or_insufficient,local_geometry_parse,false,false,false,false,true,contexto ou geometria insuficiente
S16AFP_00080,S16ALOCG_00080,local_project,PROJECT_ROOT/outputs/final_tables/tabela5_afirmacoes.csv,unknown,unknown,,,,official_flood_footprint,,,,,,,context_or_insufficient,local_geometry_parse,false,false,false,false,true,contexto ou geometria insuficiente
S16AFP_00081,S16ALOCG_00081,local_project,PROJECT_ROOT/outputs/training_readiness/revp_deep_learning_advisor_update_qa_v1.csv,unknown,unknown,,,,insufficient,,,,,,,context_or_insufficient,local_geometry_parse,false,false,false,false,true,contexto ou geometria insuficiente
S16AFP_00082,S16ALOCG_00082,local_project,PROJECT_ROOT/outputs/training_readiness/revp_v1fp_multimodal_training_readiness/deep_learning_entry_decision_v1fp.csv,unknown,unknown,,,,official_susceptibility_reference,,,,,,,context_or_insufficient,local_geometry_parse,false,false,false,false,true,contexto ou geometria insuficiente
S16AFP_00083,S16ALOCG_00083,local_project,PROJECT_ROOT/outputs/training_readiness/revp_v1fp_multimodal_training_readiness/label_policy_v1fp.csv,unknown,unknown,,,,official_susceptibility_reference,,,,,,,context_or_insufficient,local_geometry_parse,false,false,false,false,true,contexto ou geometria insuficiente
S16AFP_00084,S16ALOCG_00084,local_project,PROJECT_ROOT/outputs/training_readiness/revp_v1fp_multimodal_training_readiness/patch_asset_inventory_v1fp.csv,unknown,unknown,,,,official_flood_footprint,,,,,,,context_or_insufficient,local_geometry_parse,false,false,false,false,true,contexto ou geometria insuficiente
S16AFP_00085,S16ALOCG_00085,local_project,PROJECT_ROOT/outputs/training_readiness/revp_v1fp_multimodal_training_readiness/qa_v1fp.csv,unknown,unknown,,,,insufficient,,,,,,,context_or_insufficient,local_geometry_parse,false,false,false,false,true,contexto ou geometria insuficiente
S16AFP_00086,S16ALOCG_00086,local_project,PROJECT_ROOT/outputs/training_readiness/revp_v1fp_multimodal_training_readiness/summary_v1fp.json,unknown,unknown,,,,official_susceptibility_reference,,,,,,,context_or_insufficient,local_geometry_parse,false,false,false,false,true,contexto ou geometria insuficiente
S16AFP_00087,S16ALOCG_00087,local_project,PROJECT_ROOT/outputs/training_readiness/revp_v1fp_multimodal_training_readiness/trainable_candidate_manifest_v1fp.csv,unknown,unknown,,,,official_susceptibility_reference,,,,,,,context_or_insufficient,local_geometry_parse,false,false,false,false,true,contexto ou geometria insuficiente
S16AFP_00088,S16ALOCG_00088,local_project,PROJECT_ROOT/outputs/training_readiness/revp_v1fp_multimodal_training_readiness/unresolved_training_blockers_v1fp.csv,unknown,unknown,,,,insufficient,,,,,,,context_or_insufficient,local_geometry_parse,false,false,false,false,true,contexto ou geometria insuficiente
S16AFP_00089,S16ALOCG_00089,local_project,PROJECT_ROOT/outputs/training_readiness/revp_v1fq_self_supervised_protocol/allowed_experiment_protocol_v1fq.csv,unknown,unknown,,,,insufficient,,,,,,,context_or_insufficient,local_geometry_parse,false,false,false,false,true,contexto ou geometria insuficiente
S16AFP_00090,S16ALOCG_00090,local_project,PROJECT_ROOT/outputs/training_readiness/revp_v1fq_self_supervised_protocol/blocked_training_cases_v1fq.csv,unknown,unknown,,,,insufficient,,,,,,,context_or_insufficient,local_geometry_parse,false,false,false,false,true,contexto ou geometria insuficiente
S16AFP_00091,S16ALOCG_00091,local_project,PROJECT_ROOT/outputs/training_readiness/revp_v1fq_self_supervised_protocol/forbidden_target_and_leakage_policy_v1fq.csv,unknown,unknown,,,,official_susceptibility_reference,,,,,,,context_or_insufficient,local_geometry_parse,false,false,false,false,true,contexto ou geometria insuficiente
S16AFP_00092,S16ALOCG_00092,local_project,PROJECT_ROOT/outputs/training_readiness/revp_v1fq_self_supervised_protocol/self_supervised_candidate_manifest_v1fq.csv,unknown,unknown,,,,official_susceptibility_reference,,,,,,,context_or_insufficient,local_geometry_parse,false,false,false,false,true,contexto ou geometria insuficiente
S16AFP_00093,S16ALOCG_00093,local_project,PROJECT_ROOT/outputs/training_readiness/revp_v1fq_self_supervised_protocol/summary_v1fq.json,unknown,unknown,,,,insufficient,,,,,,,context_or_insufficient,local_geometry_parse,false,false,false,false,true,contexto ou geometria insuficiente
S16AFP_00094,S16ALOCG_00094,local_project,PROJECT_ROOT/outputs/training_readiness/revp_v1fr_self_supervised_dataloader_preflight/summary_v1fr.json,unknown,unknown,,,,insufficient,,,,,,,context_or_insufficient,local_geometry_parse,false,false,false,false,true,contexto ou geometria insuficiente
S16AFP_00095,S16ALOCG_00095,local_project,PROJECT_ROOT/outputs/patch_grounding/revp_v1fk_patch_level_real_world_grounding/patch_physical_feature_plan_v1fk.csv,unknown,unknown,,,,official_susceptibility_reference,,,,,,,context_or_insufficient,local_geometry_parse,false,false,false,false,true,contexto ou geometria insuficiente
S16AFP_00096,S16ALOCG_00096,local_project,PROJECT_ROOT/outputs/patch_grounding/revp_v1fn_conceptual_canon_and_grounding_reconciliation/allowed_forbidden_claims_v1fn.csv,unknown,unknown,,,,insufficient,,,,,,,context_or_insufficient,local_geometry_parse,false,false,false,false,true,contexto ou geometria insuficiente
S16AFP_00097,S16ALOCG_00097,local_project,PROJECT_ROOT/outputs/final_delivery/closure/revp_final_claims_scan_v1.csv,unknown,unknown,,,,official_flood_footprint,,,,,,,context_or_insufficient,local_geometry_parse,false,false,false,false,true,contexto ou geometria insuficiente
S16AFP_00098,S16ALOCG_00098,local_project,PROJECT_ROOT/outputs/final_delivery/closure/revp_final_file_hash_manifest_v1.csv,unknown,unknown,,,,official_flood_footprint,,,,,,,context_or_insufficient,local_geometry_parse,false,false,false,false,true,contexto ou geometria insuficiente
S16AFP_00099,S16ALOCG_00099,local_project,PROJECT_ROOT/outputs/final_delivery/closure/revp_final_file_hash_manifest_v1.json,unknown,unknown,,,,official_flood_footprint,,,,,,,context_or_insufficient,local_geometry_parse,false,false,false,false,true,contexto ou geometria insuficiente
S16AFP_00100,S16ALOCG_00100,local_project,PROJECT_ROOT/outputs/final_delivery/closure/revp_final_integrity_gate_v1.csv,unknown,unknown,,,,insufficient,,,,,,,context_or_insufficient,local_geometry_parse,false,false,false,false,true,contexto ou geometria insuficiente
S16AFP_00101,S16ALOCG_00101,local_project,PROJECT_ROOT/outputs/final_delivery/patch_audit_dashboard/patch_data.json,unknown,unknown,,,,official_flood_footprint,,,,,,,context_or_insufficient,local_geometry_parse,false,false,false,false,true,contexto ou geometria insuficiente
S16AFP_00102,S16ALOCG_00102,local_project,PROJECT_ROOT/outputs/final_delivery/tables/table_02_regional_methodological_roles_v1.csv,unknown,unknown,,,,official_flood_footprint,,,,,,,context_or_insufficient,local_geometry_parse,false,false,false,false,true,contexto ou geometria insuficiente
S16AFP_00103,S16ALOCG_00103,local_project,PROJECT_ROOT/outputs/final_delivery/tables/table_03_local_context_by_region_v1.csv,unknown,unknown,,,,official_susceptibility_reference,,,,,,,context_or_insufficient,local_geometry_parse,false,false,false,false,true,contexto ou geometria insuficiente
S16AFP_00104,S16ALOCG_00104,local_project,PROJECT_ROOT/outputs/final_delivery/tables/table_05_allowed_and_forbidden_claims_v1.csv,unknown,unknown,,,,official_flood_footprint,,,,,,,context_or_insufficient,local_geometry_parse,false,false,false,false,true,contexto ou geometria insuficiente
S16AFP_00105,S16ALOCG_00105,local_project,PROJECT_ROOT/outputs/final_delivery/bundle_v1/manifests/revp_final_file_hash_manifest_v1.csv,unknown,unknown,,,,official_flood_footprint,,,,,,,context_or_insufficient,local_geometry_parse,false,false,false,false,true,contexto ou geometria insuficiente
S16AFP_00106,S16ALOCG_00106,local_project,PROJECT_ROOT/outputs/final_delivery/bundle_v1/manifests/revp_final_file_hash_manifest_v1.json,unknown,unknown,,,,official_flood_footprint,,,,,,,context_or_insufficient,local_geometry_parse,false,false,false,false,true,contexto ou geometria insuficiente
S16AFP_00107,S16ALOCG_00107,local_project,PROJECT_ROOT/outputs/final_delivery/bundle_v1/master/revp_final_patch_evidence_compiled_v1.csv,unknown,unknown,,,,official_flood_footprint,,,,,,,context_or_insufficient,local_geometry_parse,false,false,false,false,true,contexto ou geometria insuficiente
S16AFP_00108,S16ALOCG_00108,local_project,PROJECT_ROOT/outputs/final_delivery/bundle_v1/master/revp_final_patch_evidence_compiled_v1.json,unknown,unknown,,,,official_flood_footprint,,,,,,,context_or_insufficient,local_geometry_parse,false,false,false,false,true,contexto ou geometria insuficiente
S16AFP_00109,S16ALOCG_00109,local_project,PROJECT_ROOT/outputs/final_delivery/bundle_v1/master/revp_final_patch_evidence_compiled_v2.csv,unknown,unknown,,,,official_flood_footprint,,,,,,,context_or_insufficient,local_geometry_parse,false,false,false,false,true,contexto ou geometria insuficiente
S16AFP_00110,S16ALOCG_00110,local_project,PROJECT_ROOT/outputs/final_delivery/bundle_v1/master/revp_regional_methodological_contribution_matrix_v2.csv,unknown,unknown,,,,official_flood_footprint,,,,,,,context_or_insufficient,local_geometry_parse,false,false,false,false,true,contexto ou geometria insuficiente
S16AFP_00111,S16ALOCG_00111,local_project,PROJECT_ROOT/outputs/final_delivery/bundle_v1/master/revp_regional_safe_claims_v2.csv,unknown,unknown,,,,official_flood_footprint,,,,,,,context_or_insufficient,local_geometry_parse,false,false,false,false,true,contexto ou geometria insuficiente
S16AFP_00112,S16ALOCG_00112,local_project,PROJECT_ROOT/outputs/final_delivery/bundle_v1/master/revp_regional_synthesis_v2.csv,unknown,unknown,,,,official_flood_footprint,,,,,,,context_or_insufficient,local_geometry_parse,false,false,false,false,true,contexto ou geometria insuficiente
S16AFP_00113,S16ALOCG_00113,local_project,PROJECT_ROOT/outputs/final_delivery/bundle_v1/qa/revp_final_claims_scan_v1.csv,unknown,unknown,,,,official_flood_footprint,,,,,,,context_or_insufficient,local_geometry_parse,false,false,false,false,true,contexto ou geometria insuficiente
S16AFP_00114,S16ALOCG_00114,local_project,PROJECT_ROOT/outputs/final_delivery/bundle_v1/qa/revp_final_integrity_gate_v1.csv,unknown,unknown,,,,insufficient,,,,,,,context_or_insufficient,local_geometry_parse,false,false,false,false,true,contexto ou geometria insuficiente
S16AFP_00115,S16ALOCG_00115,local_project,PROJECT_ROOT/outputs/final_delivery/bundle_v1/tables/table_02_regional_methodological_roles_v1.csv,unknown,unknown,,,,official_flood_footprint,,,,,,,context_or_insufficient,local_geometry_parse,false,false,false,false,true,contexto ou geometria insuficiente
S16AFP_00116,S16ALOCG_00116,local_project,PROJECT_ROOT/outputs/final_delivery/bundle_v1/tables/table_03_local_context_by_region_v1.csv,unknown,unknown,,,,official_susceptibility_reference,,,,,,,context_or_insufficient,local_geometry_parse,false,false,false,false,true,contexto ou geometria insuficiente
S16AFP_00117,S16ALOCG_00117,local_project,PROJECT_ROOT/outputs/final_delivery/bundle_v1/tables/table_05_allowed_and_forbidden_claims_v1.csv,unknown,unknown,,,,official_flood_footprint,,,,,,,context_or_insufficient,local_geometry_parse,false,false,false,false,true,contexto ou geometria insuficiente
S16AFP_00118,S16ALOCG_00118,local_project,PROJECT_ROOT/outputs/external_validation/geocuritiba_sidecar/geocuritiba_revp_curitiba_subset_audit_v1.csv,curitiba,curitiba,,,,official_susceptibility_reference,,,,,,,context_or_insufficient,local_geometry_parse,false,false,false,false,true,contexto ou geometria insuficiente
S16AFP_00119,S16ALOCG_00119,local_project,PROJECT_ROOT/outputs/external_validation/petropolis_source_audit/petropolis_terrain_sources_audit_v1.csv,petropolis,petropolis,,,,official_flood_footprint,,,,,,,context_or_insufficient,local_geometry_parse,false,false,false,false,true,contexto ou geometria insuficiente
S16AFP_00120,S16ALOCG_00120,local_project,PROJECT_ROOT/outputs/external_validation/petropolis_source_audit/petropolis_terrain_sources_audit_v1.json,petropolis,petropolis,,,,official_flood_footprint,,,,,,,context_or_insufficient,local_geometry_parse,false,false,false,false,true,contexto ou geometria insuficiente
S16AFP_00121,S16ALOCG_00121,local_project,PROJECT_ROOT/outputs/external_validation/revp_canonical_bbox_crs_comparison_v1q3a/3_QA_v1q3a.csv,unknown,unknown,,,,insufficient,,,,,,,context_or_insufficient,local_geometry_parse,false,false,false,false,true,contexto ou geometria insuficiente
S16AFP_00122,S16ALOCG_00122,local_project,PROJECT_ROOT/outputs/external_validation/revp_checked_canonical_final/revp_checked_canonical_claims_policy_v1.csv,unknown,unknown,,,,official_susceptibility_reference,,,,,,,context_or_insufficient,local_geometry_parse,false,false,false,false,true,contexto ou geometria insuficiente
S16AFP_00123,S16ALOCG_00123,local_project,PROJECT_ROOT/outputs/external_validation/revp_checked_canonical_final/revp_checked_canonical_final_matrix_by_patch_v1.csv,unknown,unknown,,,,official_susceptibility_reference,,,,,,,context_or_insufficient,local_geometry_parse,false,false,false,false,true,contexto ou geometria insuficiente
S16AFP_00124,S16ALOCG_00124,local_project,PROJECT_ROOT/outputs/external_validation/revp_curitiba_external_validation_masterpack_v1ac/10_CURITIBA_VALIDATION_STRENGTH_v1ac.csv,curitiba,curitiba,,,,insufficient,,,,,,,context_or_insufficient,local_geometry_parse,false,false,false,false,true,contexto ou geometria insuficiente
S16AFP_00125,S16ALOCG_00125,local_project,PROJECT_ROOT/outputs/external_validation/revp_curitiba_external_validation_masterpack_v1ac/2_SUMMARY_v1ac.json,curitiba,curitiba,,,,insufficient,,,,,,,context_or_insufficient,local_geometry_parse,false,false,false,false,true,contexto ou geometria insuficiente
S16AFP_00126,S16ALOCG_00126,local_project,PROJECT_ROOT/outputs/external_validation/revp_curitiba_external_validation_masterpack_v1ac/3_QA_v1ac.csv,curitiba,curitiba,,,,insufficient,,,,,,,context_or_insufficient,local_geometry_parse,false,false,false,false,true,contexto ou geometria insuficiente
S16AFP_00127,S16ALOCG_00127,local_project,PROJECT_ROOT/outputs/external_validation/revp_curitiba_external_validation_masterpack_v1ac/7_CURITIBA_PATCH_REVIEW_v1ac.csv,curitiba,curitiba,,,,insufficient,,,,,,,context_or_insufficient,local_geometry_parse,false,false,false,false,true,contexto ou geometria insuficiente
S16AFP_00128,S16ALOCG_00128,local_project,PROJECT_ROOT/outputs/external_validation/revp_curitiba_visual_cartographic_review_v1y/curitiba_cartographic_review_by_patch_v1y.csv,curitiba,curitiba,,,,insufficient,,,,,,,context_or_insufficient,local_geometry_parse,false,false,false,false,true,contexto ou geometria insuficiente
S16AFP_00129,S16ALOCG_00129,local_project,PROJECT_ROOT/outputs/external_validation/revp_final_patch_evidence_registry_v1aj/2_SUMMARY_v1aj.json,unknown,unknown,,,,insufficient,,,,,,,context_or_insufficient,local_geometry_parse,false,false,false,false,true,contexto ou geometria insuficiente
S16AFP_00130,S16ALOCG_00130,local_project,PROJECT_ROOT/outputs/external_validation/revp_final_patch_evidence_registry_v1aj/3_QA_v1aj.csv,unknown,unknown,,,,insufficient,,,,,,,context_or_insufficient,local_geometry_parse,false,false,false,false,true,contexto ou geometria insuficiente
S16AFP_00131,S16ALOCG_00131,local_project,PROJECT_ROOT/outputs/external_validation/revp_petropolis_external_validation_masterpack_v1ad/11_PETROPOLIS_VALIDATION_STRENGTH_v1ad.csv,petropolis,petropolis,,,,insufficient,,,,,,,context_or_insufficient,local_geometry_parse,false,false,false,false,true,contexto ou geometria insuficiente
S16AFP_00132,S16ALOCG_00132,local_project,PROJECT_ROOT/outputs/external_validation/revp_petropolis_external_validation_masterpack_v1ad/2_SUMMARY_v1ad.json,petropolis,petropolis,,,,official_flood_footprint,,,,,,,context_or_insufficient,local_geometry_parse,false,false,false,false,true,contexto ou geometria insuficiente
S16AFP_00133,S16ALOCG_00133,local_project,PROJECT_ROOT/outputs/external_validation/revp_petropolis_external_validation_masterpack_v1ad/3_QA_v1ad.csv,petropolis,petropolis,,,,insufficient,,,,,,,context_or_insufficient,local_geometry_parse,false,false,false,false,true,contexto ou geometria insuficiente
S16AFP_00134,S16ALOCG_00134,local_project,PROJECT_ROOT/outputs/external_validation/revp_petropolis_external_validation_masterpack_v1ad/8_PETROPOLIS_PATCH_REVIEW_v1ad.csv,petropolis,petropolis,,,,official_susceptibility_reference,,,,,,,context_or_insufficient,local_geometry_parse,false,false,false,false,true,contexto ou geometria insuficiente
S16AFP_00135,S16ALOCG_00135,local_project,PROJECT_ROOT/outputs/external_validation/revp_petropolis_external_validation_masterpack_v1ad/9_PETROPOLIS_MANUAL_DOWNLOAD_QUEUE_v1ad.csv,petropolis,petropolis,,,,official_susceptibility_reference,,,,,,,context_or_insufficient,local_geometry_parse,false,false,false,false,true,contexto ou geometria insuficiente
S16AFP_00136,S16ALOCG_00136,local_project,PROJECT_ROOT/outputs/external_validation/revp_petropolis_full_external_asset_acquisition_v1ae/11_PETROPOLIS_VALIDATION_STRENGTH_UPDATE_v1ae.csv,petropolis,petropolis,,,,insufficient,,,,,,,context_or_insufficient,local_geometry_parse,false,false,false,false,true,contexto ou geometria insuficiente
S16AFP_00137,S16ALOCG_00137,local_project,PROJECT_ROOT/outputs/external_validation/revp_petropolis_full_external_asset_acquisition_v1ae/2_SUMMARY_v1ae.json,petropolis,petropolis,,,,insufficient,,,,,,,context_or_insufficient,local_geometry_parse,false,false,false,false,true,contexto ou geometria insuficiente
S16AFP_00138,S16ALOCG_00138,local_project,PROJECT_ROOT/outputs/external_validation/revp_petropolis_full_external_asset_acquisition_v1ae/3_QA_v1ae.csv,petropolis,petropolis,,,,official_susceptibility_reference,,,,,,,context_or_insufficient,local_geometry_parse,false,false,false,false,true,contexto ou geometria insuficiente
S16AFP_00139,S16ALOCG_00139,local_project,PROJECT_ROOT/outputs/external_validation/revp_petropolis_full_external_asset_acquisition_v1ae/9_PDF_TEXT_EXTRACTION_INVENTORY_v1ae.csv,petropolis,petropolis,,,,official_risk_context,,,,,,,context_or_insufficient,local_geometry_parse,false,false,false,false,true,contexto ou geometria insuficiente
S16AFP_00140,S16ALOCG_00140,local_project,PROJECT_ROOT/outputs/external_validation/revp_petropolis_manual_download_reconciliation_v1af/11_PETROPOLIS_VALIDATION_STRENGTH_UPDATE_v1af.csv,petropolis,petropolis,,,,official_flood_footprint,,,,,,,context_or_insufficient,local_geometry_parse,false,false,false,false,true,contexto ou geometria insuficiente
S16AFP_00141,S16ALOCG_00141,local_project,PROJECT_ROOT/outputs/external_validation/revp_petropolis_manual_download_reconciliation_v1af/2_SUMMARY_v1af.json,petropolis,petropolis,,,,official_flood_footprint,,,,,,,context_or_insufficient,local_geometry_parse,false,false,false,false,true,contexto ou geometria insuficiente
S16AFP_00142,S16ALOCG_00142,local_project,PROJECT_ROOT/outputs/external_validation/revp_petropolis_manual_download_reconciliation_v1af/3_QA_v1af.csv,petropolis,petropolis,,,,official_flood_footprint,,,,,,,context_or_insufficient,local_geometry_parse,false,false,false,false,true,contexto ou geometria insuficiente
S16AFP_00143,S16ALOCG_00143,local_project,PROJECT_ROOT/outputs/external_validation/revp_recife_pe3d_full_stack_reconciliation_v1ah/11_REGIONAL_HARMONIZATION_UPDATE_v1ah.csv,recife,recife,,,,insufficient,,,,,,,context_or_insufficient,local_geometry_parse,false,false,false,false,true,contexto ou geometria insuficiente
S16AFP_00144,S16ALOCG_00144,local_project,PROJECT_ROOT/outputs/external_validation/revp_recife_pe3d_full_stack_reconciliation_v1ah/12_READY_FOR_TCC_OR_NEXT_STAGE_v1ah.csv,recife,recife,,,,insufficient,,,,,,,context_or_insufficient,local_geometry_parse,false,false,false,false,true,contexto ou geometria insuficiente
S16AFP_00145,S16ALOCG_00145,local_project,PROJECT_ROOT/outputs/external_validation/revp_recife_pe3d_full_stack_reconciliation_v1ah/2_SUMMARY_v1ah.json,recife,recife,,,,insufficient,,,,,,,context_or_insufficient,local_geometry_parse,false,false,false,false,true,contexto ou geometria insuficiente
S16AFP_00146,S16ALOCG_00146,local_project,PROJECT_ROOT/outputs/external_validation/revp_recife_pe3d_full_stack_reconciliation_v1ah/3_QA_v1ah.csv,recife,recife,,,,insufficient,,,,,,,context_or_insufficient,local_geometry_parse,false,false,false,false,true,contexto ou geometria insuficiente
S16AFP_00147,S16ALOCG_00147,local_project,PROJECT_ROOT/figures_publication_review_20260526_171906/04_documentacao_interna/recife_publication_v12/manifest_recife_publication_v12.csv,recife,recife,,,,official_flood_footprint,,,,,,,context_or_insufficient,local_geometry_parse,false,false,false,false,true,contexto ou geometria insuficiente
S16AFP_00148,S16ALOCG_00148,local_project,PROJECT_ROOT/figures_publication_review_20260526_171906/04_documentacao_interna/revp_article_figure_safe_v1/manifest_fig01_atlas.csv,unknown,unknown,,,,official_flood_footprint,,,,,,,context_or_insufficient,local_geometry_parse,false,false,false,false,true,contexto ou geometria insuficiente
S16AFP_00149,S16ALOCG_00149,local_project,PROJECT_ROOT/figures_publication_review_20260526_171906/02_apendice_tecnico/revp_patch_visuals_master_final/01_figure_manifest.csv,unknown,unknown,,,,official_flood_footprint,,,,,,,context_or_insufficient,local_geometry_parse,false,false,false,false,true,contexto ou geometria insuficiente
S16AFP_00150,S16ALOCG_00150,local_project,PROJECT_ROOT/figures_article_final_20260526_180717/04_reports/02_final_figure_manifest.csv,unknown,unknown,,,,official_flood_footprint,,,,,,,context_or_insufficient,local_geometry_parse,false,false,false,false,true,contexto ou geometria insuficiente
S16AFP_00151,S16ALOCG_00151,local_project,PROJECT_ROOT/figures/recife_publication_v12/manifest_recife_publication_v12.csv,recife,recife,,,,official_flood_footprint,,,,,,,context_or_insufficient,local_geometry_parse,false,false,false,false,true,contexto ou geometria insuficiente
S16AFP_00152,S16ALOCG_00152,local_project,PROJECT_ROOT/figures/revp_article_figure_safe_v1/manifest_fig01_atlas.csv,unknown,unknown,,,,official_flood_footprint,,,,,,,context_or_insufficient,local_geometry_parse,false,false,false,false,true,contexto ou geometria insuficiente
S16AFP_00153,S16ALOCG_00153,local_project,PROJECT_ROOT/figures/revp_patch_visuals_master_final/01_figure_manifest.csv,unknown,unknown,,,,official_flood_footprint,,,,,,,context_or_insufficient,local_geometry_parse,false,false,false,false,true,contexto ou geometria insuficiente
S16AFP_00154,S16ALOCG_00154,local_project,PROJECT_ROOT/figuras_revp_artigo/99_relatorio/claim_language_check.csv,unknown,unknown,,,,official_flood_footprint,,,,,,,context_or_insufficient,local_geometry_parse,false,false,false,false,true,contexto ou geometria insuficiente
S16AFP_00155,S16ALOCG_00155,local_project,PROJECT_ROOT/data/raw/recife/esig_emlurb_drenagem/BASES_DRENAGEM_RECIFE_MI_MapServer_metadata.json,recife,recife,,,,insufficient,,,,,,,context_or_insufficient,local_geometry_parse,false,false,false,false,true,contexto ou geometria insuficiente
S16AFP_00156,S16ALOCG_00156,local_project,PROJECT_ROOT/data/raw/recife/esig_emlurb_drenagem/layer_00_elementos_da_rede_metadata.json,recife,recife,,,,insufficient,Feature Layer,,,,,,context_or_insufficient,local_geometry_parse,false,false,false,false,true,contexto ou geometria insuficiente
S16AFP_00157,S16ALOCG_00157,local_project,PROJECT_ROOT/data/raw/recife/esig_emlurb_drenagem/layer_00_elementos_da_rede_raw.geojson,recife,recife,,,,insufficient,Point,,,-34.99310370;-8.15647086;-34.86959487;-7.96056564,,PROJECT_ROOT/data/raw/recife/esig_emlurb_drenagem/layer_00_elementos_da_rede_raw.geojson,context_or_insufficient,local_geometry_parse,false,false,false,false,true,contexto ou geometria insuficiente
S16AFP_00158,S16ALOCG_00158,local_project,PROJECT_ROOT/data/raw/recife/esig_emlurb_drenagem/layer_01_rede_metadata.json,recife,recife,,,,insufficient,Feature Layer,,,,,,context_or_insufficient,local_geometry_parse,false,false,false,false,true,contexto ou geometria insuficiente
S16AFP_00159,S16ALOCG_00159,local_project,PROJECT_ROOT/data/raw/recife/esig_emlurb_drenagem/layer_01_rede_raw.geojson,recife,recife,,,,insufficient,LineString,,,-34.99280166;-8.15647086;-34.86959487;-7.96056564,,PROJECT_ROOT/data/raw/recife/esig_emlurb_drenagem/layer_01_rede_raw.geojson,context_or_insufficient,local_geometry_parse,false,false,false,false,true,contexto ou geometria insuficiente
S16AFP_00160,S16ALOCG_00160,local_project,PROJECT_ROOT/data/raw/recife/esig_emlurb_drenagem/layer_02_canaleta_metadata.json,recife,recife,,,,insufficient,Feature Layer,,,,,,context_or_insufficient,local_geometry_parse,false,false,false,false,true,contexto ou geometria insuficiente
S16AFP_00161,S16ALOCG_00161,local_project,PROJECT_ROOT/data/raw/recife/esig_emlurb_drenagem/layer_02_canaleta_raw.geojson,recife,recife,,,,insufficient,LineString,,,-34.99310370;-8.14668700;-34.87109293;-7.96272277,,PROJECT_ROOT/data/raw/recife/esig_emlurb_drenagem/layer_02_canaleta_raw.geojson,context_or_insufficient,local_geometry_parse,false,false,false,false,true,contexto ou geometria insuficiente
S16AFP_00162,S16ALOCG_00162,local_project,PROJECT_ROOT/data/raw/recife/esig_emlurb_macrodrenagem/BASES_DRENAGEM_RECIFE_MA_MapServer_metadata.json,recife,recife,,,,insufficient,,,,,,,context_or_insufficient,local_geometry_parse,false,false,false,false,true,contexto ou geometria insuficiente
S16AFP_00163,S16ALOCG_00163,local_project,PROJECT_ROOT/data/raw/recife/esig_emlurb_macrodrenagem/layer_00_inicio_e_fim_dos_trechos_metadata.json,recife,recife,,,,insufficient,Feature Layer,,,,,,context_or_insufficient,local_geometry_parse,false,false,false,false,true,contexto ou geometria insuficiente
S16AFP_00164,S16ALOCG_00164,local_project,PROJECT_ROOT/data/raw/recife/esig_emlurb_macrodrenagem/layer_00_inicio_e_fim_dos_trechos_raw.geojson,recife,recife,,,,insufficient,Point,,,-34.99655720;-8.15653066;-34.87033858;-7.98766950,,PROJECT_ROOT/data/raw/recife/esig_emlurb_macrodrenagem/layer_00_inicio_e_fim_dos_trechos_raw.geojson,context_or_insufficient,local_geometry_parse,false,false,false,false,true,contexto ou geometria insuficiente
S16AFP_00165,S16ALOCG_00165,local_project,PROJECT_ROOT/data/raw/recife/esig_emlurb_macrodrenagem/layer_01_nome_do_trecho_metadata.json,recife,recife,,,,insufficient,Feature Layer,,,,,,context_or_insufficient,local_geometry_parse,false,false,false,false,true,contexto ou geometria insuficiente
S16AFP_00166,S16ALOCG_00166,local_project,PROJECT_ROOT/data/raw/recife/esig_emlurb_macrodrenagem/layer_01_nome_do_trecho_raw.geojson,recife,recife,,,,insufficient,LineString,,,-34.99655720;-8.15653066;-34.86882073;-7.98766950,,PROJECT_ROOT/data/raw/recife/esig_emlurb_macrodrenagem/layer_01_nome_do_trecho_raw.geojson,context_or_insufficient,local_geometry_parse,false,false,false,false,true,contexto ou geometria insuficiente
S16AFP_00167,S16ALOCG_00167,local_project,PROJECT_ROOT/data/raw/recife/esig_emlurb_macrodrenagem/layer_02_canais_metadata.json,recife,recife,,,,insufficient,Feature Layer,,,,,,context_or_insufficient,local_geometry_parse,false,false,false,false,true,contexto ou geometria insuficiente
S16AFP_00168,S16ALOCG_00168,local_project,PROJECT_ROOT/data/raw/recife/esig_emlurb_macrodrenagem/layer_02_canais_raw.geojson,recife,recife,,,,insufficient,LineString,,,-34.99655720;-8.15653066;-34.86882073;-7.98766950,,PROJECT_ROOT/data/raw/recife/esig_emlurb_macrodrenagem/layer_02_canais_raw.geojson,context_or_insufficient,local_geometry_parse,false,false,false,false,true,contexto ou geometria insuficiente
S16AFP_00169,S16ALOCG_00169,local_project,PROJECT_ROOT/data/raw/recife/esig_emlurb_macrodrenagem/layer_03_rios_e_riachos_metadata.json,recife,recife,,,,insufficient,Feature Layer,,,,,,context_or_insufficient,local_geometry_parse,false,false,false,false,true,contexto ou geometria insuficiente
S16AFP_00170,S16ALOCG_00170,local_project,PROJECT_ROOT/data/raw/recife/esig_emlurb_macrodrenagem/layer_03_rios_e_riachos_raw.geojson,recife,recife,,,,insufficient,LineString,,,-35.01783948;-8.12238207;-34.85915274;-7.94552455,,PROJECT_ROOT/data/raw/recife/esig_emlurb_macrodrenagem/layer_03_rios_e_riachos_raw.geojson,context_or_insufficient,local_geometry_parse,false,false,false,false,true,contexto ou geometria insuficiente
S16AFP_00171,S16ALOCG_00171,local_project,PROJECT_ROOT/data/raw/recife/esig_emlurb_macrodrenagem/layer_04_bacias_dos_rios_metadata.json,recife,recife,,,,insufficient,Feature Layer,,,,,,context_or_insufficient,local_geometry_parse,false,false,false,false,true,contexto ou geometria insuficiente
S16AFP_00172,S16ALOCG_00172,local_project,PROJECT_ROOT/data/raw/recife/esig_emlurb_macrodrenagem/layer_04_bacias_dos_rios_raw.geojson,recife,recife,,,,insufficient,Polygon,,,-35.01851465;-8.15560332;-34.85958191;-7.92649693,,PROJECT_ROOT/data/raw/recife/esig_emlurb_macrodrenagem/layer_04_bacias_dos_rios_raw.geojson,context_or_insufficient,local_geometry_parse,false,false,false,false,true,contexto ou geometria insuficiente
S16AFP_00173,S16ALOCG_00173,local_project,PROJECT_ROOT/data/raw/recife/official_address_base/area_urbana_package_metadata.json,recife,recife,,,,official_flood_footprint,,,,,,,context_or_insufficient,local_geometry_parse,false,false,false,false,true,contexto ou geometria insuficiente
S16AFP_00174,S16ALOCG_00174,local_project,PROJECT_ROOT/data/raw/recife/official_address_base/bairros_do_recife.geojson,recife,recife,,,,insufficient,MultiPolygon,,,-35.01683583;-8.15532516;-34.85755938;-7.92899507,,PROJECT_ROOT/data/raw/recife/official_address_base/bairros_do_recife.geojson,context_or_insufficient,local_geometry_parse,false,false,false,false,true,contexto ou geometria insuficiente
S16AFP_00175,S16ALOCG_00175,local_project,PROJECT_ROOT/data/raw/recife/official_address_base/esig_hosted_logradouros_lista_table.json,recife,recife,,,,insufficient,,,,,,,context_or_insufficient,local_geometry_parse,false,false,false,false,true,contexto ou geometria insuficiente
S16AFP_00176,S16ALOCG_00176,local_project,PROJECT_ROOT/data/raw/recife/official_address_base/face_de_quadra.geojson,recife,recife,,,,insufficient,MultiLineString,,,-35.01544106;-8.15516580;-34.85877882;-7.92654535,,PROJECT_ROOT/data/raw/recife/official_address_base/face_de_quadra.geojson,context_or_insufficient,local_geometry_parse,false,false,false,false,true,contexto ou geometria insuficiente
S16AFP_00177,S16ALOCG_00177,local_project,PROJECT_ROOT/data/raw/recife/official_address_base/logradouros_por_face_de_quadra.csv,recife,recife,,,,insufficient,,,,,,,context_or_insufficient,local_geometry_parse,false,false,false,false,true,contexto ou geometria insuficiente
S16AFP_00178,S16ALOCG_00178,local_project,PROJECT_ROOT/data/raw/recife/official_address_base/lotes.geojson,recife,recife,,,,insufficient,MultiPolygon,,,-34.99927432;-8.15496962;-34.86623785;-7.93194742,,PROJECT_ROOT/data/raw/recife/official_address_base/lotes.geojson,context_or_insufficient,local_geometry_parse,false,false,false,false,true,contexto ou geometria insuficiente
S16AFP_00179,S16ALOCG_00179,local_project,PROJECT_ROOT/data/raw/recife/official_address_base/trechos_de_logradouros.geojson,recife,recife,,,,insufficient,MultiLineString,,,-35.01549844;-8.15516663;-34.85875041;-7.92650506,,PROJECT_ROOT/data/raw/recife/official_address_base/trechos_de_logradouros.geojson,context_or_insufficient,local_geometry_parse,false,false,false,false,true,contexto ou geometria insuficiente
S16AFP_00180,S16ALOCG_00180,local_project,PROJECT_ROOT/data/raw/recife/official_address_base/trechos_de_logradouros_por_bairro.csv,recife,recife,,,,insufficient,,,,,,,context_or_insufficient,local_geometry_parse,false,false,false,false,true,contexto ou geometria insuficiente
S16AFP_00181,S16ALOCG_00181,local_project,PROJECT_ROOT/data/raw/recife/seced_defesa_civil/abrigos-temporarios-disponiveis_package_metadata.json,recife,recife,,,,official_flood_footprint,dataset,,,,,,context_or_insufficient,local_geometry_parse,false,false,false,false,true,contexto ou geometria insuficiente
S16AFP_00182,S16ALOCG_00182,local_project,PROJECT_ROOT/data/raw/recife/seced_defesa_civil/abrigos_temporarios_disponiveis__abrigos_temporario__35566d21-a428-4595-89dc-eb405380b33e.csv,recife,recife,,,,insufficient,,,,,,,context_or_insufficient,local_geometry_parse,false,false,false,false,true,contexto ou geometria insuficiente
S16AFP_00183,S16ALOCG_00183,local_project,PROJECT_ROOT/data/raw/recife/seced_defesa_civil/defesa-civil_package_metadata.json,recife,recife,,,,official_flood_footprint,dataset,,,,,,context_or_insufficient,local_geometry_parse,false,false,false,false,true,contexto ou geometria insuficiente
S16AFP_00184,S16ALOCG_00184,local_project,PROJECT_ROOT/data/raw/recife/seced_defesa_civil/defesa_civil__areas_de_risco_da_regional_sul__75344435-aca8-4aef-ab2c-9521d6e5ff18.csv,recife,recife,,,,official_risk_context,,,,,,,context_or_insufficient,local_geometry_parse,false,false,false,false,true,contexto ou geometria insuficiente
S16AFP_00185,S16ALOCG_00185,local_project,PROJECT_ROOT/data/raw/recife/seced_defesa_civil/defesa_civil__coordenadas_geograficas_da_regiao_sul__ec18759d-fac2-445e-ae72-af9d9210b831.geojson,recife,recife,,,,insufficient,Point,,,-34.95727134;-8.13851668;-34.92907433;-8.10852020,,PROJECT_ROOT/data/raw/recife/seced_defesa_civil/defesa_civil__coordenadas_geograficas_da_regiao_sul__ec18759d-fac2-445e-ae72-af9d9210b831.geojson,context_or_insufficient,local_geometry_parse,false,false,false,false,true,contexto ou geometria insuficiente
S16AFP_00186,S16ALOCG_00186,local_project,PROJECT_ROOT/data/raw/recife/seced_defesa_civil/defesa_civil__dicionario_de_dados_das_areas_de_risco__bb0c4134-cac8-4588-88be-97fed5a11759.json,recife,recife,,,,official_risk_context,,,,,,,context_or_insufficient,local_geometry_parse,false,false,false,false,true,contexto ou geometria insuficiente
S16AFP_00187,S16ALOCG_00187,local_project,PROJECT_ROOT/data/raw/recife/seced_defesa_civil/demandas-dos-cidadaos-e-servicos-dados-vivos-recife_package_metadata.json,recife,recife,,,,official_flood_footprint,dataset,,,,,,context_or_insufficient,local_geometry_parse,false,false,false,false,true,contexto ou geometria insuficiente
S16AFP_00188,S16ALOCG_00188,local_project,PROJECT_ROOT/data/raw/recife/seced_defesa_civil/demandas_dos_cidadaos_e_servicos_dados_vivos_recife__dicionario_de_dados_156_tempo_real__5250ccfe-d050-4251-b0c1-bc98c8785e9b.json,recife,recife,,,,insufficient,,,,,,,context_or_insufficient,local_geometry_parse,false,false,false,false,true,contexto ou geometria insuficiente
S16AFP_00189,S16ALOCG_00189,local_project,PROJECT_ROOT/data/raw/recife/seced_defesa_civil/demandas_dos_cidadaos_e_servicos_dados_vivos_recife__dicionario_de_dados_156_tempo_real__928eacb9-c44d-4cfc-9916-da58521c5ec2.json,recife,recife,,,,insufficient,,,,,,,context_or_insufficient,local_geometry_parse,false,false,false,false,true,contexto ou geometria insuficiente
S16AFP_00190,S16ALOCG_00190,local_project,PROJECT_ROOT/data/raw/recife/seced_defesa_civil/demandas_dos_cidadaos_e_servicos_dados_vivos_recife__dicionario_de_dados_sedec_chamados__341801f3-3502-4a31-a12b-bab666a732e8.json,recife,recife,,,,official_risk_context,,,,,,,context_or_insufficient,local_geometry_parse,false,false,false,false,true,contexto ou geometria insuficiente
S16AFP_00191,S16ALOCG_00191,local_project,PROJECT_ROOT/data/raw/recife/seced_defesa_civil/demandas_dos_cidadaos_e_servicos_dados_vivos_recife__dicionario_de_dados_sedec_chamados__a91bf971-a364-401c-bd0c-cd54fd8742ab.json,recife,recife,,,,official_risk_context,,,,,,,context_or_insufficient,local_geometry_parse,false,false,false,false,true,contexto ou geometria insuficiente
S16AFP_00192,S16ALOCG_00192,local_project,PROJECT_ROOT/data/raw/recife/seced_defesa_civil/demandas_dos_cidadaos_e_servicos_dados_vivos_recife__dicionario_de_dados_sedec_lonas__0b2a9ac8-d456-4627-a952-3d4d0cb12f90.json,recife,recife,,,,official_observed_event_point,,,,,,,context_or_insufficient,local_geometry_parse,false,false,false,false,true,contexto ou geometria insuficiente
S16AFP_00193,S16ALOCG_00193,local_project,PROJECT_ROOT/data/raw/recife/seced_defesa_civil/demandas_dos_cidadaos_e_servicos_dados_vivos_recife__dicionario_de_dados_sedec_lonas__332216db-2637-459d-9d0c-33ac79515db1.json,recife,recife,,,,official_observed_event_point,,,,,,,context_or_insufficient,local_geometry_parse,false,false,false,false,true,contexto ou geometria insuficiente
S16AFP_00194,S16ALOCG_00194,local_project,PROJECT_ROOT/data/raw/recife/seced_defesa_civil/demandas_dos_cidadaos_e_servicos_dados_vivos_recife__dicionario_de_dados_sedec_vistorias__0aa2ff23-cdda-40a3-953e-f279ec19986a.json,recife,recife,,,,official_risk_context,,,,,,,context_or_insufficient,local_geometry_parse,false,false,false,false,true,contexto ou geometria insuficiente
S16AFP_00195,S16ALOCG_00195,local_project,PROJECT_ROOT/data/raw/recife/seced_defesa_civil/demandas_dos_cidadaos_e_servicos_dados_vivos_recife__dicionario_de_dados_sedec_vistorias__70ba74a8-9d49-4449-8a11-6edc5b60ab2c.json,recife,recife,,,,official_risk_context,,,,,,,context_or_insufficient,local_geometry_parse,false,false,false,false,true,contexto ou geometria insuficiente
S16AFP_00196,S16ALOCG_00196,local_project,PROJECT_ROOT/data/raw/recife/seced_defesa_civil/demandas_dos_cidadaos_e_servicos_dados_vivos_recife__dicionario_de_dados_solicitacoes_tempo_real__1cfa58e7-ae4f-46ac-bbac-2ca89834bf85.json,recife,recife,,,,official_risk_context,,,,,,,context_or_insufficient,local_geometry_parse,false,false,false,false,true,contexto ou geometria insuficiente
S16AFP_00197,S16ALOCG_00197,local_project,PROJECT_ROOT/data/raw/recife/seced_defesa_civil/demandas_dos_cidadaos_e_servicos_dados_vivos_recife__dicionario_de_dados_solicitacoes_tempo_real__f0f7601f-6048-49a7-895d-9933bebd9f25.json,recife,recife,,,,official_risk_context,,,,,,,context_or_insufficient,local_geometry_parse,false,false,false,false,true,contexto ou geometria insuficiente
S16AFP_00198,S16ALOCG_00198,local_project,PROJECT_ROOT/data/raw/recife/seced_defesa_civil/demandas_dos_cidadaos_e_servicos_dados_vivos_recife__dicionario_de_dados_tipo_ocorrencias_tempo_real__426463b2-66e2-40b9-b2e1-e98867a24489.json,recife,recife,,,,official_risk_context,,,,,,,context_or_insufficient,local_geometry_parse,false,false,false,false,true,contexto ou geometria insuficiente
S16AFP_00199,S16ALOCG_00199,local_project,PROJECT_ROOT/data/raw/recife/seced_defesa_civil/demandas_dos_cidadaos_e_servicos_dados_vivos_recife__dicionario_de_dados_tipo_ocorrencias_tempo_real__b7b49788-4ee8-4443-bfb7-afc5ba2a3d83.json,recife,recife,,,,official_risk_context,,,,,,,context_or_insufficient,local_geometry_parse,false,false,false,false,true,contexto ou geometria insuficiente
S16AFP_00200,S16ALOCG_00200,local_project,PROJECT_ROOT/data/raw/recife/seced_defesa_civil/demandas_dos_cidadaos_e_servicos_dados_vivos_recife__dicionario_de_dados_velocidade_das_vias__62439c61-7e44-49de-8512-008f66293e24.json,recife,recife,,,,insufficient,,,,,,,context_or_insufficient,local_geometry_parse,false,false,false,false,true,contexto ou geometria insuficiente
S16AFP_00201,S16ALOCG_00201,local_project,PROJECT_ROOT/data/raw/recife/seced_defesa_civil/demandas_dos_cidadaos_e_servicos_dados_vivos_recife__dicionario_de_dados_velocidade_das_vias__a50830b1-c510-4616-a1ce-329755a37a04.json,recife,recife,,,,insufficient,,,,,,,context_or_insufficient,local_geometry_parse,false,false,false,false,true,contexto ou geometria insuficiente
S16AFP_00202,S16ALOCG_00202,local_project,PROJECT_ROOT/data/raw/recife/seced_defesa_civil/demandas_dos_cidadaos_e_servicos_dados_vivos_recife__faixa_azul_velocidade_das_vias_em_tempo_real__be197123-cbb1-4541-880a-89e4fefb7961.json,recife,recife,,,,insufficient,,,,,,,context_or_insufficient,local_geometry_parse,false,false,false,false,true,contexto ou geometria insuficiente
S16AFP_00203,S16ALOCG_00203,local_project,PROJECT_ROOT/data/raw/recife/seced_defesa_civil/demandas_dos_cidadaos_e_servicos_dados_vivos_recife__faixa_azul_velocidade_das_vias_em_tempo_real__ff971c3c-e4da-4d63-a285-f6354414c19b.json,recife,recife,,,,insufficient,,,,,,,context_or_insufficient,local_geometry_parse,false,false,false,false,true,contexto ou geometria insuficiente
S16AFP_00204,S16ALOCG_00204,local_project,PROJECT_ROOT/data/raw/recife/seced_defesa_civil/demandas_dos_cidadaos_e_servicos_dados_vivos_recife__sedec_solicitacoes_tempo_real__2f8f3a95-c8dc-41dd-b396-e586276fed5c.csv,recife,recife,,,,official_observed_event_point,,,,,,,context_or_insufficient,local_geometry_parse,false,false,false,false,true,contexto ou geometria insuficiente
S16AFP_00205,S16ALOCG_00205,local_project,PROJECT_ROOT/data/raw/recife/seced_defesa_civil/demandas_dos_cidadaos_e_servicos_dados_vivos_recife__sedec_solicitacoes_tempo_real__fa135ecc-101d-40d7-88df-f38aa709a7d1.csv,recife,recife,,,,official_observed_event_point,,,,,,,context_or_insufficient,local_geometry_parse,false,false,false,false,true,contexto ou geometria insuficiente
S16AFP_00206,S16ALOCG_00206,local_project,PROJECT_ROOT/data/raw/recife/seced_defesa_civil/demandas_dos_cidadaos_e_servicos_dados_vivos_recife__sedec_vistorias_tempo_real__c9654429-a71f-4f10-aed7-a61cb532aa3d.csv,recife,recife,,,,insufficient,,,,,,,context_or_insufficient,local_geometry_parse,false,false,false,false,true,contexto ou geometria insuficiente
S16AFP_00207,S16ALOCG_00207,local_project,PROJECT_ROOT/data/raw/recife/seced_defesa_civil/demandas_dos_cidadaos_e_servicos_dados_vivos_recife__sedec_vistorias_tempo_real__d7c98300-5043-4d6c-92d7-20a519b25366.csv,recife,recife,,,,insufficient,,,,,,,context_or_insufficient,local_geometry_parse,false,false,false,false,true,contexto ou geometria insuficiente
S16AFP_00208,S16ALOCG_00208,local_project,PROJECT_ROOT/data/raw/recife/seced_defesa_civil/demandas_dos_cidadaos_e_servicos_dados_vivos_recife__solicitacoes_156_atendimentos_de_servicos_da_emlurb__c394160a-ea01-4ea4-a6f5-afae75ca2246.csv,recife,recife,,,,insufficient,,,,,,,context_or_insufficient,local_geometry_parse,false,false,false,false,true,contexto ou geometria insuficiente
S16AFP_00209,S16ALOCG_00209,local_project,PROJECT_ROOT/data/raw/recife/seced_defesa_civil/demandas_dos_cidadaos_e_servicos_dados_vivos_recife__solicitacoes_156_atendimentos_de_servicos_da_emlurb__f3b3a0ab-ac8f-4fe8-a1cc-c3afdd20081a.csv,recife,recife,,,,insufficient,,,,,,,context_or_insufficient,local_geometry_parse,false,false,false,false,true,contexto ou geometria insuficiente
S16AFP_00210,S16ALOCG_00210,local_project,PROJECT_ROOT/data/raw/recife/seced_defesa_civil/registro-de-atendimentos-da-defesa-civil_package_metadata.json,recife,recife,,,,official_flood_footprint,dataset,,,,,,context_or_insufficient,local_geometry_parse,false,false,false,false,true,contexto ou geometria insuficiente
S16AFP_00211,S16ALOCG_00211,local_project,PROJECT_ROOT/data/raw/recife/seced_defesa_civil/registro_de_atendimentos_da_defesa_civil__atendimentos_2014__b81bf4cc-ae19-4a43-94a7-f11b3e0b662b.csv,recife,recife,,,,official_risk_context,,,,,,,context_or_insufficient,local_geometry_parse,false,false,false,false,true,contexto ou geometria insuficiente
S16AFP_00212,S16ALOCG_00212,local_project,PROJECT_ROOT/data/raw/recife/seced_defesa_civil/registro_de_atendimentos_da_defesa_civil__atendimentos_2015__9a5103f7-6bd0-4694-90d6-7e776b1e372d.csv,recife,recife,,,,official_risk_context,,,,,,,context_or_insufficient,local_geometry_parse,false,false,false,false,true,contexto ou geometria insuficiente
S16AFP_00213,S16ALOCG_00213,local_project,PROJECT_ROOT/data/raw/recife/seced_defesa_civil/registro_de_atendimentos_da_defesa_civil__atendimentos_2016__932fee1e-80fd-49f8-9ae3-6e8dd96e33a3.csv,recife,recife,,,,official_risk_context,,,,,,,context_or_insufficient,local_geometry_parse,false,false,false,false,true,contexto ou geometria insuficiente
S16AFP_00214,S16ALOCG_00214,local_project,PROJECT_ROOT/data/raw/recife/seced_defesa_civil/registro_de_atendimentos_da_defesa_civil__atendimentos_2017__40e0558f-dc49-4ec7-b5e6-5a791703ae34.csv,recife,recife,,,,official_risk_context,,,,,,,context_or_insufficient,local_geometry_parse,false,false,false,false,true,contexto ou geometria insuficiente
S16AFP_00215,S16ALOCG_00215,local_project,PROJECT_ROOT/data/raw/recife/seced_defesa_civil/registro_de_atendimentos_da_defesa_civil__atendimentos_2018__a3a25520-de12-4f56-ae05-6dc1ec4c6207.csv,recife,recife,,,,official_risk_context,,,,,,,context_or_insufficient,local_geometry_parse,false,false,false,false,true,contexto ou geometria insuficiente
S16AFP_00216,S16ALOCG_00216,local_project,PROJECT_ROOT/data/raw/recife/seced_defesa_civil/registro_de_atendimentos_da_defesa_civil__atendimentos_2019__9bb859e1-19ae-4b95-9246-139b9273846f.csv,recife,recife,,,,official_risk_context,,,,,,,context_or_insufficient,local_geometry_parse,false,false,false,false,true,contexto ou geometria insuficiente
S16AFP_00217,S16ALOCG_00217,local_project,PROJECT_ROOT/data/raw/recife/seced_defesa_civil/registro_de_atendimentos_da_defesa_civil__atendimentos_2020__559ce500-deab-467d-862e-cf50332a9c26.csv,recife,recife,,,,official_risk_context,,,,,,,context_or_insufficient,local_geometry_parse,false,false,false,false,true,contexto ou geometria insuficiente
S16AFP_00218,S16ALOCG_00218,local_project,PROJECT_ROOT/data/raw/recife/seced_defesa_civil/registro_de_atendimentos_da_defesa_civil__atendimentos_2021__bf6f5af8-3556-425c-bfec-0eddccdeeb73.csv,recife,recife,,,,official_risk_context,,,,,,,context_or_insufficient,local_geometry_parse,false,false,false,false,true,contexto ou geometria insuficiente
S16AFP_00219,S16ALOCG_00219,local_project,PROJECT_ROOT/data/raw/recife/seced_defesa_civil/registro_de_atendimentos_da_defesa_civil__atendimentos_2022__10203dd4-9052-4a76-95eb-fd858aa053d4.csv,recife,recife,,,,official_flood_footprint,,,,,,,context_or_insufficient,local_geometry_parse,false,false,false,false,true,contexto ou geometria insuficiente
S16AFP_00220,S16ALOCG_00220,local_project,PROJECT_ROOT/data/raw/recife/seced_defesa_civil/registro_de_atendimentos_da_defesa_civil__atendimentos_2023__921d87c7-5ace-4856-9e3f-c31521259c36.csv,recife,recife,,,,official_risk_context,,,,,,,context_or_insufficient,local_geometry_parse,false,false,false,false,true,contexto ou geometria insuficiente
S16AFP_00221,S16ALOCG_00221,local_project,PROJECT_ROOT/data/raw/recife/seced_defesa_civil/registro_de_atendimentos_da_defesa_civil__atendimentos_2024__7c7bb871-3906-4d82-8993-857c9e6f137b.csv,recife,recife,,,,official_risk_context,,,,,,,context_or_insufficient,local_geometry_parse,false,false,false,false,true,contexto ou geometria insuficiente
S16AFP_00222,S16ALOCG_00222,local_project,PROJECT_ROOT/data/raw/recife/seced_defesa_civil/registro_de_atendimentos_da_defesa_civil__atendimentos_2025__f907decb-0fb6-491b-8b6c-0f53f277f413.csv,recife,recife,,,,official_risk_context,,,,,,,context_or_insufficient,local_geometry_parse,false,false,false,false,true,contexto ou geometria insuficiente
S16AFP_00223,S16ALOCG_00223,local_project,PROJECT_ROOT/data/raw/recife/sgb_cprm/extracted/Curvas_de_nivel/curvas_nivel_espaco_20m_sirgas_utm.shp.xml,recife,recife,,,,insufficient,,,,json_parse_failed,,,context_or_insufficient,local_geometry_parse,false,false,false,false,true,contexto ou geometria insuficiente
S16AFP_00224,S16ALOCG_00224,local_project,PROJECT_ROOT/data/raw/recife/sgb_cprm/extracted/Dados_hidrologicos/isoietas anuais medias.xml,recife,recife,,,,insufficient,,,,json_parse_failed,,,context_or_insufficient,local_geometry_parse,false,false,false,false,true,contexto ou geometria insuficiente
S16AFP_00225,S16ALOCG_00225,local_project,PROJECT_ROOT/data/raw/recife/sgb_cprm/extracted/Feicoes/Alagado_Area_umida_A.shp.xml,recife,recife,,,,official_flood_footprint,,,,json_parse_failed,,,moderate_candidate,local_geometry_parse,true,false,false,false,true,sem data explicita extraida; elegibilidade permanece candidata review-only
S16AFP_00226,S16ALOCG_00226,local_project,PROJECT_ROOT/data/raw/recife/sgb_cprm/extracted/Feicoes/Cicatriz_Area_A.shp.xml,recife,recife,,,,insufficient,,,,json_parse_failed,,,context_or_insufficient,local_geometry_parse,false,false,false,false,true,contexto ou geometria insuficiente
S16AFP_00227,S16ALOCG_00227,local_project,PROJECT_ROOT/data/raw/recife/sgb_cprm/extracted/Feicoes/Cicatriz_Ponto_P.shp.xml,recife,recife,,,,insufficient,,,,json_parse_failed,,,context_or_insufficient,local_geometry_parse,false,false,false,false,true,contexto ou geometria insuficiente
S16AFP_00228,S16ALOCG_00228,local_project,PROJECT_ROOT/data/raw/recife/sgb_cprm/extracted/Feicoes/Feicoes_Erosivas_P.shp.xml,recife,recife,,,,insufficient,,,,json_parse_failed,,,context_or_insufficient,local_geometry_parse,false,false,false,false,true,contexto ou geometria insuficiente
S16AFP_00229,S16ALOCG_00229,local_project,PROJECT_ROOT/data/raw/recife/sgb_cprm/extracted/Feicoes/Lineamento_L.shp.xml,recife,recife,,,,insufficient,,,,json_parse_failed,,,context_or_insufficient,local_geometry_parse,false,false,false,false,true,contexto ou geometria insuficiente
S16AFP_00230,S16ALOCG_00230,local_project,PROJECT_ROOT/data/raw/recife/sgb_cprm/extracted/Geologia/Estrutural_Escala_1_25000.shp.xml,recife,recife,,,,insufficient,,,,json_parse_failed,,,context_or_insufficient,local_geometry_parse,false,false,false,false,true,contexto ou geometria insuficiente
S16AFP_00231,S16ALOCG_00231,local_project,PROJECT_ROOT/data/raw/recife/sgb_cprm/extracted/Geologia/Litologia_Escala_1_25000.shp.xml,recife,recife,,,,insufficient,,,,json_parse_failed,,,context_or_insufficient,local_geometry_parse,false,false,false,false,true,contexto ou geometria insuficiente
S16AFP_00232,S16ALOCG_00232,local_project,PROJECT_ROOT/data/raw/recife/sgb_cprm/extracted/Limites/Limite_entorno_Recife_utm_linha.shp.xml,recife,recife,,,,insufficient,,,,json_parse_failed,,,context_or_insufficient,local_geometry_parse,false,false,false,false,true,contexto ou geometria insuficiente
S16AFP_00233,S16ALOCG_00233,local_project,PROJECT_ROOT/data/raw/recife/sgb_cprm/extracted/Limites/Recife_Sirgas2000_UTM25.shp.xml,recife,recife,,,,insufficient,,,,json_parse_failed,,,context_or_insufficient,local_geometry_parse,false,false,false,false,true,contexto ou geometria insuficiente
S16AFP_00234,S16ALOCG_00234,local_project,PROJECT_ROOT/data/raw/recife/sgb_cprm/extracted/Limites/Recife_Sirgas2000_UTM25_Buffer_2Km.shp.xml,recife,recife,,,,insufficient,,,,json_parse_failed,,,context_or_insufficient,local_geometry_parse,false,false,false,false,true,contexto ou geometria insuficiente
S16AFP_00235,S16ALOCG_00235,local_project,PROJECT_ROOT/data/raw/recife/sgb_cprm/extracted/Pontos_de_campo/Ponto_de_campo_P.shp.xml,recife,recife,,,,insufficient,,,,json_parse_failed,,,context_or_insufficient,local_geometry_parse,false,false,false,false,true,contexto ou geometria insuficiente
S16AFP_00236,S16ALOCG_00236,local_project,PROJECT_ROOT/data/raw/recife/sgb_cprm/extracted/Relevo/Padroes_de_Relevo_A.shp.xml,recife,recife,,,,insufficient,,,,json_parse_failed,,,context_or_insufficient,local_geometry_parse,false,false,false,false,true,contexto ou geometria insuficiente
S16AFP_00237,S16ALOCG_00237,local_project,PROJECT_ROOT/data/raw/recife/sgb_cprm/extracted/Solos/Solos_1_1000.shp.xml,recife,recife,,,,insufficient,,,,json_parse_failed,,,context_or_insufficient,local_geometry_parse,false,false,false,false,true,contexto ou geometria insuficiente
S16AFP_00238,S16ALOCG_00238,local_project,PROJECT_ROOT/data/raw/recife/sgb_cprm/extracted/Suscetibilidade/Inundacao_A.shp.xml,recife,recife,,,,official_flood_footprint,,,,json_parse_failed,,,moderate_candidate,local_geometry_parse,true,false,false,false,true,sem data explicita extraida; elegibilidade permanece candidata review-only
S16AFP_00239,S16ALOCG_00239,local_project,PROJECT_ROOT/data/raw/recife/sgb_cprm/extracted/Suscetibilidade/Movimento_de_Massa_A.shp.xml,recife,recife,,,,official_susceptibility_reference,,,,json_parse_failed,,,context_or_insufficient,local_geometry_parse,false,false,false,false,true,contexto ou geometria insuficiente
S16AFP_00240,S16ALOCG_00240,local_project,PROJECT_ROOT/data/raw/recife/sgb_cprm/extracted/Dados_hidrologicos/Base Cartografica/localidades.shp.xml,recife,recife,,,,insufficient,,,,json_parse_failed,,,context_or_insufficient,local_geometry_parse,false,false,false,false,true,contexto ou geometria insuficiente
S16AFP_00241,S16ALOCG_00241,local_project,PROJECT_ROOT/data/raw/recife/sgb_cprm/extracted/Dados_hidrologicos/Atlas Pluviometrico/Isoietas Anuais Medias/ESTACOES_PLU.shp.xml,recife,recife,,,,insufficient,,,,json_parse_failed,,,context_or_insufficient,local_geometry_parse,false,false,false,false,true,contexto ou geometria insuficiente
S16AFP_00242,S16ALOCG_00242,local_project,PROJECT_ROOT/data/raw/recife/sgb_cprm/extracted/Dados_hidrologicos/Atlas Pluviometrico/Isoietas Anuais Medias/Isoietas_PMA_1977_2006.shp.xml,recife,recife,,,,insufficient,,,,json_parse_failed,,,context_or_insufficient,local_geometry_parse,false,false,false,false,true,contexto ou geometria insuficiente
S16AFP_00243,S16ALOCG_00243,local_project,PROJECT_ROOT/data/raw/recife/sgb_cprm/extracted/Dados_hidrologicos/Atlas Pluviometrico/Isoietas Anuais Medias/pma.aux.xml,recife,recife,,,,insufficient,,,,json_parse_failed,,,context_or_insufficient,local_geometry_parse,false,false,false,false,true,contexto ou geometria insuficiente
S16AFP_00244,S16ALOCG_00244,local_project,PROJECT_ROOT/data/raw/recife/sgb_cprm/extracted/Dados_hidrologicos/Atlas Pluviometrico/Isoietas Anuais Medias/pma.tif.aux.xml,recife,recife,,,,insufficient,,,,json_parse_failed,,,context_or_insufficient,local_geometry_parse,false,false,false,false,true,contexto ou geometria insuficiente
S16AFP_00245,S16ALOCG_00245,local_project,PROJECT_ROOT/data/raw/recife/sgb_cprm/extracted/Dados_hidrologicos/Atlas Pluviometrico/Isoietas Anuais Medias/pma/metadata.xml,recife,recife,,,,insufficient,,,,json_parse_failed,,,context_or_insufficient,local_geometry_parse,false,false,false,false,true,contexto ou geometria insuficiente
S16AFP_00246,S16ALOCG_00246,local_project,PROJECT_ROOT/data/raw/petropolis/geinea_rj25/geinea_gln_hidrografia_sem_canal_25k_metadata.json,petropolis,petropolis,,,,insufficient,Feature Layer,,,,,,context_or_insufficient,local_geometry_parse,false,false,false,false,true,contexto ou geometria insuficiente
S16AFP_00247,S16ALOCG_00247,local_project,PROJECT_ROOT/data/raw/petropolis/geinea_rj25/geinea_gln_hidrografia_sem_canal_25k_petropolis_bbox.geojson,petropolis,petropolis,,,,insufficient,LineString,,,-43.33606877;-22.64851679;-42.96832447;-22.23230318,,PROJECT_ROOT/data/raw/petropolis/geinea_rj25/geinea_gln_hidrografia_sem_canal_25k_petropolis_bbox.geojson,context_or_insufficient,local_geometry_parse,false,false,false,false,true,contexto ou geometria insuficiente
S16AFP_00248,S16ALOCG_00248,local_project,PROJECT_ROOT/data/raw/petropolis/sgb_cprm/sig_extracted/Curvas_de_nivel/curvas_nivel_espaco_20m_sirgas_utm.shp.xml,petropolis,petropolis,,,,insufficient,,,,json_parse_failed,,,context_or_insufficient,local_geometry_parse,false,false,false,false,true,contexto ou geometria insuficiente
S16AFP_00249,S16ALOCG_00249,local_project,PROJECT_ROOT/data/raw/petropolis/sgb_cprm/sig_extracted/Dados_hidrologicos/isoietas anuais medias.xml,petropolis,petropolis,,,,insufficient,,,,json_parse_failed,,,context_or_insufficient,local_geometry_parse,false,false,false,false,true,contexto ou geometria insuficiente
S16AFP_00250,S16ALOCG_00250,local_project,PROJECT_ROOT/data/raw/petropolis/sgb_cprm/sig_extracted/Feicoes/Campo_de_Blocos_A.shp.xml,petropolis,petropolis,,,,insufficient,,,,json_parse_failed,,,context_or_insufficient,local_geometry_parse,false,false,false,false,true,contexto ou geometria insuficiente
S16AFP_00251,S16ALOCG_00251,local_project,PROJECT_ROOT/data/raw/petropolis/sgb_cprm/sig_extracted/Feicoes/Cicatriz_Ponto_P.shp.xml,petropolis,petropolis,,,,insufficient,,,,json_parse_failed,,,context_or_insufficient,local_geometry_parse,false,false,false,false,true,contexto ou geometria insuficiente
S16AFP_00252,S16ALOCG_00252,local_project,PROJECT_ROOT/data/raw/petropolis/sgb_cprm/sig_extracted/Feicoes/Deposito_Acumulacao_Encosta_A.shp.xml,petropolis,petropolis,,,,insufficient,,,,json_parse_failed,,,context_or_insufficient,local_geometry_parse,false,false,false,false,true,contexto ou geometria insuficiente
S16AFP_00253,S16ALOCG_00253,local_project,PROJECT_ROOT/data/raw/petropolis/sgb_cprm/sig_extracted/Feicoes/Feicoes_Erosivas_P.shp.xml,petropolis,petropolis,,,,insufficient,,,,json_parse_failed,,,context_or_insufficient,local_geometry_parse,false,false,false,false,true,contexto ou geometria insuficiente
S16AFP_00254,S16ALOCG_00254,local_project,PROJECT_ROOT/data/raw/petropolis/sgb_cprm/sig_extracted/Feicoes/Lineamento_L.shp.xml,petropolis,petropolis,,,,insufficient,,,,json_parse_failed,,,context_or_insufficient,local_geometry_parse,false,false,false,false,true,contexto ou geometria insuficiente
S16AFP_00255,S16ALOCG_00255,local_project,PROJECT_ROOT/data/raw/petropolis/sgb_cprm/sig_extracted/Feicoes/Paredao_Rochoso_A.shp.xml,petropolis,petropolis,,,,insufficient,,,,json_parse_failed,,,context_or_insufficient,local_geometry_parse,false,false,false,false,true,contexto ou geometria insuficiente
S16AFP_00256,S16ALOCG_00256,local_project,PROJECT_ROOT/data/raw/petropolis/sgb_cprm/sig_extracted/Geologia/Estrutural_100000.shp.xml,petropolis,petropolis,,,,insufficient,,,,json_parse_failed,,,context_or_insufficient,local_geometry_parse,false,false,false,false,true,contexto ou geometria insuficiente
S16AFP_00257,S16ALOCG_00257,local_project,PROJECT_ROOT/data/raw/petropolis/sgb_cprm/sig_extracted/Geologia/Litologia_100000.shp.xml,petropolis,petropolis,,,,insufficient,,,,json_parse_failed,,,context_or_insufficient,local_geometry_parse,false,false,false,false,true,contexto ou geometria insuficiente
S16AFP_00258,S16ALOCG_00258,local_project,PROJECT_ROOT/data/raw/petropolis/sgb_cprm/sig_extracted/Limites/Petropolis_Sirgas2000_UTM23.shp.xml,petropolis,petropolis,,,,insufficient,,,,json_parse_failed,,,context_or_insufficient,local_geometry_parse,false,false,false,false,true,contexto ou geometria insuficiente
S16AFP_00259,S16ALOCG_00259,local_project,PROJECT_ROOT/data/raw/petropolis/sgb_cprm/sig_extracted/Limites/Petropolis_Sirgas2000_UTM23_Buffer_2Km.shp.xml,petropolis,petropolis,,,,insufficient,,,,json_parse_failed,,,context_or_insufficient,local_geometry_parse,false,false,false,false,true,contexto ou geometria insuficiente
S16AFP_00260,S16ALOCG_00260,local_project,PROJECT_ROOT/data/raw/petropolis/sgb_cprm/sig_extracted/Pontos_de_campo/Pontos_de_Campo_P.shp.xml,petropolis,petropolis,,,,insufficient,,,,json_parse_failed,,,context_or_insufficient,local_geometry_parse,false,false,false,false,true,contexto ou geometria insuficiente
S16AFP_00261,S16ALOCG_00261,local_project,PROJECT_ROOT/data/raw/petropolis/sgb_cprm/sig_extracted/Relevo/Padroes_de_Relevo_A.shp.xml,petropolis,petropolis,,,,insufficient,,,,json_parse_failed,,,context_or_insufficient,local_geometry_parse,false,false,false,false,true,contexto ou geometria insuficiente
S16AFP_00262,S16ALOCG_00262,local_project,PROJECT_ROOT/data/raw/petropolis/sgb_cprm/sig_extracted/Solos/solos_100000.shp.xml,petropolis,petropolis,,,,insufficient,,,,json_parse_failed,,,context_or_insufficient,local_geometry_parse,false,false,false,false,true,contexto ou geometria insuficiente
S16AFP_00263,S16ALOCG_00263,local_project,PROJECT_ROOT/data/raw/petropolis/sgb_cprm/sig_extracted/Suscetibilidade/Corrida_de_Massa_A.shp.xml,petropolis,petropolis,,,,official_susceptibility_reference,,,,json_parse_failed,,,context_or_insufficient,local_geometry_parse,false,false,false,false,true,contexto ou geometria insuficiente
S16AFP_00264,S16ALOCG_00264,local_project,PROJECT_ROOT/data/raw/petropolis/sgb_cprm/sig_extracted/Suscetibilidade/Corrida_de_Massa_L.shp.xml,petropolis,petropolis,,,,official_susceptibility_reference,,,,json_parse_failed,,,context_or_insufficient,local_geometry_parse,false,false,false,false,true,contexto ou geometria insuficiente
S16AFP_00265,S16ALOCG_00265,local_project,PROJECT_ROOT/data/raw/petropolis/sgb_cprm/sig_extracted/Suscetibilidade/Enxurrada_A.shp.xml,petropolis,petropolis,,,,official_susceptibility_reference,,,,json_parse_failed,,,context_or_insufficient,local_geometry_parse,false,false,false,false,true,contexto ou geometria insuficiente
S16AFP_00266,S16ALOCG_00266,local_project,PROJECT_ROOT/data/raw/petropolis/sgb_cprm/sig_extracted/Suscetibilidade/Enxurrada_L.shp.xml,petropolis,petropolis,,,,official_susceptibility_reference,,,,json_parse_failed,,,context_or_insufficient,local_geometry_parse,false,false,false,false,true,contexto ou geometria insuficiente
S16AFP_00267,S16ALOCG_00267,local_project,PROJECT_ROOT/data/raw/petropolis/sgb_cprm/sig_extracted/Suscetibilidade/Inundacao_A.shp.xml,petropolis,petropolis,,,,official_flood_footprint,,,,json_parse_failed,,,moderate_candidate,local_geometry_parse,true,false,false,false,true,sem data explicita extraida; elegibilidade permanece candidata review-only
S16AFP_00268,S16ALOCG_00268,local_project,PROJECT_ROOT/data/raw/petropolis/sgb_cprm/sig_extracted/Suscetibilidade/Movimento_de_Massa_A.shp.xml,petropolis,petropolis,,,,official_susceptibility_reference,,,,json_parse_failed,,,context_or_insufficient,local_geometry_parse,false,false,false,false,true,contexto ou geometria insuficiente
S16AFP_00269,S16ALOCG_00269,local_project,PROJECT_ROOT/data/raw/petropolis/sgb_cprm/sig_extracted/Dados_hidrologicos/Base Cartografica/localidades.shp.xml,petropolis,petropolis,,,,official_flood_footprint,,,,json_parse_failed,,,moderate_candidate,local_geometry_parse,true,false,false,false,true,sem data explicita extraida; elegibilidade permanece candidata review-only
S16AFP_00270,S16ALOCG_00270,local_project,PROJECT_ROOT/data/raw/petropolis/sgb_cprm/sig_extracted/Dados_hidrologicos/Base Cartografica/Petropolis_Sirgas2000_UTM23.shp.xml,petropolis,petropolis,,,,insufficient,,,,json_parse_failed,,,context_or_insufficient,local_geometry_parse,false,false,false,false,true,contexto ou geometria insuficiente
S16AFP_00271,S16ALOCG_00271,local_project,PROJECT_ROOT/data/raw/petropolis/sgb_cprm/sig_extracted/Dados_hidrologicos/Atlas Pluviometrico/Isoietas Anuais Medias/Isoietas_PMA_1977_2006.shp.xml,petropolis,petropolis,,,,insufficient,,,,json_parse_failed,,,context_or_insufficient,local_geometry_parse,false,false,false,false,true,contexto ou geometria insuficiente
S16AFP_00272,S16ALOCG_00272,local_project,PROJECT_ROOT/data/raw/petropolis/sgb_cprm/sig_extracted/Dados_hidrologicos/Atlas Pluviometrico/Isoietas Anuais Medias/pma.aux.xml,petropolis,petropolis,,,,insufficient,,,,json_parse_failed,,,context_or_insufficient,local_geometry_parse,false,false,false,false,true,contexto ou geometria insuficiente
S16AFP_00273,S16ALOCG_00273,local_project,PROJECT_ROOT/data/raw/petropolis/sgb_cprm/sig_extracted/Dados_hidrologicos/Atlas Pluviometrico/Isoietas Anuais Medias/pma.tif.aux.xml,petropolis,petropolis,,,,insufficient,,,,json_parse_failed,,,context_or_insufficient,local_geometry_parse,false,false,false,false,true,contexto ou geometria insuficiente
S16AFP_00274,S16ALOCG_00274,local_project,PROJECT_ROOT/data/raw/petropolis/sgb_cprm/sig_extracted/Dados_hidrologicos/Atlas Pluviometrico/Isoietas Anuais Medias/pma/metadata.xml,petropolis,petropolis,,,,insufficient,,,,json_parse_failed,,,context_or_insufficient,local_geometry_parse,false,false,false,false,true,contexto ou geometria insuficiente
S16AFP_00275,S16ALOCG_00275,local_project,PROJECT_ROOT/data/raw/petropolis/sgb_cprm/mde_extracted/Declividade/dc_sirgas_utm.aux.xml,petropolis,petropolis,,,,insufficient,,,,json_parse_failed,,,context_or_insufficient,local_geometry_parse,false,false,false,false,true,contexto ou geometria insuficiente
S16AFP_00276,S16ALOCG_00276,local_project,PROJECT_ROOT/data/raw/petropolis/sgb_cprm/mde_extracted/Fusao/Petropolis_RJ_Fusao_Sirgas2000_UTM23.ecw.aux.xml,petropolis,petropolis,,,,insufficient,,,,json_parse_failed,,,context_or_insufficient,local_geometry_parse,false,false,false,false,true,contexto ou geometria insuficiente
S16AFP_00277,S16ALOCG_00277,local_project,PROJECT_ROOT/data/raw/petropolis/sgb_cprm/mde_extracted/Hipsometria/hip_pt_utm23.aux.xml,petropolis,petropolis,,,,insufficient,,,,json_parse_failed,,,context_or_insufficient,local_geometry_parse,false,false,false,false,true,contexto ou geometria insuficiente
S16AFP_00278,S16ALOCG_00278,local_project,PROJECT_ROOT/data/raw/petropolis/sgb_cprm/mde_extracted/MDE/pt_sirgas_utm.aux.xml,petropolis,petropolis,,,,insufficient,,,,json_parse_failed,,,context_or_insufficient,local_geometry_parse,false,false,false,false,true,contexto ou geometria insuficiente
S16AFP_00279,S16ALOCG_00279,local_project,PROJECT_ROOT/data/raw/petropolis/sgb_cprm/mde_extracted/Relevo_sombreado/pt_315_45_utm.aux.xml,petropolis,petropolis,,,,insufficient,,,,json_parse_failed,,,context_or_insufficient,local_geometry_parse,false,false,false,false,true,contexto ou geometria insuficiente
S16AFP_00280,S16ALOCG_00280,local_project,PROJECT_ROOT/data/raw/petropolis/sgb_cprm/mde_extracted/Relevo_sombreado/pt_45_45_utm.aux.xml,petropolis,petropolis,,,,insufficient,,,,json_parse_failed,,,context_or_insufficient,local_geometry_parse,false,false,false,false,true,contexto ou geometria insuficiente
S16AFP_00281,S16ALOCG_00281,local_project,PROJECT_ROOT/data/raw/petropolis/sgb_cprm/mde_extracted/Relevo_sombreado/pt_315_45_utm/metadata.xml,petropolis,petropolis,,,,insufficient,,,,json_parse_failed,,,context_or_insufficient,local_geometry_parse,false,false,false,false,true,contexto ou geometria insuficiente
S16AFP_00282,S16ALOCG_00282,local_project,PROJECT_ROOT/data/raw/petropolis/sgb_cprm/mde_extracted/Relevo_sombreado/pt_45_45_utm/metadata.xml,petropolis,petropolis,,,,insufficient,,,,json_parse_failed,,,context_or_insufficient,local_geometry_parse,false,false,false,false,true,contexto ou geometria insuficiente
S16AFP_00283,S16ALOCG_00283,local_project,PROJECT_ROOT/data/raw/petropolis/sgb_cprm/mde_extracted/MDE/pt_sirgas_utm/metadata.xml,petropolis,petropolis,,,,insufficient,,,,json_parse_failed,,,context_or_insufficient,local_geometry_parse,false,false,false,false,true,contexto ou geometria insuficiente
S16AFP_00284,S16ALOCG_00284,local_project,PROJECT_ROOT/data/raw/petropolis/sgb_cprm/mde_extracted/Hipsometria/hip_pt_utm23/metadata.xml,petropolis,petropolis,,,,insufficient,,,,json_parse_failed,,,context_or_insufficient,local_geometry_parse,false,false,false,false,true,contexto ou geometria insuficiente
S16AFP_00285,S16ALOCG_00285,local_project,PROJECT_ROOT/data/raw/petropolis/sgb_cprm/mde_extracted/Declividade/dc_sirgas_utm/metadata.xml,petropolis,petropolis,,,,insufficient,,,,json_parse_failed,,,context_or_insufficient,local_geometry_parse,false,false,false,false,true,contexto ou geometria insuficiente
S16AFP_00286,S16ALOCG_00286,local_project,PROJECT_ROOT/data/raw/petropolis/sgb_cprm/bc_extracted/Base_cartografica/Distritos_P.shp.xml,petropolis,petropolis,,,,insufficient,,,,json_parse_failed,,,context_or_insufficient,local_geometry_parse,false,false,false,false,true,contexto ou geometria insuficiente
S16AFP_00287,S16ALOCG_00287,local_project,PROJECT_ROOT/data/raw/curitiba/geocuritiba/download_summary.json,curitiba,curitiba,,,,insufficient,,,,,,,context_or_insufficient,local_geometry_parse,false,false,false,false,true,contexto ou geometria insuficiente
S16AFP_00288,S16ALOCG_00288,local_project,PROJECT_ROOT/data/raw/curitiba/geocuritiba/layer_41_metadata.json,curitiba,curitiba,,,,insufficient,Feature Layer,,,,,,context_or_insufficient,local_geometry_parse,false,false,false,false,true,contexto ou geometria insuficiente
S16AFP_00289,S16ALOCG_00289,local_project,PROJECT_ROOT/data/raw/curitiba/geocuritiba/layer_42_metadata.json,curitiba,curitiba,,,,insufficient,Feature Layer,,,,,,context_or_insufficient,local_geometry_parse,false,false,false,false,true,contexto ou geometria insuficiente
S16AFP_00290,S16ALOCG_00290,local_project,PROJECT_ROOT/data/raw/curitiba/geocuritiba/layer_42_Vala.geojson,curitiba,curitiba,,,,insufficient,LineString,,,-49.38875904;-25.64181558;-49.18592624;-25.34730511,,PROJECT_ROOT/data/raw/curitiba/geocuritiba/layer_42_Vala.geojson,context_or_insufficient,local_geometry_parse,false,false,false,false,true,contexto ou geometria insuficiente
S16AFP_00291,S16ALOCG_00291,local_project,PROJECT_ROOT/data/raw/curitiba/geocuritiba/layer_43_Corredeira.geojson,curitiba,curitiba,,,,insufficient,LineString,,,-49.34240111;-25.55444176;-49.18964104;-25.37615462,,PROJECT_ROOT/data/raw/curitiba/geocuritiba/layer_43_Corredeira.geojson,context_or_insufficient,local_geometry_parse,false,false,false,false,true,contexto ou geometria insuficiente
S16AFP_00292,S16ALOCG_00292,local_project,PROJECT_ROOT/data/raw/curitiba/geocuritiba/layer_43_metadata.json,curitiba,curitiba,,,,insufficient,Feature Layer,,,,,,context_or_insufficient,local_geometry_parse,false,false,false,false,true,contexto ou geometria insuficiente
S16AFP_00293,S16ALOCG_00293,local_project,PROJECT_ROOT/data/raw/curitiba/geocuritiba/layer_44_Comporta.geojson,curitiba,curitiba,,,,insufficient,LineString,,,-49.36811666;-25.51761206;-49.21259167;-25.44275525,,PROJECT_ROOT/data/raw/curitiba/geocuritiba/layer_44_Comporta.geojson,context_or_insufficient,local_geometry_parse,false,false,false,false,true,contexto ou geometria insuficiente
S16AFP_00294,S16ALOCG_00294,local_project,PROJECT_ROOT/data/raw/curitiba/geocuritiba/layer_44_metadata.json,curitiba,curitiba,,,,insufficient,Feature Layer,,,,,,context_or_insufficient,local_geometry_parse,false,false,false,false,true,contexto ou geometria insuficiente
S16AFP_00295,S16ALOCG_00295,local_project,PROJECT_ROOT/data/raw/curitiba/geocuritiba/layer_45_Barragem.geojson,curitiba,curitiba,,,,insufficient,LineString,,,-49.38469700;-25.63287603;-49.18802803;-25.35368997,,PROJECT_ROOT/data/raw/curitiba/geocuritiba/layer_45_Barragem.geojson,context_or_insufficient,local_geometry_parse,false,false,false,false,true,contexto ou geometria insuficiente
S16AFP_00296,S16ALOCG_00296,local_project,PROJECT_ROOT/data/raw/curitiba/geocuritiba/layer_45_metadata.json,curitiba,curitiba,,,,insufficient,Feature Layer,,,,,,context_or_insufficient,local_geometry_parse,false,false,false,false,true,contexto ou geometria insuficiente
S16AFP_00297,S16ALOCG_00297,local_project,PROJECT_ROOT/data/raw/curitiba/geocuritiba/layer_46_Dique.geojson,curitiba,curitiba,,,,insufficient,LineString,,,-49.28526524;-25.55470936;-49.28283157;-25.53425157,,PROJECT_ROOT/data/raw/curitiba/geocuritiba/layer_46_Dique.geojson,context_or_insufficient,local_geometry_parse,false,false,false,false,true,contexto ou geometria insuficiente
S16AFP_00298,S16ALOCG_00298,local_project,PROJECT_ROOT/data/raw/curitiba/geocuritiba/layer_46_metadata.json,curitiba,curitiba,,,,insufficient,Feature Layer,,,,,,context_or_insufficient,local_geometry_parse,false,false,false,false,true,contexto ou geometria insuficiente
S16AFP_00299,S16ALOCG_00299,local_project,PROJECT_ROOT/data/raw/curitiba/geocuritiba/layer_47_metadata.json,curitiba,curitiba,,,,insufficient,Feature Layer,,,,,,context_or_insufficient,local_geometry_parse,false,false,false,false,true,contexto ou geometria insuficiente
S16AFP_00300,S16ALOCG_00300,local_project,PROJECT_ROOT/data/raw/curitiba/geocuritiba/layer_47_Trecho_de_Drenagem.geojson,curitiba,curitiba,,,,insufficient,LineString,,,-49.38928312;-25.64437186;-49.18437431;-25.34658696,,PROJECT_ROOT/data/raw/curitiba/geocuritiba/layer_47_Trecho_de_Drenagem.geojson,context_or_insufficient,local_geometry_parse,false,false,false,false,true,contexto ou geometria insuficiente
S16AFP_00301,S16ALOCG_00301,local_project,PROJECT_ROOT/data/raw/curitiba/geocuritiba/layer_48_Massa_Dagua.geojson,curitiba,curitiba,,,,insufficient,Polygon,,,-49.39469041;-25.64591225;-49.18428036;-25.34657672,,PROJECT_ROOT/data/raw/curitiba/geocuritiba/layer_48_Massa_Dagua.geojson,context_or_insufficient,local_geometry_parse,false,false,false,false,true,contexto ou geometria insuficiente
S16AFP_00302,S16ALOCG_00302,local_project,PROJECT_ROOT/data/raw/curitiba/geocuritiba/layer_48_metadata.json,curitiba,curitiba,,,,insufficient,Feature Layer,,,,,,context_or_insufficient,local_geometry_parse,false,false,false,false,true,contexto ou geometria insuficiente
S16AFP_00303,S16ALOCG_00303,local_project,PROJECT_ROOT/data/raw/curitiba/geocuritiba/layer_49_Canal.geojson,curitiba,curitiba,,,,insufficient,Polygon,,,-49.36176457;-25.60647938;-49.19122272;-25.36674471,,PROJECT_ROOT/data/raw/curitiba/geocuritiba/layer_49_Canal.geojson,context_or_insufficient,local_geometry_parse,false,false,false,false,true,contexto ou geometria insuficiente
S16AFP_00304,S16ALOCG_00304,local_project,PROJECT_ROOT/data/raw/curitiba/geocuritiba/layer_49_metadata.json,curitiba,curitiba,,,,insufficient,Feature Layer,,,,,,context_or_insufficient,local_geometry_parse,false,false,false,false,true,contexto ou geometria insuficiente
S16AFP_00305,S16ALOCG_00305,local_project,PROJECT_ROOT/data/raw/curitiba/geocuritiba/layer_50_metadata.json,curitiba,curitiba,,,,insufficient,Feature Layer,,,,,,context_or_insufficient,local_geometry_parse,false,false,false,false,true,contexto ou geometria insuficiente
S16AFP_00306,S16ALOCG_00306,local_project,PROJECT_ROOT/data/raw/curitiba/geocuritiba/layer_50_Área_Úmida.geojson,curitiba,curitiba,,,,insufficient,Polygon,,,-49.38696827;-25.64498563;-49.18473043;-25.35031999,,PROJECT_ROOT/data/raw/curitiba/geocuritiba/layer_50_Área_Úmida.geojson,context_or_insufficient,local_geometry_parse,false,false,false,false,true,contexto ou geometria insuficiente
S16AFP_00307,S16ALOCG_00307,local_project,PROJECT_ROOT/data/raw/curitiba/geocuritiba/layer_51_Banco_de_Areia.geojson,curitiba,curitiba,,,,insufficient,Polygon,,,-49.35980202;-25.62115919;-49.22184738;-25.41393124,,PROJECT_ROOT/data/raw/curitiba/geocuritiba/layer_51_Banco_de_Areia.geojson,context_or_insufficient,local_geometry_parse,false,false,false,false,true,contexto ou geometria insuficiente
S16AFP_00308,S16ALOCG_00308,local_project,PROJECT_ROOT/data/raw/curitiba/geocuritiba/layer_51_metadata.json,curitiba,curitiba,,,,insufficient,Feature Layer,,,,,,context_or_insufficient,local_geometry_parse,false,false,false,false,true,contexto ou geometria insuficiente
S16AFP_00309,S16ALOCG_00309,local_project,PROJECT_ROOT/data/raw/curitiba/geocuritiba/layer_52_Ilha.geojson,curitiba,curitiba,,,,insufficient,Polygon,,,-49.38546043;-25.64084534;-49.19225037;-25.36155520,,PROJECT_ROOT/data/raw/curitiba/geocuritiba/layer_52_Ilha.geojson,context_or_insufficient,local_geometry_parse,false,false,false,false,true,contexto ou geometria insuficiente
S16AFP_00310,S16ALOCG_00310,local_project,PROJECT_ROOT/data/raw/curitiba/geocuritiba/layer_52_metadata.json,curitiba,curitiba,,,,insufficient,Feature Layer,,,,,,context_or_insufficient,local_geometry_parse,false,false,false,false,true,contexto ou geometria insuficiente
S16AFP_00311,S16ALOCG_00311,local_project,PROJECT_ROOT/data/raw/curitiba/geocuritiba/layer_53_metadata.json,curitiba,curitiba,,,,insufficient,Feature Layer,,,,,,context_or_insufficient,local_geometry_parse,false,false,false,false,true,contexto ou geometria insuficiente
S16AFP_00312,S16ALOCG_00312,local_project,PROJECT_ROOT/data/raw/curitiba/geocuritiba/layer_53_Sub-Bacia_Hidrográfica.geojson,curitiba,curitiba,,,,insufficient,Polygon,,,-49.59175538;-25.68044919;-49.11333955;-25.22769557,,PROJECT_ROOT/data/raw/curitiba/geocuritiba/layer_53_Sub-Bacia_Hidrográfica.geojson,context_or_insufficient,local_geometry_parse,false,false,false,false,true,contexto ou geometria insuficiente
S16AFP_00313,S16ALOCG_00313,local_project,PROJECT_ROOT/data/raw/curitiba/geocuritiba/layer_54_Bacia_Hidrografica.geojson,curitiba,curitiba,,,,insufficient,Polygon,,,-49.59175538;-25.68044919;-49.11333955;-25.22769557,,PROJECT_ROOT/data/raw/curitiba/geocuritiba/layer_54_Bacia_Hidrografica.geojson,context_or_insufficient,local_geometry_parse,false,false,false,false,true,contexto ou geometria insuficiente
S16AFP_00314,S16ALOCG_00314,local_project,PROJECT_ROOT/data/raw/curitiba/geocuritiba/layer_54_metadata.json,curitiba,curitiba,,,,insufficient,Feature Layer,,,,,,context_or_insufficient,local_geometry_parse,false,false,false,false,true,contexto ou geometria insuficiente
S16AFP_00315,S16ALOCG_00315,local_project,PROJECT_ROOT/data/raw/curitiba/geodc_defesa_civil/zee_inundacoes_ocorrencia_curitiba.geojson,curitiba,curitiba,,,,official_flood_footprint,Polygon,,,-49.38965546;-25.64503507;-49.18509436;-25.34537551,,PROJECT_ROOT/data/raw/curitiba/geodc_defesa_civil/zee_inundacoes_ocorrencia_curitiba.geojson,moderate_candidate,local_geometry_parse,true,false,false,false,true,sem data explicita extraida; elegibilidade permanece candidata review-only
S16AFP_00316,S16ALOCG_00316,local_project,PROJECT_ROOT/data/raw/curitiba/geodc_defesa_civil/zee_inundacoes_ocorrencia_metadata.json,curitiba,curitiba,,,,official_flood_footprint,Feature Layer,,,,,,context_or_insufficient,local_geometry_parse,false,false,false,false,true,contexto ou geometria insuficiente
S16AFP_00317,S16ALOCG_00317,local_project,PROJECT_ROOT/data/raw/curitiba/sgb_cprm/mde_extracted/01.MDS_Hipsometria/mdt.aux.xml,curitiba,curitiba,,,,insufficient,,,,json_parse_failed,,,context_or_insufficient,local_geometry_parse,false,false,false,false,true,contexto ou geometria insuficiente
S16AFP_00318,S16ALOCG_00318,local_project,PROJECT_ROOT/data/raw/curitiba/sgb_cprm/mde_extracted/01.MDS_Hipsometria/mdt5_s_rio.ovr.aux.xml,curitiba,curitiba,,,,insufficient,,,,json_parse_failed,,,context_or_insufficient,local_geometry_parse,false,false,false,false,true,contexto ou geometria insuficiente
S16AFP_00319,S16ALOCG_00319,local_project,PROJECT_ROOT/data/raw/curitiba/sgb_cprm/mde_extracted/02.Declividade/declividade.aux.xml,curitiba,curitiba,,,,insufficient,,,,json_parse_failed,,,context_or_insufficient,local_geometry_parse,false,false,false,false,true,contexto ou geometria insuficiente
S16AFP_00320,S16ALOCG_00320,local_project,PROJECT_ROOT/data/raw/curitiba/sgb_cprm/mde_extracted/02.Declividade/fatiamento.aux.xml,curitiba,curitiba,,,,insufficient,,,,json_parse_failed,,,context_or_insufficient,local_geometry_parse,false,false,false,false,true,contexto ou geometria insuficiente
S16AFP_00321,S16ALOCG_00321,local_project,PROJECT_ROOT/data/raw/curitiba/sgb_cprm/mde_extracted/03.RelevoSombreado/sombra.aux.xml,curitiba,curitiba,,,,insufficient,,,,json_parse_failed,,,context_or_insufficient,local_geometry_parse,false,false,false,false,true,contexto ou geometria insuficiente
S16AFP_00322,S16ALOCG_00322,local_project,PROJECT_ROOT/data/raw/curitiba/sgb_cprm/mde_extracted/03.RelevoSombreado/sombra/metadata.xml,curitiba,curitiba,,,,insufficient,,,,json_parse_failed,,,context_or_insufficient,local_geometry_parse,false,false,false,false,true,contexto ou geometria insuficiente
S16AFP_00323,S16ALOCG_00323,local_project,PROJECT_ROOT/data/raw/curitiba/sgb_cprm/mde_extracted/02.Declividade/declividade/metadata.xml,curitiba,curitiba,,,,insufficient,,,,json_parse_failed,,,context_or_insufficient,local_geometry_parse,false,false,false,false,true,contexto ou geometria insuficiente
S16AFP_00324,S16ALOCG_00324,local_project,PROJECT_ROOT/data/raw/curitiba/sgb_cprm/mde_extracted/02.Declividade/fatiamento/metadata.xml,curitiba,curitiba,,,,insufficient,,,,json_parse_failed,,,context_or_insufficient,local_geometry_parse,false,false,false,false,true,contexto ou geometria insuficiente
S16AFP_00325,S16ALOCG_00325,local_project,PROJECT_ROOT/data/raw/curitiba/sgb_cprm/mde_extracted/01.MDS_Hipsometria/mdt/metadata.xml,curitiba,curitiba,,,,insufficient,,,,json_parse_failed,,,context_or_insufficient,local_geometry_parse,false,false,false,false,true,contexto ou geometria insuficiente
S16AFP_00326,S16ALOCG_00326,local_project,PROJECT_ROOT/data/raw/curitiba/sgb_cprm/extracted/08.Isoietas/Atlas Pluviometrico/Isoietas Anuais Medias/pma.aux.xml,curitiba,curitiba,,,,insufficient,,,,json_parse_failed,,,context_or_insufficient,local_geometry_parse,false,false,false,false,true,contexto ou geometria insuficiente
S16AFP_00327,S16ALOCG_00327,local_project,PROJECT_ROOT/data/raw/curitiba/sgb_cprm/extracted/08.Isoietas/Atlas Pluviometrico/Isoietas Anuais Medias/pma.tif.aux.xml,curitiba,curitiba,,,,insufficient,,,,json_parse_failed,,,context_or_insufficient,local_geometry_parse,false,false,false,false,true,contexto ou geometria insuficiente
S16AFP_00328,S16ALOCG_00328,local_project,PROJECT_ROOT/data/raw/curitiba/sgb_cprm/extracted/08.Isoietas/Atlas Pluviometrico/Isoietas Anuais Medias/pma/metadata.xml,curitiba,curitiba,,,,insufficient,,,,json_parse_failed,,,context_or_insufficient,local_geometry_parse,false,false,false,false,true,contexto ou geometria insuficiente
S16AFP_00329,S16ALOCG_00329,local_project,PROJECT_ROOT/data/external_validation_assets/petropolis_sgb_cprm/processed_v1af/sig_petropolis_rj_suscet/Curvas_de_nivel/curvas_nivel_espaco_20m_sirgas_utm.shp.xml,petropolis,petropolis,,,,official_susceptibility_reference,,,,json_parse_failed,,,context_or_insufficient,local_geometry_parse,false,false,false,false,true,contexto ou geometria insuficiente
S16AFP_00330,S16ALOCG_00330,local_project,PROJECT_ROOT/data/external_validation_assets/petropolis_sgb_cprm/processed_v1af/sig_petropolis_rj_suscet/Dados_hidrologicos/isoietas anuais medias.xml,petropolis,petropolis,,,,official_susceptibility_reference,,,,json_parse_failed,,,context_or_insufficient,local_geometry_parse,false,false,false,false,true,contexto ou geometria insuficiente
S16AFP_00331,S16ALOCG_00331,local_project,PROJECT_ROOT/data/external_validation_assets/petropolis_sgb_cprm/processed_v1af/sig_petropolis_rj_suscet/Feicoes/Campo_de_Blocos_A.shp.xml,petropolis,petropolis,,,,official_susceptibility_reference,,,,json_parse_failed,,,context_or_insufficient,local_geometry_parse,false,false,false,false,true,contexto ou geometria insuficiente
S16AFP_00332,S16ALOCG_00332,local_project,PROJECT_ROOT/data/external_validation_assets/petropolis_sgb_cprm/processed_v1af/sig_petropolis_rj_suscet/Feicoes/Cicatriz_Ponto_P.shp.xml,petropolis,petropolis,,,,official_susceptibility_reference,,,,json_parse_failed,,,context_or_insufficient,local_geometry_parse,false,false,false,false,true,contexto ou geometria insuficiente
S16AFP_00333,S16ALOCG_00333,local_project,PROJECT_ROOT/data/external_validation_assets/petropolis_sgb_cprm/processed_v1af/sig_petropolis_rj_suscet/Feicoes/Deposito_Acumulacao_Encosta_A.shp.xml,petropolis,petropolis,,,,official_susceptibility_reference,,,,json_parse_failed,,,context_or_insufficient,local_geometry_parse,false,false,false,false,true,contexto ou geometria insuficiente
S16AFP_00334,S16ALOCG_00334,local_project,PROJECT_ROOT/data/external_validation_assets/petropolis_sgb_cprm/processed_v1af/sig_petropolis_rj_suscet/Feicoes/Feicoes_Erosivas_P.shp.xml,petropolis,petropolis,,,,official_susceptibility_reference,,,,json_parse_failed,,,context_or_insufficient,local_geometry_parse,false,false,false,false,true,contexto ou geometria insuficiente
S16AFP_00335,S16ALOCG_00335,local_project,PROJECT_ROOT/data/external_validation_assets/petropolis_sgb_cprm/processed_v1af/sig_petropolis_rj_suscet/Feicoes/Lineamento_L.shp.xml,petropolis,petropolis,,,,official_susceptibility_reference,,,,json_parse_failed,,,context_or_insufficient,local_geometry_parse,false,false,false,false,true,contexto ou geometria insuficiente
S16AFP_00336,S16ALOCG_00336,local_project,PROJECT_ROOT/data/external_validation_assets/petropolis_sgb_cprm/processed_v1af/sig_petropolis_rj_suscet/Feicoes/Paredao_Rochoso_A.shp.xml,petropolis,petropolis,,,,official_susceptibility_reference,,,,json_parse_failed,,,context_or_insufficient,local_geometry_parse,false,false,false,false,true,contexto ou geometria insuficiente
S16AFP_00337,S16ALOCG_00337,local_project,PROJECT_ROOT/data/external_validation_assets/petropolis_sgb_cprm/processed_v1af/sig_petropolis_rj_suscet/Geologia/Estrutural_100000.shp.xml,petropolis,petropolis,,,,official_susceptibility_reference,,,,json_parse_failed,,,context_or_insufficient,local_geometry_parse,false,false,false,false,true,contexto ou geometria insuficiente
S16AFP_00338,S16ALOCG_00338,local_project,PROJECT_ROOT/data/external_validation_assets/petropolis_sgb_cprm/processed_v1af/sig_petropolis_rj_suscet/Geologia/Litologia_100000.shp.xml,petropolis,petropolis,,,,official_susceptibility_reference,,,,json_parse_failed,,,context_or_insufficient,local_geometry_parse,false,false,false,false,true,contexto ou geometria insuficiente
S16AFP_00339,S16ALOCG_00339,local_project,PROJECT_ROOT/data/external_validation_assets/petropolis_sgb_cprm/processed_v1af/sig_petropolis_rj_suscet/Limites/Petropolis_Sirgas2000_UTM23.shp.xml,petropolis,petropolis,,,,official_susceptibility_reference,,,,json_parse_failed,,,context_or_insufficient,local_geometry_parse,false,false,false,false,true,contexto ou geometria insuficiente
S16AFP_00340,S16ALOCG_00340,local_project,PROJECT_ROOT/data/external_validation_assets/petropolis_sgb_cprm/processed_v1af/sig_petropolis_rj_suscet/Limites/Petropolis_Sirgas2000_UTM23_Buffer_2Km.shp.xml,petropolis,petropolis,,,,official_susceptibility_reference,,,,json_parse_failed,,,context_or_insufficient,local_geometry_parse,false,false,false,false,true,contexto ou geometria insuficiente
S16AFP_00341,S16ALOCG_00341,local_project,PROJECT_ROOT/data/external_validation_assets/petropolis_sgb_cprm/processed_v1af/sig_petropolis_rj_suscet/Pontos_de_campo/Pontos_de_Campo_P.shp.xml,petropolis,petropolis,,,,official_susceptibility_reference,,,,json_parse_failed,,,context_or_insufficient,local_geometry_parse,false,false,false,false,true,contexto ou geometria insuficiente
S16AFP_00342,S16ALOCG_00342,local_project,PROJECT_ROOT/data/external_validation_assets/petropolis_sgb_cprm/processed_v1af/sig_petropolis_rj_suscet/Relevo/Padroes_de_Relevo_A.shp.xml,petropolis,petropolis,,,,official_susceptibility_reference,,,,json_parse_failed,,,context_or_insufficient,local_geometry_parse,false,false,false,false,true,contexto ou geometria insuficiente
S16AFP_00343,S16ALOCG_00343,local_project,PROJECT_ROOT/data/external_validation_assets/petropolis_sgb_cprm/processed_v1af/sig_petropolis_rj_suscet/Solos/solos_100000.shp.xml,petropolis,petropolis,,,,official_susceptibility_reference,,,,json_parse_failed,,,context_or_insufficient,local_geometry_parse,false,false,false,false,true,contexto ou geometria insuficiente
S16AFP_00344,S16ALOCG_00344,local_project,PROJECT_ROOT/data/external_validation_assets/petropolis_sgb_cprm/processed_v1af/sig_petropolis_rj_suscet/Suscetibilidade/Corrida_de_Massa_A.shp.xml,petropolis,petropolis,,,,official_susceptibility_reference,,,,json_parse_failed,,,context_or_insufficient,local_geometry_parse,false,false,false,false,true,contexto ou geometria insuficiente
S16AFP_00345,S16ALOCG_00345,local_project,PROJECT_ROOT/data/external_validation_assets/petropolis_sgb_cprm/processed_v1af/sig_petropolis_rj_suscet/Suscetibilidade/Corrida_de_Massa_L.shp.xml,petropolis,petropolis,,,,official_susceptibility_reference,,,,json_parse_failed,,,context_or_insufficient,local_geometry_parse,false,false,false,false,true,contexto ou geometria insuficiente
S16AFP_00346,S16ALOCG_00346,local_project,PROJECT_ROOT/data/external_validation_assets/petropolis_sgb_cprm/processed_v1af/sig_petropolis_rj_suscet/Suscetibilidade/Enxurrada_A.shp.xml,petropolis,petropolis,,,,official_susceptibility_reference,,,,json_parse_failed,,,context_or_insufficient,local_geometry_parse,false,false,false,false,true,contexto ou geometria insuficiente
S16AFP_00347,S16ALOCG_00347,local_project,PROJECT_ROOT/data/external_validation_assets/petropolis_sgb_cprm/processed_v1af/sig_petropolis_rj_suscet/Suscetibilidade/Enxurrada_L.shp.xml,petropolis,petropolis,,,,official_susceptibility_reference,,,,json_parse_failed,,,context_or_insufficient,local_geometry_parse,false,false,false,false,true,contexto ou geometria insuficiente
S16AFP_00348,S16ALOCG_00348,local_project,PROJECT_ROOT/data/external_validation_assets/petropolis_sgb_cprm/processed_v1af/sig_petropolis_rj_suscet/Suscetibilidade/Inundacao_A.shp.xml,petropolis,petropolis,,,,official_flood_footprint,,,,json_parse_failed,,,moderate_candidate,local_geometry_parse,true,false,false,false,true,sem data explicita extraida; elegibilidade permanece candidata review-only
S16AFP_00349,S16ALOCG_00349,local_project,PROJECT_ROOT/data/external_validation_assets/petropolis_sgb_cprm/processed_v1af/sig_petropolis_rj_suscet/Suscetibilidade/Movimento_de_Massa_A.shp.xml,petropolis,petropolis,,,,official_susceptibility_reference,,,,json_parse_failed,,,context_or_insufficient,local_geometry_parse,false,false,false,false,true,contexto ou geometria insuficiente
S16AFP_00350,S16ALOCG_00350,local_project,PROJECT_ROOT/data/external_validation_assets/petropolis_sgb_cprm/processed_v1af/sig_petropolis_rj_suscet/Dados_hidrologicos/Base Cartografica/localidades.shp.xml,petropolis,petropolis,,,,official_flood_footprint,,,,json_parse_failed,,,moderate_candidate,local_geometry_parse,true,false,false,false,true,sem data explicita extraida; elegibilidade permanece candidata review-only
S16AFP_00351,S16ALOCG_00351,local_project,PROJECT_ROOT/data/external_validation_assets/petropolis_sgb_cprm/processed_v1af/sig_petropolis_rj_suscet/Dados_hidrologicos/Base Cartografica/Petropolis_Sirgas2000_UTM23.shp.xml,petropolis,petropolis,,,,official_susceptibility_reference,,,,json_parse_failed,,,context_or_insufficient,local_geometry_parse,false,false,false,false,true,contexto ou geometria insuficiente
S16AFP_00352,S16ALOCG_00352,local_project,PROJECT_ROOT/data/external_validation_assets/petropolis_sgb_cprm/processed_v1af/sig_petropolis_rj_suscet/Dados_hidrologicos/Atlas Pluviometrico/Isoietas Anuais Medias/Isoietas_PMA_1977_2006.shp.xml,petropolis,petropolis,,,,official_susceptibility_reference,,,,json_parse_failed,,,context_or_insufficient,local_geometry_parse,false,false,false,false,true,contexto ou geometria insuficiente
S16AFP_00353,S16ALOCG_00353,local_project,PROJECT_ROOT/data/external_validation_assets/petropolis_sgb_cprm/processed_v1af/sig_petropolis_rj_suscet/Dados_hidrologicos/Atlas Pluviometrico/Isoietas Anuais Medias/pma.aux.xml,petropolis,petropolis,,,,official_susceptibility_reference,,,,json_parse_failed,,,context_or_insufficient,local_geometry_parse,false,false,false,false,true,contexto ou geometria insuficiente
S16AFP_00354,S16ALOCG_00354,local_project,PROJECT_ROOT/data/external_validation_assets/petropolis_sgb_cprm/processed_v1af/sig_petropolis_rj_suscet/Dados_hidrologicos/Atlas Pluviometrico/Isoietas Anuais Medias/pma.tif.aux.xml,petropolis,petropolis,,,,official_susceptibility_reference,,,,json_parse_failed,,,context_or_insufficient,local_geometry_parse,false,false,false,false,true,contexto ou geometria insuficiente
S16AFP_00355,S16ALOCG_00355,local_project,PROJECT_ROOT/data/external_validation_assets/petropolis_sgb_cprm/processed_v1af/sig_petropolis_rj_suscet/Dados_hidrologicos/Atlas Pluviometrico/Isoietas Anuais Medias/pma/metadata.xml,petropolis,petropolis,,,,official_susceptibility_reference,,,,json_parse_failed,,,context_or_insufficient,local_geometry_parse,false,false,false,false,true,contexto ou geometria insuficiente
S16AFP_00356,S16ALOCG_00356,local_project,PROJECT_ROOT/data/external_official_sources/petropolis_sgb_rigeo/metadata/petropolis_sidecar_candidates_from_zips.csv,petropolis,petropolis,,,,official_flood_footprint,,,,,,,context_or_insufficient,local_geometry_parse,false,false,false,false,true,contexto ou geometria insuficiente
S16AFP_00357,S16ALOCG_00357,local_project,PROJECT_ROOT/data/external_official_sources/petropolis_sgb_rigeo/metadata/petropolis_sidecar_candidates_v3.csv,petropolis,petropolis,,,,official_flood_footprint,,,,,,,context_or_insufficient,local_geometry_parse,false,false,false,false,true,contexto ou geometria insuficiente
S16AFP_00358,S16ALOCG_00358,local_project,PROJECT_ROOT/data/external_official_sources/petropolis_sgb_rigeo/metadata/petropolis_zip_metadata_entries_v5.csv,petropolis,petropolis,,,,official_flood_footprint,,,,,,,context_or_insufficient,local_geometry_parse,false,false,false,false,true,contexto ou geometria insuficiente
S16AFP_00359,S16ALOCG_00359,local_project,PROJECT_ROOT/.venv/Lib/site-packages/rasterio/gdal_data/grib2_process.csv,unknown,unknown,,,,insufficient,,,,,,,context_or_insufficient,local_geometry_parse,false,false,false,false,true,contexto ou geometria insuficiente
S16AFP_00360,S16ALOCG_00360,local_project,PROJECT_ROOT/.venv/Lib/site-packages/rasterio/gdal_data/grib2_table_4_2_1_0.csv,unknown,unknown,,,,insufficient,,,,,,,context_or_insufficient,local_geometry_parse,false,false,false,false,true,contexto ou geometria insuficiente
S16AFP_00361,S16ALOCG_00361,local_project,PROJECT_ROOT/.venv/Lib/site-packages/rasterio/gdal_data/grib2_table_4_2_1_2.csv,unknown,unknown,,,,insufficient,,,,,,,context_or_insufficient,local_geometry_parse,false,false,false,false,true,contexto ou geometria insuficiente
S16AFP_00362,S16ALOCG_00362,local_project,PROJECT_ROOT/.venv/Lib/site-packages/rasterio/gdal_data/grib2_table_4_2_2_0.csv,unknown,unknown,,,,insufficient,,,,,,,context_or_insufficient,local_geometry_parse,false,false,false,false,true,contexto ou geometria insuficiente
S16AFP_00363,S16ALOCG_00363,local_project,PROJECT_ROOT/.venv/Lib/site-packages/rasterio/gdal_data/grib2_table_4_2_local_NDFD.csv,unknown,unknown,,,,insufficient,,,,,,,context_or_insufficient,local_geometry_parse,false,false,false,false,true,contexto ou geometria insuficiente
S16AFP_00364,S16ALOCG_00364,local_project,PROJECT_ROOT/.venv/Lib/site-packages/rasterio/gdal_data/s57expectedinput.csv,unknown,unknown,,,,official_flood_footprint,,,,,,,context_or_insufficient,local_geometry_parse,false,false,false,false,true,contexto ou geometria insuficiente
S16AFP_00365,S16ALOCG_00365,local_project,PROJECT_ROOT/.venv/Lib/site-packages/pyogrio/gdal_data/grib2_process.csv,unknown,unknown,,,,insufficient,,,,,,,context_or_insufficient,local_geometry_parse,false,false,false,false,true,contexto ou geometria insuficiente
S16AFP_00366,S16ALOCG_00366,local_project,PROJECT_ROOT/.venv/Lib/site-packages/pyogrio/gdal_data/grib2_table_4_2_1_0.csv,unknown,unknown,,,,insufficient,,,,,,,context_or_insufficient,local_geometry_parse,false,false,false,false,true,contexto ou geometria insuficiente
S16AFP_00367,S16ALOCG_00367,local_project,PROJECT_ROOT/.venv/Lib/site-packages/pyogrio/gdal_data/grib2_table_4_2_2_0.csv,unknown,unknown,,,,insufficient,,,,,,,context_or_insufficient,local_geometry_parse,false,false,false,false,true,contexto ou geometria insuficiente
S16AFP_00368,S16ALOCG_00368,local_project,PROJECT_ROOT/.venv/Lib/site-packages/pyogrio/gdal_data/grib2_table_4_2_local_NDFD.csv,unknown,unknown,,,,insufficient,,,,,,,context_or_insufficient,local_geometry_parse,false,false,false,false,true,contexto ou geometria insuficiente
S16AFP_00369,S16ALOCG_00369,local_project,PROJECT_ROOT/.venv/Lib/site-packages/pyogrio/gdal_data/s57expectedinput.csv,unknown,unknown,,,,official_flood_footprint,,,,,,,context_or_insufficient,local_geometry_parse,false,false,false,false,true,contexto ou geometria insuficiente
S16AFP_00370,S16ALOCG_00370,local_project,PROJECT_ROOT/.venv/Lib/site-packages/fiona/gdal_data/grib2_process.csv,unknown,unknown,,,,insufficient,,,,,,,context_or_insufficient,local_geometry_parse,false,false,false,false,true,contexto ou geometria insuficiente
S16AFP_00371,S16ALOCG_00371,local_project,PROJECT_ROOT/.venv/Lib/site-packages/fiona/gdal_data/grib2_table_4_2_1_0.csv,unknown,unknown,,,,insufficient,,,,,,,context_or_insufficient,local_geometry_parse,false,false,false,false,true,contexto ou geometria insuficiente
S16AFP_00372,S16ALOCG_00372,local_project,PROJECT_ROOT/.venv/Lib/site-packages/fiona/gdal_data/grib2_table_4_2_2_0.csv,unknown,unknown,,,,insufficient,,,,,,,context_or_insufficient,local_geometry_parse,false,false,false,false,true,contexto ou geometria insuficiente
S16AFP_00373,S16ALOCG_00373,local_project,PROJECT_ROOT/.venv/Lib/site-packages/fiona/gdal_data/grib2_table_4_2_local_NDFD.csv,unknown,unknown,,,,insufficient,,,,,,,context_or_insufficient,local_geometry_parse,false,false,false,false,true,contexto ou geometria insuficiente
S16AFP_00374,S16ALOCG_00374,local_project,PROJECT_ROOT/.venv/Lib/site-packages/fiona/gdal_data/s57expectedinput.csv,unknown,unknown,,,,official_flood_footprint,,,,,,,context_or_insufficient,local_geometry_parse,false,false,false,false,true,contexto ou geometria insuficiente
S16AFP_00375,S16ALOCG_00375,local_project,PROJECT_ROOT/.claude/worktrees/laughing-vaughan-40c881/metadata/baseline_manifest_v1.csv,unknown,unknown,,,,official_flood_footprint,,,,,,,context_or_insufficient,local_geometry_parse,false,false,false,false,true,contexto ou geometria insuficiente
S16AFP_00376,S16ALOCG_00376,local_project,PROJECT_ROOT/.claude/worktrees/laughing-vaughan-40c881/metadata/feature_policy_v1.csv,unknown,unknown,,,,official_flood_footprint,,,,,,,context_or_insufficient,local_geometry_parse,false,false,false,false,true,contexto ou geometria insuficiente
S16AFP_00377,S16ALOCG_00377,local_project,PROJECT_ROOT/.claude/worktrees/laughing-vaughan-40c881/metadata/modeling_experiment_registry_hydric_v5_core.csv,unknown,unknown,,,,official_flood_footprint,,,,,,,context_or_insufficient,local_geometry_parse,false,false,false,false,true,contexto ou geometria insuficiente
S16AFP_00378,S16ALOCG_00378,local_project,PROJECT_ROOT/.claude/worktrees/laughing-vaughan-40c881/metadata/modeling_experiment_registry_scientific_refresh_v2.csv,unknown,unknown,,,,official_flood_footprint,,,,,,,context_or_insufficient,local_geometry_parse,false,false,false,false,true,contexto ou geometria insuficiente
S16AFP_00379,S16ALOCG_00379,local_project,PROJECT_ROOT/.claude/worktrees/laughing-vaughan-40c881/metadata/modeling_experiment_registry_v5_core.csv,unknown,unknown,,,,official_flood_footprint,,,,,,,context_or_insufficient,local_geometry_parse,false,false,false,false,true,contexto ou geometria insuficiente
S16AFP_00380,S16ALOCG_00380,local_project,PROJECT_ROOT/.claude/worktrees/laughing-vaughan-40c881/metadata/official_phenomenon_prior_v1.csv,unknown,unknown,,,,official_flood_footprint,,,,,,,context_or_insufficient,local_geometry_parse,false,false,false,false,true,contexto ou geometria insuficiente
S16AFP_00381,S16ALOCG_00381,local_project,PROJECT_ROOT/.claude/worktrees/laughing-vaughan-40c881/metadata/scientific_dataset_deprecated_columns_v1.csv,unknown,unknown,,,,official_flood_footprint,,,,,,,context_or_insufficient,local_geometry_parse,false,false,false,false,true,contexto ou geometria insuficiente
S16AFP_00382,S16ALOCG_00382,local_project,PROJECT_ROOT/.claude/worktrees/great-fermi-a647c6/metadata/baseline_manifest_v1.csv,unknown,unknown,,,,official_flood_footprint,,,,,,,context_or_insufficient,local_geometry_parse,false,false,false,false,true,contexto ou geometria insuficiente
S16AFP_00383,S16ALOCG_00383,local_project,PROJECT_ROOT/.claude/worktrees/great-fermi-a647c6/metadata/feature_policy_v1.csv,unknown,unknown,,,,official_flood_footprint,,,,,,,context_or_insufficient,local_geometry_parse,false,false,false,false,true,contexto ou geometria insuficiente
S16AFP_00384,S16ALOCG_00384,local_project,PROJECT_ROOT/.claude/worktrees/great-fermi-a647c6/metadata/modeling_experiment_registry_hydric_v5_core.csv,unknown,unknown,,,,official_flood_footprint,,,,,,,context_or_insufficient,local_geometry_parse,false,false,false,false,true,contexto ou geometria insuficiente
S16AFP_00385,S16ALOCG_00385,local_project,PROJECT_ROOT/.claude/worktrees/great-fermi-a647c6/metadata/modeling_experiment_registry_scientific_refresh_v2.csv,unknown,unknown,,,,official_flood_footprint,,,,,,,context_or_insufficient,local_geometry_parse,false,false,false,false,true,contexto ou geometria insuficiente
S16AFP_00386,S16ALOCG_00386,local_project,PROJECT_ROOT/.claude/worktrees/great-fermi-a647c6/metadata/modeling_experiment_registry_v5_core.csv,unknown,unknown,,,,official_flood_footprint,,,,,,,context_or_insufficient,local_geometry_parse,false,false,false,false,true,contexto ou geometria insuficiente
S16AFP_00387,S16ALOCG_00387,local_project,PROJECT_ROOT/.claude/worktrees/great-fermi-a647c6/metadata/official_phenomenon_prior_v1.csv,unknown,unknown,,,,official_flood_footprint,,,,,,,context_or_insufficient,local_geometry_parse,false,false,false,false,true,contexto ou geometria insuficiente
S16AFP_00388,S16ALOCG_00388,local_project,PROJECT_ROOT/.claude/worktrees/great-fermi-a647c6/metadata/scientific_dataset_deprecated_columns_v1.csv,unknown,unknown,,,,official_flood_footprint,,,,,,,context_or_insufficient,local_geometry_parse,false,false,false,false,true,contexto ou geometria insuficiente
S16AFP_00389,S16ALOCG_00389,local_project,PROJECT_ROOT/.claude/worktrees/elastic-jones-8756a5/metadata/baseline_manifest_v1.csv,unknown,unknown,,,,official_flood_footprint,,,,,,,context_or_insufficient,local_geometry_parse,false,false,false,false,true,contexto ou geometria insuficiente
S16AFP_00390,S16ALOCG_00390,local_project,PROJECT_ROOT/.claude/worktrees/elastic-jones-8756a5/metadata/feature_policy_v1.csv,unknown,unknown,,,,official_flood_footprint,,,,,,,context_or_insufficient,local_geometry_parse,false,false,false,false,true,contexto ou geometria insuficiente
S16AFP_00391,S16ALOCG_00391,local_project,PROJECT_ROOT/.claude/worktrees/elastic-jones-8756a5/metadata/modeling_experiment_registry_hydric_v5_core.csv,unknown,unknown,,,,official_flood_footprint,,,,,,,context_or_insufficient,local_geometry_parse,false,false,false,false,true,contexto ou geometria insuficiente
S16AFP_00392,S16ALOCG_00392,local_project,PROJECT_ROOT/.claude/worktrees/elastic-jones-8756a5/metadata/modeling_experiment_registry_scientific_refresh_v2.csv,unknown,unknown,,,,official_flood_footprint,,,,,,,context_or_insufficient,local_geometry_parse,false,false,false,false,true,contexto ou geometria insuficiente
S16AFP_00393,S16ALOCG_00393,local_project,PROJECT_ROOT/.claude/worktrees/elastic-jones-8756a5/metadata/modeling_experiment_registry_v5_core.csv,unknown,unknown,,,,official_flood_footprint,,,,,,,context_or_insufficient,local_geometry_parse,false,false,false,false,true,contexto ou geometria insuficiente
S16AFP_00394,S16ALOCG_00394,local_project,PROJECT_ROOT/.claude/worktrees/elastic-jones-8756a5/metadata/official_phenomenon_prior_v1.csv,unknown,unknown,,,,official_flood_footprint,,,,,,,context_or_insufficient,local_geometry_parse,false,false,false,false,true,contexto ou geometria insuficiente
S16AFP_00395,S16ALOCG_00395,local_project,PROJECT_ROOT/.claude/worktrees/elastic-jones-8756a5/metadata/scientific_dataset_deprecated_columns_v1.csv,unknown,unknown,,,,official_flood_footprint,,,,,,,context_or_insufficient,local_geometry_parse,false,false,false,false,true,contexto ou geometria insuficiente
S16AFP_00396,S16ALOCG_00396,local_project,PROJECT_ROOT/.claude/worktrees/agitated-cerf-138aeb/metadata/baseline_manifest_v1.csv,unknown,unknown,,,,official_flood_footprint,,,,,,,context_or_insufficient,local_geometry_parse,false,false,false,false,true,contexto ou geometria insuficiente
S16AFP_00397,S16ALOCG_00397,local_project,PROJECT_ROOT/.claude/worktrees/agitated-cerf-138aeb/metadata/feature_policy_v1.csv,unknown,unknown,,,,official_flood_footprint,,,,,,,context_or_insufficient,local_geometry_parse,false,false,false,false,true,contexto ou geometria insuficiente
S16AFP_00398,S16ALOCG_00398,local_project,PROJECT_ROOT/.claude/worktrees/agitated-cerf-138aeb/metadata/modeling_experiment_registry_hydric_v5_core.csv,unknown,unknown,,,,official_flood_footprint,,,,,,,context_or_insufficient,local_geometry_parse,false,false,false,false,true,contexto ou geometria insuficiente
S16AFP_00399,S16ALOCG_00399,local_project,PROJECT_ROOT/.claude/worktrees/agitated-cerf-138aeb/metadata/modeling_experiment_registry_scientific_refresh_v2.csv,unknown,unknown,,,,official_flood_footprint,,,,,,,context_or_insufficient,local_geometry_parse,false,false,false,false,true,contexto ou geometria insuficiente
S16AFP_00400,S16ALOCG_00400,local_project,PROJECT_ROOT/.claude/worktrees/agitated-cerf-138aeb/metadata/modeling_experiment_registry_v5_core.csv,unknown,unknown,,,,official_flood_footprint,,,,,,,context_or_insufficient,local_geometry_parse,false,false,false,false,true,contexto ou geometria insuficiente
S16AFP_00401,S16ALOCG_00401,local_project,PROJECT_ROOT/.claude/worktrees/agitated-cerf-138aeb/metadata/official_phenomenon_prior_v1.csv,unknown,unknown,,,,official_flood_footprint,,,,,,,context_or_insufficient,local_geometry_parse,false,false,false,false,true,contexto ou geometria insuficiente
S16AFP_00402,S16ALOCG_00402,local_project,PROJECT_ROOT/.claude/worktrees/agitated-cerf-138aeb/metadata/scientific_dataset_deprecated_columns_v1.csv,unknown,unknown,,,,official_flood_footprint,,,,,,,context_or_insufficient,local_geometry_parse,false,false,false,false,true,contexto ou geometria insuficiente
S16AFP_00403,S16ASAR_0001,local_sar_canary,PROJECT_ROOT/docs/revp_glossary_and_allowed_claims_v1.md,unknown,,,,,insufficient,,,,,,,blocked,local raster canary not executed; parser intentionally not added without raster dependency contract,false,false,false,false,true,"arquivo local encontrado, mas sem execucao raster automatica para evitar artefato pesado/ambiente incerto"
S16AFP_00404,S16ASAR_0002,local_sar_canary,PROJECT_ROOT/docs/revp_sar_ablation_experiment_plan_v1.md,unknown,,,,,insufficient,,,,,,,blocked,local raster canary not executed; parser intentionally not added without raster dependency contract,false,false,false,false,true,"arquivo local encontrado, mas sem execucao raster automatica para evitar artefato pesado/ambiente incerto"
S16AFP_00405,S16ASAR_0003,local_sar_canary,PROJECT_ROOT/docs/revp_sar_v2_consistency_audit_v1.md,unknown,,,,,insufficient,,,,,,,blocked,local raster canary not executed; parser intentionally not added without raster dependency contract,false,false,false,false,true,"arquivo local encontrado, mas sem execucao raster automatica para evitar artefato pesado/ambiente incerto"
S16AFP_00406,SUSC13C_00000,susc_13c_existing,datasets/suscetibilidade/observed_event_sources_susc13c_live/arcgis/recife_diamente_brasil_MapServer_2.geojson,unknown,unknown,,,,official_risk_context,point_set,,,-63.877778;-24.288258;-37.943984;4.783333,,datasets/suscetibilidade/observed_event_sources_susc13c_live/arcgis/recife_diamente_brasil_MapServer_2.geojson,context_or_insufficient,existing_susc_13c_catalog,false,false,false,false,true,SUSC-13C reaproveitado como evidencia observacional review-only.
S16AFP_00407,SUSC13C_00001,susc_13c_existing,datasets/suscetibilidade/observed_event_sources_susc13c_live/ckan/coordenadas-geograficas-da-regiao-sul.geojson,recife,Recife,,,,insufficient,point_set,,,-34.957271;-8.138517;-34.929074;-8.10852,,datasets/suscetibilidade/observed_event_sources_susc13c_live/ckan/coordenadas-geograficas-da-regiao-sul.geojson,context_or_insufficient,existing_susc_13c_catalog,false,false,false,false,true,SUSC-13C reaproveitado como evidencia observacional review-only.
