"Regional";"Ano";"Mês";"Data";"Ocorrencia";"Solicitacao";"Endereco";"Bairro";"Localidade";"Grau_de_Risco";"Data_da_Acao";"Tipo_da_Acao";"Quantidade";"Altura";"Largura";"Area_m"
"2022";"Maio";"2022-05-30";"Deslizamentos de Barreiras";"Vistoria";"""Rua Ladeira de Pedra";" #^>""";"Agua Fria";"Alto do Pascoal";"R4";"2022-05-30";"";"";"";"";"0"
"2022";"Maio";"2022-05-30";"Deslizamentos de Barreiras";"Vistoria";"""Rua Corrego do Curio";" @}>""";"Dois Unidos";"Corrego do Curio";"R4";"2022-05-30";"";"";"";"";"0"
"2022";"Maio";"2022-05-30";"Deslizamentos de Barreiras";"Vistoria";"""Rua Francisco de Paula Santos";" #^>""";"Dois Unidos";"Corrego da Picada";"R3";"2022-05-30";"Orientado a Sair do Imovel em Caso de Chuva";"";"";"";"0"
"2022";"Maio";"2022-05-30";"Deslizamentos de Barreiras";"Vistoria";"""Avenida Chagas Ferreira";" {})!""";"Dois Unidos";"Chagas Ferreira";"R3";"2022-05-30";"Orientado a Sair do Imovel em Caso de Chuva";"";"";"";"0"
"2022";"Maio";"2022-05-30";"Deslizamentos de Barreiras";"Vistoria";"""Rua Alto do Eucalipto";" """"#*9""";"Vasco da Gama ";"Alto do Eucalipto";"R3";"2022-05-30";"Orientado a Sair do Imovel em Caso de Chuva";"";"";"";"0"
"2022";"Maio";"2022-05-30";"Deslizamentos de Barreiras";"Vistoria";"""Rua Arataca";" `=-[""";"Nao Informado";"Alto do Mandu";"R3";"2022-05-30";"Orientado a Sair do Imovel em Caso de Chuva";"";"";"";"0"
"2022";"Maio";"2022-05-30";"Deslizamentos de Barreiras";"Vistoria";"""Rua Ester";" .<^&""";"Macaxeira ";"Macaxeira";"R3";"2022-05-30";"Orientado a Sair do Imovel em Caso de Chuva";"";"";"";"0"
"2022";"Maio";"2022-05-30";"Deslizamentos de Barreiras";"Vistoria";"""Rua Prof. Jose Amarino";" #""""#~""";"Linha do Tiro";"Corrego do Tiro";"R3";"2022-05-30";"Orientado a Sair do Imovel em Caso de Chuva";"";"";"";"0"
"2022";"Maio";"2022-05-30";"Deslizamentos de Barreiras";"Vistoria";"""Rua Aureliano Leal122 B";" .<^&""";"Dois Unidos";"Alto do Maracana";"R3";"2022-05-30";"Orientado a Sair do Imovel em Caso de Chuva";"";"";"";"0"
"2022";"Maio";"2022-05-30";"Deslizamentos de Barreiras";"Vistoria";"""Rua Etelvina de Oliveira";" `=-[""";"Dois Unidos";"Alto do Capitao";"R3";"2022-05-30";"Orientado a Sair do Imovel em Caso de Chuva";"";"";"";"0"
"2022";"Maio";"2022-05-30";"Deslizamentos de Barreiras";"Vistoria";"""2 Subida do Campo";" `=-[""";"Linha do Tiro";"Corrego do Abdias";"R4";"2022-05-30";"";"";"";"";"0"
"2022";"Maio";"2022-05-30";"Deslizamentos de Barreiras";"Vistoria";"""Rua Nova Descoberta";" @}>""";"Nova Descoberta";"Nova Descoberta";"R3";"2022-05-30";"Orientado a Sair do Imovel em Caso de Chuva";"";"";"";"0"
"2022";"Maio";"2022-05-30";"Deslizamentos de Barreiras";"Vistoria";"""Rua Levadas";" #""""#~""";"Nao Informado";"Apipucos";"R3";"2022-05-30";"Orientado a Sair do Imovel em Caso de Chuva";"";"";"";"0"
"2022";"Maio";"2022-05-30";"Imveis Alagados";"Vistoria Alagado";"""Avenida Vereados Otacilio de Azevedo";" {})!""";"Brejo de Beberibe";"Sem Localidade";"";"2022-05-30";"Analise Visual Estrutural";"";"";"";"0"
"2022";"Maio";"2022-05-30";"";"Colocao de Lonas Plsticas";"""Rua Juventude";" 9<-%""";"Varzea";"Barreiras";"";"2022-05-30";"Rocagem";"3.0";"20.0";"8.0";"480"
"2022";"Maio";"2022-05-30";"";"Colocao de Lonas Plsticas";"""Rua Francisco Leopoldino";" >#'\""";"Varzea";"Barreiras";"";"2022-05-30";"";"2.0";"20.0";"8.0";"320"
"2022";"Maio";"2022-05-30";"";"Colocao de Lonas Plsticas";"""Rua Traipu";" ?_$.""";"Varzea";"Barreiras";"";"2022-05-30";"";"4.0";"25.0";"8.0";"800"
"2022";"Maio";"2022-05-30";"";"Vistoria";"""Rua Aguas Claras";" 9<-%""";"Varzea";"Barreiras";"R3";"2022-05-30";"Orientado a Sair do Imovel em Caso de Chuva";"";"";"";"0"
"2022";"Maio";"2022-05-30";"";"Vistoria";"""Rua Aguas Claras";" %$<!""";"Varzea";"Barreiras";"R3";"2022-05-30";"Orientado a Sair do Imovel em Caso de Chuva";"";"";"";"0"
"2022";"Maio";"2022-05-30";"";"Vistoria";"""Rua Aguas Claras";" .<^&""";"Varzea";"Barreiras";"R3";"2022-05-30";"Orientado a Sair do Imovel em Caso de Chuva";"";"";"";"0"
"2022";"Maio";"2022-05-30";"";"Vistoria";"""Rua Pacote de Mel";" ^[{""";"Varzea";"Barreiras";"R3";"2022-05-30";"Orientado a Sair do Imovel em Caso de Chuva";"";"";"";"0"
"2022";"Maio";"2022-05-30";"";"Vistoria";"""Rua Pacote de Mel";" {})!""";"Varzea";"Barreiras";"R3";"2022-05-30";"Orientado a Sair do Imovel em Caso de Chuva";"";"";"";"0"
"2022";"Maio";"2022-05-30";"";"Vistoria";"""Rua Pacote de Mel";" #^>""";"Varzea";"Barreiras";"R3";"2022-05-30";"Orientado a Sair do Imovel em Caso de Chuva";"";"";"";"0"
"2022";"Maio";"2022-05-30";"";"Vistoria";"""Rua Francisco Leopoldino";" ~|}[""";"Varzea";"Barreiras";"R3";"2022-05-30";"Orientado a Sair do Imovel em Caso de Chuva";"";"";"";"0"
"2022";"Maio";"2022-05-30";"";"Vistoria";"""Rua Francisco Leopoldino";" #""""#~""";"Varzea";"Barreiras";"R3";"2022-05-30";"Orientado a Sair do Imovel em Caso de Chuva";"";"";"";"0"
"2022";"Maio";"2022-05-30";"";"Vistoria";"""Rua Traipiu";" +?""""]""";"Varzea";"Barreiras";"R3";"2022-05-30";"Orientado a Sair do Imovel em Caso de Chuva";"";"";"";"0"
"2022";"Maio";"2022-05-30";"";"Vistoria";"""Rua Francisco Leopoldino";" /@9=""";"Varzea";"Barreiras";"R3";"2022-05-30";"Orientado a Sair do Imovel em Caso de Chuva";"";"";"";"0"
"2022";"Maio";"2022-05-30";"";"Vistoria";"""Rua Aguas Claras";" @}>""";"Varzea";"Barreiras";"R3";"2022-05-30";"Orientado a Sair do Imovel em Caso de Chuva";"";"";"";"0"
"2022";"Maio";"2022-05-30";"";"Vistoria";"""Rua Aguas Claras";" $!>=""";"Varzea";"Barreiras";"R3";"2022-05-30";"Orientado a Sair do Imovel em Caso de Chuva";"";"";"";"0"
"2022";"Maio";"2022-05-30";"";"Vistoria";"""Rua Traipu";" >#'\""";"Varzea";"Barreiras";"R3";"2022-05-30";"Orientado a Sair do Imovel em Caso de Chuva";"";"";"";"0"
"2022";"Maio";"2022-05-30";"";"Vistoria";"""Rua Traipu";" ?_$.""";"Varzea";"Barreiras";"R3";"2022-05-30";"Orientado a Sair do Imovel em Caso de Chuva";"";"";"";"0"
"2022";"Maio";"2022-05-30";"Imveis Alagados";"Vistoria Alagado";"""Avenida Melvin Jones";" >#'\""";"Varzea";"Nao Cadastrada";"";"2022-05-30";"Analise Visual Estrutural";"";"";"";"0"
"2022";"Maio";"2022-05-30";"Imveis Alagados";"Vistoria Alagado";"""Avenida Melvin Jones";" ?_$.""";"Varzea";"Nao Cadastrada";"";"2022-05-30";"Analise Visual Estrutural";"";"";"";"0"
"2022";"Maio";"2022-05-30";"Imveis Alagados";"Vistoria Alagado";"""Avenida Melvin Jones";" `=-[""";"Varzea";"Nao Cadastrada";"";"2022-05-30";"Analise Visual Estrutural";"";"";"";"0"
"2022";"Maio";"2022-05-30";"Imveis Alagados";"Vistoria Alagado";"""Avenida Melvin Jones";" #$[""";"Varzea";"Nao Cadastrada";"";"2022-05-30";"Analise Visual Estrutural";"";"";"";"0"
"2022";"Maio";"2022-05-30";"Imveis Alagados";"Vistoria Alagado";"""Rua Erundina Negreiros de Araujo";" #_|/""";"Corrego do Jenipapo";"Nao Cadastrada";"";"2022-05-30";"Analise Visual Estrutural";"";"";"";"0"
"2022";"Maio";"2022-05-30";"Imveis Alagados";"Vistoria Alagado";"""Rua Luiz Gonzaga";" """"#*9""";"Guabiraba";"Nao Cadastrada";"";"2022-05-30";"Analise Visual Estrutural";"";"";"";"0"
"2022";"Maio";"2022-05-30";"Imveis Alagados";"Vistoria Alagado";"""Rua Luiz Gonzaga";" +?""""]""";"Guabiraba";"Nao Cadastrada";"";"2022-05-30";"Analise Visual Estrutural";"";"";"";"0"
"2022";"Maio";"2022-05-30";"Imveis Alagados";"Vistoria Alagado";"""Rua Luiz Gonzaga";" #""""#~""";"Guabiraba";"Nao Cadastrada";"";"2022-05-30";"Analise Visual Estrutural";"";"";"";"0"
"2022";"Maio";"2022-05-30";"Imveis Alagados";"Vistoria Alagado";"""Rua Luiz Gonzaga";" /@9=""";"Guabiraba";"Nao Cadastrada";"";"2022-05-30";"Analise Visual Estrutural";"";"";"";"0"
"2022";"Maio";"2022-05-30";"Imveis Alagados";"Vistoria Alagado";"""Rua Luiz Gonzaga";" ~|}[""";"Guabiraba";"Nao Cadastrada";"";"2022-05-30";"Analise Visual Estrutural";"";"";"";"0"
"2022";"Maio";"2022-05-30";"Imveis Alagados";"Vistoria Alagado";"""Rua Luiz Gonzaga";" #^>""";"Guabiraba";"Nao Cadastrada";"";"2022-05-30";"Analise Visual Estrutural";"";"";"";"0"
"2022";"Maio";"2022-05-30";"Imveis Alagados";"Vistoria Alagado";"""Rua Vicente Ribeiro de Barros";" ^[{""";"Afogados";"Sem Localidade";"";"2022-05-30";"Analise Visual Estrutural";"";"";"";"0"
"2022";"Maio";"2022-05-30";"Imveis Alagados";"Vistoria Alagado";"""Rua Alcantara";" .<^&""";"Coqueiral";"Sem Localidade";"";"2022-05-30";"Analise Visual Estrutural";"";"";"";"0"
"2022";"Maio";"2022-05-30";"Imveis Alagados";"Vistoria Alagado";"""Rua Guanabara";" %$<!""";"Coqueiral";"Sem Localidade";"";"2022-05-30";"Analise Visual Estrutural";"";"";"";"0"
"2022";"Maio";"2022-05-30";"Imveis Alagados";"Vistoria Alagado";"""1 Travessa do Jenipapo";" #^>""";"Monteiro";"Sem Localidade";"";"2022-05-30";"Analise Visual Estrutural";"";"";"";"0"
"2022";"Maio";"2022-05-30";"Imveis Alagados";"Vistoria Alagado";"""Rua Joao Murilo de Oliveira";" ~|}[""";"Imbiribeira";"Sem Localidade";"";"2022-05-30";"Analise Visual Estrutural";"";"";"";"0"
"2022";"Maio";"2022-05-30";"Imveis Alagados";"Vistoria Alagado";"""Rua Alice Tibirica";" /@9=""";"Cajueiro";"Sem Localidade";"";"2022-05-30";"Analise Visual Estrutural";"";"";"";"0"
"2022";"Maio";"2022-05-30";"Imveis Alagados";"Vistoria Alagado";"""Rua Arapari";" #""""#~""";"Beberibe";"Sem Localidade";"";"2022-05-30";"Analise Visual Estrutural";"";"";"";"0"
"2022";"Maio";"2022-05-30";"Imveis Alagados";"Vistoria Alagado";"""Estrada do Barbalho";" +?""""]""";"Iputinga";"Sem Localidade";"";"2022-05-30";"Analise Visual Estrutural";"";"";"";"0"
"2022";"Maio";"2022-05-30";"Imveis Alagados";"Vistoria Alagado";"""Rua Rio Morno";" """"#*9""";"Dois Unidos";"Sem Localidade";"";"2022-05-30";"Analise Visual Estrutural";"";"";"";"0"
"2022";"Maio";"2022-05-30";"Imveis Alagados";"Vistoria Alagado";"""Avenida Melvin Jones";" $!>=""";"Varzea";"Nao Cadastrada";"";"2022-05-30";"Analise Visual Estrutural";"";"";"";"0"
"2022";"Maio";"2022-05-30";"Imveis Alagados";"Vistoria Alagado";"""Rua Rio Morno";" #_|/""";"Dois Unidos";"Sem Localidade";"";"2022-05-30";"Analise Visual Estrutural";"";"";"";"0"
"2022";"Maio";"2022-05-30";"Imveis Alagados";"Vistoria Alagado";"""Rua Joao Paulo Ii";" #$[""";"Areias";"Sem Localidade";"";"2022-05-30";"Analise Visual Estrutural";"";"";"";"0"
"2022";"Maio";"2022-05-30";"Imveis Alagados";"Vistoria Alagado";"""Rua Jose Firmino Pinho";" `=-[""";"Areias";"Sem Localidade";"";"2022-05-30";"Analise Visual Estrutural";"";"";"";"0"
"2022";"Maio";"2022-05-30";"Imveis Alagados";"Vistoria Alagado";"""Rua Alvorada";" ?_$.""";"Ipsep";"Sem Localidade";"";"2022-05-30";"Analise Visual Estrutural";"";"";"";"0"
"2022";"Maio";"2022-05-30";"Imveis Alagados";"Vistoria Alagado";"""Rua Cipotania";" >#'\""";"Cordeiro";"Sem Localidade";"";"2022-05-30";"Analise Visual Estrutural";"";"";"";"0"
"2022";"Maio";"2022-05-30";"Imveis Alagados";"Vistoria Alagado";"""Rua Cipotania";" $!>=""";"Cordeiro";"Sem Localidade";"";"2022-05-30";"Analise Visual Estrutural";"";"";"";"0"
"2022";"Maio";"2022-05-30";"Imveis Alagados";"Vistoria Alagado";"""Rua Luiz Souto Dourado164";" .[?""";"Iputinga";"Sem Localidade";"";"2022-05-30";"Analise Visual Estrutural";"";"";"";"0"
"2022";"Maio";"2022-05-30";"Imveis Alagados";"Vistoria Alagado";"""Avenida Melvin Jones";" @}>""";"Varzea";"Nao Cadastrada";"";"2022-05-30";"Analise Visual Estrutural";"";"";"";"0"
"2022";"Maio";"2022-05-30";"Imveis Alagados";"Vistoria Alagado";"""Avenida Melvin Jones";" 9<-%""";"Varzea";"Nao Cadastrada";"";"2022-05-30";"Analise Visual Estrutural";"";"";"";"0"
"2022";"Maio";"2022-05-30";"Imveis Alagados";"Vistoria Alagado";"""Avenida Melvin Jones";" %$<!""";"Varzea";"Nao Cadastrada";"";"2022-05-30";"Analise Visual Estrutural";"";"";"";"0"
"2022";"Maio";"2022-05-30";"";"Vistoria";"""Rua Francisco Leopoldino";" %$<!""";"Varzea";"Barreiras";"R3";"2022-05-30";"orientado a Sair do Imovel em Caso de Chuva";"";"";"";"0"
"2022";"Maio";"2022-05-30";"";"Vistoria";"""Rua Francisco Leopoldino";" .<^&""";"Varzea";"Barreiras";"R3";"2022-05-30";"orientado a Sair do Imovel em Caso de Chuva";"";"";"";"0"
"2022";"Maio";"2022-05-30";"";"Vistoria";"""Rua Traipu";" ^[{""";"Varzea";"Barreiras";"R3";"2022-05-30";"orientado a Sair do Imovel em Caso de Chuva";"";"";"";"0"
"2022";"Maio";"2022-05-30";"";"Vistoria";"""Rua Andreza Maria Batista";" {})!""";"Varzea";"Barreiras";"R3";"2022-05-30";"orientado a Sair do Imovel em Caso de Chuva";"";"";"";"0"
"2022";"Maio";"2022-05-30";"";"Vistoria";"""Rua Andreza Batista";" #^>""";"Varzea";"Barreiras";"R3";"2022-05-30";"orientado a Sair do Imovel em Caso de Chuva";"";"";"";"0"
"2022";"Maio";"2022-05-30";"";"Vistoria";"""Rua Pacote de Mel";" ~|}[""";"Varzea";"Barreiras";"R3";"2022-05-30";"orientado a Sair do Imovel em Caso de Chuva";"";"";"";"0"
"2022";"Maio";"2022-05-30";"";"Vistoria";"""Rua Monteiroplis";" 9<-%""";"Varzea";"Barreiras";"R3";"2022-05-30";"orientado a Sair do Imovel em Caso de Chuva";"";"";"";"0"
"2022";"Maio";"2022-05-30";"";"Vistoria";"""Rua Pacote de Mel";" /@9=""";"Varzea";"Barreiras";"R3";"2022-05-30";"Orientado a Sair do Imovel em Caso de Chuva";"";"";"";"0"
"2022";"Maio";"2022-05-30";"";"Vistoria";"""Rua Elizabeth Maria";" """"#*9""";"Varzea";"Barreiras";"R3";"2022-05-30";"Orientado a Sair do Imovel em Caso de Chuva";"";"";"";"0"
"2022";"Maio";"2022-05-30";"";"Vistoria";"""Rua Ihapi";" #_|/""";"Varzea";"Barreiras";"R3";"2022-05-30";"Orientado a Sair do Imovel em Caso de Chuva";"";"";"";"0"
"2022";"Maio";"2022-05-30";"";"Vistoria";"""Rua Menino Jesus";" .[?""";"Varzea";"Barreiras";"R3";"2022-05-30";"Orientado a Sair do Imovel em Caso de Chuva";"";"";"";"0"
"2022";"Maio";"2022-05-30";"";"Vistoria";"""Rua Pacote de Mel";" #$[""";"Varzea";"Barreiras";"R3";"2022-05-30";"Orientado a Sair do Imovel em Caso de Chuva";"";"";"";"0"
"2022";"Maio";"2022-05-30";"";"Vistoria";"""Rua Pacote de Mel";" `=-[""";"Varzea";"Barreiras";"R3";"2022-05-30";"Orientado a Sair do Imovel em Caso de Chuva";"";"";"";"0"
"2022";"Maio";"2022-05-30";"";"Vistoria";"""Rua Traipu";" @}>""";"Varzea";"Barreiras";"R3";"2022-05-30";"orientado a Sair do Imovel em Caso de Chuva";"";"";"";"0"
"2022";"Maio";"2022-05-30";"Imveis Alagados";"Vistoria Alagado";"""Avenida Melvin Jones";" >#'\""";"Varzea";"Nao Cadastrada";"";"2022-05-30";"Analise Visual Estrutural";"";"";"";"0"
"2022";"Maio";"2022-05-30";"Imveis Alagados";"Vistoria Alagado";"""Avenida Melvin Jones";" .<^&""";"Varzea";"Nao Cadastrada";"";"2022-05-30";"Analise Visual Estrutural";"";"";"";"0"
"2022";"Maio";"2022-05-30";"Imveis Alagados";"Vistoria em Imveis";"""Avenida Melvin Jones";" ^[{""";"Varzea";"Nao Cadastrada";"";"2022-05-30";"Analise Visual Estrutural";"";"";"";"0"
"2022";"Maio";"2022-05-30";"Desabamento Parcial Imveis";"Vistoria em Imveis";"""Avenida Melvin Jones";" {})!""";"Varzea";"Nao Cadastrada";"";"2022-05-30";"Analise Visual Estrutural";"";"";"";"0"
"2022";"Maio";"2022-05-30";"Desabamento Parcial Imveis";"Vistoria Alagado";"""Avenida Melvin Jones";" #^>""";"Varzea";"Nao Cadastrada";"";"2022-05-30";"Analise Visual Estrutural";"";"";"";"0"
"2022";"Maio";"2022-05-30";"Imveis Alagados";"Vistoria Alagado";"""Avenida Melvin Jones";" ~|}[""";"Varzea";"Nao Cadastrada";"";"2022-05-30";"Analise Visual Estrutural";"";"";"";"0"
"2022";"Maio";"2022-05-30";"Imveis Alagados";"Vistoria Alagado";"""Avenida Melvin Jones";" /@9=""";"Varzea";"Nao Cadastrada";"";"2022-05-30";"Analise Visual Estrutural";"";"";"";"0"
"2022";"Maio";"2022-05-30";"Imveis Alagados";"Vistoria Alagado";"""Avenida Melvin Jones";" $!>=""";"Varzea";"Nao Cadastrada";"";"2022-05-30";"Analise Visual Estrutural";"";"";"";"0"
"2022";"Maio";"2022-05-30";"Imveis Alagados";"Vistoria Alagado";"""Avenida Melvin Jones";" #""""#~""";"Varzea";"Nao Cadastrada";"";"2022-05-30";"Analise Visual Estrutural";"";"";"";"0"
"2022";"Maio";"2022-05-30";"Imveis Alagados";"Vistoria Alagado";"""Avenida Melvin Jones";" """"#*9""";"Varzea";"Nao Cadastrada";"";"2022-05-30";"Analise Visual Estrutural";"";"";"";"0"
"2022";"Maio";"2022-05-30";"Imveis Alagados";"Vistoria Alagado";"""Avenida Melvin Jones";" #_|/""";"Varzea";"Nao Cadastrada";"";"2022-05-30";"Analise Visual Estrutural";"";"";"";"0"
"2022";"Maio";"2022-05-30";"Imveis Alagados";"Vistoria Alagado";"""Avenida Melvin Jones";" .[?""";"Varzea";"Nao Cadastrada";"";"2022-05-30";"Analise Visual Estrutural";"";"";"";"0"
"2022";"Maio";"2022-05-30";"Imveis Alagados";"Vistoria Alagado";"""Avenida Melvin Jones";" #$[""";"Varzea";"Nao Cadastrada";"";"2022-05-30";"Analise Visual Estrutural";"";"";"";"0"
"2022";"Maio";"2022-05-30";"Imveis Alagados";"Vistoria Alagado";"""Avenida Melvin Jones";" `=-[""";"Varzea";"Nao Cadastrada";"";"2022-05-30";"Analise Visual Estrutural";"";"";"";"0"
"2022";"Maio";"2022-05-30";"Imveis Alagados";"Vistoria Alagado";"""Avenida Melvin Jones";" ?_$.""";"Varzea";"Nao Cadastrada";"";"2022-05-30";"Analise Visual Estrutural";"";"";"";"0"
"2022";"Maio";"2022-05-30";"Imveis Alagados";"Vistoria Alagado";"""Avenida Melvin Jones";" +?""""]""";"Varzea";"Nao Cadastrada";"";"2022-05-30";"Analise Visual Estrutural";"";"";"";"0"
"2022";"Maio";"2022-05-29";"Deslizamentos de Barreiras";"Vistoria";"""Rua Doutor Moacir Sales";" #""""#~""";"Cohab";"Lagoa Encantada";"R3";"2022-05-29";"Analise Visual Estrutural";"";"";"";"0"
"2022";"Maio";"2022-05-30";"Deslizamentos de Barreiras";"Vistoria";"""Rua Nacip Raidan";" /@9=""";"Nova Descoberta";"Alto Jardim Progresso";"R3";"2022-05-30";"Notificacao de Situacao de Risco";"";"";"";"0"
"2022";"Maio";"2022-05-29";"Deslizamentos de Barreiras";"Vistoria";"""Rua Vertentes do Lerio";" #""""#~""";"Dois Unidos";"Alto do Rosario";"R3";"2022-05-29";"Orientado a Sair do Imovel em Caso de Chuva";"";"";"";"0"
"2022";"Maio";"2022-05-29";"Deslizamentos de Barreiras";"Vistoria";"""Rua Vertentes do Lerio";" /@9=""";"Dois Unidos";"Alto do Rosario";"R3";"2022-05-29";"Orientado a Sair do Imovel em Caso de Chuva";"";"";"";"0"
"2022";"Maio";"2022-05-29";"Deslizamentos de Barreiras";"Vistoria";"""Rua Vertentes do Lerio S9N";" ~|}[""";"Dois Unidos";"Alto do Rosario";"R3";"2022-05-29";"Orientado a Sair do Imovel em Caso de Chuva";"";"";"";"0"
"2022";"Maio";"2022-05-29";"Deslizamentos de Barreiras";"Vistoria";"""Rua Vertentes do Lerio S";" #^>""";"Dois Unidos";"Alto do Rosario";"R3";"2022-05-29";"Orientado a Sair do Imovel em Caso de Chuva";"";"";"";"0"
"2022";"Maio";"2022-05-29";"Deslizamentos de Barreiras";"Vistoria";"""Rua Vertentes do Lerio";" {})!""";"Dois Unidos";"Alto do Rosario";"R3";"2022-05-29";"Orientado a Sair do Imovel em Caso de Chuva";"";"";"";"0"
"2022";"Maio";"2022-05-29";"Deslizamentos de Barreiras";"Vistoria";"""Rua Vertentes do Lerio";" ^[{""";"Dois Unidos";"Alto do Rosario";"R3";"2022-05-29";"Orientado a Sair do Imovel em Caso de Chuva";"";"";"";"0"
"2022";"Maio";"2022-05-29";"Deslizamentos de Barreiras";"Vistoria";"""Rua Vertentes do Lerio";" .<^&""";"Dois Unidos";"Alto do Rosario";"R3";"2022-05-29";"Orientado a Sair do Imovel em Caso de Chuva";"";"";"";"0"
"2022";"Maio";"2022-05-29";"Deslizamentos de Barreiras";"Vistoria";"""Rua Vertentes do Lerio";" %$<!""";"Dois Unidos";"Alto do Rosario";"R3";"2022-05-29";"Orientado a Sair do Imovel em Caso de Chuva";"";"";"";"0"
"2022";"Maio";"2022-05-29";"Deslizamentos de Barreiras";"Vistoria";"""Rua Angical";" 9<-%""";"Agua Fria";"Corrego do Deodato";"R3";"2022-05-29";"Orientado a Sair do Imovel em Caso de Chuva";"";"";"";"0"
"2022";"Maio";"2022-05-29";"Deslizamentos de Barreiras";"Vistoria";"""Rua Santa Fe";" @}>""";"Agua Fria";"Corrego do Deodato";"R3";"2022-05-29";"Orientado a Sair do Imovel em Caso de Chuva";"";"";"";"0"
"2022";"Maio";"2022-05-29";"Deslizamentos de Barreiras";"Vistoria";"""Rua Belo Jardim";" $!>=""";"Agua Fria";"Corrego do Deodato";"R3";"2022-05-29";"Orientado a Sair do Imovel em Caso de Chuva";"";"";"";"0"
"2022";"Maio";"2022-05-29";"Deslizamentos de Barreiras";"Vistoria";"""Rua Antonio Rodrigues";" >#'\""";"Bomba do Hemeterio";"Corrego Antonio Rodrigues";"R4";"2022-05-29";"";"";"";"";"0"
"2022";"Maio";"2022-05-29";"Deslizamentos de Barreiras";"Vistoria";"""Rua Corrego do Deodato";" ?_$.""";"Agua Fria";"Corrego do Deodato";"R3";"2022-05-29";"Orientado a Sair do Imovel em Caso de Chuva";"";"";"";"0"
"2022";"Maio";"2022-05-29";"Deslizamentos de Barreiras";"Vistoria";"""Rua Calatina";" `=-[""";"Dois Unidos";"Vale do Senhor";"R3";"2022-05-29";"Orientado a Sair do Imovel em Caso de Chuva";"";"";"";"0"
"2022";"Maio";"2022-05-29";"Deslizamentos de Barreiras";"Vistoria";"""Rua Vertentes do Lerio";" +?""""]""";"Dois Unidos";"Alto do Rosario";"R3";"2022-05-29";"Orientado a Sair do Imovel em Caso de Chuva";"";"";"";"0"
"2022";"Maio";"2022-05-29";"Deslizamentos de Barreiras";"Vistoria";"""Rua dos Milagres";" ?_$.""";"Barro";"Vila dos Milagres";"R4";"2022-05-29";"Mapeamento de Area de Risco";"";"";"";"0"
"2022";"Maio";"2022-05-29";"Desabamento Total Imveis";"Vistoria";"""Rua dos Milagres";" `=-[""";"Barro";"Vila dos Milagres";"R4";"2022-05-29";"Mapeamento de Area de Risco";"";"";"";"0"
"2022";"Maio";"2022-05-29";"Deslizamentos de Barreiras";"Vistoria";"""Rua Doutor Moacir Sales";" ~|}[""";"Cohab";"Lagoa Encantada";"R4";"2022-05-29";"Analise Visual Estrutural";"";"";"";"0"
"2022";"Maio";"2022-05-29";"Deslizamentos de Barreiras";"Vistoria";"""Rua Doutor Moacir Sales";" """"#*9""";"Cohab";"Lagoa Encantada";"R3";"2022-05-29";"Analise Visual Estrutural";"";"";"";"0"
"2022";"Maio";"2022-05-29";"Desabamento Parcial Imveis";"Vistoria";"""Rua Mandiore";" >#'\""";"Cohab";"Ur 02";"R4";"2022-05-29";"";"";"";"";"0"
"2022";"Maio";"2022-05-29";"Deslizamentos de Barreiras";"Vistoria";"""Rua Vertentes do Lerio";" """"#*9""";"Dois Unidos";"Alto do Rosario";"R3";"2022-05-29";"Orientado a Sair do Imovel em Caso de Chuva";"";"";"";"0"
"2022";"Maio";"2022-05-29";"Deslizamentos de Barreiras";"Vistoria";"""Rua Vertentes do Lerio";" #_|/""";"Dois Unidos";"Alto do Rosario";"R3";"2022-05-29";"Orientado a Sair do Imovel em Caso de Chuva";"";"";"";"0"
"2022";"Maio";"2022-05-29";"Deslizamentos de Barreiras";"Vistoria";"""Rua Vertentes do Lerio";" .[?""";"Dois Unidos";"Alto do Rosario";"R3";"2022-05-29";"Orientado a Sair do Imovel em Caso de Chuva";"";"";"";"0"
"2022";"Maio";"2022-05-29";"Deslizamentos de Barreiras";"Vistoria";"""Rua Aaloandia";" @}>""";"Alto Jose Bonifacio ";"Corrego do Euclides";"R3";"2022-05-29";"Notificacao de Situacao de Risco";"";"";"";"0"
"2022";"Maio";"2022-05-29";"Deslizamentos de Barreiras";"Vistoria";"""Rua Xui";" /@9=""";"Vasco da Gama ";"Alto 13 de Maio";"R4";"2022-05-29";"Orientado a Sair do Imovel em Caso de Chuva";"";"";"";"0"
"2022";"Maio";"2022-05-29";"Deslizamentos de Barreiras";"Vistoria";"""Rua Vasco da Gama";" #^>""";"Vasco da Gama ";"Vasco da Gama";"R3";"2022-05-29";"Notificacao de Situacao de Risco";"";"";"";"0"
"2022";"Maio";"2022-05-29";"Deslizamentos de Barreiras";"Vistoria";"""Rua Agua Viva";" @}>""";"Casa Amarela ";"Alto Santa Isabel";"R2";"2022-05-29";"Notificacao de Situacao de Risco";"";"";"";"0"
"2022";"Maio";"2022-05-29";"Deslizamentos de Barreiras";"Vistoria";"""Rua Cavalcanti Petribu";" """"#*9""";"Dois Unidos";"Dois Unidos";"R3";"2022-05-29";"Orientado a Sair do Imovel em Caso de Chuva";"";"";"";"0"
"2022";"Maio";"2022-05-29";"Deslizamentos de Barreiras";"Vistoria";"""Rua Cavalcanti Petribu";" +?""""]""";"Dois Unidos";"Dois Unidos";"R3";"2022-05-29";"Orientado a Sair do Imovel em Caso de Chuva";"";"";"";"0"
"2022";"Maio";"2022-05-29";"Deslizamentos de Barreiras";"Vistoria";"""Rua Vertentes do Lerio";" #$[""";"Dois Unidos";"Alto do Rosario";"R3";"2022-05-29";"Orientado a Sair do Imovel em Caso de Chuva";"";"";"";"0"
"2022";"Maio";"2022-05-29";"Deslizamentos de Barreiras";"Vistoria";"""Rua Vertentes do Lerio";" `=-[""";"Dois Unidos";"Alto do Rosario";"R3";"2022-05-29";"Orientado a Sair do Imovel em Caso de Chuva";"";"";"";"0"
"2022";"Maio";"2022-05-29";"Deslizamentos de Barreiras";"Vistoria";"""Rua Vertentes do Lerio";" ?_$.""";"Dois Unidos";"Alto do Rosario";"R3";"2022-05-29";"Orientado a Sair do Imovel em Caso de Chuva";"";"";"";"0"
"2022";"Maio";"2022-05-29";"Deslizamentos de Barreiras";"Vistoria";"""Rua Vertentes do Lerio";" >#'\""";"Dois Unidos";"Alto do Rosario";"R3";"2022-05-29";"Orientado a Sair do Imovel em Caso de Chuva";"";"";"";"0"
"2022";"Maio";"2022-05-29";"Deslizamentos de Barreiras";"Vistoria";"""Rua Vertentes do Lerio";" $!>=""";"Dois Unidos";"Alto do Rosario";"R3";"2022-05-29";"Orientado a Sair do Imovel em Caso de Chuva";"";"";"";"0"
"2022";"Maio";"2022-05-29";"Deslizamentos de Barreiras";"Vistoria";"""Rua Vertentes do Lerio";" @}>""";"Dois Unidos";"Alto do Rosario";"R3";"2022-05-29";"Orientado a Sair do Imovel em Caso de Chuva";"";"";"";"0"
"2022";"Maio";"2022-05-29";"Deslizamentos de Barreiras";"Vistoria";"""1 Travessa da Medalha Milagrosa";" 9<-%""";"Dois Unidos";"Alto do Maracana";"R3";"2022-05-29";"Orientado a Sair do Imovel em Caso de Chuva";"";"";"";"0"
"2022";"Maio";"2022-05-29";"Deslizamentos de Barreiras";"Vistoria";"""1 Travessa da Medalha Milagrosa";" .<^&""";"Dois Unidos";"Alto do Maracana";"R3";"2022-05-29";"Orientado a Sair do Imovel em Caso de Chuva";"";"";"";"0"
"2022";"Maio";"2022-05-29";"Deslizamentos de Barreiras";"Vistoria";"""1 Travessa da Medalha Milagrosa";" ^[{""";"Dois Unidos";"Alto do Maracana";"R3";"2022-05-29";"Orientado a Sair do Imovel em Caso de Chuva";"";"";"";"0"
"2022";"Maio";"2022-05-29";"Deslizamentos de Barreiras";"Vistoria";"""1 Travessa da Medalha Milagrosa";" {})!""";"Dois Unidos";"Alto do Maracana";"R3";"2022-05-29";"Orientado a Sair do Imovel em Caso de Chuva";"";"";"";"0"
"2022";"Maio";"2022-05-29";"Deslizamentos de Barreiras";"Vistoria";"""1 Travessa da Medalha Milagrosa";" #^>""";"Dois Unidos";"Alto do Maracana";"R3";"2022-05-29";"Orientado a Sair do Imovel em Caso de Chuva";"";"";"";"0"
"2022";"Maio";"2022-05-29";"Deslizamentos de Barreiras";"Vistoria";"""1 Travessa da Medalha Milagrosa";" ~|}[""";"Dois Unidos";"Alto do Maracana";"R3";"2022-05-29";"Orientado a Sair do Imovel em Caso de Chuva";"";"";"";"0"
"2022";"Maio";"2022-05-29";"Deslizamentos de Barreiras";"Vistoria";"""1 Travessa da Medalha Milagrosa";" /@9=""";"Dois Unidos";"Alto do Maracana";"R3";"2022-05-29";"Orientado a Sair do Imovel em Caso de Chuva";"";"";"";"0"
"2022";"Maio";"2022-05-29";"Deslizamentos de Barreiras";"Vistoria";"""1 Travessa da Medalha Milagrosa";" %$<!""";"Dois Unidos";"Alto do Maracana";"R3";"2022-05-29";"Orientado a Sair do Imovel em Caso de Chuva";"";"";"";"0"
"2022";"Maio";"2022-05-29";"Deslizamentos de Barreiras";"Vistoria";"""Rua Doutor Moacir Sales";" {})!""";"Jordao ";"Jordao Baixo";"R4";"2022-05-29";"Analise Visual Estrutural";"";"";"";"0"
"2022";"Maio";"2022-05-29";"Deslizamentos de Barreiras";"Vistoria";"""Rua Sodrelia";" #""""#~""";"Linha do Tiro";"Corrego do Tiro";"R3";"2022-05-29";"";"";"";"";"0"
"2022";"Maio";"2022-05-29";"Deslizamentos de Barreiras";"Vistoria";"""Rua Santa Fe";" """"#*9""";"Agua Fria";"Corrego do Deodato";"R3";"2022-05-29";"Orientado a Sair do Imovel em Caso de Chuva";"";"";"";"0"
"2022";"Maio";"2022-05-29";"Imveis Alagados";"Vistoria";"""Rua Nova Vida";" .[?""";"Dois Unidos";"Vale do Senhor";"R3";"2022-05-29";"Orientado a Sair do Imovel em Caso de Chuva";"";"";"";"0"
"2022";"Maio";"2022-05-29";"Deslizamentos de Barreiras";"Vistoria";"""Rua Porto Real";" /@9=""";"Beberibe";"Porto da Madeira";"R3";"2022-05-29";"Encaminhar para Colocacao de Lonas";"";"";"";"0"
"2022";"Maio";"2022-05-29";"Desabamento Parcial Imveis";"Vistoria";"""Rua Nossa Senhora da Conceicao";" #^>""";"Dois Unidos";"Chagas Ferreira";"R4";"2022-05-29";"";"";"";"";"0"
"2022";"Maio";"2022-05-29";"Deslizamentos de Barreiras";"Vistoria";"""2 Travessa Doutor Moacir Sales";" .<^&""";"Jordao ";"Jordao Alto";"R4";"2022-05-29";"Analise Visual Estrutural";"";"";"";"0"
"2022";"Maio";"2022-05-30";"Deslizamentos de Barreiras";"Vistoria";"""Rua Alto do Reservatorio";" .[?""";"Nova Descoberta";"Corrego do Boleiro";"R3";"2022-05-30";"Atendimento Social";"";"";"";"0"
"2022";"Maio";"2022-05-30";"Deslizamentos de Barreiras";"Vistoria";"""Rua Alto So Nos Dois";" """"#*9""";"Passarinho";"Alto So Nos Dois";"R3";"2022-05-30";"Atendimento Social";"";"";"";"0"
"2022";"Maio";"2022-05-30";"Deslizamentos de Barreiras";"Vistoria";"""Avenida Chagas Ferreira";" +?""""]""";"Passarinho";"Alto Santa Tereza";"R4";"2022-05-30";"Atendimento Social";"";"";"";"0"
"2022";"Maio";"2022-05-30";"Deslizamentos de Barreiras";"Vistoria";"""Rua Alto So Nos Dois";" #""""#~""";"Passarinho";"Alto So Nos Dois";"R3";"2022-05-30";"Atendimento Social";"";"";"";"0"
"2022";"Maio";"2022-05-30";"Deslizamentos de Barreiras";"Vistoria";"""Rua Alto So Nos Dois";" /@9=""";"Passarinho";"Alto So Nos Dois";"R3";"2022-05-30";"Atendimento Social";"";"";"";"0"
"2022";"Maio";"2022-05-30";"Deslizamentos de Barreiras";"Vistoria";"""Rua Nestor Silva";" #^>""";"Passarinho";"Corrego Santa Tereza";"R3";"2022-05-30";"Atendimento Social";"";"";"";"0"
"2022";"Maio";"2022-05-30";"Deslizamentos de Barreiras";"Vistoria";"""Rua So Nos Dois";" {})!""";"Passarinho";"Alto So Nos Dois";"R3";"2022-05-30";"Atendimento Social";"";"";"";"0"
"2022";"Maio";"2022-05-30";"Deslizamentos de Barreiras";"Vistoria";"""Rua So Nos Dois";" ^[{""";"Passarinho";"Alto So Nos Dois";"R3";"2022-05-30";"Atendimento Social";"";"";"";"0"
"2022";"Maio";"2022-05-30";"Deslizamentos de Barreiras";"Vistoria";"""Rua So Nos Dois";" .<^&""";"Passarinho";"Alto So Nos Dois";"R3";"2022-05-30";"Atendimento Social";"";"";"";"0"
"2022";"Maio";"2022-05-30";"Deslizamentos de Barreiras";"Vistoria";"""Rua So Nos Dois";" %$<!""";"Passarinho";"Alto So Nos Dois";"R3";"2022-05-30";"Atendimento Social";"";"";"";"0"
"2022";"Maio";"2022-05-30";"Deslizamentos de Barreiras";"Vistoria";"""Rua So Nos Dois";" 9<-%""";"Passarinho";"Alto So Nos Dois";"R3";"2022-05-30";"Atendimento Social";"";"";"";"0"
"2022";"Maio";"2022-05-30";"Deslizamentos de Barreiras";"Vistoria";"""Rua Juma";" $!>=""";"Nova Descoberta";"Alto das Queimadas";"R3";"2022-05-30";"Atendimento Social";"";"";"";"0"
"2022";"Maio";"2022-05-30";"Deslizamentos de Barreiras";"Vistoria";"""Rua Coem";" ^[{""";"Nova Descoberta";"Corrego do Boleiro";"R4";"2022-05-30";"Atendimento Social";"";"";"";"0"
"2022";"Maio";"2022-05-30";"Deslizamentos de Barreiras";"Vistoria";"""Rua Azambuja";" {})!""";"Nova Descoberta";"Alto da Brasileira";"R3";"2022-05-30";"Atendimento Social";"";"";"";"0"
"2022";"Maio";"2022-05-30";"Deslizamentos de Barreiras";"Vistoria";"""Rua Compositor Edgar de Morias";" #^>""";"Brejo da Guabiraba";"Arca de Noe";"R3";"2022-05-30";"Atendimento Social";"";"";"";"0"
"2022";"Maio";"2022-05-30";"Deslizamentos de Barreiras";"Vistoria";"""Rua Compositor Edgar de Morias";" ~|}[""";"Brejo da Guabiraba";"Arca de Noe";"R3";"2022-05-30";"Atendimento Social";"";"";"";"0"
"2022";"Maio";"2022-05-30";"Deslizamentos de Barreiras";"Vistoria";"""Rua Jequiri";" /@9=""";"Guabiraba";"Corrego Jose Idalino";"R3";"2022-05-30";"Atendimento Social";"";"";"";"0"
"2022";"Maio";"2022-05-30";"Deslizamentos de Barreiras";"Vistoria";"""Rua Vitoria Regia";" #""""#~""";"Passarinho";"Vila Canaa";"R3";"2022-05-30";"Atendimento Social";"";"";"";"0"
"2022";"Maio";"2022-05-30";"Deslizamentos de Barreiras";"Vistoria";"""Rua Vitoria Regia";" +?""""]""";"Passarinho";"Vila Canaa";"R3";"2022-05-30";"Atendimento Social";"";"";"";"0"
"2022";"Maio";"2022-05-30";"Deslizamentos de Barreiras";"Vistoria";"""Rua Vitoria Regia";" #_|/""";"Passarinho";"Vila Canaa";"R3";"2022-05-30";"Atendimento Social";"";"";"";"0"
"2022";"Maio";"2022-05-30";"Deslizamentos de Barreiras";"Vistoria";"""Rua Vitoria Regia";" .[?""";"Passarinho";"Vila Canaa";"R3";"2022-05-30";"Atendimento Social";"";"";"";"0"
"2022";"Maio";"2022-05-30";"Deslizamentos de Barreiras";"Vistoria";"""Rua Juma";" #$[""";"Nova Descoberta";"Alto das Queimadas";"R3";"2022-05-30";"Atendimento Social";"";"";"";"0"
"2022";"Maio";"2022-05-30";"Deslizamentos de Barreiras";"Vistoria";"""Rua Juma";" `=-[""";"Nova Descoberta";"Alto das Queimadas";"R3";"2022-05-30";"Atendimento Social";"";"";"";"0"
"2022";"Maio";"2022-05-30";"Deslizamentos de Barreiras";"Vistoria";"""Rua Juma";" ?_$.""";"Nova Descoberta";"Alto das Queimadas";"R3";"2022-05-30";"Atendimento Social";"";"";"";"0"
"2022";"Maio";"2022-05-30";"Deslizamentos de Barreiras";"Vistoria";"""Rua Juma";" >#'\""";"Nova Descoberta";"Alto das Queimadas";"R3";"2022-05-30";"Atendimento Social";"";"";"";"0"
"2022";"Maio";"2022-05-30";"Deslizamentos de Barreiras";"Vistoria";"""Rua Vitoria Regia";" """"#*9""";"Passarinho";"Vila Canaa";"R3";"2022-05-30";"Atendimento Social";"";"";"";"0"
"2022";"Maio";"2022-05-30";"Deslizamentos de Barreiras";"Vistoria";"""Rua Coem";" .<^&""";"Nova Descoberta";"Corrego do Boleiro";"R3";"2022-05-30";"Atendimento Social";"";"";"";"0"
"2022";"Maio";"2022-05-30";"Deslizamentos de Barreiras";"Vistoria";"""Rua Alto do Reservatorio";" >#'\""";"Nova Descoberta";"Alto do Reservatorio";"R4";"2022-05-30";"Atendimento Social";"";"";"";"0"
"2022";"Maio";"2022-05-30";"Deslizamentos de Barreiras";"Vistoria";"""3 Travessa Corrego do Fernandinho";" .<^&""";"Corrego do Jenipapo";"Corrego do Fernandinho";"R3";"2022-05-30";"Atendimento Social";"";"";"";"0"
"2022";"Maio";"2022-05-30";"Deslizamentos de Barreiras";"Vistoria";"""2 Travessa Tres Morros";" ^[{""";"Corrego do Jenipapo";"Tres Morros";"R3";"2022-05-30";"Atendimento Social";"";"";"";"0"
"2022";"Maio";"2022-05-30";"Deslizamentos de Barreiras";"Vistoria";"""2 Travessa Tres Morros";" {})!""";"Corrego do Jenipapo";"Tres Morros";"R3";"2022-05-30";"Atendimento Social";"";"";"";"0"
"2022";"Maio";"2022-05-30";"Deslizamentos de Barreiras";"Vistoria";"""Rua Coem";" %$<!""";"Nova Descoberta";"Corrego do Boleiro";"R3";"2022-05-30";"Atendimento Social";"";"";"";"0"
"2022";"Maio";"2022-05-30";"Deslizamentos de Barreiras";"Vistoria";"""Rua Corrego do Boleiro";" 9<-%""";"Nova Descoberta";"Corrego do Boleiro";"R3";"2022-05-30";"Atendimento Social";"";"";"";"0"
"2022";"Maio";"2022-05-30";"Deslizamentos de Barreiras";"Vistoria";"""Rua Corrego do Boleiro";" @}>""";"Nova Descoberta";"Corrego do Boleiro";"R3";"2022-05-30";"Atendimento Social";"";"";"";"0"
"2022";"Maio";"2022-05-30";"Deslizamentos de Barreiras";"Vistoria";"""Rua Alto do Reservatorio";" .[?""";"Nova Descoberta";"Alto do Reservatorio";"R4";"2022-05-30";"Atendimento Social";"";"";"";"0"
"2022";"Maio";"2022-05-30";"Deslizamentos de Barreiras";"Vistoria";"""Rua Alto do Reservatorio";" #_|/""";"Nova Descoberta";"Alto do Reservatorio";"R3";"2022-05-30";"Atendimento Social";"";"";"";"0"
"2022";"Maio";"2022-05-30";"Deslizamentos de Barreiras";"Vistoria";"""Rua Alto do Reservatorio";" """"#*9""";"Nova Descoberta";"Alto do Reservatorio";"R3";"2022-05-30";"Atendimento Social";"";"";"";"0"
"2022";"Maio";"2022-05-30";"Deslizamentos de Barreiras";"Vistoria";"""Rua Alto do Reservatorio";" +?""""]""";"Nova Descoberta";"Alto do Reservatorio";"R3";"2022-05-30";"Atendimento Social";"";"";"";"0"
"2022";"Maio";"2022-05-30";"Deslizamentos de Barreiras";"Vistoria";"""Rua Alto do Reservatorio";" #""""#~""";"Nova Descoberta";"Alto do Reservatorio";"R3";"2022-05-30";"Atendimento Social";"";"";"";"0"
"2022";"Maio";"2022-05-30";"Deslizamentos de Barreiras";"Vistoria";"""Rua Alto do Reservatorio";" /@9=""";"Nova Descoberta";"Alto do Reservatorio";"R3";"2022-05-30";"Atendimento Social";"";"";"";"0"
"2022";"Maio";"2022-05-30";"Deslizamentos de Barreiras";"Vistoria";"""Rua Pedro Toledo";" ~|}[""";"Corrego do Jenipapo";"Corrego do Jenipapo";"R3";"2022-05-30";"Atendimento Social";"";"";"";"0"
"2022";"Maio";"2022-05-30";"Deslizamentos de Barreiras";"Vistoria";"""Rua Corrego do Marreco";" %$<!""";"Corrego do Jenipapo";"Corrego do Marreco";"R3";"2022-05-30";"Atendimento Social";"";"";"";"0"
"2022";"Maio";"2022-05-30";"Deslizamentos de Barreiras";"Vistoria";"""1 Subida do Marreco";" {})!""";"Corrego do Jenipapo";"Corrego do Marreco";"R3";"2022-05-30";"Atendimento Social";"";"";"";"0"
"2022";"Maio";"2022-05-30";"Deslizamentos de Barreiras";"Vistoria";"""Rua Corrego do Boleiro";" #$[""";"Nova Descoberta";"Corrego do Boleiro";"R3";"2022-05-30";"Atendimento Social";"";"";"";"0"
"2022";"Maio";"2022-05-30";"Deslizamentos de Barreiras";"Vistoria";"""Rua Corrego do Boleiro";" `=-[""";"Nova Descoberta";"Corrego do Boleiro";"R3";"2022-05-30";"Atendimento Social";"";"";"";"0"
"2022";"Maio";"2022-05-30";"Deslizamentos de Barreiras";"Vistoria";"""Rua Corrego do Boleiro";" ?_$.""";"Nova Descoberta";"Corrego do Boleiro";"R3";"2022-05-30";"Atendimento Social";"";"";"";"0"
"2022";"Maio";"2022-05-30";"Deslizamentos de Barreiras";"Vistoria";"""Rua Corrego do Boleiro";" >#'\""";"Nova Descoberta";"Corrego do Boleiro";"R3";"2022-05-30";"Atendimento Social";"";"";"";"0"
"2022";"Maio";"2022-05-30";"Deslizamentos de Barreiras";"Vistoria";"""Rua Corrego do Boleiro";" $!>=""";"Nova Descoberta";"Corrego do Boleiro";"R3";"2022-05-30";"Atendimento Social";"";"";"";"0"
"2022";"Maio";"2022-05-30";"Deslizamentos de Barreiras";"Vistoria";"""Rua Alto So Nos Dois";" 9<-%""";"Passarinho";"Alto So Nos Dois";"R4";"2022-05-30";"Atendimento Social";"";"";"";"0"
"2022";"Maio";"2022-05-30";"Deslizamentos de Barreiras";"Vistoria";"""1 Subida do Marreco";" #^>""";"Corrego do Jenipapo";"Corrego do Marreco";"R3";"2022-05-30";"Atendimento Social";"";"";"";"0"
"2022";"Maio";"2022-05-30";"Deslizamentos de Barreiras";"Vistoria";"""1 Subida do Marreco";" ~|}[""";"Corrego do Jenipapo";"Corrego do Marreco";"R3";"2022-05-30";"Atendimento Social";"";"";"";"0"
"2022";"Maio";"2022-05-30";"Deslizamentos de Barreiras";"Vistoria";"""Rua Macieira";" /@9=""";"Corrego do Jenipapo";"Corrego do Marreco";"R3";"2022-05-30";"Atendimento Social";"";"";"";"0"
"2022";"Maio";"2022-05-30";"Deslizamentos de Barreiras";"Vistoria";"""Rua Macieira";" #""""#~""";"Corrego do Jenipapo";"Corrego do Marreco";"R3";"2022-05-30";"Atendimento Social";"";"";"";"0"
"2022";"Maio";"2022-05-30";"Deslizamentos de Barreiras";"Vistoria";"""Rua Macieira";" +?""""]""";"Corrego do Jenipapo";"Corrego do Marreco";"R3";"2022-05-30";"Atendimento Social";"";"";"";"0"
"2022";"Maio";"2022-05-30";"Deslizamentos de Barreiras";"Vistoria";"""Rua Ururai";" #$[""";"Passarinho";"Corrego da Telha";"R4";"2022-05-30";"Atendimento Social";"";"";"";"0"
"2022";"Maio";"2022-05-30";"Deslizamentos de Barreiras";"Vistoria";"""Rua Parau";" `=-[""";"Passarinho";"Corrego da Telha";"R3";"2022-05-30";"Atendimento Social";"";"";"";"0"
"2022";"Maio";"2022-05-30";"Deslizamentos de Barreiras";"Vistoria";"""Rua Parau";" ?_$.""";"Passarinho";"Corrego da Telha";"R3";"2022-05-30";"Atendimento Social";"";"";"";"0"
"2022";"Maio";"2022-05-30";"Deslizamentos de Barreiras";"Vistoria";"""Rua Parau";" >#'\""";"Passarinho";"Corrego da Telha";"R3";"2022-05-30";"Atendimento Social";"";"";"";"0"
"2022";"Maio";"2022-05-30";"Deslizamentos de Barreiras";"Vistoria";"""Rua Alto So Nos Dois";" $!>=""";"Passarinho";"Alto So Nos Dois";"R4";"2022-05-30";"Atendimento Social";"";"";"";"0"
"2022";"Maio";"2022-05-29";"Deslizamentos de Barreiras";"Vistoria";"""2 Travessa Doutor Pedro Moscoso";" .<^&""";"Cohab";"Lagoa Encantada";"R4";"2022-05-29";"Analise Visual Estrutural";"";"";"";"0"
"2022";"Maio";"2022-05-29";"Deslizamentos de Barreiras";"Vistoria";"""2 Travessa Doutor Pedro Moscoso";" 9<-%""";"Cohab";"Lagoa Encantada";"R3";"2022-05-29";"Analise Visual Estrutural";"";"";"";"0"
"2022";"Maio";"2022-05-29";"Deslizamentos de Barreiras";"Vistoria";"""Rua Rio Acima";" /@9=""";"Cohab";"Vila do Sesi";"R3";"2022-05-29";"Analise Visual Estrutural";"";"";"";"0"
"2022";"Maio";"2022-05-29";"Deslizamentos de Barreiras";"Vistoria";"""Rua Demerval Lobao";" .[?""";"Ibura ";"Ibura de Baixo";"R4";"2022-05-29";"Analise Visual Estrutural";"";"";"";"0"
"2022";"Maio";"2022-05-29";"Deslizamentos de Barreiras";"Vistoria";"""Rua Rio Acima";" `=-[""";"Ibura ";"Cidade Operaria";"R3";"2022-05-29";"Analise Visual Estrutural";"";"";"";"0"
"2022";"Maio";"2022-05-29";"Deslizamentos de Barreiras";"Vistoria";"""Rua Rio Acima";" >#'\""";"Ibura ";"Vila do Sesi";"R4";"2022-05-29";"Analise Visual Estrutural";"";"";"";"0"
"2022";"Maio";"2022-05-29";"Deslizamentos de Barreiras";"Vistoria";"""2 Travessa Doutor Pedro Moscoso";" {})!""";"Cohab";"Lagoa Encantada";"R4";"2022-05-29";"Analise Visual Estrutural";"";"";"";"0"
"2022";"Maio";"2022-05-29";"Deslizamentos de Barreiras";"Vistoria";"""Rua Rio Acima";" %$<!""";"Ibura ";"Vila do Sesi";"R4";"2022-05-29";"Analise Visual Estrutural";"";"";"";"0"
"2022";"Maio";"2022-05-29";"Deslizamentos de Barreiras";"Vistoria";"""Rua Rio Acima";" ^[{""";"Cohab";"Vila do Sesi";"R4";"2022-05-29";"Analise Visual Estrutural";"";"";"";"0"
"2022";"Maio";"2022-05-29";"Deslizamentos de Barreiras";"Vistoria";"""Rua Rio Acima";" #^>""";"Cohab";"Vila do Sesi";"R3";"2022-05-29";"Analise Visual Estrutural";"";"";"";"0"
"2022";"Maio";"2022-05-29";"Deslizamentos de Barreiras";"Vistoria";"""Rua Rio Acima";" @}>""";"Ibura ";"Vila do Sesi";"R4";"2022-05-29";"Analise Visual Estrutural";"";"";"";"0"
"2022";"Maio";"2022-05-29";"Deslizamentos de Barreiras";"Vistoria";"""Rua Demerval Lobao";" """"#*9""";"Ibura ";"Ibura de Baixo";"R4";"2022-05-29";"Analise Visual Estrutural";"";"";"";"0"
"2022";"Maio";"2022-05-29";"Deslizamentos de Barreiras";"Vistoria";"""2 Travessa Doutor Moacir Sales";" 9<-%""";"Jordao";"Alto da Jaqueira";"R4";"2022-05-29";"Analise Visual Estrutural";"";"";"";"0"
"2022";"Maio";"2022-05-29";"Deslizamentos de Barreiras";"Vistoria";"""2 Travessa Doutor Moacir Sales";" $!>=""";"Cohab";"Lagoa Encantada";"R4";"2022-05-29";"Analise Visual Estrutural";"";"";"";"0"
"2022";"Maio";"2022-05-29";"Deslizamentos de Barreiras";"Vistoria";"""2 Travessa Doutor Moacir Sales";" ?_$.""";"Cohab";"Lagoa Encantada";"R4";"2022-05-29";"Analise Visual Estrutural";"";"";"";"0"
"2022";"Maio";"2022-05-29";"Deslizamentos de Barreiras";"Vistoria";"""2 Travessa Doutor Moacir Sales";" #$[""";"Jordao";"Alto da Jaqueira";"R4";"2022-05-29";"Analise Visual Estrutural";"";"";"";"0"
"2022";"Maio";"2022-05-29";"Deslizamentos de Barreiras";"Vistoria";"""2 Travessa Doutor Moacir Sales";" #_|/""";"Jordao";" Jordao Baixo";"R4";"2022-05-29";"Analise Visual Estrutural";"";"";"";"0"
"2022";"Maio";"2022-05-29";"Desabamento Parcial Imveis";"Vistoria";"""Rua Rio dos Cedros";" #""""#~""";"Ibura ";"Ibura de Baixo";"R4";"2022-05-29";"Analise Visual Estrutural";"";"";"";"0"
"2022";"Maio";"2022-05-29";"Desabamento Total Imveis";"Vistoria";"""Rua Rio dos Cedros";" """"#*9""";"Ibura ";"Ibura de Baixo";"R4";"2022-05-29";"Analise Visual Estrutural";"";"";"";"0"
"2022";"Maio";"2022-05-29";"Deslizamentos de Barreiras";"Vistoria";"""Rua Rio dos Cedros";" .[?""";"Ibura ";"Ibura de Baixo";"R4";"2022-05-29";"Analise Visual Estrutural";"";"";"";"0"
"2022";"Maio";"2022-05-29";"Deslizamentos de Barreiras";"Vistoria";"""Rua Rio dos Cedros";" `=-[""";"Ibura ";"Ibura de Baixo";"R4";"2022-05-29";"Analise Visual Estrutural";"";"";"";"0"
"2022";"Maio";"2022-05-29";"Deslizamentos de Barreiras";"Vistoria";"""Avenida Doutor Benigno Jordao de Vasconcelos";" ~|}[""";"Cohab";"Lagoa Encantada";"R3";"2022-05-29";"Analise Visual Estrutural";"";"";"";"0"
"2022";"Maio";"2022-05-29";"Deslizamentos de Barreiras";"Vistoria";"""Avenida Doutor Benigno Jordao de Vasconcelos";" {})!""";"Cohab";"Lagoa Encantada";"R3";"2022-05-29";"Analise Visual Estrutural";"";"";"";"0"
"2022";"Maio";"2022-05-29";"Deslizamentos de Barreiras";"Vistoria";"""2 Travessa Doutor Moacir Sales";" #_|/""";"Cohab";"Lagoa Encantada";"R3";"2022-05-29";"Analise Visual Estrutural";"";"";"";"0"
"2022";"Maio";"2022-05-29";"Deslizamentos de Barreiras";"Vistoria";"""Avenida Expedicionaria Antonio Aparecido";" %$<!""";"Cohab";"Ur 04";"R3";"2022-05-29";"Analise Visual Estrutural";"";"";"";"0"
"2022";"Maio";"2022-05-29";"Deslizamentos de Barreiras";"Vistoria";"""Rua Emilia Cavalcanti";" /@9=""";"Cohab";"Ur 05";"R4";"2022-05-29";"Analise Visual Estrutural";"";"";"";"0"
"2022";"Maio";"2022-05-29";"Deslizamentos de Barreiras";"Vistoria";"""Avenida Doutor Benigno Jordao de Vasconcelos";" """"#*9""";"Cohab";"Lagoa Encantada";"R2";"2022-05-29";"Analise Visual Estrutural";"";"";"";"0"
"2022";"Maio";"2022-05-29";"Deslizamentos de Barreiras";"Vistoria";"""Rua Florestal";" #$[""";"Jordao ";"Jordao Baixo";"R3";"2022-05-29";"Analise Visual Estrutural";"";"";"";"0"
"2022";"Maio";"2022-05-29";"Deslizamentos de Barreiras";"Vistoria";"""2 Travessa Dona Carentina";" $!>=""";"Jordao ";"Jordao Alto";"R3";"2022-05-29";"Analise Visual Estrutural";"";"";"";"0"
"2022";"Maio";"2022-05-29";"Deslizamentos de Barreiras";"Vistoria";"""Rua Barra dos Coqueiros";" #_|/""";"Jordao ";"Jordao Alto";"R3";"2022-05-29";"Analise Visual Estrutural";"";"";"";"0"
"2022";"Maio";"2022-05-29";"Deslizamentos de Barreiras";"Vistoria";"""Travessa Dona Carentina";" .<^&""";"Jordao ";"Jordao Alto";"R3";"2022-05-29";"Analise Visual Estrutural";"";"";"";"0"
"2022";"Maio";"2022-05-29";"Deslizamentos de Barreiras";"Vistoria";"""5 Travessa Iraquitan";" {})!""";"Jordao";"Jordao Alto";"R3";"2022-05-29";"Analise Visual Estrutural";"";"";"";"0"
"2022";"Maio";"2022-05-29";"Deslizamentos de Barreiras";"Vistoria";"""Rua Prof. Jose Mario Neves";" `=-[""";"Cohab";"Lagoa Encantada";"R3";"2022-05-29";"Analise Visual Estrutural";"";"";"";"0"
"2022";"Maio";"2022-05-29";"Deslizamentos de Barreiras";"Vistoria";"""Rua Prof. Jose Mario Neves";" >#'\""";"Cohab";"Lagoa Encantada";"R3";"2022-05-29";"Analise Visual Estrutural";"";"";"";"0"
"2022";"Maio";"2022-05-29";"Deslizamentos de Barreiras";"Vistoria";"""Rua Sergio Bittencourt";" +?""""]""";"Jordao ";"Jordao Alto";"R3";"2022-05-29";"Analise Visual Estrutural";"";"";"";"0"
"2022";"Maio";"2022-05-29";"Deslizamentos de Barreiras";"Vistoria";"""Rua Sergio Bittencourt";" #^>""";"Cohab";"Ur 10";"R4";"2022-05-29";"Analise Visual Estrutural";"";"";"";"0"
"2022";"Maio";"2022-05-29";"Deslizamentos de Barreiras";"Vistoria";"""Rua Petrolandia";" /@9=""";"Jordao ";"Jordao Alto";"R3";"2022-05-29";"Analise Visual Estrutural";"";"";"";"0"
"2022";"Maio";"2022-05-29";"Deslizamentos de Barreiras";"Vistoria";"""Rua Sao Marcos";" %$<!""";"Cohab";"Lagoa Encantada";"R4";"2022-05-29";"Analise Visual Estrutural";"";"";"";"0"
"2022";"Maio";"2022-05-31";"Imveis com Danos / Risco";"Vistoria Setor Alagado";"""Avenida Melvin Jones";" @}>""";"Varzea";"Nao Cadastrada";"";"2022-05-31";"Analise Visual Estrutural";"";"";"";"0"
"2022";"Maio";"2022-05-31";"Imveis com Danos / Risco";"Vistoria Setor Alagado";"""Avenida Melvin Jones";" $!>=""";"Varzea";"Nao Cadastrada";"";"2022-05-31";"Analise Visual Estrutural";"";"";"";"0"
"2022";"Maio";"2022-05-31";"Imveis com Danos / Risco";"Vistoria Setor Alagado";"""Avenida Melvin Jones";" ?_$.""";"Varzea";"Nao Cadastrada";"";"2022-05-31";"Analise Visual Estrutural";"";"";"";"0"
"2022";"Maio";"2022-05-31";"Imveis com Danos / Risco";"Vistoria Setor Alagado";"""Avenida Melvin Jones";" $!>=""";"Varzea";"Sem Localidade";"";"2022-05-31";"Analise Visual Estrutural";"";"";"";"0"
"2022";"Maio";"2022-05-31";"Imveis com Danos / Risco";"Vistoria Setor Alagado";"""Avenida Melvin Jones";" >#'\""";"Varzea";"Sem Localidade";"";"2022-05-31";"Analise Visual Estrutural";"";"";"";"0"
"2022";"Maio";"2022-05-31";"Imveis com Danos / Risco";"Vistoria Setor Alagado";"""Avenida Melvin Jones";" ?_$.""";"Varzea";"Sem Localidade";"";"2022-05-31";"Analise Visual Estrutural";"";"";"";"0"
"2022";"Maio";"2022-05-31";"Imveis com Danos / Risco";"Vistoria Setor Alagado";"""Avenida Melvin Jones";" `=-[""";"Varzea";"Sem Localidade";"";"2022-05-31";"Analise Visual Estrutural";"";"";"";"0"
"2022";"Maio";"2022-05-31";"Imveis com Danos / Risco";"Vistoria Setor Alagado";"""Avenida Melvin Jones";" #$[""";"Varzea";"Sem Localidade";"";"2022-05-31";"Analise Visual Estrutural";"";"";"";"0"
"2022";"Maio";"2022-05-31";"Imveis com Danos / Risco";"Vistoria Setor Alagado";"""Avenida Melvin Jones";" @}>""";"Varzea";"Sem Localidade";"";"2022-05-31";"Analise Visual Estrutural";"";"";"";"0"
"2022";"Maio";"2022-05-31";"Imveis com Danos / Risco";"Vistoria Setor Alagado";"""Avenida Melvin Jones";" >#'\""";"Varzea";"Nao Cadastrada";"";"2022-05-31";"Analise Visual Estrutural";"";"";"";"0"
"2022";"Maio";"2022-05-31";"Imveis com Danos / Risco";"Vistoria Setor Alagado";"""Avenida Melvin Jones";" 9<-%""";"Varzea";"Sem Localidade";"";"2022-05-31";"Analise Visual Estrutural";"";"";"";"0"
"2022";"Maio";"2022-05-31";"Imveis com Danos / Risco";"Vistoria Setor Alagado";"""Avenida Melvin Jones";" .<^&""";"Varzea";"Sem Localidade";"";"2022-05-31";"Analise Visual Estrutural";"";"";"";"0"
"2022";"Maio";"2022-05-31";"Imveis com Danos / Risco";"Vistoria Setor Alagado";"""Avenida Melvin Jones";" `=-[""";"Varzea";"Nao Cadastrada";"";"2022-05-31";"Analise Visual Estrutural";"";"";"";"0"
"2022";"Maio";"2022-05-31";"Imveis com Danos / Risco";"Vistoria Setor Alagado";"""Avenida Melvin Jones";" #$[""";"Varzea";"Nao Cadastrada";"";"2022-05-31";"Analise Visual Estrutural";"";"";"";"0"
"2022";"Maio";"2022-05-31";"Imveis com Danos / Risco";"Vistoria Setor Alagado";"""Avenida Melvin Jones";" .[?""";"Varzea";"Nao Cadastrada";"";"2022-05-31";"Analise Visual Estrutural";"";"";"";"0"
"2022";"Maio";"2022-05-31";"Imveis com Danos / Risco";"Vistoria Setor Alagado";"""Avenida Melvin Jones";" #_|/""";"Varzea";"Nao Cadastrada";"";"2022-05-31";"Analise Visual Estrutural";"";"";"";"0"
"2022";"Maio";"2022-05-31";"Imveis com Danos / Risco";"Vistoria Setor Alagado";"""Avenida Melvin Jones";" """"#*9""";"Varzea";"Nao Cadastrada";"";"2022-05-31";"Analise Visual Estrutural";"";"";"";"0"
"2022";"Maio";"2022-05-31";"Imveis com Danos / Risco";"Vistoria Setor Alagado";"""Avenida Melvin Jones";" +?""""]""";"Varzea";"Nao Cadastrada";"";"2022-05-31";"Analise Visual Estrutural";"";"";"";"0"
"2022";"Maio";"2022-05-31";"Imveis com Danos / Risco";"Vistoria Setor Alagado";"""Avenida Melvin Jones";" #""""#~""";"Varzea";"Nao Cadastrada";"";"2022-05-31";"Analise Visual Estrutural";"";"";"";"0"
"2022";"Maio";"2022-05-31";"Imveis com Danos / Risco";"Vistoria Setor Alagado";"""Avenida Melvin Jones";" /@9=""";"Varzea";"Nao Cadastrada";"";"2022-05-31";"Analise Visual Estrutural";"";"";"";"0"
"2022";"Maio";"2022-05-31";"Imveis com Danos / Risco";"Vistoria Setor Alagado";"""Avenida Melvin Jones";" ~|}[""";"Varzea";"Nao Cadastrada";"";"2022-05-31";"Analise Visual Estrutural";"";"";"";"0"
"2022";"Maio";"2022-05-31";"Imveis com Danos / Risco";"Vistoria Setor Alagado";"""Avenida Melvin Jones";" #^>""";"Varzea";"Nao Cadastrada";"";"2022-05-31";"Analise Visual Estrutural";"";"";"";"0"
"2022";"Maio";"2022-05-31";"Imveis com Danos / Risco";"Vistoria Setor Alagado";"""Avenida Melvin Jones";" {})!""";"Varzea";"Nao Cadastrada";"";"2022-05-31";"Analise Visual Estrutural";"";"";"";"0"
"2022";"Maio";"2022-05-31";"Imveis com Danos / Risco";"Vistoria Setor Alagado";"""Avenida Melvin Jones";" ^[{""";"Varzea";"Nao Cadastrada";"";"2022-05-31";"Analise Visual Estrutural";"";"";"";"0"
"2022";"Maio";"2022-05-31";"Imveis com Danos / Risco";"Vistoria Setor Alagado";"""Avenida Melvin Jones";" .<^&""";"Varzea";"Nao Cadastrada";"";"2022-05-31";"Analise Visual Estrutural";"";"";"";"0"
"2022";"Maio";"2022-05-31";"Imveis com Danos / Risco";"Vistoria Setor Alagado";"""Avenida Melvin Jones";" %$<!""";"Varzea";"Nao Cadastrada";"";"2022-05-31";"Analise Visual Estrutural";"";"";"";"0"
"2022";"Maio";"2022-05-31";"Imveis com Danos / Risco";"Vistoria Setor Alagado";"""Avenida Melvin Jones";" 9<-%""";"Varzea";"Nao Cadastrada";"";"2022-05-31";"Analise Visual Estrutural";"";"";"";"0"
"2022";"Maio";"2022-05-31";"Imveis com Danos / Risco";"Vistoria Setor Alagado";"""Avenida Melvin Jones";" @}>""";"Varzea";"Nao Cadastrada";"";"2022-05-31";"Analise Visual Estrutural";"";"";"";"0"
"2022";"Maio";"2022-05-31";"Imveis com Danos / Risco";"Vistoria Setor Alagado";"""Avenida Melvin Jones";" $!>=""";"Varzea";"Nao Cadastrada";"";"2022-05-31";"Analise Visual Estrutural";"";"";"";"0"
"2022";"Maio";"2022-05-31";"Imveis com Danos / Risco";"Vistoria Setor Alagado";"""Avenida Melvin Jones";" ^[{""";"Varzea";"Sem Localidade";"";"2022-05-31";"Analise Visual Estrutural";"";"";"";"0"
"2022";"Maio";"2022-05-31";"Imveis com Danos / Risco";"Vistoria Setor Alagado";"""Avenida Melvin Jones";" {})!""";"Varzea";"Sem Localidade";"";"2022-05-31";"Analise Visual Estrutural";"";"";"";"0"
"2022";"Maio";"2022-05-31";"Imveis com Danos / Risco";"Vistoria Setor Alagado";"""Avenida Melvin Jones";" #^>""";"Varzea";"Nao Cadastrada";"";"2022-05-31";"Analise Visual Estrutural";"";"";"";"0"
"2022";"Maio";"2022-05-31";"Imveis com Danos / Risco";"Vistoria Setor Alagado";"""Avenida Melvin Jones";" ~|}[""";"Varzea";"Nao Cadastrada";"";"2022-05-31";"Analise Visual Estrutural";"";"";"";"0"
"2022";"Maio";"2022-05-31";"Imveis com Danos / Risco";"Vistoria Setor Alagado";"""Avenida Melvin Jones";" /@9=""";"Varzea";"Nao Cadastrada";"";"2022-05-31";"Analise Visual Estrutural";"";"";"";"0"
"2022";"Maio";"2022-05-31";"Imveis com Danos / Risco";"Vistoria Setor Alagado";"""Avenida Melvin Jones";" #""""#~""";"Varzea";"Nao Cadastrada";"";"2022-05-31";"Analise Visual Estrutural";"";"";"";"0"
"2022";"Maio";"2022-05-31";"Imveis com Danos / Risco";"Vistoria Setor Alagado";"""Avenida Melvin Jones";" %$<!""";"Varzea";"Sem Localidade";"";"2022-05-31";"Analise Visual Estrutural";"";"";"";"0"
"2022";"Maio";"2022-05-31";"Imveis com Danos / Risco";"Vistoria Setor Alagado";"""Avenida Melvin Jones";" +?""""]""";"Varzea";"Nao Cadastrada";"";"2022-05-31";"Analise Visual Estrutural";"";"";"";"0"
"2022";"Maio";"2022-05-31";"Imveis com Danos / Risco";"Vistoria Setor Alagado";"""Avenida Melvin Jones";" #_|/""";"Varzea";"Nao Cadastrada";"";"2022-05-31";"Analise Visual Estrutural";"";"";"";"0"
"2022";"Maio";"2022-05-31";"Imveis com Danos / Risco";"Vistoria Setor Alagado";"""Avenida Melvin Jones";" .[?""";"Varzea";"Nao Cadastrada";"";"2022-05-31";"Analise Visual Estrutural";"";"";"";"0"
"2022";"Maio";"2022-05-31";"Imveis com Danos / Risco";"Vistoria Setor Alagado";"""Avenida Melvin Jones";" #$[""";"Varzea";"Nao Cadastrada";"";"2022-05-31";"Analise Visual Estrutural";"";"";"";"0"
"2022";"Maio";"2022-05-31";"Imveis com Danos / Risco";"Vistoria Setor Alagado";"""Avenida Melvin Jones";" `=-[""";"Varzea";"Nao Cadastrada";"";"2022-05-31";"Analise Visual Estrutural";"";"";"";"0"
"2022";"Maio";"2022-05-31";"Imveis com Danos / Risco";"Vistoria Setor Alagado";"""Avenida Melvin Jones";" ?_$.""";"Varzea";"Nao Cadastrada";"";"2022-05-31";"Analise Visual Estrutural";"";"";"";"0"
"2022";"Maio";"2022-05-31";"Imveis com Danos / Risco";"Vistoria Setor Alagado";"""Avenida Melvin Jones";" >#'\""";"Varzea";"Nao Cadastrada";"";"2022-05-31";"Analise Visual Estrutural";"";"";"";"0"
"2022";"Maio";"2022-05-31";"Imveis com Danos / Risco";"Vistoria Setor Alagado";"""Avenida Melvin Jones";" """"#*9""";"Varzea";"Nao Cadastrada";"";"2022-05-31";"Analise Visual Estrutural";"";"";"";"0"
"2022";"Maio";"2022-05-31";"";"Colocao de Lonas Plsticas";"""Rua Alice dos Santos";" 9<-%""";"Varzea";"Barreiras";"";"2022-05-31";"";"2.0";"20.0";"8.0";"320"
"2022";"Maio";"2022-05-31";"";"Colocao de Lonas Plsticas";"""Rua Joaquim Genuino Amanco";" @}>""";"Varzea";"Barreiras";"";"2022-05-31";"";"1.0";"20.0";"8.0";"160"
"2022";"Maio";"2022-05-31";"";"Colocao de Lonas Plsticas";"""Rua Alice Santos da Silva";" %$<!""";"Varzea";"Barreiras";"";"2022-05-31";"";"2.0";"20.0";"8.0";"320"
"2022";"Maio";"2022-05-31";"";"Colocao de Lonas Plsticas";"""Rua Alice dos Santos";" .<^&""";"Varzea";"Barreiras";"";"2022-05-31";"";"2.0";"20.0";"8.0";"320"
"2022";"Maio";"2022-05-31";"";"Colocao de Lonas Plsticas";"""Rua Joaquim Genuino Amanco";" {})!""";"Varzea";"Barreiras";"";"2022-05-31";"";"1.0";"20.0";"8.0";"160"
"2022";"Maio";"2022-05-31";"";"Colocao de Lonas Plsticas";"""Rua Joaquim Genuino Amanco";" #^>""";"Varzea";"Barreiras";"";"2022-05-31";"";"2.0";"20.0";"8.0";"320"
"2022";"Maio";"2022-05-31";"";"Colocao de Lonas Plsticas";"""Rua Alice dos Santos";" ^[{""";"Varzea";"Barreiras";"";"2022-05-31";"";"2.0";"20.0";"8.0";"320"
"2022";"Maio";"2022-05-31";"Deslizamentos de Barreiras";"Vistoria";"""Rua Afonso Cunha";" #$[""";"Ibura ";"Alto da Bela Vista";"R4";"2022-05-31";"Analise Visual Estrutural";"";"";"";"0"
"2022";"Maio";"2022-05-31";"Deslizamentos de Barreiras";"Vistoria";"""Rua Afonso Cunha";" #_|/""";"Ibura ";"Vila do Sesi";"R4";"2022-05-31";"Analise Visual Estrutural";"";"";"";"0"
"2022";"Maio";"2022-05-31";"Deslizamentos de Barreiras";"Vistoria";"""Rua Afonso Cunha";" +?""""]""";"Ibura ";"Vila do Sesi";"R4";"2022-05-31";"Analise Visual Estrutural";"";"";"";"0"
"2022";"Maio";"2022-05-31";"Deslizamentos de Barreiras";"Vistoria";"""Rua Doutor Benigno Jordao de Vasconcelos";" /@9=""";"Ibura ";"Vila do Sesi";"R3";"2022-05-31";"Analise Visual Estrutural";"";"";"";"0"
"2022";"Maio";"2022-05-31";"Deslizamentos de Barreiras";"Vistoria";"""Rua Afonso Cunha";" $!>=""";"Ibura ";"Alto da Bela Vista";"R4";"2022-05-31";"Analise Visual Estrutural";"";"";"";"0"
"2022";"Maio";"2022-05-31";"Deslizamentos de Barreiras";"Vistoria";"""Rua Hugo Carneiro";" $!>=""";"Ibura ";"Alto da Bela Vista";"R4";"2022-05-31";"Analise Visual Estrutural";"";"";"";"0"
"2022";"Maio";"2022-05-31";"Deslizamentos de Barreiras";"Vistoria";"""Rua Hugo Carneiro";" ?_$.""";"Ibura ";"Alto da Bela Vista";"R3";"2022-05-31";"Analise Visual Estrutural";"";"";"";"0"
"2022";"Maio";"2022-05-31";"Deslizamentos de Barreiras";"Vistoria";"""Rua Afonso Cunha";" %$<!""";"Cohab";"Lagoa Encantada";"R4";"2022-05-31";"Analise Visual Estrutural";"";"";"";"0"
"2022";"Maio";"2022-05-31";"Deslizamentos de Barreiras";"Vistoria";"""Rua Hugo Carneiro";" ^[{""";"Cohab";"Lagoa Encantada";"R4";"2022-05-31";"Analise Visual Estrutural";"";"";"";"0"
"2022";"Maio";"2022-05-31";"Deslizamentos de Barreiras";"Vistoria";"""Rua Hugo Carneiro";" #^>""";"Cohab";"Ibura de Baixo";"R3";"2022-05-31";"Analise Visual Estrutural";"";"";"";"0"
"2022";"Maio";"2022-05-31";"Deslizamentos de Barreiras";"Vistoria";"""Rua Hugo Carneiro";" +?""""]""";"Ibura ";"Alto da Bela Vista";"R4";"2022-05-31";"Analise Visual Estrutural";"";"";"";"0"
"2022";"Maio";"2022-05-31";"Deslizamentos de Barreiras";"Vistoria";"""Rua Hugo Carneiro";" #$[""";"Ibura ";"Alto da Bela Vista";"R3";"2022-05-31";"Analise Visual Estrutural";"";"";"";"0"
"2022";"Maio";"2022-05-31";"Deslizamentos de Barreiras";"Vistoria";"""1 Travesa Lavrinhas";" ?_$.""";"Cohab";"Ur 10";"R4";"2022-05-31";"Analise Visual Estrutural";"";"";"";"0"
"2022";"Maio";"2022-05-31";"Deslizamentos de Barreiras";"Vistoria";"""Rua Avelino Chaves";" +?""""]""";"Ibura ";"Ibura de Baixo";"R4";"2022-05-31";"Analise Visual Estrutural";"";"";"";"0"
"2022";"Maio";"2022-05-31";"Deslizamentos de Barreiras";"Vistoria";"""Rua Colares";" @}>""";"Ibura ";"Ibura de Baixo";"R3";"2022-05-31";"Analise Visual Estrutural";"";"";"";"0"
"2022";"Maio";"2022-05-31";"Desabamento Parcial Imveis";"Vistoria";"""Rua Bueno";" .<^&""";"Dois Unidos";"Alto do Rosario";"R3";"2022-05-31";"Orientado a Sair do Imovel em Caso de Chuva";"";"";"";"0"
"2022";"Maio";"2022-05-30";"Deslizamentos de Barreiras";"Vistoria";"""Rua Jose Luiz Barros Sobrinho";" .<^&""";"Cohab";"Lagoa Encantada";"R3";"2022-05-30";"Analise Visual Estrutural";"";"";"";"0"
"2022";"Maio";"2022-05-30";"Deslizamentos de Barreiras";"Vistoria";"""Rua Doutor Moacir Sales";" """"#*9""";"Cohab";"Lagoa Encantada";"R2";"2022-05-30";"Analise Visual Estrutural";"";"";"";"0"
"2022";"Maio";"2022-05-30";"Deslizamentos de Barreiras";"Vistoria";"""Rua Conego Luiz Marinho";" #""""#~""";"Ibura ";"Alto da Bela Vista";"R4";"2022-05-30";"Analise Visual Estrutural";"";"";"";"0"
"2022";"Maio";"2022-05-30";"Deslizamentos de Barreiras";"Vistoria";"""Rua Jose Luiz Barros Sobrinho";" """"#*9""";"Cohab";"Lagoa Encantada";"R3";"2022-05-30";"Analise Visual Estrutural";"";"";"";"0"
"2022";"Maio";"2022-05-31";"Deslizamentos de Barreiras";"Vistoria";"""Rua Francisco Camarino";" ^[{""";"Nova Descoberta";"Alto do Refugio";"R3";"2022-05-31";"Atendimento Social";"";"";"";"0"
"2022";"Maio";"2022-05-31";"Deslizamentos de Barreiras";"Vistoria";"""Rua Francisco Camarino";" .<^&""";"Nova Descoberta";"Alto do Refugio";"R3";"2022-05-31";"Atendimento Social";"";"";"";"0"
"2022";"Maio";"2022-05-31";"Deslizamentos de Barreiras";"Vistoria";"""Rua Portelandia";" $!>=""";"Nova Descoberta";"Alto do Refugio";"R3";"2022-05-31";"Atendimento Social";"";"";"";"0"
"2022";"Maio";"2022-05-31";"Deslizamentos de Barreiras";"Vistoria";"""Rua So Nos Dois";" %$<!""";"Passarinho";"Alto Santa Tereza";"R3";"2022-05-31";"Atendimento Social";"";"";"";"0"
"2022";"Maio";"2022-05-31";"Deslizamentos de Barreiras";"Vistoria";"""Rua So Nos Dois";" .<^&""";"Passarinho";"Alto So Nos Dois";"R3";"2022-05-31";"Atendimento Social";"";"";"";"0"
"2022";"Maio";"2022-05-31";"Deslizamentos de Barreiras";"Vistoria";"""Rua Mangericao";" ^[{""";"Nova Descoberta";"Corrego da Areia";"R3";"2022-05-31";"Atendimento Social";"";"";"";"0"
"2022";"Maio";"2022-05-31";"Deslizamentos de Barreiras";"Vistoria";"""Rua Mangericao";" {})!""";"Nova Descoberta";"Corrego da Areia";"R3";"2022-05-31";"Atendimento Social";"";"";"";"0"
"2022";"Maio";"2022-05-31";"Deslizamentos de Barreiras";"Vistoria";"""Rua Mangericao";" #^>""";"Nova Descoberta";"Corrego da Areia";"R3";"2022-05-31";"Atendimento Social";"";"";"";"0"
"2022";"Maio";"2022-05-31";"Deslizamentos de Barreiras";"Vistoria";"""Rua Corrego da Areia";" ~|}[""";"Nova Descoberta";"Corrego da Areia";"R3";"2022-05-31";"Atendimento Social";"";"";"";"0"
"2022";"Maio";"2022-05-31";"Deslizamentos de Barreiras";"Vistoria";"""Rua Corrego da Areia";" /@9=""";"Nova Descoberta";"Corrego da Areia";"R3";"2022-05-31";"Atendimento Social";"";"";"";"0"
"2022";"Maio";"2022-05-31";"Deslizamentos de Barreiras";"Vistoria";"""Rua Corrego da Areia";" +?""""]""";"Nova Descoberta";"Corrego da Areia";"R3";"2022-05-31";"Atendimento Social";"";"";"";"0"
"2022";"Maio";"2022-05-31";"Deslizamentos de Barreiras";"Vistoria";"""Rua Craolandia";" #_|/""";"Nova Descoberta";"Corrego da Areia";"R3";"2022-05-31";"Atendimento Social";"";"";"";"0"
"2022";"Maio";"2022-05-31";"Deslizamentos de Barreiras";"Vistoria";"""Rua Craolandia";" .[?""";"Nova Descoberta";"Corrego da Areia";"R3";"2022-05-31";"Atendimento Social";"";"";"";"0"
"2022";"Maio";"2022-05-31";"Deslizamentos de Barreiras";"Vistoria";"""Rua Desembargador Renato Fonceca";" #$[""";"Brejo da Guabiraba";"Corrego Jardim Primavera";"R3";"2022-05-31";"Atendimento Social";"";"";"";"0"
"2022";"Maio";"2022-05-31";"Deslizamentos de Barreiras";"Vistoria";"""Rua Corrego da Areia";" #""""#~""";"Nova Descoberta";"Corrego da Areia";"R3";"2022-05-31";"Atendimento Social";"";"";"";"0"
"2022";"Maio";"2022-05-30";"Deslizamentos de Barreiras";"Vistoria";"""Rua Jose Luiz de Oliveira Barros Sobrinho";" #^>""";"Cohab";"Lagoa Encantada";"R3";"2022-05-30";"Analise Visual Estrutural";"";"";"";"0"
"2022";"Maio";"2022-05-30";"Deslizamentos de Barreiras";"Vistoria";"""Rua Jose Luiz de Oliveira Barros Sobrinho";" ^[{""";"Cohab";"Lagoa Encantada";"R3";"2022-05-30";"Analise Visual Estrutural";"";"";"";"0"
"2022";"Maio";"2022-05-30";"Deslizamentos de Barreiras";"Vistoria";"""Rua Rabilo";" %$<!""";"Cohab";"Ur 05";"R3";"2022-05-30";"Analise Visual Estrutural";"";"";"";"0"
"2022";"Maio";"2022-05-30";"Desabamento Parcial de Obras de Conteno / Drenagem";"Vistoria";"""Rua Consul Joseph";" @}>""";"Jordao";"Jordao Baixo";"R4";"2022-05-30";"Analise Visual Estrutural";"";"";"";"0"
"2022";"Maio";"2022-05-30";"Desabamento Parcial de Obras de Conteno / Drenagem";"Vistoria";"""Rua Consul Joseph";" >#'\""";"Jordao";"Jordao Baixo";"R4";"2022-05-30";"Analise Visual Estrutural";"";"";"";"0"
"2022";"Maio";"2022-05-30";"Deslizamentos de Barreiras";"Vistoria";"""Rua Campo Florido";" `=-[""";"Jordao";"Jordao Baixo";"R3";"2022-05-30";"Analise Visual Estrutural";"";"";"";"0"
"2022";"Maio";"2022-05-30";"Deslizamentos de Barreiras";"Vistoria";"""Rua Jaguare";" .[?""";"Jordao";"Jordao Baixo";"R4";"2022-05-30";"Analise Visual Estrutural";"";"";"";"0"
"2022";"Maio";"2022-05-30";"Deslizamentos de Barreiras";"Vistoria";"""Rua Prof. Mario Neves Batista";" #$[""";"Cohab";"Lagoa Encantada";"R3";"2022-05-30";"Analise Visual Estrutural";"";"";"";"0"
"2022";"Maio";"2022-05-30";"Deslizamentos de Barreiras";"Vistoria";"""Rua Paralela A Br";" +?""""]""";"Ibura ";"Alto da Bela Vista";"R4";"2022-05-30";"Analise Visual Estrutural";"";"";"";"0"
"2022";"Maio";"2022-05-30";"Deslizamentos de Barreiras";"Vistoria";"""Rua Frei Luiz de Souza";" /@9=""";"Ibura ";"Ibura de Baixo";"R4";"2022-05-30";"Analise Visual Estrutural";"";"";"";"0"
"2022";"Maio";"2022-05-30";"Deslizamentos de Barreiras";"Vistoria";"""Rua Cainbras";" #^>""";"Ibura ";"Ibura de Baixo";"R3";"2022-05-30";"Analise Visual Estrutural";"";"";"";"0"
"2022";"Maio";"2022-05-30";"Deslizamentos de Barreiras";"Vistoria";"""Rua Doutor Cesar Montezuma";" #^>""";"Cohab";"Lagoa Encantada";"R3";"2022-05-30";"Analise Visual Estrutural";"";"";"";"0"
"2022";"Maio";"2022-05-30";"Deslizamentos de Barreiras";"Vistoria";"""Rua General Virianto de Medeiros";" /@9=""";"Cohab";"Lagoa Encantada";"R3";"2022-05-30";"Analise Visual Estrutural";"";"";"";"0"
"2022";"Maio";"2022-05-30";"Deslizamentos de Barreiras";"Vistoria";"""Rua Manoel Buffone Pires";" ^[{""";"Cohab";"Lagoa Encantada";"R3";"2022-05-30";"Analise Visual Estrutural";"";"";"";"0"
"2022";"Maio";"2022-05-31";"Deslizamentos de Barreiras";"Vistoria";"""Avenida Chagas Ferreira";" @}>""";"Passarinho";"Alto Santa Tereza";"R3";"2022-05-31";"Atendimento Social";"";"";"";"0"
"2022";"Maio";"2022-05-31";"Deslizamentos de Barreiras";"Vistoria";"""Avenida Avenida Chagas Ferreira";" ~|}[""";"Dois Unidos";"Chagas Ferreira";"R3";"2022-05-31";"Orientado a Sair do Imovel em Caso de Chuva";"";"";"";"0"
"2022";"Maio";"2022-05-31";"Deslizamentos de Barreiras";"Vistoria";"""Rua Belo Jardim";" ^[{""";"Agua Fria";"Corrego Sao Sebastiao";"R4";"2022-05-31";"Orientado a Sair do Imovel em Caso de Chuva";"";"";"";"0"
"2022";"Maio";"2022-05-31";"Deslizamentos de Barreiras";"Vistoria";"""Rua Prof. Jose Amarino dos Reis";" +?""""]""";"Linha do Tiro";"Corrego do Tiro";"R3";"2022-05-31";"Orientado a Sair do Imovel em Caso de Chuva";"";"";"";"0"
"2022";"Maio";"2022-05-31";"Deslizamentos de Barreiras";"Vistoria";"""Rua Cansancao";" .<^&""";"Nova Descoberta";"Corrego do Joaquim";"R3";"2022-05-31";"Atendimento Social";"";"";"";"0"
"2022";"Maio";"2022-05-31";"Deslizamentos de Barreiras";"Vistoria";"""Rua Corrego do Joaquim";" ?_$.""";"Nova Descoberta";"Corrego do Joaquim";"R3";"2022-05-31";"Atendimento Social";"";"";"";"0"
"2022";"Maio";"2022-05-31";"Deslizamentos de Barreiras";"Vistoria";"""Rua Corrego do Joaquim";" >#'\""";"Nova Descoberta";"Corrego do Joaquim";"R3";"2022-05-31";"Atendimento Social";"";"";"";"0"
"2022";"Maio";"2022-05-31";"Deslizamentos de Barreiras";"Vistoria";"""Rua Corrego do Joaquim";" $!>=""";"Nova Descoberta";"Corrego do Joaquim";"R3";"2022-05-31";"Atendimento Social";"";"";"";"0"
"2022";"Maio";"2022-05-31";"Deslizamentos de Barreiras";"Vistoria";"""Rua Cansancao";" @}>""";"Nova Descoberta";"Corrego do Joaquim";"R3";"2022-05-31";"Atendimento Social";"";"";"";"0"
"2022";"Maio";"2022-05-31";"Deslizamentos de Barreiras";"Vistoria";"""Rua Cansancao";" 9<-%""";"Nova Descoberta";"Corrego do Joaquim";"R3";"2022-05-31";"Atendimento Social";"";"";"";"0"
"2022";"Maio";"2022-05-31";"Deslizamentos de Barreiras";"Vistoria";"""Rua Cansancao";" %$<!""";"Nova Descoberta";"Corrego do Joaquim";"R3";"2022-05-31";"Atendimento Social";"";"";"";"0"
"2022";"Maio";"2022-05-31";"Deslizamentos de Barreiras";"Vistoria";"""Rua Baioanopolis";" `=-[""";"Nova Descoberta";"Corrego do Joaquim";"R3";"2022-05-31";"Atendimento Social";"";"";"";"0"
"2022";"Maio";"2022-05-31";"Deslizamentos de Barreiras";"Vistoria";"""Rua Pequizeiro";" `=-[""";"Nova Descoberta";"Corrego do Inacio";"R3";"2022-05-31";"Atendimento Social";"";"";"";"0"
"2022";"Maio";"2022-05-31";"Deslizamentos de Barreiras";"Vistoria";"""Rua Pequizeiro";" #$[""";"Nova Descoberta";"Corrego do Inacio";"R3";"2022-05-31";"Atendimento Social";"";"";"";"0"
"2022";"Maio";"2022-05-31";"Deslizamentos de Barreiras";"Vistoria";"""Rua Pequizeiro";" .[?""";"Nova Descoberta";"Corrego do Inacio";"R3";"2022-05-31";"Atendimento Social";"";"";"";"0"
"2022";"Maio";"2022-05-31";"Deslizamentos de Barreiras";"Vistoria";"""Rua Pequizeiro";" #_|/""";"Nova Descoberta";"Corrego do Inacio";"R3";"2022-05-31";"Atendimento Social";"";"";"";"0"
"2022";"Maio";"2022-05-31";"Deslizamentos de Barreiras";"Vistoria";"""Rua Pequizeiro";" """"#*9""";"Nova Descoberta";"Corrego do Inacio";"R4";"2022-05-31";"Atendimento Social";"";"";"";"0"
"2022";"Maio";"2022-05-31";"Deslizamentos de Barreiras";"Vistoria";"""Rua Alto Boa Esperanca";" +?""""]""";"Dois Irmaos";"Corrego da Fortuna";"R3";"2022-05-31";"Atendimento Social";"";"";"";"0"
"2022";"Maio";"2022-05-31";"Deslizamentos de Barreiras";"Vistoria";"""Rua Alto Boa Esperanca";" #""""#~""";"Dois Irmaos";"Corrego da Fortuna";"R3";"2022-05-31";"Atendimento Social";"";"";"";"0"
"2022";"Maio";"2022-05-31";"Deslizamentos de Barreiras";"Vistoria";"""Rua Alto Boa Esperanca";" /@9=""";"Dois Irmaos";"Corrego da Fortuna";"R3";"2022-05-31";"Atendimento Social";"";"";"";"0"
"2022";"Maio";"2022-05-31";"Deslizamentos de Barreiras";"Vistoria";"""Rua Alto Boa Esperanca";" ~|}[""";"Dois Irmaos";"Corrego da Fortuna";"R3";"2022-05-31";"Atendimento Social";"";"";"";"0"
"2022";"Maio";"2022-05-31";"Deslizamentos de Barreiras";"Vistoria";"""Rua Alto Boa Esperanca";" #^>""";"Dois Irmaos";"Corrego da Fortuna";"R3";"2022-05-31";"Atendimento Social";"";"";"";"0"
"2022";"Maio";"2022-05-31";"Deslizamentos de Barreiras";"Vistoria";"""Rua Nova Descoberta";" ~|}[""";"Nova Descoberta";"Nova Descoberta";"R3";"2022-05-31";"Notificacao de Situacao de Risco";"";"";"";"0"
"2022";"Maio";"2022-05-25";"Deslizamentos de Barreiras";"Vistoria";"""3 Travessa Tres Morros";" ?_$.""";"Corrego do Jenipapo";"Tres Morros";"R3";"2022-05-25";"Atendimento Social";"";"";"";"0"
"2022";"Maio";"2022-05-25";"Deslizamentos de Barreiras";"Vistoria";"""Rua Aracari";" >#'\""";"Guabiraba";"Corrego da Loura";"R4";"2022-05-25";"Atendimento Social";"";"";"";"0"
"2022";"Maio";"2022-05-25";"Deslizamentos de Barreiras";"Vistoria";"""Rua Dois";" $!>=""";"Brejo da Guabiraba";"Arca de Noe";"R3";"2022-05-25";"Atendimento Social";"";"";"";"0"
"2022";"Maio";"2022-05-25";"Deslizamentos de Barreiras";"Vistoria";"""Rua Tres Morros";" @}>""";"Corrego do Jenipapo";"Corrego do Jenipapo";"R3";"2022-05-25";"Atendimento Social";"";"";"";"0"
"2022";"Maio";"2022-05-25";"Deslizamentos de Barreiras";"Vistoria";"""Travessa Erundina Negreiro de Araujo";" 9<-%""";"Corrego do Jenipapo";"Corrego do Jenipapo";"R3";"2022-05-25";"Atendimento Social";"";"";"";"0"
"2022";"Maio";"2022-05-25";"Deslizamentos de Barreiras";"Vistoria";"""4 Subida Corrego do Marreco";" %$<!""";"Guabiraba";"Corrego do Marreco";"R3";"2022-05-25";"Atendimento Social";"";"";"";"0"
"2022";"Maio";"2022-05-25";"Deslizamentos de Barreiras";"Vistoria";"""Rua Alto do Marreco";" .<^&""";"Guabiraba";"Corrego do Marreco";"R4";"2022-05-25";"Atendimento Social";"";"";"";"0"
"2022";"Maio";"2022-05-25";"Deslizamentos de Barreiras";"Vistoria";"""Rua Corrego do Marreco";" ^[{""";"Guabiraba";"Corrego do Marreco";"R3";"2022-05-25";"Atendimento Social";"";"";"";"0"
"2022";"Maio";"2022-05-25";"Deslizamentos de Barreiras";"Vistoria";"""2 Travessa Barao de Capibaribe";" #^>""";"Dois Irmaos";"Sitio Sao Bras";"R3";"2022-05-25";"Atendimento Social";"";"";"";"0"
"2022";"Maio";"2022-05-25";"Deslizamentos de Barreiras";"Vistoria";"""Rua Prof. Claudio Selva";" ~|}[""";"Dois Irmaos";"Corrego da Fortuna";"R3";"2022-05-25";"Atendimento Social";"";"";"";"0"
"2022";"Maio";"2022-05-25";"Deslizamentos de Barreiras";"Vistoria";"""3 Travessa Sitio Sao Bras";" /@9=""";"Dois Irmaos";"Sitio Sao Bras";"R2";"2022-05-25";"Atendimento Social";"";"";"";"0"
"2022";"Maio";"2022-05-25";"Deslizamentos de Barreiras";"Vistoria";"""Rua Sacambu";" `=-[""";"Nova Descoberta";"Alto do Refugio";"R4";"2022-05-25";"Atendimento Social";"";"";"";"0"
"2022";"Maio";"2022-05-25";"Deslizamentos de Barreiras";"Vistoria";"""Rua Sacambu";" #$[""";"Nova Descoberta";"Alto do Refugio";"R4";"2022-05-25";"Atendimento Social";"";"";"";"0"
"2022";"Maio";"2022-05-25";"Deslizamentos de Barreiras";"Vistoria";"""Rua Sacambu";" .[?""";"Nova Descoberta";"Alto do Refugio";"R4";"2022-05-25";"Atendimento Social";"";"";"";"0"
"2022";"Maio";"2022-05-25";"Deslizamentos de Barreiras";"Vistoria";"""Rua Sacambu";" #_|/""";"Nova Descoberta";"Alto do Refugio";"R4";"2022-05-25";"Atendimento Social";"";"";"";"0"
"2022";"Maio";"2022-05-25";"Desabamento Parcial Imveis";"Vistoria";"""Rua Santa Clara";" @}>""";"Passarinho";"Corrego Santa Tereza";"R2";"2022-05-25";"Atendimento Social";"";"";"";"0"
"2022";"Maio";"2022-05-25";"Desabamento Parcial Imveis";"Vistoria";"""Rua Santa Clara";" 9<-%""";"Passarinho";"Corrego Santa Tereza";"R3";"2022-05-25";"Atendimento Social";"";"";"";"0"
"2022";"Maio";"2022-05-25";"Desabamento Parcial Imveis";"Vistoria";"""Rua Santa Clara";" %$<!""";"Passarinho";"Corrego Santa Tereza";"R4";"2022-05-25";"Atendimento Social";"";"";"";"0"
"2022";"Maio";"2022-05-25";"Deslizamentos de Barreiras";"Vistoria";"""Rua Santa Clara";" .<^&""";"Passarinho";"Corrego Santa Tereza";"R3";"2022-05-25";"Atendimento Social";"";"";"";"0"
"2022";"Maio";"2022-05-25";"Deslizamentos de Barreiras";"Vistoria";"""Rua Santa Clara";" ^[{""";"Passarinho";"Corrego Santa Tereza";"R3";"2022-05-25";"Atendimento Social";"";"";"";"0"
"2022";"Maio";"2022-05-25";"Deslizamentos de Barreiras";"Vistoria";"""Rua Santa Clara";" {})!""";"Passarinho";"Corrego Santa Tereza";"R2";"2022-05-25";"Atendimento Social";"";"";"";"0"
"2022";"Maio";"2022-05-25";"Deslizamentos de Barreiras";"Vistoria";"""Rua Corrego Santa Tereza";" #^>""";"Passarinho";"Corrego Santa Tereza";"R4";"2022-05-25";"Atendimento Social";"";"";"";"0"
"2022";"Maio";"2022-05-25";"Deslizamentos de Barreiras";"Vistoria";"""Rua Sacambu";" +?""""]""";"Nova Descoberta";"Alto do Refugio";"R4";"2022-05-25";"Atendimento Social";"";"";"";"0"
"2022";"Maio";"2022-05-25";"Deslizamentos de Barreiras";"Vistoria";"""Rua Sacambu";" """"#*9""";"Nova Descoberta";"Alto do Refugio";"R4";"2022-05-25";"Atendimento Social";"";"";"";"0"
"2022";"Maio";"2022-05-24";"";"Monitoramento";"""Rua Bom Repouso";" #_|/""";"Varzea";"Barreiras";"R3";"2022-05-24";"Mapeamento de Area de Risco";"";"";"";"0"
"2022";"Maio";"2022-05-24";"";"Monitoramento";"""Rua Bom Repouso";" .[?""";"Varzea";"Barreiras";"R3";"2022-05-24";"Mapeamento de Area de Risco";"";"";"";"0"
"2022";"Maio";"2022-05-24";"";"Monitoramento";"""Rua Bom Repouso";" #$[""";"Varzea";"Barreiras";"R3";"2022-05-24";"Mapeamento de Area de Risco";"";"";"";"0"
"2022";"Maio";"2022-05-24";"";"Monitoramento";"""Rua Bom Repouso";" `=-[""";"Varzea";"Barreiras";"R3";"2022-05-24";"Mapeamento de Area de Risco";"";"";"";"0"
"2022";"Maio";"2022-05-24";"";"Monitoramento";"""Rua Bom Repouso";" ?_$.""";"Varzea";"Barreiras";"R3";"2022-05-24";"Mapeamento de Area de Risco";"";"";"";"0"
"2022";"Maio";"2022-05-24";"";"Monitoramento";"""Rua Bom Repouso";" >#'\""";"Varzea";"Barreiras";"R3";"2022-05-24";"Mapeamento de Area de Risco";"";"";"";"0"
"2022";"Maio";"2022-05-24";"";"Monitoramento";"""Rua Bom Repouso";" $!>=""";"Varzea";"Barreiras";"R3";"2022-05-24";"Mapeamento de Area de Risco";"";"";"";"0"
"2022";"Maio";"2022-05-24";"";"Monitoramento";"""Rua Bom Repouso";" @}>""";"Varzea";"Barreiras";"R3";"2022-05-24";"Mapeamento de Area de Risco";"";"";"";"0"
"2022";"Maio";"2022-05-24";"";"Monitoramento";"""Rua Bom Repouso";" 9<-%""";"Varzea";"Barreiras";"R3";"2022-05-24";"Mapeamento de Area de Risco";"";"";"";"0"
"2022";"Maio";"2022-05-24";"";"Monitoramento";"""Rua Bom Repouso";" %$<!""";"Varzea";"Barreiras";"R3";"2022-05-24";"Mapeamento de Area de Risco";"";"";"";"0"
"2022";"Maio";"2022-05-24";"";"Monitoramento";"""Rua Bom Repouso";" .<^&""";"Varzea";"Barreiras";"R2";"2022-05-24";"Mapeamento de Area de Risco";"";"";"";"0"
"2022";"Maio";"2022-05-24";"";"Monitoramento";"""Rua Bom Repouso";" ^[{""";"Varzea";"Barreiras";"R2";"2022-05-24";"Mapeamento de Area de Risco";"";"";"";"0"
"2022";"Maio";"2022-05-24";"";"Monitoramento";"""Rua Bom Repouso";" {})!""";"Varzea";"Barreiras";"R2";"2022-05-24";"Mapeamento de Area de Risco";"";"";"";"0"
"2022";"Maio";"2022-05-24";"";"Monitoramento";"""Rua Bom Repouso";" #^>""";"Varzea";"Barreiras";"R2";"2022-05-24";"Mapeamento de Area de Risco";"";"";"";"0"
"2022";"Maio";"2022-05-24";"";"Monitoramento";"""Rua Feliz Deserto";" ~|}[""";"Varzea";"Barreiras";"R3";"2022-05-24";"Mapeamento de Area de Risco";"";"";"";"0"
"2022";"Maio";"2022-05-24";"";"Monitoramento";"""Rua Feliz Deserto";" /@9=""";"Varzea";"Barreiras";"R3";"2022-05-24";"Mapeamento de Area de Risco";"";"";"";"0"
"2022";"Maio";"2022-05-24";"";"Monitoramento";"""Rua Feliz Deserto";" #""""#~""";"Varzea";"Barreiras";"R3";"2022-05-24";"Mapeamento de Area de Risco";"";"";"";"0"
"2022";"Maio";"2022-05-24";"";"Monitoramento";"""Rua Feliz Deserto";" +?""""]""";"Varzea";"Barreiras";"R3";"2022-05-24";"Mapeamento de Area de Risco";"";"";"";"0"
"2022";"Maio";"2022-05-24";"";"Monitoramento";"""Rua Feliz Deserto";" """"#*9""";"Varzea";"Barreiras";"R3";"2022-05-24";"Mapeamento de Area de Risco";"";"";"";"0"
"2022";"Maio";"2022-05-24";"";"Monitoramento";"""Rua Feliz Deserto";" #_|/""";"Varzea";"Barreiras";"R2";"2022-05-24";"Mapeamento de Area de Risco";"";"";"";"0"
"2022";"Maio";"2022-05-24";"";"Monitoramento";"""Rua Feliz Deserto";" .[?""";"Varzea";"Barreiras";"R2";"2022-05-24";"Mapeamento de Area de Risco";"";"";"";"0"
"2022";"Maio";"2022-05-24";"";"Monitoramento";"""Rua Feliz Deserto";" #$[""";"Varzea";"Barreiras";"R2";"2022-05-24";"Mapeamento de Area de Risco";"";"";"";"0"
"2022";"Maio";"2022-05-24";"";"Monitoramento";"""Rua Feliz Deserto";" `=-[""";"Varzea";"Barreiras";"R2";"2022-05-24";"Mapeamento de Area de Risco";"";"";"";"0"
"2022";"Maio";"2022-05-24";"";"Monitoramento";"""Rua Feliz Deserto";" ?_$.""";"Varzea";"Barreiras";"R2";"2022-05-24";"Mapeamento de Area de Risco";"";"";"";"0"
"2022";"Maio";"2022-05-24";"";"Monitoramento";"""Rua Feliz Deserto";" >#'\""";"Varzea";"Barreiras";"R2";"2022-05-24";"Mapeamento de Area de Risco";"";"";"";"0"
"2022";"Maio";"2022-05-24";"";"Monitoramento";"""Rua Bom Repouso";" """"#*9""";"Varzea";"Barreiras";"R3";"2022-05-24";"Mapeamento de Area de Risco";"";"";"";"0"
"2022";"Maio";"2022-05-24";"";"Monitoramento";"""Rua Bom Repouso";" +?""""]""";"Varzea";"Barreiras";"R2";"2022-05-24";"Mapeamento de Area de Risco";"";"";"";"0"
"2022";"Maio";"2022-05-24";"";"Monitoramento";"""Rua Bom Repouso";" #""""#~""";"Varzea";"Barreiras";"R2";"2022-05-24";"Mapeamento de Area de Risco";"";"";"";"0"
"2022";"Maio";"2022-05-24";"";"Monitoramento";"""Rua Bom Repouso";" /@9=""";"Varzea";"Barreiras";"R2";"2022-05-24";"Mapeamento de Area de Risco";"";"";"";"0"
"2022";"Maio";"2022-05-24";"";"Monitoramento";"""Rua Feliz Deserto";" $!>=""";"Varzea";"Barreiras";"R3";"2022-05-24";"Mapeamento de Area de Risco";"";"";"";"0"
"2022";"Maio";"2022-05-24";"";"Monitoramento";"""Rua Bom Repouso";" %$<!""";"Varzea";"Barreiras";"R2";"2022-05-24";"Mapeamento de Area de Risco";"";"";"";"0"
"2022";"Maio";"2022-05-24";"";"Monitoramento";"""Rua Bom Repouso";" .<^&""";"Varzea";"Barreiras";"R2";"2022-05-24";"Mapeamento de Area de Risco";"";"";"";"0"
"2022";"Maio";"2022-05-24";"";"Monitoramento";"""Rua Bom Repouso";" ^[{""";"Varzea";"Barreiras";"R2";"2022-05-24";"Mapeamento de Area de Risco";"";"";"";"0"
"2022";"Maio";"2022-05-24";"";"Monitoramento";"""Rua Bom Repouso";" {})!""";"Varzea";"Barreiras";"R2";"2022-05-24";"Mapeamento de Area de Risco";"";"";"";"0"
"2022";"Maio";"2022-05-24";"";"Monitoramento";"""Rua Bom Repouso";" #^>""";"Varzea";"Barreiras";"R2";"2022-05-24";"Mapeamento de Area de Risco";"";"";"";"0"
"2022";"Maio";"2022-05-24";"";"Monitoramento";"""Rua Bom Repouso";" ~|}[""";"Varzea";"Barreiras";"R2";"2022-05-24";"Mapeamento de Area de Risco";"";"";"";"0"
"2022";"Maio";"2022-05-24";"";"Monitoramento";"""Rua Feliz Deserto";" @}>""";"Varzea";"Barreiras";"R3";"2022-05-24";"Mapeamento de Area de Risco";"";"";"";"0"
"2022";"Maio";"2022-05-24";"";"Monitoramento";"""Rua Feliz Deserto";" 9<-%""";"Varzea";"Barreiras";"R2";"2022-05-24";"Mapeamento de Area de Risco";"";"";"";"0"
"2022";"Maio";"2022-05-24";"";"Monitoramento";"""Rua Feliz Deserto";" %$<!""";"Varzea";"Barreiras";"R2";"2022-05-24";"Mapeamento de Area de Risco";"";"";"";"0"
"2022";"Maio";"2022-05-24";"Desabamento Parcial Imveis";"Vistoria";"""Rua Apinages";" +?""""]""";"Agua Fria";"Corrego do Deodato";"R3";"2022-05-24";"Orientado a Sair do Imovel em Caso de Chuva";"";"";"";"0"
"2022";"Maio";"2022-05-24";"";"Vistoria";"""Rua das Barreiras";" """"#*9""";"Agua Fria";"Alto do Pascoal";"R3";"2022-05-24";"Orientado a Sair do Imovel em Caso de Chuva";"";"";"";"0"
"2022";"Maio";"2022-05-24";"";"";"""Rua Pacote de Mel";" .[?""";"Varzea";"Barreiras";"";"2022-05-24";"Rocagem";"1.0";"10.0";"8.0";"80"
"2022";"Maio";"2022-05-24";"";"";"""Rua Bom Repouso";" #""""#~""";"Varzea";"Barreiras";"";"2022-05-24";"Acoes de Porta-Porta";"";"";"";"0"
"2022";"Maio";"2022-05-24";"";"";"""Rua Bom Repouso";" +?""""]""";"Varzea";"Barreiras";"";"2022-05-24";"Acoes de Porta-Porta";"";"";"";"0"
"2022";"Maio";"2022-05-24";"";"";"""Rua Bom Repouso";" """"#*9""";"Varzea";"Barreiras";"";"2022-05-24";"Acoes de Porta-Porta";"";"";"";"0"
"2022";"Maio";"2022-05-24";"";"";"""Rua Bom Repouso";" #_|/""";"Varzea";"Barreiras";"";"2022-05-24";"Acoes de Porta-Porta";"";"";"";"0"
"2022";"Maio";"2022-05-24";"";"";"""Rua Bom Repouso";" .[?""";"Varzea";"Barreiras";"";"2022-05-24";"Acoes de Porta-Porta";"";"";"";"0"
"2022";"Maio";"2022-05-24";"";"";"""Rua Bom Repouso";" #$[""";"Varzea";"Barreiras";"";"2022-05-24";"Acoes de Porta-Porta";"";"";"";"0"
"2022";"Maio";"2022-05-24";"";"";"""Rua Feliz Deserto";" `=-[""";"Varzea";"Barreiras";"";"2022-05-24";"Acoes de Porta-Porta";"";"";"";"0"
"2022";"Maio";"2022-05-24";"";"";"""Rua Feliz Deserto";" ?_$.""";"Varzea";"Barreiras";"";"2022-05-24";"Acoes de Porta-Porta";"";"";"";"0"
"2022";"Maio";"2022-05-24";"";"";"""Rua Feliz Deserto";" >#'\""";"Varzea";"Barreiras";"";"2022-05-24";"Acoes de Porta-Porta";"";"";"";"0"
"2022";"Maio";"2022-05-24";"";"";"""Rua Feliz Deserto";" $!>=""";"Varzea";"Barreiras";"";"2022-05-24";"Acoes de Porta-Porta";"";"";"";"0"
"2022";"Maio";"2022-05-24";"";"";"""Rua Feliz Deserto";" @}>""";"Varzea";"Barreiras";"";"2022-05-24";"Acoes de Porta-Porta";"";"";"";"0"
"2022";"Maio";"2022-05-24";"";"";"""Rua Feliz Deserto";" 9<-%""";"Varzea";"Barreiras";"";"2022-05-24";"Acoes de Porta-Porta";"";"";"";"0"
"2022";"Maio";"2022-05-24";"";"";"""Rua Bom Repouso";" /@9=""";"Varzea";"Barreiras";"";"2022-05-24";"Acoes de Porta-Porta";"";"";"";"0"
"2022";"Maio";"2022-05-24";"";"";"""Rua Feliz Deserto";" %$<!""";"Varzea";"Barreiras";"";"2022-05-24";"Acoes de Porta-Porta";"";"";"";"0"
"2022";"Maio";"2022-05-24";"";"";"""Rua Feliz Deserto";" ^[{""";"Varzea";"Barreiras";"";"2022-05-24";"Acoes de Porta-Porta";"";"";"";"0"
"2022";"Maio";"2022-05-24";"";"";"""Rua Feliz Deserto";" {})!""";"Varzea";"Barreiras";"";"2022-05-24";"Acoes de Porta-Porta";"";"";"";"0"
"2022";"Maio";"2022-05-24";"";"";"""Rua Feliz Deserto";" #^>""";"Varzea";"Barreiras";"";"2022-05-24";"Acoes de Porta-Porta";"";"";"";"0"
"2022";"Maio";"2022-05-24";"";"";"""Rua Feliz Deserto";" ~|}[""";"Varzea";"Barreiras";"";"2022-05-24";"Acoes de Porta-Porta";"";"";"";"0"
"2022";"Maio";"2022-05-24";"";"";"""Rua Feliz Deserto";" /@9=""";"Varzea";"Barreiras";"";"2022-05-24";"Acoes de Porta-Porta";"";"";"";"0"
"2022";"Maio";"2022-05-24";"";"";"""Rua Feliz Deserto";" #""""#~""";"Varzea";"Barreiras";"";"2022-05-24";"Acoes de Porta-Porta";"";"";"";"0"
"2022";"Maio";"2022-05-24";"";"";"""Rua Feliz Deserto";" +?""""]""";"Varzea";"Barreiras";"";"2022-05-24";"Acoes de Porta-Porta";"";"";"";"0"
"2022";"Maio";"2022-05-24";"";"Colocao de Lonas Plsticas";"""Rua Pacote de Mel";" #_|/""";"Varzea";"Barreiras";"";"2022-05-24";"";"4.0";"20.0";"8.0";"640"
"2022";"Maio";"2022-05-24";"";"Colocao de Lonas Plsticas";"""Rua Satuba";" .[?""";"Varzea";"Barreiras";"";"2022-05-24";"";"1.0";"20.0";"8.0";"160"
"2022";"Maio";"2022-05-24";"";"";"""Rua Feliz Deserto";" .<^&""";"Varzea";"Barreiras";"";"2022-05-24";"Acoes de Porta-Porta";"";"";"";"0"
"2022";"Maio";"2022-05-24";"";"";"""Rua Bom Repouso";" ~|}[""";"Varzea";"Barreiras";"";"2022-05-24";"Acoes de Porta-Porta";"";"";"";"0"
"2022";"Maio";"2022-05-24";"";"";"""Rua Bom Repouso";" {})!""";"Varzea";"Barreiras";"";"2022-05-24";"Acoes de Porta-Porta";"";"";"";"0"
"2022";"Maio";"2022-05-24";"";"";"""Rua Bom Repouso";" #^>""";"Varzea";"Barreiras";"";"2022-05-24";"Acoes de Porta-Porta";"";"";"";"0"
"2022";"Maio";"2022-05-24";"";"";"""Rua Bom Repouso";" +?""""]""";"Varzea";"Barreiras";"";"2022-05-24";"Acoes de Porta-Porta";"";"";"";"0"
"2022";"Maio";"2022-05-24";"";"";"""Rua Bom Repouso";" #_|/""";"Varzea";"Barreiras";"";"2022-05-24";"Acoes de Porta-Porta";"";"";"";"0"
"2022";"Maio";"2022-05-24";"";"";"""Rua Bom Repouso";" .[?""";"Varzea";"Barreiras";"";"2022-05-24";"Acoes de Porta-Porta";"";"";"";"0"
"2022";"Maio";"2022-05-24";"";"";"""Rua Bom Repouso";" #$[""";"Varzea";"Barreiras";"";"2022-05-24";"Acoes de Porta-Porta";"";"";"";"0"
"2022";"Maio";"2022-05-24";"";"";"""Rua Bom Repouso";" `=-[""";"Varzea";"Barreiras";"";"2022-05-24";"Acoes de Porta-Porta";"";"";"";"0"
"2022";"Maio";"2022-05-24";"";"";"""Rua Bom Repouso";" ?_$.""";"Varzea";"Barreiras";"";"2022-05-24";"Acoes de Porta-Porta";"";"";"";"0"
"2022";"Maio";"2022-05-24";"";"";"""Rua Bom Repouso";" >#'\""";"Varzea";"Barreiras";"";"2022-05-24";"Acoes de Porta-Porta";"";"";"";"0"
"2022";"Maio";"2022-05-24";"";"";"""Rua Bom Repouso";" $!>=""";"Varzea";"Barreiras";"";"2022-05-24";"Acoes de Porta-Porta";"";"";"";"0"
"2022";"Maio";"2022-05-24";"";"";"""Rua Bom Repouso";" @}>""";"Varzea";"Barreiras";"";"2022-05-24";"Acoes de Porta-Porta";"";"";"";"0"
"2022";"Maio";"2022-05-24";"";"";"""Rua Bom Repouso";" 9<-%""";"Varzea";"Barreiras";"";"2022-05-24";"Acoes de Porta-Porta";"";"";"";"0"
"2022";"Maio";"2022-05-24";"";"";"""Rua Bom Repouso";" %$<!""";"Varzea";"Barreiras";"";"2022-05-24";"Acoes de Porta-Porta";"";"";"";"0"
"2022";"Maio";"2022-05-24";"";"";"""Rua Bom Repouso";" .<^&""";"Varzea";"Barreiras";"";"2022-05-24";"Acoes de Porta-Porta";"";"";"";"0"
"2022";"Maio";"2022-05-24";"";"";"""Rua Bom Repouso";" ^[{""";"Varzea";"Barreiras";"";"2022-05-24";"Acoes de Porta-Porta";"";"";"";"0"
"2022";"Maio";"2022-05-24";"";"";"""Rua Bom Repouso";" """"#*9""";"Varzea";"Barreiras";"";"2022-05-24";"Acoes de Porta-Porta";"";"";"";"0"
"2022";"Maio";"2022-05-25";"Imveis Alagados";"Monitoramento Alagado";"""Vila Vintem";" $!>=""";"Linha do Tiro";"Sem Localidade";"";"2022-05-25";"Mapeamento de Area de Risco";"";"";"";"0"
"2022";"Maio";"2022-05-25";"Imveis Alagados";"Monitoramento Alagado";"""Rua Pe Henrique";" 9<-%""";"Varzea";"Sem Localidade";"";"2022-05-25";"Mapeamento de Area de Risco";"";"";"";"0"
"2022";"Maio";"2022-05-25";"Deslizamentos de Barreiras";"";"""Rua Porto Nacional";" /@9=""";"Cohab";"Ur 01";"";"2022-05-25";"Mapeamento de Area de Risco";"";"";"";"0"
"2022";"Maio";"2022-05-25";"Deslizamentos de Barreiras";"Monitoramento";"""Travessa Padre Henrique";" .[?""";"Barro";"Parque dos Milagres";"R3";"2022-05-25";"Analise Visual Estrutural";"";"";"";"0"
"2022";"Maio";"2022-05-25";"Deslizamentos de Barreiras";"Vistoria";"""Rua Pelopidas Arrouxelas Galvao";" `=-[""";"Varzea";"Jardim Teresopolis";"R3";"2022-05-25";"Encaminhar para Rocagem";"";"";"";"0"
"2022";"Maio";"2022-05-25";"Deslizamentos de Barreiras";"Monitoramento";"""Rua Elexenadre de Souza Neves";" ?_$.""";"Barro";"Parque dos Milagres";"R3";"2022-05-25";"Analise Visual Estrutural";"";"";"";"0"
"2022";"Maio";"2022-05-25";"Imveis Alagados";"Monitoramento Alagado";"""Rua Cantora Clara Nunes";" """"#*9""";"Cajueiro";"Nao Cadastrada";"";"2022-05-25";"Mapeamento de Area de Risco";"";"";"";"0"
"2022";"Maio";"2022-05-25";"Imveis Alagados";"Monitoramento Alagado";"""Rua Nadia";" #_|/""";"Campina do Barreto";"Nao Cadastrada";"";"2022-05-25";"Mapeamento de Area de Risco";"";"";"";"0"
"2022";"Maio";"2022-05-25";"Imveis Alagados";"Monitoramento Alagado";"""Rua Torres Homem";" .[?""";"Varzea";"Nao Cadastrada";"";"2022-05-25";"Mapeamento de Area de Risco";"";"";"";"0"
"2022";"Maio";"2022-05-25";"Imveis Alagados";"Monitoramento Alagado";"""Rua Guarani";" #$[""";"Caxanga";"Nao Cadastrada";"";"2022-05-25";"Mapeamento de Area de Risco";"";"";"";"0"
"2022";"Maio";"2022-05-25";"Imveis Alagados";"Monitoramento Alagado";"""Comunidade Cortico Coripos";" `=-[""";"Coqueiral";"Nao Cadastrada";"";"2022-05-25";"Mapeamento de Area de Risco";"";"";"";"0"
"2022";"Maio";"2022-05-25";"Imveis Alagados";"Monitoramento Alagado";"""Comunidade Rio Morno";" ?_$.""";"Beberibe";"Nao Cadastrada";"";"2022-05-25";"Mapeamento de Area de Risco";"";"";"";"0"
"2022";"Maio";"2022-05-25";"Imveis Alagados";"Monitoramento Alagado";"""Beco do Oleo Vila Arraes";" >#'\""";"Varzea";"Nao Cadastrada";"";"2022-05-25";"Mapeamento de Area de Risco";"";"";"";"0"
"2022";"Maio";"2022-05-23";"Imveis Alagados";"Vistoria em Imveis";"""Avenida Republica do Libano";" @}>""";"Pina";"Sem Localidade";"";"2022-05-25";"Analise Visual Estrutural";"";"";"";"0"
"2022";"Maio";"2022-05-25";"Deslizamentos de Barreiras";"Vistoria";"""1 Travessa da Rua Engenho Titara N158";" 9<-%""";"Barro";"Vila dos Milagres";"R3";"2022-05-25";"Analise Visual Estrutural";"";"";"";"0"
"2022";"Maio";"2022-05-25";"Deslizamentos de Barreiras";"Monitoramento";"""1 Travessa da Rua Engenho Titara";" ^[{""";"Barro";"Vila dos Milagres";"R3";"2022-05-25";"Analise Visual Estrutural";"";"";"";"0"
"2022";"Maio";"2022-05-25";"Deslizamentos de Barreiras";"";"""Rua Monte Pascoal";" #^>""";"Cohab";"Jardim Monte Verde";"";"2022-05-25";"Encaminhamento de Corte de Arvores";"";"";"";"0"
"2022";"Maio";"2022-05-25";"Deslizamentos de Barreiras";"";"""Rua Patrocinador";" .[?""";"Cohab";"Ur 02";"";"2022-05-25";"Encaminhamentos aos Parceiros";"";"";"";"0"
"2022";"Maio";"2022-05-25";"Deslizamentos de Barreiras";"Vistoria";"""1 Travessa da Rua Engenho Titara";" .<^&""";"Barro";"Vila dos Milagres";"R3";"2022-05-25";"Orientado a Sair do Imovel em Caso de Chuva";"";"";"";"0"
"2022";"Maio";"2022-05-25";"Deslizamentos de Barreiras";"Vistoria";"""Rua Monte Pascoal";" /@9=""";"Cohab";"Jardim Monte Verde";"R3";"2022-05-25";"Analise Visual Estrutural";"";"";"";"0"
"2022";"Maio";"2022-05-25";"Imveis com Danos / Risco";"Vistoria Setor Alagado";"""Rua Torres Homem";" .<^&""";"Varzea";"Sem Localidade";"";"2022-05-25";"Analise Visual Estrutural";"";"";"";"0"
"2022";"Maio";"2022-05-25";"Imveis com Danos / Risco";"Vistoria Setor Alagado";"""Rua Torres Homem";" ^[{""";"Varzea";"Sem Localidade";"";"2022-05-25";"Analise Visual Estrutural";"";"";"";"0"
"2022";"Maio";"2022-05-25";"Imveis com Danos / Risco";"Vistoria Setor Alagado";"""Rua Torres Homem";" {})!""";"Varzea";"Sem Localidade";"";"2022-05-25";"Analise Visual Estrutural";"";"";"";"0"
"2022";"Maio";"2022-05-25";"Imveis com Danos / Risco";"Vistoria Setor Alagado";"""Rua Torres Homem";" #^>""";"Varzea";"Sem Localidade";"";"2022-05-25";"Analise Visual Estrutural";"";"";"";"0"
"2022";"Maio";"2022-05-25";"Imveis com Danos / Risco";"Vistoria Setor Alagado";"""Rua Pe Henrique";" ~|}[""";"Varzea";"Sem Localidade";"";"2022-05-25";"Analise Visual Estrutural";"";"";"";"0"
"2022";"Maio";"2022-05-25";"Imveis com Danos / Risco";"Vistoria Setor Alagado";"""Rua Pe Henrique";" /@9=""";"Varzea";"Sem Localidade";"";"2022-05-25";"Analise Visual Estrutural";"";"";"";"0"
"2022";"Maio";"2022-05-25";"Deslizamentos de Barreiras";"Vistoria";"""Rua Sao Domingos Savio";" #$[""";"Alto Jose Bonifacio ";"Corrego Sao Domingos Savio";"R3";"2022-05-25";"Notificacao de Situacao de Risco";"";"";"";"0"
"2022";"Maio";"2022-05-25";"Deslizamentos de Barreiras";"Vistoria";"""Rua da Tapa";" >#'\""";"Alto Jose Bonifacio ";"Alto Jose Bonifacio";"R3";"2022-05-25";"Orientado a Sair do Imovel em Caso de Chuva";"";"";"";"0"
"2022";"Maio";"2022-05-25";"Deslizamentos de Barreiras";"Vistoria";"""Alto Jardim Progresso";" .[?""";"Nova Descoberta";"Alto Jardim Progresso";"R3";"2022-05-25";"Orientado a Sair do Imovel em Caso de Chuva";"";"";"";"0"
"2022";"Maio";"2022-05-25";"Desabamento Parcial Imveis";"Vistoria";"""Rua Corrego do Sargento";" {})!""";"Linha do Tiro";"Corrego do Sargento";"R4";"2022-05-25";"";"";"";"";"0"
"2022";"Maio";"2022-05-25";"Deslizamentos de Barreiras";"Vistoria";"""Rua Tapuiara";" @}>""";"Cajueiro";"Alto do Miramar";"R3";"2022-05-25";"";"";"";"";"0"
"2022";"Maio";"2022-05-25";"Deslizamentos de Barreiras";"Vistoria";"""Rua Engenheiro Celi de Carli";" 9<-%""";"Dois Unidos";"Alto do Rosario";"R3";"2022-05-25";"";"";"";"";"0"
"2022";"Maio";"2022-05-25";"Deslizamentos de Barreiras";"Vistoria";"""Rua Engenheiro Celi de Carli";" %$<!""";"Dois Unidos";"Alto do Rosario";"R3";"2022-05-25";"Orientado a Sair do Imovel em Caso de Chuva";"";"";"";"0"
"2022";"Maio";"2022-05-25";"Deslizamentos de Barreiras";"Vistoria";"""Rua dos Anjos";" .<^&""";"Agua Fria";"Corrego Sao Sebastiao";"R3";"2022-05-25";"";"";"";"";"0"
"2022";"Maio";"2022-05-25";"Desabamento Parcial de Obras de Conteno / Drenagem";"Vistoria";"""Rua Ananias";" ^[{""";"Agua Fria";"Corrego Sao Sebastiao";"R3";"2022-05-25";"Orientado a Sair do Imovel em Caso de Chuva";"";"";"";"0"
"2022";"Maio";"2022-05-25";"Deslizamentos de Barreiras";"Vistoria";"""Rua Doutor Pereira da Silva";" {})!""";"Agua Fria";"Alto do Pereirinha";"R3";"2022-05-25";"Orientado a Sair do Imovel em Caso de Chuva";"";"";"";"0"
"2022";"Maio";"2022-05-25";"Desabamento Parcial Imveis";"Vistoria";"""Rua Geroncio Falcao";" #^>""";"Fundao";"Fundao";"R3";"2022-05-25";"";"";"";"";"0"
"2022";"Maio";"2022-05-25";"Deslizamentos de Barreiras";"Vistoria";"""Rua Tapuiara";" ~|}[""";"Cajueiro";"Alto do Miramar";"R3";"2022-05-25";"Encaminhar para Colocacao de Lonas";"";"";"";"0"
"2022";"Maio";"2022-05-25";"Deslizamentos de Barreiras";"Vistoria";"""Rua Tapuiara";" /@9=""";"Cajueiro";"Alto do Miramar";"R3";"2022-05-25";"Encaminhar para Colocacao de Lonas";"";"";"";"0"
"2022";"Maio";"2022-05-25";"Deslizamentos de Barreiras";"Vistoria";"""Rua Doutor Alberto Wanderley";" #""""#~""";"Fundao";"Fundao";"R3";"2022-05-25";"Encaminhar para Colocacao de Lonas";"";"";"";"0"
"2022";"Maio";"2022-05-25";"Deslizamentos de Barreiras";"Vistoria";"""Rua Vencedora";" #_|/""";"Linha do Tiro";"Corrego do Tiro";"R3";"2022-05-25";"Orientado a Sair do Imovel em Caso de Chuva";"";"";"";"0"
"2022";"Maio";"2022-05-25";"Deslizamentos de Barreiras";"Vistoria";"""Rua Angical";" .[?""";"Agua Fria";"Corrego do Deodato";"R3";"2022-05-25";"";"";"";"";"0"
"2022";"Maio";"2022-05-25";"Deslizamentos de Barreiras";"Vistoria";"""Rua Monte Alegre";" #$[""";"Agua Fria";"Corrego do Deodato";"R3";"2022-05-25";"";"";"";"";"0"
"2022";"Maio";"2022-05-25";"Deslizamentos de Barreiras";"Vistoria";"""Rua Corrego do Bombeirense";" ?_$.""";"Agua Fria";"Corrego do Bombeirense";"R3";"2022-05-25";"Orientado a Sair do Imovel em Caso de Chuva";"";"";"";"0"
"2022";"Maio";"2022-05-25";"Deslizamentos de Barreiras";"Vistoria";"""Rua Corrego do Sargento";" >#'\""";"Linha do Tiro";"Corrego do Sargento";"R3";"2022-05-25";"";"";"";"";"0"
"2022";"Maio";"2022-05-25";"Deslizamentos de Barreiras";"Vistoria";"""Rua Vila Flor";" $!>=""";"Dois Unidos";"Alto do Maracana";"R3";"2022-05-25";"";"";"";"";"0"
"2022";"Maio";"2022-05-25";"Deslizamentos de Barreiras";"Vistoria";"""Rua Corrego do Sargento";" @}>""";"Linha do Tiro";"Corrego do Sargento";"R3";"2022-05-25";"";"";"";"";"0"
"2022";"Maio";"2022-05-25";"Desabamento Parcial Imveis";"Vistoria";"""Rua Corrego do Abdias";" 9<-%""";"Linha do Tiro";"Corrego do Abdias";"R3";"2022-05-25";"Orientado a Sair do Imovel em Caso de Chuva";"";"";"";"0"
"2022";"Maio";"2022-05-25";"Desabamento Parcial Imveis";"Vistoria";"""Rua Corrego do Abdias";" %$<!""";"Linha do Tiro";"Corrego do Abdias";"R3";"2022-05-25";"Orientado a Sair do Imovel em Caso de Chuva";"";"";"";"0"
"2022";"Maio";"2022-05-25";"Deslizamentos de Barreiras";"Vistoria";"""Rua Corrego do Abdias";" ^[{""";"Linha do Tiro";"Corrego do Abdias";"R3";"2022-05-25";"";"";"";"";"0"
"2022";"Maio";"2022-05-25";"Deslizamentos de Barreiras";"Vistoria";"""Rua Geroncio Falcao";" """"#*9""";"Fundao";"Fundao";"R3";"2022-05-25";"Orientado a Sair do Imovel em Caso de Chuva";"";"";"";"0"
"2022";"Maio";"2022-05-25";"Deslizamentos de Barreiras";"Vistoria";"""Rua Santa Maria Gorete";" /@9=""";"Vasco da Gama ";"Vasco da Gama";"R2";"2022-05-25";"Notificacao de Situacao de Risco";"";"";"";"0"
"2022";"Maio";"2022-05-25";"Deslizamentos de Barreiras";"Vistoria";"""Rua Pinto Lapa";" #""""#~""";"Vasco da Gama ";"Vasco da Gama";"R2";"2022-05-25";"Notificacao de Situacao de Risco";"";"";"";"0"
"2022";"Maio";"2022-05-25";"Deslizamentos de Barreiras";"Vistoria";"""Rua Pinto Lapa";" +?""""]""";"Vasco da Gama ";"Vasco da Gama";"R2";"2022-05-25";"Notificacao de Situacao de Risco";"";"";"";"0"
"2022";"Maio";"2022-05-25";"Deslizamentos de Barreiras";"Vistoria";"""Rua Antonio Pinto Lapa";" """"#*9""";"Vasco da Gama ";"Vasco da Gama";"R2";"2022-05-25";"Notificacao de Situacao de Risco";"";"";"";"0"
"2022";"Maio";"2022-05-25";"Deslizamentos de Barreiras";"Vistoria";"""Rua Rainha dos Anjos";" #_|/""";"Vasco da Gama ";"Vasco da Gama";"R3";"2022-05-25";"Notificacao de Situacao de Risco";"";"";"";"0"
"2022";"Maio";"2022-05-25";"Deslizamentos de Barreiras";"Vistoria";"""Rua Santa Maria Gorete";" .[?""";"Vasco da Gama ";"Vasco da Gama";"R2";"2022-05-25";"Notificacao de Situacao de Risco";"";"";"";"0"
"2022";"Maio";"2022-05-25";"Deslizamentos de Barreiras";"Vistoria";"""Rua Gustavo Barroso";" ?_$.""";"Alto Jose Bonifacio ";"Alto Jose Bonifacio";"R3";"2022-05-25";"Notificacao de Situacao de Risco";"";"";"";"0"
"2022";"Maio";"2022-05-25";"Deslizamentos de Barreiras";"Vistoria";"""Rua Tenente Jose Antonio";" `=-[""";"Linha do Tiro";"Corrego do Tiro";"R3";"2022-05-25";"Orientado a Sair do Imovel em Caso de Chuva";"";"";"";"0"
"2022";"Maio";"2022-05-25";"Deslizamentos de Barreiras";"Vistoria";"""Rua Doutor Alberto Wanderley";" .[?""";"Fundao";"Fundao";"R3";"2022-05-25";"";"";"";"";"0"
"2022";"Maio";"2022-05-25";"Deslizamentos de Barreiras";"Vistoria";"""Rua Engenheiro Celi do Carli";" ^[{""";"Dois Unidos";"Sitio do Rosario";"R3";"2022-05-25";"";"";"";"";"0"
"2022";"Maio";"2022-05-25";"Desabamento Parcial de Obras de Conteno / Drenagem";"Vistoria";"""Rua Engenheiro Celi do Carli Em Frente Ao";" #^>""";"Dois Unidos";"Sitio do Rosario";"R4";"2022-05-25";"";"";"";"";"0"
"2022";"Maio";"2022-05-25";"Desabamento Parcial Imveis";"Vistoria";"""Rua Engenheiro Celi do Carli Entre O";" ~|}[""";"Dois Unidos";"Sitio do Rosario";"R4";"2022-05-25";"";"";"";"";"0"
"2022";"Maio";"2022-05-25";"Deslizamentos de Barreiras";"Vistoria";"""Rua Cantor Luiz Almeida";" >#'\""";"Barro";"Parque dos Milagres";"R4";"2022-05-25";"Analise Visual Estrutural";"";"";"";"0"
"2022";"Maio";"2022-05-25";"Deslizamentos de Barreiras";"Vistoria";"""Rua Primavera";" #_|/""";"Dois Unidos";"Corrego do Curio";"R3";"2022-05-25";"Encaminhar para Colocacao de Lonas";"";"";"";"0"
"2022";"Maio";"2022-05-25";"Deslizamentos de Barreiras";"Vistoria";"""1 Travessa Dorandia";" .[?""";"Dois Unidos";"Corrego do Morcego";"R3";"2022-05-25";"Encaminhar para Colocacao de Lonas";"";"";"";"0"
"2022";"Maio";"2022-05-25";"Deslizamentos de Barreiras";"Vistoria";"""Rua Canavieira";" #$[""";"Dois Unidos";"Alto do Rosario";"R3";"2022-05-25";"Orientado a Sair do Imovel em Caso de Chuva";"";"";"";"0"
"2022";"Maio";"2022-05-25";"Deslizamentos de Barreiras";"Vistoria";"""Rua Artur Nogueira";" %$<!""";"Dois Unidos";"Alto do Maracana";"R3";"2022-05-25";"";"";"";"";"0"
"2022";"Maio";"2022-05-25";"Deslizamentos de Barreiras";"Vistoria";"""1 Travessa Paulo Brandao Cavalcanti";" #^>""";"Beberibe";"Porto da Madeira";"R3";"2022-05-25";"Orientado a Sair do Imovel em Caso de Chuva";"";"";"";"0"
"2022";"Maio";"2022-05-25";"Deslizamentos de Barreiras";"Vistoria";"""1 Travessa Paulo Brandao Cavalcanti";" ~|}[""";"Beberibe";"Porto da Madeira";"R3";"2022-05-25";"Orientado a Sair do Imovel em Caso de Chuva";"";"";"";"0"
"2022";"Maio";"2022-05-25";"Deslizamentos de Barreiras";"Vistoria";"""Rua Leoncio Rodrigues";" #""""#~""";"Dois Unidos";"Corrego Leoncio Rodrigues";"R3";"2022-05-25";"Orientado a Sair do Imovel em Caso de Chuva";"";"";"";"0"
"2022";"Maio";"2022-05-25";"Deslizamentos de Barreiras";"Vistoria";"""Rua Doutor Alberto Wanderley";" #$[""";"Fundao";"Fundao";"R3";"2022-05-25";"";"";"";"";"0"
"2022";"Maio";"2022-05-24";"Deslizamentos de Barreiras";"Vistoria";"""Rua Sempre Vida";" $!>=""";"Dois Unidos";"Vale do Senhor";"R3";"2022-05-24";"Orientado a Sair do Imovel em Caso de Chuva";"";"";"";"0"
"2022";"Maio";"2022-05-28";"Deslizamentos de Barreiras";"Vistoria";"""Rua Regina";" {})!""";"Macaxeira ";"Macaxeira";"R3";"2022-05-28";"Notificacao de Situacao de Risco";"";"";"";"0"
"2022";"Maio";"2022-05-28";"Deslizamentos de Barreiras";"Vistoria";"""Rua Corrego do Euclides";" #^>""";"Alto Jose Bonifacio ";"Corrego do Euclides";"R3";"2022-05-28";"Orientado a Sair do Imovel em Caso de Chuva";"";"";"";"0"
"2022";"Maio";"2022-05-28";"Deslizamentos de Barreiras";"Vistoria";"""Rua Corrego do Euclides";" ~|}[""";"Alto Jose Bonifacio ";"Corrego do Euclides";"R3";"2022-05-28";"Orientado a Sair do Imovel em Caso de Chuva";"";"";"";"0"
"2022";"Maio";"2022-05-28";"Deslizamentos de Barreiras";"Vistoria";"""Rua Bem Posta";" #^>""";"Vasco da Gama ";"Vasco da Gama";"R3";"2022-05-28";"Orientado a Sair do Imovel em Caso de Chuva";"";"";"";"0"
"2022";"Maio";"2022-05-28";"Deslizamentos de Barreiras";"Vistoria";"""2 Subida da Paciencia";" ~|}[""";"Nova Descoberta";"Nova Descoberta";"R3";"2022-05-28";"Orientado a Sair do Imovel em Caso de Chuva";"";"";"";"0"
"2022";"Maio";"2022-05-28";"Deslizamentos de Barreiras";"Vistoria";"""Rua Bem Posta";" /@9=""";"Vasco da Gama ";"Vasco da Gama";"R3";"2022-05-28";"Orientado a Sair do Imovel em Caso de Chuva";"";"";"";"0"
"2022";"Maio";"2022-05-28";"Deslizamentos de Barreiras";"Vistoria";"""Rua Bem Posta";" #""""#~""";"Vasco da Gama ";"Vasco da Gama";"R3";"2022-05-28";"Orientado a Sair do Imovel em Caso de Chuva";"";"";"";"0"
"2022";"Maio";"2022-05-28";"Deslizamentos de Barreiras";"Vistoria";"""Rua Alto da Saudade";" ^[{""";"Alto Jose Bonifacio ";"Alto Jose Bonifacio";"R3";"2022-05-28";"Orientado a Sair do Imovel em Caso de Chuva";"";"";"";"0"
"2022";"Maio";"2022-05-28";"Deslizamentos de Barreiras";"Vistoria";"""Rua Bem Posta";" +?""""]""";"Vasco da Gama ";"Vasco da Gama";"R3";"2022-05-28";"Orientado a Sair do Imovel em Caso de Chuva";"";"";"";"0"
"2022";"Maio";"2022-05-28";"Deslizamentos de Barreiras";"Vistoria";"""Rua Pintoritama";" +?""""]""";"Nao Informado";"Alto Jose do Pinho";"R2";"2022-05-28";"Notificacao de Situacao de Risco";"";"";"";"0"
"2022";"Maio";"2022-05-28";"Deslizamentos de Barreiras";"Vistoria";"""Rua Gustavo Barosso";" """"#*9""";"Alto Jose Bonifacio ";"Alto Jose Bonifacio";"R3";"2022-05-28";"Orientado a Sair do Imovel em Caso de Chuva";"";"";"";"0"
"2022";"Maio";"2022-05-28";"Deslizamentos de Barreiras";"Vistoria";"""Rrua Alto das Calcadas";" #_|/""";"Alto Jose Bonifacio ";"Alto Jose Bonifacio";"R2";"2022-05-28";"Notificacao de Situacao de Risco";"";"";"";"0"
"2022";"Maio";"2022-05-28";"Deslizamentos de Barreiras";"Vistoria";"""Rua Laje do Una";" .[?""";"Nao Informado";"Alto Jose do Pinho";"R4";"2022-05-28";"Orientado a Sair do Imovel em Caso de Chuva";"";"";"";"0"
"2022";"Maio";"2022-05-28";"Deslizamentos de Barreiras";"Vistoria";"""Rua Monsenhorr Teobaldo Rocha";" ?_$.""";"Nova Descoberta";"Nova Descoberta";"R3";"2022-05-28";"Notificacao de Situacao de Risco";"";"";"";"0"
"2022";"Maio";"2022-05-28";"Deslizamentos de Barreiras";"Vistoria";"""Rua Corrego Manoel das Meninas";" ^[{""";"Guabiraba";"Corrego Manoel das Meninas";"R3";"2022-05-28";"Atendimento Social";"";"";"";"0"
"2022";"Maio";"2022-05-28";"Deslizamentos de Barreiras";"Vistoria";"""Rua Desembargador Ronaldo Fonseca";" {})!""";"Brejo da Guabiraba";"Corrego Jardim Primavera";"R3";"2022-05-28";"Atendimento Social";"";"";"";"0"
"2022";"Maio";"2022-05-28";"Deslizamentos de Barreiras";"Vistoria";"""Rua Pojuca";" #^>""";"Brejo da Guabiraba";"Corrego Jardim Primavera";"R3";"2022-05-28";"Atendimento Social";"";"";"";"0"
"2022";"Maio";"2022-05-28";"Deslizamentos de Barreiras";"Vistoria";"""Rua Cacau";" """"#*9""";"Nova Descoberta";"Corrego da Areia";"R3";"2022-05-28";"Atendimento Social";"";"";"";"0"
"2022";"Maio";"2022-05-28";"Deslizamentos de Barreiras";"Vistoria";"""Rua Dois Irmaos";" .<^&""";"Apipucos ";"Apipucos";"R3";"2022-05-28";"Orientado a Sair do Imovel em Caso de Chuva";"";"";"";"0"
"2022";"Maio";"2022-05-28";"Deslizamentos de Barreiras";"Vistoria";"""Rua Dom Jose Pereira";" 9<-%""";"Nao Informado";"Alto do Mandu";"R3";"2022-05-28";"Orientado a Sair do Imovel em Caso de Chuva";"";"";"";"0"
"2022";"Maio";"2022-05-28";"Deslizamentos de Barreiras";"Vistoria";"""Rua Dom Jose Pereira";" $!>=""";"Nao Informado";"Alto do Mandu";"R3";"2022-05-28";"Orientado a Sair do Imovel em Caso de Chuva";"";"";"";"0"
"2022";"Maio";"2022-05-28";"Deslizamentos de Barreiras";"Vistoria";"""Rua Cacau";" #_|/""";"Nova Descoberta";"Corrego da Areia";"R3";"2022-05-28";"Atendimento Social";"";"";"";"0"
"2022";"Maio";"2022-05-28";"Deslizamentos de Barreiras";"Vistoria";"""Rua Jose Carneiro Lins";" ~|}[""";"Nova Descoberta";"Nova Descoberta";"R3";"2022-05-28";"Orientado a Sair do Imovel em Caso de Chuva";"";"";"";"0"
"2022";"Maio";"2022-05-28";"Desabamento Total Imveis";"Vistoria";"""Rua Corrego Sao Jose";" >#'\""";"Dois Unidos";"Corrego Sao Jose";"R4";"2022-05-28";"";"";"";"";"0"
"2022";"Maio";"2022-05-28";"Desabamento Parcial de Obras de Conteno / Drenagem";"Vistoria";"""Rua Maria Etevao";" @}>""";"Dois Unidos";"Corrego da Camila";"R3";"2022-05-28";"";"";"";"";"0"
"2022";"Maio";"2022-05-28";"Deslizamentos de Barreiras";"Vistoria";"""Avenida Chagas Ferreira";" ^[{""";"Dois Unidos";"Chagas Ferreira";"R3";"2022-05-28";"Orientado a Sair do Imovel em Caso de Chuva";"";"";"";"0"
"2022";"Maio";"2022-05-28";"Deslizamentos de Barreiras";"Vistoria";"""Avenida Chagas Ferreira";" {})!""";"Dois Unidos";"Chagas Ferreira";"R3";"2022-05-28";"Orientado a Sair do Imovel em Caso de Chuva";"";"";"";"0"
"2022";"Maio";"2022-05-28";"Deslizamentos de Barreiras";"Vistoria";"""Avenida Chagas Ferreira";" #^>""";"Dois Unidos";"Chagas Ferreira";"R3";"2022-05-28";"Orientado a Sair do Imovel em Caso de Chuva";"";"";"";"0"
"2022";"Maio";"2022-05-28";"Deslizamentos de Barreiras";"Vistoria";"""Avenida Chagas Ferreira";" ~|}[""";"Dois Unidos";"Chagas Ferreira";"R3";"2022-05-28";"Orientado a Sair do Imovel em Caso de Chuva";"";"";"";"0"
"2022";"Maio";"2022-05-28";"Deslizamentos de Barreiras";"Vistoria";"""Rua Engenheiro Celio de Carli";" /@9=""";"Dois Unidos";"Sitio do Rosario";"R3";"2022-05-28";"Orientado a Sair do Imovel em Caso de Chuva";"";"";"";"0"
"2022";"Maio";"2022-05-28";"Deslizamentos de Barreiras";"Vistoria";"""Rua Engenheiro Celio de Carli";" #""""#~""";"Dois Unidos";"Sitio do Rosario";"R4";"2022-05-28";"";"";"";"";"0"
"2022";"Maio";"2022-05-28";"Desabamento Total Imveis";"Vistoria";"""Rua Corrego Sao Jose";" ?_$.""";"Dois Unidos";"Corrego Sao Jose";"R4";"2022-05-28";"";"";"";"";"0"
"2022";"Maio";"2022-05-28";"Deslizamentos de Barreiras";"Vistoria";"""Rua Coronel Pilar";" `=-[""";"Dois Unidos";"Dois Unidos";"R3";"2022-05-28";"";"";"";"";"0"
"2022";"Maio";"2022-05-28";"Deslizamentos de Barreiras";"Vistoria";"""Rua Jose Amarino";" #$[""";"Linha do Tiro";"Corrego do Tiro";"R4";"2022-05-28";"";"";"";"";"0"
"2022";"Maio";"2022-05-28";"Deslizamentos de Barreiras";"Vistoria";"""Rua Visconde de Alcantara";" .[?""";"Linha do Tiro";"Alto dos Coqueiros";"R3";"2022-05-28";"";"";"";"";"0"
"2022";"Maio";"2022-05-28";"Deslizamentos de Barreiras";"Vistoria";"""Rua Celeste";" """"#*9""";"Linha do Tiro";"Alto dos Coqueiros";"R3";"2022-05-28";"Orientado a Sair do Imovel em Caso de Chuva";"";"";"";"0"
"2022";"Maio";"2022-05-28";"Deslizamentos de Barreiras";"Vistoria";"""Rua Celeste";" #_|/""";"Linha do Tiro";"Alto dos Coqueiros";"R3";"2022-05-28";"Orientado a Sair do Imovel em Caso de Chuva";"";"";"";"0"
"2022";"Maio";"2022-05-28";"Deslizamentos de Barreiras";"Monitoramento";"""Rua Engenheiro Celio de Carli";" {})!""";"Dois Unidos";"Sitio do Rosario";"R4";"2022-05-28";"Orientado a Sair do Imovel em Caso de Chuva";"";"";"";"0"
"2022";"Maio";"2022-05-28";"Deslizamentos de Barreiras";"Vistoria";"""Rua Tupitinga";" #_|/""";"Alto Jose Bonifacio ";"Corrego do Euclides";"R3";"2022-05-28";"Orientado a Sair do Imovel em Caso de Chuva";"";"";"";"0"
"2022";"Maio";"2022-05-28";"Deslizamentos de Barreiras";"Vistoria";"""Rua Alto Jardim Progresso";" #$[""";"Nova Descoberta";"Nova Descoberta";"R3";"2022-05-28";"Orientado a Sair do Imovel em Caso de Chuva";"";"";"";"0"
"2022";"Maio";"2022-05-28";"Deslizamentos de Barreiras";"Vistoria";"""Alto Jardim Progresso";" ?_$.""";"Nova Descoberta";"Nova Descoberta";"R3";"2022-05-28";"Orientado a Sair do Imovel em Caso de Chuva";"";"";"";"0"
"2022";"Maio";"2022-05-28";"Deslizamentos de Barreiras";"Vistoria";"""Rua Alto Jardim Progresso";" $!>=""";"Nova Descoberta";"Nova Descoberta";"R3";"2022-05-28";"Orientado a Sair do Imovel em Caso de Chuva";"";"";"";"0"
"2022";"Maio";"2022-05-28";"Deslizamentos de Barreiras";"Vistoria";"""Rua Enedina";" 9<-%""";"Nova Descoberta";"Nova Descoberta";"R3";"2022-05-28";"Orientado a Sair do Imovel em Caso de Chuva";"";"";"";"0"
"2022";"Maio";"2022-05-28";"Deslizamentos de Barreiras";"Vistoria";"""Rua Alto Jardim Progresso";" .<^&""";"Nova Descoberta";"Nova Descoberta";"R3";"2022-05-28";"Orientado a Sair do Imovel em Caso de Chuva";"";"";"";"0"
"2022";"Maio";"2022-05-28";"Deslizamentos de Barreiras";"Vistoria";"""Rua Macatuba";" {})!""";"Nova Descoberta";"Nova Descoberta";"R3";"2022-05-28";"Orientado a Sair do Imovel em Caso de Chuva";"";"";"";"0"
"2022";"Maio";"2022-05-28";"";"";"""Rua das Barreiras";" #$[""";"Agua Fria";"Corrego Sao Sebastiao";"";"2022-05-28";"Remocao de Resto de Vegetacao";"";"";"";"0"
"2022";"Maio";"2022-05-28";"";"Colocao de Lonas Plsticas";"""Rua das Barreiras";" `=-[""";"Agua Fria";"Corrego Sao Sebastiao";"";"2022-05-28";"";"4.0";"20.0";"8.0";"640"
"2022";"Maio";"2022-05-28";"Deslizamentos de Barreiras";"Monitoramento";"""Rua Grotao";" +?""""]""";"Agua Fria";"Alto do Pascoal";"R3";"2022-05-28";"Orientado a Sair do Imovel em Caso de Chuva";"";"";"";"0"
"2022";"Maio";"2022-05-28";"Alagamentos";"Monitoramento";"""Rua Nova Vida";" #$[""";"Dois Unidos";"Vale do Senhor";"R3";"2022-05-28";"Orientado a Sair do Imovel em Caso de Chuva";"";"";"";"0"
"2022";"Maio";"2022-05-28";"Deslizamentos de Barreiras";"Vistoria";"""Rua Cacau";" .[?""";"Nova Descoberta";"Corrego da Areia";"R3";"2022-05-28";"Atendimento Social";"";"";"";"0"
"2022";"Maio";"2022-05-28";"Deslizamentos de Barreiras";"Vistoria";"""Rua da Paz";" `=-[""";"Dois Irmaos";"Corrego da Fortuna";"R3";"2022-05-28";"Atendimento Social";"";"";"";"0"
"2022";"Maio";"2022-05-28";"Deslizamentos de Barreiras";"Vistoria";"""Rua da Paz";" #$[""";"Dois Irmaos";"Corrego da Fortuna";"R3";"2022-05-28";"Atendimento Social";"";"";"";"0"
"2022";"Maio";"2022-05-28";"Deslizamentos de Barreiras";"Vistoria";"""Rua Alto da Bica";" /@9=""";"Passarinho";"Alto da Bica";"R3";"2022-05-28";"Atendimento Social";"";"";"";"0"
"2022";"Maio";"2022-05-28";"Deslizamentos de Barreiras";"Vistoria";"""8 Subida Corrego da Bica";" $!>=""";"Passarinho";"Corrego da Bica";"R3";"2022-05-28";"Atendimento Social";"";"";"";"0"
"2022";"Maio";"2022-05-28";"Deslizamentos de Barreiras";"Vistoria";"""6 Subida Corrego da Bica";" @}>""";"Passarinho";"Corrego da Bica";"R3";"2022-05-28";"Atendimento Social";"";"";"";"0"
"2022";"Maio";"2022-05-28";"Deslizamentos de Barreiras";"Vistoria";"""6 Subida Corrego da Bica";" 9<-%""";"Passarinho";"Corrego da Bica";"R3";"2022-05-28";"Atendimento Social";"";"";"";"0"
"2022";"Maio";"2022-05-28";"Deslizamentos de Barreiras";"Vistoria";"""Rua da Paz";" %$<!""";"Passarinho";"Alto Santa Tereza";"R4";"2022-05-28";"Atendimento Social";"";"";"";"0"
"2022";"Maio";"2022-05-28";"Deslizamentos de Barreiras";"Vistoria";"""Rua Dois de Junho";" ^[{""";"Passarinho";"Alto Santa Tereza";"R3";"2022-05-28";"Atendimento Social";"";"";"";"0"
"2022";"Maio";"2022-05-28";"Deslizamentos de Barreiras";"Vistoria";"""Rua Dois de Junho";" {})!""";"Passarinho";"Alto Santa Tereza";"R3";"2022-05-28";"Atendimento Social";"";"";"";"0"
"2022";"Maio";"2022-05-28";"Deslizamentos de Barreiras";"Vistoria";"""Rua Corrego da Bica";" #^>""";"Passarinho";"Corrego da Bica";"R3";"2022-05-28";"Atendimento Social";"";"";"";"0"
"2022";"Maio";"2022-05-28";"Deslizamentos de Barreiras";"Vistoria";"""Rua Corrego da Bica";" ~|}[""";"Passarinho";"Corrego da Bica";"R3";"2022-05-28";"Atendimento Social";"";"";"";"0"
"2022";"Maio";"2022-05-28";"Deslizamentos de Barreiras";"Vistoria";"""Rua Tres Morros";" ~|}[""";"Corrego do Jenipapo";"Tres Morros";"R3";"2022-05-28";"Atendimento Social";"";"";"";"0"
"2022";"Maio";"2022-05-28";"Deslizamentos de Barreiras";"Vistoria";"""Rua Tres Morros";" #^>""";"Corrego do Jenipapo";"Tres Morros";"R3";"2022-05-28";"Atendimento Social";"";"";"";"0"
"2022";"Maio";"2022-05-28";"Deslizamentos de Barreiras";"Vistoria";"""Rua Alto do Reservatorio";" {})!""";"Nova Descoberta";"Alto do Reservatorio";"R3";"2022-05-28";"Atendimento Social";"";"";"";"0"
"2022";"Maio";"2022-05-28";"Deslizamentos de Barreiras";"Vistoria";"""Rua Alto do Reservatorio";" ^[{""";"Nova Descoberta";"Alto do Reservatorio";"R4";"2022-05-28";"Atendimento Social";"";"";"";"0"
"2022";"Maio";"2022-05-28";"Deslizamentos de Barreiras";"Vistoria";"""Rua Alto Sitio Sao Bras";" ?_$.""";"Dois Irmaos";"Sitio Sao Bras";"R3";"2022-05-28";"Atendimento Social";"";"";"";"0"
"2022";"Maio";"2022-05-28";"Deslizamentos de Barreiras";"Vistoria";"""Rua Alto Sitio Sao Bras";" >#'\""";"Dois Irmaos";"Sitio Sao Bras";"R3";"2022-05-28";"Atendimento Social";"";"";"";"0"
"2022";"Maio";"2022-05-28";"Deslizamentos de Barreiras";"Vistoria";"""Rua Alto Sitio Sao Bras";" $!>=""";"Dois Irmaos";"Sitio Sao Bras";"R3";"2022-05-28";"Atendimento Social";"";"";"";"0"
"2022";"Maio";"2022-05-28";"Deslizamentos de Barreiras";"Vistoria";"""Rua da Paz";" 9<-%""";"Dois Irmaos";"Corrego da Fortuna";"R3";"2022-05-28";"Atendimento Social";"";"";"";"0"
"2022";"Maio";"2022-05-28";"Deslizamentos de Barreiras";"Vistoria";"""Rua Alto Sitio Sao Bras";" %$<!""";"Dois Irmaos";"Sitio Sao Bras";"R3";"2022-05-28";"Atendimento Social";"";"";"";"0"
"2022";"Maio";"2022-05-28";"Deslizamentos de Barreiras";"Vistoria";"""Rua Alto Sitio Sao Bras";" .<^&""";"Dois Irmaos";"Sitio Sao Bras";"R4";"2022-05-28";"Atendimento Social";"";"";"";"0"
"2022";"Maio";"2022-05-28";"Deslizamentos de Barreiras";"Vistoria";"""Rua Alto Sitio Sao Bras";" ^[{""";"Dois Irmaos";"Sitio Sao Bras";"R4";"2022-05-28";"Atendimento Social";"";"";"";"0"
"2022";"Maio";"2022-05-28";"Deslizamentos de Barreiras";"Vistoria";"""Rua Sitio Sapucaia";" {})!""";"Dois Irmaos";"Corrego da Fortuna";"R4";"2022-05-28";"Atendimento Social";"";"";"";"0"
"2022";"Maio";"2022-05-28";"Deslizamentos de Barreiras";"Vistoria";"""Rua Barao de Capibaribe";" #^>""";"Dois Irmaos";"Sitio Sao Bras";"R3";"2022-05-28";"Atendimento Social";"";"";"";"0"
"2022";"Maio";"2022-05-28";"Deslizamentos de Barreiras";"Vistoria";"""Rua Tres Morros";" ~|}[""";"Corrego do Jenipapo";"Tres Morros";"R3";"2022-05-28";"Atendimento Social";"";"";"";"0"
"2022";"Maio";"2022-05-28";"Deslizamentos de Barreiras";"Vistoria";"""Rua Tres Morros";" /@9=""";"Corrego do Jenipapo";"Tres Morros";"R3";"2022-05-28";"Atendimento Social";"";"";"";"0"
"2022";"Maio";"2022-05-28";"Deslizamentos de Barreiras";"Vistoria";"""Rua Tres Morros";" #""""#~""";"Corrego do Jenipapo";"Tres Morros";"R4";"2022-05-28";"Atendimento Social";"";"";"";"0"
"2022";"Maio";"2022-05-28";"Deslizamentos de Barreiras";"Vistoria";"""Rua Tres Morros";" """"#*9""";"Corrego do Jenipapo";"Tres Morros";"R3";"2022-05-28";"Atendimento Social";"";"";"";"0"
"2022";"Maio";"2022-05-28";"Deslizamentos de Barreiras";"Vistoria";"""Rua Tres Morros";" #_|/""";"Corrego do Jenipapo";"Tres Morros";"R3";"2022-05-28";"Atendimento Social";"";"";"";"0"
"2022";"Maio";"2022-05-28";"Deslizamentos de Barreiras";"Vistoria";"""Rua Tres Morros";" .[?""";"Corrego do Jenipapo";"Tres Morros";"R3";"2022-05-28";"Atendimento Social";"";"";"";"0"
"2022";"Maio";"2022-05-28";"Deslizamentos de Barreiras";"Vistoria";"""Rua Tres Morros";" #$[""";"Corrego do Jenipapo";"Tres Morros";"R3";"2022-05-28";"Atendimento Social";"";"";"";"0"
"2022";"Maio";"2022-05-28";"Deslizamentos de Barreiras";"Vistoria";"""Rua Tres Morros";" `=-[""";"Corrego do Jenipapo";"Tres Morros";"R3";"2022-05-28";"Atendimento Social";"";"";"";"0"
"2022";"Maio";"2022-05-28";"Deslizamentos de Barreiras";"Vistoria";"""Rua Padre Antonio Prado";" ?_$.""";"Corrego do Jenipapo";"Tres Morros";"R3";"2022-05-28";"Atendimento Social";"";"";"";"0"
"2022";"Maio";"2022-05-28";"Deslizamentos de Barreiras";"Vistoria";"""Rua Padre Antonio Prado";" >#'\""";"Corrego do Jenipapo";"Tres Morros";"R4";"2022-05-28";"Atendimento Social";"";"";"";"0"
"2022";"Maio";"2022-05-28";"Deslizamentos de Barreiras";"Vistoria";"""Rua Padre Antonio Prado";" $!>=""";"Corrego do Jenipapo";"Tres Morros";"R4";"2022-05-28";"Atendimento Social";"";"";"";"0"
"2022";"Maio";"2022-05-28";"Deslizamentos de Barreiras";"Vistoria";"""Rua Tres Morros";" @}>""";"Corrego do Jenipapo";"Tres Morros";"R3";"2022-05-28";"Atendimento Social";"";"";"";"0"
"2022";"Maio";"2022-05-28";"Deslizamentos de Barreiras";"Vistoria";"""Rua Tres Morros";" 9<-%""";"Corrego do Jenipapo";"Tres Morros";"R3";"2022-05-28";"Atendimento Social";"";"";"";"0"
"2022";"Maio";"2022-05-28";"Deslizamentos de Barreiras";"Vistoria";"""Rua Tres Morros";" %$<!""";"Corrego do Jenipapo";"Tres Morros";"R4";"2022-05-28";"Atendimento Social";"";"";"";"0"
"2022";"Maio";"2022-05-28";"Deslizamentos de Barreiras";"Vistoria";"""Rua Tres Morros";" .<^&""";"Corrego do Jenipapo";"Tres Morros";"R4";"2022-05-28";"Atendimento Social";"";"";"";"0"
"2022";"Maio";"2022-05-28";"Deslizamentos de Barreiras";"Vistoria";"""Rua Tres Morros";" +?""""]""";"Corrego do Jenipapo";"Tres Morros";"R3";"2022-05-28";"Atendimento Social";"";"";"";"0"
"2022";"Maio";"2022-05-29";"Deslizamentos de Barreiras";"Vistoria";"""Rua Cascatinha";" /@9=""";"Guabiraba";"Bola Na Rede";"R3";"2022-05-29";"Atendimento Social";"";"";"";"0"
"2022";"Maio";"2022-05-29";"Deslizamentos de Barreiras";"Vistoria";"""Rua Putinga";" #""""#~""";"Nova Descoberta";"Corrego do Inacio";"R3";"2022-05-29";"Atendimento Social";"";"";"";"0"
"2022";"Maio";"2022-05-29";"Deslizamentos de Barreiras";"Vistoria";"""Rua Patativa";" """"#*9""";"Passarinho";"Passarinho Alto";"R2";"2022-05-29";"Atendimento Social";"";"";"";"0"
"2022";"Maio";"2022-05-29";"Deslizamentos de Barreiras";"Vistoria";"""Rua Patativa";" #_|/""";"Passarinho";"Passarinho Alto";"R2";"2022-05-29";"Atendimento Social";"";"";"";"0"
"2022";"Maio";"2022-05-29";"Deslizamentos de Barreiras";"Vistoria";"""Rua Alto do Reservatorio";" $!>=""";"Nova Descoberta";"Alto do Reservatorio";"R3";"2022-05-29";"Atendimento Social";"";"";"";"0"
"2022";"Maio";"2022-05-29";"Deslizamentos de Barreiras";"Vistoria";"""Rua Alto do Reservatorio";" @}>""";"Nova Descoberta";"Alto do Reservatorio";"R3";"2022-05-29";"Atendimento Social";"";"";"";"0"
"2022";"Maio";"2022-05-29";"Deslizamentos de Barreiras";"Vistoria";"""Rua Alto do Reservatorio";" 9<-%""";"Nova Descoberta";"Alto do Reservatorio";"R3";"2022-05-29";"Atendimento Social";"";"";"";"0"
"2022";"Maio";"2022-05-29";"Deslizamentos de Barreiras";"Vistoria";"""Subida do Joaquim";" ~|}[""";"Nova Descoberta";"Corrego do Joaquim";"R3";"2022-05-29";"Atendimento Social";"";"";"";"0"
"2022";"Maio";"2022-05-29";"Deslizamentos de Barreiras";"Vistoria";"""Subida do Joaquim";" /@9=""";"Nova Descoberta";"Corrego do Joaquim";"R3";"2022-05-29";"Atendimento Social";"";"";"";"0"
"2022";"Maio";"2022-05-29";"Deslizamentos de Barreiras";"Vistoria";"""Rua Cascatinha";" ~|}[""";"Guabiraba";"Bola Na Rede";"R3";"2022-05-29";"Atendimento Social";"";"";"";"0"
"2022";"Maio";"2022-05-29";"Deslizamentos de Barreiras";"Vistoria";"""Rua Roque Paes Barreto";" #^>""";"Guabiraba";"Bola Na Rede";"R3";"2022-05-29";"Atendimento Social";"";"";"";"0"
"2022";"Maio";"2022-05-29";"Deslizamentos de Barreiras";"Vistoria";"""Rua Roque Paes Barreto";" ^[{""";"Guabiraba";"Bola Na Rede";"R3";"2022-05-29";"Atendimento Social";"";"";"";"0"
"2022";"Maio";"2022-05-29";"Deslizamentos de Barreiras";"Vistoria";"""Rua Sao Joao";" .[?""";"Passarinho";"Alto da Bica";"R4";"2022-05-29";"Atendimento Social";"";"";"";"0"
"2022";"Maio";"2022-05-29";"Deslizamentos de Barreiras";"Vistoria";"""Rua Sao Joao";" `=-[""";"Passarinho";"Alto da Bica";"R4";"2022-05-29";"Atendimento Social";"";"";"";"0"
"2022";"Maio";"2022-05-29";"Deslizamentos de Barreiras";"Vistoria";"""7 Travessa Corrego da Bica";" ?_$.""";"Passarinho";"Corrego da Bica";"R3";"2022-05-29";"Atendimento Social";"";"";"";"0"
"2022";"Maio";"2022-05-29";"Deslizamentos de Barreiras";"Vistoria";"""7 Travessa Corrego da Bica";" >#'\""";"Passarinho";"Corrego da Bica";"R4";"2022-05-29";"Atendimento Social";"";"";"";"0"
"2022";"Maio";"2022-05-29";"Deslizamentos de Barreiras";"Vistoria";"""7 Travessa Corrego da Bica";" $!>=""";"Passarinho";"Corrego da Bica";"R3";"2022-05-29";"Atendimento Social";"";"";"";"0"
"2022";"Maio";"2022-05-29";"Deslizamentos de Barreiras";"Vistoria";"""7 Travessa Corrego da Bica";" @}>""";"Passarinho";"Corrego da Bica";"R4";"2022-05-29";"Atendimento Social";"";"";"";"0"
"2022";"Maio";"2022-05-29";"Deslizamentos de Barreiras";"Vistoria";"""7 Travessa Corrego da Bica";" 9<-%""";"Passarinho";"Corrego da Bica";"R4";"2022-05-29";"Atendimento Social";"";"";"";"0"
"2022";"Maio";"2022-05-29";"Deslizamentos de Barreiras";"Vistoria";"""2 Travessa Camburiu";" /@9=""";"Vasco da Gama ";"Alto do Eucalipto";"R2";"2022-05-29";"Notificacao de Situacao de Risco";"";"";"";"0"
"2022";"Maio";"2022-05-29";"Deslizamentos de Barreiras";"Vistoria";"""Subida do Japones";" %$<!""";"Passarinho";"Corrego da Bica";"R4";"2022-05-29";"Atendimento Social";"";"";"";"0"
"2022";"Maio";"2022-05-29";"Deslizamentos de Barreiras";"Vistoria";"""Rua Dulcinea";" >#'\""";"Corrego do Jenipapo";"Corrego do Jenipapo";"R3";"2022-05-29";"Atendimento Social";"";"";"";"0"
"2022";"Maio";"2022-05-29";"Deslizamentos de Barreiras";"Vistoria";"""Rua Dulcinea";" $!>=""";"Corrego do Jenipapo";"Corrego do Jenipapo";"R3";"2022-05-29";"Atendimento Social";"";"";"";"0"
"2022";"Maio";"2022-05-29";"Deslizamentos de Barreiras";"Vistoria";"""Rua Trajano de Morais";" 9<-%""";"Corrego do Jenipapo";"Corrego do Jenipapo";"R3";"2022-05-29";"Atendimento Social";"";"";"";"0"
"2022";"Maio";"2022-05-29";"Deslizamentos de Barreiras";"Vistoria";"""Rua Trajano de Morais";" %$<!""";"Corrego do Jenipapo";"Corrego do Jenipapo";"R3";"2022-05-29";"Atendimento Social";"";"";"";"0"
"2022";"Maio";"2022-05-29";"Deslizamentos de Barreiras";"Vistoria";"""Rua Trajano de Morais";" .<^&""";"Corrego do Jenipapo";"Corrego do Jenipapo";"R3";"2022-05-29";"Atendimento Social";"";"";"";"0"
"2022";"Maio";"2022-05-29";"Deslizamentos de Barreiras";"Vistoria";"""Rua Trajano de Morais";" ^[{""";"Corrego do Jenipapo";"Corrego do Jenipapo";"R3";"2022-05-29";"Atendimento Social";"";"";"";"0"
"2022";"Maio";"2022-05-29";"Deslizamentos de Barreiras";"Vistoria";"""Rua Trajano de Morais";" {})!""";"Corrego do Jenipapo";"Corrego do Jenipapo";"R3";"2022-05-29";"Atendimento Social";"";"";"";"0"
"2022";"Maio";"2022-05-29";"Deslizamentos de Barreiras";"Vistoria";"""Rua Formosa";" #^>""";"Corrego do Jenipapo";"Corrego do Jenipapo";"R3";"2022-05-29";"Atendimento Social";"";"";"";"0"
"2022";"Maio";"2022-05-29";"Deslizamentos de Barreiras";"Vistoria";"""Rua Formosa";" ~|}[""";"Corrego do Jenipapo";"Corrego do Jenipapo";"R3";"2022-05-29";"Atendimento Social";"";"";"";"0"
"2022";"Maio";"2022-05-29";"Deslizamentos de Barreiras";"Vistoria";"""Rua Formosa";" /@9=""";"Corrego do Jenipapo";"Corrego do Jenipapo";"R3";"2022-05-29";"Atendimento Social";"";"";"";"0"
"2022";"Maio";"2022-05-29";"Deslizamentos de Barreiras";"Vistoria";"""Rua Formosa";" #""""#~""";"Corrego do Jenipapo";"Corrego do Jenipapo";"R3";"2022-05-29";"Atendimento Social";"";"";"";"0"
"2022";"Maio";"2022-05-29";"Deslizamentos de Barreiras";"Monitoramento";"""Rua Cidade de Deus";" """"#*9""";"Corrego do Jenipapo";"Corrego do Jenipapo";"R3";"2022-05-29";"Atendimento Social";"";"";"";"0"
"2022";"Maio";"2022-05-29";"Deslizamentos de Barreiras";"Monitoramento";"""Rua Cidade de Deus";" #_|/""";"Corrego do Jenipapo";"Corrego do Jenipapo";"R3";"2022-05-29";"Atendimento Social";"";"";"";"0"
"2022";"Maio";"2022-05-29";"Deslizamentos de Barreiras";"Monitoramento";"""Rua Cidade de Deus";" .[?""";"Corrego do Jenipapo";"Corrego do Jenipapo";"R3";"2022-05-29";"Atendimento Social";"";"";"";"0"
"2022";"Maio";"2022-05-29";"Deslizamentos de Barreiras";"Vistoria";"""Rua Trajano de Morais";" ?_$.""";"Corrego do Jenipapo";"Corrego do Jenipapo";"R3";"2022-05-29";"Atendimento Social";"";"";"";"0"
"2022";"Maio";"2022-05-29";"Deslizamentos de Barreiras";"Vistoria";"""Rua Trajano de Morais";" $!>=""";"Corrego do Jenipapo";"Corrego do Jenipapo";"R3";"2022-05-29";"Atendimento Social";"";"";"";"0"
"2022";"Maio";"2022-05-29";"Deslizamentos de Barreiras";"Vistoria";"""Rua Dulcineia";" @}>""";"Corrego do Jenipapo";"Corrego do Jenipapo";"R3";"2022-05-29";"Atendimento Social";"";"";"";"0"
"2022";"Maio";"2022-05-29";"Deslizamentos de Barreiras";"Vistoria";"""Rua Dulcineia";" 9<-%""";"Corrego do Jenipapo";"Corrego do Jenipapo";"R3";"2022-05-29";"Atendimento Social";"";"";"";"0"
"2022";"Maio";"2022-05-29";"Deslizamentos de Barreiras";"Vistoria";"""Rua Dulcineia";" %$<!""";"Corrego do Jenipapo";"Corrego do Jenipapo";"R3";"2022-05-29";"Atendimento Social";"";"";"";"0"
"2022";"Maio";"2022-05-29";"Deslizamentos de Barreiras";"Monitoramento";"""Rua Cidade de Deus";" +?""""]""";"Corrego do Jenipapo";"Corrego do Jenipapo";"R3";"2022-05-29";"Atendimento Social";"";"";"";"0"
"2022";"Maio";"2022-05-29";"Deslizamentos de Barreiras";"Vistoria";"""Rua Roque Paes Barreto";" {})!""";"Guabiraba";"Bola Na Rede";"R3";"2022-05-29";"Atendimento Social";"";"";"";"0"
"2022";"Maio";"2022-05-29";"Deslizamentos de Barreiras";"Vistoria";"""5 Subida do Corrego da Bica";" #_|/""";"Passarinho";"Corrego da Bica";"R4";"2022-05-29";"Atendimento Social";"";"";"";"0"
"2022";"Maio";"2022-05-29";"Deslizamentos de Barreiras";"Vistoria";"""Rua Arabela";" /@9=""";"Nova Descoberta";"Alto da Brasileira";"R4";"2022-05-29";"Atendimento Social";"";"";"";"0"
"2022";"Maio";"2022-05-29";"Deslizamentos de Barreiras";"Vistoria";"""Rua Aracitaba";" +?""""]""";"Nova Descoberta";"Corrego do Boleiro";"R3";"2022-05-29";"Atendimento Social";"";"";"";"0"
"2022";"Maio";"2022-05-29";"Deslizamentos de Barreiras";"Vistoria";"""Rua Lontras";" """"#*9""";"Nova Descoberta";"Alto do Reservatorio";"R4";"2022-05-29";"Atendimento Social";"";"";"";"0"
"2022";"Maio";"2022-05-29";"Deslizamentos de Barreiras";"Vistoria";"""Rua Alto da Brasileira";" #_|/""";"Nova Descoberta";"Alto da Brasileira";"R2";"2022-05-29";"Atendimento Social";"";"";"";"0"
"2022";"Maio";"2022-05-29";"Deslizamentos de Barreiras";"Vistoria";"""Rua Teolandia";" .[?""";"Nova Descoberta";"Alto da Brasileira";"R4";"2022-05-29";"Atendimento Social";"";"";"";"0"
"2022";"Maio";"2022-05-29";"Deslizamentos de Barreiras";"Vistoria";"""Rua Teolandia";" #$[""";"Nova Descoberta";"Alto da Brasileira";"R4";"2022-05-29";"Atendimento Social";"";"";"";"0"
"2022";"Maio";"2022-05-29";"Deslizamentos de Barreiras";"Vistoria";"""5 Subida do Corrego da Bica";" .[?""";"Passarinho";"Corrego da Bica";"R4";"2022-05-29";"Atendimento Social";"";"";"";"0"
"2022";"Maio";"2022-05-29";"Deslizamentos de Barreiras";"Vistoria";"""Rua Corrego da Bica";" ^[{""";"Passarinho";"Corrego da Bica";"R3";"2022-05-29";"Atendimento Social";"";"";"";"0"
"2022";"Maio";"2022-05-29";"Deslizamentos de Barreiras";"Vistoria";"""Rua Eng. Arnufo Falcao";" #^>""";"Passarinho";"Alto da Bica";"R4";"2022-05-29";"Atendimento Social";"";"";"";"0"
"2022";"Maio";"2022-05-29";"Deslizamentos de Barreiras";"Vistoria";"""Subida do Japones";" ~|}[""";"Passarinho";"Corrego da Bica";"R3";"2022-05-29";"Atendimento Social";"";"";"";"0"
"2022";"Maio";"2022-05-29";"Deslizamentos de Barreiras";"Vistoria";"""5 Subida do Corrego da Bica";" /@9=""";"Passarinho";"Corrego da Bica";"R3";"2022-05-29";"Atendimento Social";"";"";"";"0"
"2022";"Maio";"2022-05-29";"Deslizamentos de Barreiras";"Vistoria";"""Rua Corrego da Bica";" #""""#~""";"Passarinho";"Corrego da Bica";"R3";"2022-05-29";"Atendimento Social";"";"";"";"0"
"2022";"Maio";"2022-05-29";"Deslizamentos de Barreiras";"Vistoria";"""5 Subida do Corrego da Bica";" +?""""]""";"Passarinho";"Corrego da Bica";"R4";"2022-05-29";"Atendimento Social";"";"";"";"0"
"2022";"Maio";"2022-05-29";"Deslizamentos de Barreiras";"Vistoria";"""5 Subida do Corrego da Bica";" """"#*9""";"Passarinho";"Corrego da Bica";"R4";"2022-05-29";"Atendimento Social";"";"";"";"0"
"2022";"Maio";"2022-05-28";"Imveis Alagados";"Monitoramento Alagado";"""Comunidade Sapo Nu";" %$<!""";"Coqueiral";"Sem Localidade";"";"2022-05-28";"";"";"";"";"0"
"2022";"Maio";"2022-05-28";"Imveis Alagados";"Monitoramento Alagado";"""Rua Jose Firmino Pires";" {})!""";"Areias";"Sem Localidade";"";"2022-05-28";"";"";"";"";"0"
"2022";"Maio";"2022-05-28";"Imveis Alagados";"Monitoramento Alagado";"""Rua Joao Paulo Ii";" #^>""";"Areias";"Sem Localidade";"";"2022-05-28";"";"";"";"";"0"
"2022";"Maio";"2022-05-28";"Imveis Alagados";"Monitoramento Alagado";"""Rua Luiz Souto Dourado";" +?""""]""";"Iputinga";"Sem Localidade";"";"2022-05-28";"";"";"";"";"0"
"2022";"Maio";"2022-05-28";"Imveis Alagados";"Monitoramento Alagado";"""Avenida Rio Morno";" """"#*9""";"Dois Unidos";"Sem Localidade";"";"2022-05-28";"";"";"";"";"0"
"2022";"Maio";"2022-05-28";"Muro com Danos";"Monitoramento Alagado";"""Hospital de Areias";" 9<-%""";"Areias";"Sem Localidade";"";"2022-05-28";"Analise Visual Estrutural";"";"";"";"0"
"2022";"Maio";"2022-05-28";"Imveis Alagados";"Monitoramento Alagado";"""Comunidade Jiquia";" %$<!""";"Jiquia";"Sem Localidade";"";"2022-05-28";"Analise Visual Estrutural";"";"";"";"0"
"2022";"Maio";"2022-05-28";"Imveis Alagados";"Monitoramento Alagado";"""Comunidade do Areail";" .<^&""";"Apipucos";"Sem Localidade";"";"2022-05-28";"Analise Visual Estrutural";"";"";"";"0"
"2022";"Maio";"2022-05-28";"Imveis Alagados";"Monitoramento Alagado";"""Vila Arraes";" ^[{""";"Varzea";"Sem Localidade";"";"2022-05-28";"Analise Visual Estrutural";"";"";"";"0"
"2022";"Maio";"2022-05-28";"Imveis Alagados";"Monitoramento Alagado";"""Comunidade Chiclete";" {})!""";"Iputinga";"Sem Localidade";"";"2022-05-28";"Analise Visual Estrutural";"";"";"";"0"
"2022";"Maio";"2022-05-28";"Imveis Alagados";"Monitoramento Alagado";"""Comunidade Vila do Vintem";" #^>""";"Campina do Barreto";"Sem Localidade";"";"2022-05-28";"Analise Visual Estrutural";"";"";"";"0"
"2022";"Maio";"2022-05-28";"Imveis Alagados";"Monitoramento Alagado";"""Comunidade Campina do Barreto";" ~|}[""";"Campina do Barreto";"Sem Localidade";"";"2022-05-28";"Analise Visual Estrutural";"";"";"";"0"
"2022";"Maio";"2022-05-28";"Imveis Alagados";"Monitoramento Alagado";"""Comunidade Beirinha";" /@9=""";"Estancia";"Sem Localidade";"";"2022-05-28";"Analise Visual Estrutural";"";"";"";"0"
"2022";"Maio";"2022-05-26";"Deslizamentos de Barreiras";"Vistoria";"""Rua Santa Fe";" +?""""]""";"Agua Fria";"Corrego do Deodato";"R3";"2022-05-26";"Orientado a Sair do Imovel em Caso de Chuva";"";"";"";"0"
"2022";"Maio";"2022-05-26";"Deslizamentos de Barreiras";"Vistoria";"""1 Travessa Serra da Mantiqueira";" ^[{""";"Cohab";"Jardim Monte Verde";"R3";"2022-05-26";"Orientado a Sair do Imovel em Caso de Chuva";"";"";"";"0"
"2022";"Maio";"2022-05-26";"Deslizamentos de Barreiras";"Vistoria";"""2 Travessa Engenho Noruega N";" {})!""";"Cohab";"Jardim Monte Verde";"R3";"2022-05-26";"Analise Visual Estrutural";"";"";"";"0"
"2022";"Maio";"2022-05-26";"Deslizamentos de Barreiras";"Vistoria";"""Travessa Rio Gramame";" #^>""";"Varzea";"Brega e Chique";"R3";"2022-05-26";"Orientado a Sair do Imovel em Caso de Chuva";"";"";"";"0"
"2022";"Maio";"2022-05-26";"Deslizamentos de Barreiras";"Vistoria";"""4 Travessa Barao de Ladario";" .[?""";"Jardim Sao Paulo";"Jardim Sao Paulo";"R3";"2022-05-26";"Orientado a Sair do Imovel em Caso de Chuva";"";"";"";"0"
"2022";"Maio";"2022-05-26";"Desabamento Parcial de Obras de Conteno / Drenagem";"Vistoria";"""Rua Maragogipe";" `=-[""";"Jardim Sao Paulo";"Jardim Sao Paulo";"R4";"2022-05-26";"Orientado a Sair do Imovel em Caso de Chuva";"";"";"";"0"
"2022";"Maio";"2022-05-26";"Deslizamentos de Barreiras";"Vistoria";"""Rua Tenente Aurelio Vieira";" >#'\""";"Cohab";"Ur 02";"R3";"2022-05-26";"";"";"";"";"0"
"2022";"Maio";"2022-05-26";"Desabamento Parcial de Obras de Conteno / Drenagem";"Vistoria";"""Rua Sussuarana";" ~|}[""";"Coqueiral";"Coqueiral";"R4";"2022-05-26";"Orientado a Sair do Imovel em Caso de Chuva";"";"";"";"0"
"2022";"Maio";"2022-05-26";"Deslizamentos de Barreiras";"Vistoria";"""Rua Aracaju";" .[?""";"Nao Informado";"Sancho";"R4";"2022-05-26";"Orientado a Sair do Imovel em Caso de Chuva";"";"";"";"0"
"2022";"Maio";"2022-05-26";"Deslizamentos de Barreiras";"Vistoria";"""Rua Satuba";" /@9=""";"Varzea";"Barreiras";"R3";"2022-05-26";"Atendimento Social";"";"";"";"0"
"2022";"Maio";"2022-05-26";"rvores em Risco";"Vistoria";"""Rua Alice Santos da Silva";" #""""#~""";"Varzea";"Barreiras";"R3";"2022-05-26";"Encaminhamento de Corte de Arvores";"";"";"";"0"
"2022";"Maio";"2022-05-26";"Deslizamentos de Barreiras";"Monitoramento";"""Travessa Pico da Bandeira";" """"#*9""";"Cohab";"Jardim Monte Verde";"R3";"2022-05-26";"Analise Visual Estrutural";"";"";"";"0"
"2022";"Maio";"2022-05-26";"Muro com Danos";"Vistoria";"""Rua Monteiropolis";" #_|/""";"Varzea";"Barreiras";"R3";"2022-05-26";"Notificacao de Situacao de Risco";"";"";"";"0"
"2022";"Maio";"2022-05-26";"Deslizamentos de Barreiras";"Vistoria";"""Rua Traipu";" .[?""";"Varzea";"Barreiras";"R3";"2022-05-26";"Orientado a Sair do Imovel em Caso de Chuva";"";"";"";"0"
"2022";"Maio";"2022-05-26";"Deslizamentos de Barreiras";"Monitoramento";"""Rua Pico da Neblina";" ~|}[""";"Cohab";"Jardim Monte Verde";"R3";"2022-05-26";"Analise Visual Estrutural";"";"";"";"0"
"2022";"Maio";"2022-05-26";"Desabamento Parcial de Obras de Conteno / Drenagem";"Vistoria";"""Rua dos Lirios";" {})!""";"Varzea";"Rosa Selvagem";"R3";"2022-05-26";"Orientado a Sair do Imovel em Caso de Chuva";"";"";"";"0"
"2022";"Maio";"2022-05-26";"Deslizamentos de Barreiras";"Monitoramento";"""Rua Patrocinador";" ~|}[""";"Cohab";"Jardim Monte Verde";"R3";"2022-05-26";"Orientado a Sair do Imovel em Caso de Chuva";"";"";"";"0"
"2022";"Maio";"2022-05-26";"Deslizamentos de Barreiras";"Vistoria";"""1 Travessa Serra da Mantiqueira";" #_|/""";"Cohab";"Jardim Monte Verde";"R3";"2022-05-26";"Analise Visual Estrutural";"";"";"";"0"
"2022";"Maio";"2022-05-26";"Deslizamentos de Barreiras";"Vistoria";"""1 Travessa da Rua E Sapezal";" .[?""";"Coqueiral";"Coqueiral";"R3";"2022-05-26";"";"";"";"";"0"
"2022";"Maio";"2022-05-26";"Deslizamentos de Barreiras";"Vistoria";"""Rua Paulo de Fontim";" #$[""";"Varzea";"Rosa Selvagem";"R3";"2022-05-26";"Analise Visual Estrutural";"";"";"";"0"
"2022";"Maio";"2022-05-26";"Deslizamentos de Barreiras";"Vistoria";"""Rua Tenente Aurelio Vieira";" ?_$.""";"Cohab";"Ur 02";"R3";"2022-05-26";"";"";"";"";"0"
"2022";"Maio";"2022-05-26";"Deslizamentos de Barreiras";"Vistoria";"""Rua Rancho Alegre";" $!>=""";"Varzea";"Rosa Selvagem";"R3";"2022-05-26";"Analise Visual Estrutural";"";"";"";"0"
"2022";"Maio";"2022-05-26";"";"Monitoramento";"""Rua Alice Santos da Silva";" #^>""";"Varzea";"Barreiras";"R3";"2022-05-26";"Atendimento Social";"";"";"";"0"
"2022";"Maio";"2022-05-26";"Deslizamentos de Barreiras";"Monitoramento";"""Travessa Pico da Bandeira";" ^[{""";"Cohab";"Jardim Monte Verde";"R3";"2022-05-26";"Analise Visual Estrutural";"";"";"";"0"
"2022";"Maio";"2022-05-26";"Deslizamentos de Barreiras";"Monitoramento";"""Rua Pico da Bandeira";" {})!""";"Cohab";"Jardim Monte Verde";"R3";"2022-05-26";"Analise Visual Estrutural";"";"";"";"0"
"2022";"Maio";"2022-05-26";"Deslizamentos de Barreiras";"Vistoria";"""Rua Terra Rica";" .<^&""";"Barro";"Pantanal";"R3";"2022-05-26";"Analise Visual Estrutural";"";"";"";"0"
"2022";"Maio";"2022-05-26";"Deslizamentos de Barreiras";"Vistoria";"""Rua Pirizal";" #$[""";"Vasco da Gama ";"Vasco da Gama";"R3";"2022-05-26";"Notificacao de Situacao de Risco";"";"";"";"0"
"2022";"Maio";"2022-05-26";"Deslizamentos de Barreiras";"Vistoria";"""Rua Alto Santa Tereza";" 9<-%""";"Passarinho";"Alto Santa Tereza";"R4";"2022-05-26";"Atendimento Social";"";"";"";"0"
"2022";"Maio";"2022-05-26";"Deslizamentos de Barreiras";"Vistoria";"""2 Travessa Joao Limoeiro";" .<^&""";"Dois Irmaos";"Corrego da Fortuna";"R2";"2022-05-26";"Atendimento Social";"";"";"";"0"
"2022";"Maio";"2022-05-26";"Deslizamentos de Barreiras";"Vistoria";"""Travessa Alto da Mata";" ^[{""";"Dois Irmaos";"Corrego da Fortuna";"R2";"2022-05-26";"Atendimento Social";"";"";"";"0"
"2022";"Maio";"2022-05-26";"Deslizamentos de Barreiras";"Vistoria";"""3 Travessa Sitio Sao Bras";" {})!""";"Dois Irmaos";"Sitio Sao Bras";"R2";"2022-05-26";"Atendimento Social";"";"";"";"0"
"2022";"Maio";"2022-05-26";"Deslizamentos de Barreiras";"Vistoria";"""2 Travessa Sitio Sao Bras";" #^>""";"Dois Irmaos";"Sitio Sao Bras";"R3";"2022-05-26";"Atendimento Social";"";"";"";"0"
"2022";"Maio";"2022-05-26";"Deslizamentos de Barreiras";"Vistoria";"""Estrada do Passarinho";" ~|}[""";"Dois Irmaos";"Sitio dos Pintos";"R3";"2022-05-26";"Atendimento Social";"";"";"";"0"
"2022";"Maio";"2022-05-26";"Desabamento Parcial de Obras de Conteno / Drenagem";"Vistoria";"""Rua das Fronteiras";" /@9=""";"Dois Irmaos";"Corrego da Fortuna";"R2";"2022-05-26";"Atendimento Social";"";"";"";"0"
"2022";"Maio";"2022-05-26";"Desabamento Parcial de Obras de Conteno / Drenagem";"Vistoria";"""Rua das Fronteiras";" #""""#~""";"Dois Irmaos";"Corrego da Fortuna";"R2";"2022-05-26";"Atendimento Social";"";"";"";"0"
"2022";"Maio";"2022-05-26";"Desabamento Parcial de Obras de Conteno / Drenagem";"Vistoria";"""Rua das Fronteiras";" +?""""]""";"Dois Irmaos";"Corrego da Fortuna";"R2";"2022-05-26";"Atendimento Social";"";"";"";"0"
"2022";"Maio";"2022-05-26";"Desabamento Parcial de Obras de Conteno / Drenagem";"Vistoria";"""Rua das Fronteiras";" """"#*9""";"Dois Irmaos";"Corrego da Fortuna";"R2";"2022-05-26";"Atendimento Social";"";"";"";"0"
"2022";"Maio";"2022-05-26";"Desabamento Parcial de Obras de Conteno / Drenagem";"Vistoria";"""Rua das Fronteiras";" #_|/""";"Dois Irmaos";"Corrego da Fortuna";"R2";"2022-05-26";"Atendimento Social";"";"";"";"0"
"2022";"Maio";"2022-05-26";"Deslizamentos de Barreiras";"Vistoria";"""Rua Alto Santa Tereza";" @}>""";"Passarinho";"Alto Santa Tereza";"R4";"2022-05-26";"Atendimento Social";"";"";"";"0"
"2022";"Maio";"2022-05-26";"Desabamento Parcial de Obras de Conteno / Drenagem";"Vistoria";"""Rua das Fronteiras";" .[?""";"Dois Irmaos";"Corrego da Fortuna";"R2";"2022-05-26";"Atendimento Social";"";"";"";"0"
"2022";"Maio";"2022-05-26";"Deslizamentos de Barreiras";"Vistoria";"""Rua Rosal";" `=-[""";"Brejo da Guabiraba";"Corrego Jardim Primavera";"R3";"2022-05-26";"Atendimento Social";"";"";"";"0"
"2022";"Maio";"2022-05-26";"Deslizamentos de Barreiras";"Vistoria";"""Subida Jose Correia";" ?_$.""";"Nova Descoberta";"Alto do Refugio";"R3";"2022-05-26";"Atendimento Social";"";"";"";"0"
"2022";"Maio";"2022-05-26";"Deslizamentos de Barreiras";"Vistoria";"""Rua Pindai";" >#'\""";"Nova Descoberta";"Alto do Refugio";"R3";"2022-05-26";"Atendimento Social";"";"";"";"0"
"2022";"Maio";"2022-05-26";"Deslizamentos de Barreiras";"Vistoria";"""Subida Jose Correia";" $!>=""";"Nova Descoberta";"Alto do Refugio";"R4";"2022-05-26";"Atendimento Social";"";"";"";"0"
"2022";"Maio";"2022-05-26";"Deslizamentos de Barreiras";"Vistoria";"""Rua Presidente Costa e Silva";" @}>""";"Guabiraba";"Alto da Guabiraba";"R3";"2022-05-26";"Atendimento Social";"";"";"";"0"
"2022";"Maio";"2022-05-26";"Deslizamentos de Barreiras";"Vistoria";"""Rua Imperio Serrano";" 9<-%""";"Nova Descoberta";"Alto do Refugio";"R4";"2022-05-26";"Atendimento Social";"";"";"";"0"
"2022";"Maio";"2022-05-26";"Deslizamentos de Barreiras";"Vistoria";"""Subida Jose Correia";" %$<!""";"Nova Descoberta";"Corrego da Areia";"R3";"2022-05-26";"Atendimento Social";"";"";"";"0"
"2022";"Maio";"2022-05-26";"Deslizamentos de Barreiras";"Vistoria";"""Rua Pau Pereira";" .<^&""";"Nova Descoberta";"Corrego da Areia";"R3";"2022-05-26";"Atendimento Social";"";"";"";"0"
"2022";"Maio";"2022-05-26";"Deslizamentos de Barreiras";"Vistoria";"""Rua Manjeiro";" ^[{""";"Nova Descoberta";"Alto do Refugio";"R3";"2022-05-26";"Atendimento Social";"";"";"";"0"
"2022";"Maio";"2022-05-26";"Deslizamentos de Barreiras";"Vistoria";"""Rua Manjeiro";" {})!""";"Nova Descoberta";"Alto do Refugio";"R3";"2022-05-26";"Atendimento Social";"";"";"";"0"
"2022";"Maio";"2022-05-26";"Deslizamentos de Barreiras";"Vistoria";"""Sub";" #^>""";"Nova Descoberta";"Alto do Refugio";"R3";"2022-05-26";"Atendimento Social";"";"";"";"0"
"2022";"Maio";"2022-05-26";"Deslizamentos de Barreiras";"Vistoria";"""Subida do Merere";" ~|}[""";"Nova Descoberta";"Alto do Refugio";"R3";"2022-05-26";"Atendimento Social";"";"";"";"0"
"2022";"Maio";"2022-05-26";"Desabamento Parcial de Obras de Conteno / Drenagem";"Vistoria";"""Rua Joao Limoeira";" #$[""";"Dois Irmaos";"Corrego da Fortuna";"R2";"2022-05-26";"Atendimento Social";"";"";"";"0"
"2022";"Maio";"2022-05-26";"Deslizamentos de Barreiras";"Vistoria";"""Rua Alto das Queimadas";" `=-[""";"Nova Descoberta";"Alto das Queimadas";"R2";"2022-05-26";"Atendimento Social";"";"";"";"0"
"2022";"Maio";"2022-05-26";"Deslizamentos de Barreiras";"Vistoria";"""Rua Alto das Queimadas";" ?_$.""";"Nova Descoberta";"Alto das Queimadas";"R2";"2022-05-26";"Atendimento Social";"";"";"";"0"
"2022";"Maio";"2022-05-26";"Deslizamentos de Barreiras";"Vistoria";"""Rua Alto das Queimadas";" >#'\""";"Nova Descoberta";"Alto das Queimadas";"R2";"2022-05-26";"Atendimento Social";"";"";"";"0"
"2022";"Maio";"2022-05-26";"Deslizamentos de Barreiras";"Vistoria";"""Rua Alto das Queimadas";" $!>=""";"Nova Descoberta";"Alto das Queimadas";"R2";"2022-05-26";"Atendimento Social";"";"";"";"0"
"2022";"Maio";"2022-05-26";"Deslizamentos de Barreiras";"Vistoria";"""Rua Alto das Queimadas";" @}>""";"Nova Descoberta";"Alto das Queimadas";"R2";"2022-05-26";"Atendimento Social";"";"";"";"0"
"2022";"Maio";"2022-05-26";"Deslizamentos de Barreiras";"Monitoramento";"""Rua Estrela do Sul";" {})!""";"Guabiraba";"Vila Boa Vista";"R4";"2022-05-26";"Atendimento Social";"";"";"";"0"
"2022";"Maio";"2022-05-26";"Deslizamentos de Barreiras";"Vistoria";"""Rua Estrela do Sul";" ~|}[""";"Guabiraba";"Vila Boa Vista";"R4";"2022-05-26";"Atendimento Social";"";"";"";"0"
"2022";"Maio";"2022-05-26";"Deslizamentos de Barreiras";"Vistoria";"""Rua Corrego da Bica";" +?""""]""";"Passarinho";"Corrego da Bica";"R3";"2022-05-26";"Atendimento Social";"";"";"";"0"
"2022";"Maio";"2022-05-26";"Deslizamentos de Barreiras";"Vistoria";"""Rua Alto So Nos Dois";" """"#*9""";"Passarinho";"Alto So Nos Dois";"R3";"2022-05-26";"Atendimento Social";"";"";"";"0"
"2022";"Maio";"2022-05-26";"Deslizamentos de Barreiras";"Vistoria";"""Rua Alto So Nos Dois";" #_|/""";"Passarinho";"Alto So Nos Dois";"R3";"2022-05-26";"Atendimento Social";"";"";"";"0"
"2022";"Maio";"2022-05-26";"Deslizamentos de Barreiras";"Vistoria";"""Rua Alto So Nos Dois";" .[?""";"Passarinho";"Alto So Nos Dois";"R3";"2022-05-26";"Atendimento Social";"";"";"";"0"
"2022";"Maio";"2022-05-27";"Deslizamentos de Barreiras";"Vistoria";"""Rua Corrego Manoel Joao";" `=-[""";"Linha do Tiro";"Corrego do Tiro";"R3";"2022-05-27";"Orientado a Sair do Imovel em Caso de Chuva";"";"";"";"0"
"2022";"Maio";"2022-05-27";"Deslizamentos de Barreiras";"Vistoria";"""Rua Vencedora";" ?_$.""";"Linha do Tiro";"Corrego do Tiro";"R3";"2022-05-27";"";"";"";"";"0"
"2022";"Maio";"2022-05-27";"Deslizamentos de Barreiras";"Vistoria";"""Rua Arapixuna";" 9<-%""";"Alto Santa Terezinha";"Alto Santa Terezinha";"R3";"2022-05-27";"";"";"";"";"0"
"2022";"Maio";"2022-05-27";"Deslizamentos de Barreiras";"Vistoria";"""Rua Vertentes do Lerio";" `=-[""";"Dois Unidos";"Alto do Rosario";"R3";"2022-05-27";"Orientado a Sair do Imovel em Caso de Chuva";"";"";"";"0"
"2022";"Maio";"2022-05-27";"Deslizamentos de Barreiras";"Vistoria";"""Rua Cacarema";" >#'\""";"Dois Unidos";"Alto do Maracana";"R3";"2022-05-27";"Orientado a Sair do Imovel em Caso de Chuva";"";"";"";"0"
"2022";"Maio";"2022-05-27";"Deslizamentos de Barreiras";"Vistoria";"""Rua Vertentes do Lerio";" .[?""";"Dois Unidos";"Alto do Rosario";"R3";"2022-05-27";"Orientado a Sair do Imovel em Caso de Chuva";"";"";"";"0"
"2022";"Maio";"2022-05-27";"Deslizamentos de Barreiras";"Vistoria";"""Rua Bueno";" #$[""";"Dois Unidos";"Alto do Rosario";"R3";"2022-05-27";"";"";"";"";"0"
"2022";"Maio";"2022-05-27";"Deslizamentos de Barreiras";"Vistoria";"""Rua Agaci";" #_|/""";"Nova Descoberta";"Corrego da Joselia";"R3";"2022-05-27";"Orientado a Sair do Imovel em Caso de Chuva";"";"";"";"0"
"2022";"Maio";"2022-05-27";"Deslizamentos de Barreiras";"Vistoria";"""Rua Bom Sossego";" {})!""";"Alto Jose Bonifacio ";"Alto Jose Bonifacio";"R2";"2022-05-27";"Notificacao de Situacao de Risco";"";"";"";"0"
"2022";"Maio";"2022-05-27";"Deslizamentos de Barreiras";"Vistoria";"""3 Travessa Felisburgo";" $!>=""";"Nova Descoberta";"Alto Dr. Caete";"R3";"2022-05-27";"Orientado a Sair do Imovel em Caso de Chuva";"";"";"";"0"
"2022";"Maio";"2022-05-27";"Deslizamentos de Barreiras";"Vistoria";"""Rua Corrego do Joaquim";" @}>""";"Passarinho";"Vila Canaa";"R4";"2022-05-27";"Atendimento Social";"";"";"";"0"
"2022";"Maio";"2022-05-27";"Deslizamentos de Barreiras";"Vistoria";"""Rua Corrego do Joaquim";" 9<-%""";"Passarinho";"Vila Canaa";"R4";"2022-05-27";"Atendimento Social";"";"";"";"0"
"2022";"Maio";"2022-05-27";"Deslizamentos de Barreiras";"Vistoria";"""Rua Corrego do Joaquim";" %$<!""";"Passarinho";"Vila Canaa";"R3";"2022-05-27";"Atendimento Social";"";"";"";"0"
"2022";"Maio";"2022-05-27";"Deslizamentos de Barreiras";"Vistoria";"""Rua Cunha Pora";" .<^&""";"Nova Descoberta";"Corrego do Joaquim";"R4";"2022-05-27";"Atendimento Social";"";"";"";"0"
"2022";"Maio";"2022-05-27";"Deslizamentos de Barreiras";"Vistoria";"""Rua Teolandia";" """"#*9""";"Nova Descoberta";"Alto do Refugio";"R3";"2022-05-27";"Atendimento Social";"";"";"";"0"
"2022";"Maio";"2022-05-27";"Deslizamentos de Barreiras";"Vistoria";"""Rua Alto do Refugio";" #_|/""";"Nova Descoberta";"Alto do Refugio";"R3";"2022-05-27";"Atendimento Social";"";"";"";"0"
"2022";"Maio";"2022-05-27";"Deslizamentos de Barreiras";"Vistoria";"""Rua Arantina";" .[?""";"Nova Descoberta";"Alto do Refugio";"R3";"2022-05-27";"Atendimento Social";"";"";"";"0"
"2022";"Maio";"2022-05-27";"Deslizamentos de Barreiras";"Vistoria";"""Rua Rosal";" @}>""";"Brejo da Guabiraba";"Corrego Jardim Primavera";"R3";"2022-05-27";"Atendimento Social";"";"";"";"0"
"2022";"Maio";"2022-05-27";"Deslizamentos de Barreiras";"Vistoria";"""Rua Rosal";" 9<-%""";"Brejo da Guabiraba";"Corrego Jardim Primavera";"R3";"2022-05-27";"Atendimento Social";"";"";"";"0"
"2022";"Maio";"2022-05-27";"Deslizamentos de Barreiras";"Vistoria";"""Rua Baianopolis";" +?""""]""";"Nova Descoberta";"Alto do Reservatorio";"R3";"2022-05-27";"Atendimento Social";"";"";"";"0"
"2022";"Maio";"2022-05-27";"Deslizamentos de Barreiras";"Vistoria";"""Rua Baianopolis";" """"#*9""";"Nova Descoberta";"Alto do Reservatorio";"R3";"2022-05-27";"Atendimento Social";"";"";"";"0"
"2022";"Maio";"2022-05-27";"Deslizamentos de Barreiras";"Vistoria";"""Rua Cidade de Deus";" #_|/""";"Corrego do Jenipapo";"Corrego do Jenipapo";"R3";"2022-05-27";"Atendimento Social";"";"";"";"0"
"2022";"Maio";"2022-05-27";"Deslizamentos de Barreiras";"Vistoria";"""Rua Cidade de Deus";" .[?""";"Corrego do Jenipapo";"Corrego do Jenipapo";"R3";"2022-05-27";"Atendimento Social";"";"";"";"0"
"2022";"Maio";"2022-05-27";"Deslizamentos de Barreiras";"Vistoria";"""Rua Cidade de Deus";" #$[""";"Corrego do Jenipapo";"Corrego do Jenipapo";"R3";"2022-05-27";"Atendimento Social";"";"";"";"0"
"2022";"Maio";"2022-05-27";"Deslizamentos de Barreiras";"Vistoria";"""Rua Cidade de Deus";" `=-[""";"Corrego do Jenipapo";"Corrego do Jenipapo";"R3";"2022-05-27";"Atendimento Social";"";"";"";"0"
"2022";"Maio";"2022-05-27";"Deslizamentos de Barreiras";"Vistoria";"""Rua Cidade de Deus";" ?_$.""";"Corrego do Jenipapo";"Corrego do Jenipapo";"R3";"2022-05-27";"Atendimento Social";"";"";"";"0"
"2022";"Maio";"2022-05-27";"Deslizamentos de Barreiras";"Vistoria";"""Rua Cidade de Deus";" >#'\""";"Corrego do Jenipapo";"Corrego do Jenipapo";"R3";"2022-05-27";"Atendimento Social";"";"";"";"0"
"2022";"Maio";"2022-05-27";"Deslizamentos de Barreiras";"Vistoria";"""Rua Alto do Reservatorio";" $!>=""";"Nova Descoberta";"Alto do Reservatorio";"R3";"2022-05-27";"Atendimento Social";"";"";"";"0"
"2022";"Maio";"2022-05-27";"Deslizamentos de Barreiras";"Vistoria";"""Subida do Joaquim";" @}>""";"Nova Descoberta";"Alto do Reservatorio";"R3";"2022-05-27";"Atendimento Social";"";"";"";"0"
"2022";"Maio";"2022-05-27";"Deslizamentos de Barreiras";"Vistoria";"""Subida do Joaquim";" 9<-%""";"Nova Descoberta";"Alto do Reservatorio";"R3";"2022-05-27";"Atendimento Social";"";"";"";"0"
"2022";"Maio";"2022-05-27";"Deslizamentos de Barreiras";"Vistoria";"""Rua Martinho Campos";" %$<!""";"Brejo da Guabiraba";"Corrego Jose Idalino";"R3";"2022-05-27";"Atendimento Social";"";"";"";"0"
"2022";"Maio";"2022-05-27";"Deslizamentos de Barreiras";"Vistoria";"""Rua Alto do Jequiri";" ^[{""";"Brejo da Guabiraba";"Corrego Jose Idalino";"R3";"2022-05-27";"Atendimento Social";"";"";"";"0"
"2022";"Maio";"2022-05-27";"Deslizamentos de Barreiras";"Vistoria";"""Rua Alto do Jequiri";" #^>""";"Brejo da Guabiraba";"Corrego Jose Idalino";"R3";"2022-05-27";"Atendimento Social";"";"";"";"0"
"2022";"Maio";"2022-05-27";"Deslizamentos de Barreiras";"Vistoria";"""Rua Alto do Jequiri";" ~|}[""";"Brejo da Guabiraba";"Corrego Jose Idalino";"R3";"2022-05-27";"Atendimento Social";"";"";"";"0"
"2022";"Maio";"2022-05-27";"Deslizamentos de Barreiras";"Vistoria";"""Rua Alto do Jequiri";" +?""""]""";"Brejo da Guabiraba";"Corrego Jose Idalino";"R3";"2022-05-27";"Atendimento Social";"";"";"";"0"
"2022";"Maio";"2022-05-27";"Deslizamentos de Barreiras";"Vistoria";"""Rua Alto do Jequiri";" .[?""";"Brejo da Guabiraba";"Corrego Jose Idalino";"R3";"2022-05-27";"Atendimento Social";"";"";"";"0"
"2022";"Maio";"2022-05-27";"Deslizamentos de Barreiras";"Vistoria";"""Rua Alto do Jequiri";" #$[""";"Brejo da Guabiraba";"Alto do Jequiri";"R3";"2022-05-27";"Atendimento Social";"";"";"";"0"
"2022";"Maio";"2022-05-27";"Deslizamentos de Barreiras";"Vistoria";"""Rua Luiz Gonzaga";" `=-[""";"Guabiraba";"Nao Cadastrada";"R3";"2022-05-27";"Atendimento Social";"";"";"";"0"
"2022";"Maio";"2022-05-27";"Deslizamentos de Barreiras";"Vistoria";"""Rua Ouricangas";" >#'\""";"Nova Descoberta";"Alto do Refugio";"R4";"2022-05-27";"Atendimento Social";"";"";"";"0"
