canonical_patch_id,region,required_slot_index,original_required_sensor_family,resolved_required_sensor_family,sensor_resolution_status,sensor_resolution_rule,sensor_resolution_confidence,evidence_asset_ids,evidence_asset_types,has_clean_s2_asset,has_clean_s1_asset,has_dinov2_embedding_only,has_unknown_asset_type,is_sensor_resolved,is_request_potentially_actionable_after_resolution,blocking_reason,guardrail_status
758,Recife,1,requires_manual_sensor_selection,blocked_unknown_asset_type,BLOCKED_UNKNOWN_ASSET_TYPE,ONLY_UNKNOWN_OR_UNUSABLE_ASSET_TYPE_AVAILABLE,REJECTED_UNKNOWN_ASSET_TYPE,asset_ref_cb136a9a59dc,unknown,false,false,false,true,false,false,METADATA_REPAIR_REQUIRED_BEFORE_REQUEST|PREVIOUS_METADATA_BLOCKER_PRESENT|SENSOR_NOT_RESOLVED_TO_SENTINEL_2_OPTICAL|REQUIREMENT_ALREADY_BLOCKED,GUARDRAILS_PRESERVED_SENSOR_FAMILY_RESOLUTION_ONLY
758,Recife,2,requires_manual_sensor_selection,blocked_unknown_asset_type,BLOCKED_UNKNOWN_ASSET_TYPE,ONLY_UNKNOWN_OR_UNUSABLE_ASSET_TYPE_AVAILABLE,REJECTED_UNKNOWN_ASSET_TYPE,asset_ref_cb136a9a59dc,unknown,false,false,false,true,false,false,METADATA_REPAIR_REQUIRED_BEFORE_REQUEST|PREVIOUS_METADATA_BLOCKER_PRESENT|SENSOR_NOT_RESOLVED_TO_SENTINEL_2_OPTICAL|REQUIREMENT_ALREADY_BLOCKED,GUARDRAILS_PRESERVED_SENSOR_FAMILY_RESOLUTION_ONLY
758,Recife,3,requires_manual_sensor_selection,blocked_unknown_asset_type,BLOCKED_UNKNOWN_ASSET_TYPE,ONLY_UNKNOWN_OR_UNUSABLE_ASSET_TYPE_AVAILABLE,REJECTED_UNKNOWN_ASSET_TYPE,asset_ref_cb136a9a59dc,unknown,false,false,false,true,false,false,METADATA_REPAIR_REQUIRED_BEFORE_REQUEST|PREVIOUS_METADATA_BLOCKER_PRESENT|SENSOR_NOT_RESOLVED_TO_SENTINEL_2_OPTICAL|REQUIREMENT_ALREADY_BLOCKED,GUARDRAILS_PRESERVED_SENSOR_FAMILY_RESOLUTION_ONLY
AGREGADO_CURITIBA,Curitiba,1,requires_manual_sensor_selection,blocked_unknown_asset_type,BLOCKED_UNKNOWN_ASSET_TYPE,ONLY_UNKNOWN_OR_UNUSABLE_ASSET_TYPE_AVAILABLE,REJECTED_UNKNOWN_ASSET_TYPE,asset_ref_7543f17439cf,unknown,false,false,false,true,false,false,METADATA_REPAIR_REQUIRED_BEFORE_REQUEST|PREVIOUS_METADATA_BLOCKER_PRESENT|SENSOR_NOT_RESOLVED_TO_SENTINEL_2_OPTICAL|REQUIREMENT_ALREADY_BLOCKED,GUARDRAILS_PRESERVED_SENSOR_FAMILY_RESOLUTION_ONLY
AGREGADO_CURITIBA,Curitiba,2,requires_manual_sensor_selection,blocked_unknown_asset_type,BLOCKED_UNKNOWN_ASSET_TYPE,ONLY_UNKNOWN_OR_UNUSABLE_ASSET_TYPE_AVAILABLE,REJECTED_UNKNOWN_ASSET_TYPE,asset_ref_7543f17439cf,unknown,false,false,false,true,false,false,METADATA_REPAIR_REQUIRED_BEFORE_REQUEST|PREVIOUS_METADATA_BLOCKER_PRESENT|SENSOR_NOT_RESOLVED_TO_SENTINEL_2_OPTICAL|REQUIREMENT_ALREADY_BLOCKED,GUARDRAILS_PRESERVED_SENSOR_FAMILY_RESOLUTION_ONLY
AGREGADO_CURITIBA,Curitiba,3,requires_manual_sensor_selection,blocked_unknown_asset_type,BLOCKED_UNKNOWN_ASSET_TYPE,ONLY_UNKNOWN_OR_UNUSABLE_ASSET_TYPE_AVAILABLE,REJECTED_UNKNOWN_ASSET_TYPE,asset_ref_7543f17439cf,unknown,false,false,false,true,false,false,METADATA_REPAIR_REQUIRED_BEFORE_REQUEST|PREVIOUS_METADATA_BLOCKER_PRESENT|SENSOR_NOT_RESOLVED_TO_SENTINEL_2_OPTICAL|REQUIREMENT_ALREADY_BLOCKED,GUARDRAILS_PRESERVED_SENSOR_FAMILY_RESOLUTION_ONLY
AGREGADO_PETROPOLIS,Petropolis,1,requires_manual_sensor_selection,blocked_unknown_asset_type,BLOCKED_UNKNOWN_ASSET_TYPE,ONLY_UNKNOWN_OR_UNUSABLE_ASSET_TYPE_AVAILABLE,REJECTED_UNKNOWN_ASSET_TYPE,asset_ref_6fb64fbd7a0b,unknown,false,false,false,true,false,false,METADATA_REPAIR_REQUIRED_BEFORE_REQUEST|PREVIOUS_METADATA_BLOCKER_PRESENT|SENSOR_NOT_RESOLVED_TO_SENTINEL_2_OPTICAL|REQUIREMENT_ALREADY_BLOCKED,GUARDRAILS_PRESERVED_SENSOR_FAMILY_RESOLUTION_ONLY
AGREGADO_PETROPOLIS,Petropolis,2,requires_manual_sensor_selection,blocked_unknown_asset_type,BLOCKED_UNKNOWN_ASSET_TYPE,ONLY_UNKNOWN_OR_UNUSABLE_ASSET_TYPE_AVAILABLE,REJECTED_UNKNOWN_ASSET_TYPE,asset_ref_6fb64fbd7a0b,unknown,false,false,false,true,false,false,METADATA_REPAIR_REQUIRED_BEFORE_REQUEST|PREVIOUS_METADATA_BLOCKER_PRESENT|SENSOR_NOT_RESOLVED_TO_SENTINEL_2_OPTICAL|REQUIREMENT_ALREADY_BLOCKED,GUARDRAILS_PRESERVED_SENSOR_FAMILY_RESOLUTION_ONLY
AGREGADO_PETROPOLIS,Petropolis,3,requires_manual_sensor_selection,blocked_unknown_asset_type,BLOCKED_UNKNOWN_ASSET_TYPE,ONLY_UNKNOWN_OR_UNUSABLE_ASSET_TYPE_AVAILABLE,REJECTED_UNKNOWN_ASSET_TYPE,asset_ref_6fb64fbd7a0b,unknown,false,false,false,true,false,false,METADATA_REPAIR_REQUIRED_BEFORE_REQUEST|PREVIOUS_METADATA_BLOCKER_PRESENT|SENSOR_NOT_RESOLVED_TO_SENTINEL_2_OPTICAL|REQUIREMENT_ALREADY_BLOCKED,GUARDRAILS_PRESERVED_SENSOR_FAMILY_RESOLUTION_ONLY
AGREGADO_RECIFE,Recife,1,requires_manual_sensor_selection,blocked_unknown_asset_type,BLOCKED_UNKNOWN_ASSET_TYPE,ONLY_UNKNOWN_OR_UNUSABLE_ASSET_TYPE_AVAILABLE,REJECTED_UNKNOWN_ASSET_TYPE,asset_ref_a0bdfb080f58,unknown,false,false,false,true,false,false,METADATA_REPAIR_REQUIRED_BEFORE_REQUEST|PREVIOUS_METADATA_BLOCKER_PRESENT|SENSOR_NOT_RESOLVED_TO_SENTINEL_2_OPTICAL|REQUIREMENT_ALREADY_BLOCKED,GUARDRAILS_PRESERVED_SENSOR_FAMILY_RESOLUTION_ONLY
AGREGADO_RECIFE,Recife,2,requires_manual_sensor_selection,blocked_unknown_asset_type,BLOCKED_UNKNOWN_ASSET_TYPE,ONLY_UNKNOWN_OR_UNUSABLE_ASSET_TYPE_AVAILABLE,REJECTED_UNKNOWN_ASSET_TYPE,asset_ref_a0bdfb080f58,unknown,false,false,false,true,false,false,METADATA_REPAIR_REQUIRED_BEFORE_REQUEST|PREVIOUS_METADATA_BLOCKER_PRESENT|SENSOR_NOT_RESOLVED_TO_SENTINEL_2_OPTICAL|REQUIREMENT_ALREADY_BLOCKED,GUARDRAILS_PRESERVED_SENSOR_FAMILY_RESOLUTION_ONLY
AGREGADO_RECIFE,Recife,3,requires_manual_sensor_selection,blocked_unknown_asset_type,BLOCKED_UNKNOWN_ASSET_TYPE,ONLY_UNKNOWN_OR_UNUSABLE_ASSET_TYPE_AVAILABLE,REJECTED_UNKNOWN_ASSET_TYPE,asset_ref_a0bdfb080f58,unknown,false,false,false,true,false,false,METADATA_REPAIR_REQUIRED_BEFORE_REQUEST|PREVIOUS_METADATA_BLOCKER_PRESENT|SENSOR_NOT_RESOLVED_TO_SENTINEL_2_OPTICAL|REQUIREMENT_ALREADY_BLOCKED,GUARDRAILS_PRESERVED_SENSOR_FAMILY_RESOLUTION_ONLY
ARP_v2az_0005,Recife,1,requires_manual_sensor_selection,blocked_unknown_asset_type,BLOCKED_UNKNOWN_ASSET_TYPE,ONLY_UNKNOWN_OR_UNUSABLE_ASSET_TYPE_AVAILABLE,REJECTED_UNKNOWN_ASSET_TYPE,asset_ref_494d13f9d1bb,unknown,false,false,false,true,false,false,METADATA_REPAIR_REQUIRED_BEFORE_REQUEST|PREVIOUS_METADATA_BLOCKER_PRESENT|SENSOR_NOT_RESOLVED_TO_SENTINEL_2_OPTICAL|REQUIREMENT_ALREADY_BLOCKED,GUARDRAILS_PRESERVED_SENSOR_FAMILY_RESOLUTION_ONLY
ARP_v2az_0005,Recife,2,requires_manual_sensor_selection,blocked_unknown_asset_type,BLOCKED_UNKNOWN_ASSET_TYPE,ONLY_UNKNOWN_OR_UNUSABLE_ASSET_TYPE_AVAILABLE,REJECTED_UNKNOWN_ASSET_TYPE,asset_ref_494d13f9d1bb,unknown,false,false,false,true,false,false,METADATA_REPAIR_REQUIRED_BEFORE_REQUEST|PREVIOUS_METADATA_BLOCKER_PRESENT|SENSOR_NOT_RESOLVED_TO_SENTINEL_2_OPTICAL|REQUIREMENT_ALREADY_BLOCKED,GUARDRAILS_PRESERVED_SENSOR_FAMILY_RESOLUTION_ONLY
ARP_v2az_0005,Recife,3,requires_manual_sensor_selection,blocked_unknown_asset_type,BLOCKED_UNKNOWN_ASSET_TYPE,ONLY_UNKNOWN_OR_UNUSABLE_ASSET_TYPE_AVAILABLE,REJECTED_UNKNOWN_ASSET_TYPE,asset_ref_494d13f9d1bb,unknown,false,false,false,true,false,false,METADATA_REPAIR_REQUIRED_BEFORE_REQUEST|PREVIOUS_METADATA_BLOCKER_PRESENT|SENSOR_NOT_RESOLVED_TO_SENTINEL_2_OPTICAL|REQUIREMENT_ALREADY_BLOCKED,GUARDRAILS_PRESERVED_SENSOR_FAMILY_RESOLUTION_ONLY
CH758_OLINDA_20220603_UNTITLED,Olinda/PE,1,requires_manual_sensor_selection,blocked_unknown_asset_type,BLOCKED_UNKNOWN_ASSET_TYPE,ONLY_UNKNOWN_OR_UNUSABLE_ASSET_TYPE_AVAILABLE,REJECTED_UNKNOWN_ASSET_TYPE,asset_ref_3808b76bc380,unknown,false,false,false,true,false,false,METADATA_REPAIR_REQUIRED_BEFORE_REQUEST|PREVIOUS_METADATA_BLOCKER_PRESENT|SENSOR_NOT_RESOLVED_TO_SENTINEL_2_OPTICAL|REQUIREMENT_ALREADY_BLOCKED,GUARDRAILS_PRESERVED_SENSOR_FAMILY_RESOLUTION_ONLY
CH758_OLINDA_20220603_UNTITLED,Olinda/PE,2,requires_manual_sensor_selection,blocked_unknown_asset_type,BLOCKED_UNKNOWN_ASSET_TYPE,ONLY_UNKNOWN_OR_UNUSABLE_ASSET_TYPE_AVAILABLE,REJECTED_UNKNOWN_ASSET_TYPE,asset_ref_3808b76bc380,unknown,false,false,false,true,false,false,METADATA_REPAIR_REQUIRED_BEFORE_REQUEST|PREVIOUS_METADATA_BLOCKER_PRESENT|SENSOR_NOT_RESOLVED_TO_SENTINEL_2_OPTICAL|REQUIREMENT_ALREADY_BLOCKED,GUARDRAILS_PRESERVED_SENSOR_FAMILY_RESOLUTION_ONLY
CH758_OLINDA_20220603_UNTITLED,Olinda/PE,3,requires_manual_sensor_selection,blocked_unknown_asset_type,BLOCKED_UNKNOWN_ASSET_TYPE,ONLY_UNKNOWN_OR_UNUSABLE_ASSET_TYPE_AVAILABLE,REJECTED_UNKNOWN_ASSET_TYPE,asset_ref_3808b76bc380,unknown,false,false,false,true,false,false,METADATA_REPAIR_REQUIRED_BEFORE_REQUEST|PREVIOUS_METADATA_BLOCKER_PRESENT|SENSOR_NOT_RESOLVED_TO_SENTINEL_2_OPTICAL|REQUIREMENT_ALREADY_BLOCKED,GUARDRAILS_PRESERVED_SENSOR_FAMILY_RESOLUTION_ONLY
CH758_RECIFE_20220602_001,Recife,1,requires_manual_sensor_selection,blocked_unknown_asset_type,BLOCKED_UNKNOWN_ASSET_TYPE,ONLY_UNKNOWN_OR_UNUSABLE_ASSET_TYPE_AVAILABLE,REJECTED_UNKNOWN_ASSET_TYPE,asset_ref_0d519df8d0ab,unknown,false,false,false,true,false,false,METADATA_REPAIR_REQUIRED_BEFORE_REQUEST|PREVIOUS_METADATA_BLOCKER_PRESENT|SENSOR_NOT_RESOLVED_TO_SENTINEL_2_OPTICAL|REQUIREMENT_ALREADY_BLOCKED,GUARDRAILS_PRESERVED_SENSOR_FAMILY_RESOLUTION_ONLY
CH758_RECIFE_20220602_001,Recife,2,requires_manual_sensor_selection,blocked_unknown_asset_type,BLOCKED_UNKNOWN_ASSET_TYPE,ONLY_UNKNOWN_OR_UNUSABLE_ASSET_TYPE_AVAILABLE,REJECTED_UNKNOWN_ASSET_TYPE,asset_ref_0d519df8d0ab,unknown,false,false,false,true,false,false,METADATA_REPAIR_REQUIRED_BEFORE_REQUEST|PREVIOUS_METADATA_BLOCKER_PRESENT|SENSOR_NOT_RESOLVED_TO_SENTINEL_2_OPTICAL|REQUIREMENT_ALREADY_BLOCKED,GUARDRAILS_PRESERVED_SENSOR_FAMILY_RESOLUTION_ONLY
CH758_RECIFE_20220602_001,Recife,3,requires_manual_sensor_selection,blocked_unknown_asset_type,BLOCKED_UNKNOWN_ASSET_TYPE,ONLY_UNKNOWN_OR_UNUSABLE_ASSET_TYPE_AVAILABLE,REJECTED_UNKNOWN_ASSET_TYPE,asset_ref_0d519df8d0ab,unknown,false,false,false,true,false,false,METADATA_REPAIR_REQUIRED_BEFORE_REQUEST|PREVIOUS_METADATA_BLOCKER_PRESENT|SENSOR_NOT_RESOLVED_TO_SENTINEL_2_OPTICAL|REQUIREMENT_ALREADY_BLOCKED,GUARDRAILS_PRESERVED_SENSOR_FAMILY_RESOLUTION_ONLY
CTB_2022_01_15_16,Curitiba,1,requires_manual_sensor_selection,blocked_unknown_asset_type,BLOCKED_UNKNOWN_ASSET_TYPE,ONLY_UNKNOWN_OR_UNUSABLE_ASSET_TYPE_AVAILABLE,REJECTED_UNKNOWN_ASSET_TYPE,asset_ref_583ea7660321,unknown,false,false,false,true,false,false,METADATA_REPAIR_REQUIRED_BEFORE_REQUEST|PREVIOUS_METADATA_BLOCKER_PRESENT|SENSOR_NOT_RESOLVED_TO_SENTINEL_2_OPTICAL|REQUIREMENT_ALREADY_BLOCKED,GUARDRAILS_PRESERVED_SENSOR_FAMILY_RESOLUTION_ONLY
CTB_2022_01_15_16,Curitiba,2,requires_manual_sensor_selection,blocked_unknown_asset_type,BLOCKED_UNKNOWN_ASSET_TYPE,ONLY_UNKNOWN_OR_UNUSABLE_ASSET_TYPE_AVAILABLE,REJECTED_UNKNOWN_ASSET_TYPE,asset_ref_583ea7660321,unknown,false,false,false,true,false,false,METADATA_REPAIR_REQUIRED_BEFORE_REQUEST|PREVIOUS_METADATA_BLOCKER_PRESENT|SENSOR_NOT_RESOLVED_TO_SENTINEL_2_OPTICAL|REQUIREMENT_ALREADY_BLOCKED,GUARDRAILS_PRESERVED_SENSOR_FAMILY_RESOLUTION_ONLY
CTB_2022_01_15_16,Curitiba,3,requires_manual_sensor_selection,blocked_unknown_asset_type,BLOCKED_UNKNOWN_ASSET_TYPE,ONLY_UNKNOWN_OR_UNUSABLE_ASSET_TYPE_AVAILABLE,REJECTED_UNKNOWN_ASSET_TYPE,asset_ref_583ea7660321,unknown,false,false,false,true,false,false,METADATA_REPAIR_REQUIRED_BEFORE_REQUEST|PREVIOUS_METADATA_BLOCKER_PRESENT|SENSOR_NOT_RESOLVED_TO_SENTINEL_2_OPTICAL|REQUIREMENT_ALREADY_BLOCKED,GUARDRAILS_PRESERVED_SENSOR_FAMILY_RESOLUTION_ONLY
CTB_2023_10_28_30,Curitiba,1,requires_manual_sensor_selection,blocked_unknown_asset_type,BLOCKED_UNKNOWN_ASSET_TYPE,ONLY_UNKNOWN_OR_UNUSABLE_ASSET_TYPE_AVAILABLE,REJECTED_UNKNOWN_ASSET_TYPE,asset_ref_fdd6695afc4f,unknown,false,false,false,true,false,false,METADATA_REPAIR_REQUIRED_BEFORE_REQUEST|PREVIOUS_METADATA_BLOCKER_PRESENT|SENSOR_NOT_RESOLVED_TO_SENTINEL_2_OPTICAL|REQUIREMENT_ALREADY_BLOCKED,GUARDRAILS_PRESERVED_SENSOR_FAMILY_RESOLUTION_ONLY
CTB_2023_10_28_30,Curitiba,2,requires_manual_sensor_selection,blocked_unknown_asset_type,BLOCKED_UNKNOWN_ASSET_TYPE,ONLY_UNKNOWN_OR_UNUSABLE_ASSET_TYPE_AVAILABLE,REJECTED_UNKNOWN_ASSET_TYPE,asset_ref_fdd6695afc4f,unknown,false,false,false,true,false,false,METADATA_REPAIR_REQUIRED_BEFORE_REQUEST|PREVIOUS_METADATA_BLOCKER_PRESENT|SENSOR_NOT_RESOLVED_TO_SENTINEL_2_OPTICAL|REQUIREMENT_ALREADY_BLOCKED,GUARDRAILS_PRESERVED_SENSOR_FAMILY_RESOLUTION_ONLY
CTB_2023_10_28_30,Curitiba,3,requires_manual_sensor_selection,blocked_unknown_asset_type,BLOCKED_UNKNOWN_ASSET_TYPE,ONLY_UNKNOWN_OR_UNUSABLE_ASSET_TYPE_AVAILABLE,REJECTED_UNKNOWN_ASSET_TYPE,asset_ref_fdd6695afc4f,unknown,false,false,false,true,false,false,METADATA_REPAIR_REQUIRED_BEFORE_REQUEST|PREVIOUS_METADATA_BLOCKER_PRESENT|SENSOR_NOT_RESOLVED_TO_SENTINEL_2_OPTICAL|REQUIREMENT_ALREADY_BLOCKED,GUARDRAILS_PRESERVED_SENSOR_FAMILY_RESOLUTION_ONLY
CTB_2024_02_18_20,Curitiba,1,requires_manual_sensor_selection,blocked_unknown_asset_type,BLOCKED_UNKNOWN_ASSET_TYPE,ONLY_UNKNOWN_OR_UNUSABLE_ASSET_TYPE_AVAILABLE,REJECTED_UNKNOWN_ASSET_TYPE,asset_ref_10b7c9242929,unknown,false,false,false,true,false,false,METADATA_REPAIR_REQUIRED_BEFORE_REQUEST|PREVIOUS_METADATA_BLOCKER_PRESENT|SENSOR_NOT_RESOLVED_TO_SENTINEL_2_OPTICAL|REQUIREMENT_ALREADY_BLOCKED,GUARDRAILS_PRESERVED_SENSOR_FAMILY_RESOLUTION_ONLY
CTB_2024_02_18_20,Curitiba,2,requires_manual_sensor_selection,blocked_unknown_asset_type,BLOCKED_UNKNOWN_ASSET_TYPE,ONLY_UNKNOWN_OR_UNUSABLE_ASSET_TYPE_AVAILABLE,REJECTED_UNKNOWN_ASSET_TYPE,asset_ref_10b7c9242929,unknown,false,false,false,true,false,false,METADATA_REPAIR_REQUIRED_BEFORE_REQUEST|PREVIOUS_METADATA_BLOCKER_PRESENT|SENSOR_NOT_RESOLVED_TO_SENTINEL_2_OPTICAL|REQUIREMENT_ALREADY_BLOCKED,GUARDRAILS_PRESERVED_SENSOR_FAMILY_RESOLUTION_ONLY
CTB_2024_02_18_20,Curitiba,3,requires_manual_sensor_selection,blocked_unknown_asset_type,BLOCKED_UNKNOWN_ASSET_TYPE,ONLY_UNKNOWN_OR_UNUSABLE_ASSET_TYPE_AVAILABLE,REJECTED_UNKNOWN_ASSET_TYPE,asset_ref_10b7c9242929,unknown,false,false,false,true,false,false,METADATA_REPAIR_REQUIRED_BEFORE_REQUEST|PREVIOUS_METADATA_BLOCKER_PRESENT|SENSOR_NOT_RESOLVED_TO_SENTINEL_2_OPTICAL|REQUIREMENT_ALREADY_BLOCKED,GUARDRAILS_PRESERVED_SENSOR_FAMILY_RESOLUTION_ONLY
CTB_SEEDS_x3,Curitiba,1,requires_manual_sensor_selection,blocked_unknown_asset_type,BLOCKED_UNKNOWN_ASSET_TYPE,ONLY_UNKNOWN_OR_UNUSABLE_ASSET_TYPE_AVAILABLE,REJECTED_UNKNOWN_ASSET_TYPE,asset_ref_0cdf11923446,unknown,false,false,false,true,false,false,METADATA_REPAIR_REQUIRED_BEFORE_REQUEST|PREVIOUS_METADATA_BLOCKER_PRESENT|SENSOR_NOT_RESOLVED_TO_SENTINEL_2_OPTICAL|REQUIREMENT_ALREADY_BLOCKED,GUARDRAILS_PRESERVED_SENSOR_FAMILY_RESOLUTION_ONLY
CTB_SEEDS_x3,Curitiba,2,requires_manual_sensor_selection,blocked_unknown_asset_type,BLOCKED_UNKNOWN_ASSET_TYPE,ONLY_UNKNOWN_OR_UNUSABLE_ASSET_TYPE_AVAILABLE,REJECTED_UNKNOWN_ASSET_TYPE,asset_ref_0cdf11923446,unknown,false,false,false,true,false,false,METADATA_REPAIR_REQUIRED_BEFORE_REQUEST|PREVIOUS_METADATA_BLOCKER_PRESENT|SENSOR_NOT_RESOLVED_TO_SENTINEL_2_OPTICAL|REQUIREMENT_ALREADY_BLOCKED,GUARDRAILS_PRESERVED_SENSOR_FAMILY_RESOLUTION_ONLY
CTB_SEEDS_x3,Curitiba,3,requires_manual_sensor_selection,blocked_unknown_asset_type,BLOCKED_UNKNOWN_ASSET_TYPE,ONLY_UNKNOWN_OR_UNUSABLE_ASSET_TYPE_AVAILABLE,REJECTED_UNKNOWN_ASSET_TYPE,asset_ref_0cdf11923446,unknown,false,false,false,true,false,false,METADATA_REPAIR_REQUIRED_BEFORE_REQUEST|PREVIOUS_METADATA_BLOCKER_PRESENT|SENSOR_NOT_RESOLVED_TO_SENTINEL_2_OPTICAL|REQUIREMENT_ALREADY_BLOCKED,GUARDRAILS_PRESERVED_SENSOR_FAMILY_RESOLUTION_ONLY
CUR-00038,Curitiba,1,requires_manual_sensor_selection,blocked_unknown_asset_type,BLOCKED_UNKNOWN_ASSET_TYPE,ONLY_UNKNOWN_OR_UNUSABLE_ASSET_TYPE_AVAILABLE,REJECTED_UNKNOWN_ASSET_TYPE,asset_ref_704c9e89ac1b,unknown,false,false,false,true,false,false,METADATA_REPAIR_REQUIRED_BEFORE_REQUEST|PREVIOUS_METADATA_BLOCKER_PRESENT|SENSOR_NOT_RESOLVED_TO_SENTINEL_2_OPTICAL|REQUIREMENT_ALREADY_BLOCKED,GUARDRAILS_PRESERVED_SENSOR_FAMILY_RESOLUTION_ONLY
CUR-00038,Curitiba,2,requires_manual_sensor_selection,blocked_unknown_asset_type,BLOCKED_UNKNOWN_ASSET_TYPE,ONLY_UNKNOWN_OR_UNUSABLE_ASSET_TYPE_AVAILABLE,REJECTED_UNKNOWN_ASSET_TYPE,asset_ref_704c9e89ac1b,unknown,false,false,false,true,false,false,METADATA_REPAIR_REQUIRED_BEFORE_REQUEST|PREVIOUS_METADATA_BLOCKER_PRESENT|SENSOR_NOT_RESOLVED_TO_SENTINEL_2_OPTICAL|REQUIREMENT_ALREADY_BLOCKED,GUARDRAILS_PRESERVED_SENSOR_FAMILY_RESOLUTION_ONLY
CUR-00038,Curitiba,3,requires_manual_sensor_selection,blocked_unknown_asset_type,BLOCKED_UNKNOWN_ASSET_TYPE,ONLY_UNKNOWN_OR_UNUSABLE_ASSET_TYPE_AVAILABLE,REJECTED_UNKNOWN_ASSET_TYPE,asset_ref_704c9e89ac1b,unknown,false,false,false,true,false,false,METADATA_REPAIR_REQUIRED_BEFORE_REQUEST|PREVIOUS_METADATA_BLOCKER_PRESENT|SENSOR_NOT_RESOLVED_TO_SENTINEL_2_OPTICAL|REQUIREMENT_ALREADY_BLOCKED,GUARDRAILS_PRESERVED_SENSOR_FAMILY_RESOLUTION_ONLY
CUR-00249,Curitiba,1,requires_manual_sensor_selection,blocked_unknown_asset_type,BLOCKED_UNKNOWN_ASSET_TYPE,ONLY_UNKNOWN_OR_UNUSABLE_ASSET_TYPE_AVAILABLE,REJECTED_UNKNOWN_ASSET_TYPE,asset_ref_0a77a27fed48,unknown,false,false,false,true,false,false,METADATA_REPAIR_REQUIRED_BEFORE_REQUEST|PREVIOUS_METADATA_BLOCKER_PRESENT|SENSOR_NOT_RESOLVED_TO_SENTINEL_2_OPTICAL|REQUIREMENT_ALREADY_BLOCKED,GUARDRAILS_PRESERVED_SENSOR_FAMILY_RESOLUTION_ONLY
CUR-00249,Curitiba,2,requires_manual_sensor_selection,blocked_unknown_asset_type,BLOCKED_UNKNOWN_ASSET_TYPE,ONLY_UNKNOWN_OR_UNUSABLE_ASSET_TYPE_AVAILABLE,REJECTED_UNKNOWN_ASSET_TYPE,asset_ref_0a77a27fed48,unknown,false,false,false,true,false,false,METADATA_REPAIR_REQUIRED_BEFORE_REQUEST|PREVIOUS_METADATA_BLOCKER_PRESENT|SENSOR_NOT_RESOLVED_TO_SENTINEL_2_OPTICAL|REQUIREMENT_ALREADY_BLOCKED,GUARDRAILS_PRESERVED_SENSOR_FAMILY_RESOLUTION_ONLY
CUR-00249,Curitiba,3,requires_manual_sensor_selection,blocked_unknown_asset_type,BLOCKED_UNKNOWN_ASSET_TYPE,ONLY_UNKNOWN_OR_UNUSABLE_ASSET_TYPE_AVAILABLE,REJECTED_UNKNOWN_ASSET_TYPE,asset_ref_0a77a27fed48,unknown,false,false,false,true,false,false,METADATA_REPAIR_REQUIRED_BEFORE_REQUEST|PREVIOUS_METADATA_BLOCKER_PRESENT|SENSOR_NOT_RESOLVED_TO_SENTINEL_2_OPTICAL|REQUIREMENT_ALREADY_BLOCKED,GUARDRAILS_PRESERVED_SENSOR_FAMILY_RESOLUTION_ONLY
CUR-00357,Curitiba,1,requires_manual_sensor_selection,blocked_unknown_asset_type,BLOCKED_UNKNOWN_ASSET_TYPE,ONLY_UNKNOWN_OR_UNUSABLE_ASSET_TYPE_AVAILABLE,REJECTED_UNKNOWN_ASSET_TYPE,asset_ref_a209ade1a2ad,unknown,false,false,false,true,false,false,METADATA_REPAIR_REQUIRED_BEFORE_REQUEST|PREVIOUS_METADATA_BLOCKER_PRESENT|SENSOR_NOT_RESOLVED_TO_SENTINEL_2_OPTICAL|REQUIREMENT_ALREADY_BLOCKED,GUARDRAILS_PRESERVED_SENSOR_FAMILY_RESOLUTION_ONLY
CUR-00357,Curitiba,2,requires_manual_sensor_selection,blocked_unknown_asset_type,BLOCKED_UNKNOWN_ASSET_TYPE,ONLY_UNKNOWN_OR_UNUSABLE_ASSET_TYPE_AVAILABLE,REJECTED_UNKNOWN_ASSET_TYPE,asset_ref_a209ade1a2ad,unknown,false,false,false,true,false,false,METADATA_REPAIR_REQUIRED_BEFORE_REQUEST|PREVIOUS_METADATA_BLOCKER_PRESENT|SENSOR_NOT_RESOLVED_TO_SENTINEL_2_OPTICAL|REQUIREMENT_ALREADY_BLOCKED,GUARDRAILS_PRESERVED_SENSOR_FAMILY_RESOLUTION_ONLY
CUR-00357,Curitiba,3,requires_manual_sensor_selection,blocked_unknown_asset_type,BLOCKED_UNKNOWN_ASSET_TYPE,ONLY_UNKNOWN_OR_UNUSABLE_ASSET_TYPE_AVAILABLE,REJECTED_UNKNOWN_ASSET_TYPE,asset_ref_a209ade1a2ad,unknown,false,false,false,true,false,false,METADATA_REPAIR_REQUIRED_BEFORE_REQUEST|PREVIOUS_METADATA_BLOCKER_PRESENT|SENSOR_NOT_RESOLVED_TO_SENTINEL_2_OPTICAL|REQUIREMENT_ALREADY_BLOCKED,GUARDRAILS_PRESERVED_SENSOR_FAMILY_RESOLUTION_ONLY
CUR_00038,Curitiba,1,requires_manual_sensor_selection,blocked_derived_embedding_without_source_sensor,BLOCKED_DERIVED_EMBEDDING_WITHOUT_SOURCE_SENSOR,DINOV2_EMBEDDING_IS_DERIVED_NOT_ACQUISITION_SENSOR,REJECTED_DERIVED_EMBEDDING_ONLY,asset_ref_25f666287c4e|asset_ref_27c00bf8ba7c|asset_ref_7523293d7089|asset_ref_7ea467c765ff|asset_ref_aae009cf3c33|asset_ref_ab14b6456a2d|asset_ref_b2c0ac59ce05|asset_ref_d5cd331e5815|asset_ref_ee85f74d5bca|asset_ref_f2b2fbc52a9c|asset_ref_f680fa599219|asset_ref_fba6a8713fcc,dinov2_embedding|patch_manifest|unknown,false,false,true,true,false,false,PREVIOUS_METADATA_BLOCKER_PRESENT|SENSOR_NOT_RESOLVED_TO_SENTINEL_2_OPTICAL,GUARDRAILS_PRESERVED_SENSOR_FAMILY_RESOLUTION_ONLY
CUR_00038,Curitiba,2,requires_manual_sensor_selection,blocked_derived_embedding_without_source_sensor,BLOCKED_DERIVED_EMBEDDING_WITHOUT_SOURCE_SENSOR,DINOV2_EMBEDDING_IS_DERIVED_NOT_ACQUISITION_SENSOR,REJECTED_DERIVED_EMBEDDING_ONLY,asset_ref_25f666287c4e|asset_ref_27c00bf8ba7c|asset_ref_7523293d7089|asset_ref_7ea467c765ff|asset_ref_aae009cf3c33|asset_ref_ab14b6456a2d|asset_ref_b2c0ac59ce05|asset_ref_d5cd331e5815|asset_ref_ee85f74d5bca|asset_ref_f2b2fbc52a9c|asset_ref_f680fa599219|asset_ref_fba6a8713fcc,dinov2_embedding|patch_manifest|unknown,false,false,true,true,false,false,PREVIOUS_METADATA_BLOCKER_PRESENT|SENSOR_NOT_RESOLVED_TO_SENTINEL_2_OPTICAL,GUARDRAILS_PRESERVED_SENSOR_FAMILY_RESOLUTION_ONLY
CUR_00249,Curitiba,1,requires_manual_sensor_selection,blocked_derived_embedding_without_source_sensor,BLOCKED_DERIVED_EMBEDDING_WITHOUT_SOURCE_SENSOR,DINOV2_EMBEDDING_IS_DERIVED_NOT_ACQUISITION_SENSOR,REJECTED_DERIVED_EMBEDDING_ONLY,asset_ref_14262d7f0ad9|asset_ref_79eb6885c3b1|asset_ref_7baa4a4fd88e|asset_ref_92ac6849d293|asset_ref_933625e6669d|asset_ref_a25497097c27|asset_ref_b23d23f1ead3|asset_ref_b418a56dc8f6|asset_ref_c9bfbaf269be|asset_ref_e6e9940b4505|asset_ref_f812340e5748|asset_ref_fb797df9199b,dinov2_embedding|patch_manifest|unknown,false,false,true,true,false,false,PREVIOUS_METADATA_BLOCKER_PRESENT|SENSOR_NOT_RESOLVED_TO_SENTINEL_2_OPTICAL,GUARDRAILS_PRESERVED_SENSOR_FAMILY_RESOLUTION_ONLY
CUR_00249,Curitiba,2,requires_manual_sensor_selection,blocked_derived_embedding_without_source_sensor,BLOCKED_DERIVED_EMBEDDING_WITHOUT_SOURCE_SENSOR,DINOV2_EMBEDDING_IS_DERIVED_NOT_ACQUISITION_SENSOR,REJECTED_DERIVED_EMBEDDING_ONLY,asset_ref_14262d7f0ad9|asset_ref_79eb6885c3b1|asset_ref_7baa4a4fd88e|asset_ref_92ac6849d293|asset_ref_933625e6669d|asset_ref_a25497097c27|asset_ref_b23d23f1ead3|asset_ref_b418a56dc8f6|asset_ref_c9bfbaf269be|asset_ref_e6e9940b4505|asset_ref_f812340e5748|asset_ref_fb797df9199b,dinov2_embedding|patch_manifest|unknown,false,false,true,true,false,false,PREVIOUS_METADATA_BLOCKER_PRESENT|SENSOR_NOT_RESOLVED_TO_SENTINEL_2_OPTICAL,GUARDRAILS_PRESERVED_SENSOR_FAMILY_RESOLUTION_ONLY
CUR_00350,Curitiba,1,requires_manual_sensor_selection,blocked_derived_embedding_without_source_sensor,BLOCKED_DERIVED_EMBEDDING_WITHOUT_SOURCE_SENSOR,DINOV2_EMBEDDING_IS_DERIVED_NOT_ACQUISITION_SENSOR,REJECTED_DERIVED_EMBEDDING_ONLY,asset_ref_08da15004ca4|asset_ref_0d04231d6921|asset_ref_28a999105802|asset_ref_4d596f48144d|asset_ref_5566cdb3984b|asset_ref_5fa499a6f3bf|asset_ref_862d537bed2b|asset_ref_ac0f2d8e72e8|asset_ref_b383153f7bdd|asset_ref_cf9e9086eeee|asset_ref_d6fb93903709|asset_ref_f0b53035d6fe,dinov2_embedding|patch_manifest|unknown,false,false,true,true,false,false,PREVIOUS_METADATA_BLOCKER_PRESENT|SENSOR_NOT_RESOLVED_TO_SENTINEL_2_OPTICAL,GUARDRAILS_PRESERVED_SENSOR_FAMILY_RESOLUTION_ONLY
CUR_00350,Curitiba,2,requires_manual_sensor_selection,blocked_derived_embedding_without_source_sensor,BLOCKED_DERIVED_EMBEDDING_WITHOUT_SOURCE_SENSOR,DINOV2_EMBEDDING_IS_DERIVED_NOT_ACQUISITION_SENSOR,REJECTED_DERIVED_EMBEDDING_ONLY,asset_ref_08da15004ca4|asset_ref_0d04231d6921|asset_ref_28a999105802|asset_ref_4d596f48144d|asset_ref_5566cdb3984b|asset_ref_5fa499a6f3bf|asset_ref_862d537bed2b|asset_ref_ac0f2d8e72e8|asset_ref_b383153f7bdd|asset_ref_cf9e9086eeee|asset_ref_d6fb93903709|asset_ref_f0b53035d6fe,dinov2_embedding|patch_manifest|unknown,false,false,true,true,false,false,PREVIOUS_METADATA_BLOCKER_PRESENT|SENSOR_NOT_RESOLVED_TO_SENTINEL_2_OPTICAL,GUARDRAILS_PRESERVED_SENSOR_FAMILY_RESOLUTION_ONLY
CUR_00357,Curitiba,1,requires_manual_sensor_selection,blocked_derived_embedding_without_source_sensor,BLOCKED_DERIVED_EMBEDDING_WITHOUT_SOURCE_SENSOR,DINOV2_EMBEDDING_IS_DERIVED_NOT_ACQUISITION_SENSOR,REJECTED_DERIVED_EMBEDDING_ONLY,asset_ref_2db5cde133a2|asset_ref_4641a5edfbe4|asset_ref_4afd3e921e79|asset_ref_59e822cd2fdd|asset_ref_6f1f0c00e3fb|asset_ref_8535bc891afd|asset_ref_c3e62d8425b2|asset_ref_c56af986c83b|asset_ref_c97cff8780b7|asset_ref_d176a65327ef|asset_ref_dce67ec7da96|asset_ref_e8d3026003ea,dinov2_embedding|patch_manifest|unknown,false,false,true,true,false,false,PREVIOUS_METADATA_BLOCKER_PRESENT|SENSOR_NOT_RESOLVED_TO_SENTINEL_2_OPTICAL,GUARDRAILS_PRESERVED_SENSOR_FAMILY_RESOLUTION_ONLY
CUR_00357,Curitiba,2,requires_manual_sensor_selection,blocked_derived_embedding_without_source_sensor,BLOCKED_DERIVED_EMBEDDING_WITHOUT_SOURCE_SENSOR,DINOV2_EMBEDDING_IS_DERIVED_NOT_ACQUISITION_SENSOR,REJECTED_DERIVED_EMBEDDING_ONLY,asset_ref_2db5cde133a2|asset_ref_4641a5edfbe4|asset_ref_4afd3e921e79|asset_ref_59e822cd2fdd|asset_ref_6f1f0c00e3fb|asset_ref_8535bc891afd|asset_ref_c3e62d8425b2|asset_ref_c56af986c83b|asset_ref_c97cff8780b7|asset_ref_d176a65327ef|asset_ref_dce67ec7da96|asset_ref_e8d3026003ea,dinov2_embedding|patch_manifest|unknown,false,false,true,true,false,false,PREVIOUS_METADATA_BLOCKER_PRESENT|SENSOR_NOT_RESOLVED_TO_SENTINEL_2_OPTICAL,GUARDRAILS_PRESERVED_SENSOR_FAMILY_RESOLUTION_ONLY
CUR_00367,Curitiba,1,requires_manual_sensor_selection,blocked_derived_embedding_without_source_sensor,BLOCKED_DERIVED_EMBEDDING_WITHOUT_SOURCE_SENSOR,DINOV2_EMBEDDING_IS_DERIVED_NOT_ACQUISITION_SENSOR,REJECTED_DERIVED_EMBEDDING_ONLY,asset_ref_12412f0a679f|asset_ref_16f53194e2a1|asset_ref_1b902db7623d|asset_ref_1ec9464a633f|asset_ref_3567dad3ba4a|asset_ref_391be07d2edd|asset_ref_7768c5fb67ee|asset_ref_d30e94fd6978|asset_ref_d3f4d780b6cc|asset_ref_ecb26678d8db|asset_ref_ee496dff3bbc|asset_ref_f3f1943bd18c,dinov2_embedding|patch_manifest|unknown,false,false,true,true,false,false,PREVIOUS_METADATA_BLOCKER_PRESENT|SENSOR_NOT_RESOLVED_TO_SENTINEL_2_OPTICAL,GUARDRAILS_PRESERVED_SENSOR_FAMILY_RESOLUTION_ONLY
CUR_00367,Curitiba,2,requires_manual_sensor_selection,blocked_derived_embedding_without_source_sensor,BLOCKED_DERIVED_EMBEDDING_WITHOUT_SOURCE_SENSOR,DINOV2_EMBEDDING_IS_DERIVED_NOT_ACQUISITION_SENSOR,REJECTED_DERIVED_EMBEDDING_ONLY,asset_ref_12412f0a679f|asset_ref_16f53194e2a1|asset_ref_1b902db7623d|asset_ref_1ec9464a633f|asset_ref_3567dad3ba4a|asset_ref_391be07d2edd|asset_ref_7768c5fb67ee|asset_ref_d30e94fd6978|asset_ref_d3f4d780b6cc|asset_ref_ecb26678d8db|asset_ref_ee496dff3bbc|asset_ref_f3f1943bd18c,dinov2_embedding|patch_manifest|unknown,false,false,true,true,false,false,PREVIOUS_METADATA_BLOCKER_PRESENT|SENSOR_NOT_RESOLVED_TO_SENTINEL_2_OPTICAL,GUARDRAILS_PRESERVED_SENSOR_FAMILY_RESOLUTION_ONLY
CUR_00402,Curitiba,1,requires_manual_sensor_selection,blocked_derived_embedding_without_source_sensor,BLOCKED_DERIVED_EMBEDDING_WITHOUT_SOURCE_SENSOR,DINOV2_EMBEDDING_IS_DERIVED_NOT_ACQUISITION_SENSOR,REJECTED_DERIVED_EMBEDDING_ONLY,asset_ref_0d1f64b6702b|asset_ref_1304b9850297|asset_ref_25c5feacae47|asset_ref_3d60549532bf|asset_ref_4e9c1623976d|asset_ref_52ada664fb1e|asset_ref_6ac8f028b0b3|asset_ref_abb1258df0f4|asset_ref_aed9bcb2fcd3|asset_ref_b4d9bae4340a|asset_ref_da92d4fcc038|asset_ref_f8cc3c28c84d,dinov2_embedding|patch_manifest|unknown,false,false,true,true,false,false,PREVIOUS_METADATA_BLOCKER_PRESENT|SENSOR_NOT_RESOLVED_TO_SENTINEL_2_OPTICAL,GUARDRAILS_PRESERVED_SENSOR_FAMILY_RESOLUTION_ONLY
CUR_00402,Curitiba,2,requires_manual_sensor_selection,blocked_derived_embedding_without_source_sensor,BLOCKED_DERIVED_EMBEDDING_WITHOUT_SOURCE_SENSOR,DINOV2_EMBEDDING_IS_DERIVED_NOT_ACQUISITION_SENSOR,REJECTED_DERIVED_EMBEDDING_ONLY,asset_ref_0d1f64b6702b|asset_ref_1304b9850297|asset_ref_25c5feacae47|asset_ref_3d60549532bf|asset_ref_4e9c1623976d|asset_ref_52ada664fb1e|asset_ref_6ac8f028b0b3|asset_ref_abb1258df0f4|asset_ref_aed9bcb2fcd3|asset_ref_b4d9bae4340a|asset_ref_da92d4fcc038|asset_ref_f8cc3c28c84d,dinov2_embedding|patch_manifest|unknown,false,false,true,true,false,false,PREVIOUS_METADATA_BLOCKER_PRESENT|SENSOR_NOT_RESOLVED_TO_SENTINEL_2_OPTICAL,GUARDRAILS_PRESERVED_SENSOR_FAMILY_RESOLUTION_ONLY
CUR_00409,Curitiba,1,requires_manual_sensor_selection,blocked_derived_embedding_without_source_sensor,BLOCKED_DERIVED_EMBEDDING_WITHOUT_SOURCE_SENSOR,DINOV2_EMBEDDING_IS_DERIVED_NOT_ACQUISITION_SENSOR,REJECTED_DERIVED_EMBEDDING_ONLY,asset_ref_02f97e3c7178|asset_ref_0ca0343d2f41|asset_ref_336347c28390|asset_ref_42313ac4323d|asset_ref_787c330ad6bc|asset_ref_ad0164fb6e19|asset_ref_b0c18f6d7c7a|asset_ref_b3ec3a00aeff|asset_ref_d06021407d72|asset_ref_ea470bbb9e0e|asset_ref_ee895da32bf7|asset_ref_ffcb8a1a31cb,dinov2_embedding|patch_manifest|unknown,false,false,true,true,false,false,PREVIOUS_METADATA_BLOCKER_PRESENT|SENSOR_NOT_RESOLVED_TO_SENTINEL_2_OPTICAL,GUARDRAILS_PRESERVED_SENSOR_FAMILY_RESOLUTION_ONLY
CUR_00409,Curitiba,2,requires_manual_sensor_selection,blocked_derived_embedding_without_source_sensor,BLOCKED_DERIVED_EMBEDDING_WITHOUT_SOURCE_SENSOR,DINOV2_EMBEDDING_IS_DERIVED_NOT_ACQUISITION_SENSOR,REJECTED_DERIVED_EMBEDDING_ONLY,asset_ref_02f97e3c7178|asset_ref_0ca0343d2f41|asset_ref_336347c28390|asset_ref_42313ac4323d|asset_ref_787c330ad6bc|asset_ref_ad0164fb6e19|asset_ref_b0c18f6d7c7a|asset_ref_b3ec3a00aeff|asset_ref_d06021407d72|asset_ref_ea470bbb9e0e|asset_ref_ee895da32bf7|asset_ref_ffcb8a1a31cb,dinov2_embedding|patch_manifest|unknown,false,false,true,true,false,false,PREVIOUS_METADATA_BLOCKER_PRESENT|SENSOR_NOT_RESOLVED_TO_SENTINEL_2_OPTICAL,GUARDRAILS_PRESERVED_SENSOR_FAMILY_RESOLUTION_ONLY
CUR_00410,Curitiba,1,requires_manual_sensor_selection,blocked_derived_embedding_without_source_sensor,BLOCKED_DERIVED_EMBEDDING_WITHOUT_SOURCE_SENSOR,DINOV2_EMBEDDING_IS_DERIVED_NOT_ACQUISITION_SENSOR,REJECTED_DERIVED_EMBEDDING_ONLY,asset_ref_1b1587bfa153|asset_ref_1f426b29d964|asset_ref_374eadac437e|asset_ref_53fb6e615486|asset_ref_5c62788f39ef|asset_ref_64f6b75c6ba3|asset_ref_8a3f9856b70c|asset_ref_a134e4d6b984|asset_ref_d6bc9771498c|asset_ref_d96ea5c8213f|asset_ref_e5a96d2df0e5|asset_ref_fc04acca90cb,dinov2_embedding|patch_manifest|unknown,false,false,true,true,false,false,PREVIOUS_METADATA_BLOCKER_PRESENT|SENSOR_NOT_RESOLVED_TO_SENTINEL_2_OPTICAL,GUARDRAILS_PRESERVED_SENSOR_FAMILY_RESOLUTION_ONLY
CUR_00410,Curitiba,2,requires_manual_sensor_selection,blocked_derived_embedding_without_source_sensor,BLOCKED_DERIVED_EMBEDDING_WITHOUT_SOURCE_SENSOR,DINOV2_EMBEDDING_IS_DERIVED_NOT_ACQUISITION_SENSOR,REJECTED_DERIVED_EMBEDDING_ONLY,asset_ref_1b1587bfa153|asset_ref_1f426b29d964|asset_ref_374eadac437e|asset_ref_53fb6e615486|asset_ref_5c62788f39ef|asset_ref_64f6b75c6ba3|asset_ref_8a3f9856b70c|asset_ref_a134e4d6b984|asset_ref_d6bc9771498c|asset_ref_d96ea5c8213f|asset_ref_e5a96d2df0e5|asset_ref_fc04acca90cb,dinov2_embedding|patch_manifest|unknown,false,false,true,true,false,false,PREVIOUS_METADATA_BLOCKER_PRESENT|SENSOR_NOT_RESOLVED_TO_SENTINEL_2_OPTICAL,GUARDRAILS_PRESERVED_SENSOR_FAMILY_RESOLUTION_ONLY
CUR_00413,Curitiba,1,requires_manual_sensor_selection,blocked_derived_embedding_without_source_sensor,BLOCKED_DERIVED_EMBEDDING_WITHOUT_SOURCE_SENSOR,DINOV2_EMBEDDING_IS_DERIVED_NOT_ACQUISITION_SENSOR,REJECTED_DERIVED_EMBEDDING_ONLY,asset_ref_0cf8e91cf341|asset_ref_15688398b726|asset_ref_1f6e0ab1e86b|asset_ref_3506a1ed5ddf|asset_ref_385d152d32b9|asset_ref_45481e63adcc|asset_ref_4e54e80a8c96|asset_ref_563d2bda56b2|asset_ref_58e71e827c4a|asset_ref_65fc3a59f740|asset_ref_8853f86f3863|asset_ref_9b9360129985,dinov2_embedding|patch_manifest|unknown,false,false,true,true,false,false,PREVIOUS_METADATA_BLOCKER_PRESENT|SENSOR_NOT_RESOLVED_TO_SENTINEL_2_OPTICAL,GUARDRAILS_PRESERVED_SENSOR_FAMILY_RESOLUTION_ONLY
CUR_00413,Curitiba,2,requires_manual_sensor_selection,blocked_derived_embedding_without_source_sensor,BLOCKED_DERIVED_EMBEDDING_WITHOUT_SOURCE_SENSOR,DINOV2_EMBEDDING_IS_DERIVED_NOT_ACQUISITION_SENSOR,REJECTED_DERIVED_EMBEDDING_ONLY,asset_ref_0cf8e91cf341|asset_ref_15688398b726|asset_ref_1f6e0ab1e86b|asset_ref_3506a1ed5ddf|asset_ref_385d152d32b9|asset_ref_45481e63adcc|asset_ref_4e54e80a8c96|asset_ref_563d2bda56b2|asset_ref_58e71e827c4a|asset_ref_65fc3a59f740|asset_ref_8853f86f3863|asset_ref_9b9360129985,dinov2_embedding|patch_manifest|unknown,false,false,true,true,false,false,PREVIOUS_METADATA_BLOCKER_PRESENT|SENSOR_NOT_RESOLVED_TO_SENTINEL_2_OPTICAL,GUARDRAILS_PRESERVED_SENSOR_FAMILY_RESOLUTION_ONLY
CUR_00416,Curitiba,1,requires_manual_sensor_selection,blocked_derived_embedding_without_source_sensor,BLOCKED_DERIVED_EMBEDDING_WITHOUT_SOURCE_SENSOR,DINOV2_EMBEDDING_IS_DERIVED_NOT_ACQUISITION_SENSOR,REJECTED_DERIVED_EMBEDDING_ONLY,asset_ref_001b126d3618|asset_ref_1a947e33e6fa|asset_ref_2c10fd660afd|asset_ref_4afa29ae99f7|asset_ref_5a3c7e9264d7|asset_ref_658420120f1c|asset_ref_6a7ecc97742e|asset_ref_7dbc55ea28d7|asset_ref_7e44161b27ae|asset_ref_b107a7defd74|asset_ref_bf05e393bf20|asset_ref_d3212da463ab,dinov2_embedding|patch_manifest|unknown,false,false,true,true,false,false,PREVIOUS_METADATA_BLOCKER_PRESENT|SENSOR_NOT_RESOLVED_TO_SENTINEL_2_OPTICAL,GUARDRAILS_PRESERVED_SENSOR_FAMILY_RESOLUTION_ONLY
CUR_00416,Curitiba,2,requires_manual_sensor_selection,blocked_derived_embedding_without_source_sensor,BLOCKED_DERIVED_EMBEDDING_WITHOUT_SOURCE_SENSOR,DINOV2_EMBEDDING_IS_DERIVED_NOT_ACQUISITION_SENSOR,REJECTED_DERIVED_EMBEDDING_ONLY,asset_ref_001b126d3618|asset_ref_1a947e33e6fa|asset_ref_2c10fd660afd|asset_ref_4afa29ae99f7|asset_ref_5a3c7e9264d7|asset_ref_658420120f1c|asset_ref_6a7ecc97742e|asset_ref_7dbc55ea28d7|asset_ref_7e44161b27ae|asset_ref_b107a7defd74|asset_ref_bf05e393bf20|asset_ref_d3212da463ab,dinov2_embedding|patch_manifest|unknown,false,false,true,true,false,false,PREVIOUS_METADATA_BLOCKER_PRESENT|SENSOR_NOT_RESOLVED_TO_SENTINEL_2_OPTICAL,GUARDRAILS_PRESERVED_SENSOR_FAMILY_RESOLUTION_ONLY
CUR_00445,Curitiba,1,requires_manual_sensor_selection,blocked_derived_embedding_without_source_sensor,BLOCKED_DERIVED_EMBEDDING_WITHOUT_SOURCE_SENSOR,DINOV2_EMBEDDING_IS_DERIVED_NOT_ACQUISITION_SENSOR,REJECTED_DERIVED_EMBEDDING_ONLY,asset_ref_0386cf01c149|asset_ref_25f612cd2b94|asset_ref_3766001f1557|asset_ref_5491d02b38db|asset_ref_5a85b263c9d4|asset_ref_5fd73cbf0fa6|asset_ref_83b715122f52|asset_ref_8fec9e903cf1|asset_ref_9fd0962b7e9c|asset_ref_a231d1079402|asset_ref_ca0fa91373ba|asset_ref_ec56a3a5676f,dinov2_embedding|patch_manifest|unknown,false,false,true,true,false,false,PREVIOUS_METADATA_BLOCKER_PRESENT|SENSOR_NOT_RESOLVED_TO_SENTINEL_2_OPTICAL,GUARDRAILS_PRESERVED_SENSOR_FAMILY_RESOLUTION_ONLY
CUR_00445,Curitiba,2,requires_manual_sensor_selection,blocked_derived_embedding_without_source_sensor,BLOCKED_DERIVED_EMBEDDING_WITHOUT_SOURCE_SENSOR,DINOV2_EMBEDDING_IS_DERIVED_NOT_ACQUISITION_SENSOR,REJECTED_DERIVED_EMBEDDING_ONLY,asset_ref_0386cf01c149|asset_ref_25f612cd2b94|asset_ref_3766001f1557|asset_ref_5491d02b38db|asset_ref_5a85b263c9d4|asset_ref_5fd73cbf0fa6|asset_ref_83b715122f52|asset_ref_8fec9e903cf1|asset_ref_9fd0962b7e9c|asset_ref_a231d1079402|asset_ref_ca0fa91373ba|asset_ref_ec56a3a5676f,dinov2_embedding|patch_manifest|unknown,false,false,true,true,false,false,PREVIOUS_METADATA_BLOCKER_PRESENT|SENSOR_NOT_RESOLVED_TO_SENTINEL_2_OPTICAL,GUARDRAILS_PRESERVED_SENSOR_FAMILY_RESOLUTION_ONLY
CUR_00446,Curitiba,1,requires_manual_sensor_selection,blocked_derived_embedding_without_source_sensor,BLOCKED_DERIVED_EMBEDDING_WITHOUT_SOURCE_SENSOR,DINOV2_EMBEDDING_IS_DERIVED_NOT_ACQUISITION_SENSOR,REJECTED_DERIVED_EMBEDDING_ONLY,asset_ref_0002d47465e5|asset_ref_0ea0b2f9a021|asset_ref_30a9fc27c8ca|asset_ref_30ec4a4f281e|asset_ref_6ee83d81ff2f|asset_ref_87ec80398c41|asset_ref_8e9534cbb888|asset_ref_931315b42e27|asset_ref_9cb24c2eff65|asset_ref_a24e3a03b902|asset_ref_a78b977dac6e|asset_ref_f4388c12e268,dinov2_embedding|patch_manifest|unknown,false,false,true,true,false,false,PREVIOUS_METADATA_BLOCKER_PRESENT|SENSOR_NOT_RESOLVED_TO_SENTINEL_2_OPTICAL,GUARDRAILS_PRESERVED_SENSOR_FAMILY_RESOLUTION_ONLY
CUR_00446,Curitiba,2,requires_manual_sensor_selection,blocked_derived_embedding_without_source_sensor,BLOCKED_DERIVED_EMBEDDING_WITHOUT_SOURCE_SENSOR,DINOV2_EMBEDDING_IS_DERIVED_NOT_ACQUISITION_SENSOR,REJECTED_DERIVED_EMBEDDING_ONLY,asset_ref_0002d47465e5|asset_ref_0ea0b2f9a021|asset_ref_30a9fc27c8ca|asset_ref_30ec4a4f281e|asset_ref_6ee83d81ff2f|asset_ref_87ec80398c41|asset_ref_8e9534cbb888|asset_ref_931315b42e27|asset_ref_9cb24c2eff65|asset_ref_a24e3a03b902|asset_ref_a78b977dac6e|asset_ref_f4388c12e268,dinov2_embedding|patch_manifest|unknown,false,false,true,true,false,false,PREVIOUS_METADATA_BLOCKER_PRESENT|SENSOR_NOT_RESOLVED_TO_SENTINEL_2_OPTICAL,GUARDRAILS_PRESERVED_SENSOR_FAMILY_RESOLUTION_ONLY
CUR_00597,Curitiba,1,requires_manual_sensor_selection,blocked_derived_embedding_without_source_sensor,BLOCKED_DERIVED_EMBEDDING_WITHOUT_SOURCE_SENSOR,DINOV2_EMBEDDING_IS_DERIVED_NOT_ACQUISITION_SENSOR,REJECTED_DERIVED_EMBEDDING_ONLY,asset_ref_0a3bc9b8816c|asset_ref_1279f9094245|asset_ref_18ec7f234480|asset_ref_51729c1d146e|asset_ref_5e565bb282e2|asset_ref_66926c4f96d1|asset_ref_675cc23881ac|asset_ref_96ba9e81b223|asset_ref_994d4840b779|asset_ref_ab788e51ad97|asset_ref_d4eebf75d0be|asset_ref_e221423455f0,dinov2_embedding|patch_manifest|unknown,false,false,true,true,false,false,PREVIOUS_METADATA_BLOCKER_PRESENT|SENSOR_NOT_RESOLVED_TO_SENTINEL_2_OPTICAL,GUARDRAILS_PRESERVED_SENSOR_FAMILY_RESOLUTION_ONLY
CUR_00597,Curitiba,2,requires_manual_sensor_selection,blocked_derived_embedding_without_source_sensor,BLOCKED_DERIVED_EMBEDDING_WITHOUT_SOURCE_SENSOR,DINOV2_EMBEDDING_IS_DERIVED_NOT_ACQUISITION_SENSOR,REJECTED_DERIVED_EMBEDDING_ONLY,asset_ref_0a3bc9b8816c|asset_ref_1279f9094245|asset_ref_18ec7f234480|asset_ref_51729c1d146e|asset_ref_5e565bb282e2|asset_ref_66926c4f96d1|asset_ref_675cc23881ac|asset_ref_96ba9e81b223|asset_ref_994d4840b779|asset_ref_ab788e51ad97|asset_ref_d4eebf75d0be|asset_ref_e221423455f0,dinov2_embedding|patch_manifest|unknown,false,false,true,true,false,false,PREVIOUS_METADATA_BLOCKER_PRESENT|SENSOR_NOT_RESOLVED_TO_SENTINEL_2_OPTICAL,GUARDRAILS_PRESERVED_SENSOR_FAMILY_RESOLUTION_ONLY
CUR_00661,Curitiba,1,requires_manual_sensor_selection,blocked_derived_embedding_without_source_sensor,BLOCKED_DERIVED_EMBEDDING_WITHOUT_SOURCE_SENSOR,DINOV2_EMBEDDING_IS_DERIVED_NOT_ACQUISITION_SENSOR,REJECTED_DERIVED_EMBEDDING_ONLY,asset_ref_01d4d491b559|asset_ref_0274a9d654db|asset_ref_318203f8b160|asset_ref_3844b820d511|asset_ref_455fcb177659|asset_ref_57498af434dc|asset_ref_74960d31ed82|asset_ref_7668b184d73f|asset_ref_83849827ff1f|asset_ref_8eeeb5d3548e|asset_ref_ae921a4fc374|asset_ref_cc7cf91c9d5b,dinov2_embedding|patch_manifest|unknown,false,false,true,true,false,false,PREVIOUS_METADATA_BLOCKER_PRESENT|SENSOR_NOT_RESOLVED_TO_SENTINEL_2_OPTICAL,GUARDRAILS_PRESERVED_SENSOR_FAMILY_RESOLUTION_ONLY
CUR_00661,Curitiba,2,requires_manual_sensor_selection,blocked_derived_embedding_without_source_sensor,BLOCKED_DERIVED_EMBEDDING_WITHOUT_SOURCE_SENSOR,DINOV2_EMBEDDING_IS_DERIVED_NOT_ACQUISITION_SENSOR,REJECTED_DERIVED_EMBEDDING_ONLY,asset_ref_01d4d491b559|asset_ref_0274a9d654db|asset_ref_318203f8b160|asset_ref_3844b820d511|asset_ref_455fcb177659|asset_ref_57498af434dc|asset_ref_74960d31ed82|asset_ref_7668b184d73f|asset_ref_83849827ff1f|asset_ref_8eeeb5d3548e|asset_ref_ae921a4fc374|asset_ref_cc7cf91c9d5b,dinov2_embedding|patch_manifest|unknown,false,false,true,true,false,false,PREVIOUS_METADATA_BLOCKER_PRESENT|SENSOR_NOT_RESOLVED_TO_SENTINEL_2_OPTICAL,GUARDRAILS_PRESERVED_SENSOR_FAMILY_RESOLUTION_ONLY
CUR_00662,Curitiba,1,requires_manual_sensor_selection,blocked_derived_embedding_without_source_sensor,BLOCKED_DERIVED_EMBEDDING_WITHOUT_SOURCE_SENSOR,DINOV2_EMBEDDING_IS_DERIVED_NOT_ACQUISITION_SENSOR,REJECTED_DERIVED_EMBEDDING_ONLY,asset_ref_0c0b6ef50059|asset_ref_2b0d958e73fa|asset_ref_369b0f0b0ce2|asset_ref_451136d9298d|asset_ref_5b8939e12f33|asset_ref_8bc75a9d9be4|asset_ref_8d2c80c0180a|asset_ref_9e226cedba0d|asset_ref_a2d341cbb1b1|asset_ref_b30a47a78a2b|asset_ref_c9a5e6b212ec|asset_ref_cf87a5c51b17,dinov2_embedding|patch_manifest|unknown,false,false,true,true,false,false,PREVIOUS_METADATA_BLOCKER_PRESENT|SENSOR_NOT_RESOLVED_TO_SENTINEL_2_OPTICAL,GUARDRAILS_PRESERVED_SENSOR_FAMILY_RESOLUTION_ONLY
CUR_00662,Curitiba,2,requires_manual_sensor_selection,blocked_derived_embedding_without_source_sensor,BLOCKED_DERIVED_EMBEDDING_WITHOUT_SOURCE_SENSOR,DINOV2_EMBEDDING_IS_DERIVED_NOT_ACQUISITION_SENSOR,REJECTED_DERIVED_EMBEDDING_ONLY,asset_ref_0c0b6ef50059|asset_ref_2b0d958e73fa|asset_ref_369b0f0b0ce2|asset_ref_451136d9298d|asset_ref_5b8939e12f33|asset_ref_8bc75a9d9be4|asset_ref_8d2c80c0180a|asset_ref_9e226cedba0d|asset_ref_a2d341cbb1b1|asset_ref_b30a47a78a2b|asset_ref_c9a5e6b212ec|asset_ref_cf87a5c51b17,dinov2_embedding|patch_manifest|unknown,false,false,true,true,false,false,PREVIOUS_METADATA_BLOCKER_PRESENT|SENSOR_NOT_RESOLVED_TO_SENTINEL_2_OPTICAL,GUARDRAILS_PRESERVED_SENSOR_FAMILY_RESOLUTION_ONLY
CUR_00695,Curitiba,1,requires_manual_sensor_selection,blocked_derived_embedding_without_source_sensor,BLOCKED_DERIVED_EMBEDDING_WITHOUT_SOURCE_SENSOR,DINOV2_EMBEDDING_IS_DERIVED_NOT_ACQUISITION_SENSOR,REJECTED_DERIVED_EMBEDDING_ONLY,asset_ref_02fda185e1a1|asset_ref_1df76356ae4b|asset_ref_3f3030baea75|asset_ref_496446f831fc|asset_ref_51e5296759ee|asset_ref_5b977a4fbe54|asset_ref_6fd4a39747f9|asset_ref_7a6a7001870b|asset_ref_8b8dda94d7f4|asset_ref_a979eb411969|asset_ref_b5b8fc8e8bf8|asset_ref_d32bf6e10be4,dinov2_embedding|patch_manifest|unknown,false,false,true,true,false,false,PREVIOUS_METADATA_BLOCKER_PRESENT|SENSOR_NOT_RESOLVED_TO_SENTINEL_2_OPTICAL,GUARDRAILS_PRESERVED_SENSOR_FAMILY_RESOLUTION_ONLY
CUR_00695,Curitiba,2,requires_manual_sensor_selection,blocked_derived_embedding_without_source_sensor,BLOCKED_DERIVED_EMBEDDING_WITHOUT_SOURCE_SENSOR,DINOV2_EMBEDDING_IS_DERIVED_NOT_ACQUISITION_SENSOR,REJECTED_DERIVED_EMBEDDING_ONLY,asset_ref_02fda185e1a1|asset_ref_1df76356ae4b|asset_ref_3f3030baea75|asset_ref_496446f831fc|asset_ref_51e5296759ee|asset_ref_5b977a4fbe54|asset_ref_6fd4a39747f9|asset_ref_7a6a7001870b|asset_ref_8b8dda94d7f4|asset_ref_a979eb411969|asset_ref_b5b8fc8e8bf8|asset_ref_d32bf6e10be4,dinov2_embedding|patch_manifest|unknown,false,false,true,true,false,false,PREVIOUS_METADATA_BLOCKER_PRESENT|SENSOR_NOT_RESOLVED_TO_SENTINEL_2_OPTICAL,GUARDRAILS_PRESERVED_SENSOR_FAMILY_RESOLUTION_ONLY
CUR_00728,Curitiba,1,requires_manual_sensor_selection,blocked_derived_embedding_without_source_sensor,BLOCKED_DERIVED_EMBEDDING_WITHOUT_SOURCE_SENSOR,DINOV2_EMBEDDING_IS_DERIVED_NOT_ACQUISITION_SENSOR,REJECTED_DERIVED_EMBEDDING_ONLY,asset_ref_28723d782a1a|asset_ref_29d0177b0b35|asset_ref_365b873e9f47|asset_ref_3cb523ae5258|asset_ref_54dfd02cf4a5|asset_ref_8e9c1bf66c3c|asset_ref_95e17d2bb04c|asset_ref_a65d22a38480|asset_ref_a9546721215d|asset_ref_dbe59f3f06df|asset_ref_f8fde4f7ae4f|asset_ref_fe4e4e255ec7,dinov2_embedding|patch_manifest|unknown,false,false,true,true,false,false,PREVIOUS_METADATA_BLOCKER_PRESENT|SENSOR_NOT_RESOLVED_TO_SENTINEL_2_OPTICAL,GUARDRAILS_PRESERVED_SENSOR_FAMILY_RESOLUTION_ONLY
CUR_00728,Curitiba,2,requires_manual_sensor_selection,blocked_derived_embedding_without_source_sensor,BLOCKED_DERIVED_EMBEDDING_WITHOUT_SOURCE_SENSOR,DINOV2_EMBEDDING_IS_DERIVED_NOT_ACQUISITION_SENSOR,REJECTED_DERIVED_EMBEDDING_ONLY,asset_ref_28723d782a1a|asset_ref_29d0177b0b35|asset_ref_365b873e9f47|asset_ref_3cb523ae5258|asset_ref_54dfd02cf4a5|asset_ref_8e9c1bf66c3c|asset_ref_95e17d2bb04c|asset_ref_a65d22a38480|asset_ref_a9546721215d|asset_ref_dbe59f3f06df|asset_ref_f8fde4f7ae4f|asset_ref_fe4e4e255ec7,dinov2_embedding|patch_manifest|unknown,false,false,true,true,false,false,PREVIOUS_METADATA_BLOCKER_PRESENT|SENSOR_NOT_RESOLVED_TO_SENTINEL_2_OPTICAL,GUARDRAILS_PRESERVED_SENSOR_FAMILY_RESOLUTION_ONLY
CUR_00740,Curitiba,1,requires_manual_sensor_selection,blocked_derived_embedding_without_source_sensor,BLOCKED_DERIVED_EMBEDDING_WITHOUT_SOURCE_SENSOR,DINOV2_EMBEDDING_IS_DERIVED_NOT_ACQUISITION_SENSOR,REJECTED_DERIVED_EMBEDDING_ONLY,asset_ref_00d5a0dfc161|asset_ref_257d40571e79|asset_ref_2e0dc7c9e013|asset_ref_2f8efd6519b8|asset_ref_58421c23cab0|asset_ref_62c1cde979a3|asset_ref_8f3ef39ebb88|asset_ref_9ef8b5619541|asset_ref_abda4bda57f9|asset_ref_ae8654910a7e|asset_ref_f7b1c945da6c|asset_ref_fb7ca9f6c357,dinov2_embedding|patch_manifest|unknown,false,false,true,true,false,false,PREVIOUS_METADATA_BLOCKER_PRESENT|SENSOR_NOT_RESOLVED_TO_SENTINEL_2_OPTICAL,GUARDRAILS_PRESERVED_SENSOR_FAMILY_RESOLUTION_ONLY
CUR_00740,Curitiba,2,requires_manual_sensor_selection,blocked_derived_embedding_without_source_sensor,BLOCKED_DERIVED_EMBEDDING_WITHOUT_SOURCE_SENSOR,DINOV2_EMBEDDING_IS_DERIVED_NOT_ACQUISITION_SENSOR,REJECTED_DERIVED_EMBEDDING_ONLY,asset_ref_00d5a0dfc161|asset_ref_257d40571e79|asset_ref_2e0dc7c9e013|asset_ref_2f8efd6519b8|asset_ref_58421c23cab0|asset_ref_62c1cde979a3|asset_ref_8f3ef39ebb88|asset_ref_9ef8b5619541|asset_ref_abda4bda57f9|asset_ref_ae8654910a7e|asset_ref_f7b1c945da6c|asset_ref_fb7ca9f6c357,dinov2_embedding|patch_manifest|unknown,false,false,true,true,false,false,PREVIOUS_METADATA_BLOCKER_PRESENT|SENSOR_NOT_RESOLVED_TO_SENTINEL_2_OPTICAL,GUARDRAILS_PRESERVED_SENSOR_FAMILY_RESOLUTION_ONLY
CUR_00887,Curitiba,1,requires_manual_sensor_selection,blocked_derived_embedding_without_source_sensor,BLOCKED_DERIVED_EMBEDDING_WITHOUT_SOURCE_SENSOR,DINOV2_EMBEDDING_IS_DERIVED_NOT_ACQUISITION_SENSOR,REJECTED_DERIVED_EMBEDDING_ONLY,asset_ref_0d8c6c51a1fc|asset_ref_103245aafd14|asset_ref_124575c76062|asset_ref_5575044e8d5c|asset_ref_5c89e54bfed1|asset_ref_69262a11210d|asset_ref_79c845af5396|asset_ref_7ea6f296e4d9|asset_ref_9154e40c5694|asset_ref_9973d534ad7b|asset_ref_c475e1c4ad32|asset_ref_eaacab8ddfff,dinov2_embedding|patch_manifest|unknown,false,false,true,true,false,false,PREVIOUS_METADATA_BLOCKER_PRESENT|SENSOR_NOT_RESOLVED_TO_SENTINEL_2_OPTICAL,GUARDRAILS_PRESERVED_SENSOR_FAMILY_RESOLUTION_ONLY
CUR_00887,Curitiba,2,requires_manual_sensor_selection,blocked_derived_embedding_without_source_sensor,BLOCKED_DERIVED_EMBEDDING_WITHOUT_SOURCE_SENSOR,DINOV2_EMBEDDING_IS_DERIVED_NOT_ACQUISITION_SENSOR,REJECTED_DERIVED_EMBEDDING_ONLY,asset_ref_0d8c6c51a1fc|asset_ref_103245aafd14|asset_ref_124575c76062|asset_ref_5575044e8d5c|asset_ref_5c89e54bfed1|asset_ref_69262a11210d|asset_ref_79c845af5396|asset_ref_7ea6f296e4d9|asset_ref_9154e40c5694|asset_ref_9973d534ad7b|asset_ref_c475e1c4ad32|asset_ref_eaacab8ddfff,dinov2_embedding|patch_manifest|unknown,false,false,true,true,false,false,PREVIOUS_METADATA_BLOCKER_PRESENT|SENSOR_NOT_RESOLVED_TO_SENTINEL_2_OPTICAL,GUARDRAILS_PRESERVED_SENSOR_FAMILY_RESOLUTION_ONLY
CUR_00888,Curitiba,1,requires_manual_sensor_selection,blocked_derived_embedding_without_source_sensor,BLOCKED_DERIVED_EMBEDDING_WITHOUT_SOURCE_SENSOR,DINOV2_EMBEDDING_IS_DERIVED_NOT_ACQUISITION_SENSOR,REJECTED_DERIVED_EMBEDDING_ONLY,asset_ref_3858be6d507d|asset_ref_4567cdb64110|asset_ref_5498bcefc526|asset_ref_584d0bddf5ce|asset_ref_8648fe7d0ee0|asset_ref_8bc2cc085e37|asset_ref_9889c718ed85|asset_ref_9eef30adc9a9|asset_ref_a087a6b72b6f|asset_ref_e380b7733c60|asset_ref_e7b139ed6d63|asset_ref_f98f07ea3cb0,dinov2_embedding|patch_manifest|unknown,false,false,true,true,false,false,PREVIOUS_METADATA_BLOCKER_PRESENT|SENSOR_NOT_RESOLVED_TO_SENTINEL_2_OPTICAL,GUARDRAILS_PRESERVED_SENSOR_FAMILY_RESOLUTION_ONLY
CUR_00888,Curitiba,2,requires_manual_sensor_selection,blocked_derived_embedding_without_source_sensor,BLOCKED_DERIVED_EMBEDDING_WITHOUT_SOURCE_SENSOR,DINOV2_EMBEDDING_IS_DERIVED_NOT_ACQUISITION_SENSOR,REJECTED_DERIVED_EMBEDDING_ONLY,asset_ref_3858be6d507d|asset_ref_4567cdb64110|asset_ref_5498bcefc526|asset_ref_584d0bddf5ce|asset_ref_8648fe7d0ee0|asset_ref_8bc2cc085e37|asset_ref_9889c718ed85|asset_ref_9eef30adc9a9|asset_ref_a087a6b72b6f|asset_ref_e380b7733c60|asset_ref_e7b139ed6d63|asset_ref_f98f07ea3cb0,dinov2_embedding|patch_manifest|unknown,false,false,true,true,false,false,PREVIOUS_METADATA_BLOCKER_PRESENT|SENSOR_NOT_RESOLVED_TO_SENTINEL_2_OPTICAL,GUARDRAILS_PRESERVED_SENSOR_FAMILY_RESOLUTION_ONLY
CUR_00889,Curitiba,1,requires_manual_sensor_selection,blocked_derived_embedding_without_source_sensor,BLOCKED_DERIVED_EMBEDDING_WITHOUT_SOURCE_SENSOR,DINOV2_EMBEDDING_IS_DERIVED_NOT_ACQUISITION_SENSOR,REJECTED_DERIVED_EMBEDDING_ONLY,asset_ref_11252fea25e4|asset_ref_47b009a186be|asset_ref_613f5a9fe633|asset_ref_7754178ab364|asset_ref_807aaa4f032c|asset_ref_8a60d04f37aa|asset_ref_8d541523bbe1|asset_ref_922488ea2893|asset_ref_b0f7ce14a92c|asset_ref_f50a1d48e049|asset_ref_f638fd6fd828|asset_ref_ff38fa26f76e,dinov2_embedding|patch_manifest|unknown,false,false,true,true,false,false,PREVIOUS_METADATA_BLOCKER_PRESENT|SENSOR_NOT_RESOLVED_TO_SENTINEL_2_OPTICAL,GUARDRAILS_PRESERVED_SENSOR_FAMILY_RESOLUTION_ONLY
CUR_00889,Curitiba,2,requires_manual_sensor_selection,blocked_derived_embedding_without_source_sensor,BLOCKED_DERIVED_EMBEDDING_WITHOUT_SOURCE_SENSOR,DINOV2_EMBEDDING_IS_DERIVED_NOT_ACQUISITION_SENSOR,REJECTED_DERIVED_EMBEDDING_ONLY,asset_ref_11252fea25e4|asset_ref_47b009a186be|asset_ref_613f5a9fe633|asset_ref_7754178ab364|asset_ref_807aaa4f032c|asset_ref_8a60d04f37aa|asset_ref_8d541523bbe1|asset_ref_922488ea2893|asset_ref_b0f7ce14a92c|asset_ref_f50a1d48e049|asset_ref_f638fd6fd828|asset_ref_ff38fa26f76e,dinov2_embedding|patch_manifest|unknown,false,false,true,true,false,false,PREVIOUS_METADATA_BLOCKER_PRESENT|SENSOR_NOT_RESOLVED_TO_SENTINEL_2_OPTICAL,GUARDRAILS_PRESERVED_SENSOR_FAMILY_RESOLUTION_ONLY
CUR_00895,Curitiba,1,requires_manual_sensor_selection,blocked_derived_embedding_without_source_sensor,BLOCKED_DERIVED_EMBEDDING_WITHOUT_SOURCE_SENSOR,DINOV2_EMBEDDING_IS_DERIVED_NOT_ACQUISITION_SENSOR,REJECTED_DERIVED_EMBEDDING_ONLY,asset_ref_096c0a785f0c|asset_ref_0f5194149030|asset_ref_2548dd23f901|asset_ref_317a6c9e9d7c|asset_ref_670671629063|asset_ref_69637d1cf416|asset_ref_859f8f13d5eb|asset_ref_9641dcd66d4f|asset_ref_a5510e69f3f5|asset_ref_ac7b8141956f|asset_ref_b4f5f6a36578|asset_ref_bd606345c76a,dinov2_embedding|patch_manifest|unknown,false,false,true,true,false,false,PREVIOUS_METADATA_BLOCKER_PRESENT|SENSOR_NOT_RESOLVED_TO_SENTINEL_2_OPTICAL,GUARDRAILS_PRESERVED_SENSOR_FAMILY_RESOLUTION_ONLY
CUR_00895,Curitiba,2,requires_manual_sensor_selection,blocked_derived_embedding_without_source_sensor,BLOCKED_DERIVED_EMBEDDING_WITHOUT_SOURCE_SENSOR,DINOV2_EMBEDDING_IS_DERIVED_NOT_ACQUISITION_SENSOR,REJECTED_DERIVED_EMBEDDING_ONLY,asset_ref_096c0a785f0c|asset_ref_0f5194149030|asset_ref_2548dd23f901|asset_ref_317a6c9e9d7c|asset_ref_670671629063|asset_ref_69637d1cf416|asset_ref_859f8f13d5eb|asset_ref_9641dcd66d4f|asset_ref_a5510e69f3f5|asset_ref_ac7b8141956f|asset_ref_b4f5f6a36578|asset_ref_bd606345c76a,dinov2_embedding|patch_manifest|unknown,false,false,true,true,false,false,PREVIOUS_METADATA_BLOCKER_PRESENT|SENSOR_NOT_RESOLVED_TO_SENTINEL_2_OPTICAL,GUARDRAILS_PRESERVED_SENSOR_FAMILY_RESOLUTION_ONLY
CUR_00899,Curitiba,1,requires_manual_sensor_selection,blocked_derived_embedding_without_source_sensor,BLOCKED_DERIVED_EMBEDDING_WITHOUT_SOURCE_SENSOR,DINOV2_EMBEDDING_IS_DERIVED_NOT_ACQUISITION_SENSOR,REJECTED_DERIVED_EMBEDDING_ONLY,asset_ref_156abf3a7eee|asset_ref_458255aaf7ab|asset_ref_6ff3932e146f|asset_ref_91d106795f8c|asset_ref_96de3b2102b4|asset_ref_a1064c33d3d7|asset_ref_a2ac960f076c|asset_ref_a30574787552|asset_ref_c83eab123db9|asset_ref_c8da43d5fac3|asset_ref_f106acc0b7e6|asset_ref_f300c2241d15,dinov2_embedding|patch_manifest|unknown,false,false,true,true,false,false,PREVIOUS_METADATA_BLOCKER_PRESENT|SENSOR_NOT_RESOLVED_TO_SENTINEL_2_OPTICAL,GUARDRAILS_PRESERVED_SENSOR_FAMILY_RESOLUTION_ONLY
CUR_00899,Curitiba,2,requires_manual_sensor_selection,blocked_derived_embedding_without_source_sensor,BLOCKED_DERIVED_EMBEDDING_WITHOUT_SOURCE_SENSOR,DINOV2_EMBEDDING_IS_DERIVED_NOT_ACQUISITION_SENSOR,REJECTED_DERIVED_EMBEDDING_ONLY,asset_ref_156abf3a7eee|asset_ref_458255aaf7ab|asset_ref_6ff3932e146f|asset_ref_91d106795f8c|asset_ref_96de3b2102b4|asset_ref_a1064c33d3d7|asset_ref_a2ac960f076c|asset_ref_a30574787552|asset_ref_c83eab123db9|asset_ref_c8da43d5fac3|asset_ref_f106acc0b7e6|asset_ref_f300c2241d15,dinov2_embedding|patch_manifest|unknown,false,false,true,true,false,false,PREVIOUS_METADATA_BLOCKER_PRESENT|SENSOR_NOT_RESOLVED_TO_SENTINEL_2_OPTICAL,GUARDRAILS_PRESERVED_SENSOR_FAMILY_RESOLUTION_ONLY
CUR_00924,Curitiba,1,requires_manual_sensor_selection,blocked_derived_embedding_without_source_sensor,BLOCKED_DERIVED_EMBEDDING_WITHOUT_SOURCE_SENSOR,DINOV2_EMBEDDING_IS_DERIVED_NOT_ACQUISITION_SENSOR,REJECTED_DERIVED_EMBEDDING_ONLY,asset_ref_1aec9de19323|asset_ref_1bfe2a0cb8aa|asset_ref_1ed95b9c4832|asset_ref_4068ac8f3abc|asset_ref_4634fe0f439f|asset_ref_4847585f0f8f|asset_ref_5d0e6fedc57c|asset_ref_7ed470ebe49c|asset_ref_854d298e4350|asset_ref_b69d48a73c2d|asset_ref_c28afff439bd|asset_ref_f3f46d28e2f0,dinov2_embedding|patch_manifest|unknown,false,false,true,true,false,false,PREVIOUS_METADATA_BLOCKER_PRESENT|SENSOR_NOT_RESOLVED_TO_SENTINEL_2_OPTICAL,GUARDRAILS_PRESERVED_SENSOR_FAMILY_RESOLUTION_ONLY
CUR_00924,Curitiba,2,requires_manual_sensor_selection,blocked_derived_embedding_without_source_sensor,BLOCKED_DERIVED_EMBEDDING_WITHOUT_SOURCE_SENSOR,DINOV2_EMBEDDING_IS_DERIVED_NOT_ACQUISITION_SENSOR,REJECTED_DERIVED_EMBEDDING_ONLY,asset_ref_1aec9de19323|asset_ref_1bfe2a0cb8aa|asset_ref_1ed95b9c4832|asset_ref_4068ac8f3abc|asset_ref_4634fe0f439f|asset_ref_4847585f0f8f|asset_ref_5d0e6fedc57c|asset_ref_7ed470ebe49c|asset_ref_854d298e4350|asset_ref_b69d48a73c2d|asset_ref_c28afff439bd|asset_ref_f3f46d28e2f0,dinov2_embedding|patch_manifest|unknown,false,false,true,true,false,false,PREVIOUS_METADATA_BLOCKER_PRESENT|SENSOR_NOT_RESOLVED_TO_SENTINEL_2_OPTICAL,GUARDRAILS_PRESERVED_SENSOR_FAMILY_RESOLUTION_ONLY
CUR_00930,Curitiba,1,requires_manual_sensor_selection,blocked_derived_embedding_without_source_sensor,BLOCKED_DERIVED_EMBEDDING_WITHOUT_SOURCE_SENSOR,DINOV2_EMBEDDING_IS_DERIVED_NOT_ACQUISITION_SENSOR,REJECTED_DERIVED_EMBEDDING_ONLY,asset_ref_07ffac4ca905|asset_ref_1f73f60db562|asset_ref_24aa3db25ac9|asset_ref_292f7d29fbbe|asset_ref_44fff7bd0faa|asset_ref_5c0a81dbe855|asset_ref_7e532595a4f7|asset_ref_8e87d9551bb3|asset_ref_99e016c012a6|asset_ref_a5acd28a4315|asset_ref_d20c8a939c56|asset_ref_fc84428b7cf5,dinov2_embedding|patch_manifest|unknown,false,false,true,true,false,false,PREVIOUS_METADATA_BLOCKER_PRESENT|SENSOR_NOT_RESOLVED_TO_SENTINEL_2_OPTICAL,GUARDRAILS_PRESERVED_SENSOR_FAMILY_RESOLUTION_ONLY
CUR_00930,Curitiba,2,requires_manual_sensor_selection,blocked_derived_embedding_without_source_sensor,BLOCKED_DERIVED_EMBEDDING_WITHOUT_SOURCE_SENSOR,DINOV2_EMBEDDING_IS_DERIVED_NOT_ACQUISITION_SENSOR,REJECTED_DERIVED_EMBEDDING_ONLY,asset_ref_07ffac4ca905|asset_ref_1f73f60db562|asset_ref_24aa3db25ac9|asset_ref_292f7d29fbbe|asset_ref_44fff7bd0faa|asset_ref_5c0a81dbe855|asset_ref_7e532595a4f7|asset_ref_8e87d9551bb3|asset_ref_99e016c012a6|asset_ref_a5acd28a4315|asset_ref_d20c8a939c56|asset_ref_fc84428b7cf5,dinov2_embedding|patch_manifest|unknown,false,false,true,true,false,false,PREVIOUS_METADATA_BLOCKER_PRESENT|SENSOR_NOT_RESOLVED_TO_SENTINEL_2_OPTICAL,GUARDRAILS_PRESERVED_SENSOR_FAMILY_RESOLUTION_ONLY
CUR_00934,Curitiba,1,requires_manual_sensor_selection,blocked_derived_embedding_without_source_sensor,BLOCKED_DERIVED_EMBEDDING_WITHOUT_SOURCE_SENSOR,DINOV2_EMBEDDING_IS_DERIVED_NOT_ACQUISITION_SENSOR,REJECTED_DERIVED_EMBEDDING_ONLY,asset_ref_052b11b02e79|asset_ref_217526e9a2ff|asset_ref_2e414eeab5a0|asset_ref_6071c8490242|asset_ref_65fcc1b932ae|asset_ref_6d0dc0434c2c|asset_ref_6d6751e33033|asset_ref_8a5d9ad9b0f0|asset_ref_8b3a241f8578|asset_ref_9a92be0b6417|asset_ref_cb1c268ae219|asset_ref_f8c36f4bfa91,dinov2_embedding|patch_manifest|unknown,false,false,true,true,false,false,PREVIOUS_METADATA_BLOCKER_PRESENT|SENSOR_NOT_RESOLVED_TO_SENTINEL_2_OPTICAL,GUARDRAILS_PRESERVED_SENSOR_FAMILY_RESOLUTION_ONLY
CUR_00934,Curitiba,2,requires_manual_sensor_selection,blocked_derived_embedding_without_source_sensor,BLOCKED_DERIVED_EMBEDDING_WITHOUT_SOURCE_SENSOR,DINOV2_EMBEDDING_IS_DERIVED_NOT_ACQUISITION_SENSOR,REJECTED_DERIVED_EMBEDDING_ONLY,asset_ref_052b11b02e79|asset_ref_217526e9a2ff|asset_ref_2e414eeab5a0|asset_ref_6071c8490242|asset_ref_65fcc1b932ae|asset_ref_6d0dc0434c2c|asset_ref_6d6751e33033|asset_ref_8a5d9ad9b0f0|asset_ref_8b3a241f8578|asset_ref_9a92be0b6417|asset_ref_cb1c268ae219|asset_ref_f8c36f4bfa91,dinov2_embedding|patch_manifest|unknown,false,false,true,true,false,false,PREVIOUS_METADATA_BLOCKER_PRESENT|SENSOR_NOT_RESOLVED_TO_SENTINEL_2_OPTICAL,GUARDRAILS_PRESERVED_SENSOR_FAMILY_RESOLUTION_ONLY
CUR_00936,Curitiba,1,requires_manual_sensor_selection,blocked_derived_embedding_without_source_sensor,BLOCKED_DERIVED_EMBEDDING_WITHOUT_SOURCE_SENSOR,DINOV2_EMBEDDING_IS_DERIVED_NOT_ACQUISITION_SENSOR,REJECTED_DERIVED_EMBEDDING_ONLY,asset_ref_137deeaf3070|asset_ref_22619df697fc|asset_ref_241d48387052|asset_ref_2824d827b5fe|asset_ref_2a14d11a94f2|asset_ref_600754a351e3|asset_ref_602f466aa0a0|asset_ref_9cacf8c8b8e9|asset_ref_b8641002672f|asset_ref_d55e666cce2c|asset_ref_e467dd6c8065|asset_ref_f21fa1980c31,dinov2_embedding|patch_manifest|unknown,false,false,true,true,false,false,PREVIOUS_METADATA_BLOCKER_PRESENT|SENSOR_NOT_RESOLVED_TO_SENTINEL_2_OPTICAL,GUARDRAILS_PRESERVED_SENSOR_FAMILY_RESOLUTION_ONLY
CUR_00936,Curitiba,2,requires_manual_sensor_selection,blocked_derived_embedding_without_source_sensor,BLOCKED_DERIVED_EMBEDDING_WITHOUT_SOURCE_SENSOR,DINOV2_EMBEDDING_IS_DERIVED_NOT_ACQUISITION_SENSOR,REJECTED_DERIVED_EMBEDDING_ONLY,asset_ref_137deeaf3070|asset_ref_22619df697fc|asset_ref_241d48387052|asset_ref_2824d827b5fe|asset_ref_2a14d11a94f2|asset_ref_600754a351e3|asset_ref_602f466aa0a0|asset_ref_9cacf8c8b8e9|asset_ref_b8641002672f|asset_ref_d55e666cce2c|asset_ref_e467dd6c8065|asset_ref_f21fa1980c31,dinov2_embedding|patch_manifest|unknown,false,false,true,true,false,false,PREVIOUS_METADATA_BLOCKER_PRESENT|SENSOR_NOT_RESOLVED_TO_SENTINEL_2_OPTICAL,GUARDRAILS_PRESERVED_SENSOR_FAMILY_RESOLUTION_ONLY
CUR_00960,Curitiba,1,requires_manual_sensor_selection,blocked_derived_embedding_without_source_sensor,BLOCKED_DERIVED_EMBEDDING_WITHOUT_SOURCE_SENSOR,DINOV2_EMBEDDING_IS_DERIVED_NOT_ACQUISITION_SENSOR,REJECTED_DERIVED_EMBEDDING_ONLY,asset_ref_04e6ce3565b4|asset_ref_05381d0456e1|asset_ref_1c904b78f9c5|asset_ref_2d51d66cc017|asset_ref_388d60d3797c|asset_ref_45043fbb5d20|asset_ref_6038e1acc27b|asset_ref_95305f3c3629|asset_ref_a6d8ea47ab11|asset_ref_aad9282b7599|asset_ref_dd8ffe5ddae1|asset_ref_eb0984d0a8da,dinov2_embedding|patch_manifest|unknown,false,false,true,true,false,false,PREVIOUS_METADATA_BLOCKER_PRESENT|SENSOR_NOT_RESOLVED_TO_SENTINEL_2_OPTICAL,GUARDRAILS_PRESERVED_SENSOR_FAMILY_RESOLUTION_ONLY
CUR_00960,Curitiba,2,requires_manual_sensor_selection,blocked_derived_embedding_without_source_sensor,BLOCKED_DERIVED_EMBEDDING_WITHOUT_SOURCE_SENSOR,DINOV2_EMBEDDING_IS_DERIVED_NOT_ACQUISITION_SENSOR,REJECTED_DERIVED_EMBEDDING_ONLY,asset_ref_04e6ce3565b4|asset_ref_05381d0456e1|asset_ref_1c904b78f9c5|asset_ref_2d51d66cc017|asset_ref_388d60d3797c|asset_ref_45043fbb5d20|asset_ref_6038e1acc27b|asset_ref_95305f3c3629|asset_ref_a6d8ea47ab11|asset_ref_aad9282b7599|asset_ref_dd8ffe5ddae1|asset_ref_eb0984d0a8da,dinov2_embedding|patch_manifest|unknown,false,false,true,true,false,false,PREVIOUS_METADATA_BLOCKER_PRESENT|SENSOR_NOT_RESOLVED_TO_SENTINEL_2_OPTICAL,GUARDRAILS_PRESERVED_SENSOR_FAMILY_RESOLUTION_ONLY
CUR_00969,Curitiba,1,requires_manual_sensor_selection,blocked_derived_embedding_without_source_sensor,BLOCKED_DERIVED_EMBEDDING_WITHOUT_SOURCE_SENSOR,DINOV2_EMBEDDING_IS_DERIVED_NOT_ACQUISITION_SENSOR,REJECTED_DERIVED_EMBEDDING_ONLY,asset_ref_024bea5c7362|asset_ref_3aac18822331|asset_ref_40b2fa3b710d|asset_ref_4f44dea94f19|asset_ref_5ab0de653584|asset_ref_93aeea1fff1b|asset_ref_b08781077ed0|asset_ref_c062221401ff|asset_ref_c63a7cc0f4d2|asset_ref_c779b7ced50d|asset_ref_da840d7b75a8|asset_ref_e45cdaf91736,dinov2_embedding|patch_manifest|unknown,false,false,true,true,false,false,PREVIOUS_METADATA_BLOCKER_PRESENT|SENSOR_NOT_RESOLVED_TO_SENTINEL_2_OPTICAL,GUARDRAILS_PRESERVED_SENSOR_FAMILY_RESOLUTION_ONLY
CUR_00969,Curitiba,2,requires_manual_sensor_selection,blocked_derived_embedding_without_source_sensor,BLOCKED_DERIVED_EMBEDDING_WITHOUT_SOURCE_SENSOR,DINOV2_EMBEDDING_IS_DERIVED_NOT_ACQUISITION_SENSOR,REJECTED_DERIVED_EMBEDDING_ONLY,asset_ref_024bea5c7362|asset_ref_3aac18822331|asset_ref_40b2fa3b710d|asset_ref_4f44dea94f19|asset_ref_5ab0de653584|asset_ref_93aeea1fff1b|asset_ref_b08781077ed0|asset_ref_c062221401ff|asset_ref_c63a7cc0f4d2|asset_ref_c779b7ced50d|asset_ref_da840d7b75a8|asset_ref_e45cdaf91736,dinov2_embedding|patch_manifest|unknown,false,false,true,true,false,false,PREVIOUS_METADATA_BLOCKER_PRESENT|SENSOR_NOT_RESOLVED_TO_SENTINEL_2_OPTICAL,GUARDRAILS_PRESERVED_SENSOR_FAMILY_RESOLUTION_ONLY
CUR_00977,Curitiba,1,requires_manual_sensor_selection,blocked_derived_embedding_without_source_sensor,BLOCKED_DERIVED_EMBEDDING_WITHOUT_SOURCE_SENSOR,DINOV2_EMBEDDING_IS_DERIVED_NOT_ACQUISITION_SENSOR,REJECTED_DERIVED_EMBEDDING_ONLY,asset_ref_1b8ab445b1b7|asset_ref_2c057d4487aa|asset_ref_6a734e6b8b38|asset_ref_7c99a1c83c4a|asset_ref_86ececd66b98|asset_ref_8e78293b9c7e|asset_ref_8ee118bdbd52|asset_ref_a2aeb2d083a8|asset_ref_a496b6250224|asset_ref_a8cb750c8526|asset_ref_c5c32a449eda|asset_ref_f74b43d37085,dinov2_embedding|patch_manifest|unknown,false,false,true,true,false,false,PREVIOUS_METADATA_BLOCKER_PRESENT|SENSOR_NOT_RESOLVED_TO_SENTINEL_2_OPTICAL,GUARDRAILS_PRESERVED_SENSOR_FAMILY_RESOLUTION_ONLY
CUR_00977,Curitiba,2,requires_manual_sensor_selection,blocked_derived_embedding_without_source_sensor,BLOCKED_DERIVED_EMBEDDING_WITHOUT_SOURCE_SENSOR,DINOV2_EMBEDDING_IS_DERIVED_NOT_ACQUISITION_SENSOR,REJECTED_DERIVED_EMBEDDING_ONLY,asset_ref_1b8ab445b1b7|asset_ref_2c057d4487aa|asset_ref_6a734e6b8b38|asset_ref_7c99a1c83c4a|asset_ref_86ececd66b98|asset_ref_8e78293b9c7e|asset_ref_8ee118bdbd52|asset_ref_a2aeb2d083a8|asset_ref_a496b6250224|asset_ref_a8cb750c8526|asset_ref_c5c32a449eda|asset_ref_f74b43d37085,dinov2_embedding|patch_manifest|unknown,false,false,true,true,false,false,PREVIOUS_METADATA_BLOCKER_PRESENT|SENSOR_NOT_RESOLVED_TO_SENTINEL_2_OPTICAL,GUARDRAILS_PRESERVED_SENSOR_FAMILY_RESOLUTION_ONLY
CUR_00992,Curitiba,1,requires_manual_sensor_selection,blocked_derived_embedding_without_source_sensor,BLOCKED_DERIVED_EMBEDDING_WITHOUT_SOURCE_SENSOR,DINOV2_EMBEDDING_IS_DERIVED_NOT_ACQUISITION_SENSOR,REJECTED_DERIVED_EMBEDDING_ONLY,asset_ref_0738b1e4f2df|asset_ref_0875caf9b2d2|asset_ref_22c264a08713|asset_ref_5363a66f7cb9|asset_ref_5c981e788572|asset_ref_5f848c97001a|asset_ref_96cf5c4c5d90|asset_ref_9c6d55e3d08c|asset_ref_9e0d81e144e3|asset_ref_c20d5164aaf4|asset_ref_c878ebc9fa55|asset_ref_f6a2f1bba149,dinov2_embedding|patch_manifest|unknown,false,false,true,true,false,false,PREVIOUS_METADATA_BLOCKER_PRESENT|SENSOR_NOT_RESOLVED_TO_SENTINEL_2_OPTICAL,GUARDRAILS_PRESERVED_SENSOR_FAMILY_RESOLUTION_ONLY
CUR_00992,Curitiba,2,requires_manual_sensor_selection,blocked_derived_embedding_without_source_sensor,BLOCKED_DERIVED_EMBEDDING_WITHOUT_SOURCE_SENSOR,DINOV2_EMBEDDING_IS_DERIVED_NOT_ACQUISITION_SENSOR,REJECTED_DERIVED_EMBEDDING_ONLY,asset_ref_0738b1e4f2df|asset_ref_0875caf9b2d2|asset_ref_22c264a08713|asset_ref_5363a66f7cb9|asset_ref_5c981e788572|asset_ref_5f848c97001a|asset_ref_96cf5c4c5d90|asset_ref_9c6d55e3d08c|asset_ref_9e0d81e144e3|asset_ref_c20d5164aaf4|asset_ref_c878ebc9fa55|asset_ref_f6a2f1bba149,dinov2_embedding|patch_manifest|unknown,false,false,true,true,false,false,PREVIOUS_METADATA_BLOCKER_PRESENT|SENSOR_NOT_RESOLVED_TO_SENTINEL_2_OPTICAL,GUARDRAILS_PRESERVED_SENSOR_FAMILY_RESOLUTION_ONLY
CUR_00995,Curitiba,1,requires_manual_sensor_selection,blocked_derived_embedding_without_source_sensor,BLOCKED_DERIVED_EMBEDDING_WITHOUT_SOURCE_SENSOR,DINOV2_EMBEDDING_IS_DERIVED_NOT_ACQUISITION_SENSOR,REJECTED_DERIVED_EMBEDDING_ONLY,asset_ref_0d3669816720|asset_ref_41f3dec7439b|asset_ref_4a10c1a2b10d|asset_ref_83cf87ad68eb|asset_ref_8dd8be24fa35|asset_ref_9ab2e0513012|asset_ref_c44a8a419929|asset_ref_c720b74d7e8c|asset_ref_dced64092c3b|asset_ref_e7df457602cb|asset_ref_e990a1e2fc15|asset_ref_e996bea669a3,dinov2_embedding|patch_manifest|unknown,false,false,true,true,false,false,PREVIOUS_METADATA_BLOCKER_PRESENT|SENSOR_NOT_RESOLVED_TO_SENTINEL_2_OPTICAL,GUARDRAILS_PRESERVED_SENSOR_FAMILY_RESOLUTION_ONLY
CUR_00995,Curitiba,2,requires_manual_sensor_selection,blocked_derived_embedding_without_source_sensor,BLOCKED_DERIVED_EMBEDDING_WITHOUT_SOURCE_SENSOR,DINOV2_EMBEDDING_IS_DERIVED_NOT_ACQUISITION_SENSOR,REJECTED_DERIVED_EMBEDDING_ONLY,asset_ref_0d3669816720|asset_ref_41f3dec7439b|asset_ref_4a10c1a2b10d|asset_ref_83cf87ad68eb|asset_ref_8dd8be24fa35|asset_ref_9ab2e0513012|asset_ref_c44a8a419929|asset_ref_c720b74d7e8c|asset_ref_dced64092c3b|asset_ref_e7df457602cb|asset_ref_e990a1e2fc15|asset_ref_e996bea669a3,dinov2_embedding|patch_manifest|unknown,false,false,true,true,false,false,PREVIOUS_METADATA_BLOCKER_PRESENT|SENSOR_NOT_RESOLVED_TO_SENTINEL_2_OPTICAL,GUARDRAILS_PRESERVED_SENSOR_FAMILY_RESOLUTION_ONLY
CUR_01,Curitiba,1,requires_manual_sensor_selection,blocked_unknown_asset_type,BLOCKED_UNKNOWN_ASSET_TYPE,ONLY_UNKNOWN_OR_UNUSABLE_ASSET_TYPE_AVAILABLE,REJECTED_UNKNOWN_ASSET_TYPE,asset_ref_18f026296149|asset_ref_d42cc71e8759,patch_manifest|unknown,false,false,false,true,false,false,METADATA_REPAIR_REQUIRED_BEFORE_REQUEST|PREVIOUS_METADATA_BLOCKER_PRESENT|SENSOR_NOT_RESOLVED_TO_SENTINEL_2_OPTICAL|REQUIREMENT_ALREADY_BLOCKED,GUARDRAILS_PRESERVED_SENSOR_FAMILY_RESOLUTION_ONLY
CUR_01,Curitiba,2,requires_manual_sensor_selection,blocked_unknown_asset_type,BLOCKED_UNKNOWN_ASSET_TYPE,ONLY_UNKNOWN_OR_UNUSABLE_ASSET_TYPE_AVAILABLE,REJECTED_UNKNOWN_ASSET_TYPE,asset_ref_18f026296149|asset_ref_d42cc71e8759,patch_manifest|unknown,false,false,false,true,false,false,METADATA_REPAIR_REQUIRED_BEFORE_REQUEST|PREVIOUS_METADATA_BLOCKER_PRESENT|SENSOR_NOT_RESOLVED_TO_SENTINEL_2_OPTICAL|REQUIREMENT_ALREADY_BLOCKED,GUARDRAILS_PRESERVED_SENSOR_FAMILY_RESOLUTION_ONLY
CUR_01,Curitiba,3,requires_manual_sensor_selection,blocked_unknown_asset_type,BLOCKED_UNKNOWN_ASSET_TYPE,ONLY_UNKNOWN_OR_UNUSABLE_ASSET_TYPE_AVAILABLE,REJECTED_UNKNOWN_ASSET_TYPE,asset_ref_18f026296149|asset_ref_d42cc71e8759,patch_manifest|unknown,false,false,false,true,false,false,METADATA_REPAIR_REQUIRED_BEFORE_REQUEST|PREVIOUS_METADATA_BLOCKER_PRESENT|SENSOR_NOT_RESOLVED_TO_SENTINEL_2_OPTICAL|REQUIREMENT_ALREADY_BLOCKED,GUARDRAILS_PRESERVED_SENSOR_FAMILY_RESOLUTION_ONLY
CUR_01012,Curitiba,1,requires_manual_sensor_selection,blocked_derived_embedding_without_source_sensor,BLOCKED_DERIVED_EMBEDDING_WITHOUT_SOURCE_SENSOR,DINOV2_EMBEDDING_IS_DERIVED_NOT_ACQUISITION_SENSOR,REJECTED_DERIVED_EMBEDDING_ONLY,asset_ref_13dbd941ad7f|asset_ref_2b2dc345c366|asset_ref_30c70233dbad|asset_ref_3131fdd9e3db|asset_ref_3af4e8c34759|asset_ref_49556ef2bede|asset_ref_63890f049307|asset_ref_67b913cdc063|asset_ref_7bd624c163dc|asset_ref_a7d0d9dca907|asset_ref_ba63522e988b|asset_ref_d203f2128b9e,dinov2_embedding|patch_manifest|unknown,false,false,true,true,false,false,PREVIOUS_METADATA_BLOCKER_PRESENT|SENSOR_NOT_RESOLVED_TO_SENTINEL_2_OPTICAL,GUARDRAILS_PRESERVED_SENSOR_FAMILY_RESOLUTION_ONLY
CUR_01012,Curitiba,2,requires_manual_sensor_selection,blocked_derived_embedding_without_source_sensor,BLOCKED_DERIVED_EMBEDDING_WITHOUT_SOURCE_SENSOR,DINOV2_EMBEDDING_IS_DERIVED_NOT_ACQUISITION_SENSOR,REJECTED_DERIVED_EMBEDDING_ONLY,asset_ref_13dbd941ad7f|asset_ref_2b2dc345c366|asset_ref_30c70233dbad|asset_ref_3131fdd9e3db|asset_ref_3af4e8c34759|asset_ref_49556ef2bede|asset_ref_63890f049307|asset_ref_67b913cdc063|asset_ref_7bd624c163dc|asset_ref_a7d0d9dca907|asset_ref_ba63522e988b|asset_ref_d203f2128b9e,dinov2_embedding|patch_manifest|unknown,false,false,true,true,false,false,PREVIOUS_METADATA_BLOCKER_PRESENT|SENSOR_NOT_RESOLVED_TO_SENTINEL_2_OPTICAL,GUARDRAILS_PRESERVED_SENSOR_FAMILY_RESOLUTION_ONLY
CUR_01015,Curitiba,1,requires_manual_sensor_selection,blocked_derived_embedding_without_source_sensor,BLOCKED_DERIVED_EMBEDDING_WITHOUT_SOURCE_SENSOR,DINOV2_EMBEDDING_IS_DERIVED_NOT_ACQUISITION_SENSOR,REJECTED_DERIVED_EMBEDDING_ONLY,asset_ref_0c85c87011b7|asset_ref_1813fa71fa8c|asset_ref_44eab6292f7b|asset_ref_6da0d17762ad|asset_ref_6dc1eaa7b672|asset_ref_78ed857a0558|asset_ref_8be7a23c14c1|asset_ref_a40f637bf219|asset_ref_b4e8789af14b|asset_ref_c525527e489f|asset_ref_e6b493a5f33e|asset_ref_f3b4baf91474,dinov2_embedding|patch_manifest|unknown,false,false,true,true,false,false,PREVIOUS_METADATA_BLOCKER_PRESENT|SENSOR_NOT_RESOLVED_TO_SENTINEL_2_OPTICAL,GUARDRAILS_PRESERVED_SENSOR_FAMILY_RESOLUTION_ONLY
CUR_01015,Curitiba,2,requires_manual_sensor_selection,blocked_derived_embedding_without_source_sensor,BLOCKED_DERIVED_EMBEDDING_WITHOUT_SOURCE_SENSOR,DINOV2_EMBEDDING_IS_DERIVED_NOT_ACQUISITION_SENSOR,REJECTED_DERIVED_EMBEDDING_ONLY,asset_ref_0c85c87011b7|asset_ref_1813fa71fa8c|asset_ref_44eab6292f7b|asset_ref_6da0d17762ad|asset_ref_6dc1eaa7b672|asset_ref_78ed857a0558|asset_ref_8be7a23c14c1|asset_ref_a40f637bf219|asset_ref_b4e8789af14b|asset_ref_c525527e489f|asset_ref_e6b493a5f33e|asset_ref_f3b4baf91474,dinov2_embedding|patch_manifest|unknown,false,false,true,true,false,false,PREVIOUS_METADATA_BLOCKER_PRESENT|SENSOR_NOT_RESOLVED_TO_SENTINEL_2_OPTICAL,GUARDRAILS_PRESERVED_SENSOR_FAMILY_RESOLUTION_ONLY
CUR_01030,Curitiba,1,requires_manual_sensor_selection,blocked_derived_embedding_without_source_sensor,BLOCKED_DERIVED_EMBEDDING_WITHOUT_SOURCE_SENSOR,DINOV2_EMBEDDING_IS_DERIVED_NOT_ACQUISITION_SENSOR,REJECTED_DERIVED_EMBEDDING_ONLY,asset_ref_12f7b843391e|asset_ref_1550cf0dc3fa|asset_ref_2a649fbe90d9|asset_ref_3e8074248365|asset_ref_552b348fd385|asset_ref_6e83463df3b7|asset_ref_7188bdd47902|asset_ref_9cfe033ab118|asset_ref_adf965cf268f|asset_ref_b7a77a719f70|asset_ref_c8c111ee5f37|asset_ref_ef01e14bed39,dinov2_embedding|patch_manifest|unknown,false,false,true,true,false,false,PREVIOUS_METADATA_BLOCKER_PRESENT|SENSOR_NOT_RESOLVED_TO_SENTINEL_2_OPTICAL,GUARDRAILS_PRESERVED_SENSOR_FAMILY_RESOLUTION_ONLY
CUR_01030,Curitiba,2,requires_manual_sensor_selection,blocked_derived_embedding_without_source_sensor,BLOCKED_DERIVED_EMBEDDING_WITHOUT_SOURCE_SENSOR,DINOV2_EMBEDDING_IS_DERIVED_NOT_ACQUISITION_SENSOR,REJECTED_DERIVED_EMBEDDING_ONLY,asset_ref_12f7b843391e|asset_ref_1550cf0dc3fa|asset_ref_2a649fbe90d9|asset_ref_3e8074248365|asset_ref_552b348fd385|asset_ref_6e83463df3b7|asset_ref_7188bdd47902|asset_ref_9cfe033ab118|asset_ref_adf965cf268f|asset_ref_b7a77a719f70|asset_ref_c8c111ee5f37|asset_ref_ef01e14bed39,dinov2_embedding|patch_manifest|unknown,false,false,true,true,false,false,PREVIOUS_METADATA_BLOCKER_PRESENT|SENSOR_NOT_RESOLVED_TO_SENTINEL_2_OPTICAL,GUARDRAILS_PRESERVED_SENSOR_FAMILY_RESOLUTION_ONLY
CUR_01040,Curitiba,1,requires_manual_sensor_selection,blocked_derived_embedding_without_source_sensor,BLOCKED_DERIVED_EMBEDDING_WITHOUT_SOURCE_SENSOR,DINOV2_EMBEDDING_IS_DERIVED_NOT_ACQUISITION_SENSOR,REJECTED_DERIVED_EMBEDDING_ONLY,asset_ref_3b8fbba3cac0|asset_ref_4ef4d1622623|asset_ref_6a6c3f883eec|asset_ref_8417f58ad6c6|asset_ref_9e21f910f0d2|asset_ref_9ef2c3d249b5|asset_ref_a1eabda8f5e9|asset_ref_a429712dd1b1|asset_ref_a5250dc22126|asset_ref_c3061ea6bacc|asset_ref_db2d58ad4445|asset_ref_ebf0262ea4d9,dinov2_embedding|patch_manifest|unknown,false,false,true,true,false,false,PREVIOUS_METADATA_BLOCKER_PRESENT|SENSOR_NOT_RESOLVED_TO_SENTINEL_2_OPTICAL,GUARDRAILS_PRESERVED_SENSOR_FAMILY_RESOLUTION_ONLY
CUR_01040,Curitiba,2,requires_manual_sensor_selection,blocked_derived_embedding_without_source_sensor,BLOCKED_DERIVED_EMBEDDING_WITHOUT_SOURCE_SENSOR,DINOV2_EMBEDDING_IS_DERIVED_NOT_ACQUISITION_SENSOR,REJECTED_DERIVED_EMBEDDING_ONLY,asset_ref_3b8fbba3cac0|asset_ref_4ef4d1622623|asset_ref_6a6c3f883eec|asset_ref_8417f58ad6c6|asset_ref_9e21f910f0d2|asset_ref_9ef2c3d249b5|asset_ref_a1eabda8f5e9|asset_ref_a429712dd1b1|asset_ref_a5250dc22126|asset_ref_c3061ea6bacc|asset_ref_db2d58ad4445|asset_ref_ebf0262ea4d9,dinov2_embedding|patch_manifest|unknown,false,false,true,true,false,false,PREVIOUS_METADATA_BLOCKER_PRESENT|SENSOR_NOT_RESOLVED_TO_SENTINEL_2_OPTICAL,GUARDRAILS_PRESERVED_SENSOR_FAMILY_RESOLUTION_ONLY
CUR_01050,Curitiba,1,requires_manual_sensor_selection,blocked_derived_embedding_without_source_sensor,BLOCKED_DERIVED_EMBEDDING_WITHOUT_SOURCE_SENSOR,DINOV2_EMBEDDING_IS_DERIVED_NOT_ACQUISITION_SENSOR,REJECTED_DERIVED_EMBEDDING_ONLY,asset_ref_0ff45703445b|asset_ref_4a6a3ec63c0c|asset_ref_60cf7b66a8e7|asset_ref_7747d8f679dc|asset_ref_86fc65a43cdc|asset_ref_8862cdf11c8f|asset_ref_967060dff933|asset_ref_ceada3199c2a|asset_ref_dab13c433a21|asset_ref_e77f9454a873|asset_ref_f31d12859a01|asset_ref_fc95ed4d2ae5,dinov2_embedding|patch_manifest|unknown,false,false,true,true,false,false,PREVIOUS_METADATA_BLOCKER_PRESENT|SENSOR_NOT_RESOLVED_TO_SENTINEL_2_OPTICAL,GUARDRAILS_PRESERVED_SENSOR_FAMILY_RESOLUTION_ONLY
CUR_01050,Curitiba,2,requires_manual_sensor_selection,blocked_derived_embedding_without_source_sensor,BLOCKED_DERIVED_EMBEDDING_WITHOUT_SOURCE_SENSOR,DINOV2_EMBEDDING_IS_DERIVED_NOT_ACQUISITION_SENSOR,REJECTED_DERIVED_EMBEDDING_ONLY,asset_ref_0ff45703445b|asset_ref_4a6a3ec63c0c|asset_ref_60cf7b66a8e7|asset_ref_7747d8f679dc|asset_ref_86fc65a43cdc|asset_ref_8862cdf11c8f|asset_ref_967060dff933|asset_ref_ceada3199c2a|asset_ref_dab13c433a21|asset_ref_e77f9454a873|asset_ref_f31d12859a01|asset_ref_fc95ed4d2ae5,dinov2_embedding|patch_manifest|unknown,false,false,true,true,false,false,PREVIOUS_METADATA_BLOCKER_PRESENT|SENSOR_NOT_RESOLVED_TO_SENTINEL_2_OPTICAL,GUARDRAILS_PRESERVED_SENSOR_FAMILY_RESOLUTION_ONLY
CUR_01059,Curitiba,1,requires_manual_sensor_selection,blocked_derived_embedding_without_source_sensor,BLOCKED_DERIVED_EMBEDDING_WITHOUT_SOURCE_SENSOR,DINOV2_EMBEDDING_IS_DERIVED_NOT_ACQUISITION_SENSOR,REJECTED_DERIVED_EMBEDDING_ONLY,asset_ref_03ffe3e7dcb0|asset_ref_14e56e54fe12|asset_ref_16e712102b93|asset_ref_4f44820947db|asset_ref_73bec7f0fa4c|asset_ref_96756e03134f|asset_ref_b1bcebd1779f|asset_ref_b7e72759aa09|asset_ref_b9bd67b41a01|asset_ref_d3027f77ea27|asset_ref_d5c428347d06|asset_ref_edc6b7eb4950,dinov2_embedding|patch_manifest|unknown,false,false,true,true,false,false,PREVIOUS_METADATA_BLOCKER_PRESENT|SENSOR_NOT_RESOLVED_TO_SENTINEL_2_OPTICAL,GUARDRAILS_PRESERVED_SENSOR_FAMILY_RESOLUTION_ONLY
CUR_01059,Curitiba,2,requires_manual_sensor_selection,blocked_derived_embedding_without_source_sensor,BLOCKED_DERIVED_EMBEDDING_WITHOUT_SOURCE_SENSOR,DINOV2_EMBEDDING_IS_DERIVED_NOT_ACQUISITION_SENSOR,REJECTED_DERIVED_EMBEDDING_ONLY,asset_ref_03ffe3e7dcb0|asset_ref_14e56e54fe12|asset_ref_16e712102b93|asset_ref_4f44820947db|asset_ref_73bec7f0fa4c|asset_ref_96756e03134f|asset_ref_b1bcebd1779f|asset_ref_b7e72759aa09|asset_ref_b9bd67b41a01|asset_ref_d3027f77ea27|asset_ref_d5c428347d06|asset_ref_edc6b7eb4950,dinov2_embedding|patch_manifest|unknown,false,false,true,true,false,false,PREVIOUS_METADATA_BLOCKER_PRESENT|SENSOR_NOT_RESOLVED_TO_SENTINEL_2_OPTICAL,GUARDRAILS_PRESERVED_SENSOR_FAMILY_RESOLUTION_ONLY
CUR_01065,Curitiba,1,requires_manual_sensor_selection,blocked_derived_embedding_without_source_sensor,BLOCKED_DERIVED_EMBEDDING_WITHOUT_SOURCE_SENSOR,DINOV2_EMBEDDING_IS_DERIVED_NOT_ACQUISITION_SENSOR,REJECTED_DERIVED_EMBEDDING_ONLY,asset_ref_07ab5bb7a974|asset_ref_19616fcb3778|asset_ref_1c7fe3bbdd25|asset_ref_26346828a0d8|asset_ref_288357d75b9b|asset_ref_42e74018d12f|asset_ref_5fee4da9a4a3|asset_ref_6f5ed38fd68f|asset_ref_c43a7ec5cddb|asset_ref_e725d4a887ee|asset_ref_f1f1a8e8fa07|asset_ref_f38e4adc876c,dinov2_embedding|patch_manifest|unknown,false,false,true,true,false,false,PREVIOUS_METADATA_BLOCKER_PRESENT|SENSOR_NOT_RESOLVED_TO_SENTINEL_2_OPTICAL,GUARDRAILS_PRESERVED_SENSOR_FAMILY_RESOLUTION_ONLY
CUR_01065,Curitiba,2,requires_manual_sensor_selection,blocked_derived_embedding_without_source_sensor,BLOCKED_DERIVED_EMBEDDING_WITHOUT_SOURCE_SENSOR,DINOV2_EMBEDDING_IS_DERIVED_NOT_ACQUISITION_SENSOR,REJECTED_DERIVED_EMBEDDING_ONLY,asset_ref_07ab5bb7a974|asset_ref_19616fcb3778|asset_ref_1c7fe3bbdd25|asset_ref_26346828a0d8|asset_ref_288357d75b9b|asset_ref_42e74018d12f|asset_ref_5fee4da9a4a3|asset_ref_6f5ed38fd68f|asset_ref_c43a7ec5cddb|asset_ref_e725d4a887ee|asset_ref_f1f1a8e8fa07|asset_ref_f38e4adc876c,dinov2_embedding|patch_manifest|unknown,false,false,true,true,false,false,PREVIOUS_METADATA_BLOCKER_PRESENT|SENSOR_NOT_RESOLVED_TO_SENTINEL_2_OPTICAL,GUARDRAILS_PRESERVED_SENSOR_FAMILY_RESOLUTION_ONLY
CUR_01075,Curitiba,1,requires_manual_sensor_selection,blocked_derived_embedding_without_source_sensor,BLOCKED_DERIVED_EMBEDDING_WITHOUT_SOURCE_SENSOR,DINOV2_EMBEDDING_IS_DERIVED_NOT_ACQUISITION_SENSOR,REJECTED_DERIVED_EMBEDDING_ONLY,asset_ref_238f3d0c542e|asset_ref_3335650992ba|asset_ref_54ab660d4832|asset_ref_776b44c3cb34|asset_ref_781f6a205937|asset_ref_7f3252aab3e8|asset_ref_9a65cf4f2994|asset_ref_9d4f56abc2ea|asset_ref_afdd2c8913d6|asset_ref_b778db6e16fd|asset_ref_cfc95f9992b5|asset_ref_d19bf09e9cb5,dinov2_embedding|patch_manifest|unknown,false,false,true,true,false,false,PREVIOUS_METADATA_BLOCKER_PRESENT|SENSOR_NOT_RESOLVED_TO_SENTINEL_2_OPTICAL,GUARDRAILS_PRESERVED_SENSOR_FAMILY_RESOLUTION_ONLY
CUR_01075,Curitiba,2,requires_manual_sensor_selection,blocked_derived_embedding_without_source_sensor,BLOCKED_DERIVED_EMBEDDING_WITHOUT_SOURCE_SENSOR,DINOV2_EMBEDDING_IS_DERIVED_NOT_ACQUISITION_SENSOR,REJECTED_DERIVED_EMBEDDING_ONLY,asset_ref_238f3d0c542e|asset_ref_3335650992ba|asset_ref_54ab660d4832|asset_ref_776b44c3cb34|asset_ref_781f6a205937|asset_ref_7f3252aab3e8|asset_ref_9a65cf4f2994|asset_ref_9d4f56abc2ea|asset_ref_afdd2c8913d6|asset_ref_b778db6e16fd|asset_ref_cfc95f9992b5|asset_ref_d19bf09e9cb5,dinov2_embedding|patch_manifest|unknown,false,false,true,true,false,false,PREVIOUS_METADATA_BLOCKER_PRESENT|SENSOR_NOT_RESOLVED_TO_SENTINEL_2_OPTICAL,GUARDRAILS_PRESERVED_SENSOR_FAMILY_RESOLUTION_ONLY
CUR_01101,Curitiba,1,requires_manual_sensor_selection,blocked_derived_embedding_without_source_sensor,BLOCKED_DERIVED_EMBEDDING_WITHOUT_SOURCE_SENSOR,DINOV2_EMBEDDING_IS_DERIVED_NOT_ACQUISITION_SENSOR,REJECTED_DERIVED_EMBEDDING_ONLY,asset_ref_4290afd9c8fb|asset_ref_631d758854a2|asset_ref_7fe15f298039|asset_ref_8b1b264af521|asset_ref_ab87faf3f62b|asset_ref_ae8cf3b6550a|asset_ref_b673a7f7d8dc|asset_ref_c3d8e0f3e55c|asset_ref_ca251191a327|asset_ref_d133ab6b9cda|asset_ref_ea81a18f2f9a|asset_ref_ee2a913f53fa,dinov2_embedding|patch_manifest|unknown,false,false,true,true,false,false,PREVIOUS_METADATA_BLOCKER_PRESENT|SENSOR_NOT_RESOLVED_TO_SENTINEL_2_OPTICAL,GUARDRAILS_PRESERVED_SENSOR_FAMILY_RESOLUTION_ONLY
CUR_01101,Curitiba,2,requires_manual_sensor_selection,blocked_derived_embedding_without_source_sensor,BLOCKED_DERIVED_EMBEDDING_WITHOUT_SOURCE_SENSOR,DINOV2_EMBEDDING_IS_DERIVED_NOT_ACQUISITION_SENSOR,REJECTED_DERIVED_EMBEDDING_ONLY,asset_ref_4290afd9c8fb|asset_ref_631d758854a2|asset_ref_7fe15f298039|asset_ref_8b1b264af521|asset_ref_ab87faf3f62b|asset_ref_ae8cf3b6550a|asset_ref_b673a7f7d8dc|asset_ref_c3d8e0f3e55c|asset_ref_ca251191a327|asset_ref_d133ab6b9cda|asset_ref_ea81a18f2f9a|asset_ref_ee2a913f53fa,dinov2_embedding|patch_manifest|unknown,false,false,true,true,false,false,PREVIOUS_METADATA_BLOCKER_PRESENT|SENSOR_NOT_RESOLVED_TO_SENTINEL_2_OPTICAL,GUARDRAILS_PRESERVED_SENSOR_FAMILY_RESOLUTION_ONLY
CUR_01145,Curitiba,1,requires_manual_sensor_selection,blocked_derived_embedding_without_source_sensor,BLOCKED_DERIVED_EMBEDDING_WITHOUT_SOURCE_SENSOR,DINOV2_EMBEDDING_IS_DERIVED_NOT_ACQUISITION_SENSOR,REJECTED_DERIVED_EMBEDDING_ONLY,asset_ref_172396d97b00|asset_ref_5978e04fd187|asset_ref_640ba61efe6c|asset_ref_8b27cfa4c662|asset_ref_8b334f1226b1|asset_ref_941e7214a795|asset_ref_9f321b05cf00|asset_ref_a8956a1abd73|asset_ref_c0dabd405f23|asset_ref_d268022c86ec|asset_ref_eb36223d0c1e|asset_ref_ec765dac894f,dinov2_embedding|patch_manifest|unknown,false,false,true,true,false,false,PREVIOUS_METADATA_BLOCKER_PRESENT|SENSOR_NOT_RESOLVED_TO_SENTINEL_2_OPTICAL,GUARDRAILS_PRESERVED_SENSOR_FAMILY_RESOLUTION_ONLY
CUR_01145,Curitiba,2,requires_manual_sensor_selection,blocked_derived_embedding_without_source_sensor,BLOCKED_DERIVED_EMBEDDING_WITHOUT_SOURCE_SENSOR,DINOV2_EMBEDDING_IS_DERIVED_NOT_ACQUISITION_SENSOR,REJECTED_DERIVED_EMBEDDING_ONLY,asset_ref_172396d97b00|asset_ref_5978e04fd187|asset_ref_640ba61efe6c|asset_ref_8b27cfa4c662|asset_ref_8b334f1226b1|asset_ref_941e7214a795|asset_ref_9f321b05cf00|asset_ref_a8956a1abd73|asset_ref_c0dabd405f23|asset_ref_d268022c86ec|asset_ref_eb36223d0c1e|asset_ref_ec765dac894f,dinov2_embedding|patch_manifest|unknown,false,false,true,true,false,false,PREVIOUS_METADATA_BLOCKER_PRESENT|SENSOR_NOT_RESOLVED_TO_SENTINEL_2_OPTICAL,GUARDRAILS_PRESERVED_SENSOR_FAMILY_RESOLUTION_ONLY
CUR_01324,Curitiba,1,requires_manual_sensor_selection,blocked_derived_embedding_without_source_sensor,BLOCKED_DERIVED_EMBEDDING_WITHOUT_SOURCE_SENSOR,DINOV2_EMBEDDING_IS_DERIVED_NOT_ACQUISITION_SENSOR,REJECTED_DERIVED_EMBEDDING_ONLY,asset_ref_0752317e8cb2|asset_ref_2456c503ac4f|asset_ref_355d62098a49|asset_ref_371fadd1a244|asset_ref_646a1ad11f7c|asset_ref_792d155f1ef8|asset_ref_8cf701945ad5|asset_ref_9e3ffcb4f57e|asset_ref_a15e6cf3ed27|asset_ref_da92a49b79d7|asset_ref_e1ebc4b4a34c|asset_ref_f50e8c448893,dinov2_embedding|patch_manifest|unknown,false,false,true,true,false,false,PREVIOUS_METADATA_BLOCKER_PRESENT|SENSOR_NOT_RESOLVED_TO_SENTINEL_2_OPTICAL,GUARDRAILS_PRESERVED_SENSOR_FAMILY_RESOLUTION_ONLY
CUR_01324,Curitiba,2,requires_manual_sensor_selection,blocked_derived_embedding_without_source_sensor,BLOCKED_DERIVED_EMBEDDING_WITHOUT_SOURCE_SENSOR,DINOV2_EMBEDDING_IS_DERIVED_NOT_ACQUISITION_SENSOR,REJECTED_DERIVED_EMBEDDING_ONLY,asset_ref_0752317e8cb2|asset_ref_2456c503ac4f|asset_ref_355d62098a49|asset_ref_371fadd1a244|asset_ref_646a1ad11f7c|asset_ref_792d155f1ef8|asset_ref_8cf701945ad5|asset_ref_9e3ffcb4f57e|asset_ref_a15e6cf3ed27|asset_ref_da92a49b79d7|asset_ref_e1ebc4b4a34c|asset_ref_f50e8c448893,dinov2_embedding|patch_manifest|unknown,false,false,true,true,false,false,PREVIOUS_METADATA_BLOCKER_PRESENT|SENSOR_NOT_RESOLVED_TO_SENTINEL_2_OPTICAL,GUARDRAILS_PRESERVED_SENSOR_FAMILY_RESOLUTION_ONLY
CUR_02,Curitiba,1,requires_manual_sensor_selection,blocked_unknown_asset_type,BLOCKED_UNKNOWN_ASSET_TYPE,ONLY_UNKNOWN_OR_UNUSABLE_ASSET_TYPE_AVAILABLE,REJECTED_UNKNOWN_ASSET_TYPE,asset_ref_a4775f089aee|asset_ref_d1e691e101e1,patch_manifest|unknown,false,false,false,true,false,false,METADATA_REPAIR_REQUIRED_BEFORE_REQUEST|PREVIOUS_METADATA_BLOCKER_PRESENT|SENSOR_NOT_RESOLVED_TO_SENTINEL_2_OPTICAL|REQUIREMENT_ALREADY_BLOCKED,GUARDRAILS_PRESERVED_SENSOR_FAMILY_RESOLUTION_ONLY
CUR_02,Curitiba,2,requires_manual_sensor_selection,blocked_unknown_asset_type,BLOCKED_UNKNOWN_ASSET_TYPE,ONLY_UNKNOWN_OR_UNUSABLE_ASSET_TYPE_AVAILABLE,REJECTED_UNKNOWN_ASSET_TYPE,asset_ref_a4775f089aee|asset_ref_d1e691e101e1,patch_manifest|unknown,false,false,false,true,false,false,METADATA_REPAIR_REQUIRED_BEFORE_REQUEST|PREVIOUS_METADATA_BLOCKER_PRESENT|SENSOR_NOT_RESOLVED_TO_SENTINEL_2_OPTICAL|REQUIREMENT_ALREADY_BLOCKED,GUARDRAILS_PRESERVED_SENSOR_FAMILY_RESOLUTION_ONLY
CUR_02,Curitiba,3,requires_manual_sensor_selection,blocked_unknown_asset_type,BLOCKED_UNKNOWN_ASSET_TYPE,ONLY_UNKNOWN_OR_UNUSABLE_ASSET_TYPE_AVAILABLE,REJECTED_UNKNOWN_ASSET_TYPE,asset_ref_a4775f089aee|asset_ref_d1e691e101e1,patch_manifest|unknown,false,false,false,true,false,false,METADATA_REPAIR_REQUIRED_BEFORE_REQUEST|PREVIOUS_METADATA_BLOCKER_PRESENT|SENSOR_NOT_RESOLVED_TO_SENTINEL_2_OPTICAL|REQUIREMENT_ALREADY_BLOCKED,GUARDRAILS_PRESERVED_SENSOR_FAMILY_RESOLUTION_ONLY
CUR_03,Curitiba,1,requires_manual_sensor_selection,blocked_unknown_asset_type,BLOCKED_UNKNOWN_ASSET_TYPE,ONLY_UNKNOWN_OR_UNUSABLE_ASSET_TYPE_AVAILABLE,REJECTED_UNKNOWN_ASSET_TYPE,asset_ref_9de6657c1a3e,unknown,false,false,false,true,false,false,METADATA_REPAIR_REQUIRED_BEFORE_REQUEST|PREVIOUS_METADATA_BLOCKER_PRESENT|SENSOR_NOT_RESOLVED_TO_SENTINEL_2_OPTICAL|REQUIREMENT_ALREADY_BLOCKED,GUARDRAILS_PRESERVED_SENSOR_FAMILY_RESOLUTION_ONLY
CUR_03,Curitiba,2,requires_manual_sensor_selection,blocked_unknown_asset_type,BLOCKED_UNKNOWN_ASSET_TYPE,ONLY_UNKNOWN_OR_UNUSABLE_ASSET_TYPE_AVAILABLE,REJECTED_UNKNOWN_ASSET_TYPE,asset_ref_9de6657c1a3e,unknown,false,false,false,true,false,false,METADATA_REPAIR_REQUIRED_BEFORE_REQUEST|PREVIOUS_METADATA_BLOCKER_PRESENT|SENSOR_NOT_RESOLVED_TO_SENTINEL_2_OPTICAL|REQUIREMENT_ALREADY_BLOCKED,GUARDRAILS_PRESERVED_SENSOR_FAMILY_RESOLUTION_ONLY
CUR_03,Curitiba,3,requires_manual_sensor_selection,blocked_unknown_asset_type,BLOCKED_UNKNOWN_ASSET_TYPE,ONLY_UNKNOWN_OR_UNUSABLE_ASSET_TYPE_AVAILABLE,REJECTED_UNKNOWN_ASSET_TYPE,asset_ref_9de6657c1a3e,unknown,false,false,false,true,false,false,METADATA_REPAIR_REQUIRED_BEFORE_REQUEST|PREVIOUS_METADATA_BLOCKER_PRESENT|SENSOR_NOT_RESOLVED_TO_SENTINEL_2_OPTICAL|REQUIREMENT_ALREADY_BLOCKED,GUARDRAILS_PRESERVED_SENSOR_FAMILY_RESOLUTION_ONLY
CUR_04,Curitiba,1,requires_manual_sensor_selection,blocked_unknown_asset_type,BLOCKED_UNKNOWN_ASSET_TYPE,ONLY_UNKNOWN_OR_UNUSABLE_ASSET_TYPE_AVAILABLE,REJECTED_UNKNOWN_ASSET_TYPE,asset_ref_f74c4f8f7ff5,unknown,false,false,false,true,false,false,METADATA_REPAIR_REQUIRED_BEFORE_REQUEST|PREVIOUS_METADATA_BLOCKER_PRESENT|SENSOR_NOT_RESOLVED_TO_SENTINEL_2_OPTICAL|REQUIREMENT_ALREADY_BLOCKED,GUARDRAILS_PRESERVED_SENSOR_FAMILY_RESOLUTION_ONLY
CUR_04,Curitiba,2,requires_manual_sensor_selection,blocked_unknown_asset_type,BLOCKED_UNKNOWN_ASSET_TYPE,ONLY_UNKNOWN_OR_UNUSABLE_ASSET_TYPE_AVAILABLE,REJECTED_UNKNOWN_ASSET_TYPE,asset_ref_f74c4f8f7ff5,unknown,false,false,false,true,false,false,METADATA_REPAIR_REQUIRED_BEFORE_REQUEST|PREVIOUS_METADATA_BLOCKER_PRESENT|SENSOR_NOT_RESOLVED_TO_SENTINEL_2_OPTICAL|REQUIREMENT_ALREADY_BLOCKED,GUARDRAILS_PRESERVED_SENSOR_FAMILY_RESOLUTION_ONLY
CUR_04,Curitiba,3,requires_manual_sensor_selection,blocked_unknown_asset_type,BLOCKED_UNKNOWN_ASSET_TYPE,ONLY_UNKNOWN_OR_UNUSABLE_ASSET_TYPE_AVAILABLE,REJECTED_UNKNOWN_ASSET_TYPE,asset_ref_f74c4f8f7ff5,unknown,false,false,false,true,false,false,METADATA_REPAIR_REQUIRED_BEFORE_REQUEST|PREVIOUS_METADATA_BLOCKER_PRESENT|SENSOR_NOT_RESOLVED_TO_SENTINEL_2_OPTICAL|REQUIREMENT_ALREADY_BLOCKED,GUARDRAILS_PRESERVED_SENSOR_FAMILY_RESOLUTION_ONLY
CUR_05,Curitiba,1,requires_manual_sensor_selection,blocked_unknown_asset_type,BLOCKED_UNKNOWN_ASSET_TYPE,ONLY_UNKNOWN_OR_UNUSABLE_ASSET_TYPE_AVAILABLE,REJECTED_UNKNOWN_ASSET_TYPE,asset_ref_33af79b10530,unknown,false,false,false,true,false,false,METADATA_REPAIR_REQUIRED_BEFORE_REQUEST|PREVIOUS_METADATA_BLOCKER_PRESENT|SENSOR_NOT_RESOLVED_TO_SENTINEL_2_OPTICAL|REQUIREMENT_ALREADY_BLOCKED,GUARDRAILS_PRESERVED_SENSOR_FAMILY_RESOLUTION_ONLY
CUR_05,Curitiba,2,requires_manual_sensor_selection,blocked_unknown_asset_type,BLOCKED_UNKNOWN_ASSET_TYPE,ONLY_UNKNOWN_OR_UNUSABLE_ASSET_TYPE_AVAILABLE,REJECTED_UNKNOWN_ASSET_TYPE,asset_ref_33af79b10530,unknown,false,false,false,true,false,false,METADATA_REPAIR_REQUIRED_BEFORE_REQUEST|PREVIOUS_METADATA_BLOCKER_PRESENT|SENSOR_NOT_RESOLVED_TO_SENTINEL_2_OPTICAL|REQUIREMENT_ALREADY_BLOCKED,GUARDRAILS_PRESERVED_SENSOR_FAMILY_RESOLUTION_ONLY
CUR_05,Curitiba,3,requires_manual_sensor_selection,blocked_unknown_asset_type,BLOCKED_UNKNOWN_ASSET_TYPE,ONLY_UNKNOWN_OR_UNUSABLE_ASSET_TYPE_AVAILABLE,REJECTED_UNKNOWN_ASSET_TYPE,asset_ref_33af79b10530,unknown,false,false,false,true,false,false,METADATA_REPAIR_REQUIRED_BEFORE_REQUEST|PREVIOUS_METADATA_BLOCKER_PRESENT|SENSOR_NOT_RESOLVED_TO_SENTINEL_2_OPTICAL|REQUIREMENT_ALREADY_BLOCKED,GUARDRAILS_PRESERVED_SENSOR_FAMILY_RESOLUTION_ONLY
CUR_06,Curitiba,1,requires_manual_sensor_selection,blocked_unknown_asset_type,BLOCKED_UNKNOWN_ASSET_TYPE,ONLY_UNKNOWN_OR_UNUSABLE_ASSET_TYPE_AVAILABLE,REJECTED_UNKNOWN_ASSET_TYPE,asset_ref_28a9058c30e5|asset_ref_d2a04b731ce3,patch_manifest|unknown,false,false,false,true,false,false,METADATA_REPAIR_REQUIRED_BEFORE_REQUEST|PREVIOUS_METADATA_BLOCKER_PRESENT|SENSOR_NOT_RESOLVED_TO_SENTINEL_2_OPTICAL|REQUIREMENT_ALREADY_BLOCKED,GUARDRAILS_PRESERVED_SENSOR_FAMILY_RESOLUTION_ONLY
CUR_06,Curitiba,2,requires_manual_sensor_selection,blocked_unknown_asset_type,BLOCKED_UNKNOWN_ASSET_TYPE,ONLY_UNKNOWN_OR_UNUSABLE_ASSET_TYPE_AVAILABLE,REJECTED_UNKNOWN_ASSET_TYPE,asset_ref_28a9058c30e5|asset_ref_d2a04b731ce3,patch_manifest|unknown,false,false,false,true,false,false,METADATA_REPAIR_REQUIRED_BEFORE_REQUEST|PREVIOUS_METADATA_BLOCKER_PRESENT|SENSOR_NOT_RESOLVED_TO_SENTINEL_2_OPTICAL|REQUIREMENT_ALREADY_BLOCKED,GUARDRAILS_PRESERVED_SENSOR_FAMILY_RESOLUTION_ONLY
CUR_06,Curitiba,3,requires_manual_sensor_selection,blocked_unknown_asset_type,BLOCKED_UNKNOWN_ASSET_TYPE,ONLY_UNKNOWN_OR_UNUSABLE_ASSET_TYPE_AVAILABLE,REJECTED_UNKNOWN_ASSET_TYPE,asset_ref_28a9058c30e5|asset_ref_d2a04b731ce3,patch_manifest|unknown,false,false,false,true,false,false,METADATA_REPAIR_REQUIRED_BEFORE_REQUEST|PREVIOUS_METADATA_BLOCKER_PRESENT|SENSOR_NOT_RESOLVED_TO_SENTINEL_2_OPTICAL|REQUIREMENT_ALREADY_BLOCKED,GUARDRAILS_PRESERVED_SENSOR_FAMILY_RESOLUTION_ONLY
CUR_07,Curitiba,1,requires_manual_sensor_selection,blocked_unknown_asset_type,BLOCKED_UNKNOWN_ASSET_TYPE,ONLY_UNKNOWN_OR_UNUSABLE_ASSET_TYPE_AVAILABLE,REJECTED_UNKNOWN_ASSET_TYPE,asset_ref_b0907fe1e767|asset_ref_e5016f86847c,patch_manifest|unknown,false,false,false,true,false,false,METADATA_REPAIR_REQUIRED_BEFORE_REQUEST|PREVIOUS_METADATA_BLOCKER_PRESENT|SENSOR_NOT_RESOLVED_TO_SENTINEL_2_OPTICAL|REQUIREMENT_ALREADY_BLOCKED,GUARDRAILS_PRESERVED_SENSOR_FAMILY_RESOLUTION_ONLY
CUR_07,Curitiba,2,requires_manual_sensor_selection,blocked_unknown_asset_type,BLOCKED_UNKNOWN_ASSET_TYPE,ONLY_UNKNOWN_OR_UNUSABLE_ASSET_TYPE_AVAILABLE,REJECTED_UNKNOWN_ASSET_TYPE,asset_ref_b0907fe1e767|asset_ref_e5016f86847c,patch_manifest|unknown,false,false,false,true,false,false,METADATA_REPAIR_REQUIRED_BEFORE_REQUEST|PREVIOUS_METADATA_BLOCKER_PRESENT|SENSOR_NOT_RESOLVED_TO_SENTINEL_2_OPTICAL|REQUIREMENT_ALREADY_BLOCKED,GUARDRAILS_PRESERVED_SENSOR_FAMILY_RESOLUTION_ONLY
CUR_07,Curitiba,3,requires_manual_sensor_selection,blocked_unknown_asset_type,BLOCKED_UNKNOWN_ASSET_TYPE,ONLY_UNKNOWN_OR_UNUSABLE_ASSET_TYPE_AVAILABLE,REJECTED_UNKNOWN_ASSET_TYPE,asset_ref_b0907fe1e767|asset_ref_e5016f86847c,patch_manifest|unknown,false,false,false,true,false,false,METADATA_REPAIR_REQUIRED_BEFORE_REQUEST|PREVIOUS_METADATA_BLOCKER_PRESENT|SENSOR_NOT_RESOLVED_TO_SENTINEL_2_OPTICAL|REQUIREMENT_ALREADY_BLOCKED,GUARDRAILS_PRESERVED_SENSOR_FAMILY_RESOLUTION_ONLY
CUR_08,Curitiba,1,requires_manual_sensor_selection,blocked_unknown_asset_type,BLOCKED_UNKNOWN_ASSET_TYPE,ONLY_UNKNOWN_OR_UNUSABLE_ASSET_TYPE_AVAILABLE,REJECTED_UNKNOWN_ASSET_TYPE,asset_ref_04cc1881a08e|asset_ref_effee52e6e7e,patch_manifest|unknown,false,false,false,true,false,false,METADATA_REPAIR_REQUIRED_BEFORE_REQUEST|PREVIOUS_METADATA_BLOCKER_PRESENT|SENSOR_NOT_RESOLVED_TO_SENTINEL_2_OPTICAL|REQUIREMENT_ALREADY_BLOCKED,GUARDRAILS_PRESERVED_SENSOR_FAMILY_RESOLUTION_ONLY
CUR_08,Curitiba,2,requires_manual_sensor_selection,blocked_unknown_asset_type,BLOCKED_UNKNOWN_ASSET_TYPE,ONLY_UNKNOWN_OR_UNUSABLE_ASSET_TYPE_AVAILABLE,REJECTED_UNKNOWN_ASSET_TYPE,asset_ref_04cc1881a08e|asset_ref_effee52e6e7e,patch_manifest|unknown,false,false,false,true,false,false,METADATA_REPAIR_REQUIRED_BEFORE_REQUEST|PREVIOUS_METADATA_BLOCKER_PRESENT|SENSOR_NOT_RESOLVED_TO_SENTINEL_2_OPTICAL|REQUIREMENT_ALREADY_BLOCKED,GUARDRAILS_PRESERVED_SENSOR_FAMILY_RESOLUTION_ONLY
CUR_08,Curitiba,3,requires_manual_sensor_selection,blocked_unknown_asset_type,BLOCKED_UNKNOWN_ASSET_TYPE,ONLY_UNKNOWN_OR_UNUSABLE_ASSET_TYPE_AVAILABLE,REJECTED_UNKNOWN_ASSET_TYPE,asset_ref_04cc1881a08e|asset_ref_effee52e6e7e,patch_manifest|unknown,false,false,false,true,false,false,METADATA_REPAIR_REQUIRED_BEFORE_REQUEST|PREVIOUS_METADATA_BLOCKER_PRESENT|SENSOR_NOT_RESOLVED_TO_SENTINEL_2_OPTICAL|REQUIREMENT_ALREADY_BLOCKED,GUARDRAILS_PRESERVED_SENSOR_FAMILY_RESOLUTION_ONLY
CUR_09,Curitiba,1,requires_manual_sensor_selection,blocked_unknown_asset_type,BLOCKED_UNKNOWN_ASSET_TYPE,ONLY_UNKNOWN_OR_UNUSABLE_ASSET_TYPE_AVAILABLE,REJECTED_UNKNOWN_ASSET_TYPE,asset_ref_012ccb220633|asset_ref_42e09ad69d15,patch_manifest|unknown,false,false,false,true,false,false,METADATA_REPAIR_REQUIRED_BEFORE_REQUEST|PREVIOUS_METADATA_BLOCKER_PRESENT|SENSOR_NOT_RESOLVED_TO_SENTINEL_2_OPTICAL|REQUIREMENT_ALREADY_BLOCKED,GUARDRAILS_PRESERVED_SENSOR_FAMILY_RESOLUTION_ONLY
CUR_09,Curitiba,2,requires_manual_sensor_selection,blocked_unknown_asset_type,BLOCKED_UNKNOWN_ASSET_TYPE,ONLY_UNKNOWN_OR_UNUSABLE_ASSET_TYPE_AVAILABLE,REJECTED_UNKNOWN_ASSET_TYPE,asset_ref_012ccb220633|asset_ref_42e09ad69d15,patch_manifest|unknown,false,false,false,true,false,false,METADATA_REPAIR_REQUIRED_BEFORE_REQUEST|PREVIOUS_METADATA_BLOCKER_PRESENT|SENSOR_NOT_RESOLVED_TO_SENTINEL_2_OPTICAL|REQUIREMENT_ALREADY_BLOCKED,GUARDRAILS_PRESERVED_SENSOR_FAMILY_RESOLUTION_ONLY
CUR_09,Curitiba,3,requires_manual_sensor_selection,blocked_unknown_asset_type,BLOCKED_UNKNOWN_ASSET_TYPE,ONLY_UNKNOWN_OR_UNUSABLE_ASSET_TYPE_AVAILABLE,REJECTED_UNKNOWN_ASSET_TYPE,asset_ref_012ccb220633|asset_ref_42e09ad69d15,patch_manifest|unknown,false,false,false,true,false,false,METADATA_REPAIR_REQUIRED_BEFORE_REQUEST|PREVIOUS_METADATA_BLOCKER_PRESENT|SENSOR_NOT_RESOLVED_TO_SENTINEL_2_OPTICAL|REQUIREMENT_ALREADY_BLOCKED,GUARDRAILS_PRESERVED_SENSOR_FAMILY_RESOLUTION_ONLY
CUR_10,Curitiba,1,requires_manual_sensor_selection,blocked_unknown_asset_type,BLOCKED_UNKNOWN_ASSET_TYPE,ONLY_UNKNOWN_OR_UNUSABLE_ASSET_TYPE_AVAILABLE,REJECTED_UNKNOWN_ASSET_TYPE,asset_ref_216987edb043|asset_ref_a86a865de1e6,patch_manifest|unknown,false,false,false,true,false,false,METADATA_REPAIR_REQUIRED_BEFORE_REQUEST|PREVIOUS_METADATA_BLOCKER_PRESENT|SENSOR_NOT_RESOLVED_TO_SENTINEL_2_OPTICAL|REQUIREMENT_ALREADY_BLOCKED,GUARDRAILS_PRESERVED_SENSOR_FAMILY_RESOLUTION_ONLY
CUR_10,Curitiba,2,requires_manual_sensor_selection,blocked_unknown_asset_type,BLOCKED_UNKNOWN_ASSET_TYPE,ONLY_UNKNOWN_OR_UNUSABLE_ASSET_TYPE_AVAILABLE,REJECTED_UNKNOWN_ASSET_TYPE,asset_ref_216987edb043|asset_ref_a86a865de1e6,patch_manifest|unknown,false,false,false,true,false,false,METADATA_REPAIR_REQUIRED_BEFORE_REQUEST|PREVIOUS_METADATA_BLOCKER_PRESENT|SENSOR_NOT_RESOLVED_TO_SENTINEL_2_OPTICAL|REQUIREMENT_ALREADY_BLOCKED,GUARDRAILS_PRESERVED_SENSOR_FAMILY_RESOLUTION_ONLY
CUR_10,Curitiba,3,requires_manual_sensor_selection,blocked_unknown_asset_type,BLOCKED_UNKNOWN_ASSET_TYPE,ONLY_UNKNOWN_OR_UNUSABLE_ASSET_TYPE_AVAILABLE,REJECTED_UNKNOWN_ASSET_TYPE,asset_ref_216987edb043|asset_ref_a86a865de1e6,patch_manifest|unknown,false,false,false,true,false,false,METADATA_REPAIR_REQUIRED_BEFORE_REQUEST|PREVIOUS_METADATA_BLOCKER_PRESENT|SENSOR_NOT_RESOLVED_TO_SENTINEL_2_OPTICAL|REQUIREMENT_ALREADY_BLOCKED,GUARDRAILS_PRESERVED_SENSOR_FAMILY_RESOLUTION_ONLY
CUR_11,Curitiba,1,requires_manual_sensor_selection,blocked_unknown_asset_type,BLOCKED_UNKNOWN_ASSET_TYPE,ONLY_UNKNOWN_OR_UNUSABLE_ASSET_TYPE_AVAILABLE,REJECTED_UNKNOWN_ASSET_TYPE,asset_ref_bcbbcc8f0229|asset_ref_fca074629bb2,patch_manifest|unknown,false,false,false,true,false,false,METADATA_REPAIR_REQUIRED_BEFORE_REQUEST|PREVIOUS_METADATA_BLOCKER_PRESENT|SENSOR_NOT_RESOLVED_TO_SENTINEL_2_OPTICAL|REQUIREMENT_ALREADY_BLOCKED,GUARDRAILS_PRESERVED_SENSOR_FAMILY_RESOLUTION_ONLY
CUR_11,Curitiba,2,requires_manual_sensor_selection,blocked_unknown_asset_type,BLOCKED_UNKNOWN_ASSET_TYPE,ONLY_UNKNOWN_OR_UNUSABLE_ASSET_TYPE_AVAILABLE,REJECTED_UNKNOWN_ASSET_TYPE,asset_ref_bcbbcc8f0229|asset_ref_fca074629bb2,patch_manifest|unknown,false,false,false,true,false,false,METADATA_REPAIR_REQUIRED_BEFORE_REQUEST|PREVIOUS_METADATA_BLOCKER_PRESENT|SENSOR_NOT_RESOLVED_TO_SENTINEL_2_OPTICAL|REQUIREMENT_ALREADY_BLOCKED,GUARDRAILS_PRESERVED_SENSOR_FAMILY_RESOLUTION_ONLY
CUR_11,Curitiba,3,requires_manual_sensor_selection,blocked_unknown_asset_type,BLOCKED_UNKNOWN_ASSET_TYPE,ONLY_UNKNOWN_OR_UNUSABLE_ASSET_TYPE_AVAILABLE,REJECTED_UNKNOWN_ASSET_TYPE,asset_ref_bcbbcc8f0229|asset_ref_fca074629bb2,patch_manifest|unknown,false,false,false,true,false,false,METADATA_REPAIR_REQUIRED_BEFORE_REQUEST|PREVIOUS_METADATA_BLOCKER_PRESENT|SENSOR_NOT_RESOLVED_TO_SENTINEL_2_OPTICAL|REQUIREMENT_ALREADY_BLOCKED,GUARDRAILS_PRESERVED_SENSOR_FAMILY_RESOLUTION_ONLY
CUR_12,Curitiba,1,requires_manual_sensor_selection,blocked_unknown_asset_type,BLOCKED_UNKNOWN_ASSET_TYPE,ONLY_UNKNOWN_OR_UNUSABLE_ASSET_TYPE_AVAILABLE,REJECTED_UNKNOWN_ASSET_TYPE,asset_ref_30625bbc749b|asset_ref_ae0e7a3fe3dc,patch_manifest|unknown,false,false,false,true,false,false,METADATA_REPAIR_REQUIRED_BEFORE_REQUEST|PREVIOUS_METADATA_BLOCKER_PRESENT|SENSOR_NOT_RESOLVED_TO_SENTINEL_2_OPTICAL|REQUIREMENT_ALREADY_BLOCKED,GUARDRAILS_PRESERVED_SENSOR_FAMILY_RESOLUTION_ONLY
CUR_12,Curitiba,2,requires_manual_sensor_selection,blocked_unknown_asset_type,BLOCKED_UNKNOWN_ASSET_TYPE,ONLY_UNKNOWN_OR_UNUSABLE_ASSET_TYPE_AVAILABLE,REJECTED_UNKNOWN_ASSET_TYPE,asset_ref_30625bbc749b|asset_ref_ae0e7a3fe3dc,patch_manifest|unknown,false,false,false,true,false,false,METADATA_REPAIR_REQUIRED_BEFORE_REQUEST|PREVIOUS_METADATA_BLOCKER_PRESENT|SENSOR_NOT_RESOLVED_TO_SENTINEL_2_OPTICAL|REQUIREMENT_ALREADY_BLOCKED,GUARDRAILS_PRESERVED_SENSOR_FAMILY_RESOLUTION_ONLY
CUR_12,Curitiba,3,requires_manual_sensor_selection,blocked_unknown_asset_type,BLOCKED_UNKNOWN_ASSET_TYPE,ONLY_UNKNOWN_OR_UNUSABLE_ASSET_TYPE_AVAILABLE,REJECTED_UNKNOWN_ASSET_TYPE,asset_ref_30625bbc749b|asset_ref_ae0e7a3fe3dc,patch_manifest|unknown,false,false,false,true,false,false,METADATA_REPAIR_REQUIRED_BEFORE_REQUEST|PREVIOUS_METADATA_BLOCKER_PRESENT|SENSOR_NOT_RESOLVED_TO_SENTINEL_2_OPTICAL|REQUIREMENT_ALREADY_BLOCKED,GUARDRAILS_PRESERVED_SENSOR_FAMILY_RESOLUTION_ONLY
CUR_13,Curitiba,1,requires_manual_sensor_selection,blocked_unknown_asset_type,BLOCKED_UNKNOWN_ASSET_TYPE,ONLY_UNKNOWN_OR_UNUSABLE_ASSET_TYPE_AVAILABLE,REJECTED_UNKNOWN_ASSET_TYPE,asset_ref_24ee3fa99817|asset_ref_c6af8ca38d36,patch_manifest|unknown,false,false,false,true,false,false,METADATA_REPAIR_REQUIRED_BEFORE_REQUEST|PREVIOUS_METADATA_BLOCKER_PRESENT|SENSOR_NOT_RESOLVED_TO_SENTINEL_2_OPTICAL|REQUIREMENT_ALREADY_BLOCKED,GUARDRAILS_PRESERVED_SENSOR_FAMILY_RESOLUTION_ONLY
CUR_13,Curitiba,2,requires_manual_sensor_selection,blocked_unknown_asset_type,BLOCKED_UNKNOWN_ASSET_TYPE,ONLY_UNKNOWN_OR_UNUSABLE_ASSET_TYPE_AVAILABLE,REJECTED_UNKNOWN_ASSET_TYPE,asset_ref_24ee3fa99817|asset_ref_c6af8ca38d36,patch_manifest|unknown,false,false,false,true,false,false,METADATA_REPAIR_REQUIRED_BEFORE_REQUEST|PREVIOUS_METADATA_BLOCKER_PRESENT|SENSOR_NOT_RESOLVED_TO_SENTINEL_2_OPTICAL|REQUIREMENT_ALREADY_BLOCKED,GUARDRAILS_PRESERVED_SENSOR_FAMILY_RESOLUTION_ONLY
CUR_13,Curitiba,3,requires_manual_sensor_selection,blocked_unknown_asset_type,BLOCKED_UNKNOWN_ASSET_TYPE,ONLY_UNKNOWN_OR_UNUSABLE_ASSET_TYPE_AVAILABLE,REJECTED_UNKNOWN_ASSET_TYPE,asset_ref_24ee3fa99817|asset_ref_c6af8ca38d36,patch_manifest|unknown,false,false,false,true,false,false,METADATA_REPAIR_REQUIRED_BEFORE_REQUEST|PREVIOUS_METADATA_BLOCKER_PRESENT|SENSOR_NOT_RESOLVED_TO_SENTINEL_2_OPTICAL|REQUIREMENT_ALREADY_BLOCKED,GUARDRAILS_PRESERVED_SENSOR_FAMILY_RESOLUTION_ONLY
CUR_14,Curitiba,1,requires_manual_sensor_selection,blocked_unknown_asset_type,BLOCKED_UNKNOWN_ASSET_TYPE,ONLY_UNKNOWN_OR_UNUSABLE_ASSET_TYPE_AVAILABLE,REJECTED_UNKNOWN_ASSET_TYPE,asset_ref_9a21554d0bed|asset_ref_a1a6a602fbbe,patch_manifest|unknown,false,false,false,true,false,false,METADATA_REPAIR_REQUIRED_BEFORE_REQUEST|PREVIOUS_METADATA_BLOCKER_PRESENT|SENSOR_NOT_RESOLVED_TO_SENTINEL_2_OPTICAL|REQUIREMENT_ALREADY_BLOCKED,GUARDRAILS_PRESERVED_SENSOR_FAMILY_RESOLUTION_ONLY
CUR_14,Curitiba,2,requires_manual_sensor_selection,blocked_unknown_asset_type,BLOCKED_UNKNOWN_ASSET_TYPE,ONLY_UNKNOWN_OR_UNUSABLE_ASSET_TYPE_AVAILABLE,REJECTED_UNKNOWN_ASSET_TYPE,asset_ref_9a21554d0bed|asset_ref_a1a6a602fbbe,patch_manifest|unknown,false,false,false,true,false,false,METADATA_REPAIR_REQUIRED_BEFORE_REQUEST|PREVIOUS_METADATA_BLOCKER_PRESENT|SENSOR_NOT_RESOLVED_TO_SENTINEL_2_OPTICAL|REQUIREMENT_ALREADY_BLOCKED,GUARDRAILS_PRESERVED_SENSOR_FAMILY_RESOLUTION_ONLY
CUR_14,Curitiba,3,requires_manual_sensor_selection,blocked_unknown_asset_type,BLOCKED_UNKNOWN_ASSET_TYPE,ONLY_UNKNOWN_OR_UNUSABLE_ASSET_TYPE_AVAILABLE,REJECTED_UNKNOWN_ASSET_TYPE,asset_ref_9a21554d0bed|asset_ref_a1a6a602fbbe,patch_manifest|unknown,false,false,false,true,false,false,METADATA_REPAIR_REQUIRED_BEFORE_REQUEST|PREVIOUS_METADATA_BLOCKER_PRESENT|SENSOR_NOT_RESOLVED_TO_SENTINEL_2_OPTICAL|REQUIREMENT_ALREADY_BLOCKED,GUARDRAILS_PRESERVED_SENSOR_FAMILY_RESOLUTION_ONLY
CUR_P001,Curitiba,1,requires_manual_sensor_selection,blocked_unknown_asset_type,BLOCKED_UNKNOWN_ASSET_TYPE,ONLY_UNKNOWN_OR_UNUSABLE_ASSET_TYPE_AVAILABLE,REJECTED_UNKNOWN_ASSET_TYPE,asset_ref_ee89a6727e4e,unknown,false,false,false,true,false,false,METADATA_REPAIR_REQUIRED_BEFORE_REQUEST|PREVIOUS_METADATA_BLOCKER_PRESENT|SENSOR_NOT_RESOLVED_TO_SENTINEL_2_OPTICAL|REQUIREMENT_ALREADY_BLOCKED,GUARDRAILS_PRESERVED_SENSOR_FAMILY_RESOLUTION_ONLY
CUR_P001,Curitiba,2,requires_manual_sensor_selection,blocked_unknown_asset_type,BLOCKED_UNKNOWN_ASSET_TYPE,ONLY_UNKNOWN_OR_UNUSABLE_ASSET_TYPE_AVAILABLE,REJECTED_UNKNOWN_ASSET_TYPE,asset_ref_ee89a6727e4e,unknown,false,false,false,true,false,false,METADATA_REPAIR_REQUIRED_BEFORE_REQUEST|PREVIOUS_METADATA_BLOCKER_PRESENT|SENSOR_NOT_RESOLVED_TO_SENTINEL_2_OPTICAL|REQUIREMENT_ALREADY_BLOCKED,GUARDRAILS_PRESERVED_SENSOR_FAMILY_RESOLUTION_ONLY
CUR_P001,Curitiba,3,requires_manual_sensor_selection,blocked_unknown_asset_type,BLOCKED_UNKNOWN_ASSET_TYPE,ONLY_UNKNOWN_OR_UNUSABLE_ASSET_TYPE_AVAILABLE,REJECTED_UNKNOWN_ASSET_TYPE,asset_ref_ee89a6727e4e,unknown,false,false,false,true,false,false,METADATA_REPAIR_REQUIRED_BEFORE_REQUEST|PREVIOUS_METADATA_BLOCKER_PRESENT|SENSOR_NOT_RESOLVED_TO_SENTINEL_2_OPTICAL|REQUIREMENT_ALREADY_BLOCKED,GUARDRAILS_PRESERVED_SENSOR_FAMILY_RESOLUTION_ONLY
CUR_P002,Curitiba,1,requires_manual_sensor_selection,blocked_unknown_asset_type,BLOCKED_UNKNOWN_ASSET_TYPE,ONLY_UNKNOWN_OR_UNUSABLE_ASSET_TYPE_AVAILABLE,REJECTED_UNKNOWN_ASSET_TYPE,asset_ref_ff234531ef5c,unknown,false,false,false,true,false,false,METADATA_REPAIR_REQUIRED_BEFORE_REQUEST|PREVIOUS_METADATA_BLOCKER_PRESENT|SENSOR_NOT_RESOLVED_TO_SENTINEL_2_OPTICAL|REQUIREMENT_ALREADY_BLOCKED,GUARDRAILS_PRESERVED_SENSOR_FAMILY_RESOLUTION_ONLY
CUR_P002,Curitiba,2,requires_manual_sensor_selection,blocked_unknown_asset_type,BLOCKED_UNKNOWN_ASSET_TYPE,ONLY_UNKNOWN_OR_UNUSABLE_ASSET_TYPE_AVAILABLE,REJECTED_UNKNOWN_ASSET_TYPE,asset_ref_ff234531ef5c,unknown,false,false,false,true,false,false,METADATA_REPAIR_REQUIRED_BEFORE_REQUEST|PREVIOUS_METADATA_BLOCKER_PRESENT|SENSOR_NOT_RESOLVED_TO_SENTINEL_2_OPTICAL|REQUIREMENT_ALREADY_BLOCKED,GUARDRAILS_PRESERVED_SENSOR_FAMILY_RESOLUTION_ONLY
CUR_P002,Curitiba,3,requires_manual_sensor_selection,blocked_unknown_asset_type,BLOCKED_UNKNOWN_ASSET_TYPE,ONLY_UNKNOWN_OR_UNUSABLE_ASSET_TYPE_AVAILABLE,REJECTED_UNKNOWN_ASSET_TYPE,asset_ref_ff234531ef5c,unknown,false,false,false,true,false,false,METADATA_REPAIR_REQUIRED_BEFORE_REQUEST|PREVIOUS_METADATA_BLOCKER_PRESENT|SENSOR_NOT_RESOLVED_TO_SENTINEL_2_OPTICAL|REQUIREMENT_ALREADY_BLOCKED,GUARDRAILS_PRESERVED_SENSOR_FAMILY_RESOLUTION_ONLY
CUR_P003,Curitiba,1,requires_manual_sensor_selection,blocked_unknown_asset_type,BLOCKED_UNKNOWN_ASSET_TYPE,ONLY_UNKNOWN_OR_UNUSABLE_ASSET_TYPE_AVAILABLE,REJECTED_UNKNOWN_ASSET_TYPE,asset_ref_5ed146ec9f64,unknown,false,false,false,true,false,false,METADATA_REPAIR_REQUIRED_BEFORE_REQUEST|PREVIOUS_METADATA_BLOCKER_PRESENT|SENSOR_NOT_RESOLVED_TO_SENTINEL_2_OPTICAL|REQUIREMENT_ALREADY_BLOCKED,GUARDRAILS_PRESERVED_SENSOR_FAMILY_RESOLUTION_ONLY
CUR_P003,Curitiba,2,requires_manual_sensor_selection,blocked_unknown_asset_type,BLOCKED_UNKNOWN_ASSET_TYPE,ONLY_UNKNOWN_OR_UNUSABLE_ASSET_TYPE_AVAILABLE,REJECTED_UNKNOWN_ASSET_TYPE,asset_ref_5ed146ec9f64,unknown,false,false,false,true,false,false,METADATA_REPAIR_REQUIRED_BEFORE_REQUEST|PREVIOUS_METADATA_BLOCKER_PRESENT|SENSOR_NOT_RESOLVED_TO_SENTINEL_2_OPTICAL|REQUIREMENT_ALREADY_BLOCKED,GUARDRAILS_PRESERVED_SENSOR_FAMILY_RESOLUTION_ONLY
CUR_P003,Curitiba,3,requires_manual_sensor_selection,blocked_unknown_asset_type,BLOCKED_UNKNOWN_ASSET_TYPE,ONLY_UNKNOWN_OR_UNUSABLE_ASSET_TYPE_AVAILABLE,REJECTED_UNKNOWN_ASSET_TYPE,asset_ref_5ed146ec9f64,unknown,false,false,false,true,false,false,METADATA_REPAIR_REQUIRED_BEFORE_REQUEST|PREVIOUS_METADATA_BLOCKER_PRESENT|SENSOR_NOT_RESOLVED_TO_SENTINEL_2_OPTICAL|REQUIREMENT_ALREADY_BLOCKED,GUARDRAILS_PRESERVED_SENSOR_FAMILY_RESOLUTION_ONLY
CUR_P004,Curitiba,1,requires_manual_sensor_selection,blocked_unknown_asset_type,BLOCKED_UNKNOWN_ASSET_TYPE,ONLY_UNKNOWN_OR_UNUSABLE_ASSET_TYPE_AVAILABLE,REJECTED_UNKNOWN_ASSET_TYPE,asset_ref_a9cfe3a3e26d,unknown,false,false,false,true,false,false,METADATA_REPAIR_REQUIRED_BEFORE_REQUEST|PREVIOUS_METADATA_BLOCKER_PRESENT|SENSOR_NOT_RESOLVED_TO_SENTINEL_2_OPTICAL|REQUIREMENT_ALREADY_BLOCKED,GUARDRAILS_PRESERVED_SENSOR_FAMILY_RESOLUTION_ONLY
CUR_P004,Curitiba,2,requires_manual_sensor_selection,blocked_unknown_asset_type,BLOCKED_UNKNOWN_ASSET_TYPE,ONLY_UNKNOWN_OR_UNUSABLE_ASSET_TYPE_AVAILABLE,REJECTED_UNKNOWN_ASSET_TYPE,asset_ref_a9cfe3a3e26d,unknown,false,false,false,true,false,false,METADATA_REPAIR_REQUIRED_BEFORE_REQUEST|PREVIOUS_METADATA_BLOCKER_PRESENT|SENSOR_NOT_RESOLVED_TO_SENTINEL_2_OPTICAL|REQUIREMENT_ALREADY_BLOCKED,GUARDRAILS_PRESERVED_SENSOR_FAMILY_RESOLUTION_ONLY
CUR_P004,Curitiba,3,requires_manual_sensor_selection,blocked_unknown_asset_type,BLOCKED_UNKNOWN_ASSET_TYPE,ONLY_UNKNOWN_OR_UNUSABLE_ASSET_TYPE_AVAILABLE,REJECTED_UNKNOWN_ASSET_TYPE,asset_ref_a9cfe3a3e26d,unknown,false,false,false,true,false,false,METADATA_REPAIR_REQUIRED_BEFORE_REQUEST|PREVIOUS_METADATA_BLOCKER_PRESENT|SENSOR_NOT_RESOLVED_TO_SENTINEL_2_OPTICAL|REQUIREMENT_ALREADY_BLOCKED,GUARDRAILS_PRESERVED_SENSOR_FAMILY_RESOLUTION_ONLY
FACT_v2at_0002,Curitiba,1,requires_manual_sensor_selection,blocked_unknown_asset_type,BLOCKED_UNKNOWN_ASSET_TYPE,ONLY_UNKNOWN_OR_UNUSABLE_ASSET_TYPE_AVAILABLE,REJECTED_UNKNOWN_ASSET_TYPE,asset_ref_e401a873fb60,unknown,false,false,false,true,false,false,METADATA_REPAIR_REQUIRED_BEFORE_REQUEST|PREVIOUS_METADATA_BLOCKER_PRESENT|SENSOR_NOT_RESOLVED_TO_SENTINEL_2_OPTICAL|REQUIREMENT_ALREADY_BLOCKED,GUARDRAILS_PRESERVED_SENSOR_FAMILY_RESOLUTION_ONLY
FACT_v2at_0002,Curitiba,2,requires_manual_sensor_selection,blocked_unknown_asset_type,BLOCKED_UNKNOWN_ASSET_TYPE,ONLY_UNKNOWN_OR_UNUSABLE_ASSET_TYPE_AVAILABLE,REJECTED_UNKNOWN_ASSET_TYPE,asset_ref_e401a873fb60,unknown,false,false,false,true,false,false,METADATA_REPAIR_REQUIRED_BEFORE_REQUEST|PREVIOUS_METADATA_BLOCKER_PRESENT|SENSOR_NOT_RESOLVED_TO_SENTINEL_2_OPTICAL|REQUIREMENT_ALREADY_BLOCKED,GUARDRAILS_PRESERVED_SENSOR_FAMILY_RESOLUTION_ONLY
FACT_v2at_0002,Curitiba,3,requires_manual_sensor_selection,blocked_unknown_asset_type,BLOCKED_UNKNOWN_ASSET_TYPE,ONLY_UNKNOWN_OR_UNUSABLE_ASSET_TYPE_AVAILABLE,REJECTED_UNKNOWN_ASSET_TYPE,asset_ref_e401a873fb60,unknown,false,false,false,true,false,false,METADATA_REPAIR_REQUIRED_BEFORE_REQUEST|PREVIOUS_METADATA_BLOCKER_PRESENT|SENSOR_NOT_RESOLVED_TO_SENTINEL_2_OPTICAL|REQUIREMENT_ALREADY_BLOCKED,GUARDRAILS_PRESERVED_SENSOR_FAMILY_RESOLUTION_ONLY
FACT_v2at_0005,Recife,1,requires_manual_sensor_selection,blocked_unknown_asset_type,BLOCKED_UNKNOWN_ASSET_TYPE,ONLY_UNKNOWN_OR_UNUSABLE_ASSET_TYPE_AVAILABLE,REJECTED_UNKNOWN_ASSET_TYPE,asset_ref_da6c31909c45,unknown,false,false,false,true,false,false,METADATA_REPAIR_REQUIRED_BEFORE_REQUEST|PREVIOUS_METADATA_BLOCKER_PRESENT|SENSOR_NOT_RESOLVED_TO_SENTINEL_2_OPTICAL|REQUIREMENT_ALREADY_BLOCKED,GUARDRAILS_PRESERVED_SENSOR_FAMILY_RESOLUTION_ONLY
FACT_v2at_0005,Recife,2,requires_manual_sensor_selection,blocked_unknown_asset_type,BLOCKED_UNKNOWN_ASSET_TYPE,ONLY_UNKNOWN_OR_UNUSABLE_ASSET_TYPE_AVAILABLE,REJECTED_UNKNOWN_ASSET_TYPE,asset_ref_da6c31909c45,unknown,false,false,false,true,false,false,METADATA_REPAIR_REQUIRED_BEFORE_REQUEST|PREVIOUS_METADATA_BLOCKER_PRESENT|SENSOR_NOT_RESOLVED_TO_SENTINEL_2_OPTICAL|REQUIREMENT_ALREADY_BLOCKED,GUARDRAILS_PRESERVED_SENSOR_FAMILY_RESOLUTION_ONLY
FACT_v2at_0005,Recife,3,requires_manual_sensor_selection,blocked_unknown_asset_type,BLOCKED_UNKNOWN_ASSET_TYPE,ONLY_UNKNOWN_OR_UNUSABLE_ASSET_TYPE_AVAILABLE,REJECTED_UNKNOWN_ASSET_TYPE,asset_ref_da6c31909c45,unknown,false,false,false,true,false,false,METADATA_REPAIR_REQUIRED_BEFORE_REQUEST|PREVIOUS_METADATA_BLOCKER_PRESENT|SENSOR_NOT_RESOLVED_TO_SENTINEL_2_OPTICAL|REQUIREMENT_ALREADY_BLOCKED,GUARDRAILS_PRESERVED_SENSOR_FAMILY_RESOLUTION_ONLY
FACT_v2at_0007,Curitiba,1,requires_manual_sensor_selection,blocked_unknown_asset_type,BLOCKED_UNKNOWN_ASSET_TYPE,ONLY_UNKNOWN_OR_UNUSABLE_ASSET_TYPE_AVAILABLE,REJECTED_UNKNOWN_ASSET_TYPE,asset_ref_c00caa93d9f8,unknown,false,false,false,true,false,false,METADATA_REPAIR_REQUIRED_BEFORE_REQUEST|PREVIOUS_METADATA_BLOCKER_PRESENT|SENSOR_NOT_RESOLVED_TO_SENTINEL_2_OPTICAL|REQUIREMENT_ALREADY_BLOCKED,GUARDRAILS_PRESERVED_SENSOR_FAMILY_RESOLUTION_ONLY
FACT_v2at_0007,Curitiba,2,requires_manual_sensor_selection,blocked_unknown_asset_type,BLOCKED_UNKNOWN_ASSET_TYPE,ONLY_UNKNOWN_OR_UNUSABLE_ASSET_TYPE_AVAILABLE,REJECTED_UNKNOWN_ASSET_TYPE,asset_ref_c00caa93d9f8,unknown,false,false,false,true,false,false,METADATA_REPAIR_REQUIRED_BEFORE_REQUEST|PREVIOUS_METADATA_BLOCKER_PRESENT|SENSOR_NOT_RESOLVED_TO_SENTINEL_2_OPTICAL|REQUIREMENT_ALREADY_BLOCKED,GUARDRAILS_PRESERVED_SENSOR_FAMILY_RESOLUTION_ONLY
FACT_v2at_0007,Curitiba,3,requires_manual_sensor_selection,blocked_unknown_asset_type,BLOCKED_UNKNOWN_ASSET_TYPE,ONLY_UNKNOWN_OR_UNUSABLE_ASSET_TYPE_AVAILABLE,REJECTED_UNKNOWN_ASSET_TYPE,asset_ref_c00caa93d9f8,unknown,false,false,false,true,false,false,METADATA_REPAIR_REQUIRED_BEFORE_REQUEST|PREVIOUS_METADATA_BLOCKER_PRESENT|SENSOR_NOT_RESOLVED_TO_SENTINEL_2_OPTICAL|REQUIREMENT_ALREADY_BLOCKED,GUARDRAILS_PRESERVED_SENSOR_FAMILY_RESOLUTION_ONLY
FACT_v2at_0008,Curitiba,1,requires_manual_sensor_selection,blocked_unknown_asset_type,BLOCKED_UNKNOWN_ASSET_TYPE,ONLY_UNKNOWN_OR_UNUSABLE_ASSET_TYPE_AVAILABLE,REJECTED_UNKNOWN_ASSET_TYPE,asset_ref_74ebfd946043,unknown,false,false,false,true,false,false,METADATA_REPAIR_REQUIRED_BEFORE_REQUEST|PREVIOUS_METADATA_BLOCKER_PRESENT|SENSOR_NOT_RESOLVED_TO_SENTINEL_2_OPTICAL|REQUIREMENT_ALREADY_BLOCKED,GUARDRAILS_PRESERVED_SENSOR_FAMILY_RESOLUTION_ONLY
FACT_v2at_0008,Curitiba,2,requires_manual_sensor_selection,blocked_unknown_asset_type,BLOCKED_UNKNOWN_ASSET_TYPE,ONLY_UNKNOWN_OR_UNUSABLE_ASSET_TYPE_AVAILABLE,REJECTED_UNKNOWN_ASSET_TYPE,asset_ref_74ebfd946043,unknown,false,false,false,true,false,false,METADATA_REPAIR_REQUIRED_BEFORE_REQUEST|PREVIOUS_METADATA_BLOCKER_PRESENT|SENSOR_NOT_RESOLVED_TO_SENTINEL_2_OPTICAL|REQUIREMENT_ALREADY_BLOCKED,GUARDRAILS_PRESERVED_SENSOR_FAMILY_RESOLUTION_ONLY
FACT_v2at_0008,Curitiba,3,requires_manual_sensor_selection,blocked_unknown_asset_type,BLOCKED_UNKNOWN_ASSET_TYPE,ONLY_UNKNOWN_OR_UNUSABLE_ASSET_TYPE_AVAILABLE,REJECTED_UNKNOWN_ASSET_TYPE,asset_ref_74ebfd946043,unknown,false,false,false,true,false,false,METADATA_REPAIR_REQUIRED_BEFORE_REQUEST|PREVIOUS_METADATA_BLOCKER_PRESENT|SENSOR_NOT_RESOLVED_TO_SENTINEL_2_OPTICAL|REQUIREMENT_ALREADY_BLOCKED,GUARDRAILS_PRESERVED_SENSOR_FAMILY_RESOLUTION_ONLY
PATCH_LINKAGE_MISSING,unknown,1,requires_manual_sensor_selection,requires_manual_sensor_selection,BLOCKED_MISSING_PATCH_CONTEXT,MISSING_PATCH_REGION_OR_LINKAGE_CONTEXT,REJECTED_MISSING_CONTEXT,asset_ref_6e4377f7cc28,unknown,false,false,false,true,false,false,MISSING_REGION|METADATA_REPAIR_REQUIRED_BEFORE_REQUEST|PREVIOUS_METADATA_BLOCKER_PRESENT|SENSOR_NOT_RESOLVED_TO_SENTINEL_2_OPTICAL|REQUIREMENT_ALREADY_BLOCKED,GUARDRAILS_PRESERVED_SENSOR_FAMILY_RESOLUTION_ONLY
PATCH_LINKAGE_MISSING,unknown,2,requires_manual_sensor_selection,requires_manual_sensor_selection,BLOCKED_MISSING_PATCH_CONTEXT,MISSING_PATCH_REGION_OR_LINKAGE_CONTEXT,REJECTED_MISSING_CONTEXT,asset_ref_6e4377f7cc28,unknown,false,false,false,true,false,false,MISSING_REGION|METADATA_REPAIR_REQUIRED_BEFORE_REQUEST|PREVIOUS_METADATA_BLOCKER_PRESENT|SENSOR_NOT_RESOLVED_TO_SENTINEL_2_OPTICAL|REQUIREMENT_ALREADY_BLOCKED,GUARDRAILS_PRESERVED_SENSOR_FAMILY_RESOLUTION_ONLY
PATCH_LINKAGE_MISSING,unknown,3,requires_manual_sensor_selection,requires_manual_sensor_selection,BLOCKED_MISSING_PATCH_CONTEXT,MISSING_PATCH_REGION_OR_LINKAGE_CONTEXT,REJECTED_MISSING_CONTEXT,asset_ref_6e4377f7cc28,unknown,false,false,false,true,false,false,MISSING_REGION|METADATA_REPAIR_REQUIRED_BEFORE_REQUEST|PREVIOUS_METADATA_BLOCKER_PRESENT|SENSOR_NOT_RESOLVED_TO_SENTINEL_2_OPTICAL|REQUIREMENT_ALREADY_BLOCKED,GUARDRAILS_PRESERVED_SENSOR_FAMILY_RESOLUTION_ONLY
PET-00016,Petropolis,1,requires_manual_sensor_selection,blocked_unknown_asset_type,BLOCKED_UNKNOWN_ASSET_TYPE,ONLY_UNKNOWN_OR_UNUSABLE_ASSET_TYPE_AVAILABLE,REJECTED_UNKNOWN_ASSET_TYPE,asset_ref_3ead02b05d3d,unknown,false,false,false,true,false,false,METADATA_REPAIR_REQUIRED_BEFORE_REQUEST|PREVIOUS_METADATA_BLOCKER_PRESENT|SENSOR_NOT_RESOLVED_TO_SENTINEL_2_OPTICAL|REQUIREMENT_ALREADY_BLOCKED,GUARDRAILS_PRESERVED_SENSOR_FAMILY_RESOLUTION_ONLY
PET-00016,Petropolis,2,requires_manual_sensor_selection,blocked_unknown_asset_type,BLOCKED_UNKNOWN_ASSET_TYPE,ONLY_UNKNOWN_OR_UNUSABLE_ASSET_TYPE_AVAILABLE,REJECTED_UNKNOWN_ASSET_TYPE,asset_ref_3ead02b05d3d,unknown,false,false,false,true,false,false,METADATA_REPAIR_REQUIRED_BEFORE_REQUEST|PREVIOUS_METADATA_BLOCKER_PRESENT|SENSOR_NOT_RESOLVED_TO_SENTINEL_2_OPTICAL|REQUIREMENT_ALREADY_BLOCKED,GUARDRAILS_PRESERVED_SENSOR_FAMILY_RESOLUTION_ONLY
PET-00016,Petropolis,3,requires_manual_sensor_selection,blocked_unknown_asset_type,BLOCKED_UNKNOWN_ASSET_TYPE,ONLY_UNKNOWN_OR_UNUSABLE_ASSET_TYPE_AVAILABLE,REJECTED_UNKNOWN_ASSET_TYPE,asset_ref_3ead02b05d3d,unknown,false,false,false,true,false,false,METADATA_REPAIR_REQUIRED_BEFORE_REQUEST|PREVIOUS_METADATA_BLOCKER_PRESENT|SENSOR_NOT_RESOLVED_TO_SENTINEL_2_OPTICAL|REQUIREMENT_ALREADY_BLOCKED,GUARDRAILS_PRESERVED_SENSOR_FAMILY_RESOLUTION_ONLY
PET-00104,Petropolis,1,requires_manual_sensor_selection,blocked_unknown_asset_type,BLOCKED_UNKNOWN_ASSET_TYPE,ONLY_UNKNOWN_OR_UNUSABLE_ASSET_TYPE_AVAILABLE,REJECTED_UNKNOWN_ASSET_TYPE,asset_ref_7cf5f2198b72,unknown,false,false,false,true,false,false,METADATA_REPAIR_REQUIRED_BEFORE_REQUEST|PREVIOUS_METADATA_BLOCKER_PRESENT|SENSOR_NOT_RESOLVED_TO_SENTINEL_2_OPTICAL|REQUIREMENT_ALREADY_BLOCKED,GUARDRAILS_PRESERVED_SENSOR_FAMILY_RESOLUTION_ONLY
PET-00104,Petropolis,2,requires_manual_sensor_selection,blocked_unknown_asset_type,BLOCKED_UNKNOWN_ASSET_TYPE,ONLY_UNKNOWN_OR_UNUSABLE_ASSET_TYPE_AVAILABLE,REJECTED_UNKNOWN_ASSET_TYPE,asset_ref_7cf5f2198b72,unknown,false,false,false,true,false,false,METADATA_REPAIR_REQUIRED_BEFORE_REQUEST|PREVIOUS_METADATA_BLOCKER_PRESENT|SENSOR_NOT_RESOLVED_TO_SENTINEL_2_OPTICAL|REQUIREMENT_ALREADY_BLOCKED,GUARDRAILS_PRESERVED_SENSOR_FAMILY_RESOLUTION_ONLY
PET-00104,Petropolis,3,requires_manual_sensor_selection,blocked_unknown_asset_type,BLOCKED_UNKNOWN_ASSET_TYPE,ONLY_UNKNOWN_OR_UNUSABLE_ASSET_TYPE_AVAILABLE,REJECTED_UNKNOWN_ASSET_TYPE,asset_ref_7cf5f2198b72,unknown,false,false,false,true,false,false,METADATA_REPAIR_REQUIRED_BEFORE_REQUEST|PREVIOUS_METADATA_BLOCKER_PRESENT|SENSOR_NOT_RESOLVED_TO_SENTINEL_2_OPTICAL|REQUIREMENT_ALREADY_BLOCKED,GUARDRAILS_PRESERVED_SENSOR_FAMILY_RESOLUTION_ONLY
PET-00119,Petropolis,1,requires_manual_sensor_selection,blocked_unknown_asset_type,BLOCKED_UNKNOWN_ASSET_TYPE,ONLY_UNKNOWN_OR_UNUSABLE_ASSET_TYPE_AVAILABLE,REJECTED_UNKNOWN_ASSET_TYPE,asset_ref_1a576cdae909,unknown,false,false,false,true,false,false,METADATA_REPAIR_REQUIRED_BEFORE_REQUEST|PREVIOUS_METADATA_BLOCKER_PRESENT|SENSOR_NOT_RESOLVED_TO_SENTINEL_2_OPTICAL|REQUIREMENT_ALREADY_BLOCKED,GUARDRAILS_PRESERVED_SENSOR_FAMILY_RESOLUTION_ONLY
PET-00119,Petropolis,2,requires_manual_sensor_selection,blocked_unknown_asset_type,BLOCKED_UNKNOWN_ASSET_TYPE,ONLY_UNKNOWN_OR_UNUSABLE_ASSET_TYPE_AVAILABLE,REJECTED_UNKNOWN_ASSET_TYPE,asset_ref_1a576cdae909,unknown,false,false,false,true,false,false,METADATA_REPAIR_REQUIRED_BEFORE_REQUEST|PREVIOUS_METADATA_BLOCKER_PRESENT|SENSOR_NOT_RESOLVED_TO_SENTINEL_2_OPTICAL|REQUIREMENT_ALREADY_BLOCKED,GUARDRAILS_PRESERVED_SENSOR_FAMILY_RESOLUTION_ONLY
PET-00119,Petropolis,3,requires_manual_sensor_selection,blocked_unknown_asset_type,BLOCKED_UNKNOWN_ASSET_TYPE,ONLY_UNKNOWN_OR_UNUSABLE_ASSET_TYPE_AVAILABLE,REJECTED_UNKNOWN_ASSET_TYPE,asset_ref_1a576cdae909,unknown,false,false,false,true,false,false,METADATA_REPAIR_REQUIRED_BEFORE_REQUEST|PREVIOUS_METADATA_BLOCKER_PRESENT|SENSOR_NOT_RESOLVED_TO_SENTINEL_2_OPTICAL|REQUIREMENT_ALREADY_BLOCKED,GUARDRAILS_PRESERVED_SENSOR_FAMILY_RESOLUTION_ONLY
PET-00140,Petropolis,1,requires_manual_sensor_selection,blocked_unknown_asset_type,BLOCKED_UNKNOWN_ASSET_TYPE,ONLY_UNKNOWN_OR_UNUSABLE_ASSET_TYPE_AVAILABLE,REJECTED_UNKNOWN_ASSET_TYPE,asset_ref_81073898cb65,unknown,false,false,false,true,false,false,METADATA_REPAIR_REQUIRED_BEFORE_REQUEST|PREVIOUS_METADATA_BLOCKER_PRESENT|SENSOR_NOT_RESOLVED_TO_SENTINEL_2_OPTICAL|REQUIREMENT_ALREADY_BLOCKED,GUARDRAILS_PRESERVED_SENSOR_FAMILY_RESOLUTION_ONLY
PET-00140,Petropolis,2,requires_manual_sensor_selection,blocked_unknown_asset_type,BLOCKED_UNKNOWN_ASSET_TYPE,ONLY_UNKNOWN_OR_UNUSABLE_ASSET_TYPE_AVAILABLE,REJECTED_UNKNOWN_ASSET_TYPE,asset_ref_81073898cb65,unknown,false,false,false,true,false,false,METADATA_REPAIR_REQUIRED_BEFORE_REQUEST|PREVIOUS_METADATA_BLOCKER_PRESENT|SENSOR_NOT_RESOLVED_TO_SENTINEL_2_OPTICAL|REQUIREMENT_ALREADY_BLOCKED,GUARDRAILS_PRESERVED_SENSOR_FAMILY_RESOLUTION_ONLY
PET-00140,Petropolis,3,requires_manual_sensor_selection,blocked_unknown_asset_type,BLOCKED_UNKNOWN_ASSET_TYPE,ONLY_UNKNOWN_OR_UNUSABLE_ASSET_TYPE_AVAILABLE,REJECTED_UNKNOWN_ASSET_TYPE,asset_ref_81073898cb65,unknown,false,false,false,true,false,false,METADATA_REPAIR_REQUIRED_BEFORE_REQUEST|PREVIOUS_METADATA_BLOCKER_PRESENT|SENSOR_NOT_RESOLVED_TO_SENTINEL_2_OPTICAL|REQUIREMENT_ALREADY_BLOCKED,GUARDRAILS_PRESERVED_SENSOR_FAMILY_RESOLUTION_ONLY
PET_00016,Petropolis,1,requires_manual_sensor_selection,blocked_derived_embedding_without_source_sensor,BLOCKED_DERIVED_EMBEDDING_WITHOUT_SOURCE_SENSOR,DINOV2_EMBEDDING_IS_DERIVED_NOT_ACQUISITION_SENSOR,REJECTED_DERIVED_EMBEDDING_ONLY,asset_ref_0c447882b63c|asset_ref_190cca968a75|asset_ref_376d5758defc|asset_ref_3cf927a22b01|asset_ref_50086565b5cc|asset_ref_515341a24180|asset_ref_697a10be8df4|asset_ref_a429e49e2b49|asset_ref_c93d18fa687f|asset_ref_f6e42f207174,dinov2_embedding|patch_manifest|unknown,false,false,true,true,false,false,PREVIOUS_METADATA_BLOCKER_PRESENT|SENSOR_NOT_RESOLVED_TO_SENTINEL_2_OPTICAL,GUARDRAILS_PRESERVED_SENSOR_FAMILY_RESOLUTION_ONLY
PET_00016,Petropolis,2,requires_manual_sensor_selection,blocked_derived_embedding_without_source_sensor,BLOCKED_DERIVED_EMBEDDING_WITHOUT_SOURCE_SENSOR,DINOV2_EMBEDDING_IS_DERIVED_NOT_ACQUISITION_SENSOR,REJECTED_DERIVED_EMBEDDING_ONLY,asset_ref_0c447882b63c|asset_ref_190cca968a75|asset_ref_376d5758defc|asset_ref_3cf927a22b01|asset_ref_50086565b5cc|asset_ref_515341a24180|asset_ref_697a10be8df4|asset_ref_a429e49e2b49|asset_ref_c93d18fa687f|asset_ref_f6e42f207174,dinov2_embedding|patch_manifest|unknown,false,false,true,true,false,false,PREVIOUS_METADATA_BLOCKER_PRESENT|SENSOR_NOT_RESOLVED_TO_SENTINEL_2_OPTICAL,GUARDRAILS_PRESERVED_SENSOR_FAMILY_RESOLUTION_ONLY
PET_00104,Petropolis,1,requires_manual_sensor_selection,blocked_derived_embedding_without_source_sensor,BLOCKED_DERIVED_EMBEDDING_WITHOUT_SOURCE_SENSOR,DINOV2_EMBEDDING_IS_DERIVED_NOT_ACQUISITION_SENSOR,REJECTED_DERIVED_EMBEDDING_ONLY,asset_ref_0bbafe2c741e|asset_ref_13b4745043cd|asset_ref_1af608a893fe|asset_ref_2861ccebb785|asset_ref_2db149c5bb54|asset_ref_2f81b7e24f1b|asset_ref_955480ecb5e7|asset_ref_ac284d4e1836|asset_ref_b53aedddb131|asset_ref_c7d2841166e9,dinov2_embedding|patch_manifest|unknown,false,false,true,true,false,false,PREVIOUS_METADATA_BLOCKER_PRESENT|SENSOR_NOT_RESOLVED_TO_SENTINEL_2_OPTICAL,GUARDRAILS_PRESERVED_SENSOR_FAMILY_RESOLUTION_ONLY
PET_00104,Petropolis,2,requires_manual_sensor_selection,blocked_derived_embedding_without_source_sensor,BLOCKED_DERIVED_EMBEDDING_WITHOUT_SOURCE_SENSOR,DINOV2_EMBEDDING_IS_DERIVED_NOT_ACQUISITION_SENSOR,REJECTED_DERIVED_EMBEDDING_ONLY,asset_ref_0bbafe2c741e|asset_ref_13b4745043cd|asset_ref_1af608a893fe|asset_ref_2861ccebb785|asset_ref_2db149c5bb54|asset_ref_2f81b7e24f1b|asset_ref_955480ecb5e7|asset_ref_ac284d4e1836|asset_ref_b53aedddb131|asset_ref_c7d2841166e9,dinov2_embedding|patch_manifest|unknown,false,false,true,true,false,false,PREVIOUS_METADATA_BLOCKER_PRESENT|SENSOR_NOT_RESOLVED_TO_SENTINEL_2_OPTICAL,GUARDRAILS_PRESERVED_SENSOR_FAMILY_RESOLUTION_ONLY
PET_00119,Petropolis,1,requires_manual_sensor_selection,blocked_derived_embedding_without_source_sensor,BLOCKED_DERIVED_EMBEDDING_WITHOUT_SOURCE_SENSOR,DINOV2_EMBEDDING_IS_DERIVED_NOT_ACQUISITION_SENSOR,REJECTED_DERIVED_EMBEDDING_ONLY,asset_ref_2d2745518ff4|asset_ref_54c1d5384eb3|asset_ref_949e7dc1842a|asset_ref_a059b3b511b8|asset_ref_a6b5be27e52b|asset_ref_afaf28e96996|asset_ref_b613c948f009|asset_ref_c4632cb7f1f6|asset_ref_ccfda966e1e4|asset_ref_f9fd41fbeb7c,dinov2_embedding|patch_manifest|unknown,false,false,true,true,false,false,PREVIOUS_METADATA_BLOCKER_PRESENT|SENSOR_NOT_RESOLVED_TO_SENTINEL_2_OPTICAL,GUARDRAILS_PRESERVED_SENSOR_FAMILY_RESOLUTION_ONLY
PET_00119,Petropolis,2,requires_manual_sensor_selection,blocked_derived_embedding_without_source_sensor,BLOCKED_DERIVED_EMBEDDING_WITHOUT_SOURCE_SENSOR,DINOV2_EMBEDDING_IS_DERIVED_NOT_ACQUISITION_SENSOR,REJECTED_DERIVED_EMBEDDING_ONLY,asset_ref_2d2745518ff4|asset_ref_54c1d5384eb3|asset_ref_949e7dc1842a|asset_ref_a059b3b511b8|asset_ref_a6b5be27e52b|asset_ref_afaf28e96996|asset_ref_b613c948f009|asset_ref_c4632cb7f1f6|asset_ref_ccfda966e1e4|asset_ref_f9fd41fbeb7c,dinov2_embedding|patch_manifest|unknown,false,false,true,true,false,false,PREVIOUS_METADATA_BLOCKER_PRESENT|SENSOR_NOT_RESOLVED_TO_SENTINEL_2_OPTICAL,GUARDRAILS_PRESERVED_SENSOR_FAMILY_RESOLUTION_ONLY
PET_00140,Petropolis,1,requires_manual_sensor_selection,blocked_derived_embedding_without_source_sensor,BLOCKED_DERIVED_EMBEDDING_WITHOUT_SOURCE_SENSOR,DINOV2_EMBEDDING_IS_DERIVED_NOT_ACQUISITION_SENSOR,REJECTED_DERIVED_EMBEDDING_ONLY,asset_ref_0f992803ea7c|asset_ref_2c180d1e4284|asset_ref_351f7d069b05|asset_ref_49acf0e20734|asset_ref_59b6049d9266|asset_ref_65beea1b4c7c|asset_ref_83a337084c97|asset_ref_8cf31d70a352|asset_ref_b4248c8da569|asset_ref_d33ee58748b0,dinov2_embedding|patch_manifest|unknown,false,false,true,true,false,false,PREVIOUS_METADATA_BLOCKER_PRESENT|SENSOR_NOT_RESOLVED_TO_SENTINEL_2_OPTICAL,GUARDRAILS_PRESERVED_SENSOR_FAMILY_RESOLUTION_ONLY
PET_00140,Petropolis,2,requires_manual_sensor_selection,blocked_derived_embedding_without_source_sensor,BLOCKED_DERIVED_EMBEDDING_WITHOUT_SOURCE_SENSOR,DINOV2_EMBEDDING_IS_DERIVED_NOT_ACQUISITION_SENSOR,REJECTED_DERIVED_EMBEDDING_ONLY,asset_ref_0f992803ea7c|asset_ref_2c180d1e4284|asset_ref_351f7d069b05|asset_ref_49acf0e20734|asset_ref_59b6049d9266|asset_ref_65beea1b4c7c|asset_ref_83a337084c97|asset_ref_8cf31d70a352|asset_ref_b4248c8da569|asset_ref_d33ee58748b0,dinov2_embedding|patch_manifest|unknown,false,false,true,true,false,false,PREVIOUS_METADATA_BLOCKER_PRESENT|SENSOR_NOT_RESOLVED_TO_SENTINEL_2_OPTICAL,GUARDRAILS_PRESERVED_SENSOR_FAMILY_RESOLUTION_ONLY
PET_00240,Petropolis,1,requires_manual_sensor_selection,blocked_derived_embedding_without_source_sensor,BLOCKED_DERIVED_EMBEDDING_WITHOUT_SOURCE_SENSOR,DINOV2_EMBEDDING_IS_DERIVED_NOT_ACQUISITION_SENSOR,REJECTED_DERIVED_EMBEDDING_ONLY,asset_ref_105b60bb4189|asset_ref_15d94b50b6d9|asset_ref_1d694c52530e|asset_ref_9389ee56b9cf|asset_ref_949a5f93cc7f|asset_ref_a57872d208c1|asset_ref_b9cf087b9358|asset_ref_de2eb1d5bf09|asset_ref_e1cd98fa39ba|asset_ref_e58a4ae57270,dinov2_embedding|patch_manifest|unknown,false,false,true,true,false,false,PREVIOUS_METADATA_BLOCKER_PRESENT|SENSOR_NOT_RESOLVED_TO_SENTINEL_2_OPTICAL,GUARDRAILS_PRESERVED_SENSOR_FAMILY_RESOLUTION_ONLY
PET_00240,Petropolis,2,requires_manual_sensor_selection,blocked_derived_embedding_without_source_sensor,BLOCKED_DERIVED_EMBEDDING_WITHOUT_SOURCE_SENSOR,DINOV2_EMBEDDING_IS_DERIVED_NOT_ACQUISITION_SENSOR,REJECTED_DERIVED_EMBEDDING_ONLY,asset_ref_105b60bb4189|asset_ref_15d94b50b6d9|asset_ref_1d694c52530e|asset_ref_9389ee56b9cf|asset_ref_949a5f93cc7f|asset_ref_a57872d208c1|asset_ref_b9cf087b9358|asset_ref_de2eb1d5bf09|asset_ref_e1cd98fa39ba|asset_ref_e58a4ae57270,dinov2_embedding|patch_manifest|unknown,false,false,true,true,false,false,PREVIOUS_METADATA_BLOCKER_PRESENT|SENSOR_NOT_RESOLVED_TO_SENTINEL_2_OPTICAL,GUARDRAILS_PRESERVED_SENSOR_FAMILY_RESOLUTION_ONLY
PET_00257,Petropolis,1,requires_manual_sensor_selection,blocked_derived_embedding_without_source_sensor,BLOCKED_DERIVED_EMBEDDING_WITHOUT_SOURCE_SENSOR,DINOV2_EMBEDDING_IS_DERIVED_NOT_ACQUISITION_SENSOR,REJECTED_DERIVED_EMBEDDING_ONLY,asset_ref_11bce435e954|asset_ref_15115759c059|asset_ref_45027e9f2045|asset_ref_4f46fff9758f|asset_ref_501c103ac1e1|asset_ref_978e2d19be52|asset_ref_a680cf33e916|asset_ref_a8ca05ed4ef7|asset_ref_d62ee63cda18|asset_ref_fc577514782e,dinov2_embedding|patch_manifest|unknown,false,false,true,true,false,false,PREVIOUS_METADATA_BLOCKER_PRESENT|SENSOR_NOT_RESOLVED_TO_SENTINEL_2_OPTICAL,GUARDRAILS_PRESERVED_SENSOR_FAMILY_RESOLUTION_ONLY
PET_00257,Petropolis,2,requires_manual_sensor_selection,blocked_derived_embedding_without_source_sensor,BLOCKED_DERIVED_EMBEDDING_WITHOUT_SOURCE_SENSOR,DINOV2_EMBEDDING_IS_DERIVED_NOT_ACQUISITION_SENSOR,REJECTED_DERIVED_EMBEDDING_ONLY,asset_ref_11bce435e954|asset_ref_15115759c059|asset_ref_45027e9f2045|asset_ref_4f46fff9758f|asset_ref_501c103ac1e1|asset_ref_978e2d19be52|asset_ref_a680cf33e916|asset_ref_a8ca05ed4ef7|asset_ref_d62ee63cda18|asset_ref_fc577514782e,dinov2_embedding|patch_manifest|unknown,false,false,true,true,false,false,PREVIOUS_METADATA_BLOCKER_PRESENT|SENSOR_NOT_RESOLVED_TO_SENTINEL_2_OPTICAL,GUARDRAILS_PRESERVED_SENSOR_FAMILY_RESOLUTION_ONLY
PET_00275,Petropolis,1,requires_manual_sensor_selection,blocked_derived_embedding_without_source_sensor,BLOCKED_DERIVED_EMBEDDING_WITHOUT_SOURCE_SENSOR,DINOV2_EMBEDDING_IS_DERIVED_NOT_ACQUISITION_SENSOR,REJECTED_DERIVED_EMBEDDING_ONLY,asset_ref_03fd95b292ab|asset_ref_43cf437c0ef4|asset_ref_7440db265332|asset_ref_9622b4a64105|asset_ref_b519da423bad|asset_ref_bc6a634c7f24|asset_ref_d140606cb9ea|asset_ref_e18e4aa090a3|asset_ref_e935befd1686|asset_ref_f135a0a77ca5,dinov2_embedding|patch_manifest|unknown,false,false,true,true,false,false,PREVIOUS_METADATA_BLOCKER_PRESENT|SENSOR_NOT_RESOLVED_TO_SENTINEL_2_OPTICAL,GUARDRAILS_PRESERVED_SENSOR_FAMILY_RESOLUTION_ONLY
PET_00275,Petropolis,2,requires_manual_sensor_selection,blocked_derived_embedding_without_source_sensor,BLOCKED_DERIVED_EMBEDDING_WITHOUT_SOURCE_SENSOR,DINOV2_EMBEDDING_IS_DERIVED_NOT_ACQUISITION_SENSOR,REJECTED_DERIVED_EMBEDDING_ONLY,asset_ref_03fd95b292ab|asset_ref_43cf437c0ef4|asset_ref_7440db265332|asset_ref_9622b4a64105|asset_ref_b519da423bad|asset_ref_bc6a634c7f24|asset_ref_d140606cb9ea|asset_ref_e18e4aa090a3|asset_ref_e935befd1686|asset_ref_f135a0a77ca5,dinov2_embedding|patch_manifest|unknown,false,false,true,true,false,false,PREVIOUS_METADATA_BLOCKER_PRESENT|SENSOR_NOT_RESOLVED_TO_SENTINEL_2_OPTICAL,GUARDRAILS_PRESERVED_SENSOR_FAMILY_RESOLUTION_ONLY
PET_00291,Petropolis,1,requires_manual_sensor_selection,blocked_derived_embedding_without_source_sensor,BLOCKED_DERIVED_EMBEDDING_WITHOUT_SOURCE_SENSOR,DINOV2_EMBEDDING_IS_DERIVED_NOT_ACQUISITION_SENSOR,REJECTED_DERIVED_EMBEDDING_ONLY,asset_ref_27b2cd7e4176|asset_ref_29919f4fd12f|asset_ref_4e07bab23808|asset_ref_52a50963ae08|asset_ref_7587255850b3|asset_ref_7a807829d607|asset_ref_9acf2dc3d0ee|asset_ref_b37b025921d6|asset_ref_f362ae64bcee|asset_ref_fa452de5793f,dinov2_embedding|patch_manifest|unknown,false,false,true,true,false,false,PREVIOUS_METADATA_BLOCKER_PRESENT|SENSOR_NOT_RESOLVED_TO_SENTINEL_2_OPTICAL,GUARDRAILS_PRESERVED_SENSOR_FAMILY_RESOLUTION_ONLY
PET_00291,Petropolis,2,requires_manual_sensor_selection,blocked_derived_embedding_without_source_sensor,BLOCKED_DERIVED_EMBEDDING_WITHOUT_SOURCE_SENSOR,DINOV2_EMBEDDING_IS_DERIVED_NOT_ACQUISITION_SENSOR,REJECTED_DERIVED_EMBEDDING_ONLY,asset_ref_27b2cd7e4176|asset_ref_29919f4fd12f|asset_ref_4e07bab23808|asset_ref_52a50963ae08|asset_ref_7587255850b3|asset_ref_7a807829d607|asset_ref_9acf2dc3d0ee|asset_ref_b37b025921d6|asset_ref_f362ae64bcee|asset_ref_fa452de5793f,dinov2_embedding|patch_manifest|unknown,false,false,true,true,false,false,PREVIOUS_METADATA_BLOCKER_PRESENT|SENSOR_NOT_RESOLVED_TO_SENTINEL_2_OPTICAL,GUARDRAILS_PRESERVED_SENSOR_FAMILY_RESOLUTION_ONLY
PET_00315,Petropolis,1,requires_manual_sensor_selection,blocked_derived_embedding_without_source_sensor,BLOCKED_DERIVED_EMBEDDING_WITHOUT_SOURCE_SENSOR,DINOV2_EMBEDDING_IS_DERIVED_NOT_ACQUISITION_SENSOR,REJECTED_DERIVED_EMBEDDING_ONLY,asset_ref_1ffcdcb5f49c|asset_ref_3956cff269ab|asset_ref_65779c545dfe|asset_ref_6eee3d8bdc04|asset_ref_8c4fb203250d|asset_ref_cc88aa713bca|asset_ref_d8c375684421|asset_ref_e5054caf47ec|asset_ref_fa8eed88dda2|asset_ref_fb6ee3d1eee3,dinov2_embedding|patch_manifest|unknown,false,false,true,true,false,false,PREVIOUS_METADATA_BLOCKER_PRESENT|SENSOR_NOT_RESOLVED_TO_SENTINEL_2_OPTICAL,GUARDRAILS_PRESERVED_SENSOR_FAMILY_RESOLUTION_ONLY
PET_00315,Petropolis,2,requires_manual_sensor_selection,blocked_derived_embedding_without_source_sensor,BLOCKED_DERIVED_EMBEDDING_WITHOUT_SOURCE_SENSOR,DINOV2_EMBEDDING_IS_DERIVED_NOT_ACQUISITION_SENSOR,REJECTED_DERIVED_EMBEDDING_ONLY,asset_ref_1ffcdcb5f49c|asset_ref_3956cff269ab|asset_ref_65779c545dfe|asset_ref_6eee3d8bdc04|asset_ref_8c4fb203250d|asset_ref_cc88aa713bca|asset_ref_d8c375684421|asset_ref_e5054caf47ec|asset_ref_fa8eed88dda2|asset_ref_fb6ee3d1eee3,dinov2_embedding|patch_manifest|unknown,false,false,true,true,false,false,PREVIOUS_METADATA_BLOCKER_PRESENT|SENSOR_NOT_RESOLVED_TO_SENTINEL_2_OPTICAL,GUARDRAILS_PRESERVED_SENSOR_FAMILY_RESOLUTION_ONLY
PET_00360,Petropolis,1,requires_manual_sensor_selection,blocked_derived_embedding_without_source_sensor,BLOCKED_DERIVED_EMBEDDING_WITHOUT_SOURCE_SENSOR,DINOV2_EMBEDDING_IS_DERIVED_NOT_ACQUISITION_SENSOR,REJECTED_DERIVED_EMBEDDING_ONLY,asset_ref_0d69cffc26d3|asset_ref_1583a96b1a0f|asset_ref_3c3e2c3e34a3|asset_ref_453a00b1355f|asset_ref_5496b8fb5271|asset_ref_5d78cd941f18|asset_ref_b66d5863f7e9|asset_ref_c17155b7401e|asset_ref_c3d8f4787e86|asset_ref_f8c4687d6d45,dinov2_embedding|patch_manifest|unknown,false,false,true,true,false,false,PREVIOUS_METADATA_BLOCKER_PRESENT|SENSOR_NOT_RESOLVED_TO_SENTINEL_2_OPTICAL,GUARDRAILS_PRESERVED_SENSOR_FAMILY_RESOLUTION_ONLY
PET_00360,Petropolis,2,requires_manual_sensor_selection,blocked_derived_embedding_without_source_sensor,BLOCKED_DERIVED_EMBEDDING_WITHOUT_SOURCE_SENSOR,DINOV2_EMBEDDING_IS_DERIVED_NOT_ACQUISITION_SENSOR,REJECTED_DERIVED_EMBEDDING_ONLY,asset_ref_0d69cffc26d3|asset_ref_1583a96b1a0f|asset_ref_3c3e2c3e34a3|asset_ref_453a00b1355f|asset_ref_5496b8fb5271|asset_ref_5d78cd941f18|asset_ref_b66d5863f7e9|asset_ref_c17155b7401e|asset_ref_c3d8f4787e86|asset_ref_f8c4687d6d45,dinov2_embedding|patch_manifest|unknown,false,false,true,true,false,false,PREVIOUS_METADATA_BLOCKER_PRESENT|SENSOR_NOT_RESOLVED_TO_SENTINEL_2_OPTICAL,GUARDRAILS_PRESERVED_SENSOR_FAMILY_RESOLUTION_ONLY
PET_00362,Petropolis,1,requires_manual_sensor_selection,blocked_derived_embedding_without_source_sensor,BLOCKED_DERIVED_EMBEDDING_WITHOUT_SOURCE_SENSOR,DINOV2_EMBEDDING_IS_DERIVED_NOT_ACQUISITION_SENSOR,REJECTED_DERIVED_EMBEDDING_ONLY,asset_ref_018a6a02db0e|asset_ref_0b13e46b0b90|asset_ref_4c2eaa2c537a|asset_ref_8f9b1685eed5|asset_ref_8fb7e44304f2|asset_ref_b5ed3c730969|asset_ref_cb4b8c4076de|asset_ref_d27aba56b361|asset_ref_efe3ef98f07c|asset_ref_fd8dffe7e01a,dinov2_embedding|patch_manifest|unknown,false,false,true,true,false,false,PREVIOUS_METADATA_BLOCKER_PRESENT|SENSOR_NOT_RESOLVED_TO_SENTINEL_2_OPTICAL,GUARDRAILS_PRESERVED_SENSOR_FAMILY_RESOLUTION_ONLY
PET_00362,Petropolis,2,requires_manual_sensor_selection,blocked_derived_embedding_without_source_sensor,BLOCKED_DERIVED_EMBEDDING_WITHOUT_SOURCE_SENSOR,DINOV2_EMBEDDING_IS_DERIVED_NOT_ACQUISITION_SENSOR,REJECTED_DERIVED_EMBEDDING_ONLY,asset_ref_018a6a02db0e|asset_ref_0b13e46b0b90|asset_ref_4c2eaa2c537a|asset_ref_8f9b1685eed5|asset_ref_8fb7e44304f2|asset_ref_b5ed3c730969|asset_ref_cb4b8c4076de|asset_ref_d27aba56b361|asset_ref_efe3ef98f07c|asset_ref_fd8dffe7e01a,dinov2_embedding|patch_manifest|unknown,false,false,true,true,false,false,PREVIOUS_METADATA_BLOCKER_PRESENT|SENSOR_NOT_RESOLVED_TO_SENTINEL_2_OPTICAL,GUARDRAILS_PRESERVED_SENSOR_FAMILY_RESOLUTION_ONLY
PET_00396,Petropolis,1,requires_manual_sensor_selection,blocked_derived_embedding_without_source_sensor,BLOCKED_DERIVED_EMBEDDING_WITHOUT_SOURCE_SENSOR,DINOV2_EMBEDDING_IS_DERIVED_NOT_ACQUISITION_SENSOR,REJECTED_DERIVED_EMBEDDING_ONLY,asset_ref_0918e6abc3e0|asset_ref_1843e8a06215|asset_ref_288c9538f100|asset_ref_3e514da28e89|asset_ref_555de64b442e|asset_ref_5ea6ea1dc128|asset_ref_91d767ebfbfc|asset_ref_b90f3cfe067c|asset_ref_ce9f84dfa28d|asset_ref_fbf41af33e58,dinov2_embedding|patch_manifest|unknown,false,false,true,true,false,false,PREVIOUS_METADATA_BLOCKER_PRESENT|SENSOR_NOT_RESOLVED_TO_SENTINEL_2_OPTICAL,GUARDRAILS_PRESERVED_SENSOR_FAMILY_RESOLUTION_ONLY
PET_00396,Petropolis,2,requires_manual_sensor_selection,blocked_derived_embedding_without_source_sensor,BLOCKED_DERIVED_EMBEDDING_WITHOUT_SOURCE_SENSOR,DINOV2_EMBEDDING_IS_DERIVED_NOT_ACQUISITION_SENSOR,REJECTED_DERIVED_EMBEDDING_ONLY,asset_ref_0918e6abc3e0|asset_ref_1843e8a06215|asset_ref_288c9538f100|asset_ref_3e514da28e89|asset_ref_555de64b442e|asset_ref_5ea6ea1dc128|asset_ref_91d767ebfbfc|asset_ref_b90f3cfe067c|asset_ref_ce9f84dfa28d|asset_ref_fbf41af33e58,dinov2_embedding|patch_manifest|unknown,false,false,true,true,false,false,PREVIOUS_METADATA_BLOCKER_PRESENT|SENSOR_NOT_RESOLVED_TO_SENTINEL_2_OPTICAL,GUARDRAILS_PRESERVED_SENSOR_FAMILY_RESOLUTION_ONLY
PET_00397,Petropolis,1,requires_manual_sensor_selection,blocked_derived_embedding_without_source_sensor,BLOCKED_DERIVED_EMBEDDING_WITHOUT_SOURCE_SENSOR,DINOV2_EMBEDDING_IS_DERIVED_NOT_ACQUISITION_SENSOR,REJECTED_DERIVED_EMBEDDING_ONLY,asset_ref_004e753236a0|asset_ref_06c869cdc662|asset_ref_0e943b3b616f|asset_ref_1e663daf79a2|asset_ref_316a1ee7e94f|asset_ref_4aa8dc8b7161|asset_ref_59b1585bb348|asset_ref_b590257526f1|asset_ref_b76dfc4f44c6|asset_ref_ddbed3149027,dinov2_embedding|patch_manifest|unknown,false,false,true,true,false,false,PREVIOUS_METADATA_BLOCKER_PRESENT|SENSOR_NOT_RESOLVED_TO_SENTINEL_2_OPTICAL,GUARDRAILS_PRESERVED_SENSOR_FAMILY_RESOLUTION_ONLY
PET_00397,Petropolis,2,requires_manual_sensor_selection,blocked_derived_embedding_without_source_sensor,BLOCKED_DERIVED_EMBEDDING_WITHOUT_SOURCE_SENSOR,DINOV2_EMBEDDING_IS_DERIVED_NOT_ACQUISITION_SENSOR,REJECTED_DERIVED_EMBEDDING_ONLY,asset_ref_004e753236a0|asset_ref_06c869cdc662|asset_ref_0e943b3b616f|asset_ref_1e663daf79a2|asset_ref_316a1ee7e94f|asset_ref_4aa8dc8b7161|asset_ref_59b1585bb348|asset_ref_b590257526f1|asset_ref_b76dfc4f44c6|asset_ref_ddbed3149027,dinov2_embedding|patch_manifest|unknown,false,false,true,true,false,false,PREVIOUS_METADATA_BLOCKER_PRESENT|SENSOR_NOT_RESOLVED_TO_SENTINEL_2_OPTICAL,GUARDRAILS_PRESERVED_SENSOR_FAMILY_RESOLUTION_ONLY
PET_00404,Petropolis,1,requires_manual_sensor_selection,blocked_derived_embedding_without_source_sensor,BLOCKED_DERIVED_EMBEDDING_WITHOUT_SOURCE_SENSOR,DINOV2_EMBEDDING_IS_DERIVED_NOT_ACQUISITION_SENSOR,REJECTED_DERIVED_EMBEDDING_ONLY,asset_ref_18097b97387f|asset_ref_2698c1066fb9|asset_ref_471ac3018aa5|asset_ref_60426efa559c|asset_ref_a9566448f40e|asset_ref_b04b4653de95|asset_ref_d205ae4f0218|asset_ref_d4027e2ccbe1|asset_ref_e02ddc3cc5c8|asset_ref_e984593e9ac0,dinov2_embedding|patch_manifest|unknown,false,false,true,true,false,false,PREVIOUS_METADATA_BLOCKER_PRESENT|SENSOR_NOT_RESOLVED_TO_SENTINEL_2_OPTICAL,GUARDRAILS_PRESERVED_SENSOR_FAMILY_RESOLUTION_ONLY
PET_00404,Petropolis,2,requires_manual_sensor_selection,blocked_derived_embedding_without_source_sensor,BLOCKED_DERIVED_EMBEDDING_WITHOUT_SOURCE_SENSOR,DINOV2_EMBEDDING_IS_DERIVED_NOT_ACQUISITION_SENSOR,REJECTED_DERIVED_EMBEDDING_ONLY,asset_ref_18097b97387f|asset_ref_2698c1066fb9|asset_ref_471ac3018aa5|asset_ref_60426efa559c|asset_ref_a9566448f40e|asset_ref_b04b4653de95|asset_ref_d205ae4f0218|asset_ref_d4027e2ccbe1|asset_ref_e02ddc3cc5c8|asset_ref_e984593e9ac0,dinov2_embedding|patch_manifest|unknown,false,false,true,true,false,false,PREVIOUS_METADATA_BLOCKER_PRESENT|SENSOR_NOT_RESOLVED_TO_SENTINEL_2_OPTICAL,GUARDRAILS_PRESERVED_SENSOR_FAMILY_RESOLUTION_ONLY
PET_00431,Petropolis,1,requires_manual_sensor_selection,blocked_derived_embedding_without_source_sensor,BLOCKED_DERIVED_EMBEDDING_WITHOUT_SOURCE_SENSOR,DINOV2_EMBEDDING_IS_DERIVED_NOT_ACQUISITION_SENSOR,REJECTED_DERIVED_EMBEDDING_ONLY,asset_ref_0473f490f384|asset_ref_0f766fc9d619|asset_ref_354c4f84d783|asset_ref_4f3f57bac0f9|asset_ref_69c744d180c4|asset_ref_83899ab5b39b|asset_ref_879f46fa78e5|asset_ref_9314ab1708dd|asset_ref_a052e61d1824|asset_ref_ca10038e3e90,dinov2_embedding|patch_manifest|unknown,false,false,true,true,false,false,PREVIOUS_METADATA_BLOCKER_PRESENT|SENSOR_NOT_RESOLVED_TO_SENTINEL_2_OPTICAL,GUARDRAILS_PRESERVED_SENSOR_FAMILY_RESOLUTION_ONLY
PET_00431,Petropolis,2,requires_manual_sensor_selection,blocked_derived_embedding_without_source_sensor,BLOCKED_DERIVED_EMBEDDING_WITHOUT_SOURCE_SENSOR,DINOV2_EMBEDDING_IS_DERIVED_NOT_ACQUISITION_SENSOR,REJECTED_DERIVED_EMBEDDING_ONLY,asset_ref_0473f490f384|asset_ref_0f766fc9d619|asset_ref_354c4f84d783|asset_ref_4f3f57bac0f9|asset_ref_69c744d180c4|asset_ref_83899ab5b39b|asset_ref_879f46fa78e5|asset_ref_9314ab1708dd|asset_ref_a052e61d1824|asset_ref_ca10038e3e90,dinov2_embedding|patch_manifest|unknown,false,false,true,true,false,false,PREVIOUS_METADATA_BLOCKER_PRESENT|SENSOR_NOT_RESOLVED_TO_SENTINEL_2_OPTICAL,GUARDRAILS_PRESERVED_SENSOR_FAMILY_RESOLUTION_ONLY
PET_00467,Petropolis,1,requires_manual_sensor_selection,blocked_derived_embedding_without_source_sensor,BLOCKED_DERIVED_EMBEDDING_WITHOUT_SOURCE_SENSOR,DINOV2_EMBEDDING_IS_DERIVED_NOT_ACQUISITION_SENSOR,REJECTED_DERIVED_EMBEDDING_ONLY,asset_ref_0ae77a7a9b6f|asset_ref_153389386d2c|asset_ref_16ffe0ae60a8|asset_ref_2a0fb42d1fef|asset_ref_4b28c9578d08|asset_ref_6fdc8634638e|asset_ref_722a16988aa4|asset_ref_95863eee812f|asset_ref_a60ad474f45c|asset_ref_c7cb40d08284,dinov2_embedding|patch_manifest|unknown,false,false,true,true,false,false,PREVIOUS_METADATA_BLOCKER_PRESENT|SENSOR_NOT_RESOLVED_TO_SENTINEL_2_OPTICAL,GUARDRAILS_PRESERVED_SENSOR_FAMILY_RESOLUTION_ONLY
PET_00467,Petropolis,2,requires_manual_sensor_selection,blocked_derived_embedding_without_source_sensor,BLOCKED_DERIVED_EMBEDDING_WITHOUT_SOURCE_SENSOR,DINOV2_EMBEDDING_IS_DERIVED_NOT_ACQUISITION_SENSOR,REJECTED_DERIVED_EMBEDDING_ONLY,asset_ref_0ae77a7a9b6f|asset_ref_153389386d2c|asset_ref_16ffe0ae60a8|asset_ref_2a0fb42d1fef|asset_ref_4b28c9578d08|asset_ref_6fdc8634638e|asset_ref_722a16988aa4|asset_ref_95863eee812f|asset_ref_a60ad474f45c|asset_ref_c7cb40d08284,dinov2_embedding|patch_manifest|unknown,false,false,true,true,false,false,PREVIOUS_METADATA_BLOCKER_PRESENT|SENSOR_NOT_RESOLVED_TO_SENTINEL_2_OPTICAL,GUARDRAILS_PRESERVED_SENSOR_FAMILY_RESOLUTION_ONLY
PET_00506,Petropolis,1,requires_manual_sensor_selection,blocked_derived_embedding_without_source_sensor,BLOCKED_DERIVED_EMBEDDING_WITHOUT_SOURCE_SENSOR,DINOV2_EMBEDDING_IS_DERIVED_NOT_ACQUISITION_SENSOR,REJECTED_DERIVED_EMBEDDING_ONLY,asset_ref_2ecadd436e82|asset_ref_30f372c47785|asset_ref_421e56473895|asset_ref_6e6c688ef450|asset_ref_a125c3c56ba4|asset_ref_c79f7e017e2e|asset_ref_d553d1842bc0|asset_ref_f9abd3702b5a|asset_ref_fa2f4b62e117|asset_ref_ffc9f21aaca1,dinov2_embedding|patch_manifest|unknown,false,false,true,true,false,false,PREVIOUS_METADATA_BLOCKER_PRESENT|SENSOR_NOT_RESOLVED_TO_SENTINEL_2_OPTICAL,GUARDRAILS_PRESERVED_SENSOR_FAMILY_RESOLUTION_ONLY
PET_00506,Petropolis,2,requires_manual_sensor_selection,blocked_derived_embedding_without_source_sensor,BLOCKED_DERIVED_EMBEDDING_WITHOUT_SOURCE_SENSOR,DINOV2_EMBEDDING_IS_DERIVED_NOT_ACQUISITION_SENSOR,REJECTED_DERIVED_EMBEDDING_ONLY,asset_ref_2ecadd436e82|asset_ref_30f372c47785|asset_ref_421e56473895|asset_ref_6e6c688ef450|asset_ref_a125c3c56ba4|asset_ref_c79f7e017e2e|asset_ref_d553d1842bc0|asset_ref_f9abd3702b5a|asset_ref_fa2f4b62e117|asset_ref_ffc9f21aaca1,dinov2_embedding|patch_manifest|unknown,false,false,true,true,false,false,PREVIOUS_METADATA_BLOCKER_PRESENT|SENSOR_NOT_RESOLVED_TO_SENTINEL_2_OPTICAL,GUARDRAILS_PRESERVED_SENSOR_FAMILY_RESOLUTION_ONLY
PET_00507,Petropolis,1,requires_manual_sensor_selection,blocked_derived_embedding_without_source_sensor,BLOCKED_DERIVED_EMBEDDING_WITHOUT_SOURCE_SENSOR,DINOV2_EMBEDDING_IS_DERIVED_NOT_ACQUISITION_SENSOR,REJECTED_DERIVED_EMBEDDING_ONLY,asset_ref_04718b4f348f|asset_ref_18ae03404a19|asset_ref_4a0b4fb015bb|asset_ref_5da91d9afe49|asset_ref_94cb6ab22c64|asset_ref_9b78cc5961c1|asset_ref_9bbcca61add0|asset_ref_b0f169576e93|asset_ref_e787ec2634da|asset_ref_f9cce8beeae1,dinov2_embedding|patch_manifest|unknown,false,false,true,true,false,false,PREVIOUS_METADATA_BLOCKER_PRESENT|SENSOR_NOT_RESOLVED_TO_SENTINEL_2_OPTICAL,GUARDRAILS_PRESERVED_SENSOR_FAMILY_RESOLUTION_ONLY
PET_00507,Petropolis,2,requires_manual_sensor_selection,blocked_derived_embedding_without_source_sensor,BLOCKED_DERIVED_EMBEDDING_WITHOUT_SOURCE_SENSOR,DINOV2_EMBEDDING_IS_DERIVED_NOT_ACQUISITION_SENSOR,REJECTED_DERIVED_EMBEDDING_ONLY,asset_ref_04718b4f348f|asset_ref_18ae03404a19|asset_ref_4a0b4fb015bb|asset_ref_5da91d9afe49|asset_ref_94cb6ab22c64|asset_ref_9b78cc5961c1|asset_ref_9bbcca61add0|asset_ref_b0f169576e93|asset_ref_e787ec2634da|asset_ref_f9cce8beeae1,dinov2_embedding|patch_manifest|unknown,false,false,true,true,false,false,PREVIOUS_METADATA_BLOCKER_PRESENT|SENSOR_NOT_RESOLVED_TO_SENTINEL_2_OPTICAL,GUARDRAILS_PRESERVED_SENSOR_FAMILY_RESOLUTION_ONLY
PET_00579,Petropolis,1,requires_manual_sensor_selection,blocked_derived_embedding_without_source_sensor,BLOCKED_DERIVED_EMBEDDING_WITHOUT_SOURCE_SENSOR,DINOV2_EMBEDDING_IS_DERIVED_NOT_ACQUISITION_SENSOR,REJECTED_DERIVED_EMBEDDING_ONLY,asset_ref_089fd0aa2977|asset_ref_0e0a17d16f07|asset_ref_2653fe95b3a5|asset_ref_4c8cecd53a56|asset_ref_6618dddd77a0|asset_ref_9569edceb3cf|asset_ref_c70fd4de50fb|asset_ref_c7d88893ad9d|asset_ref_eb3fdb1b3f96|asset_ref_f25bb1b4f5b9,dinov2_embedding|patch_manifest|unknown,false,false,true,true,false,false,PREVIOUS_METADATA_BLOCKER_PRESENT|SENSOR_NOT_RESOLVED_TO_SENTINEL_2_OPTICAL,GUARDRAILS_PRESERVED_SENSOR_FAMILY_RESOLUTION_ONLY
PET_00579,Petropolis,2,requires_manual_sensor_selection,blocked_derived_embedding_without_source_sensor,BLOCKED_DERIVED_EMBEDDING_WITHOUT_SOURCE_SENSOR,DINOV2_EMBEDDING_IS_DERIVED_NOT_ACQUISITION_SENSOR,REJECTED_DERIVED_EMBEDDING_ONLY,asset_ref_089fd0aa2977|asset_ref_0e0a17d16f07|asset_ref_2653fe95b3a5|asset_ref_4c8cecd53a56|asset_ref_6618dddd77a0|asset_ref_9569edceb3cf|asset_ref_c70fd4de50fb|asset_ref_c7d88893ad9d|asset_ref_eb3fdb1b3f96|asset_ref_f25bb1b4f5b9,dinov2_embedding|patch_manifest|unknown,false,false,true,true,false,false,PREVIOUS_METADATA_BLOCKER_PRESENT|SENSOR_NOT_RESOLVED_TO_SENTINEL_2_OPTICAL,GUARDRAILS_PRESERVED_SENSOR_FAMILY_RESOLUTION_ONLY
PET_00614,Petropolis,1,requires_manual_sensor_selection,blocked_derived_embedding_without_source_sensor,BLOCKED_DERIVED_EMBEDDING_WITHOUT_SOURCE_SENSOR,DINOV2_EMBEDDING_IS_DERIVED_NOT_ACQUISITION_SENSOR,REJECTED_DERIVED_EMBEDDING_ONLY,asset_ref_2e937f3c7eab|asset_ref_4054dcfe4cf2|asset_ref_419549bb0de7|asset_ref_6f68b30cf753|asset_ref_70f6b3990d9a|asset_ref_a42135873879|asset_ref_a66ac1e1f104|asset_ref_a925190b6203|asset_ref_d807f254f12b|asset_ref_e575bd823bab,dinov2_embedding|patch_manifest|unknown,false,false,true,true,false,false,PREVIOUS_METADATA_BLOCKER_PRESENT|SENSOR_NOT_RESOLVED_TO_SENTINEL_2_OPTICAL,GUARDRAILS_PRESERVED_SENSOR_FAMILY_RESOLUTION_ONLY
PET_00614,Petropolis,2,requires_manual_sensor_selection,blocked_derived_embedding_without_source_sensor,BLOCKED_DERIVED_EMBEDDING_WITHOUT_SOURCE_SENSOR,DINOV2_EMBEDDING_IS_DERIVED_NOT_ACQUISITION_SENSOR,REJECTED_DERIVED_EMBEDDING_ONLY,asset_ref_2e937f3c7eab|asset_ref_4054dcfe4cf2|asset_ref_419549bb0de7|asset_ref_6f68b30cf753|asset_ref_70f6b3990d9a|asset_ref_a42135873879|asset_ref_a66ac1e1f104|asset_ref_a925190b6203|asset_ref_d807f254f12b|asset_ref_e575bd823bab,dinov2_embedding|patch_manifest|unknown,false,false,true,true,false,false,PREVIOUS_METADATA_BLOCKER_PRESENT|SENSOR_NOT_RESOLVED_TO_SENTINEL_2_OPTICAL,GUARDRAILS_PRESERVED_SENSOR_FAMILY_RESOLUTION_ONLY
PET_00615,Petropolis,1,requires_manual_sensor_selection,blocked_derived_embedding_without_source_sensor,BLOCKED_DERIVED_EMBEDDING_WITHOUT_SOURCE_SENSOR,DINOV2_EMBEDDING_IS_DERIVED_NOT_ACQUISITION_SENSOR,REJECTED_DERIVED_EMBEDDING_ONLY,asset_ref_255077afeb16|asset_ref_4be391f08d3b|asset_ref_5143d228db0b|asset_ref_73d3059695e0|asset_ref_7c81d3a549dd|asset_ref_b16bcd789816|asset_ref_b79c3fa8b11b|asset_ref_d754879218c9|asset_ref_ebf74e6e9986|asset_ref_f7defad76268,dinov2_embedding|patch_manifest|unknown,false,false,true,true,false,false,PREVIOUS_METADATA_BLOCKER_PRESENT|SENSOR_NOT_RESOLVED_TO_SENTINEL_2_OPTICAL,GUARDRAILS_PRESERVED_SENSOR_FAMILY_RESOLUTION_ONLY
PET_00615,Petropolis,2,requires_manual_sensor_selection,blocked_derived_embedding_without_source_sensor,BLOCKED_DERIVED_EMBEDDING_WITHOUT_SOURCE_SENSOR,DINOV2_EMBEDDING_IS_DERIVED_NOT_ACQUISITION_SENSOR,REJECTED_DERIVED_EMBEDDING_ONLY,asset_ref_255077afeb16|asset_ref_4be391f08d3b|asset_ref_5143d228db0b|asset_ref_73d3059695e0|asset_ref_7c81d3a549dd|asset_ref_b16bcd789816|asset_ref_b79c3fa8b11b|asset_ref_d754879218c9|asset_ref_ebf74e6e9986|asset_ref_f7defad76268,dinov2_embedding|patch_manifest|unknown,false,false,true,true,false,false,PREVIOUS_METADATA_BLOCKER_PRESENT|SENSOR_NOT_RESOLVED_TO_SENTINEL_2_OPTICAL,GUARDRAILS_PRESERVED_SENSOR_FAMILY_RESOLUTION_ONLY
PET_00617,Petropolis,1,requires_manual_sensor_selection,blocked_derived_embedding_without_source_sensor,BLOCKED_DERIVED_EMBEDDING_WITHOUT_SOURCE_SENSOR,DINOV2_EMBEDDING_IS_DERIVED_NOT_ACQUISITION_SENSOR,REJECTED_DERIVED_EMBEDDING_ONLY,asset_ref_12b7526f0ef8|asset_ref_1308f5f77c36|asset_ref_351fc387bf15|asset_ref_483eaea86cf9|asset_ref_96de753ed051|asset_ref_97829d0f5e35|asset_ref_be0ba79d262c|asset_ref_ca0af72202de|asset_ref_d2be315797b4|asset_ref_d87301fb62c4,dinov2_embedding|patch_manifest|unknown,false,false,true,true,false,false,PREVIOUS_METADATA_BLOCKER_PRESENT|SENSOR_NOT_RESOLVED_TO_SENTINEL_2_OPTICAL,GUARDRAILS_PRESERVED_SENSOR_FAMILY_RESOLUTION_ONLY
PET_00617,Petropolis,2,requires_manual_sensor_selection,blocked_derived_embedding_without_source_sensor,BLOCKED_DERIVED_EMBEDDING_WITHOUT_SOURCE_SENSOR,DINOV2_EMBEDDING_IS_DERIVED_NOT_ACQUISITION_SENSOR,REJECTED_DERIVED_EMBEDDING_ONLY,asset_ref_12b7526f0ef8|asset_ref_1308f5f77c36|asset_ref_351fc387bf15|asset_ref_483eaea86cf9|asset_ref_96de753ed051|asset_ref_97829d0f5e35|asset_ref_be0ba79d262c|asset_ref_ca0af72202de|asset_ref_d2be315797b4|asset_ref_d87301fb62c4,dinov2_embedding|patch_manifest|unknown,false,false,true,true,false,false,PREVIOUS_METADATA_BLOCKER_PRESENT|SENSOR_NOT_RESOLVED_TO_SENTINEL_2_OPTICAL,GUARDRAILS_PRESERVED_SENSOR_FAMILY_RESOLUTION_ONLY
PET_00618,Petropolis,1,requires_manual_sensor_selection,blocked_derived_embedding_without_source_sensor,BLOCKED_DERIVED_EMBEDDING_WITHOUT_SOURCE_SENSOR,DINOV2_EMBEDDING_IS_DERIVED_NOT_ACQUISITION_SENSOR,REJECTED_DERIVED_EMBEDDING_ONLY,asset_ref_083a6949a9cf|asset_ref_0c3f39c2b704|asset_ref_4f922c059a8c|asset_ref_68963f8a8b15|asset_ref_6b9b45b94176|asset_ref_7f0b9756e7cf|asset_ref_8268ff06d356|asset_ref_899d53439ba1|asset_ref_aa11f4a095f3|asset_ref_c7ac77735c80,dinov2_embedding|patch_manifest|unknown,false,false,true,true,false,false,PREVIOUS_METADATA_BLOCKER_PRESENT|SENSOR_NOT_RESOLVED_TO_SENTINEL_2_OPTICAL,GUARDRAILS_PRESERVED_SENSOR_FAMILY_RESOLUTION_ONLY
PET_00618,Petropolis,2,requires_manual_sensor_selection,blocked_derived_embedding_without_source_sensor,BLOCKED_DERIVED_EMBEDDING_WITHOUT_SOURCE_SENSOR,DINOV2_EMBEDDING_IS_DERIVED_NOT_ACQUISITION_SENSOR,REJECTED_DERIVED_EMBEDDING_ONLY,asset_ref_083a6949a9cf|asset_ref_0c3f39c2b704|asset_ref_4f922c059a8c|asset_ref_68963f8a8b15|asset_ref_6b9b45b94176|asset_ref_7f0b9756e7cf|asset_ref_8268ff06d356|asset_ref_899d53439ba1|asset_ref_aa11f4a095f3|asset_ref_c7ac77735c80,dinov2_embedding|patch_manifest|unknown,false,false,true,true,false,false,PREVIOUS_METADATA_BLOCKER_PRESENT|SENSOR_NOT_RESOLVED_TO_SENTINEL_2_OPTICAL,GUARDRAILS_PRESERVED_SENSOR_FAMILY_RESOLUTION_ONLY
PET_00641,Petropolis,1,requires_manual_sensor_selection,blocked_derived_embedding_without_source_sensor,BLOCKED_DERIVED_EMBEDDING_WITHOUT_SOURCE_SENSOR,DINOV2_EMBEDDING_IS_DERIVED_NOT_ACQUISITION_SENSOR,REJECTED_DERIVED_EMBEDDING_ONLY,asset_ref_1810bea29edd|asset_ref_18da89279a8f|asset_ref_1c5b8839fba2|asset_ref_227c8c63851e|asset_ref_38f5973af702|asset_ref_6997d49cda17|asset_ref_a3245d61aafe|asset_ref_b85e350b2866|asset_ref_c60682c2af9b|asset_ref_f3d4441b8f78,dinov2_embedding|patch_manifest|unknown,false,false,true,true,false,false,PREVIOUS_METADATA_BLOCKER_PRESENT|SENSOR_NOT_RESOLVED_TO_SENTINEL_2_OPTICAL,GUARDRAILS_PRESERVED_SENSOR_FAMILY_RESOLUTION_ONLY
PET_00641,Petropolis,2,requires_manual_sensor_selection,blocked_derived_embedding_without_source_sensor,BLOCKED_DERIVED_EMBEDDING_WITHOUT_SOURCE_SENSOR,DINOV2_EMBEDDING_IS_DERIVED_NOT_ACQUISITION_SENSOR,REJECTED_DERIVED_EMBEDDING_ONLY,asset_ref_1810bea29edd|asset_ref_18da89279a8f|asset_ref_1c5b8839fba2|asset_ref_227c8c63851e|asset_ref_38f5973af702|asset_ref_6997d49cda17|asset_ref_a3245d61aafe|asset_ref_b85e350b2866|asset_ref_c60682c2af9b|asset_ref_f3d4441b8f78,dinov2_embedding|patch_manifest|unknown,false,false,true,true,false,false,PREVIOUS_METADATA_BLOCKER_PRESENT|SENSOR_NOT_RESOLVED_TO_SENTINEL_2_OPTICAL,GUARDRAILS_PRESERVED_SENSOR_FAMILY_RESOLUTION_ONLY
PET_00649,Petropolis,1,requires_manual_sensor_selection,blocked_derived_embedding_without_source_sensor,BLOCKED_DERIVED_EMBEDDING_WITHOUT_SOURCE_SENSOR,DINOV2_EMBEDDING_IS_DERIVED_NOT_ACQUISITION_SENSOR,REJECTED_DERIVED_EMBEDDING_ONLY,asset_ref_0c03cc0c1663|asset_ref_248bdc75a667|asset_ref_26fcf494351f|asset_ref_3912e18a1a17|asset_ref_49ef7a76dc30|asset_ref_4dd46e95f6b4|asset_ref_6529eb5165d1|asset_ref_8329875e0c16|asset_ref_b429525864ac|asset_ref_bada51684496,dinov2_embedding|patch_manifest|unknown,false,false,true,true,false,false,PREVIOUS_METADATA_BLOCKER_PRESENT|SENSOR_NOT_RESOLVED_TO_SENTINEL_2_OPTICAL,GUARDRAILS_PRESERVED_SENSOR_FAMILY_RESOLUTION_ONLY
PET_00649,Petropolis,2,requires_manual_sensor_selection,blocked_derived_embedding_without_source_sensor,BLOCKED_DERIVED_EMBEDDING_WITHOUT_SOURCE_SENSOR,DINOV2_EMBEDDING_IS_DERIVED_NOT_ACQUISITION_SENSOR,REJECTED_DERIVED_EMBEDDING_ONLY,asset_ref_0c03cc0c1663|asset_ref_248bdc75a667|asset_ref_26fcf494351f|asset_ref_3912e18a1a17|asset_ref_49ef7a76dc30|asset_ref_4dd46e95f6b4|asset_ref_6529eb5165d1|asset_ref_8329875e0c16|asset_ref_b429525864ac|asset_ref_bada51684496,dinov2_embedding|patch_manifest|unknown,false,false,true,true,false,false,PREVIOUS_METADATA_BLOCKER_PRESENT|SENSOR_NOT_RESOLVED_TO_SENTINEL_2_OPTICAL,GUARDRAILS_PRESERVED_SENSOR_FAMILY_RESOLUTION_ONLY
PET_00652,Petropolis,1,requires_manual_sensor_selection,blocked_derived_embedding_without_source_sensor,BLOCKED_DERIVED_EMBEDDING_WITHOUT_SOURCE_SENSOR,DINOV2_EMBEDDING_IS_DERIVED_NOT_ACQUISITION_SENSOR,REJECTED_DERIVED_EMBEDDING_ONLY,asset_ref_03f7e79a9b17|asset_ref_2aefa699872f|asset_ref_368c8519a019|asset_ref_495128948c5f|asset_ref_50cbf01c10f9|asset_ref_64d25ae2f5ac|asset_ref_7b23d508abeb|asset_ref_be0cb11d3ae1|asset_ref_d23831349526|asset_ref_df8ae345cbd9,dinov2_embedding|patch_manifest|unknown,false,false,true,true,false,false,PREVIOUS_METADATA_BLOCKER_PRESENT|SENSOR_NOT_RESOLVED_TO_SENTINEL_2_OPTICAL,GUARDRAILS_PRESERVED_SENSOR_FAMILY_RESOLUTION_ONLY
PET_00652,Petropolis,2,requires_manual_sensor_selection,blocked_derived_embedding_without_source_sensor,BLOCKED_DERIVED_EMBEDDING_WITHOUT_SOURCE_SENSOR,DINOV2_EMBEDDING_IS_DERIVED_NOT_ACQUISITION_SENSOR,REJECTED_DERIVED_EMBEDDING_ONLY,asset_ref_03f7e79a9b17|asset_ref_2aefa699872f|asset_ref_368c8519a019|asset_ref_495128948c5f|asset_ref_50cbf01c10f9|asset_ref_64d25ae2f5ac|asset_ref_7b23d508abeb|asset_ref_be0cb11d3ae1|asset_ref_d23831349526|asset_ref_df8ae345cbd9,dinov2_embedding|patch_manifest|unknown,false,false,true,true,false,false,PREVIOUS_METADATA_BLOCKER_PRESENT|SENSOR_NOT_RESOLVED_TO_SENTINEL_2_OPTICAL,GUARDRAILS_PRESERVED_SENSOR_FAMILY_RESOLUTION_ONLY
PET_00720,Petropolis,1,requires_manual_sensor_selection,blocked_derived_embedding_without_source_sensor,BLOCKED_DERIVED_EMBEDDING_WITHOUT_SOURCE_SENSOR,DINOV2_EMBEDDING_IS_DERIVED_NOT_ACQUISITION_SENSOR,REJECTED_DERIVED_EMBEDDING_ONLY,asset_ref_217a85d741c1|asset_ref_51d8537fa48b|asset_ref_538311917671|asset_ref_720b050fa2ff|asset_ref_86f767e9cd60|asset_ref_b184f15a9363|asset_ref_bbbc38f0b145|asset_ref_bfb08e908403|asset_ref_dbbc99fdfebf|asset_ref_dc432610a9c9,dinov2_embedding|patch_manifest|unknown,false,false,true,true,false,false,PREVIOUS_METADATA_BLOCKER_PRESENT|SENSOR_NOT_RESOLVED_TO_SENTINEL_2_OPTICAL,GUARDRAILS_PRESERVED_SENSOR_FAMILY_RESOLUTION_ONLY
PET_00720,Petropolis,2,requires_manual_sensor_selection,blocked_derived_embedding_without_source_sensor,BLOCKED_DERIVED_EMBEDDING_WITHOUT_SOURCE_SENSOR,DINOV2_EMBEDDING_IS_DERIVED_NOT_ACQUISITION_SENSOR,REJECTED_DERIVED_EMBEDDING_ONLY,asset_ref_217a85d741c1|asset_ref_51d8537fa48b|asset_ref_538311917671|asset_ref_720b050fa2ff|asset_ref_86f767e9cd60|asset_ref_b184f15a9363|asset_ref_bbbc38f0b145|asset_ref_bfb08e908403|asset_ref_dbbc99fdfebf|asset_ref_dc432610a9c9,dinov2_embedding|patch_manifest|unknown,false,false,true,true,false,false,PREVIOUS_METADATA_BLOCKER_PRESENT|SENSOR_NOT_RESOLVED_TO_SENTINEL_2_OPTICAL,GUARDRAILS_PRESERVED_SENSOR_FAMILY_RESOLUTION_ONLY
PET_00756,Petropolis,1,requires_manual_sensor_selection,blocked_derived_embedding_without_source_sensor,BLOCKED_DERIVED_EMBEDDING_WITHOUT_SOURCE_SENSOR,DINOV2_EMBEDDING_IS_DERIVED_NOT_ACQUISITION_SENSOR,REJECTED_DERIVED_EMBEDDING_ONLY,asset_ref_0be217ab8434|asset_ref_2236057c4bb7|asset_ref_2748f594203c|asset_ref_302437a61ccb|asset_ref_63eb8966432d|asset_ref_6c1c0d836a86|asset_ref_6e5f6d69cdba|asset_ref_7ffbf559297f|asset_ref_8ab87abb3a32|asset_ref_c4cf59768679,dinov2_embedding|patch_manifest|unknown,false,false,true,true,false,false,PREVIOUS_METADATA_BLOCKER_PRESENT|SENSOR_NOT_RESOLVED_TO_SENTINEL_2_OPTICAL,GUARDRAILS_PRESERVED_SENSOR_FAMILY_RESOLUTION_ONLY
PET_00756,Petropolis,2,requires_manual_sensor_selection,blocked_derived_embedding_without_source_sensor,BLOCKED_DERIVED_EMBEDDING_WITHOUT_SOURCE_SENSOR,DINOV2_EMBEDDING_IS_DERIVED_NOT_ACQUISITION_SENSOR,REJECTED_DERIVED_EMBEDDING_ONLY,asset_ref_0be217ab8434|asset_ref_2236057c4bb7|asset_ref_2748f594203c|asset_ref_302437a61ccb|asset_ref_63eb8966432d|asset_ref_6c1c0d836a86|asset_ref_6e5f6d69cdba|asset_ref_7ffbf559297f|asset_ref_8ab87abb3a32|asset_ref_c4cf59768679,dinov2_embedding|patch_manifest|unknown,false,false,true,true,false,false,PREVIOUS_METADATA_BLOCKER_PRESENT|SENSOR_NOT_RESOLVED_TO_SENTINEL_2_OPTICAL,GUARDRAILS_PRESERVED_SENSOR_FAMILY_RESOLUTION_ONLY
PET_00789,Petropolis,1,requires_manual_sensor_selection,blocked_derived_embedding_without_source_sensor,BLOCKED_DERIVED_EMBEDDING_WITHOUT_SOURCE_SENSOR,DINOV2_EMBEDDING_IS_DERIVED_NOT_ACQUISITION_SENSOR,REJECTED_DERIVED_EMBEDDING_ONLY,asset_ref_038991a05cc6|asset_ref_31c474588d0d|asset_ref_460623b35e68|asset_ref_4df855c2a564|asset_ref_5d3ad1e56c2d|asset_ref_892fd0338344|asset_ref_9683501f53e7|asset_ref_a609e05f1f9f|asset_ref_b248b2d1eaf4|asset_ref_d2b1e2b2238e,dinov2_embedding|patch_manifest|unknown,false,false,true,true,false,false,PREVIOUS_METADATA_BLOCKER_PRESENT|SENSOR_NOT_RESOLVED_TO_SENTINEL_2_OPTICAL,GUARDRAILS_PRESERVED_SENSOR_FAMILY_RESOLUTION_ONLY
PET_00789,Petropolis,2,requires_manual_sensor_selection,blocked_derived_embedding_without_source_sensor,BLOCKED_DERIVED_EMBEDDING_WITHOUT_SOURCE_SENSOR,DINOV2_EMBEDDING_IS_DERIVED_NOT_ACQUISITION_SENSOR,REJECTED_DERIVED_EMBEDDING_ONLY,asset_ref_038991a05cc6|asset_ref_31c474588d0d|asset_ref_460623b35e68|asset_ref_4df855c2a564|asset_ref_5d3ad1e56c2d|asset_ref_892fd0338344|asset_ref_9683501f53e7|asset_ref_a609e05f1f9f|asset_ref_b248b2d1eaf4|asset_ref_d2b1e2b2238e,dinov2_embedding|patch_manifest|unknown,false,false,true,true,false,false,PREVIOUS_METADATA_BLOCKER_PRESENT|SENSOR_NOT_RESOLVED_TO_SENTINEL_2_OPTICAL,GUARDRAILS_PRESERVED_SENSOR_FAMILY_RESOLUTION_ONLY
PET_00823,Petropolis,1,requires_manual_sensor_selection,blocked_derived_embedding_without_source_sensor,BLOCKED_DERIVED_EMBEDDING_WITHOUT_SOURCE_SENSOR,DINOV2_EMBEDDING_IS_DERIVED_NOT_ACQUISITION_SENSOR,REJECTED_DERIVED_EMBEDDING_ONLY,asset_ref_0d8528b88d6a|asset_ref_368929869205|asset_ref_39c81302c3e9|asset_ref_48e9fbec7fac|asset_ref_539cdf85b584|asset_ref_70df71d59fc1|asset_ref_8a8e4dfd407e|asset_ref_dae741724f67|asset_ref_e7e797404933|asset_ref_ea932a41af8f,dinov2_embedding|patch_manifest|unknown,false,false,true,true,false,false,PREVIOUS_METADATA_BLOCKER_PRESENT|SENSOR_NOT_RESOLVED_TO_SENTINEL_2_OPTICAL,GUARDRAILS_PRESERVED_SENSOR_FAMILY_RESOLUTION_ONLY
PET_00823,Petropolis,2,requires_manual_sensor_selection,blocked_derived_embedding_without_source_sensor,BLOCKED_DERIVED_EMBEDDING_WITHOUT_SOURCE_SENSOR,DINOV2_EMBEDDING_IS_DERIVED_NOT_ACQUISITION_SENSOR,REJECTED_DERIVED_EMBEDDING_ONLY,asset_ref_0d8528b88d6a|asset_ref_368929869205|asset_ref_39c81302c3e9|asset_ref_48e9fbec7fac|asset_ref_539cdf85b584|asset_ref_70df71d59fc1|asset_ref_8a8e4dfd407e|asset_ref_dae741724f67|asset_ref_e7e797404933|asset_ref_ea932a41af8f,dinov2_embedding|patch_manifest|unknown,false,false,true,true,false,false,PREVIOUS_METADATA_BLOCKER_PRESENT|SENSOR_NOT_RESOLVED_TO_SENTINEL_2_OPTICAL,GUARDRAILS_PRESERVED_SENSOR_FAMILY_RESOLUTION_ONLY
PET_00825,Petropolis,1,requires_manual_sensor_selection,blocked_derived_embedding_without_source_sensor,BLOCKED_DERIVED_EMBEDDING_WITHOUT_SOURCE_SENSOR,DINOV2_EMBEDDING_IS_DERIVED_NOT_ACQUISITION_SENSOR,REJECTED_DERIVED_EMBEDDING_ONLY,asset_ref_0eb22095b45d|asset_ref_133210f1081b|asset_ref_2af701259827|asset_ref_3bbe41d57da6|asset_ref_4af943351347|asset_ref_76f478256a29|asset_ref_9021241936fd|asset_ref_bf1cdab494ee|asset_ref_f4932b154671|asset_ref_f7c7bd283d0e,dinov2_embedding|patch_manifest|unknown,false,false,true,true,false,false,PREVIOUS_METADATA_BLOCKER_PRESENT|SENSOR_NOT_RESOLVED_TO_SENTINEL_2_OPTICAL,GUARDRAILS_PRESERVED_SENSOR_FAMILY_RESOLUTION_ONLY
PET_00825,Petropolis,2,requires_manual_sensor_selection,blocked_derived_embedding_without_source_sensor,BLOCKED_DERIVED_EMBEDDING_WITHOUT_SOURCE_SENSOR,DINOV2_EMBEDDING_IS_DERIVED_NOT_ACQUISITION_SENSOR,REJECTED_DERIVED_EMBEDDING_ONLY,asset_ref_0eb22095b45d|asset_ref_133210f1081b|asset_ref_2af701259827|asset_ref_3bbe41d57da6|asset_ref_4af943351347|asset_ref_76f478256a29|asset_ref_9021241936fd|asset_ref_bf1cdab494ee|asset_ref_f4932b154671|asset_ref_f7c7bd283d0e,dinov2_embedding|patch_manifest|unknown,false,false,true,true,false,false,PREVIOUS_METADATA_BLOCKER_PRESENT|SENSOR_NOT_RESOLVED_TO_SENTINEL_2_OPTICAL,GUARDRAILS_PRESERVED_SENSOR_FAMILY_RESOLUTION_ONLY
PET_00829,Petropolis,1,requires_manual_sensor_selection,blocked_derived_embedding_without_source_sensor,BLOCKED_DERIVED_EMBEDDING_WITHOUT_SOURCE_SENSOR,DINOV2_EMBEDDING_IS_DERIVED_NOT_ACQUISITION_SENSOR,REJECTED_DERIVED_EMBEDDING_ONLY,asset_ref_01b1c5020ec3|asset_ref_3a85edd3b826|asset_ref_5df64a643739|asset_ref_8641db95a4b7|asset_ref_93cb765deb2f|asset_ref_9a632ae5a16b|asset_ref_b5415c2fce97|asset_ref_da532b12e01b|asset_ref_fcc9cf291e8d|asset_ref_fdf90bfb0831,dinov2_embedding|patch_manifest|unknown,false,false,true,true,false,false,PREVIOUS_METADATA_BLOCKER_PRESENT|SENSOR_NOT_RESOLVED_TO_SENTINEL_2_OPTICAL,GUARDRAILS_PRESERVED_SENSOR_FAMILY_RESOLUTION_ONLY
PET_00829,Petropolis,2,requires_manual_sensor_selection,blocked_derived_embedding_without_source_sensor,BLOCKED_DERIVED_EMBEDDING_WITHOUT_SOURCE_SENSOR,DINOV2_EMBEDDING_IS_DERIVED_NOT_ACQUISITION_SENSOR,REJECTED_DERIVED_EMBEDDING_ONLY,asset_ref_01b1c5020ec3|asset_ref_3a85edd3b826|asset_ref_5df64a643739|asset_ref_8641db95a4b7|asset_ref_93cb765deb2f|asset_ref_9a632ae5a16b|asset_ref_b5415c2fce97|asset_ref_da532b12e01b|asset_ref_fcc9cf291e8d|asset_ref_fdf90bfb0831,dinov2_embedding|patch_manifest|unknown,false,false,true,true,false,false,PREVIOUS_METADATA_BLOCKER_PRESENT|SENSOR_NOT_RESOLVED_TO_SENTINEL_2_OPTICAL,GUARDRAILS_PRESERVED_SENSOR_FAMILY_RESOLUTION_ONLY
PET_00860,Petropolis,1,requires_manual_sensor_selection,blocked_derived_embedding_without_source_sensor,BLOCKED_DERIVED_EMBEDDING_WITHOUT_SOURCE_SENSOR,DINOV2_EMBEDDING_IS_DERIVED_NOT_ACQUISITION_SENSOR,REJECTED_DERIVED_EMBEDDING_ONLY,asset_ref_0ab85155a0dd|asset_ref_121b6ede893b|asset_ref_121f6ba64d7a|asset_ref_2d78625858db|asset_ref_b419b1a6655a|asset_ref_bcb571853ea6|asset_ref_c53daa84bc35|asset_ref_dedb55e5d7bb|asset_ref_f29d6bd63d5a|asset_ref_f6da0ba9f586,dinov2_embedding|patch_manifest|unknown,false,false,true,true,false,false,PREVIOUS_METADATA_BLOCKER_PRESENT|SENSOR_NOT_RESOLVED_TO_SENTINEL_2_OPTICAL,GUARDRAILS_PRESERVED_SENSOR_FAMILY_RESOLUTION_ONLY
PET_00860,Petropolis,2,requires_manual_sensor_selection,blocked_derived_embedding_without_source_sensor,BLOCKED_DERIVED_EMBEDDING_WITHOUT_SOURCE_SENSOR,DINOV2_EMBEDDING_IS_DERIVED_NOT_ACQUISITION_SENSOR,REJECTED_DERIVED_EMBEDDING_ONLY,asset_ref_0ab85155a0dd|asset_ref_121b6ede893b|asset_ref_121f6ba64d7a|asset_ref_2d78625858db|asset_ref_b419b1a6655a|asset_ref_bcb571853ea6|asset_ref_c53daa84bc35|asset_ref_dedb55e5d7bb|asset_ref_f29d6bd63d5a|asset_ref_f6da0ba9f586,dinov2_embedding|patch_manifest|unknown,false,false,true,true,false,false,PREVIOUS_METADATA_BLOCKER_PRESENT|SENSOR_NOT_RESOLVED_TO_SENTINEL_2_OPTICAL,GUARDRAILS_PRESERVED_SENSOR_FAMILY_RESOLUTION_ONLY
PET_00863,Petropolis,1,requires_manual_sensor_selection,blocked_derived_embedding_without_source_sensor,BLOCKED_DERIVED_EMBEDDING_WITHOUT_SOURCE_SENSOR,DINOV2_EMBEDDING_IS_DERIVED_NOT_ACQUISITION_SENSOR,REJECTED_DERIVED_EMBEDDING_ONLY,asset_ref_228c52f1e3cd|asset_ref_23a1b6c458ad|asset_ref_3d5ddfb644bf|asset_ref_5493ce00a110|asset_ref_5f779519f379|asset_ref_6af9d55407f7|asset_ref_a6b3fe885f8a|asset_ref_bc8d7fc40572|asset_ref_cb492e046717|asset_ref_fb0b9472ba8c,dinov2_embedding|patch_manifest|unknown,false,false,true,true,false,false,PREVIOUS_METADATA_BLOCKER_PRESENT|SENSOR_NOT_RESOLVED_TO_SENTINEL_2_OPTICAL,GUARDRAILS_PRESERVED_SENSOR_FAMILY_RESOLUTION_ONLY
PET_00863,Petropolis,2,requires_manual_sensor_selection,blocked_derived_embedding_without_source_sensor,BLOCKED_DERIVED_EMBEDDING_WITHOUT_SOURCE_SENSOR,DINOV2_EMBEDDING_IS_DERIVED_NOT_ACQUISITION_SENSOR,REJECTED_DERIVED_EMBEDDING_ONLY,asset_ref_228c52f1e3cd|asset_ref_23a1b6c458ad|asset_ref_3d5ddfb644bf|asset_ref_5493ce00a110|asset_ref_5f779519f379|asset_ref_6af9d55407f7|asset_ref_a6b3fe885f8a|asset_ref_bc8d7fc40572|asset_ref_cb492e046717|asset_ref_fb0b9472ba8c,dinov2_embedding|patch_manifest|unknown,false,false,true,true,false,false,PREVIOUS_METADATA_BLOCKER_PRESENT|SENSOR_NOT_RESOLVED_TO_SENTINEL_2_OPTICAL,GUARDRAILS_PRESERVED_SENSOR_FAMILY_RESOLUTION_ONLY
PET_00865,Petropolis,1,requires_manual_sensor_selection,blocked_derived_embedding_without_source_sensor,BLOCKED_DERIVED_EMBEDDING_WITHOUT_SOURCE_SENSOR,DINOV2_EMBEDDING_IS_DERIVED_NOT_ACQUISITION_SENSOR,REJECTED_DERIVED_EMBEDDING_ONLY,asset_ref_01aacbf32fea|asset_ref_07b5b7a3608c|asset_ref_1a563562895d|asset_ref_32ff1c4fe0be|asset_ref_65ae4ec5e0fd|asset_ref_8550b8b903ba|asset_ref_a092231ad503|asset_ref_a0c9eb049e22|asset_ref_a593b03c6fc0|asset_ref_c9e54f0b7c56,dinov2_embedding|patch_manifest|unknown,false,false,true,true,false,false,PREVIOUS_METADATA_BLOCKER_PRESENT|SENSOR_NOT_RESOLVED_TO_SENTINEL_2_OPTICAL,GUARDRAILS_PRESERVED_SENSOR_FAMILY_RESOLUTION_ONLY
PET_00865,Petropolis,2,requires_manual_sensor_selection,blocked_derived_embedding_without_source_sensor,BLOCKED_DERIVED_EMBEDDING_WITHOUT_SOURCE_SENSOR,DINOV2_EMBEDDING_IS_DERIVED_NOT_ACQUISITION_SENSOR,REJECTED_DERIVED_EMBEDDING_ONLY,asset_ref_01aacbf32fea|asset_ref_07b5b7a3608c|asset_ref_1a563562895d|asset_ref_32ff1c4fe0be|asset_ref_65ae4ec5e0fd|asset_ref_8550b8b903ba|asset_ref_a092231ad503|asset_ref_a0c9eb049e22|asset_ref_a593b03c6fc0|asset_ref_c9e54f0b7c56,dinov2_embedding|patch_manifest|unknown,false,false,true,true,false,false,PREVIOUS_METADATA_BLOCKER_PRESENT|SENSOR_NOT_RESOLVED_TO_SENTINEL_2_OPTICAL,GUARDRAILS_PRESERVED_SENSOR_FAMILY_RESOLUTION_ONLY
PET_00916,Petropolis,1,requires_manual_sensor_selection,blocked_derived_embedding_without_source_sensor,BLOCKED_DERIVED_EMBEDDING_WITHOUT_SOURCE_SENSOR,DINOV2_EMBEDDING_IS_DERIVED_NOT_ACQUISITION_SENSOR,REJECTED_DERIVED_EMBEDDING_ONLY,asset_ref_13d110bfd821|asset_ref_4c7a7514bd96|asset_ref_7c2944e95108|asset_ref_8a024c9dbfa6|asset_ref_91a9b2b65638|asset_ref_c322bde93ab7|asset_ref_cec1da7f45f0|asset_ref_dac65211c49f|asset_ref_ec0402ea8b1e|asset_ref_f85577d727ad,dinov2_embedding|patch_manifest|unknown,false,false,true,true,false,false,PREVIOUS_METADATA_BLOCKER_PRESENT|SENSOR_NOT_RESOLVED_TO_SENTINEL_2_OPTICAL,GUARDRAILS_PRESERVED_SENSOR_FAMILY_RESOLUTION_ONLY
PET_00916,Petropolis,2,requires_manual_sensor_selection,blocked_derived_embedding_without_source_sensor,BLOCKED_DERIVED_EMBEDDING_WITHOUT_SOURCE_SENSOR,DINOV2_EMBEDDING_IS_DERIVED_NOT_ACQUISITION_SENSOR,REJECTED_DERIVED_EMBEDDING_ONLY,asset_ref_13d110bfd821|asset_ref_4c7a7514bd96|asset_ref_7c2944e95108|asset_ref_8a024c9dbfa6|asset_ref_91a9b2b65638|asset_ref_c322bde93ab7|asset_ref_cec1da7f45f0|asset_ref_dac65211c49f|asset_ref_ec0402ea8b1e|asset_ref_f85577d727ad,dinov2_embedding|patch_manifest|unknown,false,false,true,true,false,false,PREVIOUS_METADATA_BLOCKER_PRESENT|SENSOR_NOT_RESOLVED_TO_SENTINEL_2_OPTICAL,GUARDRAILS_PRESERVED_SENSOR_FAMILY_RESOLUTION_ONLY
PET_00986,Petropolis,1,requires_manual_sensor_selection,blocked_derived_embedding_without_source_sensor,BLOCKED_DERIVED_EMBEDDING_WITHOUT_SOURCE_SENSOR,DINOV2_EMBEDDING_IS_DERIVED_NOT_ACQUISITION_SENSOR,REJECTED_DERIVED_EMBEDDING_ONLY,asset_ref_035760e5172a|asset_ref_1e7813f72026|asset_ref_1eb309959397|asset_ref_2ec77e3caa85|asset_ref_58d2a38a1db3|asset_ref_6e9643f900b1|asset_ref_d0e4aa6dccd2|asset_ref_f19f91084634|asset_ref_f6262e5f30d6|asset_ref_fada60998fa6,dinov2_embedding|patch_manifest|unknown,false,false,true,true,false,false,PREVIOUS_METADATA_BLOCKER_PRESENT|SENSOR_NOT_RESOLVED_TO_SENTINEL_2_OPTICAL,GUARDRAILS_PRESERVED_SENSOR_FAMILY_RESOLUTION_ONLY
PET_00986,Petropolis,2,requires_manual_sensor_selection,blocked_derived_embedding_without_source_sensor,BLOCKED_DERIVED_EMBEDDING_WITHOUT_SOURCE_SENSOR,DINOV2_EMBEDDING_IS_DERIVED_NOT_ACQUISITION_SENSOR,REJECTED_DERIVED_EMBEDDING_ONLY,asset_ref_035760e5172a|asset_ref_1e7813f72026|asset_ref_1eb309959397|asset_ref_2ec77e3caa85|asset_ref_58d2a38a1db3|asset_ref_6e9643f900b1|asset_ref_d0e4aa6dccd2|asset_ref_f19f91084634|asset_ref_f6262e5f30d6|asset_ref_fada60998fa6,dinov2_embedding|patch_manifest|unknown,false,false,true,true,false,false,PREVIOUS_METADATA_BLOCKER_PRESENT|SENSOR_NOT_RESOLVED_TO_SENTINEL_2_OPTICAL,GUARDRAILS_PRESERVED_SENSOR_FAMILY_RESOLUTION_ONLY
PET_01,Petropolis,1,requires_manual_sensor_selection,blocked_unknown_asset_type,BLOCKED_UNKNOWN_ASSET_TYPE,ONLY_UNKNOWN_OR_UNUSABLE_ASSET_TYPE_AVAILABLE,REJECTED_UNKNOWN_ASSET_TYPE,asset_ref_bdb36dcc5568,unknown,false,false,false,true,false,false,METADATA_REPAIR_REQUIRED_BEFORE_REQUEST|PREVIOUS_METADATA_BLOCKER_PRESENT|SENSOR_NOT_RESOLVED_TO_SENTINEL_2_OPTICAL|REQUIREMENT_ALREADY_BLOCKED,GUARDRAILS_PRESERVED_SENSOR_FAMILY_RESOLUTION_ONLY
PET_01,Petropolis,2,requires_manual_sensor_selection,blocked_unknown_asset_type,BLOCKED_UNKNOWN_ASSET_TYPE,ONLY_UNKNOWN_OR_UNUSABLE_ASSET_TYPE_AVAILABLE,REJECTED_UNKNOWN_ASSET_TYPE,asset_ref_bdb36dcc5568,unknown,false,false,false,true,false,false,METADATA_REPAIR_REQUIRED_BEFORE_REQUEST|PREVIOUS_METADATA_BLOCKER_PRESENT|SENSOR_NOT_RESOLVED_TO_SENTINEL_2_OPTICAL|REQUIREMENT_ALREADY_BLOCKED,GUARDRAILS_PRESERVED_SENSOR_FAMILY_RESOLUTION_ONLY
PET_01,Petropolis,3,requires_manual_sensor_selection,blocked_unknown_asset_type,BLOCKED_UNKNOWN_ASSET_TYPE,ONLY_UNKNOWN_OR_UNUSABLE_ASSET_TYPE_AVAILABLE,REJECTED_UNKNOWN_ASSET_TYPE,asset_ref_bdb36dcc5568,unknown,false,false,false,true,false,false,METADATA_REPAIR_REQUIRED_BEFORE_REQUEST|PREVIOUS_METADATA_BLOCKER_PRESENT|SENSOR_NOT_RESOLVED_TO_SENTINEL_2_OPTICAL|REQUIREMENT_ALREADY_BLOCKED,GUARDRAILS_PRESERVED_SENSOR_FAMILY_RESOLUTION_ONLY
PET_01307,Petropolis,1,requires_manual_sensor_selection,blocked_derived_embedding_without_source_sensor,BLOCKED_DERIVED_EMBEDDING_WITHOUT_SOURCE_SENSOR,DINOV2_EMBEDDING_IS_DERIVED_NOT_ACQUISITION_SENSOR,REJECTED_DERIVED_EMBEDDING_ONLY,asset_ref_042150cce33d|asset_ref_0c9cd5705d82|asset_ref_26a34ef793e6|asset_ref_3f721c718818|asset_ref_4a6321017550|asset_ref_5cfade8c247a|asset_ref_71afbb43d369|asset_ref_7e9b94e1266f|asset_ref_8af953c9be7f|asset_ref_fba1df0da719,dinov2_embedding|patch_manifest|unknown,false,false,true,true,false,false,PREVIOUS_METADATA_BLOCKER_PRESENT|SENSOR_NOT_RESOLVED_TO_SENTINEL_2_OPTICAL,GUARDRAILS_PRESERVED_SENSOR_FAMILY_RESOLUTION_ONLY
PET_01307,Petropolis,2,requires_manual_sensor_selection,blocked_derived_embedding_without_source_sensor,BLOCKED_DERIVED_EMBEDDING_WITHOUT_SOURCE_SENSOR,DINOV2_EMBEDDING_IS_DERIVED_NOT_ACQUISITION_SENSOR,REJECTED_DERIVED_EMBEDDING_ONLY,asset_ref_042150cce33d|asset_ref_0c9cd5705d82|asset_ref_26a34ef793e6|asset_ref_3f721c718818|asset_ref_4a6321017550|asset_ref_5cfade8c247a|asset_ref_71afbb43d369|asset_ref_7e9b94e1266f|asset_ref_8af953c9be7f|asset_ref_fba1df0da719,dinov2_embedding|patch_manifest|unknown,false,false,true,true,false,false,PREVIOUS_METADATA_BLOCKER_PRESENT|SENSOR_NOT_RESOLVED_TO_SENTINEL_2_OPTICAL,GUARDRAILS_PRESERVED_SENSOR_FAMILY_RESOLUTION_ONLY
PET_01323,Petropolis,1,requires_manual_sensor_selection,blocked_derived_embedding_without_source_sensor,BLOCKED_DERIVED_EMBEDDING_WITHOUT_SOURCE_SENSOR,DINOV2_EMBEDDING_IS_DERIVED_NOT_ACQUISITION_SENSOR,REJECTED_DERIVED_EMBEDDING_ONLY,asset_ref_2f8244011484|asset_ref_39e6828050da|asset_ref_59606632380a|asset_ref_68929951059e|asset_ref_7a640ba4313b|asset_ref_8ee207ff3df8|asset_ref_d25da4ab53fe|asset_ref_d523eae814a8|asset_ref_d5d13448b8f7|asset_ref_fe655284bd46,dinov2_embedding|patch_manifest|unknown,false,false,true,true,false,false,PREVIOUS_METADATA_BLOCKER_PRESENT|SENSOR_NOT_RESOLVED_TO_SENTINEL_2_OPTICAL,GUARDRAILS_PRESERVED_SENSOR_FAMILY_RESOLUTION_ONLY
PET_01323,Petropolis,2,requires_manual_sensor_selection,blocked_derived_embedding_without_source_sensor,BLOCKED_DERIVED_EMBEDDING_WITHOUT_SOURCE_SENSOR,DINOV2_EMBEDDING_IS_DERIVED_NOT_ACQUISITION_SENSOR,REJECTED_DERIVED_EMBEDDING_ONLY,asset_ref_2f8244011484|asset_ref_39e6828050da|asset_ref_59606632380a|asset_ref_68929951059e|asset_ref_7a640ba4313b|asset_ref_8ee207ff3df8|asset_ref_d25da4ab53fe|asset_ref_d523eae814a8|asset_ref_d5d13448b8f7|asset_ref_fe655284bd46,dinov2_embedding|patch_manifest|unknown,false,false,true,true,false,false,PREVIOUS_METADATA_BLOCKER_PRESENT|SENSOR_NOT_RESOLVED_TO_SENTINEL_2_OPTICAL,GUARDRAILS_PRESERVED_SENSOR_FAMILY_RESOLUTION_ONLY
PET_01349,Petropolis,1,requires_manual_sensor_selection,blocked_derived_embedding_without_source_sensor,BLOCKED_DERIVED_EMBEDDING_WITHOUT_SOURCE_SENSOR,DINOV2_EMBEDDING_IS_DERIVED_NOT_ACQUISITION_SENSOR,REJECTED_DERIVED_EMBEDDING_ONLY,asset_ref_19e91f188a1d|asset_ref_1fd8953172e8|asset_ref_3709c4df77e1|asset_ref_3e094c6a6f29|asset_ref_4378bb02fa9d|asset_ref_6f898d79862e|asset_ref_75eb90faae52|asset_ref_7f5fc2872504|asset_ref_917a00dbfdc6|asset_ref_9b6a16534056,dinov2_embedding|patch_manifest|unknown,false,false,true,true,false,false,PREVIOUS_METADATA_BLOCKER_PRESENT|SENSOR_NOT_RESOLVED_TO_SENTINEL_2_OPTICAL,GUARDRAILS_PRESERVED_SENSOR_FAMILY_RESOLUTION_ONLY
PET_01349,Petropolis,2,requires_manual_sensor_selection,blocked_derived_embedding_without_source_sensor,BLOCKED_DERIVED_EMBEDDING_WITHOUT_SOURCE_SENSOR,DINOV2_EMBEDDING_IS_DERIVED_NOT_ACQUISITION_SENSOR,REJECTED_DERIVED_EMBEDDING_ONLY,asset_ref_19e91f188a1d|asset_ref_1fd8953172e8|asset_ref_3709c4df77e1|asset_ref_3e094c6a6f29|asset_ref_4378bb02fa9d|asset_ref_6f898d79862e|asset_ref_75eb90faae52|asset_ref_7f5fc2872504|asset_ref_917a00dbfdc6|asset_ref_9b6a16534056,dinov2_embedding|patch_manifest|unknown,false,false,true,true,false,false,PREVIOUS_METADATA_BLOCKER_PRESENT|SENSOR_NOT_RESOLVED_TO_SENTINEL_2_OPTICAL,GUARDRAILS_PRESERVED_SENSOR_FAMILY_RESOLUTION_ONLY
PET_01352,Petropolis,1,requires_manual_sensor_selection,blocked_derived_embedding_without_source_sensor,BLOCKED_DERIVED_EMBEDDING_WITHOUT_SOURCE_SENSOR,DINOV2_EMBEDDING_IS_DERIVED_NOT_ACQUISITION_SENSOR,REJECTED_DERIVED_EMBEDDING_ONLY,asset_ref_00fd308547bd|asset_ref_1edc0c923e02|asset_ref_3c24c4702b8d|asset_ref_6979f78edca7|asset_ref_8a6c97993935|asset_ref_8e26fcf4ed57|asset_ref_cecee801373d|asset_ref_d4b77389e953|asset_ref_d9bd830ce223|asset_ref_f54c392666c3,dinov2_embedding|patch_manifest|unknown,false,false,true,true,false,false,PREVIOUS_METADATA_BLOCKER_PRESENT|SENSOR_NOT_RESOLVED_TO_SENTINEL_2_OPTICAL,GUARDRAILS_PRESERVED_SENSOR_FAMILY_RESOLUTION_ONLY
PET_01352,Petropolis,2,requires_manual_sensor_selection,blocked_derived_embedding_without_source_sensor,BLOCKED_DERIVED_EMBEDDING_WITHOUT_SOURCE_SENSOR,DINOV2_EMBEDDING_IS_DERIVED_NOT_ACQUISITION_SENSOR,REJECTED_DERIVED_EMBEDDING_ONLY,asset_ref_00fd308547bd|asset_ref_1edc0c923e02|asset_ref_3c24c4702b8d|asset_ref_6979f78edca7|asset_ref_8a6c97993935|asset_ref_8e26fcf4ed57|asset_ref_cecee801373d|asset_ref_d4b77389e953|asset_ref_d9bd830ce223|asset_ref_f54c392666c3,dinov2_embedding|patch_manifest|unknown,false,false,true,true,false,false,PREVIOUS_METADATA_BLOCKER_PRESENT|SENSOR_NOT_RESOLVED_TO_SENTINEL_2_OPTICAL,GUARDRAILS_PRESERVED_SENSOR_FAMILY_RESOLUTION_ONLY
PET_01386,Petropolis,1,requires_manual_sensor_selection,blocked_derived_embedding_without_source_sensor,BLOCKED_DERIVED_EMBEDDING_WITHOUT_SOURCE_SENSOR,DINOV2_EMBEDDING_IS_DERIVED_NOT_ACQUISITION_SENSOR,REJECTED_DERIVED_EMBEDDING_ONLY,asset_ref_0375fbbcbfed|asset_ref_1080e8bd37e2|asset_ref_204b5d61df23|asset_ref_2d7cdddec557|asset_ref_3be35d440f0a|asset_ref_48c7a92d424e|asset_ref_522f168aa251|asset_ref_be7d69e437c8|asset_ref_c4c399e6f8a0|asset_ref_ef589b03654d,dinov2_embedding|patch_manifest|unknown,false,false,true,true,false,false,PREVIOUS_METADATA_BLOCKER_PRESENT|SENSOR_NOT_RESOLVED_TO_SENTINEL_2_OPTICAL,GUARDRAILS_PRESERVED_SENSOR_FAMILY_RESOLUTION_ONLY
PET_01386,Petropolis,2,requires_manual_sensor_selection,blocked_derived_embedding_without_source_sensor,BLOCKED_DERIVED_EMBEDDING_WITHOUT_SOURCE_SENSOR,DINOV2_EMBEDDING_IS_DERIVED_NOT_ACQUISITION_SENSOR,REJECTED_DERIVED_EMBEDDING_ONLY,asset_ref_0375fbbcbfed|asset_ref_1080e8bd37e2|asset_ref_204b5d61df23|asset_ref_2d7cdddec557|asset_ref_3be35d440f0a|asset_ref_48c7a92d424e|asset_ref_522f168aa251|asset_ref_be7d69e437c8|asset_ref_c4c399e6f8a0|asset_ref_ef589b03654d,dinov2_embedding|patch_manifest|unknown,false,false,true,true,false,false,PREVIOUS_METADATA_BLOCKER_PRESENT|SENSOR_NOT_RESOLVED_TO_SENTINEL_2_OPTICAL,GUARDRAILS_PRESERVED_SENSOR_FAMILY_RESOLUTION_ONLY
PET_01403,Petropolis,1,requires_manual_sensor_selection,blocked_derived_embedding_without_source_sensor,BLOCKED_DERIVED_EMBEDDING_WITHOUT_SOURCE_SENSOR,DINOV2_EMBEDDING_IS_DERIVED_NOT_ACQUISITION_SENSOR,REJECTED_DERIVED_EMBEDDING_ONLY,asset_ref_0f226583644b|asset_ref_1f4e21ee3a95|asset_ref_20712bfe7a1a|asset_ref_429028f95ecf|asset_ref_575ee5ffb450|asset_ref_76b7b9161003|asset_ref_887955679351|asset_ref_d7a4d05e4137|asset_ref_e58932bc6fd9|asset_ref_ea99a237da50,dinov2_embedding|patch_manifest|unknown,false,false,true,true,false,false,PREVIOUS_METADATA_BLOCKER_PRESENT|SENSOR_NOT_RESOLVED_TO_SENTINEL_2_OPTICAL,GUARDRAILS_PRESERVED_SENSOR_FAMILY_RESOLUTION_ONLY
PET_01403,Petropolis,2,requires_manual_sensor_selection,blocked_derived_embedding_without_source_sensor,BLOCKED_DERIVED_EMBEDDING_WITHOUT_SOURCE_SENSOR,DINOV2_EMBEDDING_IS_DERIVED_NOT_ACQUISITION_SENSOR,REJECTED_DERIVED_EMBEDDING_ONLY,asset_ref_0f226583644b|asset_ref_1f4e21ee3a95|asset_ref_20712bfe7a1a|asset_ref_429028f95ecf|asset_ref_575ee5ffb450|asset_ref_76b7b9161003|asset_ref_887955679351|asset_ref_d7a4d05e4137|asset_ref_e58932bc6fd9|asset_ref_ea99a237da50,dinov2_embedding|patch_manifest|unknown,false,false,true,true,false,false,PREVIOUS_METADATA_BLOCKER_PRESENT|SENSOR_NOT_RESOLVED_TO_SENTINEL_2_OPTICAL,GUARDRAILS_PRESERVED_SENSOR_FAMILY_RESOLUTION_ONLY
PET_01458,Petropolis,1,requires_manual_sensor_selection,blocked_derived_embedding_without_source_sensor,BLOCKED_DERIVED_EMBEDDING_WITHOUT_SOURCE_SENSOR,DINOV2_EMBEDDING_IS_DERIVED_NOT_ACQUISITION_SENSOR,REJECTED_DERIVED_EMBEDDING_ONLY,asset_ref_14a0e610af60|asset_ref_2036485db49a|asset_ref_36226e78e172|asset_ref_43d93f8ae288|asset_ref_4e249ca3d392|asset_ref_5f581515bd21|asset_ref_72b5b461f43a|asset_ref_91fc459a83f5|asset_ref_9eccb529ab9a|asset_ref_b291b2118c87,dinov2_embedding|patch_manifest|unknown,false,false,true,true,false,false,PREVIOUS_METADATA_BLOCKER_PRESENT|SENSOR_NOT_RESOLVED_TO_SENTINEL_2_OPTICAL,GUARDRAILS_PRESERVED_SENSOR_FAMILY_RESOLUTION_ONLY
PET_01458,Petropolis,2,requires_manual_sensor_selection,blocked_derived_embedding_without_source_sensor,BLOCKED_DERIVED_EMBEDDING_WITHOUT_SOURCE_SENSOR,DINOV2_EMBEDDING_IS_DERIVED_NOT_ACQUISITION_SENSOR,REJECTED_DERIVED_EMBEDDING_ONLY,asset_ref_14a0e610af60|asset_ref_2036485db49a|asset_ref_36226e78e172|asset_ref_43d93f8ae288|asset_ref_4e249ca3d392|asset_ref_5f581515bd21|asset_ref_72b5b461f43a|asset_ref_91fc459a83f5|asset_ref_9eccb529ab9a|asset_ref_b291b2118c87,dinov2_embedding|patch_manifest|unknown,false,false,true,true,false,false,PREVIOUS_METADATA_BLOCKER_PRESENT|SENSOR_NOT_RESOLVED_TO_SENTINEL_2_OPTICAL,GUARDRAILS_PRESERVED_SENSOR_FAMILY_RESOLUTION_ONLY
PET_01478,Petropolis,1,requires_manual_sensor_selection,blocked_derived_embedding_without_source_sensor,BLOCKED_DERIVED_EMBEDDING_WITHOUT_SOURCE_SENSOR,DINOV2_EMBEDDING_IS_DERIVED_NOT_ACQUISITION_SENSOR,REJECTED_DERIVED_EMBEDDING_ONLY,asset_ref_0f2b42a8e40e|asset_ref_2569ff75ea1a|asset_ref_2d6d571f8837|asset_ref_33f2d9648e0e|asset_ref_6689a0c7b408|asset_ref_9f7398018ed6|asset_ref_c80ca03c1bc9|asset_ref_d11c27192e53|asset_ref_ef0f59cc4c42|asset_ref_f6843677a24b,dinov2_embedding|patch_manifest|unknown,false,false,true,true,false,false,PREVIOUS_METADATA_BLOCKER_PRESENT|SENSOR_NOT_RESOLVED_TO_SENTINEL_2_OPTICAL,GUARDRAILS_PRESERVED_SENSOR_FAMILY_RESOLUTION_ONLY
PET_01478,Petropolis,2,requires_manual_sensor_selection,blocked_derived_embedding_without_source_sensor,BLOCKED_DERIVED_EMBEDDING_WITHOUT_SOURCE_SENSOR,DINOV2_EMBEDDING_IS_DERIVED_NOT_ACQUISITION_SENSOR,REJECTED_DERIVED_EMBEDDING_ONLY,asset_ref_0f2b42a8e40e|asset_ref_2569ff75ea1a|asset_ref_2d6d571f8837|asset_ref_33f2d9648e0e|asset_ref_6689a0c7b408|asset_ref_9f7398018ed6|asset_ref_c80ca03c1bc9|asset_ref_d11c27192e53|asset_ref_ef0f59cc4c42|asset_ref_f6843677a24b,dinov2_embedding|patch_manifest|unknown,false,false,true,true,false,false,PREVIOUS_METADATA_BLOCKER_PRESENT|SENSOR_NOT_RESOLVED_TO_SENTINEL_2_OPTICAL,GUARDRAILS_PRESERVED_SENSOR_FAMILY_RESOLUTION_ONLY
PET_01483,Petropolis,1,requires_manual_sensor_selection,blocked_derived_embedding_without_source_sensor,BLOCKED_DERIVED_EMBEDDING_WITHOUT_SOURCE_SENSOR,DINOV2_EMBEDDING_IS_DERIVED_NOT_ACQUISITION_SENSOR,REJECTED_DERIVED_EMBEDDING_ONLY,asset_ref_25da13e2e858|asset_ref_279c39e71e7b|asset_ref_3d04b967ff85|asset_ref_4100b77f8b94|asset_ref_71393304829d|asset_ref_9ad78980f11f|asset_ref_b0f66d0ab03f|asset_ref_bd0f2ca62f79|asset_ref_d714f373def2|asset_ref_dde8279a248d,dinov2_embedding|patch_manifest|unknown,false,false,true,true,false,false,PREVIOUS_METADATA_BLOCKER_PRESENT|SENSOR_NOT_RESOLVED_TO_SENTINEL_2_OPTICAL,GUARDRAILS_PRESERVED_SENSOR_FAMILY_RESOLUTION_ONLY
PET_01483,Petropolis,2,requires_manual_sensor_selection,blocked_derived_embedding_without_source_sensor,BLOCKED_DERIVED_EMBEDDING_WITHOUT_SOURCE_SENSOR,DINOV2_EMBEDDING_IS_DERIVED_NOT_ACQUISITION_SENSOR,REJECTED_DERIVED_EMBEDDING_ONLY,asset_ref_25da13e2e858|asset_ref_279c39e71e7b|asset_ref_3d04b967ff85|asset_ref_4100b77f8b94|asset_ref_71393304829d|asset_ref_9ad78980f11f|asset_ref_b0f66d0ab03f|asset_ref_bd0f2ca62f79|asset_ref_d714f373def2|asset_ref_dde8279a248d,dinov2_embedding|patch_manifest|unknown,false,false,true,true,false,false,PREVIOUS_METADATA_BLOCKER_PRESENT|SENSOR_NOT_RESOLVED_TO_SENTINEL_2_OPTICAL,GUARDRAILS_PRESERVED_SENSOR_FAMILY_RESOLUTION_ONLY
PET_01488,Petropolis,1,requires_manual_sensor_selection,blocked_derived_embedding_without_source_sensor,BLOCKED_DERIVED_EMBEDDING_WITHOUT_SOURCE_SENSOR,DINOV2_EMBEDDING_IS_DERIVED_NOT_ACQUISITION_SENSOR,REJECTED_DERIVED_EMBEDDING_ONLY,asset_ref_000ce4c48d38|asset_ref_08d7a697e652|asset_ref_0c7e0422442d|asset_ref_59b31e54becb|asset_ref_8bb80b3679b5|asset_ref_8bf1a134bf39|asset_ref_92247053bdeb|asset_ref_a6551c0fb900|asset_ref_e67b771ed519|asset_ref_f37a398258b8,dinov2_embedding|patch_manifest|unknown,false,false,true,true,false,false,PREVIOUS_METADATA_BLOCKER_PRESENT|SENSOR_NOT_RESOLVED_TO_SENTINEL_2_OPTICAL,GUARDRAILS_PRESERVED_SENSOR_FAMILY_RESOLUTION_ONLY
PET_01488,Petropolis,2,requires_manual_sensor_selection,blocked_derived_embedding_without_source_sensor,BLOCKED_DERIVED_EMBEDDING_WITHOUT_SOURCE_SENSOR,DINOV2_EMBEDDING_IS_DERIVED_NOT_ACQUISITION_SENSOR,REJECTED_DERIVED_EMBEDDING_ONLY,asset_ref_000ce4c48d38|asset_ref_08d7a697e652|asset_ref_0c7e0422442d|asset_ref_59b31e54becb|asset_ref_8bb80b3679b5|asset_ref_8bf1a134bf39|asset_ref_92247053bdeb|asset_ref_a6551c0fb900|asset_ref_e67b771ed519|asset_ref_f37a398258b8,dinov2_embedding|patch_manifest|unknown,false,false,true,true,false,false,PREVIOUS_METADATA_BLOCKER_PRESENT|SENSOR_NOT_RESOLVED_TO_SENTINEL_2_OPTICAL,GUARDRAILS_PRESERVED_SENSOR_FAMILY_RESOLUTION_ONLY
PET_01495,Petropolis,1,requires_manual_sensor_selection,blocked_derived_embedding_without_source_sensor,BLOCKED_DERIVED_EMBEDDING_WITHOUT_SOURCE_SENSOR,DINOV2_EMBEDDING_IS_DERIVED_NOT_ACQUISITION_SENSOR,REJECTED_DERIVED_EMBEDDING_ONLY,asset_ref_0178fb39e272|asset_ref_109d54546c91|asset_ref_2e072cf39f83|asset_ref_708509c6d6a3|asset_ref_8f55097ee0a8|asset_ref_90ec9fd9ae8d|asset_ref_9fd65ee9769b|asset_ref_aeaa59dce20d|asset_ref_b30982d657ec|asset_ref_d3b4e8cbe0a0,dinov2_embedding|patch_manifest|unknown,false,false,true,true,false,false,PREVIOUS_METADATA_BLOCKER_PRESENT|SENSOR_NOT_RESOLVED_TO_SENTINEL_2_OPTICAL,GUARDRAILS_PRESERVED_SENSOR_FAMILY_RESOLUTION_ONLY
PET_01495,Petropolis,2,requires_manual_sensor_selection,blocked_derived_embedding_without_source_sensor,BLOCKED_DERIVED_EMBEDDING_WITHOUT_SOURCE_SENSOR,DINOV2_EMBEDDING_IS_DERIVED_NOT_ACQUISITION_SENSOR,REJECTED_DERIVED_EMBEDDING_ONLY,asset_ref_0178fb39e272|asset_ref_109d54546c91|asset_ref_2e072cf39f83|asset_ref_708509c6d6a3|asset_ref_8f55097ee0a8|asset_ref_90ec9fd9ae8d|asset_ref_9fd65ee9769b|asset_ref_aeaa59dce20d|asset_ref_b30982d657ec|asset_ref_d3b4e8cbe0a0,dinov2_embedding|patch_manifest|unknown,false,false,true,true,false,false,PREVIOUS_METADATA_BLOCKER_PRESENT|SENSOR_NOT_RESOLVED_TO_SENTINEL_2_OPTICAL,GUARDRAILS_PRESERVED_SENSOR_FAMILY_RESOLUTION_ONLY
PET_02,Petropolis,1,requires_manual_sensor_selection,blocked_unknown_asset_type,BLOCKED_UNKNOWN_ASSET_TYPE,ONLY_UNKNOWN_OR_UNUSABLE_ASSET_TYPE_AVAILABLE,REJECTED_UNKNOWN_ASSET_TYPE,asset_ref_67572d087f22|asset_ref_73cdb7d5d2cb|asset_ref_a49b253e4d43,patch_manifest|unknown,false,false,false,true,false,false,METADATA_REPAIR_REQUIRED_BEFORE_REQUEST|PREVIOUS_METADATA_BLOCKER_PRESENT|SENSOR_NOT_RESOLVED_TO_SENTINEL_2_OPTICAL|REQUIREMENT_ALREADY_BLOCKED,GUARDRAILS_PRESERVED_SENSOR_FAMILY_RESOLUTION_ONLY
PET_02,Petropolis,2,requires_manual_sensor_selection,blocked_unknown_asset_type,BLOCKED_UNKNOWN_ASSET_TYPE,ONLY_UNKNOWN_OR_UNUSABLE_ASSET_TYPE_AVAILABLE,REJECTED_UNKNOWN_ASSET_TYPE,asset_ref_67572d087f22|asset_ref_73cdb7d5d2cb|asset_ref_a49b253e4d43,patch_manifest|unknown,false,false,false,true,false,false,METADATA_REPAIR_REQUIRED_BEFORE_REQUEST|PREVIOUS_METADATA_BLOCKER_PRESENT|SENSOR_NOT_RESOLVED_TO_SENTINEL_2_OPTICAL|REQUIREMENT_ALREADY_BLOCKED,GUARDRAILS_PRESERVED_SENSOR_FAMILY_RESOLUTION_ONLY
PET_02,Petropolis,3,requires_manual_sensor_selection,blocked_unknown_asset_type,BLOCKED_UNKNOWN_ASSET_TYPE,ONLY_UNKNOWN_OR_UNUSABLE_ASSET_TYPE_AVAILABLE,REJECTED_UNKNOWN_ASSET_TYPE,asset_ref_67572d087f22|asset_ref_73cdb7d5d2cb|asset_ref_a49b253e4d43,patch_manifest|unknown,false,false,false,true,false,false,METADATA_REPAIR_REQUIRED_BEFORE_REQUEST|PREVIOUS_METADATA_BLOCKER_PRESENT|SENSOR_NOT_RESOLVED_TO_SENTINEL_2_OPTICAL|REQUIREMENT_ALREADY_BLOCKED,GUARDRAILS_PRESERVED_SENSOR_FAMILY_RESOLUTION_ONLY
PET_03,Petropolis,1,requires_manual_sensor_selection,blocked_unknown_asset_type,BLOCKED_UNKNOWN_ASSET_TYPE,ONLY_UNKNOWN_OR_UNUSABLE_ASSET_TYPE_AVAILABLE,REJECTED_UNKNOWN_ASSET_TYPE,asset_ref_52947df46b90|asset_ref_574e44837d0d|asset_ref_79d257b42b15,patch_manifest|unknown,false,false,false,true,false,false,METADATA_REPAIR_REQUIRED_BEFORE_REQUEST|PREVIOUS_METADATA_BLOCKER_PRESENT|SENSOR_NOT_RESOLVED_TO_SENTINEL_2_OPTICAL|REQUIREMENT_ALREADY_BLOCKED,GUARDRAILS_PRESERVED_SENSOR_FAMILY_RESOLUTION_ONLY
PET_03,Petropolis,2,requires_manual_sensor_selection,blocked_unknown_asset_type,BLOCKED_UNKNOWN_ASSET_TYPE,ONLY_UNKNOWN_OR_UNUSABLE_ASSET_TYPE_AVAILABLE,REJECTED_UNKNOWN_ASSET_TYPE,asset_ref_52947df46b90|asset_ref_574e44837d0d|asset_ref_79d257b42b15,patch_manifest|unknown,false,false,false,true,false,false,METADATA_REPAIR_REQUIRED_BEFORE_REQUEST|PREVIOUS_METADATA_BLOCKER_PRESENT|SENSOR_NOT_RESOLVED_TO_SENTINEL_2_OPTICAL|REQUIREMENT_ALREADY_BLOCKED,GUARDRAILS_PRESERVED_SENSOR_FAMILY_RESOLUTION_ONLY
PET_03,Petropolis,3,requires_manual_sensor_selection,blocked_unknown_asset_type,BLOCKED_UNKNOWN_ASSET_TYPE,ONLY_UNKNOWN_OR_UNUSABLE_ASSET_TYPE_AVAILABLE,REJECTED_UNKNOWN_ASSET_TYPE,asset_ref_52947df46b90|asset_ref_574e44837d0d|asset_ref_79d257b42b15,patch_manifest|unknown,false,false,false,true,false,false,METADATA_REPAIR_REQUIRED_BEFORE_REQUEST|PREVIOUS_METADATA_BLOCKER_PRESENT|SENSOR_NOT_RESOLVED_TO_SENTINEL_2_OPTICAL|REQUIREMENT_ALREADY_BLOCKED,GUARDRAILS_PRESERVED_SENSOR_FAMILY_RESOLUTION_ONLY
PET_04,Petropolis,1,requires_manual_sensor_selection,blocked_unknown_asset_type,BLOCKED_UNKNOWN_ASSET_TYPE,ONLY_UNKNOWN_OR_UNUSABLE_ASSET_TYPE_AVAILABLE,REJECTED_UNKNOWN_ASSET_TYPE,asset_ref_327c32d51a63,unknown,false,false,false,true,false,false,METADATA_REPAIR_REQUIRED_BEFORE_REQUEST|PREVIOUS_METADATA_BLOCKER_PRESENT|SENSOR_NOT_RESOLVED_TO_SENTINEL_2_OPTICAL|REQUIREMENT_ALREADY_BLOCKED,GUARDRAILS_PRESERVED_SENSOR_FAMILY_RESOLUTION_ONLY
PET_04,Petropolis,2,requires_manual_sensor_selection,blocked_unknown_asset_type,BLOCKED_UNKNOWN_ASSET_TYPE,ONLY_UNKNOWN_OR_UNUSABLE_ASSET_TYPE_AVAILABLE,REJECTED_UNKNOWN_ASSET_TYPE,asset_ref_327c32d51a63,unknown,false,false,false,true,false,false,METADATA_REPAIR_REQUIRED_BEFORE_REQUEST|PREVIOUS_METADATA_BLOCKER_PRESENT|SENSOR_NOT_RESOLVED_TO_SENTINEL_2_OPTICAL|REQUIREMENT_ALREADY_BLOCKED,GUARDRAILS_PRESERVED_SENSOR_FAMILY_RESOLUTION_ONLY
PET_04,Petropolis,3,requires_manual_sensor_selection,blocked_unknown_asset_type,BLOCKED_UNKNOWN_ASSET_TYPE,ONLY_UNKNOWN_OR_UNUSABLE_ASSET_TYPE_AVAILABLE,REJECTED_UNKNOWN_ASSET_TYPE,asset_ref_327c32d51a63,unknown,false,false,false,true,false,false,METADATA_REPAIR_REQUIRED_BEFORE_REQUEST|PREVIOUS_METADATA_BLOCKER_PRESENT|SENSOR_NOT_RESOLVED_TO_SENTINEL_2_OPTICAL|REQUIREMENT_ALREADY_BLOCKED,GUARDRAILS_PRESERVED_SENSOR_FAMILY_RESOLUTION_ONLY
PET_05,Petropolis,1,requires_manual_sensor_selection,blocked_unknown_asset_type,BLOCKED_UNKNOWN_ASSET_TYPE,ONLY_UNKNOWN_OR_UNUSABLE_ASSET_TYPE_AVAILABLE,REJECTED_UNKNOWN_ASSET_TYPE,asset_ref_682b2fac9438,unknown,false,false,false,true,false,false,METADATA_REPAIR_REQUIRED_BEFORE_REQUEST|PREVIOUS_METADATA_BLOCKER_PRESENT|SENSOR_NOT_RESOLVED_TO_SENTINEL_2_OPTICAL|REQUIREMENT_ALREADY_BLOCKED,GUARDRAILS_PRESERVED_SENSOR_FAMILY_RESOLUTION_ONLY
PET_05,Petropolis,2,requires_manual_sensor_selection,blocked_unknown_asset_type,BLOCKED_UNKNOWN_ASSET_TYPE,ONLY_UNKNOWN_OR_UNUSABLE_ASSET_TYPE_AVAILABLE,REJECTED_UNKNOWN_ASSET_TYPE,asset_ref_682b2fac9438,unknown,false,false,false,true,false,false,METADATA_REPAIR_REQUIRED_BEFORE_REQUEST|PREVIOUS_METADATA_BLOCKER_PRESENT|SENSOR_NOT_RESOLVED_TO_SENTINEL_2_OPTICAL|REQUIREMENT_ALREADY_BLOCKED,GUARDRAILS_PRESERVED_SENSOR_FAMILY_RESOLUTION_ONLY
PET_05,Petropolis,3,requires_manual_sensor_selection,blocked_unknown_asset_type,BLOCKED_UNKNOWN_ASSET_TYPE,ONLY_UNKNOWN_OR_UNUSABLE_ASSET_TYPE_AVAILABLE,REJECTED_UNKNOWN_ASSET_TYPE,asset_ref_682b2fac9438,unknown,false,false,false,true,false,false,METADATA_REPAIR_REQUIRED_BEFORE_REQUEST|PREVIOUS_METADATA_BLOCKER_PRESENT|SENSOR_NOT_RESOLVED_TO_SENTINEL_2_OPTICAL|REQUIREMENT_ALREADY_BLOCKED,GUARDRAILS_PRESERVED_SENSOR_FAMILY_RESOLUTION_ONLY
PET_06,Petropolis,1,requires_manual_sensor_selection,blocked_unknown_asset_type,BLOCKED_UNKNOWN_ASSET_TYPE,ONLY_UNKNOWN_OR_UNUSABLE_ASSET_TYPE_AVAILABLE,REJECTED_UNKNOWN_ASSET_TYPE,asset_ref_abaffbefebf8|asset_ref_bc17fb77e8a7|asset_ref_e9ee73fe646d,patch_manifest|unknown,false,false,false,true,false,false,METADATA_REPAIR_REQUIRED_BEFORE_REQUEST|PREVIOUS_METADATA_BLOCKER_PRESENT|SENSOR_NOT_RESOLVED_TO_SENTINEL_2_OPTICAL|REQUIREMENT_ALREADY_BLOCKED,GUARDRAILS_PRESERVED_SENSOR_FAMILY_RESOLUTION_ONLY
PET_06,Petropolis,2,requires_manual_sensor_selection,blocked_unknown_asset_type,BLOCKED_UNKNOWN_ASSET_TYPE,ONLY_UNKNOWN_OR_UNUSABLE_ASSET_TYPE_AVAILABLE,REJECTED_UNKNOWN_ASSET_TYPE,asset_ref_abaffbefebf8|asset_ref_bc17fb77e8a7|asset_ref_e9ee73fe646d,patch_manifest|unknown,false,false,false,true,false,false,METADATA_REPAIR_REQUIRED_BEFORE_REQUEST|PREVIOUS_METADATA_BLOCKER_PRESENT|SENSOR_NOT_RESOLVED_TO_SENTINEL_2_OPTICAL|REQUIREMENT_ALREADY_BLOCKED,GUARDRAILS_PRESERVED_SENSOR_FAMILY_RESOLUTION_ONLY
PET_06,Petropolis,3,requires_manual_sensor_selection,blocked_unknown_asset_type,BLOCKED_UNKNOWN_ASSET_TYPE,ONLY_UNKNOWN_OR_UNUSABLE_ASSET_TYPE_AVAILABLE,REJECTED_UNKNOWN_ASSET_TYPE,asset_ref_abaffbefebf8|asset_ref_bc17fb77e8a7|asset_ref_e9ee73fe646d,patch_manifest|unknown,false,false,false,true,false,false,METADATA_REPAIR_REQUIRED_BEFORE_REQUEST|PREVIOUS_METADATA_BLOCKER_PRESENT|SENSOR_NOT_RESOLVED_TO_SENTINEL_2_OPTICAL|REQUIREMENT_ALREADY_BLOCKED,GUARDRAILS_PRESERVED_SENSOR_FAMILY_RESOLUTION_ONLY
PET_07,Petropolis,1,requires_manual_sensor_selection,blocked_unknown_asset_type,BLOCKED_UNKNOWN_ASSET_TYPE,ONLY_UNKNOWN_OR_UNUSABLE_ASSET_TYPE_AVAILABLE,REJECTED_UNKNOWN_ASSET_TYPE,asset_ref_4f838bb92626|asset_ref_a4f279750e00|asset_ref_d8a799bc2c81,patch_manifest|unknown,false,false,false,true,false,false,METADATA_REPAIR_REQUIRED_BEFORE_REQUEST|PREVIOUS_METADATA_BLOCKER_PRESENT|SENSOR_NOT_RESOLVED_TO_SENTINEL_2_OPTICAL|REQUIREMENT_ALREADY_BLOCKED,GUARDRAILS_PRESERVED_SENSOR_FAMILY_RESOLUTION_ONLY
PET_07,Petropolis,2,requires_manual_sensor_selection,blocked_unknown_asset_type,BLOCKED_UNKNOWN_ASSET_TYPE,ONLY_UNKNOWN_OR_UNUSABLE_ASSET_TYPE_AVAILABLE,REJECTED_UNKNOWN_ASSET_TYPE,asset_ref_4f838bb92626|asset_ref_a4f279750e00|asset_ref_d8a799bc2c81,patch_manifest|unknown,false,false,false,true,false,false,METADATA_REPAIR_REQUIRED_BEFORE_REQUEST|PREVIOUS_METADATA_BLOCKER_PRESENT|SENSOR_NOT_RESOLVED_TO_SENTINEL_2_OPTICAL|REQUIREMENT_ALREADY_BLOCKED,GUARDRAILS_PRESERVED_SENSOR_FAMILY_RESOLUTION_ONLY
PET_07,Petropolis,3,requires_manual_sensor_selection,blocked_unknown_asset_type,BLOCKED_UNKNOWN_ASSET_TYPE,ONLY_UNKNOWN_OR_UNUSABLE_ASSET_TYPE_AVAILABLE,REJECTED_UNKNOWN_ASSET_TYPE,asset_ref_4f838bb92626|asset_ref_a4f279750e00|asset_ref_d8a799bc2c81,patch_manifest|unknown,false,false,false,true,false,false,METADATA_REPAIR_REQUIRED_BEFORE_REQUEST|PREVIOUS_METADATA_BLOCKER_PRESENT|SENSOR_NOT_RESOLVED_TO_SENTINEL_2_OPTICAL|REQUIREMENT_ALREADY_BLOCKED,GUARDRAILS_PRESERVED_SENSOR_FAMILY_RESOLUTION_ONLY
PET_08,Petropolis,1,requires_manual_sensor_selection,blocked_unknown_asset_type,BLOCKED_UNKNOWN_ASSET_TYPE,ONLY_UNKNOWN_OR_UNUSABLE_ASSET_TYPE_AVAILABLE,REJECTED_UNKNOWN_ASSET_TYPE,asset_ref_58b8aaffbb0b|asset_ref_94ef68851c76|asset_ref_9ed45260a606,patch_manifest|unknown,false,false,false,true,false,false,METADATA_REPAIR_REQUIRED_BEFORE_REQUEST|PREVIOUS_METADATA_BLOCKER_PRESENT|SENSOR_NOT_RESOLVED_TO_SENTINEL_2_OPTICAL|REQUIREMENT_ALREADY_BLOCKED,GUARDRAILS_PRESERVED_SENSOR_FAMILY_RESOLUTION_ONLY
PET_08,Petropolis,2,requires_manual_sensor_selection,blocked_unknown_asset_type,BLOCKED_UNKNOWN_ASSET_TYPE,ONLY_UNKNOWN_OR_UNUSABLE_ASSET_TYPE_AVAILABLE,REJECTED_UNKNOWN_ASSET_TYPE,asset_ref_58b8aaffbb0b|asset_ref_94ef68851c76|asset_ref_9ed45260a606,patch_manifest|unknown,false,false,false,true,false,false,METADATA_REPAIR_REQUIRED_BEFORE_REQUEST|PREVIOUS_METADATA_BLOCKER_PRESENT|SENSOR_NOT_RESOLVED_TO_SENTINEL_2_OPTICAL|REQUIREMENT_ALREADY_BLOCKED,GUARDRAILS_PRESERVED_SENSOR_FAMILY_RESOLUTION_ONLY
PET_08,Petropolis,3,requires_manual_sensor_selection,blocked_unknown_asset_type,BLOCKED_UNKNOWN_ASSET_TYPE,ONLY_UNKNOWN_OR_UNUSABLE_ASSET_TYPE_AVAILABLE,REJECTED_UNKNOWN_ASSET_TYPE,asset_ref_58b8aaffbb0b|asset_ref_94ef68851c76|asset_ref_9ed45260a606,patch_manifest|unknown,false,false,false,true,false,false,METADATA_REPAIR_REQUIRED_BEFORE_REQUEST|PREVIOUS_METADATA_BLOCKER_PRESENT|SENSOR_NOT_RESOLVED_TO_SENTINEL_2_OPTICAL|REQUIREMENT_ALREADY_BLOCKED,GUARDRAILS_PRESERVED_SENSOR_FAMILY_RESOLUTION_ONLY
PET_09,Petropolis,1,requires_manual_sensor_selection,blocked_unknown_asset_type,BLOCKED_UNKNOWN_ASSET_TYPE,ONLY_UNKNOWN_OR_UNUSABLE_ASSET_TYPE_AVAILABLE,REJECTED_UNKNOWN_ASSET_TYPE,asset_ref_4f5dde07ac7f|asset_ref_b6bd9661c204|asset_ref_e84f99631a26,patch_manifest|unknown,false,false,false,true,false,false,METADATA_REPAIR_REQUIRED_BEFORE_REQUEST|PREVIOUS_METADATA_BLOCKER_PRESENT|SENSOR_NOT_RESOLVED_TO_SENTINEL_2_OPTICAL|REQUIREMENT_ALREADY_BLOCKED,GUARDRAILS_PRESERVED_SENSOR_FAMILY_RESOLUTION_ONLY
PET_09,Petropolis,2,requires_manual_sensor_selection,blocked_unknown_asset_type,BLOCKED_UNKNOWN_ASSET_TYPE,ONLY_UNKNOWN_OR_UNUSABLE_ASSET_TYPE_AVAILABLE,REJECTED_UNKNOWN_ASSET_TYPE,asset_ref_4f5dde07ac7f|asset_ref_b6bd9661c204|asset_ref_e84f99631a26,patch_manifest|unknown,false,false,false,true,false,false,METADATA_REPAIR_REQUIRED_BEFORE_REQUEST|PREVIOUS_METADATA_BLOCKER_PRESENT|SENSOR_NOT_RESOLVED_TO_SENTINEL_2_OPTICAL|REQUIREMENT_ALREADY_BLOCKED,GUARDRAILS_PRESERVED_SENSOR_FAMILY_RESOLUTION_ONLY
PET_09,Petropolis,3,requires_manual_sensor_selection,blocked_unknown_asset_type,BLOCKED_UNKNOWN_ASSET_TYPE,ONLY_UNKNOWN_OR_UNUSABLE_ASSET_TYPE_AVAILABLE,REJECTED_UNKNOWN_ASSET_TYPE,asset_ref_4f5dde07ac7f|asset_ref_b6bd9661c204|asset_ref_e84f99631a26,patch_manifest|unknown,false,false,false,true,false,false,METADATA_REPAIR_REQUIRED_BEFORE_REQUEST|PREVIOUS_METADATA_BLOCKER_PRESENT|SENSOR_NOT_RESOLVED_TO_SENTINEL_2_OPTICAL|REQUIREMENT_ALREADY_BLOCKED,GUARDRAILS_PRESERVED_SENSOR_FAMILY_RESOLUTION_ONLY
PET_10,Petropolis,1,requires_manual_sensor_selection,blocked_unknown_asset_type,BLOCKED_UNKNOWN_ASSET_TYPE,ONLY_UNKNOWN_OR_UNUSABLE_ASSET_TYPE_AVAILABLE,REJECTED_UNKNOWN_ASSET_TYPE,asset_ref_82f6b51db265,unknown,false,false,false,true,false,false,METADATA_REPAIR_REQUIRED_BEFORE_REQUEST|PREVIOUS_METADATA_BLOCKER_PRESENT|SENSOR_NOT_RESOLVED_TO_SENTINEL_2_OPTICAL|REQUIREMENT_ALREADY_BLOCKED,GUARDRAILS_PRESERVED_SENSOR_FAMILY_RESOLUTION_ONLY
PET_10,Petropolis,2,requires_manual_sensor_selection,blocked_unknown_asset_type,BLOCKED_UNKNOWN_ASSET_TYPE,ONLY_UNKNOWN_OR_UNUSABLE_ASSET_TYPE_AVAILABLE,REJECTED_UNKNOWN_ASSET_TYPE,asset_ref_82f6b51db265,unknown,false,false,false,true,false,false,METADATA_REPAIR_REQUIRED_BEFORE_REQUEST|PREVIOUS_METADATA_BLOCKER_PRESENT|SENSOR_NOT_RESOLVED_TO_SENTINEL_2_OPTICAL|REQUIREMENT_ALREADY_BLOCKED,GUARDRAILS_PRESERVED_SENSOR_FAMILY_RESOLUTION_ONLY
PET_10,Petropolis,3,requires_manual_sensor_selection,blocked_unknown_asset_type,BLOCKED_UNKNOWN_ASSET_TYPE,ONLY_UNKNOWN_OR_UNUSABLE_ASSET_TYPE_AVAILABLE,REJECTED_UNKNOWN_ASSET_TYPE,asset_ref_82f6b51db265,unknown,false,false,false,true,false,false,METADATA_REPAIR_REQUIRED_BEFORE_REQUEST|PREVIOUS_METADATA_BLOCKER_PRESENT|SENSOR_NOT_RESOLVED_TO_SENTINEL_2_OPTICAL|REQUIREMENT_ALREADY_BLOCKED,GUARDRAILS_PRESERVED_SENSOR_FAMILY_RESOLUTION_ONLY
PET_11,Petropolis,1,requires_manual_sensor_selection,blocked_unknown_asset_type,BLOCKED_UNKNOWN_ASSET_TYPE,ONLY_UNKNOWN_OR_UNUSABLE_ASSET_TYPE_AVAILABLE,REJECTED_UNKNOWN_ASSET_TYPE,asset_ref_164443425206,unknown,false,false,false,true,false,false,METADATA_REPAIR_REQUIRED_BEFORE_REQUEST|PREVIOUS_METADATA_BLOCKER_PRESENT|SENSOR_NOT_RESOLVED_TO_SENTINEL_2_OPTICAL|REQUIREMENT_ALREADY_BLOCKED,GUARDRAILS_PRESERVED_SENSOR_FAMILY_RESOLUTION_ONLY
PET_11,Petropolis,2,requires_manual_sensor_selection,blocked_unknown_asset_type,BLOCKED_UNKNOWN_ASSET_TYPE,ONLY_UNKNOWN_OR_UNUSABLE_ASSET_TYPE_AVAILABLE,REJECTED_UNKNOWN_ASSET_TYPE,asset_ref_164443425206,unknown,false,false,false,true,false,false,METADATA_REPAIR_REQUIRED_BEFORE_REQUEST|PREVIOUS_METADATA_BLOCKER_PRESENT|SENSOR_NOT_RESOLVED_TO_SENTINEL_2_OPTICAL|REQUIREMENT_ALREADY_BLOCKED,GUARDRAILS_PRESERVED_SENSOR_FAMILY_RESOLUTION_ONLY
PET_11,Petropolis,3,requires_manual_sensor_selection,blocked_unknown_asset_type,BLOCKED_UNKNOWN_ASSET_TYPE,ONLY_UNKNOWN_OR_UNUSABLE_ASSET_TYPE_AVAILABLE,REJECTED_UNKNOWN_ASSET_TYPE,asset_ref_164443425206,unknown,false,false,false,true,false,false,METADATA_REPAIR_REQUIRED_BEFORE_REQUEST|PREVIOUS_METADATA_BLOCKER_PRESENT|SENSOR_NOT_RESOLVED_TO_SENTINEL_2_OPTICAL|REQUIREMENT_ALREADY_BLOCKED,GUARDRAILS_PRESERVED_SENSOR_FAMILY_RESOLUTION_ONLY
PET_12,Petropolis,1,requires_manual_sensor_selection,blocked_unknown_asset_type,BLOCKED_UNKNOWN_ASSET_TYPE,ONLY_UNKNOWN_OR_UNUSABLE_ASSET_TYPE_AVAILABLE,REJECTED_UNKNOWN_ASSET_TYPE,asset_ref_0dbe75a8e4e5,unknown,false,false,false,true,false,false,METADATA_REPAIR_REQUIRED_BEFORE_REQUEST|PREVIOUS_METADATA_BLOCKER_PRESENT|SENSOR_NOT_RESOLVED_TO_SENTINEL_2_OPTICAL|REQUIREMENT_ALREADY_BLOCKED,GUARDRAILS_PRESERVED_SENSOR_FAMILY_RESOLUTION_ONLY
PET_12,Petropolis,2,requires_manual_sensor_selection,blocked_unknown_asset_type,BLOCKED_UNKNOWN_ASSET_TYPE,ONLY_UNKNOWN_OR_UNUSABLE_ASSET_TYPE_AVAILABLE,REJECTED_UNKNOWN_ASSET_TYPE,asset_ref_0dbe75a8e4e5,unknown,false,false,false,true,false,false,METADATA_REPAIR_REQUIRED_BEFORE_REQUEST|PREVIOUS_METADATA_BLOCKER_PRESENT|SENSOR_NOT_RESOLVED_TO_SENTINEL_2_OPTICAL|REQUIREMENT_ALREADY_BLOCKED,GUARDRAILS_PRESERVED_SENSOR_FAMILY_RESOLUTION_ONLY
PET_12,Petropolis,3,requires_manual_sensor_selection,blocked_unknown_asset_type,BLOCKED_UNKNOWN_ASSET_TYPE,ONLY_UNKNOWN_OR_UNUSABLE_ASSET_TYPE_AVAILABLE,REJECTED_UNKNOWN_ASSET_TYPE,asset_ref_0dbe75a8e4e5,unknown,false,false,false,true,false,false,METADATA_REPAIR_REQUIRED_BEFORE_REQUEST|PREVIOUS_METADATA_BLOCKER_PRESENT|SENSOR_NOT_RESOLVED_TO_SENTINEL_2_OPTICAL|REQUIREMENT_ALREADY_BLOCKED,GUARDRAILS_PRESERVED_SENSOR_FAMILY_RESOLUTION_ONLY
PET_13,Petropolis,1,requires_manual_sensor_selection,blocked_unknown_asset_type,BLOCKED_UNKNOWN_ASSET_TYPE,ONLY_UNKNOWN_OR_UNUSABLE_ASSET_TYPE_AVAILABLE,REJECTED_UNKNOWN_ASSET_TYPE,asset_ref_7d574b29f4fd,unknown,false,false,false,true,false,false,METADATA_REPAIR_REQUIRED_BEFORE_REQUEST|PREVIOUS_METADATA_BLOCKER_PRESENT|SENSOR_NOT_RESOLVED_TO_SENTINEL_2_OPTICAL|REQUIREMENT_ALREADY_BLOCKED,GUARDRAILS_PRESERVED_SENSOR_FAMILY_RESOLUTION_ONLY
PET_13,Petropolis,2,requires_manual_sensor_selection,blocked_unknown_asset_type,BLOCKED_UNKNOWN_ASSET_TYPE,ONLY_UNKNOWN_OR_UNUSABLE_ASSET_TYPE_AVAILABLE,REJECTED_UNKNOWN_ASSET_TYPE,asset_ref_7d574b29f4fd,unknown,false,false,false,true,false,false,METADATA_REPAIR_REQUIRED_BEFORE_REQUEST|PREVIOUS_METADATA_BLOCKER_PRESENT|SENSOR_NOT_RESOLVED_TO_SENTINEL_2_OPTICAL|REQUIREMENT_ALREADY_BLOCKED,GUARDRAILS_PRESERVED_SENSOR_FAMILY_RESOLUTION_ONLY
PET_13,Petropolis,3,requires_manual_sensor_selection,blocked_unknown_asset_type,BLOCKED_UNKNOWN_ASSET_TYPE,ONLY_UNKNOWN_OR_UNUSABLE_ASSET_TYPE_AVAILABLE,REJECTED_UNKNOWN_ASSET_TYPE,asset_ref_7d574b29f4fd,unknown,false,false,false,true,false,false,METADATA_REPAIR_REQUIRED_BEFORE_REQUEST|PREVIOUS_METADATA_BLOCKER_PRESENT|SENSOR_NOT_RESOLVED_TO_SENTINEL_2_OPTICAL|REQUIREMENT_ALREADY_BLOCKED,GUARDRAILS_PRESERVED_SENSOR_FAMILY_RESOLUTION_ONLY
PET_14,Petropolis,1,requires_manual_sensor_selection,blocked_unknown_asset_type,BLOCKED_UNKNOWN_ASSET_TYPE,ONLY_UNKNOWN_OR_UNUSABLE_ASSET_TYPE_AVAILABLE,REJECTED_UNKNOWN_ASSET_TYPE,asset_ref_23094501bd2c,unknown,false,false,false,true,false,false,METADATA_REPAIR_REQUIRED_BEFORE_REQUEST|PREVIOUS_METADATA_BLOCKER_PRESENT|SENSOR_NOT_RESOLVED_TO_SENTINEL_2_OPTICAL|REQUIREMENT_ALREADY_BLOCKED,GUARDRAILS_PRESERVED_SENSOR_FAMILY_RESOLUTION_ONLY
PET_14,Petropolis,2,requires_manual_sensor_selection,blocked_unknown_asset_type,BLOCKED_UNKNOWN_ASSET_TYPE,ONLY_UNKNOWN_OR_UNUSABLE_ASSET_TYPE_AVAILABLE,REJECTED_UNKNOWN_ASSET_TYPE,asset_ref_23094501bd2c,unknown,false,false,false,true,false,false,METADATA_REPAIR_REQUIRED_BEFORE_REQUEST|PREVIOUS_METADATA_BLOCKER_PRESENT|SENSOR_NOT_RESOLVED_TO_SENTINEL_2_OPTICAL|REQUIREMENT_ALREADY_BLOCKED,GUARDRAILS_PRESERVED_SENSOR_FAMILY_RESOLUTION_ONLY
PET_14,Petropolis,3,requires_manual_sensor_selection,blocked_unknown_asset_type,BLOCKED_UNKNOWN_ASSET_TYPE,ONLY_UNKNOWN_OR_UNUSABLE_ASSET_TYPE_AVAILABLE,REJECTED_UNKNOWN_ASSET_TYPE,asset_ref_23094501bd2c,unknown,false,false,false,true,false,false,METADATA_REPAIR_REQUIRED_BEFORE_REQUEST|PREVIOUS_METADATA_BLOCKER_PRESENT|SENSOR_NOT_RESOLVED_TO_SENTINEL_2_OPTICAL|REQUIREMENT_ALREADY_BLOCKED,GUARDRAILS_PRESERVED_SENSOR_FAMILY_RESOLUTION_ONLY
PET_15,Petropolis,1,requires_manual_sensor_selection,blocked_unknown_asset_type,BLOCKED_UNKNOWN_ASSET_TYPE,ONLY_UNKNOWN_OR_UNUSABLE_ASSET_TYPE_AVAILABLE,REJECTED_UNKNOWN_ASSET_TYPE,asset_ref_95da8048aa04,unknown,false,false,false,true,false,false,METADATA_REPAIR_REQUIRED_BEFORE_REQUEST|PREVIOUS_METADATA_BLOCKER_PRESENT|SENSOR_NOT_RESOLVED_TO_SENTINEL_2_OPTICAL|REQUIREMENT_ALREADY_BLOCKED,GUARDRAILS_PRESERVED_SENSOR_FAMILY_RESOLUTION_ONLY
PET_15,Petropolis,2,requires_manual_sensor_selection,blocked_unknown_asset_type,BLOCKED_UNKNOWN_ASSET_TYPE,ONLY_UNKNOWN_OR_UNUSABLE_ASSET_TYPE_AVAILABLE,REJECTED_UNKNOWN_ASSET_TYPE,asset_ref_95da8048aa04,unknown,false,false,false,true,false,false,METADATA_REPAIR_REQUIRED_BEFORE_REQUEST|PREVIOUS_METADATA_BLOCKER_PRESENT|SENSOR_NOT_RESOLVED_TO_SENTINEL_2_OPTICAL|REQUIREMENT_ALREADY_BLOCKED,GUARDRAILS_PRESERVED_SENSOR_FAMILY_RESOLUTION_ONLY
PET_15,Petropolis,3,requires_manual_sensor_selection,blocked_unknown_asset_type,BLOCKED_UNKNOWN_ASSET_TYPE,ONLY_UNKNOWN_OR_UNUSABLE_ASSET_TYPE_AVAILABLE,REJECTED_UNKNOWN_ASSET_TYPE,asset_ref_95da8048aa04,unknown,false,false,false,true,false,false,METADATA_REPAIR_REQUIRED_BEFORE_REQUEST|PREVIOUS_METADATA_BLOCKER_PRESENT|SENSOR_NOT_RESOLVED_TO_SENTINEL_2_OPTICAL|REQUIREMENT_ALREADY_BLOCKED,GUARDRAILS_PRESERVED_SENSOR_FAMILY_RESOLUTION_ONLY
PET_16,Petropolis,1,requires_manual_sensor_selection,blocked_unknown_asset_type,BLOCKED_UNKNOWN_ASSET_TYPE,ONLY_UNKNOWN_OR_UNUSABLE_ASSET_TYPE_AVAILABLE,REJECTED_UNKNOWN_ASSET_TYPE,asset_ref_dffabc7bb097,unknown,false,false,false,true,false,false,METADATA_REPAIR_REQUIRED_BEFORE_REQUEST|PREVIOUS_METADATA_BLOCKER_PRESENT|SENSOR_NOT_RESOLVED_TO_SENTINEL_2_OPTICAL|REQUIREMENT_ALREADY_BLOCKED,GUARDRAILS_PRESERVED_SENSOR_FAMILY_RESOLUTION_ONLY
PET_16,Petropolis,2,requires_manual_sensor_selection,blocked_unknown_asset_type,BLOCKED_UNKNOWN_ASSET_TYPE,ONLY_UNKNOWN_OR_UNUSABLE_ASSET_TYPE_AVAILABLE,REJECTED_UNKNOWN_ASSET_TYPE,asset_ref_dffabc7bb097,unknown,false,false,false,true,false,false,METADATA_REPAIR_REQUIRED_BEFORE_REQUEST|PREVIOUS_METADATA_BLOCKER_PRESENT|SENSOR_NOT_RESOLVED_TO_SENTINEL_2_OPTICAL|REQUIREMENT_ALREADY_BLOCKED,GUARDRAILS_PRESERVED_SENSOR_FAMILY_RESOLUTION_ONLY
PET_16,Petropolis,3,requires_manual_sensor_selection,blocked_unknown_asset_type,BLOCKED_UNKNOWN_ASSET_TYPE,ONLY_UNKNOWN_OR_UNUSABLE_ASSET_TYPE_AVAILABLE,REJECTED_UNKNOWN_ASSET_TYPE,asset_ref_dffabc7bb097,unknown,false,false,false,true,false,false,METADATA_REPAIR_REQUIRED_BEFORE_REQUEST|PREVIOUS_METADATA_BLOCKER_PRESENT|SENSOR_NOT_RESOLVED_TO_SENTINEL_2_OPTICAL|REQUIREMENT_ALREADY_BLOCKED,GUARDRAILS_PRESERVED_SENSOR_FAMILY_RESOLUTION_ONLY
PET_17,Petropolis,1,requires_manual_sensor_selection,blocked_unknown_asset_type,BLOCKED_UNKNOWN_ASSET_TYPE,ONLY_UNKNOWN_OR_UNUSABLE_ASSET_TYPE_AVAILABLE,REJECTED_UNKNOWN_ASSET_TYPE,asset_ref_eeb8da616c0d,unknown,false,false,false,true,false,false,METADATA_REPAIR_REQUIRED_BEFORE_REQUEST|PREVIOUS_METADATA_BLOCKER_PRESENT|SENSOR_NOT_RESOLVED_TO_SENTINEL_2_OPTICAL|REQUIREMENT_ALREADY_BLOCKED,GUARDRAILS_PRESERVED_SENSOR_FAMILY_RESOLUTION_ONLY
PET_17,Petropolis,2,requires_manual_sensor_selection,blocked_unknown_asset_type,BLOCKED_UNKNOWN_ASSET_TYPE,ONLY_UNKNOWN_OR_UNUSABLE_ASSET_TYPE_AVAILABLE,REJECTED_UNKNOWN_ASSET_TYPE,asset_ref_eeb8da616c0d,unknown,false,false,false,true,false,false,METADATA_REPAIR_REQUIRED_BEFORE_REQUEST|PREVIOUS_METADATA_BLOCKER_PRESENT|SENSOR_NOT_RESOLVED_TO_SENTINEL_2_OPTICAL|REQUIREMENT_ALREADY_BLOCKED,GUARDRAILS_PRESERVED_SENSOR_FAMILY_RESOLUTION_ONLY
PET_17,Petropolis,3,requires_manual_sensor_selection,blocked_unknown_asset_type,BLOCKED_UNKNOWN_ASSET_TYPE,ONLY_UNKNOWN_OR_UNUSABLE_ASSET_TYPE_AVAILABLE,REJECTED_UNKNOWN_ASSET_TYPE,asset_ref_eeb8da616c0d,unknown,false,false,false,true,false,false,METADATA_REPAIR_REQUIRED_BEFORE_REQUEST|PREVIOUS_METADATA_BLOCKER_PRESENT|SENSOR_NOT_RESOLVED_TO_SENTINEL_2_OPTICAL|REQUIREMENT_ALREADY_BLOCKED,GUARDRAILS_PRESERVED_SENSOR_FAMILY_RESOLUTION_ONLY
PET_18,Petropolis,1,requires_manual_sensor_selection,blocked_unknown_asset_type,BLOCKED_UNKNOWN_ASSET_TYPE,ONLY_UNKNOWN_OR_UNUSABLE_ASSET_TYPE_AVAILABLE,REJECTED_UNKNOWN_ASSET_TYPE,asset_ref_0a0ee7089e7a|asset_ref_68d5e2f0c234|asset_ref_9511e990afeb,patch_manifest|unknown,false,false,false,true,false,false,METADATA_REPAIR_REQUIRED_BEFORE_REQUEST|PREVIOUS_METADATA_BLOCKER_PRESENT|SENSOR_NOT_RESOLVED_TO_SENTINEL_2_OPTICAL|REQUIREMENT_ALREADY_BLOCKED,GUARDRAILS_PRESERVED_SENSOR_FAMILY_RESOLUTION_ONLY
PET_18,Petropolis,2,requires_manual_sensor_selection,blocked_unknown_asset_type,BLOCKED_UNKNOWN_ASSET_TYPE,ONLY_UNKNOWN_OR_UNUSABLE_ASSET_TYPE_AVAILABLE,REJECTED_UNKNOWN_ASSET_TYPE,asset_ref_0a0ee7089e7a|asset_ref_68d5e2f0c234|asset_ref_9511e990afeb,patch_manifest|unknown,false,false,false,true,false,false,METADATA_REPAIR_REQUIRED_BEFORE_REQUEST|PREVIOUS_METADATA_BLOCKER_PRESENT|SENSOR_NOT_RESOLVED_TO_SENTINEL_2_OPTICAL|REQUIREMENT_ALREADY_BLOCKED,GUARDRAILS_PRESERVED_SENSOR_FAMILY_RESOLUTION_ONLY
PET_18,Petropolis,3,requires_manual_sensor_selection,blocked_unknown_asset_type,BLOCKED_UNKNOWN_ASSET_TYPE,ONLY_UNKNOWN_OR_UNUSABLE_ASSET_TYPE_AVAILABLE,REJECTED_UNKNOWN_ASSET_TYPE,asset_ref_0a0ee7089e7a|asset_ref_68d5e2f0c234|asset_ref_9511e990afeb,patch_manifest|unknown,false,false,false,true,false,false,METADATA_REPAIR_REQUIRED_BEFORE_REQUEST|PREVIOUS_METADATA_BLOCKER_PRESENT|SENSOR_NOT_RESOLVED_TO_SENTINEL_2_OPTICAL|REQUIREMENT_ALREADY_BLOCKED,GUARDRAILS_PRESERVED_SENSOR_FAMILY_RESOLUTION_ONLY
PET_19,Petropolis,1,requires_manual_sensor_selection,blocked_unknown_asset_type,BLOCKED_UNKNOWN_ASSET_TYPE,ONLY_UNKNOWN_OR_UNUSABLE_ASSET_TYPE_AVAILABLE,REJECTED_UNKNOWN_ASSET_TYPE,asset_ref_01dafc667cd9,unknown,false,false,false,true,false,false,METADATA_REPAIR_REQUIRED_BEFORE_REQUEST|PREVIOUS_METADATA_BLOCKER_PRESENT|SENSOR_NOT_RESOLVED_TO_SENTINEL_2_OPTICAL|REQUIREMENT_ALREADY_BLOCKED,GUARDRAILS_PRESERVED_SENSOR_FAMILY_RESOLUTION_ONLY
PET_19,Petropolis,2,requires_manual_sensor_selection,blocked_unknown_asset_type,BLOCKED_UNKNOWN_ASSET_TYPE,ONLY_UNKNOWN_OR_UNUSABLE_ASSET_TYPE_AVAILABLE,REJECTED_UNKNOWN_ASSET_TYPE,asset_ref_01dafc667cd9,unknown,false,false,false,true,false,false,METADATA_REPAIR_REQUIRED_BEFORE_REQUEST|PREVIOUS_METADATA_BLOCKER_PRESENT|SENSOR_NOT_RESOLVED_TO_SENTINEL_2_OPTICAL|REQUIREMENT_ALREADY_BLOCKED,GUARDRAILS_PRESERVED_SENSOR_FAMILY_RESOLUTION_ONLY
PET_19,Petropolis,3,requires_manual_sensor_selection,blocked_unknown_asset_type,BLOCKED_UNKNOWN_ASSET_TYPE,ONLY_UNKNOWN_OR_UNUSABLE_ASSET_TYPE_AVAILABLE,REJECTED_UNKNOWN_ASSET_TYPE,asset_ref_01dafc667cd9,unknown,false,false,false,true,false,false,METADATA_REPAIR_REQUIRED_BEFORE_REQUEST|PREVIOUS_METADATA_BLOCKER_PRESENT|SENSOR_NOT_RESOLVED_TO_SENTINEL_2_OPTICAL|REQUIREMENT_ALREADY_BLOCKED,GUARDRAILS_PRESERVED_SENSOR_FAMILY_RESOLUTION_ONLY
PET_20,Petropolis,1,requires_manual_sensor_selection,blocked_unknown_asset_type,BLOCKED_UNKNOWN_ASSET_TYPE,ONLY_UNKNOWN_OR_UNUSABLE_ASSET_TYPE_AVAILABLE,REJECTED_UNKNOWN_ASSET_TYPE,asset_ref_380f78358814|asset_ref_8d81e4125652|asset_ref_9f55fca7cd24,patch_manifest|unknown,false,false,false,true,false,false,METADATA_REPAIR_REQUIRED_BEFORE_REQUEST|PREVIOUS_METADATA_BLOCKER_PRESENT|SENSOR_NOT_RESOLVED_TO_SENTINEL_2_OPTICAL|REQUIREMENT_ALREADY_BLOCKED,GUARDRAILS_PRESERVED_SENSOR_FAMILY_RESOLUTION_ONLY
PET_20,Petropolis,2,requires_manual_sensor_selection,blocked_unknown_asset_type,BLOCKED_UNKNOWN_ASSET_TYPE,ONLY_UNKNOWN_OR_UNUSABLE_ASSET_TYPE_AVAILABLE,REJECTED_UNKNOWN_ASSET_TYPE,asset_ref_380f78358814|asset_ref_8d81e4125652|asset_ref_9f55fca7cd24,patch_manifest|unknown,false,false,false,true,false,false,METADATA_REPAIR_REQUIRED_BEFORE_REQUEST|PREVIOUS_METADATA_BLOCKER_PRESENT|SENSOR_NOT_RESOLVED_TO_SENTINEL_2_OPTICAL|REQUIREMENT_ALREADY_BLOCKED,GUARDRAILS_PRESERVED_SENSOR_FAMILY_RESOLUTION_ONLY
PET_20,Petropolis,3,requires_manual_sensor_selection,blocked_unknown_asset_type,BLOCKED_UNKNOWN_ASSET_TYPE,ONLY_UNKNOWN_OR_UNUSABLE_ASSET_TYPE_AVAILABLE,REJECTED_UNKNOWN_ASSET_TYPE,asset_ref_380f78358814|asset_ref_8d81e4125652|asset_ref_9f55fca7cd24,patch_manifest|unknown,false,false,false,true,false,false,METADATA_REPAIR_REQUIRED_BEFORE_REQUEST|PREVIOUS_METADATA_BLOCKER_PRESENT|SENSOR_NOT_RESOLVED_TO_SENTINEL_2_OPTICAL|REQUIREMENT_ALREADY_BLOCKED,GUARDRAILS_PRESERVED_SENSOR_FAMILY_RESOLUTION_ONLY
PET_2022_02_15,Petropolis,1,requires_manual_sensor_selection,blocked_unknown_asset_type,BLOCKED_UNKNOWN_ASSET_TYPE,ONLY_UNKNOWN_OR_UNUSABLE_ASSET_TYPE_AVAILABLE,REJECTED_UNKNOWN_ASSET_TYPE,asset_ref_428326034294,unknown,false,false,false,true,false,false,METADATA_REPAIR_REQUIRED_BEFORE_REQUEST|PREVIOUS_METADATA_BLOCKER_PRESENT|SENSOR_NOT_RESOLVED_TO_SENTINEL_2_OPTICAL|REQUIREMENT_ALREADY_BLOCKED,GUARDRAILS_PRESERVED_SENSOR_FAMILY_RESOLUTION_ONLY
PET_2022_02_15,Petropolis,2,requires_manual_sensor_selection,blocked_unknown_asset_type,BLOCKED_UNKNOWN_ASSET_TYPE,ONLY_UNKNOWN_OR_UNUSABLE_ASSET_TYPE_AVAILABLE,REJECTED_UNKNOWN_ASSET_TYPE,asset_ref_428326034294,unknown,false,false,false,true,false,false,METADATA_REPAIR_REQUIRED_BEFORE_REQUEST|PREVIOUS_METADATA_BLOCKER_PRESENT|SENSOR_NOT_RESOLVED_TO_SENTINEL_2_OPTICAL|REQUIREMENT_ALREADY_BLOCKED,GUARDRAILS_PRESERVED_SENSOR_FAMILY_RESOLUTION_ONLY
PET_2022_02_15,Petropolis,3,requires_manual_sensor_selection,blocked_unknown_asset_type,BLOCKED_UNKNOWN_ASSET_TYPE,ONLY_UNKNOWN_OR_UNUSABLE_ASSET_TYPE_AVAILABLE,REJECTED_UNKNOWN_ASSET_TYPE,asset_ref_428326034294,unknown,false,false,false,true,false,false,METADATA_REPAIR_REQUIRED_BEFORE_REQUEST|PREVIOUS_METADATA_BLOCKER_PRESENT|SENSOR_NOT_RESOLVED_TO_SENTINEL_2_OPTICAL|REQUIREMENT_ALREADY_BLOCKED,GUARDRAILS_PRESERVED_SENSOR_FAMILY_RESOLUTION_ONLY
PET_2022_03_20_21,Petropolis,1,requires_manual_sensor_selection,blocked_unknown_asset_type,BLOCKED_UNKNOWN_ASSET_TYPE,ONLY_UNKNOWN_OR_UNUSABLE_ASSET_TYPE_AVAILABLE,REJECTED_UNKNOWN_ASSET_TYPE,asset_ref_8a88e081c80d,unknown,false,false,false,true,false,false,METADATA_REPAIR_REQUIRED_BEFORE_REQUEST|PREVIOUS_METADATA_BLOCKER_PRESENT|SENSOR_NOT_RESOLVED_TO_SENTINEL_2_OPTICAL|REQUIREMENT_ALREADY_BLOCKED,GUARDRAILS_PRESERVED_SENSOR_FAMILY_RESOLUTION_ONLY
PET_2022_03_20_21,Petropolis,2,requires_manual_sensor_selection,blocked_unknown_asset_type,BLOCKED_UNKNOWN_ASSET_TYPE,ONLY_UNKNOWN_OR_UNUSABLE_ASSET_TYPE_AVAILABLE,REJECTED_UNKNOWN_ASSET_TYPE,asset_ref_8a88e081c80d,unknown,false,false,false,true,false,false,METADATA_REPAIR_REQUIRED_BEFORE_REQUEST|PREVIOUS_METADATA_BLOCKER_PRESENT|SENSOR_NOT_RESOLVED_TO_SENTINEL_2_OPTICAL|REQUIREMENT_ALREADY_BLOCKED,GUARDRAILS_PRESERVED_SENSOR_FAMILY_RESOLUTION_ONLY
PET_2022_03_20_21,Petropolis,3,requires_manual_sensor_selection,blocked_unknown_asset_type,BLOCKED_UNKNOWN_ASSET_TYPE,ONLY_UNKNOWN_OR_UNUSABLE_ASSET_TYPE_AVAILABLE,REJECTED_UNKNOWN_ASSET_TYPE,asset_ref_8a88e081c80d,unknown,false,false,false,true,false,false,METADATA_REPAIR_REQUIRED_BEFORE_REQUEST|PREVIOUS_METADATA_BLOCKER_PRESENT|SENSOR_NOT_RESOLVED_TO_SENTINEL_2_OPTICAL|REQUIREMENT_ALREADY_BLOCKED,GUARDRAILS_PRESERVED_SENSOR_FAMILY_RESOLUTION_ONLY
PET_2024_03_21_28,Petropolis,1,requires_manual_sensor_selection,blocked_unknown_asset_type,BLOCKED_UNKNOWN_ASSET_TYPE,ONLY_UNKNOWN_OR_UNUSABLE_ASSET_TYPE_AVAILABLE,REJECTED_UNKNOWN_ASSET_TYPE,asset_ref_ce13df43f82c,unknown,false,false,false,true,false,false,METADATA_REPAIR_REQUIRED_BEFORE_REQUEST|PREVIOUS_METADATA_BLOCKER_PRESENT|SENSOR_NOT_RESOLVED_TO_SENTINEL_2_OPTICAL|REQUIREMENT_ALREADY_BLOCKED,GUARDRAILS_PRESERVED_SENSOR_FAMILY_RESOLUTION_ONLY
PET_2024_03_21_28,Petropolis,2,requires_manual_sensor_selection,blocked_unknown_asset_type,BLOCKED_UNKNOWN_ASSET_TYPE,ONLY_UNKNOWN_OR_UNUSABLE_ASSET_TYPE_AVAILABLE,REJECTED_UNKNOWN_ASSET_TYPE,asset_ref_ce13df43f82c,unknown,false,false,false,true,false,false,METADATA_REPAIR_REQUIRED_BEFORE_REQUEST|PREVIOUS_METADATA_BLOCKER_PRESENT|SENSOR_NOT_RESOLVED_TO_SENTINEL_2_OPTICAL|REQUIREMENT_ALREADY_BLOCKED,GUARDRAILS_PRESERVED_SENSOR_FAMILY_RESOLUTION_ONLY
PET_2024_03_21_28,Petropolis,3,requires_manual_sensor_selection,blocked_unknown_asset_type,BLOCKED_UNKNOWN_ASSET_TYPE,ONLY_UNKNOWN_OR_UNUSABLE_ASSET_TYPE_AVAILABLE,REJECTED_UNKNOWN_ASSET_TYPE,asset_ref_ce13df43f82c,unknown,false,false,false,true,false,false,METADATA_REPAIR_REQUIRED_BEFORE_REQUEST|PREVIOUS_METADATA_BLOCKER_PRESENT|SENSOR_NOT_RESOLVED_TO_SENTINEL_2_OPTICAL|REQUIREMENT_ALREADY_BLOCKED,GUARDRAILS_PRESERVED_SENSOR_FAMILY_RESOLUTION_ONLY
PET_21,Petropolis,1,requires_manual_sensor_selection,blocked_unknown_asset_type,BLOCKED_UNKNOWN_ASSET_TYPE,ONLY_UNKNOWN_OR_UNUSABLE_ASSET_TYPE_AVAILABLE,REJECTED_UNKNOWN_ASSET_TYPE,asset_ref_ed50fc1bf37c,unknown,false,false,false,true,false,false,METADATA_REPAIR_REQUIRED_BEFORE_REQUEST|PREVIOUS_METADATA_BLOCKER_PRESENT|SENSOR_NOT_RESOLVED_TO_SENTINEL_2_OPTICAL|REQUIREMENT_ALREADY_BLOCKED,GUARDRAILS_PRESERVED_SENSOR_FAMILY_RESOLUTION_ONLY
PET_21,Petropolis,2,requires_manual_sensor_selection,blocked_unknown_asset_type,BLOCKED_UNKNOWN_ASSET_TYPE,ONLY_UNKNOWN_OR_UNUSABLE_ASSET_TYPE_AVAILABLE,REJECTED_UNKNOWN_ASSET_TYPE,asset_ref_ed50fc1bf37c,unknown,false,false,false,true,false,false,METADATA_REPAIR_REQUIRED_BEFORE_REQUEST|PREVIOUS_METADATA_BLOCKER_PRESENT|SENSOR_NOT_RESOLVED_TO_SENTINEL_2_OPTICAL|REQUIREMENT_ALREADY_BLOCKED,GUARDRAILS_PRESERVED_SENSOR_FAMILY_RESOLUTION_ONLY
PET_21,Petropolis,3,requires_manual_sensor_selection,blocked_unknown_asset_type,BLOCKED_UNKNOWN_ASSET_TYPE,ONLY_UNKNOWN_OR_UNUSABLE_ASSET_TYPE_AVAILABLE,REJECTED_UNKNOWN_ASSET_TYPE,asset_ref_ed50fc1bf37c,unknown,false,false,false,true,false,false,METADATA_REPAIR_REQUIRED_BEFORE_REQUEST|PREVIOUS_METADATA_BLOCKER_PRESENT|SENSOR_NOT_RESOLVED_TO_SENTINEL_2_OPTICAL|REQUIREMENT_ALREADY_BLOCKED,GUARDRAILS_PRESERVED_SENSOR_FAMILY_RESOLUTION_ONLY
PET_22,Petropolis,1,requires_manual_sensor_selection,blocked_unknown_asset_type,BLOCKED_UNKNOWN_ASSET_TYPE,ONLY_UNKNOWN_OR_UNUSABLE_ASSET_TYPE_AVAILABLE,REJECTED_UNKNOWN_ASSET_TYPE,asset_ref_3b3aca73392e,unknown,false,false,false,true,false,false,METADATA_REPAIR_REQUIRED_BEFORE_REQUEST|PREVIOUS_METADATA_BLOCKER_PRESENT|SENSOR_NOT_RESOLVED_TO_SENTINEL_2_OPTICAL|REQUIREMENT_ALREADY_BLOCKED,GUARDRAILS_PRESERVED_SENSOR_FAMILY_RESOLUTION_ONLY
PET_22,Petropolis,2,requires_manual_sensor_selection,blocked_unknown_asset_type,BLOCKED_UNKNOWN_ASSET_TYPE,ONLY_UNKNOWN_OR_UNUSABLE_ASSET_TYPE_AVAILABLE,REJECTED_UNKNOWN_ASSET_TYPE,asset_ref_3b3aca73392e,unknown,false,false,false,true,false,false,METADATA_REPAIR_REQUIRED_BEFORE_REQUEST|PREVIOUS_METADATA_BLOCKER_PRESENT|SENSOR_NOT_RESOLVED_TO_SENTINEL_2_OPTICAL|REQUIREMENT_ALREADY_BLOCKED,GUARDRAILS_PRESERVED_SENSOR_FAMILY_RESOLUTION_ONLY
PET_22,Petropolis,3,requires_manual_sensor_selection,blocked_unknown_asset_type,BLOCKED_UNKNOWN_ASSET_TYPE,ONLY_UNKNOWN_OR_UNUSABLE_ASSET_TYPE_AVAILABLE,REJECTED_UNKNOWN_ASSET_TYPE,asset_ref_3b3aca73392e,unknown,false,false,false,true,false,false,METADATA_REPAIR_REQUIRED_BEFORE_REQUEST|PREVIOUS_METADATA_BLOCKER_PRESENT|SENSOR_NOT_RESOLVED_TO_SENTINEL_2_OPTICAL|REQUIREMENT_ALREADY_BLOCKED,GUARDRAILS_PRESERVED_SENSOR_FAMILY_RESOLUTION_ONLY
PET_23,Petropolis,1,requires_manual_sensor_selection,blocked_unknown_asset_type,BLOCKED_UNKNOWN_ASSET_TYPE,ONLY_UNKNOWN_OR_UNUSABLE_ASSET_TYPE_AVAILABLE,REJECTED_UNKNOWN_ASSET_TYPE,asset_ref_2d2430e6133f,unknown,false,false,false,true,false,false,METADATA_REPAIR_REQUIRED_BEFORE_REQUEST|PREVIOUS_METADATA_BLOCKER_PRESENT|SENSOR_NOT_RESOLVED_TO_SENTINEL_2_OPTICAL|REQUIREMENT_ALREADY_BLOCKED,GUARDRAILS_PRESERVED_SENSOR_FAMILY_RESOLUTION_ONLY
PET_23,Petropolis,2,requires_manual_sensor_selection,blocked_unknown_asset_type,BLOCKED_UNKNOWN_ASSET_TYPE,ONLY_UNKNOWN_OR_UNUSABLE_ASSET_TYPE_AVAILABLE,REJECTED_UNKNOWN_ASSET_TYPE,asset_ref_2d2430e6133f,unknown,false,false,false,true,false,false,METADATA_REPAIR_REQUIRED_BEFORE_REQUEST|PREVIOUS_METADATA_BLOCKER_PRESENT|SENSOR_NOT_RESOLVED_TO_SENTINEL_2_OPTICAL|REQUIREMENT_ALREADY_BLOCKED,GUARDRAILS_PRESERVED_SENSOR_FAMILY_RESOLUTION_ONLY
PET_23,Petropolis,3,requires_manual_sensor_selection,blocked_unknown_asset_type,BLOCKED_UNKNOWN_ASSET_TYPE,ONLY_UNKNOWN_OR_UNUSABLE_ASSET_TYPE_AVAILABLE,REJECTED_UNKNOWN_ASSET_TYPE,asset_ref_2d2430e6133f,unknown,false,false,false,true,false,false,METADATA_REPAIR_REQUIRED_BEFORE_REQUEST|PREVIOUS_METADATA_BLOCKER_PRESENT|SENSOR_NOT_RESOLVED_TO_SENTINEL_2_OPTICAL|REQUIREMENT_ALREADY_BLOCKED,GUARDRAILS_PRESERVED_SENSOR_FAMILY_RESOLUTION_ONLY
PET_24,Petropolis,1,requires_manual_sensor_selection,blocked_unknown_asset_type,BLOCKED_UNKNOWN_ASSET_TYPE,ONLY_UNKNOWN_OR_UNUSABLE_ASSET_TYPE_AVAILABLE,REJECTED_UNKNOWN_ASSET_TYPE,asset_ref_e2a355cff36e,unknown,false,false,false,true,false,false,METADATA_REPAIR_REQUIRED_BEFORE_REQUEST|PREVIOUS_METADATA_BLOCKER_PRESENT|SENSOR_NOT_RESOLVED_TO_SENTINEL_2_OPTICAL|REQUIREMENT_ALREADY_BLOCKED,GUARDRAILS_PRESERVED_SENSOR_FAMILY_RESOLUTION_ONLY
PET_24,Petropolis,2,requires_manual_sensor_selection,blocked_unknown_asset_type,BLOCKED_UNKNOWN_ASSET_TYPE,ONLY_UNKNOWN_OR_UNUSABLE_ASSET_TYPE_AVAILABLE,REJECTED_UNKNOWN_ASSET_TYPE,asset_ref_e2a355cff36e,unknown,false,false,false,true,false,false,METADATA_REPAIR_REQUIRED_BEFORE_REQUEST|PREVIOUS_METADATA_BLOCKER_PRESENT|SENSOR_NOT_RESOLVED_TO_SENTINEL_2_OPTICAL|REQUIREMENT_ALREADY_BLOCKED,GUARDRAILS_PRESERVED_SENSOR_FAMILY_RESOLUTION_ONLY
PET_24,Petropolis,3,requires_manual_sensor_selection,blocked_unknown_asset_type,BLOCKED_UNKNOWN_ASSET_TYPE,ONLY_UNKNOWN_OR_UNUSABLE_ASSET_TYPE_AVAILABLE,REJECTED_UNKNOWN_ASSET_TYPE,asset_ref_e2a355cff36e,unknown,false,false,false,true,false,false,METADATA_REPAIR_REQUIRED_BEFORE_REQUEST|PREVIOUS_METADATA_BLOCKER_PRESENT|SENSOR_NOT_RESOLVED_TO_SENTINEL_2_OPTICAL|REQUIREMENT_ALREADY_BLOCKED,GUARDRAILS_PRESERVED_SENSOR_FAMILY_RESOLUTION_ONLY
PET_25,Petropolis,1,requires_manual_sensor_selection,blocked_unknown_asset_type,BLOCKED_UNKNOWN_ASSET_TYPE,ONLY_UNKNOWN_OR_UNUSABLE_ASSET_TYPE_AVAILABLE,REJECTED_UNKNOWN_ASSET_TYPE,asset_ref_11cfe92952f8|asset_ref_39e2f8ff9c15|asset_ref_785894522f11,patch_manifest|unknown,false,false,false,true,false,false,METADATA_REPAIR_REQUIRED_BEFORE_REQUEST|PREVIOUS_METADATA_BLOCKER_PRESENT|SENSOR_NOT_RESOLVED_TO_SENTINEL_2_OPTICAL|REQUIREMENT_ALREADY_BLOCKED,GUARDRAILS_PRESERVED_SENSOR_FAMILY_RESOLUTION_ONLY
PET_25,Petropolis,2,requires_manual_sensor_selection,blocked_unknown_asset_type,BLOCKED_UNKNOWN_ASSET_TYPE,ONLY_UNKNOWN_OR_UNUSABLE_ASSET_TYPE_AVAILABLE,REJECTED_UNKNOWN_ASSET_TYPE,asset_ref_11cfe92952f8|asset_ref_39e2f8ff9c15|asset_ref_785894522f11,patch_manifest|unknown,false,false,false,true,false,false,METADATA_REPAIR_REQUIRED_BEFORE_REQUEST|PREVIOUS_METADATA_BLOCKER_PRESENT|SENSOR_NOT_RESOLVED_TO_SENTINEL_2_OPTICAL|REQUIREMENT_ALREADY_BLOCKED,GUARDRAILS_PRESERVED_SENSOR_FAMILY_RESOLUTION_ONLY
PET_25,Petropolis,3,requires_manual_sensor_selection,blocked_unknown_asset_type,BLOCKED_UNKNOWN_ASSET_TYPE,ONLY_UNKNOWN_OR_UNUSABLE_ASSET_TYPE_AVAILABLE,REJECTED_UNKNOWN_ASSET_TYPE,asset_ref_11cfe92952f8|asset_ref_39e2f8ff9c15|asset_ref_785894522f11,patch_manifest|unknown,false,false,false,true,false,false,METADATA_REPAIR_REQUIRED_BEFORE_REQUEST|PREVIOUS_METADATA_BLOCKER_PRESENT|SENSOR_NOT_RESOLVED_TO_SENTINEL_2_OPTICAL|REQUIREMENT_ALREADY_BLOCKED,GUARDRAILS_PRESERVED_SENSOR_FAMILY_RESOLUTION_ONLY
PET_26,Petropolis,1,requires_manual_sensor_selection,blocked_unknown_asset_type,BLOCKED_UNKNOWN_ASSET_TYPE,ONLY_UNKNOWN_OR_UNUSABLE_ASSET_TYPE_AVAILABLE,REJECTED_UNKNOWN_ASSET_TYPE,asset_ref_410d2af31920|asset_ref_65ce15fdb9af|asset_ref_6b20908325d9,patch_manifest|unknown,false,false,false,true,false,false,METADATA_REPAIR_REQUIRED_BEFORE_REQUEST|PREVIOUS_METADATA_BLOCKER_PRESENT|SENSOR_NOT_RESOLVED_TO_SENTINEL_2_OPTICAL|REQUIREMENT_ALREADY_BLOCKED,GUARDRAILS_PRESERVED_SENSOR_FAMILY_RESOLUTION_ONLY
PET_26,Petropolis,2,requires_manual_sensor_selection,blocked_unknown_asset_type,BLOCKED_UNKNOWN_ASSET_TYPE,ONLY_UNKNOWN_OR_UNUSABLE_ASSET_TYPE_AVAILABLE,REJECTED_UNKNOWN_ASSET_TYPE,asset_ref_410d2af31920|asset_ref_65ce15fdb9af|asset_ref_6b20908325d9,patch_manifest|unknown,false,false,false,true,false,false,METADATA_REPAIR_REQUIRED_BEFORE_REQUEST|PREVIOUS_METADATA_BLOCKER_PRESENT|SENSOR_NOT_RESOLVED_TO_SENTINEL_2_OPTICAL|REQUIREMENT_ALREADY_BLOCKED,GUARDRAILS_PRESERVED_SENSOR_FAMILY_RESOLUTION_ONLY
PET_26,Petropolis,3,requires_manual_sensor_selection,blocked_unknown_asset_type,BLOCKED_UNKNOWN_ASSET_TYPE,ONLY_UNKNOWN_OR_UNUSABLE_ASSET_TYPE_AVAILABLE,REJECTED_UNKNOWN_ASSET_TYPE,asset_ref_410d2af31920|asset_ref_65ce15fdb9af|asset_ref_6b20908325d9,patch_manifest|unknown,false,false,false,true,false,false,METADATA_REPAIR_REQUIRED_BEFORE_REQUEST|PREVIOUS_METADATA_BLOCKER_PRESENT|SENSOR_NOT_RESOLVED_TO_SENTINEL_2_OPTICAL|REQUIREMENT_ALREADY_BLOCKED,GUARDRAILS_PRESERVED_SENSOR_FAMILY_RESOLUTION_ONLY
PET_27,Petropolis,1,requires_manual_sensor_selection,blocked_unknown_asset_type,BLOCKED_UNKNOWN_ASSET_TYPE,ONLY_UNKNOWN_OR_UNUSABLE_ASSET_TYPE_AVAILABLE,REJECTED_UNKNOWN_ASSET_TYPE,asset_ref_21ca1eb20ac3,unknown,false,false,false,true,false,false,METADATA_REPAIR_REQUIRED_BEFORE_REQUEST|PREVIOUS_METADATA_BLOCKER_PRESENT|SENSOR_NOT_RESOLVED_TO_SENTINEL_2_OPTICAL|REQUIREMENT_ALREADY_BLOCKED,GUARDRAILS_PRESERVED_SENSOR_FAMILY_RESOLUTION_ONLY
PET_27,Petropolis,2,requires_manual_sensor_selection,blocked_unknown_asset_type,BLOCKED_UNKNOWN_ASSET_TYPE,ONLY_UNKNOWN_OR_UNUSABLE_ASSET_TYPE_AVAILABLE,REJECTED_UNKNOWN_ASSET_TYPE,asset_ref_21ca1eb20ac3,unknown,false,false,false,true,false,false,METADATA_REPAIR_REQUIRED_BEFORE_REQUEST|PREVIOUS_METADATA_BLOCKER_PRESENT|SENSOR_NOT_RESOLVED_TO_SENTINEL_2_OPTICAL|REQUIREMENT_ALREADY_BLOCKED,GUARDRAILS_PRESERVED_SENSOR_FAMILY_RESOLUTION_ONLY
PET_27,Petropolis,3,requires_manual_sensor_selection,blocked_unknown_asset_type,BLOCKED_UNKNOWN_ASSET_TYPE,ONLY_UNKNOWN_OR_UNUSABLE_ASSET_TYPE_AVAILABLE,REJECTED_UNKNOWN_ASSET_TYPE,asset_ref_21ca1eb20ac3,unknown,false,false,false,true,false,false,METADATA_REPAIR_REQUIRED_BEFORE_REQUEST|PREVIOUS_METADATA_BLOCKER_PRESENT|SENSOR_NOT_RESOLVED_TO_SENTINEL_2_OPTICAL|REQUIREMENT_ALREADY_BLOCKED,GUARDRAILS_PRESERVED_SENSOR_FAMILY_RESOLUTION_ONLY
PET_P001,Petropolis,1,requires_manual_sensor_selection,blocked_unknown_asset_type,BLOCKED_UNKNOWN_ASSET_TYPE,ONLY_UNKNOWN_OR_UNUSABLE_ASSET_TYPE_AVAILABLE,REJECTED_UNKNOWN_ASSET_TYPE,asset_ref_ae6ba3eab505,unknown,false,false,false,true,false,false,METADATA_REPAIR_REQUIRED_BEFORE_REQUEST|PREVIOUS_METADATA_BLOCKER_PRESENT|SENSOR_NOT_RESOLVED_TO_SENTINEL_2_OPTICAL|REQUIREMENT_ALREADY_BLOCKED,GUARDRAILS_PRESERVED_SENSOR_FAMILY_RESOLUTION_ONLY
PET_P001,Petropolis,2,requires_manual_sensor_selection,blocked_unknown_asset_type,BLOCKED_UNKNOWN_ASSET_TYPE,ONLY_UNKNOWN_OR_UNUSABLE_ASSET_TYPE_AVAILABLE,REJECTED_UNKNOWN_ASSET_TYPE,asset_ref_ae6ba3eab505,unknown,false,false,false,true,false,false,METADATA_REPAIR_REQUIRED_BEFORE_REQUEST|PREVIOUS_METADATA_BLOCKER_PRESENT|SENSOR_NOT_RESOLVED_TO_SENTINEL_2_OPTICAL|REQUIREMENT_ALREADY_BLOCKED,GUARDRAILS_PRESERVED_SENSOR_FAMILY_RESOLUTION_ONLY
PET_P001,Petropolis,3,requires_manual_sensor_selection,blocked_unknown_asset_type,BLOCKED_UNKNOWN_ASSET_TYPE,ONLY_UNKNOWN_OR_UNUSABLE_ASSET_TYPE_AVAILABLE,REJECTED_UNKNOWN_ASSET_TYPE,asset_ref_ae6ba3eab505,unknown,false,false,false,true,false,false,METADATA_REPAIR_REQUIRED_BEFORE_REQUEST|PREVIOUS_METADATA_BLOCKER_PRESENT|SENSOR_NOT_RESOLVED_TO_SENTINEL_2_OPTICAL|REQUIREMENT_ALREADY_BLOCKED,GUARDRAILS_PRESERVED_SENSOR_FAMILY_RESOLUTION_ONLY
PET_P002,Petropolis,1,requires_manual_sensor_selection,blocked_unknown_asset_type,BLOCKED_UNKNOWN_ASSET_TYPE,ONLY_UNKNOWN_OR_UNUSABLE_ASSET_TYPE_AVAILABLE,REJECTED_UNKNOWN_ASSET_TYPE,asset_ref_528edc8c3ed1,unknown,false,false,false,true,false,false,METADATA_REPAIR_REQUIRED_BEFORE_REQUEST|PREVIOUS_METADATA_BLOCKER_PRESENT|SENSOR_NOT_RESOLVED_TO_SENTINEL_2_OPTICAL|REQUIREMENT_ALREADY_BLOCKED,GUARDRAILS_PRESERVED_SENSOR_FAMILY_RESOLUTION_ONLY
PET_P002,Petropolis,2,requires_manual_sensor_selection,blocked_unknown_asset_type,BLOCKED_UNKNOWN_ASSET_TYPE,ONLY_UNKNOWN_OR_UNUSABLE_ASSET_TYPE_AVAILABLE,REJECTED_UNKNOWN_ASSET_TYPE,asset_ref_528edc8c3ed1,unknown,false,false,false,true,false,false,METADATA_REPAIR_REQUIRED_BEFORE_REQUEST|PREVIOUS_METADATA_BLOCKER_PRESENT|SENSOR_NOT_RESOLVED_TO_SENTINEL_2_OPTICAL|REQUIREMENT_ALREADY_BLOCKED,GUARDRAILS_PRESERVED_SENSOR_FAMILY_RESOLUTION_ONLY
PET_P002,Petropolis,3,requires_manual_sensor_selection,blocked_unknown_asset_type,BLOCKED_UNKNOWN_ASSET_TYPE,ONLY_UNKNOWN_OR_UNUSABLE_ASSET_TYPE_AVAILABLE,REJECTED_UNKNOWN_ASSET_TYPE,asset_ref_528edc8c3ed1,unknown,false,false,false,true,false,false,METADATA_REPAIR_REQUIRED_BEFORE_REQUEST|PREVIOUS_METADATA_BLOCKER_PRESENT|SENSOR_NOT_RESOLVED_TO_SENTINEL_2_OPTICAL|REQUIREMENT_ALREADY_BLOCKED,GUARDRAILS_PRESERVED_SENSOR_FAMILY_RESOLUTION_ONLY
PET_P003,Petropolis,1,requires_manual_sensor_selection,blocked_unknown_asset_type,BLOCKED_UNKNOWN_ASSET_TYPE,ONLY_UNKNOWN_OR_UNUSABLE_ASSET_TYPE_AVAILABLE,REJECTED_UNKNOWN_ASSET_TYPE,asset_ref_bd76ad18ac2f,unknown,false,false,false,true,false,false,METADATA_REPAIR_REQUIRED_BEFORE_REQUEST|PREVIOUS_METADATA_BLOCKER_PRESENT|SENSOR_NOT_RESOLVED_TO_SENTINEL_2_OPTICAL|REQUIREMENT_ALREADY_BLOCKED,GUARDRAILS_PRESERVED_SENSOR_FAMILY_RESOLUTION_ONLY
PET_P003,Petropolis,2,requires_manual_sensor_selection,blocked_unknown_asset_type,BLOCKED_UNKNOWN_ASSET_TYPE,ONLY_UNKNOWN_OR_UNUSABLE_ASSET_TYPE_AVAILABLE,REJECTED_UNKNOWN_ASSET_TYPE,asset_ref_bd76ad18ac2f,unknown,false,false,false,true,false,false,METADATA_REPAIR_REQUIRED_BEFORE_REQUEST|PREVIOUS_METADATA_BLOCKER_PRESENT|SENSOR_NOT_RESOLVED_TO_SENTINEL_2_OPTICAL|REQUIREMENT_ALREADY_BLOCKED,GUARDRAILS_PRESERVED_SENSOR_FAMILY_RESOLUTION_ONLY
PET_P003,Petropolis,3,requires_manual_sensor_selection,blocked_unknown_asset_type,BLOCKED_UNKNOWN_ASSET_TYPE,ONLY_UNKNOWN_OR_UNUSABLE_ASSET_TYPE_AVAILABLE,REJECTED_UNKNOWN_ASSET_TYPE,asset_ref_bd76ad18ac2f,unknown,false,false,false,true,false,false,METADATA_REPAIR_REQUIRED_BEFORE_REQUEST|PREVIOUS_METADATA_BLOCKER_PRESENT|SENSOR_NOT_RESOLVED_TO_SENTINEL_2_OPTICAL|REQUIREMENT_ALREADY_BLOCKED,GUARDRAILS_PRESERVED_SENSOR_FAMILY_RESOLUTION_ONLY
PET_P004,Petropolis,1,requires_manual_sensor_selection,blocked_unknown_asset_type,BLOCKED_UNKNOWN_ASSET_TYPE,ONLY_UNKNOWN_OR_UNUSABLE_ASSET_TYPE_AVAILABLE,REJECTED_UNKNOWN_ASSET_TYPE,asset_ref_3320106b436c,unknown,false,false,false,true,false,false,METADATA_REPAIR_REQUIRED_BEFORE_REQUEST|PREVIOUS_METADATA_BLOCKER_PRESENT|SENSOR_NOT_RESOLVED_TO_SENTINEL_2_OPTICAL|REQUIREMENT_ALREADY_BLOCKED,GUARDRAILS_PRESERVED_SENSOR_FAMILY_RESOLUTION_ONLY
PET_P004,Petropolis,2,requires_manual_sensor_selection,blocked_unknown_asset_type,BLOCKED_UNKNOWN_ASSET_TYPE,ONLY_UNKNOWN_OR_UNUSABLE_ASSET_TYPE_AVAILABLE,REJECTED_UNKNOWN_ASSET_TYPE,asset_ref_3320106b436c,unknown,false,false,false,true,false,false,METADATA_REPAIR_REQUIRED_BEFORE_REQUEST|PREVIOUS_METADATA_BLOCKER_PRESENT|SENSOR_NOT_RESOLVED_TO_SENTINEL_2_OPTICAL|REQUIREMENT_ALREADY_BLOCKED,GUARDRAILS_PRESERVED_SENSOR_FAMILY_RESOLUTION_ONLY
PET_P004,Petropolis,3,requires_manual_sensor_selection,blocked_unknown_asset_type,BLOCKED_UNKNOWN_ASSET_TYPE,ONLY_UNKNOWN_OR_UNUSABLE_ASSET_TYPE_AVAILABLE,REJECTED_UNKNOWN_ASSET_TYPE,asset_ref_3320106b436c,unknown,false,false,false,true,false,false,METADATA_REPAIR_REQUIRED_BEFORE_REQUEST|PREVIOUS_METADATA_BLOCKER_PRESENT|SENSOR_NOT_RESOLVED_TO_SENTINEL_2_OPTICAL|REQUIREMENT_ALREADY_BLOCKED,GUARDRAILS_PRESERVED_SENSOR_FAMILY_RESOLUTION_ONLY
PET_PACKAGES,Petropolis,1,requires_manual_sensor_selection,blocked_unknown_asset_type,BLOCKED_UNKNOWN_ASSET_TYPE,ONLY_UNKNOWN_OR_UNUSABLE_ASSET_TYPE_AVAILABLE,REJECTED_UNKNOWN_ASSET_TYPE,asset_ref_1cd23b7a160c,unknown,false,false,false,true,false,false,METADATA_REPAIR_REQUIRED_BEFORE_REQUEST|PREVIOUS_METADATA_BLOCKER_PRESENT|SENSOR_NOT_RESOLVED_TO_SENTINEL_2_OPTICAL|REQUIREMENT_ALREADY_BLOCKED,GUARDRAILS_PRESERVED_SENSOR_FAMILY_RESOLUTION_ONLY
PET_PACKAGES,Petropolis,2,requires_manual_sensor_selection,blocked_unknown_asset_type,BLOCKED_UNKNOWN_ASSET_TYPE,ONLY_UNKNOWN_OR_UNUSABLE_ASSET_TYPE_AVAILABLE,REJECTED_UNKNOWN_ASSET_TYPE,asset_ref_1cd23b7a160c,unknown,false,false,false,true,false,false,METADATA_REPAIR_REQUIRED_BEFORE_REQUEST|PREVIOUS_METADATA_BLOCKER_PRESENT|SENSOR_NOT_RESOLVED_TO_SENTINEL_2_OPTICAL|REQUIREMENT_ALREADY_BLOCKED,GUARDRAILS_PRESERVED_SENSOR_FAMILY_RESOLUTION_ONLY
PET_PACKAGES,Petropolis,3,requires_manual_sensor_selection,blocked_unknown_asset_type,BLOCKED_UNKNOWN_ASSET_TYPE,ONLY_UNKNOWN_OR_UNUSABLE_ASSET_TYPE_AVAILABLE,REJECTED_UNKNOWN_ASSET_TYPE,asset_ref_1cd23b7a160c,unknown,false,false,false,true,false,false,METADATA_REPAIR_REQUIRED_BEFORE_REQUEST|PREVIOUS_METADATA_BLOCKER_PRESENT|SENSOR_NOT_RESOLVED_TO_SENTINEL_2_OPTICAL|REQUIREMENT_ALREADY_BLOCKED,GUARDRAILS_PRESERVED_SENSOR_FAMILY_RESOLUTION_ONLY
PKG_v2at_0001,Petropolis,1,requires_manual_sensor_selection,blocked_unknown_asset_type,BLOCKED_UNKNOWN_ASSET_TYPE,ONLY_UNKNOWN_OR_UNUSABLE_ASSET_TYPE_AVAILABLE,REJECTED_UNKNOWN_ASSET_TYPE,asset_ref_614555051758,unknown,false,false,false,true,false,false,METADATA_REPAIR_REQUIRED_BEFORE_REQUEST|PREVIOUS_METADATA_BLOCKER_PRESENT|SENSOR_NOT_RESOLVED_TO_SENTINEL_2_OPTICAL|REQUIREMENT_ALREADY_BLOCKED,GUARDRAILS_PRESERVED_SENSOR_FAMILY_RESOLUTION_ONLY
PKG_v2at_0001,Petropolis,2,requires_manual_sensor_selection,blocked_unknown_asset_type,BLOCKED_UNKNOWN_ASSET_TYPE,ONLY_UNKNOWN_OR_UNUSABLE_ASSET_TYPE_AVAILABLE,REJECTED_UNKNOWN_ASSET_TYPE,asset_ref_614555051758,unknown,false,false,false,true,false,false,METADATA_REPAIR_REQUIRED_BEFORE_REQUEST|PREVIOUS_METADATA_BLOCKER_PRESENT|SENSOR_NOT_RESOLVED_TO_SENTINEL_2_OPTICAL|REQUIREMENT_ALREADY_BLOCKED,GUARDRAILS_PRESERVED_SENSOR_FAMILY_RESOLUTION_ONLY
PKG_v2at_0001,Petropolis,3,requires_manual_sensor_selection,blocked_unknown_asset_type,BLOCKED_UNKNOWN_ASSET_TYPE,ONLY_UNKNOWN_OR_UNUSABLE_ASSET_TYPE_AVAILABLE,REJECTED_UNKNOWN_ASSET_TYPE,asset_ref_614555051758,unknown,false,false,false,true,false,false,METADATA_REPAIR_REQUIRED_BEFORE_REQUEST|PREVIOUS_METADATA_BLOCKER_PRESENT|SENSOR_NOT_RESOLVED_TO_SENTINEL_2_OPTICAL|REQUIREMENT_ALREADY_BLOCKED,GUARDRAILS_PRESERVED_SENSOR_FAMILY_RESOLUTION_ONLY
PKG_v2at_0002,Curitiba,1,requires_manual_sensor_selection,blocked_unknown_asset_type,BLOCKED_UNKNOWN_ASSET_TYPE,ONLY_UNKNOWN_OR_UNUSABLE_ASSET_TYPE_AVAILABLE,REJECTED_UNKNOWN_ASSET_TYPE,asset_ref_50084d16d852,unknown,false,false,false,true,false,false,METADATA_REPAIR_REQUIRED_BEFORE_REQUEST|PREVIOUS_METADATA_BLOCKER_PRESENT|SENSOR_NOT_RESOLVED_TO_SENTINEL_2_OPTICAL|REQUIREMENT_ALREADY_BLOCKED,GUARDRAILS_PRESERVED_SENSOR_FAMILY_RESOLUTION_ONLY
PKG_v2at_0002,Curitiba,2,requires_manual_sensor_selection,blocked_unknown_asset_type,BLOCKED_UNKNOWN_ASSET_TYPE,ONLY_UNKNOWN_OR_UNUSABLE_ASSET_TYPE_AVAILABLE,REJECTED_UNKNOWN_ASSET_TYPE,asset_ref_50084d16d852,unknown,false,false,false,true,false,false,METADATA_REPAIR_REQUIRED_BEFORE_REQUEST|PREVIOUS_METADATA_BLOCKER_PRESENT|SENSOR_NOT_RESOLVED_TO_SENTINEL_2_OPTICAL|REQUIREMENT_ALREADY_BLOCKED,GUARDRAILS_PRESERVED_SENSOR_FAMILY_RESOLUTION_ONLY
PKG_v2at_0002,Curitiba,3,requires_manual_sensor_selection,blocked_unknown_asset_type,BLOCKED_UNKNOWN_ASSET_TYPE,ONLY_UNKNOWN_OR_UNUSABLE_ASSET_TYPE_AVAILABLE,REJECTED_UNKNOWN_ASSET_TYPE,asset_ref_50084d16d852,unknown,false,false,false,true,false,false,METADATA_REPAIR_REQUIRED_BEFORE_REQUEST|PREVIOUS_METADATA_BLOCKER_PRESENT|SENSOR_NOT_RESOLVED_TO_SENTINEL_2_OPTICAL|REQUIREMENT_ALREADY_BLOCKED,GUARDRAILS_PRESERVED_SENSOR_FAMILY_RESOLUTION_ONLY
PKG_v2at_0004,Petropolis,1,requires_manual_sensor_selection,blocked_unknown_asset_type,BLOCKED_UNKNOWN_ASSET_TYPE,ONLY_UNKNOWN_OR_UNUSABLE_ASSET_TYPE_AVAILABLE,REJECTED_UNKNOWN_ASSET_TYPE,asset_ref_b2f96e40ab4b,unknown,false,false,false,true,false,false,METADATA_REPAIR_REQUIRED_BEFORE_REQUEST|PREVIOUS_METADATA_BLOCKER_PRESENT|SENSOR_NOT_RESOLVED_TO_SENTINEL_2_OPTICAL|REQUIREMENT_ALREADY_BLOCKED,GUARDRAILS_PRESERVED_SENSOR_FAMILY_RESOLUTION_ONLY
PKG_v2at_0004,Petropolis,2,requires_manual_sensor_selection,blocked_unknown_asset_type,BLOCKED_UNKNOWN_ASSET_TYPE,ONLY_UNKNOWN_OR_UNUSABLE_ASSET_TYPE_AVAILABLE,REJECTED_UNKNOWN_ASSET_TYPE,asset_ref_b2f96e40ab4b,unknown,false,false,false,true,false,false,METADATA_REPAIR_REQUIRED_BEFORE_REQUEST|PREVIOUS_METADATA_BLOCKER_PRESENT|SENSOR_NOT_RESOLVED_TO_SENTINEL_2_OPTICAL|REQUIREMENT_ALREADY_BLOCKED,GUARDRAILS_PRESERVED_SENSOR_FAMILY_RESOLUTION_ONLY
PKG_v2at_0004,Petropolis,3,requires_manual_sensor_selection,blocked_unknown_asset_type,BLOCKED_UNKNOWN_ASSET_TYPE,ONLY_UNKNOWN_OR_UNUSABLE_ASSET_TYPE_AVAILABLE,REJECTED_UNKNOWN_ASSET_TYPE,asset_ref_b2f96e40ab4b,unknown,false,false,false,true,false,false,METADATA_REPAIR_REQUIRED_BEFORE_REQUEST|PREVIOUS_METADATA_BLOCKER_PRESENT|SENSOR_NOT_RESOLVED_TO_SENTINEL_2_OPTICAL|REQUIREMENT_ALREADY_BLOCKED,GUARDRAILS_PRESERVED_SENSOR_FAMILY_RESOLUTION_ONLY
PKG_v2at_0007,Curitiba,1,requires_manual_sensor_selection,blocked_unknown_asset_type,BLOCKED_UNKNOWN_ASSET_TYPE,ONLY_UNKNOWN_OR_UNUSABLE_ASSET_TYPE_AVAILABLE,REJECTED_UNKNOWN_ASSET_TYPE,asset_ref_6069e1c66d7e,unknown,false,false,false,true,false,false,METADATA_REPAIR_REQUIRED_BEFORE_REQUEST|PREVIOUS_METADATA_BLOCKER_PRESENT|SENSOR_NOT_RESOLVED_TO_SENTINEL_2_OPTICAL|REQUIREMENT_ALREADY_BLOCKED,GUARDRAILS_PRESERVED_SENSOR_FAMILY_RESOLUTION_ONLY
PKG_v2at_0007,Curitiba,2,requires_manual_sensor_selection,blocked_unknown_asset_type,BLOCKED_UNKNOWN_ASSET_TYPE,ONLY_UNKNOWN_OR_UNUSABLE_ASSET_TYPE_AVAILABLE,REJECTED_UNKNOWN_ASSET_TYPE,asset_ref_6069e1c66d7e,unknown,false,false,false,true,false,false,METADATA_REPAIR_REQUIRED_BEFORE_REQUEST|PREVIOUS_METADATA_BLOCKER_PRESENT|SENSOR_NOT_RESOLVED_TO_SENTINEL_2_OPTICAL|REQUIREMENT_ALREADY_BLOCKED,GUARDRAILS_PRESERVED_SENSOR_FAMILY_RESOLUTION_ONLY
PKG_v2at_0007,Curitiba,3,requires_manual_sensor_selection,blocked_unknown_asset_type,BLOCKED_UNKNOWN_ASSET_TYPE,ONLY_UNKNOWN_OR_UNUSABLE_ASSET_TYPE_AVAILABLE,REJECTED_UNKNOWN_ASSET_TYPE,asset_ref_6069e1c66d7e,unknown,false,false,false,true,false,false,METADATA_REPAIR_REQUIRED_BEFORE_REQUEST|PREVIOUS_METADATA_BLOCKER_PRESENT|SENSOR_NOT_RESOLVED_TO_SENTINEL_2_OPTICAL|REQUIREMENT_ALREADY_BLOCKED,GUARDRAILS_PRESERVED_SENSOR_FAMILY_RESOLUTION_ONLY
PKG_v2at_0008,Curitiba,1,requires_manual_sensor_selection,blocked_unknown_asset_type,BLOCKED_UNKNOWN_ASSET_TYPE,ONLY_UNKNOWN_OR_UNUSABLE_ASSET_TYPE_AVAILABLE,REJECTED_UNKNOWN_ASSET_TYPE,asset_ref_2a019c5bc756,unknown,false,false,false,true,false,false,METADATA_REPAIR_REQUIRED_BEFORE_REQUEST|PREVIOUS_METADATA_BLOCKER_PRESENT|SENSOR_NOT_RESOLVED_TO_SENTINEL_2_OPTICAL|REQUIREMENT_ALREADY_BLOCKED,GUARDRAILS_PRESERVED_SENSOR_FAMILY_RESOLUTION_ONLY
PKG_v2at_0008,Curitiba,2,requires_manual_sensor_selection,blocked_unknown_asset_type,BLOCKED_UNKNOWN_ASSET_TYPE,ONLY_UNKNOWN_OR_UNUSABLE_ASSET_TYPE_AVAILABLE,REJECTED_UNKNOWN_ASSET_TYPE,asset_ref_2a019c5bc756,unknown,false,false,false,true,false,false,METADATA_REPAIR_REQUIRED_BEFORE_REQUEST|PREVIOUS_METADATA_BLOCKER_PRESENT|SENSOR_NOT_RESOLVED_TO_SENTINEL_2_OPTICAL|REQUIREMENT_ALREADY_BLOCKED,GUARDRAILS_PRESERVED_SENSOR_FAMILY_RESOLUTION_ONLY
PKG_v2at_0008,Curitiba,3,requires_manual_sensor_selection,blocked_unknown_asset_type,BLOCKED_UNKNOWN_ASSET_TYPE,ONLY_UNKNOWN_OR_UNUSABLE_ASSET_TYPE_AVAILABLE,REJECTED_UNKNOWN_ASSET_TYPE,asset_ref_2a019c5bc756,unknown,false,false,false,true,false,false,METADATA_REPAIR_REQUIRED_BEFORE_REQUEST|PREVIOUS_METADATA_BLOCKER_PRESENT|SENSOR_NOT_RESOLVED_TO_SENTINEL_2_OPTICAL|REQUIREMENT_ALREADY_BLOCKED,GUARDRAILS_PRESERVED_SENSOR_FAMILY_RESOLUTION_ONLY
PKG_v2at_0009,Petropolis,1,requires_manual_sensor_selection,blocked_unknown_asset_type,BLOCKED_UNKNOWN_ASSET_TYPE,ONLY_UNKNOWN_OR_UNUSABLE_ASSET_TYPE_AVAILABLE,REJECTED_UNKNOWN_ASSET_TYPE,asset_ref_4d74f2a67b21,unknown,false,false,false,true,false,false,METADATA_REPAIR_REQUIRED_BEFORE_REQUEST|PREVIOUS_METADATA_BLOCKER_PRESENT|SENSOR_NOT_RESOLVED_TO_SENTINEL_2_OPTICAL|REQUIREMENT_ALREADY_BLOCKED,GUARDRAILS_PRESERVED_SENSOR_FAMILY_RESOLUTION_ONLY
PKG_v2at_0009,Petropolis,2,requires_manual_sensor_selection,blocked_unknown_asset_type,BLOCKED_UNKNOWN_ASSET_TYPE,ONLY_UNKNOWN_OR_UNUSABLE_ASSET_TYPE_AVAILABLE,REJECTED_UNKNOWN_ASSET_TYPE,asset_ref_4d74f2a67b21,unknown,false,false,false,true,false,false,METADATA_REPAIR_REQUIRED_BEFORE_REQUEST|PREVIOUS_METADATA_BLOCKER_PRESENT|SENSOR_NOT_RESOLVED_TO_SENTINEL_2_OPTICAL|REQUIREMENT_ALREADY_BLOCKED,GUARDRAILS_PRESERVED_SENSOR_FAMILY_RESOLUTION_ONLY
PKG_v2at_0009,Petropolis,3,requires_manual_sensor_selection,blocked_unknown_asset_type,BLOCKED_UNKNOWN_ASSET_TYPE,ONLY_UNKNOWN_OR_UNUSABLE_ASSET_TYPE_AVAILABLE,REJECTED_UNKNOWN_ASSET_TYPE,asset_ref_4d74f2a67b21,unknown,false,false,false,true,false,false,METADATA_REPAIR_REQUIRED_BEFORE_REQUEST|PREVIOUS_METADATA_BLOCKER_PRESENT|SENSOR_NOT_RESOLVED_TO_SENTINEL_2_OPTICAL|REQUIREMENT_ALREADY_BLOCKED,GUARDRAILS_PRESERVED_SENSOR_FAMILY_RESOLUTION_ONLY
REC-00019,Recife,1,requires_manual_sensor_selection,blocked_unknown_asset_type,BLOCKED_UNKNOWN_ASSET_TYPE,ONLY_UNKNOWN_OR_UNUSABLE_ASSET_TYPE_AVAILABLE,REJECTED_UNKNOWN_ASSET_TYPE,asset_ref_c425f6e7c8fb,unknown,false,false,false,true,false,false,METADATA_REPAIR_REQUIRED_BEFORE_REQUEST|PREVIOUS_METADATA_BLOCKER_PRESENT|SENSOR_NOT_RESOLVED_TO_SENTINEL_2_OPTICAL|REQUIREMENT_ALREADY_BLOCKED,GUARDRAILS_PRESERVED_SENSOR_FAMILY_RESOLUTION_ONLY
REC-00019,Recife,2,requires_manual_sensor_selection,blocked_unknown_asset_type,BLOCKED_UNKNOWN_ASSET_TYPE,ONLY_UNKNOWN_OR_UNUSABLE_ASSET_TYPE_AVAILABLE,REJECTED_UNKNOWN_ASSET_TYPE,asset_ref_c425f6e7c8fb,unknown,false,false,false,true,false,false,METADATA_REPAIR_REQUIRED_BEFORE_REQUEST|PREVIOUS_METADATA_BLOCKER_PRESENT|SENSOR_NOT_RESOLVED_TO_SENTINEL_2_OPTICAL|REQUIREMENT_ALREADY_BLOCKED,GUARDRAILS_PRESERVED_SENSOR_FAMILY_RESOLUTION_ONLY
REC-00019,Recife,3,requires_manual_sensor_selection,blocked_unknown_asset_type,BLOCKED_UNKNOWN_ASSET_TYPE,ONLY_UNKNOWN_OR_UNUSABLE_ASSET_TYPE_AVAILABLE,REJECTED_UNKNOWN_ASSET_TYPE,asset_ref_c425f6e7c8fb,unknown,false,false,false,true,false,false,METADATA_REPAIR_REQUIRED_BEFORE_REQUEST|PREVIOUS_METADATA_BLOCKER_PRESENT|SENSOR_NOT_RESOLVED_TO_SENTINEL_2_OPTICAL|REQUIREMENT_ALREADY_BLOCKED,GUARDRAILS_PRESERVED_SENSOR_FAMILY_RESOLUTION_ONLY
REC-00183,Recife,1,requires_manual_sensor_selection,blocked_unknown_asset_type,BLOCKED_UNKNOWN_ASSET_TYPE,ONLY_UNKNOWN_OR_UNUSABLE_ASSET_TYPE_AVAILABLE,REJECTED_UNKNOWN_ASSET_TYPE,asset_ref_247615ed6bb7,unknown,false,false,false,true,false,false,METADATA_REPAIR_REQUIRED_BEFORE_REQUEST|PREVIOUS_METADATA_BLOCKER_PRESENT|SENSOR_NOT_RESOLVED_TO_SENTINEL_2_OPTICAL|REQUIREMENT_ALREADY_BLOCKED,GUARDRAILS_PRESERVED_SENSOR_FAMILY_RESOLUTION_ONLY
REC-00183,Recife,2,requires_manual_sensor_selection,blocked_unknown_asset_type,BLOCKED_UNKNOWN_ASSET_TYPE,ONLY_UNKNOWN_OR_UNUSABLE_ASSET_TYPE_AVAILABLE,REJECTED_UNKNOWN_ASSET_TYPE,asset_ref_247615ed6bb7,unknown,false,false,false,true,false,false,METADATA_REPAIR_REQUIRED_BEFORE_REQUEST|PREVIOUS_METADATA_BLOCKER_PRESENT|SENSOR_NOT_RESOLVED_TO_SENTINEL_2_OPTICAL|REQUIREMENT_ALREADY_BLOCKED,GUARDRAILS_PRESERVED_SENSOR_FAMILY_RESOLUTION_ONLY
REC-00183,Recife,3,requires_manual_sensor_selection,blocked_unknown_asset_type,BLOCKED_UNKNOWN_ASSET_TYPE,ONLY_UNKNOWN_OR_UNUSABLE_ASSET_TYPE_AVAILABLE,REJECTED_UNKNOWN_ASSET_TYPE,asset_ref_247615ed6bb7,unknown,false,false,false,true,false,false,METADATA_REPAIR_REQUIRED_BEFORE_REQUEST|PREVIOUS_METADATA_BLOCKER_PRESENT|SENSOR_NOT_RESOLVED_TO_SENTINEL_2_OPTICAL|REQUIREMENT_ALREADY_BLOCKED,GUARDRAILS_PRESERVED_SENSOR_FAMILY_RESOLUTION_ONLY
REC-00205,Recife,1,requires_manual_sensor_selection,blocked_unknown_asset_type,BLOCKED_UNKNOWN_ASSET_TYPE,ONLY_UNKNOWN_OR_UNUSABLE_ASSET_TYPE_AVAILABLE,REJECTED_UNKNOWN_ASSET_TYPE,asset_ref_1b98f051dc11,unknown,false,false,false,true,false,false,METADATA_REPAIR_REQUIRED_BEFORE_REQUEST|PREVIOUS_METADATA_BLOCKER_PRESENT|SENSOR_NOT_RESOLVED_TO_SENTINEL_2_OPTICAL|REQUIREMENT_ALREADY_BLOCKED,GUARDRAILS_PRESERVED_SENSOR_FAMILY_RESOLUTION_ONLY
REC-00205,Recife,2,requires_manual_sensor_selection,blocked_unknown_asset_type,BLOCKED_UNKNOWN_ASSET_TYPE,ONLY_UNKNOWN_OR_UNUSABLE_ASSET_TYPE_AVAILABLE,REJECTED_UNKNOWN_ASSET_TYPE,asset_ref_1b98f051dc11,unknown,false,false,false,true,false,false,METADATA_REPAIR_REQUIRED_BEFORE_REQUEST|PREVIOUS_METADATA_BLOCKER_PRESENT|SENSOR_NOT_RESOLVED_TO_SENTINEL_2_OPTICAL|REQUIREMENT_ALREADY_BLOCKED,GUARDRAILS_PRESERVED_SENSOR_FAMILY_RESOLUTION_ONLY
REC-00205,Recife,3,requires_manual_sensor_selection,blocked_unknown_asset_type,BLOCKED_UNKNOWN_ASSET_TYPE,ONLY_UNKNOWN_OR_UNUSABLE_ASSET_TYPE_AVAILABLE,REJECTED_UNKNOWN_ASSET_TYPE,asset_ref_1b98f051dc11,unknown,false,false,false,true,false,false,METADATA_REPAIR_REQUIRED_BEFORE_REQUEST|PREVIOUS_METADATA_BLOCKER_PRESENT|SENSOR_NOT_RESOLVED_TO_SENTINEL_2_OPTICAL|REQUIREMENT_ALREADY_BLOCKED,GUARDRAILS_PRESERVED_SENSOR_FAMILY_RESOLUTION_ONLY
REC_00019,Recife,1,requires_manual_sensor_selection,blocked_derived_embedding_without_source_sensor,BLOCKED_DERIVED_EMBEDDING_WITHOUT_SOURCE_SENSOR,DINOV2_EMBEDDING_IS_DERIVED_NOT_ACQUISITION_SENSOR,REJECTED_DERIVED_EMBEDDING_ONLY,asset_ref_16d938c746fa|asset_ref_2c4366d9ce1c|asset_ref_563099dd4e0a|asset_ref_638a9088cc6e|asset_ref_755733b553f4|asset_ref_7a9d9233cb0a|asset_ref_826054013fc5|asset_ref_87e6d29fcd02|asset_ref_8d13f0d11803|asset_ref_8e3ae25b3b8c|asset_ref_c2148d19684f|asset_ref_f9df05f8b1b2,dinov2_embedding|patch_manifest|unknown,false,false,true,true,false,false,PREVIOUS_METADATA_BLOCKER_PRESENT|SENSOR_NOT_RESOLVED_TO_SENTINEL_2_OPTICAL,GUARDRAILS_PRESERVED_SENSOR_FAMILY_RESOLUTION_ONLY
REC_00019,Recife,2,requires_manual_sensor_selection,blocked_derived_embedding_without_source_sensor,BLOCKED_DERIVED_EMBEDDING_WITHOUT_SOURCE_SENSOR,DINOV2_EMBEDDING_IS_DERIVED_NOT_ACQUISITION_SENSOR,REJECTED_DERIVED_EMBEDDING_ONLY,asset_ref_16d938c746fa|asset_ref_2c4366d9ce1c|asset_ref_563099dd4e0a|asset_ref_638a9088cc6e|asset_ref_755733b553f4|asset_ref_7a9d9233cb0a|asset_ref_826054013fc5|asset_ref_87e6d29fcd02|asset_ref_8d13f0d11803|asset_ref_8e3ae25b3b8c|asset_ref_c2148d19684f|asset_ref_f9df05f8b1b2,dinov2_embedding|patch_manifest|unknown,false,false,true,true,false,false,PREVIOUS_METADATA_BLOCKER_PRESENT|SENSOR_NOT_RESOLVED_TO_SENTINEL_2_OPTICAL,GUARDRAILS_PRESERVED_SENSOR_FAMILY_RESOLUTION_ONLY
REC_00183,Recife,1,requires_manual_sensor_selection,blocked_derived_embedding_without_source_sensor,BLOCKED_DERIVED_EMBEDDING_WITHOUT_SOURCE_SENSOR,DINOV2_EMBEDDING_IS_DERIVED_NOT_ACQUISITION_SENSOR,REJECTED_DERIVED_EMBEDDING_ONLY,asset_ref_399fd7389800|asset_ref_4a1199650d1b|asset_ref_50ea9b4d5bb4|asset_ref_615085170f54|asset_ref_6cfaec0863c7|asset_ref_75ad15387cca|asset_ref_8714d9ce48ff|asset_ref_940f22750098|asset_ref_a9f2832d8f13|asset_ref_b77f61643bf2|asset_ref_f530631aa04d,dinov2_embedding|patch_manifest|unknown,false,false,true,true,false,false,PREVIOUS_METADATA_BLOCKER_PRESENT|SENSOR_NOT_RESOLVED_TO_SENTINEL_2_OPTICAL,GUARDRAILS_PRESERVED_SENSOR_FAMILY_RESOLUTION_ONLY
REC_00183,Recife,2,requires_manual_sensor_selection,blocked_derived_embedding_without_source_sensor,BLOCKED_DERIVED_EMBEDDING_WITHOUT_SOURCE_SENSOR,DINOV2_EMBEDDING_IS_DERIVED_NOT_ACQUISITION_SENSOR,REJECTED_DERIVED_EMBEDDING_ONLY,asset_ref_399fd7389800|asset_ref_4a1199650d1b|asset_ref_50ea9b4d5bb4|asset_ref_615085170f54|asset_ref_6cfaec0863c7|asset_ref_75ad15387cca|asset_ref_8714d9ce48ff|asset_ref_940f22750098|asset_ref_a9f2832d8f13|asset_ref_b77f61643bf2|asset_ref_f530631aa04d,dinov2_embedding|patch_manifest|unknown,false,false,true,true,false,false,PREVIOUS_METADATA_BLOCKER_PRESENT|SENSOR_NOT_RESOLVED_TO_SENTINEL_2_OPTICAL,GUARDRAILS_PRESERVED_SENSOR_FAMILY_RESOLUTION_ONLY
REC_00204,Recife,1,requires_manual_sensor_selection,blocked_derived_embedding_without_source_sensor,BLOCKED_DERIVED_EMBEDDING_WITHOUT_SOURCE_SENSOR,DINOV2_EMBEDDING_IS_DERIVED_NOT_ACQUISITION_SENSOR,REJECTED_DERIVED_EMBEDDING_ONLY,asset_ref_039054de7c2d|asset_ref_481005cabfb8|asset_ref_53d40c066124|asset_ref_574ba182a708|asset_ref_6472414d9c69|asset_ref_951d033a308c|asset_ref_a8b2c2a17cd5|asset_ref_cf109d978ef0|asset_ref_d2359ff8038b|asset_ref_da50a5737d15|asset_ref_eea79935ddef,dinov2_embedding|patch_manifest|unknown,false,false,true,true,false,false,PREVIOUS_METADATA_BLOCKER_PRESENT|SENSOR_NOT_RESOLVED_TO_SENTINEL_2_OPTICAL,GUARDRAILS_PRESERVED_SENSOR_FAMILY_RESOLUTION_ONLY
REC_00204,Recife,2,requires_manual_sensor_selection,blocked_derived_embedding_without_source_sensor,BLOCKED_DERIVED_EMBEDDING_WITHOUT_SOURCE_SENSOR,DINOV2_EMBEDDING_IS_DERIVED_NOT_ACQUISITION_SENSOR,REJECTED_DERIVED_EMBEDDING_ONLY,asset_ref_039054de7c2d|asset_ref_481005cabfb8|asset_ref_53d40c066124|asset_ref_574ba182a708|asset_ref_6472414d9c69|asset_ref_951d033a308c|asset_ref_a8b2c2a17cd5|asset_ref_cf109d978ef0|asset_ref_d2359ff8038b|asset_ref_da50a5737d15|asset_ref_eea79935ddef,dinov2_embedding|patch_manifest|unknown,false,false,true,true,false,false,PREVIOUS_METADATA_BLOCKER_PRESENT|SENSOR_NOT_RESOLVED_TO_SENTINEL_2_OPTICAL,GUARDRAILS_PRESERVED_SENSOR_FAMILY_RESOLUTION_ONLY
REC_00205,Recife,1,requires_manual_sensor_selection,blocked_derived_embedding_without_source_sensor,BLOCKED_DERIVED_EMBEDDING_WITHOUT_SOURCE_SENSOR,DINOV2_EMBEDDING_IS_DERIVED_NOT_ACQUISITION_SENSOR,REJECTED_DERIVED_EMBEDDING_ONLY,asset_ref_26babf831e08|asset_ref_47d3587ece6d|asset_ref_4dead8d8e6f6|asset_ref_62be59d8cd73|asset_ref_812ac14d56d2|asset_ref_8d3873aeb1e1|asset_ref_be40a6e868aa|asset_ref_be878e91508c|asset_ref_c2f490b08703|asset_ref_cf265f75e816|asset_ref_da7281e8bb36,dinov2_embedding|patch_manifest|unknown,false,false,true,true,false,false,PREVIOUS_METADATA_BLOCKER_PRESENT|SENSOR_NOT_RESOLVED_TO_SENTINEL_2_OPTICAL,GUARDRAILS_PRESERVED_SENSOR_FAMILY_RESOLUTION_ONLY
REC_00205,Recife,2,requires_manual_sensor_selection,blocked_derived_embedding_without_source_sensor,BLOCKED_DERIVED_EMBEDDING_WITHOUT_SOURCE_SENSOR,DINOV2_EMBEDDING_IS_DERIVED_NOT_ACQUISITION_SENSOR,REJECTED_DERIVED_EMBEDDING_ONLY,asset_ref_26babf831e08|asset_ref_47d3587ece6d|asset_ref_4dead8d8e6f6|asset_ref_62be59d8cd73|asset_ref_812ac14d56d2|asset_ref_8d3873aeb1e1|asset_ref_be40a6e868aa|asset_ref_be878e91508c|asset_ref_c2f490b08703|asset_ref_cf265f75e816|asset_ref_da7281e8bb36,dinov2_embedding|patch_manifest|unknown,false,false,true,true,false,false,PREVIOUS_METADATA_BLOCKER_PRESENT|SENSOR_NOT_RESOLVED_TO_SENTINEL_2_OPTICAL,GUARDRAILS_PRESERVED_SENSOR_FAMILY_RESOLUTION_ONLY
REC_00227,Recife,1,requires_manual_sensor_selection,blocked_derived_embedding_without_source_sensor,BLOCKED_DERIVED_EMBEDDING_WITHOUT_SOURCE_SENSOR,DINOV2_EMBEDDING_IS_DERIVED_NOT_ACQUISITION_SENSOR,REJECTED_DERIVED_EMBEDDING_ONLY,asset_ref_0cfc45ae4e7d|asset_ref_23c0430c769f|asset_ref_39ead035ebf1|asset_ref_99e3c6d02114|asset_ref_b934e13469c2|asset_ref_b9ac3e2d4164|asset_ref_ba383f32e28f|asset_ref_bb90262bf88f|asset_ref_c46da19c6e63|asset_ref_cb81bcffb23b|asset_ref_d075413e63b4,dinov2_embedding|patch_manifest|unknown,false,false,true,true,false,false,PREVIOUS_METADATA_BLOCKER_PRESENT|SENSOR_NOT_RESOLVED_TO_SENTINEL_2_OPTICAL,GUARDRAILS_PRESERVED_SENSOR_FAMILY_RESOLUTION_ONLY
REC_00227,Recife,2,requires_manual_sensor_selection,blocked_derived_embedding_without_source_sensor,BLOCKED_DERIVED_EMBEDDING_WITHOUT_SOURCE_SENSOR,DINOV2_EMBEDDING_IS_DERIVED_NOT_ACQUISITION_SENSOR,REJECTED_DERIVED_EMBEDDING_ONLY,asset_ref_0cfc45ae4e7d|asset_ref_23c0430c769f|asset_ref_39ead035ebf1|asset_ref_99e3c6d02114|asset_ref_b934e13469c2|asset_ref_b9ac3e2d4164|asset_ref_ba383f32e28f|asset_ref_bb90262bf88f|asset_ref_c46da19c6e63|asset_ref_cb81bcffb23b|asset_ref_d075413e63b4,dinov2_embedding|patch_manifest|unknown,false,false,true,true,false,false,PREVIOUS_METADATA_BLOCKER_PRESENT|SENSOR_NOT_RESOLVED_TO_SENTINEL_2_OPTICAL,GUARDRAILS_PRESERVED_SENSOR_FAMILY_RESOLUTION_ONLY
REC_00260,Recife,1,requires_manual_sensor_selection,blocked_derived_embedding_without_source_sensor,BLOCKED_DERIVED_EMBEDDING_WITHOUT_SOURCE_SENSOR,DINOV2_EMBEDDING_IS_DERIVED_NOT_ACQUISITION_SENSOR,REJECTED_DERIVED_EMBEDDING_ONLY,asset_ref_0868ef5a0748|asset_ref_0e8cb1b639a8|asset_ref_0f31c9cfb36a|asset_ref_12cc024e8794|asset_ref_291236309755|asset_ref_2aee86036409|asset_ref_31709ae13c0f|asset_ref_794fa0a2b703|asset_ref_b4f22d10e350|asset_ref_b9584c4bdb31|asset_ref_fa8554fa5ad3,dinov2_embedding|patch_manifest|unknown,false,false,true,true,false,false,PREVIOUS_METADATA_BLOCKER_PRESENT|SENSOR_NOT_RESOLVED_TO_SENTINEL_2_OPTICAL,GUARDRAILS_PRESERVED_SENSOR_FAMILY_RESOLUTION_ONLY
REC_00260,Recife,2,requires_manual_sensor_selection,blocked_derived_embedding_without_source_sensor,BLOCKED_DERIVED_EMBEDDING_WITHOUT_SOURCE_SENSOR,DINOV2_EMBEDDING_IS_DERIVED_NOT_ACQUISITION_SENSOR,REJECTED_DERIVED_EMBEDDING_ONLY,asset_ref_0868ef5a0748|asset_ref_0e8cb1b639a8|asset_ref_0f31c9cfb36a|asset_ref_12cc024e8794|asset_ref_291236309755|asset_ref_2aee86036409|asset_ref_31709ae13c0f|asset_ref_794fa0a2b703|asset_ref_b4f22d10e350|asset_ref_b9584c4bdb31|asset_ref_fa8554fa5ad3,dinov2_embedding|patch_manifest|unknown,false,false,true,true,false,false,PREVIOUS_METADATA_BLOCKER_PRESENT|SENSOR_NOT_RESOLVED_TO_SENTINEL_2_OPTICAL,GUARDRAILS_PRESERVED_SENSOR_FAMILY_RESOLUTION_ONLY
REC_00276,Recife,1,requires_manual_sensor_selection,blocked_derived_embedding_without_source_sensor,BLOCKED_DERIVED_EMBEDDING_WITHOUT_SOURCE_SENSOR,DINOV2_EMBEDDING_IS_DERIVED_NOT_ACQUISITION_SENSOR,REJECTED_DERIVED_EMBEDDING_ONLY,asset_ref_0302791b8a0d|asset_ref_29b60c1492a4|asset_ref_397bb7c1ade5|asset_ref_43739ba34504|asset_ref_480236def05b|asset_ref_5768435540e5|asset_ref_708225cafd53|asset_ref_7a00eb8f9fda|asset_ref_7fddf51dbab7|asset_ref_92f4d12ddc60|asset_ref_adbe61a5fc7e,dinov2_embedding|patch_manifest|unknown,false,false,true,true,false,false,PREVIOUS_METADATA_BLOCKER_PRESENT|SENSOR_NOT_RESOLVED_TO_SENTINEL_2_OPTICAL,GUARDRAILS_PRESERVED_SENSOR_FAMILY_RESOLUTION_ONLY
REC_00276,Recife,2,requires_manual_sensor_selection,blocked_derived_embedding_without_source_sensor,BLOCKED_DERIVED_EMBEDDING_WITHOUT_SOURCE_SENSOR,DINOV2_EMBEDDING_IS_DERIVED_NOT_ACQUISITION_SENSOR,REJECTED_DERIVED_EMBEDDING_ONLY,asset_ref_0302791b8a0d|asset_ref_29b60c1492a4|asset_ref_397bb7c1ade5|asset_ref_43739ba34504|asset_ref_480236def05b|asset_ref_5768435540e5|asset_ref_708225cafd53|asset_ref_7a00eb8f9fda|asset_ref_7fddf51dbab7|asset_ref_92f4d12ddc60|asset_ref_adbe61a5fc7e,dinov2_embedding|patch_manifest|unknown,false,false,true,true,false,false,PREVIOUS_METADATA_BLOCKER_PRESENT|SENSOR_NOT_RESOLVED_TO_SENTINEL_2_OPTICAL,GUARDRAILS_PRESERVED_SENSOR_FAMILY_RESOLUTION_ONLY
REC_00279,Recife,1,requires_manual_sensor_selection,blocked_derived_embedding_without_source_sensor,BLOCKED_DERIVED_EMBEDDING_WITHOUT_SOURCE_SENSOR,DINOV2_EMBEDDING_IS_DERIVED_NOT_ACQUISITION_SENSOR,REJECTED_DERIVED_EMBEDDING_ONLY,asset_ref_01011b4fc417|asset_ref_0a49ad6c0882|asset_ref_1fa2996f392b|asset_ref_211f8796d3f9|asset_ref_24fc7c6d0fc3|asset_ref_2ea4c94b3990|asset_ref_391a83c5f9f1|asset_ref_3d047a7ab746|asset_ref_450a2341988e|asset_ref_a82b19dfaf4a|asset_ref_f0f082de2097,dinov2_embedding|patch_manifest|unknown,false,false,true,true,false,false,PREVIOUS_METADATA_BLOCKER_PRESENT|SENSOR_NOT_RESOLVED_TO_SENTINEL_2_OPTICAL,GUARDRAILS_PRESERVED_SENSOR_FAMILY_RESOLUTION_ONLY
REC_00279,Recife,2,requires_manual_sensor_selection,blocked_derived_embedding_without_source_sensor,BLOCKED_DERIVED_EMBEDDING_WITHOUT_SOURCE_SENSOR,DINOV2_EMBEDDING_IS_DERIVED_NOT_ACQUISITION_SENSOR,REJECTED_DERIVED_EMBEDDING_ONLY,asset_ref_01011b4fc417|asset_ref_0a49ad6c0882|asset_ref_1fa2996f392b|asset_ref_211f8796d3f9|asset_ref_24fc7c6d0fc3|asset_ref_2ea4c94b3990|asset_ref_391a83c5f9f1|asset_ref_3d047a7ab746|asset_ref_450a2341988e|asset_ref_a82b19dfaf4a|asset_ref_f0f082de2097,dinov2_embedding|patch_manifest|unknown,false,false,true,true,false,false,PREVIOUS_METADATA_BLOCKER_PRESENT|SENSOR_NOT_RESOLVED_TO_SENTINEL_2_OPTICAL,GUARDRAILS_PRESERVED_SENSOR_FAMILY_RESOLUTION_ONLY
REC_00289,Recife,1,requires_manual_sensor_selection,blocked_derived_embedding_without_source_sensor,BLOCKED_DERIVED_EMBEDDING_WITHOUT_SOURCE_SENSOR,DINOV2_EMBEDDING_IS_DERIVED_NOT_ACQUISITION_SENSOR,REJECTED_DERIVED_EMBEDDING_ONLY,asset_ref_01d4477691b0|asset_ref_23a349b7fb0f|asset_ref_303f105b6ccb|asset_ref_5120f1da3e7e|asset_ref_725ed5c2c3ff|asset_ref_94def2b33e7d|asset_ref_9c3fefeb840d|asset_ref_b2cf51f7c84b|asset_ref_d0727ac04296|asset_ref_d4d1b08ac912|asset_ref_e82f85644876,dinov2_embedding|patch_manifest|unknown,false,false,true,true,false,false,PREVIOUS_METADATA_BLOCKER_PRESENT|SENSOR_NOT_RESOLVED_TO_SENTINEL_2_OPTICAL,GUARDRAILS_PRESERVED_SENSOR_FAMILY_RESOLUTION_ONLY
REC_00289,Recife,2,requires_manual_sensor_selection,blocked_derived_embedding_without_source_sensor,BLOCKED_DERIVED_EMBEDDING_WITHOUT_SOURCE_SENSOR,DINOV2_EMBEDDING_IS_DERIVED_NOT_ACQUISITION_SENSOR,REJECTED_DERIVED_EMBEDDING_ONLY,asset_ref_01d4477691b0|asset_ref_23a349b7fb0f|asset_ref_303f105b6ccb|asset_ref_5120f1da3e7e|asset_ref_725ed5c2c3ff|asset_ref_94def2b33e7d|asset_ref_9c3fefeb840d|asset_ref_b2cf51f7c84b|asset_ref_d0727ac04296|asset_ref_d4d1b08ac912|asset_ref_e82f85644876,dinov2_embedding|patch_manifest|unknown,false,false,true,true,false,false,PREVIOUS_METADATA_BLOCKER_PRESENT|SENSOR_NOT_RESOLVED_TO_SENTINEL_2_OPTICAL,GUARDRAILS_PRESERVED_SENSOR_FAMILY_RESOLUTION_ONLY
REC_00290,Recife,1,requires_manual_sensor_selection,blocked_derived_embedding_without_source_sensor,BLOCKED_DERIVED_EMBEDDING_WITHOUT_SOURCE_SENSOR,DINOV2_EMBEDDING_IS_DERIVED_NOT_ACQUISITION_SENSOR,REJECTED_DERIVED_EMBEDDING_ONLY,asset_ref_076c2dbe3d3d|asset_ref_16ad963c369b|asset_ref_2c8ba640aad4|asset_ref_6daffcb1d87a|asset_ref_6f472b81e64e|asset_ref_98b4cef6c9d8|asset_ref_aa1afd6d4555|asset_ref_b17204e670c2|asset_ref_b3970d4ca841|asset_ref_bb65e364f08b|asset_ref_e368217b93c9,dinov2_embedding|patch_manifest|unknown,false,false,true,true,false,false,PREVIOUS_METADATA_BLOCKER_PRESENT|SENSOR_NOT_RESOLVED_TO_SENTINEL_2_OPTICAL,GUARDRAILS_PRESERVED_SENSOR_FAMILY_RESOLUTION_ONLY
REC_00290,Recife,2,requires_manual_sensor_selection,blocked_derived_embedding_without_source_sensor,BLOCKED_DERIVED_EMBEDDING_WITHOUT_SOURCE_SENSOR,DINOV2_EMBEDDING_IS_DERIVED_NOT_ACQUISITION_SENSOR,REJECTED_DERIVED_EMBEDDING_ONLY,asset_ref_076c2dbe3d3d|asset_ref_16ad963c369b|asset_ref_2c8ba640aad4|asset_ref_6daffcb1d87a|asset_ref_6f472b81e64e|asset_ref_98b4cef6c9d8|asset_ref_aa1afd6d4555|asset_ref_b17204e670c2|asset_ref_b3970d4ca841|asset_ref_bb65e364f08b|asset_ref_e368217b93c9,dinov2_embedding|patch_manifest|unknown,false,false,true,true,false,false,PREVIOUS_METADATA_BLOCKER_PRESENT|SENSOR_NOT_RESOLVED_TO_SENTINEL_2_OPTICAL,GUARDRAILS_PRESERVED_SENSOR_FAMILY_RESOLUTION_ONLY
REC_00291,Recife,1,requires_manual_sensor_selection,blocked_derived_embedding_without_source_sensor,BLOCKED_DERIVED_EMBEDDING_WITHOUT_SOURCE_SENSOR,DINOV2_EMBEDDING_IS_DERIVED_NOT_ACQUISITION_SENSOR,REJECTED_DERIVED_EMBEDDING_ONLY,asset_ref_046ed9791309|asset_ref_0e2578035709|asset_ref_100c53297a86|asset_ref_41262104bb2a|asset_ref_42032b0f1a72|asset_ref_4affccd7578d|asset_ref_5e31b92777a3|asset_ref_603b618385c6|asset_ref_94ead0a2c04a|asset_ref_b1496d75e321|asset_ref_ebf2151c9f27,dinov2_embedding|patch_manifest|unknown,false,false,true,true,false,false,PREVIOUS_METADATA_BLOCKER_PRESENT|SENSOR_NOT_RESOLVED_TO_SENTINEL_2_OPTICAL,GUARDRAILS_PRESERVED_SENSOR_FAMILY_RESOLUTION_ONLY
REC_00291,Recife,2,requires_manual_sensor_selection,blocked_derived_embedding_without_source_sensor,BLOCKED_DERIVED_EMBEDDING_WITHOUT_SOURCE_SENSOR,DINOV2_EMBEDDING_IS_DERIVED_NOT_ACQUISITION_SENSOR,REJECTED_DERIVED_EMBEDDING_ONLY,asset_ref_046ed9791309|asset_ref_0e2578035709|asset_ref_100c53297a86|asset_ref_41262104bb2a|asset_ref_42032b0f1a72|asset_ref_4affccd7578d|asset_ref_5e31b92777a3|asset_ref_603b618385c6|asset_ref_94ead0a2c04a|asset_ref_b1496d75e321|asset_ref_ebf2151c9f27,dinov2_embedding|patch_manifest|unknown,false,false,true,true,false,false,PREVIOUS_METADATA_BLOCKER_PRESENT|SENSOR_NOT_RESOLVED_TO_SENTINEL_2_OPTICAL,GUARDRAILS_PRESERVED_SENSOR_FAMILY_RESOLUTION_ONLY
REC_00292,Recife,1,requires_manual_sensor_selection,blocked_derived_embedding_without_source_sensor,BLOCKED_DERIVED_EMBEDDING_WITHOUT_SOURCE_SENSOR,DINOV2_EMBEDDING_IS_DERIVED_NOT_ACQUISITION_SENSOR,REJECTED_DERIVED_EMBEDDING_ONLY,asset_ref_040bb2824797|asset_ref_1643fed9f517|asset_ref_1cfaef8d49cd|asset_ref_64d45365a160|asset_ref_736027126f23|asset_ref_7a28bdb7f7c6|asset_ref_838eb665d18b|asset_ref_8c8f3bf26f39|asset_ref_8f9fb2a12530|asset_ref_c90b0dd63ada|asset_ref_d78586ba0601,dinov2_embedding|patch_manifest|unknown,false,false,true,true,false,false,PREVIOUS_METADATA_BLOCKER_PRESENT|SENSOR_NOT_RESOLVED_TO_SENTINEL_2_OPTICAL,GUARDRAILS_PRESERVED_SENSOR_FAMILY_RESOLUTION_ONLY
REC_00292,Recife,2,requires_manual_sensor_selection,blocked_derived_embedding_without_source_sensor,BLOCKED_DERIVED_EMBEDDING_WITHOUT_SOURCE_SENSOR,DINOV2_EMBEDDING_IS_DERIVED_NOT_ACQUISITION_SENSOR,REJECTED_DERIVED_EMBEDDING_ONLY,asset_ref_040bb2824797|asset_ref_1643fed9f517|asset_ref_1cfaef8d49cd|asset_ref_64d45365a160|asset_ref_736027126f23|asset_ref_7a28bdb7f7c6|asset_ref_838eb665d18b|asset_ref_8c8f3bf26f39|asset_ref_8f9fb2a12530|asset_ref_c90b0dd63ada|asset_ref_d78586ba0601,dinov2_embedding|patch_manifest|unknown,false,false,true,true,false,false,PREVIOUS_METADATA_BLOCKER_PRESENT|SENSOR_NOT_RESOLVED_TO_SENTINEL_2_OPTICAL,GUARDRAILS_PRESERVED_SENSOR_FAMILY_RESOLUTION_ONLY
REC_00294,Recife,1,requires_manual_sensor_selection,blocked_derived_embedding_without_source_sensor,BLOCKED_DERIVED_EMBEDDING_WITHOUT_SOURCE_SENSOR,DINOV2_EMBEDDING_IS_DERIVED_NOT_ACQUISITION_SENSOR,REJECTED_DERIVED_EMBEDDING_ONLY,asset_ref_0c3f002df794|asset_ref_2111f27c4965|asset_ref_26e9ce22c4b7|asset_ref_2dcf7ccd6fbc|asset_ref_44d0b830c8d6|asset_ref_4ef4f5df7136|asset_ref_500cd25656af|asset_ref_65ea2eb92e9e|asset_ref_7297d48395ec|asset_ref_86ea29975927|asset_ref_ce81994d9a9e,dinov2_embedding|patch_manifest|unknown,false,false,true,true,false,false,PREVIOUS_METADATA_BLOCKER_PRESENT|SENSOR_NOT_RESOLVED_TO_SENTINEL_2_OPTICAL,GUARDRAILS_PRESERVED_SENSOR_FAMILY_RESOLUTION_ONLY
REC_00294,Recife,2,requires_manual_sensor_selection,blocked_derived_embedding_without_source_sensor,BLOCKED_DERIVED_EMBEDDING_WITHOUT_SOURCE_SENSOR,DINOV2_EMBEDDING_IS_DERIVED_NOT_ACQUISITION_SENSOR,REJECTED_DERIVED_EMBEDDING_ONLY,asset_ref_0c3f002df794|asset_ref_2111f27c4965|asset_ref_26e9ce22c4b7|asset_ref_2dcf7ccd6fbc|asset_ref_44d0b830c8d6|asset_ref_4ef4f5df7136|asset_ref_500cd25656af|asset_ref_65ea2eb92e9e|asset_ref_7297d48395ec|asset_ref_86ea29975927|asset_ref_ce81994d9a9e,dinov2_embedding|patch_manifest|unknown,false,false,true,true,false,false,PREVIOUS_METADATA_BLOCKER_PRESENT|SENSOR_NOT_RESOLVED_TO_SENTINEL_2_OPTICAL,GUARDRAILS_PRESERVED_SENSOR_FAMILY_RESOLUTION_ONLY
REC_00296,Recife,1,requires_manual_sensor_selection,blocked_derived_embedding_without_source_sensor,BLOCKED_DERIVED_EMBEDDING_WITHOUT_SOURCE_SENSOR,DINOV2_EMBEDDING_IS_DERIVED_NOT_ACQUISITION_SENSOR,REJECTED_DERIVED_EMBEDDING_ONLY,asset_ref_1540db6de2ad|asset_ref_290ded2d7a87|asset_ref_29eb098ff36f|asset_ref_5d9b8d861807|asset_ref_7f7ded1ae01d|asset_ref_96968677c5e0|asset_ref_b01103ab26b8|asset_ref_c906006d8666|asset_ref_e8cdc375635d|asset_ref_ec6fe9a9bb9c|asset_ref_f6662141c5e8,dinov2_embedding|patch_manifest|unknown,false,false,true,true,false,false,PREVIOUS_METADATA_BLOCKER_PRESENT|SENSOR_NOT_RESOLVED_TO_SENTINEL_2_OPTICAL,GUARDRAILS_PRESERVED_SENSOR_FAMILY_RESOLUTION_ONLY
REC_00296,Recife,2,requires_manual_sensor_selection,blocked_derived_embedding_without_source_sensor,BLOCKED_DERIVED_EMBEDDING_WITHOUT_SOURCE_SENSOR,DINOV2_EMBEDDING_IS_DERIVED_NOT_ACQUISITION_SENSOR,REJECTED_DERIVED_EMBEDDING_ONLY,asset_ref_1540db6de2ad|asset_ref_290ded2d7a87|asset_ref_29eb098ff36f|asset_ref_5d9b8d861807|asset_ref_7f7ded1ae01d|asset_ref_96968677c5e0|asset_ref_b01103ab26b8|asset_ref_c906006d8666|asset_ref_e8cdc375635d|asset_ref_ec6fe9a9bb9c|asset_ref_f6662141c5e8,dinov2_embedding|patch_manifest|unknown,false,false,true,true,false,false,PREVIOUS_METADATA_BLOCKER_PRESENT|SENSOR_NOT_RESOLVED_TO_SENTINEL_2_OPTICAL,GUARDRAILS_PRESERVED_SENSOR_FAMILY_RESOLUTION_ONLY
REC_00299,Recife,1,requires_manual_sensor_selection,blocked_derived_embedding_without_source_sensor,BLOCKED_DERIVED_EMBEDDING_WITHOUT_SOURCE_SENSOR,DINOV2_EMBEDDING_IS_DERIVED_NOT_ACQUISITION_SENSOR,REJECTED_DERIVED_EMBEDDING_ONLY,asset_ref_00b1cb9d5991|asset_ref_17d2e3a56ff0|asset_ref_51f7c8760f1a|asset_ref_6d256d383391|asset_ref_7135ed7f6606|asset_ref_7950016e609e|asset_ref_8f751322e463|asset_ref_a1a0dd0e908f|asset_ref_b381856d42bf|asset_ref_b9e2d3ab82f4|asset_ref_f7023b92c920,dinov2_embedding|patch_manifest|unknown,false,false,true,true,false,false,PREVIOUS_METADATA_BLOCKER_PRESENT|SENSOR_NOT_RESOLVED_TO_SENTINEL_2_OPTICAL,GUARDRAILS_PRESERVED_SENSOR_FAMILY_RESOLUTION_ONLY
REC_00299,Recife,2,requires_manual_sensor_selection,blocked_derived_embedding_without_source_sensor,BLOCKED_DERIVED_EMBEDDING_WITHOUT_SOURCE_SENSOR,DINOV2_EMBEDDING_IS_DERIVED_NOT_ACQUISITION_SENSOR,REJECTED_DERIVED_EMBEDDING_ONLY,asset_ref_00b1cb9d5991|asset_ref_17d2e3a56ff0|asset_ref_51f7c8760f1a|asset_ref_6d256d383391|asset_ref_7135ed7f6606|asset_ref_7950016e609e|asset_ref_8f751322e463|asset_ref_a1a0dd0e908f|asset_ref_b381856d42bf|asset_ref_b9e2d3ab82f4|asset_ref_f7023b92c920,dinov2_embedding|patch_manifest|unknown,false,false,true,true,false,false,PREVIOUS_METADATA_BLOCKER_PRESENT|SENSOR_NOT_RESOLVED_TO_SENTINEL_2_OPTICAL,GUARDRAILS_PRESERVED_SENSOR_FAMILY_RESOLUTION_ONLY
REC_00302,Recife,1,requires_manual_sensor_selection,blocked_derived_embedding_without_source_sensor,BLOCKED_DERIVED_EMBEDDING_WITHOUT_SOURCE_SENSOR,DINOV2_EMBEDDING_IS_DERIVED_NOT_ACQUISITION_SENSOR,REJECTED_DERIVED_EMBEDDING_ONLY,asset_ref_0865741b2762|asset_ref_120f1d95a0ba|asset_ref_1409a3670d29|asset_ref_18dc3d86ee64|asset_ref_384452d2a6ae|asset_ref_42657df6240c|asset_ref_4fedf20b6662|asset_ref_5541b817b2cc|asset_ref_9402478d57ab|asset_ref_c79bb7d1549a|asset_ref_eb96f2229b13,dinov2_embedding|patch_manifest|unknown,false,false,true,true,false,false,PREVIOUS_METADATA_BLOCKER_PRESENT|SENSOR_NOT_RESOLVED_TO_SENTINEL_2_OPTICAL,GUARDRAILS_PRESERVED_SENSOR_FAMILY_RESOLUTION_ONLY
REC_00302,Recife,2,requires_manual_sensor_selection,blocked_derived_embedding_without_source_sensor,BLOCKED_DERIVED_EMBEDDING_WITHOUT_SOURCE_SENSOR,DINOV2_EMBEDDING_IS_DERIVED_NOT_ACQUISITION_SENSOR,REJECTED_DERIVED_EMBEDDING_ONLY,asset_ref_0865741b2762|asset_ref_120f1d95a0ba|asset_ref_1409a3670d29|asset_ref_18dc3d86ee64|asset_ref_384452d2a6ae|asset_ref_42657df6240c|asset_ref_4fedf20b6662|asset_ref_5541b817b2cc|asset_ref_9402478d57ab|asset_ref_c79bb7d1549a|asset_ref_eb96f2229b13,dinov2_embedding|patch_manifest|unknown,false,false,true,true,false,false,PREVIOUS_METADATA_BLOCKER_PRESENT|SENSOR_NOT_RESOLVED_TO_SENTINEL_2_OPTICAL,GUARDRAILS_PRESERVED_SENSOR_FAMILY_RESOLUTION_ONLY
REC_00313,Recife,1,requires_manual_sensor_selection,blocked_derived_embedding_without_source_sensor,BLOCKED_DERIVED_EMBEDDING_WITHOUT_SOURCE_SENSOR,DINOV2_EMBEDDING_IS_DERIVED_NOT_ACQUISITION_SENSOR,REJECTED_DERIVED_EMBEDDING_ONLY,asset_ref_0738b9848b0a|asset_ref_219f8f225927|asset_ref_36e3d597c5d3|asset_ref_44a769663732|asset_ref_4f2ab37692d2|asset_ref_4fc333ae8cf9|asset_ref_6de252b1d4d5|asset_ref_7af9364420f8|asset_ref_7b953a3ebf23|asset_ref_80a99367ac7f|asset_ref_b9ddec9c1261,dinov2_embedding|patch_manifest|unknown,false,false,true,true,false,false,PREVIOUS_METADATA_BLOCKER_PRESENT|SENSOR_NOT_RESOLVED_TO_SENTINEL_2_OPTICAL,GUARDRAILS_PRESERVED_SENSOR_FAMILY_RESOLUTION_ONLY
REC_00313,Recife,2,requires_manual_sensor_selection,blocked_derived_embedding_without_source_sensor,BLOCKED_DERIVED_EMBEDDING_WITHOUT_SOURCE_SENSOR,DINOV2_EMBEDDING_IS_DERIVED_NOT_ACQUISITION_SENSOR,REJECTED_DERIVED_EMBEDDING_ONLY,asset_ref_0738b9848b0a|asset_ref_219f8f225927|asset_ref_36e3d597c5d3|asset_ref_44a769663732|asset_ref_4f2ab37692d2|asset_ref_4fc333ae8cf9|asset_ref_6de252b1d4d5|asset_ref_7af9364420f8|asset_ref_7b953a3ebf23|asset_ref_80a99367ac7f|asset_ref_b9ddec9c1261,dinov2_embedding|patch_manifest|unknown,false,false,true,true,false,false,PREVIOUS_METADATA_BLOCKER_PRESENT|SENSOR_NOT_RESOLVED_TO_SENTINEL_2_OPTICAL,GUARDRAILS_PRESERVED_SENSOR_FAMILY_RESOLUTION_ONLY
REC_00314,Recife,1,requires_manual_sensor_selection,blocked_derived_embedding_without_source_sensor,BLOCKED_DERIVED_EMBEDDING_WITHOUT_SOURCE_SENSOR,DINOV2_EMBEDDING_IS_DERIVED_NOT_ACQUISITION_SENSOR,REJECTED_DERIVED_EMBEDDING_ONLY,asset_ref_213c73da9037|asset_ref_2b7f3bb9f999|asset_ref_2c93de5af4f9|asset_ref_31b8a8d1eb02|asset_ref_3b4d4f6a455f|asset_ref_436b6076c301|asset_ref_55bd345d65d5|asset_ref_9925d8ea2447|asset_ref_d0189a7beff5|asset_ref_e68ee646259a|asset_ref_f708b4603827,dinov2_embedding|patch_manifest|unknown,false,false,true,true,false,false,PREVIOUS_METADATA_BLOCKER_PRESENT|SENSOR_NOT_RESOLVED_TO_SENTINEL_2_OPTICAL,GUARDRAILS_PRESERVED_SENSOR_FAMILY_RESOLUTION_ONLY
REC_00314,Recife,2,requires_manual_sensor_selection,blocked_derived_embedding_without_source_sensor,BLOCKED_DERIVED_EMBEDDING_WITHOUT_SOURCE_SENSOR,DINOV2_EMBEDDING_IS_DERIVED_NOT_ACQUISITION_SENSOR,REJECTED_DERIVED_EMBEDDING_ONLY,asset_ref_213c73da9037|asset_ref_2b7f3bb9f999|asset_ref_2c93de5af4f9|asset_ref_31b8a8d1eb02|asset_ref_3b4d4f6a455f|asset_ref_436b6076c301|asset_ref_55bd345d65d5|asset_ref_9925d8ea2447|asset_ref_d0189a7beff5|asset_ref_e68ee646259a|asset_ref_f708b4603827,dinov2_embedding|patch_manifest|unknown,false,false,true,true,false,false,PREVIOUS_METADATA_BLOCKER_PRESENT|SENSOR_NOT_RESOLVED_TO_SENTINEL_2_OPTICAL,GUARDRAILS_PRESERVED_SENSOR_FAMILY_RESOLUTION_ONLY
REC_00354,Recife,1,requires_manual_sensor_selection,blocked_derived_embedding_without_source_sensor,BLOCKED_DERIVED_EMBEDDING_WITHOUT_SOURCE_SENSOR,DINOV2_EMBEDDING_IS_DERIVED_NOT_ACQUISITION_SENSOR,REJECTED_DERIVED_EMBEDDING_ONLY,asset_ref_13622fb49e25|asset_ref_215e8ac177c8|asset_ref_272468649536|asset_ref_2dc30ae4cdc5|asset_ref_863259583dd3|asset_ref_b21b35d34f42|asset_ref_b64403399e17|asset_ref_e48df0a89e02|asset_ref_ebc9a428c12e|asset_ref_ececa61921a1|asset_ref_f1c4311e99fd,dinov2_embedding|patch_manifest|unknown,false,false,true,true,false,false,PREVIOUS_METADATA_BLOCKER_PRESENT|SENSOR_NOT_RESOLVED_TO_SENTINEL_2_OPTICAL,GUARDRAILS_PRESERVED_SENSOR_FAMILY_RESOLUTION_ONLY
REC_00354,Recife,2,requires_manual_sensor_selection,blocked_derived_embedding_without_source_sensor,BLOCKED_DERIVED_EMBEDDING_WITHOUT_SOURCE_SENSOR,DINOV2_EMBEDDING_IS_DERIVED_NOT_ACQUISITION_SENSOR,REJECTED_DERIVED_EMBEDDING_ONLY,asset_ref_13622fb49e25|asset_ref_215e8ac177c8|asset_ref_272468649536|asset_ref_2dc30ae4cdc5|asset_ref_863259583dd3|asset_ref_b21b35d34f42|asset_ref_b64403399e17|asset_ref_e48df0a89e02|asset_ref_ebc9a428c12e|asset_ref_ececa61921a1|asset_ref_f1c4311e99fd,dinov2_embedding|patch_manifest|unknown,false,false,true,true,false,false,PREVIOUS_METADATA_BLOCKER_PRESENT|SENSOR_NOT_RESOLVED_TO_SENTINEL_2_OPTICAL,GUARDRAILS_PRESERVED_SENSOR_FAMILY_RESOLUTION_ONLY
REC_00355,Recife,1,requires_manual_sensor_selection,blocked_derived_embedding_without_source_sensor,BLOCKED_DERIVED_EMBEDDING_WITHOUT_SOURCE_SENSOR,DINOV2_EMBEDDING_IS_DERIVED_NOT_ACQUISITION_SENSOR,REJECTED_DERIVED_EMBEDDING_ONLY,asset_ref_29ffa53088f5|asset_ref_7203ab0bae47|asset_ref_801da437fa98|asset_ref_9303ca6ab5d1|asset_ref_9a248dd26f47|asset_ref_b9b67e8270c8|asset_ref_d8ba3700d245|asset_ref_ec37bc8a8e2d|asset_ref_f1cee8c41957|asset_ref_f3ebf8dd0b2f|asset_ref_fb50552fbe57,dinov2_embedding|patch_manifest|unknown,false,false,true,true,false,false,PREVIOUS_METADATA_BLOCKER_PRESENT|SENSOR_NOT_RESOLVED_TO_SENTINEL_2_OPTICAL,GUARDRAILS_PRESERVED_SENSOR_FAMILY_RESOLUTION_ONLY
REC_00355,Recife,2,requires_manual_sensor_selection,blocked_derived_embedding_without_source_sensor,BLOCKED_DERIVED_EMBEDDING_WITHOUT_SOURCE_SENSOR,DINOV2_EMBEDDING_IS_DERIVED_NOT_ACQUISITION_SENSOR,REJECTED_DERIVED_EMBEDDING_ONLY,asset_ref_29ffa53088f5|asset_ref_7203ab0bae47|asset_ref_801da437fa98|asset_ref_9303ca6ab5d1|asset_ref_9a248dd26f47|asset_ref_b9b67e8270c8|asset_ref_d8ba3700d245|asset_ref_ec37bc8a8e2d|asset_ref_f1cee8c41957|asset_ref_f3ebf8dd0b2f|asset_ref_fb50552fbe57,dinov2_embedding|patch_manifest|unknown,false,false,true,true,false,false,PREVIOUS_METADATA_BLOCKER_PRESENT|SENSOR_NOT_RESOLVED_TO_SENTINEL_2_OPTICAL,GUARDRAILS_PRESERVED_SENSOR_FAMILY_RESOLUTION_ONLY
REC_00364,Recife,1,requires_manual_sensor_selection,blocked_derived_embedding_without_source_sensor,BLOCKED_DERIVED_EMBEDDING_WITHOUT_SOURCE_SENSOR,DINOV2_EMBEDDING_IS_DERIVED_NOT_ACQUISITION_SENSOR,REJECTED_DERIVED_EMBEDDING_ONLY,asset_ref_074118f97fbb|asset_ref_0bc86e41cff7|asset_ref_148963476209|asset_ref_3658fb38c9e8|asset_ref_5a66ebd63b2a|asset_ref_603b56a3c145|asset_ref_9df9f575a647|asset_ref_a3de6fa8c9b1|asset_ref_aa9f7f2a3e66|asset_ref_b24e9b7e6715|asset_ref_f4854b8d963f,dinov2_embedding|patch_manifest|unknown,false,false,true,true,false,false,PREVIOUS_METADATA_BLOCKER_PRESENT|SENSOR_NOT_RESOLVED_TO_SENTINEL_2_OPTICAL,GUARDRAILS_PRESERVED_SENSOR_FAMILY_RESOLUTION_ONLY
REC_00364,Recife,2,requires_manual_sensor_selection,blocked_derived_embedding_without_source_sensor,BLOCKED_DERIVED_EMBEDDING_WITHOUT_SOURCE_SENSOR,DINOV2_EMBEDDING_IS_DERIVED_NOT_ACQUISITION_SENSOR,REJECTED_DERIVED_EMBEDDING_ONLY,asset_ref_074118f97fbb|asset_ref_0bc86e41cff7|asset_ref_148963476209|asset_ref_3658fb38c9e8|asset_ref_5a66ebd63b2a|asset_ref_603b56a3c145|asset_ref_9df9f575a647|asset_ref_a3de6fa8c9b1|asset_ref_aa9f7f2a3e66|asset_ref_b24e9b7e6715|asset_ref_f4854b8d963f,dinov2_embedding|patch_manifest|unknown,false,false,true,true,false,false,PREVIOUS_METADATA_BLOCKER_PRESENT|SENSOR_NOT_RESOLVED_TO_SENTINEL_2_OPTICAL,GUARDRAILS_PRESERVED_SENSOR_FAMILY_RESOLUTION_ONLY
REC_00388,Recife,1,requires_manual_sensor_selection,blocked_derived_embedding_without_source_sensor,BLOCKED_DERIVED_EMBEDDING_WITHOUT_SOURCE_SENSOR,DINOV2_EMBEDDING_IS_DERIVED_NOT_ACQUISITION_SENSOR,REJECTED_DERIVED_EMBEDDING_ONLY,asset_ref_0a82be9c463b|asset_ref_27b4d72fe94d|asset_ref_2d33f18c5459|asset_ref_316e735acd7e|asset_ref_3215b9c94f6e|asset_ref_40d391f9c3ae|asset_ref_43f16f63a02f|asset_ref_5e4415102a0b|asset_ref_8189174b59e0|asset_ref_c729cbb6bf45|asset_ref_dc3eefc8bde8,dinov2_embedding|patch_manifest|unknown,false,false,true,true,false,false,PREVIOUS_METADATA_BLOCKER_PRESENT|SENSOR_NOT_RESOLVED_TO_SENTINEL_2_OPTICAL,GUARDRAILS_PRESERVED_SENSOR_FAMILY_RESOLUTION_ONLY
REC_00388,Recife,2,requires_manual_sensor_selection,blocked_derived_embedding_without_source_sensor,BLOCKED_DERIVED_EMBEDDING_WITHOUT_SOURCE_SENSOR,DINOV2_EMBEDDING_IS_DERIVED_NOT_ACQUISITION_SENSOR,REJECTED_DERIVED_EMBEDDING_ONLY,asset_ref_0a82be9c463b|asset_ref_27b4d72fe94d|asset_ref_2d33f18c5459|asset_ref_316e735acd7e|asset_ref_3215b9c94f6e|asset_ref_40d391f9c3ae|asset_ref_43f16f63a02f|asset_ref_5e4415102a0b|asset_ref_8189174b59e0|asset_ref_c729cbb6bf45|asset_ref_dc3eefc8bde8,dinov2_embedding|patch_manifest|unknown,false,false,true,true,false,false,PREVIOUS_METADATA_BLOCKER_PRESENT|SENSOR_NOT_RESOLVED_TO_SENTINEL_2_OPTICAL,GUARDRAILS_PRESERVED_SENSOR_FAMILY_RESOLUTION_ONLY
REC_00458,Recife,1,requires_manual_sensor_selection,blocked_derived_embedding_without_source_sensor,BLOCKED_DERIVED_EMBEDDING_WITHOUT_SOURCE_SENSOR,DINOV2_EMBEDDING_IS_DERIVED_NOT_ACQUISITION_SENSOR,REJECTED_DERIVED_EMBEDDING_ONLY,asset_ref_19fafbd42173|asset_ref_3f6b21420a66|asset_ref_563699f5def8|asset_ref_7d772f87dfff|asset_ref_83c3411f0449|asset_ref_85412de39e28|asset_ref_95959d5e42b3|asset_ref_b445f19d9750|asset_ref_d239ada68241|asset_ref_e4f7f92f450b|asset_ref_e9c2b30b7228,dinov2_embedding|patch_manifest|unknown,false,false,true,true,false,false,PREVIOUS_METADATA_BLOCKER_PRESENT|SENSOR_NOT_RESOLVED_TO_SENTINEL_2_OPTICAL,GUARDRAILS_PRESERVED_SENSOR_FAMILY_RESOLUTION_ONLY
REC_00458,Recife,2,requires_manual_sensor_selection,blocked_derived_embedding_without_source_sensor,BLOCKED_DERIVED_EMBEDDING_WITHOUT_SOURCE_SENSOR,DINOV2_EMBEDDING_IS_DERIVED_NOT_ACQUISITION_SENSOR,REJECTED_DERIVED_EMBEDDING_ONLY,asset_ref_19fafbd42173|asset_ref_3f6b21420a66|asset_ref_563699f5def8|asset_ref_7d772f87dfff|asset_ref_83c3411f0449|asset_ref_85412de39e28|asset_ref_95959d5e42b3|asset_ref_b445f19d9750|asset_ref_d239ada68241|asset_ref_e4f7f92f450b|asset_ref_e9c2b30b7228,dinov2_embedding|patch_manifest|unknown,false,false,true,true,false,false,PREVIOUS_METADATA_BLOCKER_PRESENT|SENSOR_NOT_RESOLVED_TO_SENTINEL_2_OPTICAL,GUARDRAILS_PRESERVED_SENSOR_FAMILY_RESOLUTION_ONLY
REC_00460,Recife,1,requires_manual_sensor_selection,blocked_derived_embedding_without_source_sensor,BLOCKED_DERIVED_EMBEDDING_WITHOUT_SOURCE_SENSOR,DINOV2_EMBEDDING_IS_DERIVED_NOT_ACQUISITION_SENSOR,REJECTED_DERIVED_EMBEDDING_ONLY,asset_ref_0335d9f02d86|asset_ref_350c27dbb8e9|asset_ref_6a12d05d18e3|asset_ref_72c874c6ef06|asset_ref_a1311dc22c1d|asset_ref_b1f45b1b34fb|asset_ref_b6f8315d2457|asset_ref_b8d999151056|asset_ref_d4e4eb4fbd4a|asset_ref_e6b7388631fa|asset_ref_efa2c9d3dd73,dinov2_embedding|patch_manifest|unknown,false,false,true,true,false,false,PREVIOUS_METADATA_BLOCKER_PRESENT|SENSOR_NOT_RESOLVED_TO_SENTINEL_2_OPTICAL,GUARDRAILS_PRESERVED_SENSOR_FAMILY_RESOLUTION_ONLY
REC_00460,Recife,2,requires_manual_sensor_selection,blocked_derived_embedding_without_source_sensor,BLOCKED_DERIVED_EMBEDDING_WITHOUT_SOURCE_SENSOR,DINOV2_EMBEDDING_IS_DERIVED_NOT_ACQUISITION_SENSOR,REJECTED_DERIVED_EMBEDDING_ONLY,asset_ref_0335d9f02d86|asset_ref_350c27dbb8e9|asset_ref_6a12d05d18e3|asset_ref_72c874c6ef06|asset_ref_a1311dc22c1d|asset_ref_b1f45b1b34fb|asset_ref_b6f8315d2457|asset_ref_b8d999151056|asset_ref_d4e4eb4fbd4a|asset_ref_e6b7388631fa|asset_ref_efa2c9d3dd73,dinov2_embedding|patch_manifest|unknown,false,false,true,true,false,false,PREVIOUS_METADATA_BLOCKER_PRESENT|SENSOR_NOT_RESOLVED_TO_SENTINEL_2_OPTICAL,GUARDRAILS_PRESERVED_SENSOR_FAMILY_RESOLUTION_ONLY
REC_00481,Recife,1,requires_manual_sensor_selection,blocked_derived_embedding_without_source_sensor,BLOCKED_DERIVED_EMBEDDING_WITHOUT_SOURCE_SENSOR,DINOV2_EMBEDDING_IS_DERIVED_NOT_ACQUISITION_SENSOR,REJECTED_DERIVED_EMBEDDING_ONLY,asset_ref_00f0c74c3042|asset_ref_36b8d715e071|asset_ref_3f72e3231fa4|asset_ref_413acd824ee3|asset_ref_4566b04b9ac3|asset_ref_71dd97ef6e2c|asset_ref_83b3b11ee2a6|asset_ref_a9087a6815ee|asset_ref_d2ca73f216d4|asset_ref_dafbb47ba6a6|asset_ref_e7858496167b,dinov2_embedding|patch_manifest|unknown,false,false,true,true,false,false,PREVIOUS_METADATA_BLOCKER_PRESENT|SENSOR_NOT_RESOLVED_TO_SENTINEL_2_OPTICAL,GUARDRAILS_PRESERVED_SENSOR_FAMILY_RESOLUTION_ONLY
REC_00481,Recife,2,requires_manual_sensor_selection,blocked_derived_embedding_without_source_sensor,BLOCKED_DERIVED_EMBEDDING_WITHOUT_SOURCE_SENSOR,DINOV2_EMBEDDING_IS_DERIVED_NOT_ACQUISITION_SENSOR,REJECTED_DERIVED_EMBEDDING_ONLY,asset_ref_00f0c74c3042|asset_ref_36b8d715e071|asset_ref_3f72e3231fa4|asset_ref_413acd824ee3|asset_ref_4566b04b9ac3|asset_ref_71dd97ef6e2c|asset_ref_83b3b11ee2a6|asset_ref_a9087a6815ee|asset_ref_d2ca73f216d4|asset_ref_dafbb47ba6a6|asset_ref_e7858496167b,dinov2_embedding|patch_manifest|unknown,false,false,true,true,false,false,PREVIOUS_METADATA_BLOCKER_PRESENT|SENSOR_NOT_RESOLVED_TO_SENTINEL_2_OPTICAL,GUARDRAILS_PRESERVED_SENSOR_FAMILY_RESOLUTION_ONLY
REC_00482,Recife,1,requires_manual_sensor_selection,blocked_derived_embedding_without_source_sensor,BLOCKED_DERIVED_EMBEDDING_WITHOUT_SOURCE_SENSOR,DINOV2_EMBEDDING_IS_DERIVED_NOT_ACQUISITION_SENSOR,REJECTED_DERIVED_EMBEDDING_ONLY,asset_ref_35996323ba17|asset_ref_65e31645f1d7|asset_ref_8183323f273b|asset_ref_84673a57baa2|asset_ref_9052ee7eea7a|asset_ref_97d458101b30|asset_ref_a26b678f1fcd|asset_ref_cabd5693cdbe|asset_ref_dd58b6a11d31|asset_ref_f3e32ff5f5db|asset_ref_ff45edf6767d,dinov2_embedding|patch_manifest|unknown,false,false,true,true,false,false,PREVIOUS_METADATA_BLOCKER_PRESENT|SENSOR_NOT_RESOLVED_TO_SENTINEL_2_OPTICAL,GUARDRAILS_PRESERVED_SENSOR_FAMILY_RESOLUTION_ONLY
REC_00482,Recife,2,requires_manual_sensor_selection,blocked_derived_embedding_without_source_sensor,BLOCKED_DERIVED_EMBEDDING_WITHOUT_SOURCE_SENSOR,DINOV2_EMBEDDING_IS_DERIVED_NOT_ACQUISITION_SENSOR,REJECTED_DERIVED_EMBEDDING_ONLY,asset_ref_35996323ba17|asset_ref_65e31645f1d7|asset_ref_8183323f273b|asset_ref_84673a57baa2|asset_ref_9052ee7eea7a|asset_ref_97d458101b30|asset_ref_a26b678f1fcd|asset_ref_cabd5693cdbe|asset_ref_dd58b6a11d31|asset_ref_f3e32ff5f5db|asset_ref_ff45edf6767d,dinov2_embedding|patch_manifest|unknown,false,false,true,true,false,false,PREVIOUS_METADATA_BLOCKER_PRESENT|SENSOR_NOT_RESOLVED_TO_SENTINEL_2_OPTICAL,GUARDRAILS_PRESERVED_SENSOR_FAMILY_RESOLUTION_ONLY
REC_00483,Recife,1,requires_manual_sensor_selection,blocked_derived_embedding_without_source_sensor,BLOCKED_DERIVED_EMBEDDING_WITHOUT_SOURCE_SENSOR,DINOV2_EMBEDDING_IS_DERIVED_NOT_ACQUISITION_SENSOR,REJECTED_DERIVED_EMBEDDING_ONLY,asset_ref_0027cacddbfb|asset_ref_0aff96baa5de|asset_ref_1c24ba3e6046|asset_ref_257be4504b5f|asset_ref_5e501a51fc0b|asset_ref_5f8089e379dd|asset_ref_7c03e94768cb|asset_ref_9d7b55ae338b|asset_ref_a4d9c4b8973b|asset_ref_ad4c7a94327c|asset_ref_ebef34dcc64a,dinov2_embedding|patch_manifest|unknown,false,false,true,true,false,false,PREVIOUS_METADATA_BLOCKER_PRESENT|SENSOR_NOT_RESOLVED_TO_SENTINEL_2_OPTICAL,GUARDRAILS_PRESERVED_SENSOR_FAMILY_RESOLUTION_ONLY
REC_00483,Recife,2,requires_manual_sensor_selection,blocked_derived_embedding_without_source_sensor,BLOCKED_DERIVED_EMBEDDING_WITHOUT_SOURCE_SENSOR,DINOV2_EMBEDDING_IS_DERIVED_NOT_ACQUISITION_SENSOR,REJECTED_DERIVED_EMBEDDING_ONLY,asset_ref_0027cacddbfb|asset_ref_0aff96baa5de|asset_ref_1c24ba3e6046|asset_ref_257be4504b5f|asset_ref_5e501a51fc0b|asset_ref_5f8089e379dd|asset_ref_7c03e94768cb|asset_ref_9d7b55ae338b|asset_ref_a4d9c4b8973b|asset_ref_ad4c7a94327c|asset_ref_ebef34dcc64a,dinov2_embedding|patch_manifest|unknown,false,false,true,true,false,false,PREVIOUS_METADATA_BLOCKER_PRESENT|SENSOR_NOT_RESOLVED_TO_SENTINEL_2_OPTICAL,GUARDRAILS_PRESERVED_SENSOR_FAMILY_RESOLUTION_ONLY
REC_00501,Recife,1,requires_manual_sensor_selection,blocked_derived_embedding_without_source_sensor,BLOCKED_DERIVED_EMBEDDING_WITHOUT_SOURCE_SENSOR,DINOV2_EMBEDDING_IS_DERIVED_NOT_ACQUISITION_SENSOR,REJECTED_DERIVED_EMBEDDING_ONLY,asset_ref_09bd61eac8b5|asset_ref_0da07dca3843|asset_ref_0e8e8ba543cb|asset_ref_3a0a7e19ed95|asset_ref_4dbbc51c8837|asset_ref_5648c84efb6f|asset_ref_5f681a1d80b5|asset_ref_b10a7741196d|asset_ref_b97c06f305b1|asset_ref_fadde9254123|asset_ref_fea18390bfeb,dinov2_embedding|patch_manifest|unknown,false,false,true,true,false,false,PREVIOUS_METADATA_BLOCKER_PRESENT|SENSOR_NOT_RESOLVED_TO_SENTINEL_2_OPTICAL,GUARDRAILS_PRESERVED_SENSOR_FAMILY_RESOLUTION_ONLY
REC_00501,Recife,2,requires_manual_sensor_selection,blocked_derived_embedding_without_source_sensor,BLOCKED_DERIVED_EMBEDDING_WITHOUT_SOURCE_SENSOR,DINOV2_EMBEDDING_IS_DERIVED_NOT_ACQUISITION_SENSOR,REJECTED_DERIVED_EMBEDDING_ONLY,asset_ref_09bd61eac8b5|asset_ref_0da07dca3843|asset_ref_0e8e8ba543cb|asset_ref_3a0a7e19ed95|asset_ref_4dbbc51c8837|asset_ref_5648c84efb6f|asset_ref_5f681a1d80b5|asset_ref_b10a7741196d|asset_ref_b97c06f305b1|asset_ref_fadde9254123|asset_ref_fea18390bfeb,dinov2_embedding|patch_manifest|unknown,false,false,true,true,false,false,PREVIOUS_METADATA_BLOCKER_PRESENT|SENSOR_NOT_RESOLVED_TO_SENTINEL_2_OPTICAL,GUARDRAILS_PRESERVED_SENSOR_FAMILY_RESOLUTION_ONLY
REC_00502,Recife,1,requires_manual_sensor_selection,blocked_derived_embedding_without_source_sensor,BLOCKED_DERIVED_EMBEDDING_WITHOUT_SOURCE_SENSOR,DINOV2_EMBEDDING_IS_DERIVED_NOT_ACQUISITION_SENSOR,REJECTED_DERIVED_EMBEDDING_ONLY,asset_ref_1a8afbd8b838|asset_ref_364039574483|asset_ref_4c9af376b4e4|asset_ref_7933f91a0b3b|asset_ref_7f1272b246fe|asset_ref_976b42011b13|asset_ref_a2ef821ee22a|asset_ref_c8808928c0b7|asset_ref_d284fc9665ce|asset_ref_dd86ee3aec98|asset_ref_e13c257bda1d,dinov2_embedding|patch_manifest|unknown,false,false,true,true,false,false,PREVIOUS_METADATA_BLOCKER_PRESENT|SENSOR_NOT_RESOLVED_TO_SENTINEL_2_OPTICAL,GUARDRAILS_PRESERVED_SENSOR_FAMILY_RESOLUTION_ONLY
REC_00502,Recife,2,requires_manual_sensor_selection,blocked_derived_embedding_without_source_sensor,BLOCKED_DERIVED_EMBEDDING_WITHOUT_SOURCE_SENSOR,DINOV2_EMBEDDING_IS_DERIVED_NOT_ACQUISITION_SENSOR,REJECTED_DERIVED_EMBEDDING_ONLY,asset_ref_1a8afbd8b838|asset_ref_364039574483|asset_ref_4c9af376b4e4|asset_ref_7933f91a0b3b|asset_ref_7f1272b246fe|asset_ref_976b42011b13|asset_ref_a2ef821ee22a|asset_ref_c8808928c0b7|asset_ref_d284fc9665ce|asset_ref_dd86ee3aec98|asset_ref_e13c257bda1d,dinov2_embedding|patch_manifest|unknown,false,false,true,true,false,false,PREVIOUS_METADATA_BLOCKER_PRESENT|SENSOR_NOT_RESOLVED_TO_SENTINEL_2_OPTICAL,GUARDRAILS_PRESERVED_SENSOR_FAMILY_RESOLUTION_ONLY
REC_00503,Recife,1,requires_manual_sensor_selection,blocked_derived_embedding_without_source_sensor,BLOCKED_DERIVED_EMBEDDING_WITHOUT_SOURCE_SENSOR,DINOV2_EMBEDDING_IS_DERIVED_NOT_ACQUISITION_SENSOR,REJECTED_DERIVED_EMBEDDING_ONLY,asset_ref_40af403c4539|asset_ref_53d9e1111964|asset_ref_56393bcc2384|asset_ref_6289048d1e04|asset_ref_6c776105db86|asset_ref_a518db498c52|asset_ref_bd0dfde53327|asset_ref_cecab7ffd128|asset_ref_e868608f38b1|asset_ref_f2a53ffbdca2|asset_ref_fc98a5e51124,dinov2_embedding|patch_manifest|unknown,false,false,true,true,false,false,PREVIOUS_METADATA_BLOCKER_PRESENT|SENSOR_NOT_RESOLVED_TO_SENTINEL_2_OPTICAL,GUARDRAILS_PRESERVED_SENSOR_FAMILY_RESOLUTION_ONLY
REC_00503,Recife,2,requires_manual_sensor_selection,blocked_derived_embedding_without_source_sensor,BLOCKED_DERIVED_EMBEDDING_WITHOUT_SOURCE_SENSOR,DINOV2_EMBEDDING_IS_DERIVED_NOT_ACQUISITION_SENSOR,REJECTED_DERIVED_EMBEDDING_ONLY,asset_ref_40af403c4539|asset_ref_53d9e1111964|asset_ref_56393bcc2384|asset_ref_6289048d1e04|asset_ref_6c776105db86|asset_ref_a518db498c52|asset_ref_bd0dfde53327|asset_ref_cecab7ffd128|asset_ref_e868608f38b1|asset_ref_f2a53ffbdca2|asset_ref_fc98a5e51124,dinov2_embedding|patch_manifest|unknown,false,false,true,true,false,false,PREVIOUS_METADATA_BLOCKER_PRESENT|SENSOR_NOT_RESOLVED_TO_SENTINEL_2_OPTICAL,GUARDRAILS_PRESERVED_SENSOR_FAMILY_RESOLUTION_ONLY
REC_00505,Recife,1,requires_manual_sensor_selection,blocked_derived_embedding_without_source_sensor,BLOCKED_DERIVED_EMBEDDING_WITHOUT_SOURCE_SENSOR,DINOV2_EMBEDDING_IS_DERIVED_NOT_ACQUISITION_SENSOR,REJECTED_DERIVED_EMBEDDING_ONLY,asset_ref_137a216aecec|asset_ref_24a069c857b0|asset_ref_2a9f0c296c7c|asset_ref_5569a19ad3a1|asset_ref_566ecfdbb1ff|asset_ref_ada95d75a30c|asset_ref_bb8e590064c7|asset_ref_bc0ea8c697f5|asset_ref_d3a5e4e001f6|asset_ref_d71aa3f4d533|asset_ref_d9e252b36ab4,dinov2_embedding|patch_manifest|unknown,false,false,true,true,false,false,PREVIOUS_METADATA_BLOCKER_PRESENT|SENSOR_NOT_RESOLVED_TO_SENTINEL_2_OPTICAL,GUARDRAILS_PRESERVED_SENSOR_FAMILY_RESOLUTION_ONLY
REC_00505,Recife,2,requires_manual_sensor_selection,blocked_derived_embedding_without_source_sensor,BLOCKED_DERIVED_EMBEDDING_WITHOUT_SOURCE_SENSOR,DINOV2_EMBEDDING_IS_DERIVED_NOT_ACQUISITION_SENSOR,REJECTED_DERIVED_EMBEDDING_ONLY,asset_ref_137a216aecec|asset_ref_24a069c857b0|asset_ref_2a9f0c296c7c|asset_ref_5569a19ad3a1|asset_ref_566ecfdbb1ff|asset_ref_ada95d75a30c|asset_ref_bb8e590064c7|asset_ref_bc0ea8c697f5|asset_ref_d3a5e4e001f6|asset_ref_d71aa3f4d533|asset_ref_d9e252b36ab4,dinov2_embedding|patch_manifest|unknown,false,false,true,true,false,false,PREVIOUS_METADATA_BLOCKER_PRESENT|SENSOR_NOT_RESOLVED_TO_SENTINEL_2_OPTICAL,GUARDRAILS_PRESERVED_SENSOR_FAMILY_RESOLUTION_ONLY
REC_00506,Recife,1,requires_manual_sensor_selection,blocked_derived_embedding_without_source_sensor,BLOCKED_DERIVED_EMBEDDING_WITHOUT_SOURCE_SENSOR,DINOV2_EMBEDDING_IS_DERIVED_NOT_ACQUISITION_SENSOR,REJECTED_DERIVED_EMBEDDING_ONLY,asset_ref_03f24bddcb45|asset_ref_253c4bee1f53|asset_ref_2d875729b1a8|asset_ref_36bfddee9d6e|asset_ref_43ee261909aa|asset_ref_c02b8bc7c60e|asset_ref_c1f4f0384972|asset_ref_c274f3a14a4b|asset_ref_d9031b783801|asset_ref_d92efad057d2|asset_ref_fd84c9df4a10,dinov2_embedding|patch_manifest|unknown,false,false,true,true,false,false,PREVIOUS_METADATA_BLOCKER_PRESENT|SENSOR_NOT_RESOLVED_TO_SENTINEL_2_OPTICAL,GUARDRAILS_PRESERVED_SENSOR_FAMILY_RESOLUTION_ONLY
REC_00506,Recife,2,requires_manual_sensor_selection,blocked_derived_embedding_without_source_sensor,BLOCKED_DERIVED_EMBEDDING_WITHOUT_SOURCE_SENSOR,DINOV2_EMBEDDING_IS_DERIVED_NOT_ACQUISITION_SENSOR,REJECTED_DERIVED_EMBEDDING_ONLY,asset_ref_03f24bddcb45|asset_ref_253c4bee1f53|asset_ref_2d875729b1a8|asset_ref_36bfddee9d6e|asset_ref_43ee261909aa|asset_ref_c02b8bc7c60e|asset_ref_c1f4f0384972|asset_ref_c274f3a14a4b|asset_ref_d9031b783801|asset_ref_d92efad057d2|asset_ref_fd84c9df4a10,dinov2_embedding|patch_manifest|unknown,false,false,true,true,false,false,PREVIOUS_METADATA_BLOCKER_PRESENT|SENSOR_NOT_RESOLVED_TO_SENTINEL_2_OPTICAL,GUARDRAILS_PRESERVED_SENSOR_FAMILY_RESOLUTION_ONLY
REC_00525,Recife,1,requires_manual_sensor_selection,blocked_derived_embedding_without_source_sensor,BLOCKED_DERIVED_EMBEDDING_WITHOUT_SOURCE_SENSOR,DINOV2_EMBEDDING_IS_DERIVED_NOT_ACQUISITION_SENSOR,REJECTED_DERIVED_EMBEDDING_ONLY,asset_ref_0832f9a362b2|asset_ref_4ea6c39d2838|asset_ref_7949078c943d|asset_ref_7ee965a9a4d4|asset_ref_8cdc7dc9ee0c|asset_ref_c841a256c2d6|asset_ref_d1c43c94fdfa|asset_ref_d3279593da5d|asset_ref_dd3cd6ee8c8d|asset_ref_e7f2007e763b|asset_ref_fe5e2b2514d5,dinov2_embedding|patch_manifest|unknown,false,false,true,true,false,false,PREVIOUS_METADATA_BLOCKER_PRESENT|SENSOR_NOT_RESOLVED_TO_SENTINEL_2_OPTICAL,GUARDRAILS_PRESERVED_SENSOR_FAMILY_RESOLUTION_ONLY
REC_00525,Recife,2,requires_manual_sensor_selection,blocked_derived_embedding_without_source_sensor,BLOCKED_DERIVED_EMBEDDING_WITHOUT_SOURCE_SENSOR,DINOV2_EMBEDDING_IS_DERIVED_NOT_ACQUISITION_SENSOR,REJECTED_DERIVED_EMBEDDING_ONLY,asset_ref_0832f9a362b2|asset_ref_4ea6c39d2838|asset_ref_7949078c943d|asset_ref_7ee965a9a4d4|asset_ref_8cdc7dc9ee0c|asset_ref_c841a256c2d6|asset_ref_d1c43c94fdfa|asset_ref_d3279593da5d|asset_ref_dd3cd6ee8c8d|asset_ref_e7f2007e763b|asset_ref_fe5e2b2514d5,dinov2_embedding|patch_manifest|unknown,false,false,true,true,false,false,PREVIOUS_METADATA_BLOCKER_PRESENT|SENSOR_NOT_RESOLVED_TO_SENTINEL_2_OPTICAL,GUARDRAILS_PRESERVED_SENSOR_FAMILY_RESOLUTION_ONLY
REC_00526,Recife,1,requires_manual_sensor_selection,blocked_derived_embedding_without_source_sensor,BLOCKED_DERIVED_EMBEDDING_WITHOUT_SOURCE_SENSOR,DINOV2_EMBEDDING_IS_DERIVED_NOT_ACQUISITION_SENSOR,REJECTED_DERIVED_EMBEDDING_ONLY,asset_ref_02616863edbe|asset_ref_64adfa12af3b|asset_ref_662068d83712|asset_ref_7982d4fe47dd|asset_ref_878fa437e905|asset_ref_a2e6bda3c46d|asset_ref_a7400d49a864|asset_ref_a786faa98a4d|asset_ref_ab8dc4b07fd2|asset_ref_d30cd28b822f|asset_ref_e3ac2d3f7951,dinov2_embedding|patch_manifest|unknown,false,false,true,true,false,false,PREVIOUS_METADATA_BLOCKER_PRESENT|SENSOR_NOT_RESOLVED_TO_SENTINEL_2_OPTICAL,GUARDRAILS_PRESERVED_SENSOR_FAMILY_RESOLUTION_ONLY
REC_00526,Recife,2,requires_manual_sensor_selection,blocked_derived_embedding_without_source_sensor,BLOCKED_DERIVED_EMBEDDING_WITHOUT_SOURCE_SENSOR,DINOV2_EMBEDDING_IS_DERIVED_NOT_ACQUISITION_SENSOR,REJECTED_DERIVED_EMBEDDING_ONLY,asset_ref_02616863edbe|asset_ref_64adfa12af3b|asset_ref_662068d83712|asset_ref_7982d4fe47dd|asset_ref_878fa437e905|asset_ref_a2e6bda3c46d|asset_ref_a7400d49a864|asset_ref_a786faa98a4d|asset_ref_ab8dc4b07fd2|asset_ref_d30cd28b822f|asset_ref_e3ac2d3f7951,dinov2_embedding|patch_manifest|unknown,false,false,true,true,false,false,PREVIOUS_METADATA_BLOCKER_PRESENT|SENSOR_NOT_RESOLVED_TO_SENTINEL_2_OPTICAL,GUARDRAILS_PRESERVED_SENSOR_FAMILY_RESOLUTION_ONLY
REC_00529,Recife,1,requires_manual_sensor_selection,blocked_derived_embedding_without_source_sensor,BLOCKED_DERIVED_EMBEDDING_WITHOUT_SOURCE_SENSOR,DINOV2_EMBEDDING_IS_DERIVED_NOT_ACQUISITION_SENSOR,REJECTED_DERIVED_EMBEDDING_ONLY,asset_ref_0169ed69af3d|asset_ref_15117981e4cd|asset_ref_336259f17d72|asset_ref_3c933880ebc0|asset_ref_5a3404b22ced|asset_ref_840429fdece7|asset_ref_8ef92c95e194|asset_ref_acd70d780703|asset_ref_ca7de113c5b5|asset_ref_d81f9169bdf8|asset_ref_ea979a403d0d,dinov2_embedding|patch_manifest|unknown,false,false,true,true,false,false,PREVIOUS_METADATA_BLOCKER_PRESENT|SENSOR_NOT_RESOLVED_TO_SENTINEL_2_OPTICAL,GUARDRAILS_PRESERVED_SENSOR_FAMILY_RESOLUTION_ONLY
REC_00529,Recife,2,requires_manual_sensor_selection,blocked_derived_embedding_without_source_sensor,BLOCKED_DERIVED_EMBEDDING_WITHOUT_SOURCE_SENSOR,DINOV2_EMBEDDING_IS_DERIVED_NOT_ACQUISITION_SENSOR,REJECTED_DERIVED_EMBEDDING_ONLY,asset_ref_0169ed69af3d|asset_ref_15117981e4cd|asset_ref_336259f17d72|asset_ref_3c933880ebc0|asset_ref_5a3404b22ced|asset_ref_840429fdece7|asset_ref_8ef92c95e194|asset_ref_acd70d780703|asset_ref_ca7de113c5b5|asset_ref_d81f9169bdf8|asset_ref_ea979a403d0d,dinov2_embedding|patch_manifest|unknown,false,false,true,true,false,false,PREVIOUS_METADATA_BLOCKER_PRESENT|SENSOR_NOT_RESOLVED_TO_SENTINEL_2_OPTICAL,GUARDRAILS_PRESERVED_SENSOR_FAMILY_RESOLUTION_ONLY
REC_00548,Recife,1,requires_manual_sensor_selection,blocked_derived_embedding_without_source_sensor,BLOCKED_DERIVED_EMBEDDING_WITHOUT_SOURCE_SENSOR,DINOV2_EMBEDDING_IS_DERIVED_NOT_ACQUISITION_SENSOR,REJECTED_DERIVED_EMBEDDING_ONLY,asset_ref_250357afc879|asset_ref_289cdd249b8e|asset_ref_294449fe538a|asset_ref_4bb88139e7dc|asset_ref_60f95b46cd32|asset_ref_671749992223|asset_ref_9482fbcc56e5|asset_ref_a256a52dd1d1|asset_ref_be07233963f2|asset_ref_dc9fa9f83745|asset_ref_fff8a891dbd3,dinov2_embedding|patch_manifest|unknown,false,false,true,true,false,false,PREVIOUS_METADATA_BLOCKER_PRESENT|SENSOR_NOT_RESOLVED_TO_SENTINEL_2_OPTICAL,GUARDRAILS_PRESERVED_SENSOR_FAMILY_RESOLUTION_ONLY
REC_00548,Recife,2,requires_manual_sensor_selection,blocked_derived_embedding_without_source_sensor,BLOCKED_DERIVED_EMBEDDING_WITHOUT_SOURCE_SENSOR,DINOV2_EMBEDDING_IS_DERIVED_NOT_ACQUISITION_SENSOR,REJECTED_DERIVED_EMBEDDING_ONLY,asset_ref_250357afc879|asset_ref_289cdd249b8e|asset_ref_294449fe538a|asset_ref_4bb88139e7dc|asset_ref_60f95b46cd32|asset_ref_671749992223|asset_ref_9482fbcc56e5|asset_ref_a256a52dd1d1|asset_ref_be07233963f2|asset_ref_dc9fa9f83745|asset_ref_fff8a891dbd3,dinov2_embedding|patch_manifest|unknown,false,false,true,true,false,false,PREVIOUS_METADATA_BLOCKER_PRESENT|SENSOR_NOT_RESOLVED_TO_SENTINEL_2_OPTICAL,GUARDRAILS_PRESERVED_SENSOR_FAMILY_RESOLUTION_ONLY
REC_00550,Recife,1,requires_manual_sensor_selection,blocked_derived_embedding_without_source_sensor,BLOCKED_DERIVED_EMBEDDING_WITHOUT_SOURCE_SENSOR,DINOV2_EMBEDDING_IS_DERIVED_NOT_ACQUISITION_SENSOR,REJECTED_DERIVED_EMBEDDING_ONLY,asset_ref_058f54da9a02|asset_ref_106534ef2c55|asset_ref_1f9cc5e444c8|asset_ref_49e117790467|asset_ref_6f17b1ddabac|asset_ref_7398f7802c10|asset_ref_a53334f62c5a|asset_ref_cb1af199a566|asset_ref_d4bbf3f42eee|asset_ref_d69e1b393be2|asset_ref_f45a88b7394e,dinov2_embedding|patch_manifest|unknown,false,false,true,true,false,false,PREVIOUS_METADATA_BLOCKER_PRESENT|SENSOR_NOT_RESOLVED_TO_SENTINEL_2_OPTICAL,GUARDRAILS_PRESERVED_SENSOR_FAMILY_RESOLUTION_ONLY
REC_00550,Recife,2,requires_manual_sensor_selection,blocked_derived_embedding_without_source_sensor,BLOCKED_DERIVED_EMBEDDING_WITHOUT_SOURCE_SENSOR,DINOV2_EMBEDDING_IS_DERIVED_NOT_ACQUISITION_SENSOR,REJECTED_DERIVED_EMBEDDING_ONLY,asset_ref_058f54da9a02|asset_ref_106534ef2c55|asset_ref_1f9cc5e444c8|asset_ref_49e117790467|asset_ref_6f17b1ddabac|asset_ref_7398f7802c10|asset_ref_a53334f62c5a|asset_ref_cb1af199a566|asset_ref_d4bbf3f42eee|asset_ref_d69e1b393be2|asset_ref_f45a88b7394e,dinov2_embedding|patch_manifest|unknown,false,false,true,true,false,false,PREVIOUS_METADATA_BLOCKER_PRESENT|SENSOR_NOT_RESOLVED_TO_SENTINEL_2_OPTICAL,GUARDRAILS_PRESERVED_SENSOR_FAMILY_RESOLUTION_ONLY
REC_01,Recife,1,requires_manual_sensor_selection,blocked_unknown_asset_type,BLOCKED_UNKNOWN_ASSET_TYPE,ONLY_UNKNOWN_OR_UNUSABLE_ASSET_TYPE_AVAILABLE,REJECTED_UNKNOWN_ASSET_TYPE,asset_ref_352c909f80c9|asset_ref_3987336c74e4|asset_ref_a3fffb2e6d64,patch_manifest|unknown,false,false,false,true,false,false,METADATA_REPAIR_REQUIRED_BEFORE_REQUEST|PREVIOUS_METADATA_BLOCKER_PRESENT|SENSOR_NOT_RESOLVED_TO_SENTINEL_2_OPTICAL|REQUIREMENT_ALREADY_BLOCKED,GUARDRAILS_PRESERVED_SENSOR_FAMILY_RESOLUTION_ONLY
REC_01,Recife,2,requires_manual_sensor_selection,blocked_unknown_asset_type,BLOCKED_UNKNOWN_ASSET_TYPE,ONLY_UNKNOWN_OR_UNUSABLE_ASSET_TYPE_AVAILABLE,REJECTED_UNKNOWN_ASSET_TYPE,asset_ref_352c909f80c9|asset_ref_3987336c74e4|asset_ref_a3fffb2e6d64,patch_manifest|unknown,false,false,false,true,false,false,METADATA_REPAIR_REQUIRED_BEFORE_REQUEST|PREVIOUS_METADATA_BLOCKER_PRESENT|SENSOR_NOT_RESOLVED_TO_SENTINEL_2_OPTICAL|REQUIREMENT_ALREADY_BLOCKED,GUARDRAILS_PRESERVED_SENSOR_FAMILY_RESOLUTION_ONLY
REC_01,Recife,3,requires_manual_sensor_selection,blocked_unknown_asset_type,BLOCKED_UNKNOWN_ASSET_TYPE,ONLY_UNKNOWN_OR_UNUSABLE_ASSET_TYPE_AVAILABLE,REJECTED_UNKNOWN_ASSET_TYPE,asset_ref_352c909f80c9|asset_ref_3987336c74e4|asset_ref_a3fffb2e6d64,patch_manifest|unknown,false,false,false,true,false,false,METADATA_REPAIR_REQUIRED_BEFORE_REQUEST|PREVIOUS_METADATA_BLOCKER_PRESENT|SENSOR_NOT_RESOLVED_TO_SENTINEL_2_OPTICAL|REQUIREMENT_ALREADY_BLOCKED,GUARDRAILS_PRESERVED_SENSOR_FAMILY_RESOLUTION_ONLY
REC_02,Recife,1,requires_manual_sensor_selection,blocked_unknown_asset_type,BLOCKED_UNKNOWN_ASSET_TYPE,ONLY_UNKNOWN_OR_UNUSABLE_ASSET_TYPE_AVAILABLE,REJECTED_UNKNOWN_ASSET_TYPE,asset_ref_c5237cb93e0d|asset_ref_d043177806ef|asset_ref_d3581f5ddce9,patch_manifest|unknown,false,false,false,true,false,false,METADATA_REPAIR_REQUIRED_BEFORE_REQUEST|PREVIOUS_METADATA_BLOCKER_PRESENT|SENSOR_NOT_RESOLVED_TO_SENTINEL_2_OPTICAL|REQUIREMENT_ALREADY_BLOCKED,GUARDRAILS_PRESERVED_SENSOR_FAMILY_RESOLUTION_ONLY
REC_02,Recife,2,requires_manual_sensor_selection,blocked_unknown_asset_type,BLOCKED_UNKNOWN_ASSET_TYPE,ONLY_UNKNOWN_OR_UNUSABLE_ASSET_TYPE_AVAILABLE,REJECTED_UNKNOWN_ASSET_TYPE,asset_ref_c5237cb93e0d|asset_ref_d043177806ef|asset_ref_d3581f5ddce9,patch_manifest|unknown,false,false,false,true,false,false,METADATA_REPAIR_REQUIRED_BEFORE_REQUEST|PREVIOUS_METADATA_BLOCKER_PRESENT|SENSOR_NOT_RESOLVED_TO_SENTINEL_2_OPTICAL|REQUIREMENT_ALREADY_BLOCKED,GUARDRAILS_PRESERVED_SENSOR_FAMILY_RESOLUTION_ONLY
REC_02,Recife,3,requires_manual_sensor_selection,blocked_unknown_asset_type,BLOCKED_UNKNOWN_ASSET_TYPE,ONLY_UNKNOWN_OR_UNUSABLE_ASSET_TYPE_AVAILABLE,REJECTED_UNKNOWN_ASSET_TYPE,asset_ref_c5237cb93e0d|asset_ref_d043177806ef|asset_ref_d3581f5ddce9,patch_manifest|unknown,false,false,false,true,false,false,METADATA_REPAIR_REQUIRED_BEFORE_REQUEST|PREVIOUS_METADATA_BLOCKER_PRESENT|SENSOR_NOT_RESOLVED_TO_SENTINEL_2_OPTICAL|REQUIREMENT_ALREADY_BLOCKED,GUARDRAILS_PRESERVED_SENSOR_FAMILY_RESOLUTION_ONLY
REC_03,Recife,1,requires_manual_sensor_selection,blocked_unknown_asset_type,BLOCKED_UNKNOWN_ASSET_TYPE,ONLY_UNKNOWN_OR_UNUSABLE_ASSET_TYPE_AVAILABLE,REJECTED_UNKNOWN_ASSET_TYPE,asset_ref_2023de04ad92|asset_ref_77dec20a29c1|asset_ref_ed8e75100cba,patch_manifest|unknown,false,false,false,true,false,false,METADATA_REPAIR_REQUIRED_BEFORE_REQUEST|PREVIOUS_METADATA_BLOCKER_PRESENT|SENSOR_NOT_RESOLVED_TO_SENTINEL_2_OPTICAL|REQUIREMENT_ALREADY_BLOCKED,GUARDRAILS_PRESERVED_SENSOR_FAMILY_RESOLUTION_ONLY
REC_03,Recife,2,requires_manual_sensor_selection,blocked_unknown_asset_type,BLOCKED_UNKNOWN_ASSET_TYPE,ONLY_UNKNOWN_OR_UNUSABLE_ASSET_TYPE_AVAILABLE,REJECTED_UNKNOWN_ASSET_TYPE,asset_ref_2023de04ad92|asset_ref_77dec20a29c1|asset_ref_ed8e75100cba,patch_manifest|unknown,false,false,false,true,false,false,METADATA_REPAIR_REQUIRED_BEFORE_REQUEST|PREVIOUS_METADATA_BLOCKER_PRESENT|SENSOR_NOT_RESOLVED_TO_SENTINEL_2_OPTICAL|REQUIREMENT_ALREADY_BLOCKED,GUARDRAILS_PRESERVED_SENSOR_FAMILY_RESOLUTION_ONLY
REC_03,Recife,3,requires_manual_sensor_selection,blocked_unknown_asset_type,BLOCKED_UNKNOWN_ASSET_TYPE,ONLY_UNKNOWN_OR_UNUSABLE_ASSET_TYPE_AVAILABLE,REJECTED_UNKNOWN_ASSET_TYPE,asset_ref_2023de04ad92|asset_ref_77dec20a29c1|asset_ref_ed8e75100cba,patch_manifest|unknown,false,false,false,true,false,false,METADATA_REPAIR_REQUIRED_BEFORE_REQUEST|PREVIOUS_METADATA_BLOCKER_PRESENT|SENSOR_NOT_RESOLVED_TO_SENTINEL_2_OPTICAL|REQUIREMENT_ALREADY_BLOCKED,GUARDRAILS_PRESERVED_SENSOR_FAMILY_RESOLUTION_ONLY
REC_04,Recife,1,requires_manual_sensor_selection,blocked_unknown_asset_type,BLOCKED_UNKNOWN_ASSET_TYPE,ONLY_UNKNOWN_OR_UNUSABLE_ASSET_TYPE_AVAILABLE,REJECTED_UNKNOWN_ASSET_TYPE,asset_ref_1e2a98099805|asset_ref_40424507b591|asset_ref_796ae44132a8,patch_manifest|unknown,false,false,false,true,false,false,METADATA_REPAIR_REQUIRED_BEFORE_REQUEST|PREVIOUS_METADATA_BLOCKER_PRESENT|SENSOR_NOT_RESOLVED_TO_SENTINEL_2_OPTICAL|REQUIREMENT_ALREADY_BLOCKED,GUARDRAILS_PRESERVED_SENSOR_FAMILY_RESOLUTION_ONLY
REC_04,Recife,2,requires_manual_sensor_selection,blocked_unknown_asset_type,BLOCKED_UNKNOWN_ASSET_TYPE,ONLY_UNKNOWN_OR_UNUSABLE_ASSET_TYPE_AVAILABLE,REJECTED_UNKNOWN_ASSET_TYPE,asset_ref_1e2a98099805|asset_ref_40424507b591|asset_ref_796ae44132a8,patch_manifest|unknown,false,false,false,true,false,false,METADATA_REPAIR_REQUIRED_BEFORE_REQUEST|PREVIOUS_METADATA_BLOCKER_PRESENT|SENSOR_NOT_RESOLVED_TO_SENTINEL_2_OPTICAL|REQUIREMENT_ALREADY_BLOCKED,GUARDRAILS_PRESERVED_SENSOR_FAMILY_RESOLUTION_ONLY
REC_04,Recife,3,requires_manual_sensor_selection,blocked_unknown_asset_type,BLOCKED_UNKNOWN_ASSET_TYPE,ONLY_UNKNOWN_OR_UNUSABLE_ASSET_TYPE_AVAILABLE,REJECTED_UNKNOWN_ASSET_TYPE,asset_ref_1e2a98099805|asset_ref_40424507b591|asset_ref_796ae44132a8,patch_manifest|unknown,false,false,false,true,false,false,METADATA_REPAIR_REQUIRED_BEFORE_REQUEST|PREVIOUS_METADATA_BLOCKER_PRESENT|SENSOR_NOT_RESOLVED_TO_SENTINEL_2_OPTICAL|REQUIREMENT_ALREADY_BLOCKED,GUARDRAILS_PRESERVED_SENSOR_FAMILY_RESOLUTION_ONLY
REC_05,Recife,1,requires_manual_sensor_selection,blocked_unknown_asset_type,BLOCKED_UNKNOWN_ASSET_TYPE,ONLY_UNKNOWN_OR_UNUSABLE_ASSET_TYPE_AVAILABLE,REJECTED_UNKNOWN_ASSET_TYPE,asset_ref_11e7c50add38|asset_ref_c2f385a4f579|asset_ref_dd0cb7ed18db,patch_manifest|unknown,false,false,false,true,false,false,METADATA_REPAIR_REQUIRED_BEFORE_REQUEST|PREVIOUS_METADATA_BLOCKER_PRESENT|SENSOR_NOT_RESOLVED_TO_SENTINEL_2_OPTICAL|REQUIREMENT_ALREADY_BLOCKED,GUARDRAILS_PRESERVED_SENSOR_FAMILY_RESOLUTION_ONLY
REC_05,Recife,2,requires_manual_sensor_selection,blocked_unknown_asset_type,BLOCKED_UNKNOWN_ASSET_TYPE,ONLY_UNKNOWN_OR_UNUSABLE_ASSET_TYPE_AVAILABLE,REJECTED_UNKNOWN_ASSET_TYPE,asset_ref_11e7c50add38|asset_ref_c2f385a4f579|asset_ref_dd0cb7ed18db,patch_manifest|unknown,false,false,false,true,false,false,METADATA_REPAIR_REQUIRED_BEFORE_REQUEST|PREVIOUS_METADATA_BLOCKER_PRESENT|SENSOR_NOT_RESOLVED_TO_SENTINEL_2_OPTICAL|REQUIREMENT_ALREADY_BLOCKED,GUARDRAILS_PRESERVED_SENSOR_FAMILY_RESOLUTION_ONLY
REC_05,Recife,3,requires_manual_sensor_selection,blocked_unknown_asset_type,BLOCKED_UNKNOWN_ASSET_TYPE,ONLY_UNKNOWN_OR_UNUSABLE_ASSET_TYPE_AVAILABLE,REJECTED_UNKNOWN_ASSET_TYPE,asset_ref_11e7c50add38|asset_ref_c2f385a4f579|asset_ref_dd0cb7ed18db,patch_manifest|unknown,false,false,false,true,false,false,METADATA_REPAIR_REQUIRED_BEFORE_REQUEST|PREVIOUS_METADATA_BLOCKER_PRESENT|SENSOR_NOT_RESOLVED_TO_SENTINEL_2_OPTICAL|REQUIREMENT_ALREADY_BLOCKED,GUARDRAILS_PRESERVED_SENSOR_FAMILY_RESOLUTION_ONLY
REC_06,Recife,1,requires_manual_sensor_selection,blocked_unknown_asset_type,BLOCKED_UNKNOWN_ASSET_TYPE,ONLY_UNKNOWN_OR_UNUSABLE_ASSET_TYPE_AVAILABLE,REJECTED_UNKNOWN_ASSET_TYPE,asset_ref_cccfe9e2a839|asset_ref_dc6c2bdacf6d|asset_ref_e8f41f703dbf,patch_manifest|unknown,false,false,false,true,false,false,METADATA_REPAIR_REQUIRED_BEFORE_REQUEST|PREVIOUS_METADATA_BLOCKER_PRESENT|SENSOR_NOT_RESOLVED_TO_SENTINEL_2_OPTICAL|REQUIREMENT_ALREADY_BLOCKED,GUARDRAILS_PRESERVED_SENSOR_FAMILY_RESOLUTION_ONLY
REC_06,Recife,2,requires_manual_sensor_selection,blocked_unknown_asset_type,BLOCKED_UNKNOWN_ASSET_TYPE,ONLY_UNKNOWN_OR_UNUSABLE_ASSET_TYPE_AVAILABLE,REJECTED_UNKNOWN_ASSET_TYPE,asset_ref_cccfe9e2a839|asset_ref_dc6c2bdacf6d|asset_ref_e8f41f703dbf,patch_manifest|unknown,false,false,false,true,false,false,METADATA_REPAIR_REQUIRED_BEFORE_REQUEST|PREVIOUS_METADATA_BLOCKER_PRESENT|SENSOR_NOT_RESOLVED_TO_SENTINEL_2_OPTICAL|REQUIREMENT_ALREADY_BLOCKED,GUARDRAILS_PRESERVED_SENSOR_FAMILY_RESOLUTION_ONLY
REC_06,Recife,3,requires_manual_sensor_selection,blocked_unknown_asset_type,BLOCKED_UNKNOWN_ASSET_TYPE,ONLY_UNKNOWN_OR_UNUSABLE_ASSET_TYPE_AVAILABLE,REJECTED_UNKNOWN_ASSET_TYPE,asset_ref_cccfe9e2a839|asset_ref_dc6c2bdacf6d|asset_ref_e8f41f703dbf,patch_manifest|unknown,false,false,false,true,false,false,METADATA_REPAIR_REQUIRED_BEFORE_REQUEST|PREVIOUS_METADATA_BLOCKER_PRESENT|SENSOR_NOT_RESOLVED_TO_SENTINEL_2_OPTICAL|REQUIREMENT_ALREADY_BLOCKED,GUARDRAILS_PRESERVED_SENSOR_FAMILY_RESOLUTION_ONLY
REC_07,Recife,1,requires_manual_sensor_selection,blocked_unknown_asset_type,BLOCKED_UNKNOWN_ASSET_TYPE,ONLY_UNKNOWN_OR_UNUSABLE_ASSET_TYPE_AVAILABLE,REJECTED_UNKNOWN_ASSET_TYPE,asset_ref_398d2244b073|asset_ref_6adbbc653c78|asset_ref_c05105c04293,patch_manifest|unknown,false,false,false,true,false,false,METADATA_REPAIR_REQUIRED_BEFORE_REQUEST|PREVIOUS_METADATA_BLOCKER_PRESENT|SENSOR_NOT_RESOLVED_TO_SENTINEL_2_OPTICAL|REQUIREMENT_ALREADY_BLOCKED,GUARDRAILS_PRESERVED_SENSOR_FAMILY_RESOLUTION_ONLY
REC_07,Recife,2,requires_manual_sensor_selection,blocked_unknown_asset_type,BLOCKED_UNKNOWN_ASSET_TYPE,ONLY_UNKNOWN_OR_UNUSABLE_ASSET_TYPE_AVAILABLE,REJECTED_UNKNOWN_ASSET_TYPE,asset_ref_398d2244b073|asset_ref_6adbbc653c78|asset_ref_c05105c04293,patch_manifest|unknown,false,false,false,true,false,false,METADATA_REPAIR_REQUIRED_BEFORE_REQUEST|PREVIOUS_METADATA_BLOCKER_PRESENT|SENSOR_NOT_RESOLVED_TO_SENTINEL_2_OPTICAL|REQUIREMENT_ALREADY_BLOCKED,GUARDRAILS_PRESERVED_SENSOR_FAMILY_RESOLUTION_ONLY
REC_07,Recife,3,requires_manual_sensor_selection,blocked_unknown_asset_type,BLOCKED_UNKNOWN_ASSET_TYPE,ONLY_UNKNOWN_OR_UNUSABLE_ASSET_TYPE_AVAILABLE,REJECTED_UNKNOWN_ASSET_TYPE,asset_ref_398d2244b073|asset_ref_6adbbc653c78|asset_ref_c05105c04293,patch_manifest|unknown,false,false,false,true,false,false,METADATA_REPAIR_REQUIRED_BEFORE_REQUEST|PREVIOUS_METADATA_BLOCKER_PRESENT|SENSOR_NOT_RESOLVED_TO_SENTINEL_2_OPTICAL|REQUIREMENT_ALREADY_BLOCKED,GUARDRAILS_PRESERVED_SENSOR_FAMILY_RESOLUTION_ONLY
REC_08,Recife,1,requires_manual_sensor_selection,blocked_unknown_asset_type,BLOCKED_UNKNOWN_ASSET_TYPE,ONLY_UNKNOWN_OR_UNUSABLE_ASSET_TYPE_AVAILABLE,REJECTED_UNKNOWN_ASSET_TYPE,asset_ref_43260a7fd50a|asset_ref_443d6cbac689|asset_ref_e33f265a8eb9,patch_manifest|unknown,false,false,false,true,false,false,METADATA_REPAIR_REQUIRED_BEFORE_REQUEST|PREVIOUS_METADATA_BLOCKER_PRESENT|SENSOR_NOT_RESOLVED_TO_SENTINEL_2_OPTICAL|REQUIREMENT_ALREADY_BLOCKED,GUARDRAILS_PRESERVED_SENSOR_FAMILY_RESOLUTION_ONLY
REC_08,Recife,2,requires_manual_sensor_selection,blocked_unknown_asset_type,BLOCKED_UNKNOWN_ASSET_TYPE,ONLY_UNKNOWN_OR_UNUSABLE_ASSET_TYPE_AVAILABLE,REJECTED_UNKNOWN_ASSET_TYPE,asset_ref_43260a7fd50a|asset_ref_443d6cbac689|asset_ref_e33f265a8eb9,patch_manifest|unknown,false,false,false,true,false,false,METADATA_REPAIR_REQUIRED_BEFORE_REQUEST|PREVIOUS_METADATA_BLOCKER_PRESENT|SENSOR_NOT_RESOLVED_TO_SENTINEL_2_OPTICAL|REQUIREMENT_ALREADY_BLOCKED,GUARDRAILS_PRESERVED_SENSOR_FAMILY_RESOLUTION_ONLY
REC_08,Recife,3,requires_manual_sensor_selection,blocked_unknown_asset_type,BLOCKED_UNKNOWN_ASSET_TYPE,ONLY_UNKNOWN_OR_UNUSABLE_ASSET_TYPE_AVAILABLE,REJECTED_UNKNOWN_ASSET_TYPE,asset_ref_43260a7fd50a|asset_ref_443d6cbac689|asset_ref_e33f265a8eb9,patch_manifest|unknown,false,false,false,true,false,false,METADATA_REPAIR_REQUIRED_BEFORE_REQUEST|PREVIOUS_METADATA_BLOCKER_PRESENT|SENSOR_NOT_RESOLVED_TO_SENTINEL_2_OPTICAL|REQUIREMENT_ALREADY_BLOCKED,GUARDRAILS_PRESERVED_SENSOR_FAMILY_RESOLUTION_ONLY
REC_09,Recife,1,requires_manual_sensor_selection,blocked_unknown_asset_type,BLOCKED_UNKNOWN_ASSET_TYPE,ONLY_UNKNOWN_OR_UNUSABLE_ASSET_TYPE_AVAILABLE,REJECTED_UNKNOWN_ASSET_TYPE,asset_ref_30dc1d950128|asset_ref_6d7bd232e010|asset_ref_e84113cd598a,patch_manifest|unknown,false,false,false,true,false,false,METADATA_REPAIR_REQUIRED_BEFORE_REQUEST|PREVIOUS_METADATA_BLOCKER_PRESENT|SENSOR_NOT_RESOLVED_TO_SENTINEL_2_OPTICAL|REQUIREMENT_ALREADY_BLOCKED,GUARDRAILS_PRESERVED_SENSOR_FAMILY_RESOLUTION_ONLY
REC_09,Recife,2,requires_manual_sensor_selection,blocked_unknown_asset_type,BLOCKED_UNKNOWN_ASSET_TYPE,ONLY_UNKNOWN_OR_UNUSABLE_ASSET_TYPE_AVAILABLE,REJECTED_UNKNOWN_ASSET_TYPE,asset_ref_30dc1d950128|asset_ref_6d7bd232e010|asset_ref_e84113cd598a,patch_manifest|unknown,false,false,false,true,false,false,METADATA_REPAIR_REQUIRED_BEFORE_REQUEST|PREVIOUS_METADATA_BLOCKER_PRESENT|SENSOR_NOT_RESOLVED_TO_SENTINEL_2_OPTICAL|REQUIREMENT_ALREADY_BLOCKED,GUARDRAILS_PRESERVED_SENSOR_FAMILY_RESOLUTION_ONLY
REC_09,Recife,3,requires_manual_sensor_selection,blocked_unknown_asset_type,BLOCKED_UNKNOWN_ASSET_TYPE,ONLY_UNKNOWN_OR_UNUSABLE_ASSET_TYPE_AVAILABLE,REJECTED_UNKNOWN_ASSET_TYPE,asset_ref_30dc1d950128|asset_ref_6d7bd232e010|asset_ref_e84113cd598a,patch_manifest|unknown,false,false,false,true,false,false,METADATA_REPAIR_REQUIRED_BEFORE_REQUEST|PREVIOUS_METADATA_BLOCKER_PRESENT|SENSOR_NOT_RESOLVED_TO_SENTINEL_2_OPTICAL|REQUIREMENT_ALREADY_BLOCKED,GUARDRAILS_PRESERVED_SENSOR_FAMILY_RESOLUTION_ONLY
REC_10,Recife,1,requires_manual_sensor_selection,blocked_unknown_asset_type,BLOCKED_UNKNOWN_ASSET_TYPE,ONLY_UNKNOWN_OR_UNUSABLE_ASSET_TYPE_AVAILABLE,REJECTED_UNKNOWN_ASSET_TYPE,asset_ref_4ce92889e7cf|asset_ref_8673d1a99296|asset_ref_ff677d7d745b,patch_manifest|unknown,false,false,false,true,false,false,METADATA_REPAIR_REQUIRED_BEFORE_REQUEST|PREVIOUS_METADATA_BLOCKER_PRESENT|SENSOR_NOT_RESOLVED_TO_SENTINEL_2_OPTICAL|REQUIREMENT_ALREADY_BLOCKED,GUARDRAILS_PRESERVED_SENSOR_FAMILY_RESOLUTION_ONLY
REC_10,Recife,2,requires_manual_sensor_selection,blocked_unknown_asset_type,BLOCKED_UNKNOWN_ASSET_TYPE,ONLY_UNKNOWN_OR_UNUSABLE_ASSET_TYPE_AVAILABLE,REJECTED_UNKNOWN_ASSET_TYPE,asset_ref_4ce92889e7cf|asset_ref_8673d1a99296|asset_ref_ff677d7d745b,patch_manifest|unknown,false,false,false,true,false,false,METADATA_REPAIR_REQUIRED_BEFORE_REQUEST|PREVIOUS_METADATA_BLOCKER_PRESENT|SENSOR_NOT_RESOLVED_TO_SENTINEL_2_OPTICAL|REQUIREMENT_ALREADY_BLOCKED,GUARDRAILS_PRESERVED_SENSOR_FAMILY_RESOLUTION_ONLY
REC_10,Recife,3,requires_manual_sensor_selection,blocked_unknown_asset_type,BLOCKED_UNKNOWN_ASSET_TYPE,ONLY_UNKNOWN_OR_UNUSABLE_ASSET_TYPE_AVAILABLE,REJECTED_UNKNOWN_ASSET_TYPE,asset_ref_4ce92889e7cf|asset_ref_8673d1a99296|asset_ref_ff677d7d745b,patch_manifest|unknown,false,false,false,true,false,false,METADATA_REPAIR_REQUIRED_BEFORE_REQUEST|PREVIOUS_METADATA_BLOCKER_PRESENT|SENSOR_NOT_RESOLVED_TO_SENTINEL_2_OPTICAL|REQUIREMENT_ALREADY_BLOCKED,GUARDRAILS_PRESERVED_SENSOR_FAMILY_RESOLUTION_ONLY
REC_11,Recife,1,requires_manual_sensor_selection,blocked_unknown_asset_type,BLOCKED_UNKNOWN_ASSET_TYPE,ONLY_UNKNOWN_OR_UNUSABLE_ASSET_TYPE_AVAILABLE,REJECTED_UNKNOWN_ASSET_TYPE,asset_ref_b40487f95b3e|asset_ref_bbfd5522ffe8|asset_ref_c894ab928e09,patch_manifest|unknown,false,false,false,true,false,false,METADATA_REPAIR_REQUIRED_BEFORE_REQUEST|PREVIOUS_METADATA_BLOCKER_PRESENT|SENSOR_NOT_RESOLVED_TO_SENTINEL_2_OPTICAL|REQUIREMENT_ALREADY_BLOCKED,GUARDRAILS_PRESERVED_SENSOR_FAMILY_RESOLUTION_ONLY
REC_11,Recife,2,requires_manual_sensor_selection,blocked_unknown_asset_type,BLOCKED_UNKNOWN_ASSET_TYPE,ONLY_UNKNOWN_OR_UNUSABLE_ASSET_TYPE_AVAILABLE,REJECTED_UNKNOWN_ASSET_TYPE,asset_ref_b40487f95b3e|asset_ref_bbfd5522ffe8|asset_ref_c894ab928e09,patch_manifest|unknown,false,false,false,true,false,false,METADATA_REPAIR_REQUIRED_BEFORE_REQUEST|PREVIOUS_METADATA_BLOCKER_PRESENT|SENSOR_NOT_RESOLVED_TO_SENTINEL_2_OPTICAL|REQUIREMENT_ALREADY_BLOCKED,GUARDRAILS_PRESERVED_SENSOR_FAMILY_RESOLUTION_ONLY
REC_11,Recife,3,requires_manual_sensor_selection,blocked_unknown_asset_type,BLOCKED_UNKNOWN_ASSET_TYPE,ONLY_UNKNOWN_OR_UNUSABLE_ASSET_TYPE_AVAILABLE,REJECTED_UNKNOWN_ASSET_TYPE,asset_ref_b40487f95b3e|asset_ref_bbfd5522ffe8|asset_ref_c894ab928e09,patch_manifest|unknown,false,false,false,true,false,false,METADATA_REPAIR_REQUIRED_BEFORE_REQUEST|PREVIOUS_METADATA_BLOCKER_PRESENT|SENSOR_NOT_RESOLVED_TO_SENTINEL_2_OPTICAL|REQUIREMENT_ALREADY_BLOCKED,GUARDRAILS_PRESERVED_SENSOR_FAMILY_RESOLUTION_ONLY
REC_12,Recife,1,requires_manual_sensor_selection,blocked_unknown_asset_type,BLOCKED_UNKNOWN_ASSET_TYPE,ONLY_UNKNOWN_OR_UNUSABLE_ASSET_TYPE_AVAILABLE,REJECTED_UNKNOWN_ASSET_TYPE,asset_ref_3c1f8e251216|asset_ref_e667416910c4|asset_ref_eedb2af6aef9,patch_manifest|unknown,false,false,false,true,false,false,METADATA_REPAIR_REQUIRED_BEFORE_REQUEST|PREVIOUS_METADATA_BLOCKER_PRESENT|SENSOR_NOT_RESOLVED_TO_SENTINEL_2_OPTICAL|REQUIREMENT_ALREADY_BLOCKED,GUARDRAILS_PRESERVED_SENSOR_FAMILY_RESOLUTION_ONLY
REC_12,Recife,2,requires_manual_sensor_selection,blocked_unknown_asset_type,BLOCKED_UNKNOWN_ASSET_TYPE,ONLY_UNKNOWN_OR_UNUSABLE_ASSET_TYPE_AVAILABLE,REJECTED_UNKNOWN_ASSET_TYPE,asset_ref_3c1f8e251216|asset_ref_e667416910c4|asset_ref_eedb2af6aef9,patch_manifest|unknown,false,false,false,true,false,false,METADATA_REPAIR_REQUIRED_BEFORE_REQUEST|PREVIOUS_METADATA_BLOCKER_PRESENT|SENSOR_NOT_RESOLVED_TO_SENTINEL_2_OPTICAL|REQUIREMENT_ALREADY_BLOCKED,GUARDRAILS_PRESERVED_SENSOR_FAMILY_RESOLUTION_ONLY
REC_12,Recife,3,requires_manual_sensor_selection,blocked_unknown_asset_type,BLOCKED_UNKNOWN_ASSET_TYPE,ONLY_UNKNOWN_OR_UNUSABLE_ASSET_TYPE_AVAILABLE,REJECTED_UNKNOWN_ASSET_TYPE,asset_ref_3c1f8e251216|asset_ref_e667416910c4|asset_ref_eedb2af6aef9,patch_manifest|unknown,false,false,false,true,false,false,METADATA_REPAIR_REQUIRED_BEFORE_REQUEST|PREVIOUS_METADATA_BLOCKER_PRESENT|SENSOR_NOT_RESOLVED_TO_SENTINEL_2_OPTICAL|REQUIREMENT_ALREADY_BLOCKED,GUARDRAILS_PRESERVED_SENSOR_FAMILY_RESOLUTION_ONLY
REC_13,Recife,1,requires_manual_sensor_selection,blocked_unknown_asset_type,BLOCKED_UNKNOWN_ASSET_TYPE,ONLY_UNKNOWN_OR_UNUSABLE_ASSET_TYPE_AVAILABLE,REJECTED_UNKNOWN_ASSET_TYPE,asset_ref_68314c550600|asset_ref_8ee59b21c5e2|asset_ref_9ccc80a75797,patch_manifest|unknown,false,false,false,true,false,false,METADATA_REPAIR_REQUIRED_BEFORE_REQUEST|PREVIOUS_METADATA_BLOCKER_PRESENT|SENSOR_NOT_RESOLVED_TO_SENTINEL_2_OPTICAL|REQUIREMENT_ALREADY_BLOCKED,GUARDRAILS_PRESERVED_SENSOR_FAMILY_RESOLUTION_ONLY
REC_13,Recife,2,requires_manual_sensor_selection,blocked_unknown_asset_type,BLOCKED_UNKNOWN_ASSET_TYPE,ONLY_UNKNOWN_OR_UNUSABLE_ASSET_TYPE_AVAILABLE,REJECTED_UNKNOWN_ASSET_TYPE,asset_ref_68314c550600|asset_ref_8ee59b21c5e2|asset_ref_9ccc80a75797,patch_manifest|unknown,false,false,false,true,false,false,METADATA_REPAIR_REQUIRED_BEFORE_REQUEST|PREVIOUS_METADATA_BLOCKER_PRESENT|SENSOR_NOT_RESOLVED_TO_SENTINEL_2_OPTICAL|REQUIREMENT_ALREADY_BLOCKED,GUARDRAILS_PRESERVED_SENSOR_FAMILY_RESOLUTION_ONLY
REC_13,Recife,3,requires_manual_sensor_selection,blocked_unknown_asset_type,BLOCKED_UNKNOWN_ASSET_TYPE,ONLY_UNKNOWN_OR_UNUSABLE_ASSET_TYPE_AVAILABLE,REJECTED_UNKNOWN_ASSET_TYPE,asset_ref_68314c550600|asset_ref_8ee59b21c5e2|asset_ref_9ccc80a75797,patch_manifest|unknown,false,false,false,true,false,false,METADATA_REPAIR_REQUIRED_BEFORE_REQUEST|PREVIOUS_METADATA_BLOCKER_PRESENT|SENSOR_NOT_RESOLVED_TO_SENTINEL_2_OPTICAL|REQUIREMENT_ALREADY_BLOCKED,GUARDRAILS_PRESERVED_SENSOR_FAMILY_RESOLUTION_ONLY
REC_14,Recife,1,requires_manual_sensor_selection,blocked_unknown_asset_type,BLOCKED_UNKNOWN_ASSET_TYPE,ONLY_UNKNOWN_OR_UNUSABLE_ASSET_TYPE_AVAILABLE,REJECTED_UNKNOWN_ASSET_TYPE,asset_ref_2d04bcb977ff|asset_ref_900d2c129006|asset_ref_9033bc9c408a,patch_manifest|unknown,false,false,false,true,false,false,METADATA_REPAIR_REQUIRED_BEFORE_REQUEST|PREVIOUS_METADATA_BLOCKER_PRESENT|SENSOR_NOT_RESOLVED_TO_SENTINEL_2_OPTICAL|REQUIREMENT_ALREADY_BLOCKED,GUARDRAILS_PRESERVED_SENSOR_FAMILY_RESOLUTION_ONLY
REC_14,Recife,2,requires_manual_sensor_selection,blocked_unknown_asset_type,BLOCKED_UNKNOWN_ASSET_TYPE,ONLY_UNKNOWN_OR_UNUSABLE_ASSET_TYPE_AVAILABLE,REJECTED_UNKNOWN_ASSET_TYPE,asset_ref_2d04bcb977ff|asset_ref_900d2c129006|asset_ref_9033bc9c408a,patch_manifest|unknown,false,false,false,true,false,false,METADATA_REPAIR_REQUIRED_BEFORE_REQUEST|PREVIOUS_METADATA_BLOCKER_PRESENT|SENSOR_NOT_RESOLVED_TO_SENTINEL_2_OPTICAL|REQUIREMENT_ALREADY_BLOCKED,GUARDRAILS_PRESERVED_SENSOR_FAMILY_RESOLUTION_ONLY
REC_14,Recife,3,requires_manual_sensor_selection,blocked_unknown_asset_type,BLOCKED_UNKNOWN_ASSET_TYPE,ONLY_UNKNOWN_OR_UNUSABLE_ASSET_TYPE_AVAILABLE,REJECTED_UNKNOWN_ASSET_TYPE,asset_ref_2d04bcb977ff|asset_ref_900d2c129006|asset_ref_9033bc9c408a,patch_manifest|unknown,false,false,false,true,false,false,METADATA_REPAIR_REQUIRED_BEFORE_REQUEST|PREVIOUS_METADATA_BLOCKER_PRESENT|SENSOR_NOT_RESOLVED_TO_SENTINEL_2_OPTICAL|REQUIREMENT_ALREADY_BLOCKED,GUARDRAILS_PRESERVED_SENSOR_FAMILY_RESOLUTION_ONLY
REC_15,Recife,1,requires_manual_sensor_selection,blocked_unknown_asset_type,BLOCKED_UNKNOWN_ASSET_TYPE,ONLY_UNKNOWN_OR_UNUSABLE_ASSET_TYPE_AVAILABLE,REJECTED_UNKNOWN_ASSET_TYPE,asset_ref_0fc847b03c26|asset_ref_dff508b51a92|asset_ref_f586aeb0a6d9,patch_manifest|unknown,false,false,false,true,false,false,METADATA_REPAIR_REQUIRED_BEFORE_REQUEST|PREVIOUS_METADATA_BLOCKER_PRESENT|SENSOR_NOT_RESOLVED_TO_SENTINEL_2_OPTICAL|REQUIREMENT_ALREADY_BLOCKED,GUARDRAILS_PRESERVED_SENSOR_FAMILY_RESOLUTION_ONLY
REC_15,Recife,2,requires_manual_sensor_selection,blocked_unknown_asset_type,BLOCKED_UNKNOWN_ASSET_TYPE,ONLY_UNKNOWN_OR_UNUSABLE_ASSET_TYPE_AVAILABLE,REJECTED_UNKNOWN_ASSET_TYPE,asset_ref_0fc847b03c26|asset_ref_dff508b51a92|asset_ref_f586aeb0a6d9,patch_manifest|unknown,false,false,false,true,false,false,METADATA_REPAIR_REQUIRED_BEFORE_REQUEST|PREVIOUS_METADATA_BLOCKER_PRESENT|SENSOR_NOT_RESOLVED_TO_SENTINEL_2_OPTICAL|REQUIREMENT_ALREADY_BLOCKED,GUARDRAILS_PRESERVED_SENSOR_FAMILY_RESOLUTION_ONLY
REC_15,Recife,3,requires_manual_sensor_selection,blocked_unknown_asset_type,BLOCKED_UNKNOWN_ASSET_TYPE,ONLY_UNKNOWN_OR_UNUSABLE_ASSET_TYPE_AVAILABLE,REJECTED_UNKNOWN_ASSET_TYPE,asset_ref_0fc847b03c26|asset_ref_dff508b51a92|asset_ref_f586aeb0a6d9,patch_manifest|unknown,false,false,false,true,false,false,METADATA_REPAIR_REQUIRED_BEFORE_REQUEST|PREVIOUS_METADATA_BLOCKER_PRESENT|SENSOR_NOT_RESOLVED_TO_SENTINEL_2_OPTICAL|REQUIREMENT_ALREADY_BLOCKED,GUARDRAILS_PRESERVED_SENSOR_FAMILY_RESOLUTION_ONLY
REC_16,Recife,1,requires_manual_sensor_selection,blocked_unknown_asset_type,BLOCKED_UNKNOWN_ASSET_TYPE,ONLY_UNKNOWN_OR_UNUSABLE_ASSET_TYPE_AVAILABLE,REJECTED_UNKNOWN_ASSET_TYPE,asset_ref_0947cf0dde2c|asset_ref_4baa16e44b0c|asset_ref_fe5368bf8c4a,patch_manifest|unknown,false,false,false,true,false,false,METADATA_REPAIR_REQUIRED_BEFORE_REQUEST|PREVIOUS_METADATA_BLOCKER_PRESENT|SENSOR_NOT_RESOLVED_TO_SENTINEL_2_OPTICAL|REQUIREMENT_ALREADY_BLOCKED,GUARDRAILS_PRESERVED_SENSOR_FAMILY_RESOLUTION_ONLY
REC_16,Recife,2,requires_manual_sensor_selection,blocked_unknown_asset_type,BLOCKED_UNKNOWN_ASSET_TYPE,ONLY_UNKNOWN_OR_UNUSABLE_ASSET_TYPE_AVAILABLE,REJECTED_UNKNOWN_ASSET_TYPE,asset_ref_0947cf0dde2c|asset_ref_4baa16e44b0c|asset_ref_fe5368bf8c4a,patch_manifest|unknown,false,false,false,true,false,false,METADATA_REPAIR_REQUIRED_BEFORE_REQUEST|PREVIOUS_METADATA_BLOCKER_PRESENT|SENSOR_NOT_RESOLVED_TO_SENTINEL_2_OPTICAL|REQUIREMENT_ALREADY_BLOCKED,GUARDRAILS_PRESERVED_SENSOR_FAMILY_RESOLUTION_ONLY
REC_16,Recife,3,requires_manual_sensor_selection,blocked_unknown_asset_type,BLOCKED_UNKNOWN_ASSET_TYPE,ONLY_UNKNOWN_OR_UNUSABLE_ASSET_TYPE_AVAILABLE,REJECTED_UNKNOWN_ASSET_TYPE,asset_ref_0947cf0dde2c|asset_ref_4baa16e44b0c|asset_ref_fe5368bf8c4a,patch_manifest|unknown,false,false,false,true,false,false,METADATA_REPAIR_REQUIRED_BEFORE_REQUEST|PREVIOUS_METADATA_BLOCKER_PRESENT|SENSOR_NOT_RESOLVED_TO_SENTINEL_2_OPTICAL|REQUIREMENT_ALREADY_BLOCKED,GUARDRAILS_PRESERVED_SENSOR_FAMILY_RESOLUTION_ONLY
REC_17,Recife,1,requires_manual_sensor_selection,blocked_unknown_asset_type,BLOCKED_UNKNOWN_ASSET_TYPE,ONLY_UNKNOWN_OR_UNUSABLE_ASSET_TYPE_AVAILABLE,REJECTED_UNKNOWN_ASSET_TYPE,asset_ref_24548f7b7cc1|asset_ref_3ebcf8ca3e7e|asset_ref_71b0f754768a,patch_manifest|unknown,false,false,false,true,false,false,METADATA_REPAIR_REQUIRED_BEFORE_REQUEST|PREVIOUS_METADATA_BLOCKER_PRESENT|SENSOR_NOT_RESOLVED_TO_SENTINEL_2_OPTICAL|REQUIREMENT_ALREADY_BLOCKED,GUARDRAILS_PRESERVED_SENSOR_FAMILY_RESOLUTION_ONLY
REC_17,Recife,2,requires_manual_sensor_selection,blocked_unknown_asset_type,BLOCKED_UNKNOWN_ASSET_TYPE,ONLY_UNKNOWN_OR_UNUSABLE_ASSET_TYPE_AVAILABLE,REJECTED_UNKNOWN_ASSET_TYPE,asset_ref_24548f7b7cc1|asset_ref_3ebcf8ca3e7e|asset_ref_71b0f754768a,patch_manifest|unknown,false,false,false,true,false,false,METADATA_REPAIR_REQUIRED_BEFORE_REQUEST|PREVIOUS_METADATA_BLOCKER_PRESENT|SENSOR_NOT_RESOLVED_TO_SENTINEL_2_OPTICAL|REQUIREMENT_ALREADY_BLOCKED,GUARDRAILS_PRESERVED_SENSOR_FAMILY_RESOLUTION_ONLY
REC_17,Recife,3,requires_manual_sensor_selection,blocked_unknown_asset_type,BLOCKED_UNKNOWN_ASSET_TYPE,ONLY_UNKNOWN_OR_UNUSABLE_ASSET_TYPE_AVAILABLE,REJECTED_UNKNOWN_ASSET_TYPE,asset_ref_24548f7b7cc1|asset_ref_3ebcf8ca3e7e|asset_ref_71b0f754768a,patch_manifest|unknown,false,false,false,true,false,false,METADATA_REPAIR_REQUIRED_BEFORE_REQUEST|PREVIOUS_METADATA_BLOCKER_PRESENT|SENSOR_NOT_RESOLVED_TO_SENTINEL_2_OPTICAL|REQUIREMENT_ALREADY_BLOCKED,GUARDRAILS_PRESERVED_SENSOR_FAMILY_RESOLUTION_ONLY
REC_18,Recife,1,requires_manual_sensor_selection,blocked_unknown_asset_type,BLOCKED_UNKNOWN_ASSET_TYPE,ONLY_UNKNOWN_OR_UNUSABLE_ASSET_TYPE_AVAILABLE,REJECTED_UNKNOWN_ASSET_TYPE,asset_ref_140de359b651|asset_ref_15d0de53cfe5|asset_ref_35a328ab583e,patch_manifest|unknown,false,false,false,true,false,false,METADATA_REPAIR_REQUIRED_BEFORE_REQUEST|PREVIOUS_METADATA_BLOCKER_PRESENT|SENSOR_NOT_RESOLVED_TO_SENTINEL_2_OPTICAL|REQUIREMENT_ALREADY_BLOCKED,GUARDRAILS_PRESERVED_SENSOR_FAMILY_RESOLUTION_ONLY
REC_18,Recife,2,requires_manual_sensor_selection,blocked_unknown_asset_type,BLOCKED_UNKNOWN_ASSET_TYPE,ONLY_UNKNOWN_OR_UNUSABLE_ASSET_TYPE_AVAILABLE,REJECTED_UNKNOWN_ASSET_TYPE,asset_ref_140de359b651|asset_ref_15d0de53cfe5|asset_ref_35a328ab583e,patch_manifest|unknown,false,false,false,true,false,false,METADATA_REPAIR_REQUIRED_BEFORE_REQUEST|PREVIOUS_METADATA_BLOCKER_PRESENT|SENSOR_NOT_RESOLVED_TO_SENTINEL_2_OPTICAL|REQUIREMENT_ALREADY_BLOCKED,GUARDRAILS_PRESERVED_SENSOR_FAMILY_RESOLUTION_ONLY
REC_18,Recife,3,requires_manual_sensor_selection,blocked_unknown_asset_type,BLOCKED_UNKNOWN_ASSET_TYPE,ONLY_UNKNOWN_OR_UNUSABLE_ASSET_TYPE_AVAILABLE,REJECTED_UNKNOWN_ASSET_TYPE,asset_ref_140de359b651|asset_ref_15d0de53cfe5|asset_ref_35a328ab583e,patch_manifest|unknown,false,false,false,true,false,false,METADATA_REPAIR_REQUIRED_BEFORE_REQUEST|PREVIOUS_METADATA_BLOCKER_PRESENT|SENSOR_NOT_RESOLVED_TO_SENTINEL_2_OPTICAL|REQUIREMENT_ALREADY_BLOCKED,GUARDRAILS_PRESERVED_SENSOR_FAMILY_RESOLUTION_ONLY
REC_2022_05_24_30,unknown,1,requires_manual_sensor_selection,requires_manual_sensor_selection,BLOCKED_MISSING_PATCH_CONTEXT,MISSING_PATCH_REGION_OR_LINKAGE_CONTEXT,REJECTED_MISSING_CONTEXT,asset_ref_68d7e12f8a97|asset_ref_9c36addd776d,unknown,false,false,false,true,false,false,MISSING_REGION|METADATA_REPAIR_REQUIRED_BEFORE_REQUEST|PREVIOUS_METADATA_BLOCKER_PRESENT|SENSOR_NOT_RESOLVED_TO_SENTINEL_2_OPTICAL|REQUIREMENT_ALREADY_BLOCKED,GUARDRAILS_PRESERVED_SENSOR_FAMILY_RESOLUTION_ONLY
REC_2022_05_24_30,unknown,2,requires_manual_sensor_selection,requires_manual_sensor_selection,BLOCKED_MISSING_PATCH_CONTEXT,MISSING_PATCH_REGION_OR_LINKAGE_CONTEXT,REJECTED_MISSING_CONTEXT,asset_ref_68d7e12f8a97|asset_ref_9c36addd776d,unknown,false,false,false,true,false,false,MISSING_REGION|METADATA_REPAIR_REQUIRED_BEFORE_REQUEST|PREVIOUS_METADATA_BLOCKER_PRESENT|SENSOR_NOT_RESOLVED_TO_SENTINEL_2_OPTICAL|REQUIREMENT_ALREADY_BLOCKED,GUARDRAILS_PRESERVED_SENSOR_FAMILY_RESOLUTION_ONLY
REC_2022_05_24_30,unknown,3,requires_manual_sensor_selection,requires_manual_sensor_selection,BLOCKED_MISSING_PATCH_CONTEXT,MISSING_PATCH_REGION_OR_LINKAGE_CONTEXT,REJECTED_MISSING_CONTEXT,asset_ref_68d7e12f8a97|asset_ref_9c36addd776d,unknown,false,false,false,true,false,false,MISSING_REGION|METADATA_REPAIR_REQUIRED_BEFORE_REQUEST|PREVIOUS_METADATA_BLOCKER_PRESENT|SENSOR_NOT_RESOLVED_TO_SENTINEL_2_OPTICAL|REQUIREMENT_ALREADY_BLOCKED,GUARDRAILS_PRESERVED_SENSOR_FAMILY_RESOLUTION_ONLY
REC_P001,Recife,1,requires_manual_sensor_selection,blocked_unknown_asset_type,BLOCKED_UNKNOWN_ASSET_TYPE,ONLY_UNKNOWN_OR_UNUSABLE_ASSET_TYPE_AVAILABLE,REJECTED_UNKNOWN_ASSET_TYPE,asset_ref_9014f9208194,unknown,false,false,false,true,false,false,METADATA_REPAIR_REQUIRED_BEFORE_REQUEST|PREVIOUS_METADATA_BLOCKER_PRESENT|SENSOR_NOT_RESOLVED_TO_SENTINEL_2_OPTICAL|REQUIREMENT_ALREADY_BLOCKED,GUARDRAILS_PRESERVED_SENSOR_FAMILY_RESOLUTION_ONLY
REC_P001,Recife,2,requires_manual_sensor_selection,blocked_unknown_asset_type,BLOCKED_UNKNOWN_ASSET_TYPE,ONLY_UNKNOWN_OR_UNUSABLE_ASSET_TYPE_AVAILABLE,REJECTED_UNKNOWN_ASSET_TYPE,asset_ref_9014f9208194,unknown,false,false,false,true,false,false,METADATA_REPAIR_REQUIRED_BEFORE_REQUEST|PREVIOUS_METADATA_BLOCKER_PRESENT|SENSOR_NOT_RESOLVED_TO_SENTINEL_2_OPTICAL|REQUIREMENT_ALREADY_BLOCKED,GUARDRAILS_PRESERVED_SENSOR_FAMILY_RESOLUTION_ONLY
REC_P001,Recife,3,requires_manual_sensor_selection,blocked_unknown_asset_type,BLOCKED_UNKNOWN_ASSET_TYPE,ONLY_UNKNOWN_OR_UNUSABLE_ASSET_TYPE_AVAILABLE,REJECTED_UNKNOWN_ASSET_TYPE,asset_ref_9014f9208194,unknown,false,false,false,true,false,false,METADATA_REPAIR_REQUIRED_BEFORE_REQUEST|PREVIOUS_METADATA_BLOCKER_PRESENT|SENSOR_NOT_RESOLVED_TO_SENTINEL_2_OPTICAL|REQUIREMENT_ALREADY_BLOCKED,GUARDRAILS_PRESERVED_SENSOR_FAMILY_RESOLUTION_ONLY
REC_P002,Recife,1,requires_manual_sensor_selection,blocked_unknown_asset_type,BLOCKED_UNKNOWN_ASSET_TYPE,ONLY_UNKNOWN_OR_UNUSABLE_ASSET_TYPE_AVAILABLE,REJECTED_UNKNOWN_ASSET_TYPE,asset_ref_25919db2f531,unknown,false,false,false,true,false,false,METADATA_REPAIR_REQUIRED_BEFORE_REQUEST|PREVIOUS_METADATA_BLOCKER_PRESENT|SENSOR_NOT_RESOLVED_TO_SENTINEL_2_OPTICAL|REQUIREMENT_ALREADY_BLOCKED,GUARDRAILS_PRESERVED_SENSOR_FAMILY_RESOLUTION_ONLY
REC_P002,Recife,2,requires_manual_sensor_selection,blocked_unknown_asset_type,BLOCKED_UNKNOWN_ASSET_TYPE,ONLY_UNKNOWN_OR_UNUSABLE_ASSET_TYPE_AVAILABLE,REJECTED_UNKNOWN_ASSET_TYPE,asset_ref_25919db2f531,unknown,false,false,false,true,false,false,METADATA_REPAIR_REQUIRED_BEFORE_REQUEST|PREVIOUS_METADATA_BLOCKER_PRESENT|SENSOR_NOT_RESOLVED_TO_SENTINEL_2_OPTICAL|REQUIREMENT_ALREADY_BLOCKED,GUARDRAILS_PRESERVED_SENSOR_FAMILY_RESOLUTION_ONLY
REC_P002,Recife,3,requires_manual_sensor_selection,blocked_unknown_asset_type,BLOCKED_UNKNOWN_ASSET_TYPE,ONLY_UNKNOWN_OR_UNUSABLE_ASSET_TYPE_AVAILABLE,REJECTED_UNKNOWN_ASSET_TYPE,asset_ref_25919db2f531,unknown,false,false,false,true,false,false,METADATA_REPAIR_REQUIRED_BEFORE_REQUEST|PREVIOUS_METADATA_BLOCKER_PRESENT|SENSOR_NOT_RESOLVED_TO_SENTINEL_2_OPTICAL|REQUIREMENT_ALREADY_BLOCKED,GUARDRAILS_PRESERVED_SENSOR_FAMILY_RESOLUTION_ONLY
REC_P003,Recife,1,requires_manual_sensor_selection,blocked_unknown_asset_type,BLOCKED_UNKNOWN_ASSET_TYPE,ONLY_UNKNOWN_OR_UNUSABLE_ASSET_TYPE_AVAILABLE,REJECTED_UNKNOWN_ASSET_TYPE,asset_ref_88ef2a7134ff,unknown,false,false,false,true,false,false,METADATA_REPAIR_REQUIRED_BEFORE_REQUEST|PREVIOUS_METADATA_BLOCKER_PRESENT|SENSOR_NOT_RESOLVED_TO_SENTINEL_2_OPTICAL|REQUIREMENT_ALREADY_BLOCKED,GUARDRAILS_PRESERVED_SENSOR_FAMILY_RESOLUTION_ONLY
REC_P003,Recife,2,requires_manual_sensor_selection,blocked_unknown_asset_type,BLOCKED_UNKNOWN_ASSET_TYPE,ONLY_UNKNOWN_OR_UNUSABLE_ASSET_TYPE_AVAILABLE,REJECTED_UNKNOWN_ASSET_TYPE,asset_ref_88ef2a7134ff,unknown,false,false,false,true,false,false,METADATA_REPAIR_REQUIRED_BEFORE_REQUEST|PREVIOUS_METADATA_BLOCKER_PRESENT|SENSOR_NOT_RESOLVED_TO_SENTINEL_2_OPTICAL|REQUIREMENT_ALREADY_BLOCKED,GUARDRAILS_PRESERVED_SENSOR_FAMILY_RESOLUTION_ONLY
REC_P003,Recife,3,requires_manual_sensor_selection,blocked_unknown_asset_type,BLOCKED_UNKNOWN_ASSET_TYPE,ONLY_UNKNOWN_OR_UNUSABLE_ASSET_TYPE_AVAILABLE,REJECTED_UNKNOWN_ASSET_TYPE,asset_ref_88ef2a7134ff,unknown,false,false,false,true,false,false,METADATA_REPAIR_REQUIRED_BEFORE_REQUEST|PREVIOUS_METADATA_BLOCKER_PRESENT|SENSOR_NOT_RESOLVED_TO_SENTINEL_2_OPTICAL|REQUIREMENT_ALREADY_BLOCKED,GUARDRAILS_PRESERVED_SENSOR_FAMILY_RESOLUTION_ONLY
REC_P004,Recife,1,requires_manual_sensor_selection,blocked_unknown_asset_type,BLOCKED_UNKNOWN_ASSET_TYPE,ONLY_UNKNOWN_OR_UNUSABLE_ASSET_TYPE_AVAILABLE,REJECTED_UNKNOWN_ASSET_TYPE,asset_ref_16c94143037a,unknown,false,false,false,true,false,false,METADATA_REPAIR_REQUIRED_BEFORE_REQUEST|PREVIOUS_METADATA_BLOCKER_PRESENT|SENSOR_NOT_RESOLVED_TO_SENTINEL_2_OPTICAL|REQUIREMENT_ALREADY_BLOCKED,GUARDRAILS_PRESERVED_SENSOR_FAMILY_RESOLUTION_ONLY
REC_P004,Recife,2,requires_manual_sensor_selection,blocked_unknown_asset_type,BLOCKED_UNKNOWN_ASSET_TYPE,ONLY_UNKNOWN_OR_UNUSABLE_ASSET_TYPE_AVAILABLE,REJECTED_UNKNOWN_ASSET_TYPE,asset_ref_16c94143037a,unknown,false,false,false,true,false,false,METADATA_REPAIR_REQUIRED_BEFORE_REQUEST|PREVIOUS_METADATA_BLOCKER_PRESENT|SENSOR_NOT_RESOLVED_TO_SENTINEL_2_OPTICAL|REQUIREMENT_ALREADY_BLOCKED,GUARDRAILS_PRESERVED_SENSOR_FAMILY_RESOLUTION_ONLY
REC_P004,Recife,3,requires_manual_sensor_selection,blocked_unknown_asset_type,BLOCKED_UNKNOWN_ASSET_TYPE,ONLY_UNKNOWN_OR_UNUSABLE_ASSET_TYPE_AVAILABLE,REJECTED_UNKNOWN_ASSET_TYPE,asset_ref_16c94143037a,unknown,false,false,false,true,false,false,METADATA_REPAIR_REQUIRED_BEFORE_REQUEST|PREVIOUS_METADATA_BLOCKER_PRESENT|SENSOR_NOT_RESOLVED_TO_SENTINEL_2_OPTICAL|REQUIREMENT_ALREADY_BLOCKED,GUARDRAILS_PRESERVED_SENSOR_FAMILY_RESOLUTION_ONLY
REC_PATCH,Recife,1,requires_manual_sensor_selection,blocked_unknown_asset_type,BLOCKED_UNKNOWN_ASSET_TYPE,ONLY_UNKNOWN_OR_UNUSABLE_ASSET_TYPE_AVAILABLE,REJECTED_UNKNOWN_ASSET_TYPE,asset_ref_c6a6bc532083,unknown,false,false,false,true,false,false,METADATA_REPAIR_REQUIRED_BEFORE_REQUEST|PREVIOUS_METADATA_BLOCKER_PRESENT|SENSOR_NOT_RESOLVED_TO_SENTINEL_2_OPTICAL|REQUIREMENT_ALREADY_BLOCKED,GUARDRAILS_PRESERVED_SENSOR_FAMILY_RESOLUTION_ONLY
REC_PATCH,Recife,2,requires_manual_sensor_selection,blocked_unknown_asset_type,BLOCKED_UNKNOWN_ASSET_TYPE,ONLY_UNKNOWN_OR_UNUSABLE_ASSET_TYPE_AVAILABLE,REJECTED_UNKNOWN_ASSET_TYPE,asset_ref_c6a6bc532083,unknown,false,false,false,true,false,false,METADATA_REPAIR_REQUIRED_BEFORE_REQUEST|PREVIOUS_METADATA_BLOCKER_PRESENT|SENSOR_NOT_RESOLVED_TO_SENTINEL_2_OPTICAL|REQUIREMENT_ALREADY_BLOCKED,GUARDRAILS_PRESERVED_SENSOR_FAMILY_RESOLUTION_ONLY
REC_PATCH,Recife,3,requires_manual_sensor_selection,blocked_unknown_asset_type,BLOCKED_UNKNOWN_ASSET_TYPE,ONLY_UNKNOWN_OR_UNUSABLE_ASSET_TYPE_AVAILABLE,REJECTED_UNKNOWN_ASSET_TYPE,asset_ref_c6a6bc532083,unknown,false,false,false,true,false,false,METADATA_REPAIR_REQUIRED_BEFORE_REQUEST|PREVIOUS_METADATA_BLOCKER_PRESENT|SENSOR_NOT_RESOLVED_TO_SENTINEL_2_OPTICAL|REQUIREMENT_ALREADY_BLOCKED,GUARDRAILS_PRESERVED_SENSOR_FAMILY_RESOLUTION_ONLY
REC_PATCH_A,unknown,1,requires_manual_sensor_selection,requires_manual_sensor_selection,BLOCKED_MISSING_PATCH_CONTEXT,MISSING_PATCH_REGION_OR_LINKAGE_CONTEXT,REJECTED_MISSING_CONTEXT,asset_ref_56b2344271bb|asset_ref_739a1f298e75|asset_ref_7c3bc4435b20|asset_ref_a436973c90db,unknown,false,false,false,true,false,false,MISSING_REGION|METADATA_REPAIR_REQUIRED_BEFORE_REQUEST|PREVIOUS_METADATA_BLOCKER_PRESENT|SENSOR_NOT_RESOLVED_TO_SENTINEL_2_OPTICAL|REQUIREMENT_ALREADY_BLOCKED,GUARDRAILS_PRESERVED_SENSOR_FAMILY_RESOLUTION_ONLY
REC_PATCH_A,unknown,2,requires_manual_sensor_selection,requires_manual_sensor_selection,BLOCKED_MISSING_PATCH_CONTEXT,MISSING_PATCH_REGION_OR_LINKAGE_CONTEXT,REJECTED_MISSING_CONTEXT,asset_ref_56b2344271bb|asset_ref_739a1f298e75|asset_ref_7c3bc4435b20|asset_ref_a436973c90db,unknown,false,false,false,true,false,false,MISSING_REGION|METADATA_REPAIR_REQUIRED_BEFORE_REQUEST|PREVIOUS_METADATA_BLOCKER_PRESENT|SENSOR_NOT_RESOLVED_TO_SENTINEL_2_OPTICAL|REQUIREMENT_ALREADY_BLOCKED,GUARDRAILS_PRESERVED_SENSOR_FAMILY_RESOLUTION_ONLY
REC_PATCH_A,unknown,3,requires_manual_sensor_selection,requires_manual_sensor_selection,BLOCKED_MISSING_PATCH_CONTEXT,MISSING_PATCH_REGION_OR_LINKAGE_CONTEXT,REJECTED_MISSING_CONTEXT,asset_ref_56b2344271bb|asset_ref_739a1f298e75|asset_ref_7c3bc4435b20|asset_ref_a436973c90db,unknown,false,false,false,true,false,false,MISSING_REGION|METADATA_REPAIR_REQUIRED_BEFORE_REQUEST|PREVIOUS_METADATA_BLOCKER_PRESENT|SENSOR_NOT_RESOLVED_TO_SENTINEL_2_OPTICAL|REQUIREMENT_ALREADY_BLOCKED,GUARDRAILS_PRESERVED_SENSOR_FAMILY_RESOLUTION_ONLY
REC_PATCH_WITH_DATE,Recife,1,requires_manual_sensor_selection,blocked_unknown_asset_type,BLOCKED_UNKNOWN_ASSET_TYPE,ONLY_UNKNOWN_OR_UNUSABLE_ASSET_TYPE_AVAILABLE,REJECTED_UNKNOWN_ASSET_TYPE,asset_ref_02d7b5bde02b|asset_ref_05d7926c8f32,unknown,false,false,false,true,false,false,METADATA_REPAIR_REQUIRED_BEFORE_REQUEST|PREVIOUS_METADATA_BLOCKER_PRESENT|SENSOR_NOT_RESOLVED_TO_SENTINEL_2_OPTICAL|REQUIREMENT_ALREADY_BLOCKED,GUARDRAILS_PRESERVED_SENSOR_FAMILY_RESOLUTION_ONLY
REC_PATCH_WITH_DATE,Recife,2,requires_manual_sensor_selection,blocked_unknown_asset_type,BLOCKED_UNKNOWN_ASSET_TYPE,ONLY_UNKNOWN_OR_UNUSABLE_ASSET_TYPE_AVAILABLE,REJECTED_UNKNOWN_ASSET_TYPE,asset_ref_02d7b5bde02b|asset_ref_05d7926c8f32,unknown,false,false,false,true,false,false,METADATA_REPAIR_REQUIRED_BEFORE_REQUEST|PREVIOUS_METADATA_BLOCKER_PRESENT|SENSOR_NOT_RESOLVED_TO_SENTINEL_2_OPTICAL|REQUIREMENT_ALREADY_BLOCKED,GUARDRAILS_PRESERVED_SENSOR_FAMILY_RESOLUTION_ONLY
REC_PATCH_WITH_DATE,Recife,3,requires_manual_sensor_selection,blocked_unknown_asset_type,BLOCKED_UNKNOWN_ASSET_TYPE,ONLY_UNKNOWN_OR_UNUSABLE_ASSET_TYPE_AVAILABLE,REJECTED_UNKNOWN_ASSET_TYPE,asset_ref_02d7b5bde02b|asset_ref_05d7926c8f32,unknown,false,false,false,true,false,false,METADATA_REPAIR_REQUIRED_BEFORE_REQUEST|PREVIOUS_METADATA_BLOCKER_PRESENT|SENSOR_NOT_RESOLVED_TO_SENTINEL_2_OPTICAL|REQUIREMENT_ALREADY_BLOCKED,GUARDRAILS_PRESERVED_SENSOR_FAMILY_RESOLUTION_ONLY
REFPATCH_ANCHOR_PET2022_CPRM_ANEXOII_19022022_POST_EVENT_OR_SURVEY_WINDOW_V1JA,Petropolis,1,requires_manual_sensor_selection,requires_manual_sensor_selection,BLOCKED_MISSING_PATCH_CONTEXT,MISSING_PATCH_REGION_OR_LINKAGE_CONTEXT,REJECTED_MISSING_CONTEXT,none,none,false,false,false,false,false,false,MISSING_PATCH_LINKAGE|METADATA_REPAIR_REQUIRED_BEFORE_REQUEST|PREVIOUS_METADATA_BLOCKER_PRESENT|SENSOR_NOT_RESOLVED_TO_SENTINEL_2_OPTICAL|REQUIREMENT_ALREADY_BLOCKED,GUARDRAILS_PRESERVED_SENSOR_FAMILY_RESOLUTION_ONLY
REFPATCH_ANCHOR_PET2022_CPRM_ANEXOII_19022022_POST_EVENT_OR_SURVEY_WINDOW_V1JA,Petropolis,2,requires_manual_sensor_selection,requires_manual_sensor_selection,BLOCKED_MISSING_PATCH_CONTEXT,MISSING_PATCH_REGION_OR_LINKAGE_CONTEXT,REJECTED_MISSING_CONTEXT,none,none,false,false,false,false,false,false,MISSING_PATCH_LINKAGE|METADATA_REPAIR_REQUIRED_BEFORE_REQUEST|PREVIOUS_METADATA_BLOCKER_PRESENT|SENSOR_NOT_RESOLVED_TO_SENTINEL_2_OPTICAL|REQUIREMENT_ALREADY_BLOCKED,GUARDRAILS_PRESERVED_SENSOR_FAMILY_RESOLUTION_ONLY
REFPATCH_ANCHOR_PET2022_CPRM_ANEXOII_19022022_POST_EVENT_OR_SURVEY_WINDOW_V1JA,Petropolis,3,requires_manual_sensor_selection,requires_manual_sensor_selection,BLOCKED_MISSING_PATCH_CONTEXT,MISSING_PATCH_REGION_OR_LINKAGE_CONTEXT,REJECTED_MISSING_CONTEXT,none,none,false,false,false,false,false,false,MISSING_PATCH_LINKAGE|METADATA_REPAIR_REQUIRED_BEFORE_REQUEST|PREVIOUS_METADATA_BLOCKER_PRESENT|SENSOR_NOT_RESOLVED_TO_SENTINEL_2_OPTICAL|REQUIREMENT_ALREADY_BLOCKED,GUARDRAILS_PRESERVED_SENSOR_FAMILY_RESOLUTION_ONLY
REFPATCH_ANCHOR_PET2022_CPRM_ANEXOII_19022022_PRE_EVENT_V1JA,Petropolis,1,requires_manual_sensor_selection,requires_manual_sensor_selection,BLOCKED_MISSING_PATCH_CONTEXT,MISSING_PATCH_REGION_OR_LINKAGE_CONTEXT,REJECTED_MISSING_CONTEXT,none,none,false,false,false,false,false,false,MISSING_PATCH_LINKAGE|METADATA_REPAIR_REQUIRED_BEFORE_REQUEST|PREVIOUS_METADATA_BLOCKER_PRESENT|SENSOR_NOT_RESOLVED_TO_SENTINEL_2_OPTICAL|REQUIREMENT_ALREADY_BLOCKED,GUARDRAILS_PRESERVED_SENSOR_FAMILY_RESOLUTION_ONLY
REFPATCH_ANCHOR_PET2022_CPRM_ANEXOII_19022022_PRE_EVENT_V1JA,Petropolis,2,requires_manual_sensor_selection,requires_manual_sensor_selection,BLOCKED_MISSING_PATCH_CONTEXT,MISSING_PATCH_REGION_OR_LINKAGE_CONTEXT,REJECTED_MISSING_CONTEXT,none,none,false,false,false,false,false,false,MISSING_PATCH_LINKAGE|METADATA_REPAIR_REQUIRED_BEFORE_REQUEST|PREVIOUS_METADATA_BLOCKER_PRESENT|SENSOR_NOT_RESOLVED_TO_SENTINEL_2_OPTICAL|REQUIREMENT_ALREADY_BLOCKED,GUARDRAILS_PRESERVED_SENSOR_FAMILY_RESOLUTION_ONLY
REFPATCH_ANCHOR_PET2022_CPRM_ANEXOII_19022022_PRE_EVENT_V1JA,Petropolis,3,requires_manual_sensor_selection,requires_manual_sensor_selection,BLOCKED_MISSING_PATCH_CONTEXT,MISSING_PATCH_REGION_OR_LINKAGE_CONTEXT,REJECTED_MISSING_CONTEXT,none,none,false,false,false,false,false,false,MISSING_PATCH_LINKAGE|METADATA_REPAIR_REQUIRED_BEFORE_REQUEST|PREVIOUS_METADATA_BLOCKER_PRESENT|SENSOR_NOT_RESOLVED_TO_SENTINEL_2_OPTICAL|REQUIREMENT_ALREADY_BLOCKED,GUARDRAILS_PRESERVED_SENSOR_FAMILY_RESOLUTION_ONLY
REFPATCH_PET2022_CPRM_MOINHO_PRETO_S2_V1IX_POST_EVENT_SURVEY,unknown,1,requires_manual_sensor_selection,requires_manual_sensor_selection,BLOCKED_MISSING_PATCH_CONTEXT,MISSING_PATCH_REGION_OR_LINKAGE_CONTEXT,REJECTED_MISSING_CONTEXT,asset_ref_2409c0071e78|asset_ref_55bb6554685b|asset_ref_e6bace16bf49|asset_ref_fb8fb5339c42,unknown,false,false,false,true,false,false,MISSING_REGION|METADATA_REPAIR_REQUIRED_BEFORE_REQUEST|PREVIOUS_METADATA_BLOCKER_PRESENT|SENSOR_NOT_RESOLVED_TO_SENTINEL_2_OPTICAL|REQUIREMENT_ALREADY_BLOCKED,GUARDRAILS_PRESERVED_SENSOR_FAMILY_RESOLUTION_ONLY
REFPATCH_PET2022_CPRM_MOINHO_PRETO_S2_V1IX_POST_EVENT_SURVEY,unknown,2,requires_manual_sensor_selection,requires_manual_sensor_selection,BLOCKED_MISSING_PATCH_CONTEXT,MISSING_PATCH_REGION_OR_LINKAGE_CONTEXT,REJECTED_MISSING_CONTEXT,asset_ref_2409c0071e78|asset_ref_55bb6554685b|asset_ref_e6bace16bf49|asset_ref_fb8fb5339c42,unknown,false,false,false,true,false,false,MISSING_REGION|METADATA_REPAIR_REQUIRED_BEFORE_REQUEST|PREVIOUS_METADATA_BLOCKER_PRESENT|SENSOR_NOT_RESOLVED_TO_SENTINEL_2_OPTICAL|REQUIREMENT_ALREADY_BLOCKED,GUARDRAILS_PRESERVED_SENSOR_FAMILY_RESOLUTION_ONLY
REFPATCH_PET2022_CPRM_MOINHO_PRETO_S2_V1IX_POST_EVENT_SURVEY,unknown,3,requires_manual_sensor_selection,requires_manual_sensor_selection,BLOCKED_MISSING_PATCH_CONTEXT,MISSING_PATCH_REGION_OR_LINKAGE_CONTEXT,REJECTED_MISSING_CONTEXT,asset_ref_2409c0071e78|asset_ref_55bb6554685b|asset_ref_e6bace16bf49|asset_ref_fb8fb5339c42,unknown,false,false,false,true,false,false,MISSING_REGION|METADATA_REPAIR_REQUIRED_BEFORE_REQUEST|PREVIOUS_METADATA_BLOCKER_PRESENT|SENSOR_NOT_RESOLVED_TO_SENTINEL_2_OPTICAL|REQUIREMENT_ALREADY_BLOCKED,GUARDRAILS_PRESERVED_SENSOR_FAMILY_RESOLUTION_ONLY
REFPATCH_PET2022_CPRM_MOINHO_PRETO_S2_V1IX_PRE_EVENT,unknown,1,requires_manual_sensor_selection,requires_manual_sensor_selection,BLOCKED_MISSING_PATCH_CONTEXT,MISSING_PATCH_REGION_OR_LINKAGE_CONTEXT,REJECTED_MISSING_CONTEXT,asset_ref_64a70cd2144b|asset_ref_cb73cdd623fd|asset_ref_e116952aeebe|asset_ref_f2a51fe32031,unknown,false,false,false,true,false,false,MISSING_REGION|METADATA_REPAIR_REQUIRED_BEFORE_REQUEST|PREVIOUS_METADATA_BLOCKER_PRESENT|SENSOR_NOT_RESOLVED_TO_SENTINEL_2_OPTICAL|REQUIREMENT_ALREADY_BLOCKED,GUARDRAILS_PRESERVED_SENSOR_FAMILY_RESOLUTION_ONLY
REFPATCH_PET2022_CPRM_MOINHO_PRETO_S2_V1IX_PRE_EVENT,unknown,2,requires_manual_sensor_selection,requires_manual_sensor_selection,BLOCKED_MISSING_PATCH_CONTEXT,MISSING_PATCH_REGION_OR_LINKAGE_CONTEXT,REJECTED_MISSING_CONTEXT,asset_ref_64a70cd2144b|asset_ref_cb73cdd623fd|asset_ref_e116952aeebe|asset_ref_f2a51fe32031,unknown,false,false,false,true,false,false,MISSING_REGION|METADATA_REPAIR_REQUIRED_BEFORE_REQUEST|PREVIOUS_METADATA_BLOCKER_PRESENT|SENSOR_NOT_RESOLVED_TO_SENTINEL_2_OPTICAL|REQUIREMENT_ALREADY_BLOCKED,GUARDRAILS_PRESERVED_SENSOR_FAMILY_RESOLUTION_ONLY
REFPATCH_PET2022_CPRM_MOINHO_PRETO_S2_V1IX_PRE_EVENT,unknown,3,requires_manual_sensor_selection,requires_manual_sensor_selection,BLOCKED_MISSING_PATCH_CONTEXT,MISSING_PATCH_REGION_OR_LINKAGE_CONTEXT,REJECTED_MISSING_CONTEXT,asset_ref_64a70cd2144b|asset_ref_cb73cdd623fd|asset_ref_e116952aeebe|asset_ref_f2a51fe32031,unknown,false,false,false,true,false,false,MISSING_REGION|METADATA_REPAIR_REQUIRED_BEFORE_REQUEST|PREVIOUS_METADATA_BLOCKER_PRESENT|SENSOR_NOT_RESOLVED_TO_SENTINEL_2_OPTICAL|REQUIREMENT_ALREADY_BLOCKED,GUARDRAILS_PRESERVED_SENSOR_FAMILY_RESOLUTION_ONLY
SYNTHETIC_PATCH_001,Example,1,requires_manual_sensor_selection,blocked_unknown_asset_type,BLOCKED_UNKNOWN_ASSET_TYPE,ONLY_UNKNOWN_OR_UNUSABLE_ASSET_TYPE_AVAILABLE,REJECTED_UNKNOWN_ASSET_TYPE,asset_ref_fcb945bff75b,unknown,false,false,false,true,false,false,METADATA_REPAIR_REQUIRED_BEFORE_REQUEST|PREVIOUS_METADATA_BLOCKER_PRESENT|SENSOR_NOT_RESOLVED_TO_SENTINEL_2_OPTICAL|REQUIREMENT_ALREADY_BLOCKED,GUARDRAILS_PRESERVED_SENSOR_FAMILY_RESOLUTION_ONLY
SYNTHETIC_PATCH_001,Example,2,requires_manual_sensor_selection,blocked_unknown_asset_type,BLOCKED_UNKNOWN_ASSET_TYPE,ONLY_UNKNOWN_OR_UNUSABLE_ASSET_TYPE_AVAILABLE,REJECTED_UNKNOWN_ASSET_TYPE,asset_ref_fcb945bff75b,unknown,false,false,false,true,false,false,METADATA_REPAIR_REQUIRED_BEFORE_REQUEST|PREVIOUS_METADATA_BLOCKER_PRESENT|SENSOR_NOT_RESOLVED_TO_SENTINEL_2_OPTICAL|REQUIREMENT_ALREADY_BLOCKED,GUARDRAILS_PRESERVED_SENSOR_FAMILY_RESOLUTION_ONLY
SYNTHETIC_PATCH_001,Example,3,requires_manual_sensor_selection,blocked_unknown_asset_type,BLOCKED_UNKNOWN_ASSET_TYPE,ONLY_UNKNOWN_OR_UNUSABLE_ASSET_TYPE_AVAILABLE,REJECTED_UNKNOWN_ASSET_TYPE,asset_ref_fcb945bff75b,unknown,false,false,false,true,false,false,METADATA_REPAIR_REQUIRED_BEFORE_REQUEST|PREVIOUS_METADATA_BLOCKER_PRESENT|SENSOR_NOT_RESOLVED_TO_SENTINEL_2_OPTICAL|REQUIREMENT_ALREADY_BLOCKED,GUARDRAILS_PRESERVED_SENSOR_FAMILY_RESOLUTION_ONLY
UNKNOWN_PATCH,unknown,1,requires_manual_sensor_selection,requires_manual_sensor_selection,BLOCKED_MISSING_PATCH_CONTEXT,MISSING_PATCH_REGION_OR_LINKAGE_CONTEXT,REJECTED_MISSING_CONTEXT,asset_ref_2f1426a81108|asset_ref_68c444c5326a,unknown,false,false,false,true,false,false,MISSING_REGION|METADATA_REPAIR_REQUIRED_BEFORE_REQUEST|PREVIOUS_METADATA_BLOCKER_PRESENT|SENSOR_NOT_RESOLVED_TO_SENTINEL_2_OPTICAL|REQUIREMENT_ALREADY_BLOCKED,GUARDRAILS_PRESERVED_SENSOR_FAMILY_RESOLUTION_ONLY
UNKNOWN_PATCH,unknown,2,requires_manual_sensor_selection,requires_manual_sensor_selection,BLOCKED_MISSING_PATCH_CONTEXT,MISSING_PATCH_REGION_OR_LINKAGE_CONTEXT,REJECTED_MISSING_CONTEXT,asset_ref_2f1426a81108|asset_ref_68c444c5326a,unknown,false,false,false,true,false,false,MISSING_REGION|METADATA_REPAIR_REQUIRED_BEFORE_REQUEST|PREVIOUS_METADATA_BLOCKER_PRESENT|SENSOR_NOT_RESOLVED_TO_SENTINEL_2_OPTICAL|REQUIREMENT_ALREADY_BLOCKED,GUARDRAILS_PRESERVED_SENSOR_FAMILY_RESOLUTION_ONLY
UNKNOWN_PATCH,unknown,3,requires_manual_sensor_selection,requires_manual_sensor_selection,BLOCKED_MISSING_PATCH_CONTEXT,MISSING_PATCH_REGION_OR_LINKAGE_CONTEXT,REJECTED_MISSING_CONTEXT,asset_ref_2f1426a81108|asset_ref_68c444c5326a,unknown,false,false,false,true,false,false,MISSING_REGION|METADATA_REPAIR_REQUIRED_BEFORE_REQUEST|PREVIOUS_METADATA_BLOCKER_PRESENT|SENSOR_NOT_RESOLVED_TO_SENTINEL_2_OPTICAL|REQUIREMENT_ALREADY_BLOCKED,GUARDRAILS_PRESERVED_SENSOR_FAMILY_RESOLUTION_ONLY
asset_id,multiple_or_none,1,requires_manual_sensor_selection,requires_manual_sensor_selection,BLOCKED_MISSING_PATCH_CONTEXT,MISSING_PATCH_REGION_OR_LINKAGE_CONTEXT,REJECTED_MISSING_CONTEXT,asset_ref_0960ebc2d1c9|asset_ref_0ac7ab251062|asset_ref_13e2c382f7ec|asset_ref_18e3a6edad7e|asset_ref_22e09af9cd4e|asset_ref_2b45cb0e258b|asset_ref_31a0e966eef6|asset_ref_3eba64ee77c8|asset_ref_62e648f23eb7|asset_ref_64beef85abe4|asset_ref_6d4099413420|asset_ref_764e99810c9c|asset_ref_77dc39acb2f7|asset_ref_854fa9a1466a|asset_ref_8f9403c15dc8|asset_ref_95d0db41ac41|asset_ref_997471c29a48|asset_ref_b9f7ded5d875|asset_ref_bbb898f5c786|asset_ref_c10111f84474,external_evidence|unknown,false,false,false,true,false,false,MISSING_REGION|METADATA_REPAIR_REQUIRED_BEFORE_REQUEST|PREVIOUS_METADATA_BLOCKER_PRESENT|SENSOR_NOT_RESOLVED_TO_SENTINEL_2_OPTICAL|REQUIREMENT_ALREADY_BLOCKED,GUARDRAILS_PRESERVED_SENSOR_FAMILY_RESOLUTION_ONLY
asset_id,multiple_or_none,2,requires_manual_sensor_selection,requires_manual_sensor_selection,BLOCKED_MISSING_PATCH_CONTEXT,MISSING_PATCH_REGION_OR_LINKAGE_CONTEXT,REJECTED_MISSING_CONTEXT,asset_ref_0960ebc2d1c9|asset_ref_0ac7ab251062|asset_ref_13e2c382f7ec|asset_ref_18e3a6edad7e|asset_ref_22e09af9cd4e|asset_ref_2b45cb0e258b|asset_ref_31a0e966eef6|asset_ref_3eba64ee77c8|asset_ref_62e648f23eb7|asset_ref_64beef85abe4|asset_ref_6d4099413420|asset_ref_764e99810c9c|asset_ref_77dc39acb2f7|asset_ref_854fa9a1466a|asset_ref_8f9403c15dc8|asset_ref_95d0db41ac41|asset_ref_997471c29a48|asset_ref_b9f7ded5d875|asset_ref_bbb898f5c786|asset_ref_c10111f84474,external_evidence|unknown,false,false,false,true,false,false,MISSING_REGION|METADATA_REPAIR_REQUIRED_BEFORE_REQUEST|PREVIOUS_METADATA_BLOCKER_PRESENT|SENSOR_NOT_RESOLVED_TO_SENTINEL_2_OPTICAL|REQUIREMENT_ALREADY_BLOCKED,GUARDRAILS_PRESERVED_SENSOR_FAMILY_RESOLUTION_ONLY
asset_id,multiple_or_none,3,requires_manual_sensor_selection,requires_manual_sensor_selection,BLOCKED_MISSING_PATCH_CONTEXT,MISSING_PATCH_REGION_OR_LINKAGE_CONTEXT,REJECTED_MISSING_CONTEXT,asset_ref_0960ebc2d1c9|asset_ref_0ac7ab251062|asset_ref_13e2c382f7ec|asset_ref_18e3a6edad7e|asset_ref_22e09af9cd4e|asset_ref_2b45cb0e258b|asset_ref_31a0e966eef6|asset_ref_3eba64ee77c8|asset_ref_62e648f23eb7|asset_ref_64beef85abe4|asset_ref_6d4099413420|asset_ref_764e99810c9c|asset_ref_77dc39acb2f7|asset_ref_854fa9a1466a|asset_ref_8f9403c15dc8|asset_ref_95d0db41ac41|asset_ref_997471c29a48|asset_ref_b9f7ded5d875|asset_ref_bbb898f5c786|asset_ref_c10111f84474,external_evidence|unknown,false,false,false,true,false,false,MISSING_REGION|METADATA_REPAIR_REQUIRED_BEFORE_REQUEST|PREVIOUS_METADATA_BLOCKER_PRESENT|SENSOR_NOT_RESOLVED_TO_SENTINEL_2_OPTICAL|REQUIREMENT_ALREADY_BLOCKED,GUARDRAILS_PRESERVED_SENSOR_FAMILY_RESOLUTION_ONLY
curitiba_00249__sentinel__B3B8B11__10m__v1,Curitiba,1,requires_manual_sensor_selection,requires_manual_sensor_selection,BLOCKED_MANUAL_REVIEW_REQUIRED,NO_DETERMINISTIC_ACQUISITION_SENSOR_EVIDENCE,REJECTED_MISSING_CONTEXT,asset_ref_78a613def23a,patch_manifest,false,false,false,false,false,false,METADATA_REPAIR_REQUIRED_BEFORE_REQUEST|PREVIOUS_METADATA_BLOCKER_PRESENT|SENSOR_NOT_RESOLVED_TO_SENTINEL_2_OPTICAL|REQUIREMENT_ALREADY_BLOCKED,GUARDRAILS_PRESERVED_SENSOR_FAMILY_RESOLUTION_ONLY
curitiba_00249__sentinel__B3B8B11__10m__v1,Curitiba,2,requires_manual_sensor_selection,requires_manual_sensor_selection,BLOCKED_MANUAL_REVIEW_REQUIRED,NO_DETERMINISTIC_ACQUISITION_SENSOR_EVIDENCE,REJECTED_MISSING_CONTEXT,asset_ref_78a613def23a,patch_manifest,false,false,false,false,false,false,METADATA_REPAIR_REQUIRED_BEFORE_REQUEST|PREVIOUS_METADATA_BLOCKER_PRESENT|SENSOR_NOT_RESOLVED_TO_SENTINEL_2_OPTICAL|REQUIREMENT_ALREADY_BLOCKED,GUARDRAILS_PRESERVED_SENSOR_FAMILY_RESOLUTION_ONLY
curitiba_00249__sentinel__B3B8B11__10m__v1,Curitiba,3,requires_manual_sensor_selection,requires_manual_sensor_selection,BLOCKED_MANUAL_REVIEW_REQUIRED,NO_DETERMINISTIC_ACQUISITION_SENSOR_EVIDENCE,REJECTED_MISSING_CONTEXT,asset_ref_78a613def23a,patch_manifest,false,false,false,false,false,false,METADATA_REPAIR_REQUIRED_BEFORE_REQUEST|PREVIOUS_METADATA_BLOCKER_PRESENT|SENSOR_NOT_RESOLVED_TO_SENTINEL_2_OPTICAL|REQUIREMENT_ALREADY_BLOCKED,GUARDRAILS_PRESERVED_SENSOR_FAMILY_RESOLUTION_ONLY
curitiba_00350__sentinel__B3B8B11__10m__v1,Curitiba,1,requires_manual_sensor_selection,requires_manual_sensor_selection,BLOCKED_MANUAL_REVIEW_REQUIRED,NO_DETERMINISTIC_ACQUISITION_SENSOR_EVIDENCE,REJECTED_MISSING_CONTEXT,asset_ref_4452886fa077,patch_manifest,false,false,false,false,false,false,METADATA_REPAIR_REQUIRED_BEFORE_REQUEST|PREVIOUS_METADATA_BLOCKER_PRESENT|SENSOR_NOT_RESOLVED_TO_SENTINEL_2_OPTICAL|REQUIREMENT_ALREADY_BLOCKED,GUARDRAILS_PRESERVED_SENSOR_FAMILY_RESOLUTION_ONLY
curitiba_00350__sentinel__B3B8B11__10m__v1,Curitiba,2,requires_manual_sensor_selection,requires_manual_sensor_selection,BLOCKED_MANUAL_REVIEW_REQUIRED,NO_DETERMINISTIC_ACQUISITION_SENSOR_EVIDENCE,REJECTED_MISSING_CONTEXT,asset_ref_4452886fa077,patch_manifest,false,false,false,false,false,false,METADATA_REPAIR_REQUIRED_BEFORE_REQUEST|PREVIOUS_METADATA_BLOCKER_PRESENT|SENSOR_NOT_RESOLVED_TO_SENTINEL_2_OPTICAL|REQUIREMENT_ALREADY_BLOCKED,GUARDRAILS_PRESERVED_SENSOR_FAMILY_RESOLUTION_ONLY
curitiba_00350__sentinel__B3B8B11__10m__v1,Curitiba,3,requires_manual_sensor_selection,requires_manual_sensor_selection,BLOCKED_MANUAL_REVIEW_REQUIRED,NO_DETERMINISTIC_ACQUISITION_SENSOR_EVIDENCE,REJECTED_MISSING_CONTEXT,asset_ref_4452886fa077,patch_manifest,false,false,false,false,false,false,METADATA_REPAIR_REQUIRED_BEFORE_REQUEST|PREVIOUS_METADATA_BLOCKER_PRESENT|SENSOR_NOT_RESOLVED_TO_SENTINEL_2_OPTICAL|REQUIREMENT_ALREADY_BLOCKED,GUARDRAILS_PRESERVED_SENSOR_FAMILY_RESOLUTION_ONLY
curitiba_00357__sentinel__B3B8B11__10m__v1,Curitiba,1,requires_manual_sensor_selection,requires_manual_sensor_selection,BLOCKED_MANUAL_REVIEW_REQUIRED,NO_DETERMINISTIC_ACQUISITION_SENSOR_EVIDENCE,REJECTED_MISSING_CONTEXT,asset_ref_3a0031df6cf0,patch_manifest,false,false,false,false,false,false,METADATA_REPAIR_REQUIRED_BEFORE_REQUEST|PREVIOUS_METADATA_BLOCKER_PRESENT|SENSOR_NOT_RESOLVED_TO_SENTINEL_2_OPTICAL|REQUIREMENT_ALREADY_BLOCKED,GUARDRAILS_PRESERVED_SENSOR_FAMILY_RESOLUTION_ONLY
curitiba_00357__sentinel__B3B8B11__10m__v1,Curitiba,2,requires_manual_sensor_selection,requires_manual_sensor_selection,BLOCKED_MANUAL_REVIEW_REQUIRED,NO_DETERMINISTIC_ACQUISITION_SENSOR_EVIDENCE,REJECTED_MISSING_CONTEXT,asset_ref_3a0031df6cf0,patch_manifest,false,false,false,false,false,false,METADATA_REPAIR_REQUIRED_BEFORE_REQUEST|PREVIOUS_METADATA_BLOCKER_PRESENT|SENSOR_NOT_RESOLVED_TO_SENTINEL_2_OPTICAL|REQUIREMENT_ALREADY_BLOCKED,GUARDRAILS_PRESERVED_SENSOR_FAMILY_RESOLUTION_ONLY
curitiba_00357__sentinel__B3B8B11__10m__v1,Curitiba,3,requires_manual_sensor_selection,requires_manual_sensor_selection,BLOCKED_MANUAL_REVIEW_REQUIRED,NO_DETERMINISTIC_ACQUISITION_SENSOR_EVIDENCE,REJECTED_MISSING_CONTEXT,asset_ref_3a0031df6cf0,patch_manifest,false,false,false,false,false,false,METADATA_REPAIR_REQUIRED_BEFORE_REQUEST|PREVIOUS_METADATA_BLOCKER_PRESENT|SENSOR_NOT_RESOLVED_TO_SENTINEL_2_OPTICAL|REQUIREMENT_ALREADY_BLOCKED,GUARDRAILS_PRESERVED_SENSOR_FAMILY_RESOLUTION_ONLY
curitiba_00367__sentinel__B3B8B11__10m__v1,Curitiba,1,requires_manual_sensor_selection,requires_manual_sensor_selection,BLOCKED_MANUAL_REVIEW_REQUIRED,NO_DETERMINISTIC_ACQUISITION_SENSOR_EVIDENCE,REJECTED_MISSING_CONTEXT,asset_ref_6b16d63b4ef2,patch_manifest,false,false,false,false,false,false,METADATA_REPAIR_REQUIRED_BEFORE_REQUEST|PREVIOUS_METADATA_BLOCKER_PRESENT|SENSOR_NOT_RESOLVED_TO_SENTINEL_2_OPTICAL|REQUIREMENT_ALREADY_BLOCKED,GUARDRAILS_PRESERVED_SENSOR_FAMILY_RESOLUTION_ONLY
curitiba_00367__sentinel__B3B8B11__10m__v1,Curitiba,2,requires_manual_sensor_selection,requires_manual_sensor_selection,BLOCKED_MANUAL_REVIEW_REQUIRED,NO_DETERMINISTIC_ACQUISITION_SENSOR_EVIDENCE,REJECTED_MISSING_CONTEXT,asset_ref_6b16d63b4ef2,patch_manifest,false,false,false,false,false,false,METADATA_REPAIR_REQUIRED_BEFORE_REQUEST|PREVIOUS_METADATA_BLOCKER_PRESENT|SENSOR_NOT_RESOLVED_TO_SENTINEL_2_OPTICAL|REQUIREMENT_ALREADY_BLOCKED,GUARDRAILS_PRESERVED_SENSOR_FAMILY_RESOLUTION_ONLY
curitiba_00367__sentinel__B3B8B11__10m__v1,Curitiba,3,requires_manual_sensor_selection,requires_manual_sensor_selection,BLOCKED_MANUAL_REVIEW_REQUIRED,NO_DETERMINISTIC_ACQUISITION_SENSOR_EVIDENCE,REJECTED_MISSING_CONTEXT,asset_ref_6b16d63b4ef2,patch_manifest,false,false,false,false,false,false,METADATA_REPAIR_REQUIRED_BEFORE_REQUEST|PREVIOUS_METADATA_BLOCKER_PRESENT|SENSOR_NOT_RESOLVED_TO_SENTINEL_2_OPTICAL|REQUIREMENT_ALREADY_BLOCKED,GUARDRAILS_PRESERVED_SENSOR_FAMILY_RESOLUTION_ONLY
curitiba_00402__sentinel__B3B8B11__10m__v1,Curitiba,1,requires_manual_sensor_selection,requires_manual_sensor_selection,BLOCKED_MANUAL_REVIEW_REQUIRED,NO_DETERMINISTIC_ACQUISITION_SENSOR_EVIDENCE,REJECTED_MISSING_CONTEXT,asset_ref_5ceb3e482a6e,patch_manifest,false,false,false,false,false,false,METADATA_REPAIR_REQUIRED_BEFORE_REQUEST|PREVIOUS_METADATA_BLOCKER_PRESENT|SENSOR_NOT_RESOLVED_TO_SENTINEL_2_OPTICAL|REQUIREMENT_ALREADY_BLOCKED,GUARDRAILS_PRESERVED_SENSOR_FAMILY_RESOLUTION_ONLY
curitiba_00402__sentinel__B3B8B11__10m__v1,Curitiba,2,requires_manual_sensor_selection,requires_manual_sensor_selection,BLOCKED_MANUAL_REVIEW_REQUIRED,NO_DETERMINISTIC_ACQUISITION_SENSOR_EVIDENCE,REJECTED_MISSING_CONTEXT,asset_ref_5ceb3e482a6e,patch_manifest,false,false,false,false,false,false,METADATA_REPAIR_REQUIRED_BEFORE_REQUEST|PREVIOUS_METADATA_BLOCKER_PRESENT|SENSOR_NOT_RESOLVED_TO_SENTINEL_2_OPTICAL|REQUIREMENT_ALREADY_BLOCKED,GUARDRAILS_PRESERVED_SENSOR_FAMILY_RESOLUTION_ONLY
curitiba_00402__sentinel__B3B8B11__10m__v1,Curitiba,3,requires_manual_sensor_selection,requires_manual_sensor_selection,BLOCKED_MANUAL_REVIEW_REQUIRED,NO_DETERMINISTIC_ACQUISITION_SENSOR_EVIDENCE,REJECTED_MISSING_CONTEXT,asset_ref_5ceb3e482a6e,patch_manifest,false,false,false,false,false,false,METADATA_REPAIR_REQUIRED_BEFORE_REQUEST|PREVIOUS_METADATA_BLOCKER_PRESENT|SENSOR_NOT_RESOLVED_TO_SENTINEL_2_OPTICAL|REQUIREMENT_ALREADY_BLOCKED,GUARDRAILS_PRESERVED_SENSOR_FAMILY_RESOLUTION_ONLY
curitiba_00409__sentinel__B3B8B11__10m__v1,Curitiba,1,requires_manual_sensor_selection,requires_manual_sensor_selection,BLOCKED_MANUAL_REVIEW_REQUIRED,NO_DETERMINISTIC_ACQUISITION_SENSOR_EVIDENCE,REJECTED_MISSING_CONTEXT,asset_ref_fd6bc3affd4f,patch_manifest,false,false,false,false,false,false,METADATA_REPAIR_REQUIRED_BEFORE_REQUEST|PREVIOUS_METADATA_BLOCKER_PRESENT|SENSOR_NOT_RESOLVED_TO_SENTINEL_2_OPTICAL|REQUIREMENT_ALREADY_BLOCKED,GUARDRAILS_PRESERVED_SENSOR_FAMILY_RESOLUTION_ONLY
curitiba_00409__sentinel__B3B8B11__10m__v1,Curitiba,2,requires_manual_sensor_selection,requires_manual_sensor_selection,BLOCKED_MANUAL_REVIEW_REQUIRED,NO_DETERMINISTIC_ACQUISITION_SENSOR_EVIDENCE,REJECTED_MISSING_CONTEXT,asset_ref_fd6bc3affd4f,patch_manifest,false,false,false,false,false,false,METADATA_REPAIR_REQUIRED_BEFORE_REQUEST|PREVIOUS_METADATA_BLOCKER_PRESENT|SENSOR_NOT_RESOLVED_TO_SENTINEL_2_OPTICAL|REQUIREMENT_ALREADY_BLOCKED,GUARDRAILS_PRESERVED_SENSOR_FAMILY_RESOLUTION_ONLY
curitiba_00409__sentinel__B3B8B11__10m__v1,Curitiba,3,requires_manual_sensor_selection,requires_manual_sensor_selection,BLOCKED_MANUAL_REVIEW_REQUIRED,NO_DETERMINISTIC_ACQUISITION_SENSOR_EVIDENCE,REJECTED_MISSING_CONTEXT,asset_ref_fd6bc3affd4f,patch_manifest,false,false,false,false,false,false,METADATA_REPAIR_REQUIRED_BEFORE_REQUEST|PREVIOUS_METADATA_BLOCKER_PRESENT|SENSOR_NOT_RESOLVED_TO_SENTINEL_2_OPTICAL|REQUIREMENT_ALREADY_BLOCKED,GUARDRAILS_PRESERVED_SENSOR_FAMILY_RESOLUTION_ONLY
curitiba_00410__sentinel__B3B8B11__10m__v1,Curitiba,1,requires_manual_sensor_selection,requires_manual_sensor_selection,BLOCKED_MANUAL_REVIEW_REQUIRED,NO_DETERMINISTIC_ACQUISITION_SENSOR_EVIDENCE,REJECTED_MISSING_CONTEXT,asset_ref_41a1afcbe680,patch_manifest,false,false,false,false,false,false,METADATA_REPAIR_REQUIRED_BEFORE_REQUEST|PREVIOUS_METADATA_BLOCKER_PRESENT|SENSOR_NOT_RESOLVED_TO_SENTINEL_2_OPTICAL|REQUIREMENT_ALREADY_BLOCKED,GUARDRAILS_PRESERVED_SENSOR_FAMILY_RESOLUTION_ONLY
curitiba_00410__sentinel__B3B8B11__10m__v1,Curitiba,2,requires_manual_sensor_selection,requires_manual_sensor_selection,BLOCKED_MANUAL_REVIEW_REQUIRED,NO_DETERMINISTIC_ACQUISITION_SENSOR_EVIDENCE,REJECTED_MISSING_CONTEXT,asset_ref_41a1afcbe680,patch_manifest,false,false,false,false,false,false,METADATA_REPAIR_REQUIRED_BEFORE_REQUEST|PREVIOUS_METADATA_BLOCKER_PRESENT|SENSOR_NOT_RESOLVED_TO_SENTINEL_2_OPTICAL|REQUIREMENT_ALREADY_BLOCKED,GUARDRAILS_PRESERVED_SENSOR_FAMILY_RESOLUTION_ONLY
curitiba_00410__sentinel__B3B8B11__10m__v1,Curitiba,3,requires_manual_sensor_selection,requires_manual_sensor_selection,BLOCKED_MANUAL_REVIEW_REQUIRED,NO_DETERMINISTIC_ACQUISITION_SENSOR_EVIDENCE,REJECTED_MISSING_CONTEXT,asset_ref_41a1afcbe680,patch_manifest,false,false,false,false,false,false,METADATA_REPAIR_REQUIRED_BEFORE_REQUEST|PREVIOUS_METADATA_BLOCKER_PRESENT|SENSOR_NOT_RESOLVED_TO_SENTINEL_2_OPTICAL|REQUIREMENT_ALREADY_BLOCKED,GUARDRAILS_PRESERVED_SENSOR_FAMILY_RESOLUTION_ONLY
curitiba_00413__sentinel__B3B8B11__10m__v1,Curitiba,1,requires_manual_sensor_selection,requires_manual_sensor_selection,BLOCKED_MANUAL_REVIEW_REQUIRED,NO_DETERMINISTIC_ACQUISITION_SENSOR_EVIDENCE,REJECTED_MISSING_CONTEXT,asset_ref_5af03a2257cc,patch_manifest,false,false,false,false,false,false,METADATA_REPAIR_REQUIRED_BEFORE_REQUEST|PREVIOUS_METADATA_BLOCKER_PRESENT|SENSOR_NOT_RESOLVED_TO_SENTINEL_2_OPTICAL|REQUIREMENT_ALREADY_BLOCKED,GUARDRAILS_PRESERVED_SENSOR_FAMILY_RESOLUTION_ONLY
curitiba_00413__sentinel__B3B8B11__10m__v1,Curitiba,2,requires_manual_sensor_selection,requires_manual_sensor_selection,BLOCKED_MANUAL_REVIEW_REQUIRED,NO_DETERMINISTIC_ACQUISITION_SENSOR_EVIDENCE,REJECTED_MISSING_CONTEXT,asset_ref_5af03a2257cc,patch_manifest,false,false,false,false,false,false,METADATA_REPAIR_REQUIRED_BEFORE_REQUEST|PREVIOUS_METADATA_BLOCKER_PRESENT|SENSOR_NOT_RESOLVED_TO_SENTINEL_2_OPTICAL|REQUIREMENT_ALREADY_BLOCKED,GUARDRAILS_PRESERVED_SENSOR_FAMILY_RESOLUTION_ONLY
curitiba_00413__sentinel__B3B8B11__10m__v1,Curitiba,3,requires_manual_sensor_selection,requires_manual_sensor_selection,BLOCKED_MANUAL_REVIEW_REQUIRED,NO_DETERMINISTIC_ACQUISITION_SENSOR_EVIDENCE,REJECTED_MISSING_CONTEXT,asset_ref_5af03a2257cc,patch_manifest,false,false,false,false,false,false,METADATA_REPAIR_REQUIRED_BEFORE_REQUEST|PREVIOUS_METADATA_BLOCKER_PRESENT|SENSOR_NOT_RESOLVED_TO_SENTINEL_2_OPTICAL|REQUIREMENT_ALREADY_BLOCKED,GUARDRAILS_PRESERVED_SENSOR_FAMILY_RESOLUTION_ONLY
curitiba_00416__sentinel__B3B8B11__10m__v1,Curitiba,1,requires_manual_sensor_selection,requires_manual_sensor_selection,BLOCKED_MANUAL_REVIEW_REQUIRED,NO_DETERMINISTIC_ACQUISITION_SENSOR_EVIDENCE,REJECTED_MISSING_CONTEXT,asset_ref_670f8424ecdb,patch_manifest,false,false,false,false,false,false,METADATA_REPAIR_REQUIRED_BEFORE_REQUEST|PREVIOUS_METADATA_BLOCKER_PRESENT|SENSOR_NOT_RESOLVED_TO_SENTINEL_2_OPTICAL|REQUIREMENT_ALREADY_BLOCKED,GUARDRAILS_PRESERVED_SENSOR_FAMILY_RESOLUTION_ONLY
curitiba_00416__sentinel__B3B8B11__10m__v1,Curitiba,2,requires_manual_sensor_selection,requires_manual_sensor_selection,BLOCKED_MANUAL_REVIEW_REQUIRED,NO_DETERMINISTIC_ACQUISITION_SENSOR_EVIDENCE,REJECTED_MISSING_CONTEXT,asset_ref_670f8424ecdb,patch_manifest,false,false,false,false,false,false,METADATA_REPAIR_REQUIRED_BEFORE_REQUEST|PREVIOUS_METADATA_BLOCKER_PRESENT|SENSOR_NOT_RESOLVED_TO_SENTINEL_2_OPTICAL|REQUIREMENT_ALREADY_BLOCKED,GUARDRAILS_PRESERVED_SENSOR_FAMILY_RESOLUTION_ONLY
curitiba_00416__sentinel__B3B8B11__10m__v1,Curitiba,3,requires_manual_sensor_selection,requires_manual_sensor_selection,BLOCKED_MANUAL_REVIEW_REQUIRED,NO_DETERMINISTIC_ACQUISITION_SENSOR_EVIDENCE,REJECTED_MISSING_CONTEXT,asset_ref_670f8424ecdb,patch_manifest,false,false,false,false,false,false,METADATA_REPAIR_REQUIRED_BEFORE_REQUEST|PREVIOUS_METADATA_BLOCKER_PRESENT|SENSOR_NOT_RESOLVED_TO_SENTINEL_2_OPTICAL|REQUIREMENT_ALREADY_BLOCKED,GUARDRAILS_PRESERVED_SENSOR_FAMILY_RESOLUTION_ONLY
curitiba_00445__sentinel__B3B8B11__10m__v1,Curitiba,1,requires_manual_sensor_selection,requires_manual_sensor_selection,BLOCKED_MANUAL_REVIEW_REQUIRED,NO_DETERMINISTIC_ACQUISITION_SENSOR_EVIDENCE,REJECTED_MISSING_CONTEXT,asset_ref_778d0ec53168,patch_manifest,false,false,false,false,false,false,METADATA_REPAIR_REQUIRED_BEFORE_REQUEST|PREVIOUS_METADATA_BLOCKER_PRESENT|SENSOR_NOT_RESOLVED_TO_SENTINEL_2_OPTICAL|REQUIREMENT_ALREADY_BLOCKED,GUARDRAILS_PRESERVED_SENSOR_FAMILY_RESOLUTION_ONLY
curitiba_00445__sentinel__B3B8B11__10m__v1,Curitiba,2,requires_manual_sensor_selection,requires_manual_sensor_selection,BLOCKED_MANUAL_REVIEW_REQUIRED,NO_DETERMINISTIC_ACQUISITION_SENSOR_EVIDENCE,REJECTED_MISSING_CONTEXT,asset_ref_778d0ec53168,patch_manifest,false,false,false,false,false,false,METADATA_REPAIR_REQUIRED_BEFORE_REQUEST|PREVIOUS_METADATA_BLOCKER_PRESENT|SENSOR_NOT_RESOLVED_TO_SENTINEL_2_OPTICAL|REQUIREMENT_ALREADY_BLOCKED,GUARDRAILS_PRESERVED_SENSOR_FAMILY_RESOLUTION_ONLY
curitiba_00445__sentinel__B3B8B11__10m__v1,Curitiba,3,requires_manual_sensor_selection,requires_manual_sensor_selection,BLOCKED_MANUAL_REVIEW_REQUIRED,NO_DETERMINISTIC_ACQUISITION_SENSOR_EVIDENCE,REJECTED_MISSING_CONTEXT,asset_ref_778d0ec53168,patch_manifest,false,false,false,false,false,false,METADATA_REPAIR_REQUIRED_BEFORE_REQUEST|PREVIOUS_METADATA_BLOCKER_PRESENT|SENSOR_NOT_RESOLVED_TO_SENTINEL_2_OPTICAL|REQUIREMENT_ALREADY_BLOCKED,GUARDRAILS_PRESERVED_SENSOR_FAMILY_RESOLUTION_ONLY
curitiba_00446__sentinel__B3B8B11__10m__v1,Curitiba,1,requires_manual_sensor_selection,requires_manual_sensor_selection,BLOCKED_MANUAL_REVIEW_REQUIRED,NO_DETERMINISTIC_ACQUISITION_SENSOR_EVIDENCE,REJECTED_MISSING_CONTEXT,asset_ref_00f6be7b7455,patch_manifest,false,false,false,false,false,false,METADATA_REPAIR_REQUIRED_BEFORE_REQUEST|PREVIOUS_METADATA_BLOCKER_PRESENT|SENSOR_NOT_RESOLVED_TO_SENTINEL_2_OPTICAL|REQUIREMENT_ALREADY_BLOCKED,GUARDRAILS_PRESERVED_SENSOR_FAMILY_RESOLUTION_ONLY
curitiba_00446__sentinel__B3B8B11__10m__v1,Curitiba,2,requires_manual_sensor_selection,requires_manual_sensor_selection,BLOCKED_MANUAL_REVIEW_REQUIRED,NO_DETERMINISTIC_ACQUISITION_SENSOR_EVIDENCE,REJECTED_MISSING_CONTEXT,asset_ref_00f6be7b7455,patch_manifest,false,false,false,false,false,false,METADATA_REPAIR_REQUIRED_BEFORE_REQUEST|PREVIOUS_METADATA_BLOCKER_PRESENT|SENSOR_NOT_RESOLVED_TO_SENTINEL_2_OPTICAL|REQUIREMENT_ALREADY_BLOCKED,GUARDRAILS_PRESERVED_SENSOR_FAMILY_RESOLUTION_ONLY
curitiba_00446__sentinel__B3B8B11__10m__v1,Curitiba,3,requires_manual_sensor_selection,requires_manual_sensor_selection,BLOCKED_MANUAL_REVIEW_REQUIRED,NO_DETERMINISTIC_ACQUISITION_SENSOR_EVIDENCE,REJECTED_MISSING_CONTEXT,asset_ref_00f6be7b7455,patch_manifest,false,false,false,false,false,false,METADATA_REPAIR_REQUIRED_BEFORE_REQUEST|PREVIOUS_METADATA_BLOCKER_PRESENT|SENSOR_NOT_RESOLVED_TO_SENTINEL_2_OPTICAL|REQUIREMENT_ALREADY_BLOCKED,GUARDRAILS_PRESERVED_SENSOR_FAMILY_RESOLUTION_ONLY
curitiba_00597__sentinel__B3B8B11__10m__v1,Curitiba,1,requires_manual_sensor_selection,requires_manual_sensor_selection,BLOCKED_MANUAL_REVIEW_REQUIRED,NO_DETERMINISTIC_ACQUISITION_SENSOR_EVIDENCE,REJECTED_MISSING_CONTEXT,asset_ref_e0bc078bb055,patch_manifest,false,false,false,false,false,false,METADATA_REPAIR_REQUIRED_BEFORE_REQUEST|PREVIOUS_METADATA_BLOCKER_PRESENT|SENSOR_NOT_RESOLVED_TO_SENTINEL_2_OPTICAL|REQUIREMENT_ALREADY_BLOCKED,GUARDRAILS_PRESERVED_SENSOR_FAMILY_RESOLUTION_ONLY
curitiba_00597__sentinel__B3B8B11__10m__v1,Curitiba,2,requires_manual_sensor_selection,requires_manual_sensor_selection,BLOCKED_MANUAL_REVIEW_REQUIRED,NO_DETERMINISTIC_ACQUISITION_SENSOR_EVIDENCE,REJECTED_MISSING_CONTEXT,asset_ref_e0bc078bb055,patch_manifest,false,false,false,false,false,false,METADATA_REPAIR_REQUIRED_BEFORE_REQUEST|PREVIOUS_METADATA_BLOCKER_PRESENT|SENSOR_NOT_RESOLVED_TO_SENTINEL_2_OPTICAL|REQUIREMENT_ALREADY_BLOCKED,GUARDRAILS_PRESERVED_SENSOR_FAMILY_RESOLUTION_ONLY
curitiba_00597__sentinel__B3B8B11__10m__v1,Curitiba,3,requires_manual_sensor_selection,requires_manual_sensor_selection,BLOCKED_MANUAL_REVIEW_REQUIRED,NO_DETERMINISTIC_ACQUISITION_SENSOR_EVIDENCE,REJECTED_MISSING_CONTEXT,asset_ref_e0bc078bb055,patch_manifest,false,false,false,false,false,false,METADATA_REPAIR_REQUIRED_BEFORE_REQUEST|PREVIOUS_METADATA_BLOCKER_PRESENT|SENSOR_NOT_RESOLVED_TO_SENTINEL_2_OPTICAL|REQUIREMENT_ALREADY_BLOCKED,GUARDRAILS_PRESERVED_SENSOR_FAMILY_RESOLUTION_ONLY
curitiba_00661__sentinel__B3B8B11__10m__v1,Curitiba,1,requires_manual_sensor_selection,requires_manual_sensor_selection,BLOCKED_MANUAL_REVIEW_REQUIRED,NO_DETERMINISTIC_ACQUISITION_SENSOR_EVIDENCE,REJECTED_MISSING_CONTEXT,asset_ref_5c85d2f6aa4e,patch_manifest,false,false,false,false,false,false,METADATA_REPAIR_REQUIRED_BEFORE_REQUEST|PREVIOUS_METADATA_BLOCKER_PRESENT|SENSOR_NOT_RESOLVED_TO_SENTINEL_2_OPTICAL|REQUIREMENT_ALREADY_BLOCKED,GUARDRAILS_PRESERVED_SENSOR_FAMILY_RESOLUTION_ONLY
curitiba_00661__sentinel__B3B8B11__10m__v1,Curitiba,2,requires_manual_sensor_selection,requires_manual_sensor_selection,BLOCKED_MANUAL_REVIEW_REQUIRED,NO_DETERMINISTIC_ACQUISITION_SENSOR_EVIDENCE,REJECTED_MISSING_CONTEXT,asset_ref_5c85d2f6aa4e,patch_manifest,false,false,false,false,false,false,METADATA_REPAIR_REQUIRED_BEFORE_REQUEST|PREVIOUS_METADATA_BLOCKER_PRESENT|SENSOR_NOT_RESOLVED_TO_SENTINEL_2_OPTICAL|REQUIREMENT_ALREADY_BLOCKED,GUARDRAILS_PRESERVED_SENSOR_FAMILY_RESOLUTION_ONLY
curitiba_00661__sentinel__B3B8B11__10m__v1,Curitiba,3,requires_manual_sensor_selection,requires_manual_sensor_selection,BLOCKED_MANUAL_REVIEW_REQUIRED,NO_DETERMINISTIC_ACQUISITION_SENSOR_EVIDENCE,REJECTED_MISSING_CONTEXT,asset_ref_5c85d2f6aa4e,patch_manifest,false,false,false,false,false,false,METADATA_REPAIR_REQUIRED_BEFORE_REQUEST|PREVIOUS_METADATA_BLOCKER_PRESENT|SENSOR_NOT_RESOLVED_TO_SENTINEL_2_OPTICAL|REQUIREMENT_ALREADY_BLOCKED,GUARDRAILS_PRESERVED_SENSOR_FAMILY_RESOLUTION_ONLY
curitiba_00662__sentinel__B3B8B11__10m__v1,Curitiba,1,requires_manual_sensor_selection,requires_manual_sensor_selection,BLOCKED_MANUAL_REVIEW_REQUIRED,NO_DETERMINISTIC_ACQUISITION_SENSOR_EVIDENCE,REJECTED_MISSING_CONTEXT,asset_ref_416c2faa3c6a,patch_manifest,false,false,false,false,false,false,METADATA_REPAIR_REQUIRED_BEFORE_REQUEST|PREVIOUS_METADATA_BLOCKER_PRESENT|SENSOR_NOT_RESOLVED_TO_SENTINEL_2_OPTICAL|REQUIREMENT_ALREADY_BLOCKED,GUARDRAILS_PRESERVED_SENSOR_FAMILY_RESOLUTION_ONLY
curitiba_00662__sentinel__B3B8B11__10m__v1,Curitiba,2,requires_manual_sensor_selection,requires_manual_sensor_selection,BLOCKED_MANUAL_REVIEW_REQUIRED,NO_DETERMINISTIC_ACQUISITION_SENSOR_EVIDENCE,REJECTED_MISSING_CONTEXT,asset_ref_416c2faa3c6a,patch_manifest,false,false,false,false,false,false,METADATA_REPAIR_REQUIRED_BEFORE_REQUEST|PREVIOUS_METADATA_BLOCKER_PRESENT|SENSOR_NOT_RESOLVED_TO_SENTINEL_2_OPTICAL|REQUIREMENT_ALREADY_BLOCKED,GUARDRAILS_PRESERVED_SENSOR_FAMILY_RESOLUTION_ONLY
curitiba_00662__sentinel__B3B8B11__10m__v1,Curitiba,3,requires_manual_sensor_selection,requires_manual_sensor_selection,BLOCKED_MANUAL_REVIEW_REQUIRED,NO_DETERMINISTIC_ACQUISITION_SENSOR_EVIDENCE,REJECTED_MISSING_CONTEXT,asset_ref_416c2faa3c6a,patch_manifest,false,false,false,false,false,false,METADATA_REPAIR_REQUIRED_BEFORE_REQUEST|PREVIOUS_METADATA_BLOCKER_PRESENT|SENSOR_NOT_RESOLVED_TO_SENTINEL_2_OPTICAL|REQUIREMENT_ALREADY_BLOCKED,GUARDRAILS_PRESERVED_SENSOR_FAMILY_RESOLUTION_ONLY
curitiba_00695__sentinel__B3B8B11__10m__v1,Curitiba,1,requires_manual_sensor_selection,requires_manual_sensor_selection,BLOCKED_MANUAL_REVIEW_REQUIRED,NO_DETERMINISTIC_ACQUISITION_SENSOR_EVIDENCE,REJECTED_MISSING_CONTEXT,asset_ref_0d1b734d2441,patch_manifest,false,false,false,false,false,false,METADATA_REPAIR_REQUIRED_BEFORE_REQUEST|PREVIOUS_METADATA_BLOCKER_PRESENT|SENSOR_NOT_RESOLVED_TO_SENTINEL_2_OPTICAL|REQUIREMENT_ALREADY_BLOCKED,GUARDRAILS_PRESERVED_SENSOR_FAMILY_RESOLUTION_ONLY
curitiba_00695__sentinel__B3B8B11__10m__v1,Curitiba,2,requires_manual_sensor_selection,requires_manual_sensor_selection,BLOCKED_MANUAL_REVIEW_REQUIRED,NO_DETERMINISTIC_ACQUISITION_SENSOR_EVIDENCE,REJECTED_MISSING_CONTEXT,asset_ref_0d1b734d2441,patch_manifest,false,false,false,false,false,false,METADATA_REPAIR_REQUIRED_BEFORE_REQUEST|PREVIOUS_METADATA_BLOCKER_PRESENT|SENSOR_NOT_RESOLVED_TO_SENTINEL_2_OPTICAL|REQUIREMENT_ALREADY_BLOCKED,GUARDRAILS_PRESERVED_SENSOR_FAMILY_RESOLUTION_ONLY
curitiba_00695__sentinel__B3B8B11__10m__v1,Curitiba,3,requires_manual_sensor_selection,requires_manual_sensor_selection,BLOCKED_MANUAL_REVIEW_REQUIRED,NO_DETERMINISTIC_ACQUISITION_SENSOR_EVIDENCE,REJECTED_MISSING_CONTEXT,asset_ref_0d1b734d2441,patch_manifest,false,false,false,false,false,false,METADATA_REPAIR_REQUIRED_BEFORE_REQUEST|PREVIOUS_METADATA_BLOCKER_PRESENT|SENSOR_NOT_RESOLVED_TO_SENTINEL_2_OPTICAL|REQUIREMENT_ALREADY_BLOCKED,GUARDRAILS_PRESERVED_SENSOR_FAMILY_RESOLUTION_ONLY
curitiba_00728__sentinel__B3B8B11__10m__v1,Curitiba,1,requires_manual_sensor_selection,requires_manual_sensor_selection,BLOCKED_MANUAL_REVIEW_REQUIRED,NO_DETERMINISTIC_ACQUISITION_SENSOR_EVIDENCE,REJECTED_MISSING_CONTEXT,asset_ref_a2c6c44dbb40,patch_manifest,false,false,false,false,false,false,METADATA_REPAIR_REQUIRED_BEFORE_REQUEST|PREVIOUS_METADATA_BLOCKER_PRESENT|SENSOR_NOT_RESOLVED_TO_SENTINEL_2_OPTICAL|REQUIREMENT_ALREADY_BLOCKED,GUARDRAILS_PRESERVED_SENSOR_FAMILY_RESOLUTION_ONLY
curitiba_00728__sentinel__B3B8B11__10m__v1,Curitiba,2,requires_manual_sensor_selection,requires_manual_sensor_selection,BLOCKED_MANUAL_REVIEW_REQUIRED,NO_DETERMINISTIC_ACQUISITION_SENSOR_EVIDENCE,REJECTED_MISSING_CONTEXT,asset_ref_a2c6c44dbb40,patch_manifest,false,false,false,false,false,false,METADATA_REPAIR_REQUIRED_BEFORE_REQUEST|PREVIOUS_METADATA_BLOCKER_PRESENT|SENSOR_NOT_RESOLVED_TO_SENTINEL_2_OPTICAL|REQUIREMENT_ALREADY_BLOCKED,GUARDRAILS_PRESERVED_SENSOR_FAMILY_RESOLUTION_ONLY
curitiba_00728__sentinel__B3B8B11__10m__v1,Curitiba,3,requires_manual_sensor_selection,requires_manual_sensor_selection,BLOCKED_MANUAL_REVIEW_REQUIRED,NO_DETERMINISTIC_ACQUISITION_SENSOR_EVIDENCE,REJECTED_MISSING_CONTEXT,asset_ref_a2c6c44dbb40,patch_manifest,false,false,false,false,false,false,METADATA_REPAIR_REQUIRED_BEFORE_REQUEST|PREVIOUS_METADATA_BLOCKER_PRESENT|SENSOR_NOT_RESOLVED_TO_SENTINEL_2_OPTICAL|REQUIREMENT_ALREADY_BLOCKED,GUARDRAILS_PRESERVED_SENSOR_FAMILY_RESOLUTION_ONLY
curitiba_00740__sentinel__B3B8B11__10m__v1,Curitiba,1,requires_manual_sensor_selection,requires_manual_sensor_selection,BLOCKED_MANUAL_REVIEW_REQUIRED,NO_DETERMINISTIC_ACQUISITION_SENSOR_EVIDENCE,REJECTED_MISSING_CONTEXT,asset_ref_062bfada4b31,patch_manifest,false,false,false,false,false,false,METADATA_REPAIR_REQUIRED_BEFORE_REQUEST|PREVIOUS_METADATA_BLOCKER_PRESENT|SENSOR_NOT_RESOLVED_TO_SENTINEL_2_OPTICAL|REQUIREMENT_ALREADY_BLOCKED,GUARDRAILS_PRESERVED_SENSOR_FAMILY_RESOLUTION_ONLY
curitiba_00740__sentinel__B3B8B11__10m__v1,Curitiba,2,requires_manual_sensor_selection,requires_manual_sensor_selection,BLOCKED_MANUAL_REVIEW_REQUIRED,NO_DETERMINISTIC_ACQUISITION_SENSOR_EVIDENCE,REJECTED_MISSING_CONTEXT,asset_ref_062bfada4b31,patch_manifest,false,false,false,false,false,false,METADATA_REPAIR_REQUIRED_BEFORE_REQUEST|PREVIOUS_METADATA_BLOCKER_PRESENT|SENSOR_NOT_RESOLVED_TO_SENTINEL_2_OPTICAL|REQUIREMENT_ALREADY_BLOCKED,GUARDRAILS_PRESERVED_SENSOR_FAMILY_RESOLUTION_ONLY
curitiba_00740__sentinel__B3B8B11__10m__v1,Curitiba,3,requires_manual_sensor_selection,requires_manual_sensor_selection,BLOCKED_MANUAL_REVIEW_REQUIRED,NO_DETERMINISTIC_ACQUISITION_SENSOR_EVIDENCE,REJECTED_MISSING_CONTEXT,asset_ref_062bfada4b31,patch_manifest,false,false,false,false,false,false,METADATA_REPAIR_REQUIRED_BEFORE_REQUEST|PREVIOUS_METADATA_BLOCKER_PRESENT|SENSOR_NOT_RESOLVED_TO_SENTINEL_2_OPTICAL|REQUIREMENT_ALREADY_BLOCKED,GUARDRAILS_PRESERVED_SENSOR_FAMILY_RESOLUTION_ONLY
curitiba_00887__sentinel__B3B8B11__10m__v1,Curitiba,1,requires_manual_sensor_selection,requires_manual_sensor_selection,BLOCKED_MANUAL_REVIEW_REQUIRED,NO_DETERMINISTIC_ACQUISITION_SENSOR_EVIDENCE,REJECTED_MISSING_CONTEXT,asset_ref_735ba550955b,patch_manifest,false,false,false,false,false,false,METADATA_REPAIR_REQUIRED_BEFORE_REQUEST|PREVIOUS_METADATA_BLOCKER_PRESENT|SENSOR_NOT_RESOLVED_TO_SENTINEL_2_OPTICAL|REQUIREMENT_ALREADY_BLOCKED,GUARDRAILS_PRESERVED_SENSOR_FAMILY_RESOLUTION_ONLY
curitiba_00887__sentinel__B3B8B11__10m__v1,Curitiba,2,requires_manual_sensor_selection,requires_manual_sensor_selection,BLOCKED_MANUAL_REVIEW_REQUIRED,NO_DETERMINISTIC_ACQUISITION_SENSOR_EVIDENCE,REJECTED_MISSING_CONTEXT,asset_ref_735ba550955b,patch_manifest,false,false,false,false,false,false,METADATA_REPAIR_REQUIRED_BEFORE_REQUEST|PREVIOUS_METADATA_BLOCKER_PRESENT|SENSOR_NOT_RESOLVED_TO_SENTINEL_2_OPTICAL|REQUIREMENT_ALREADY_BLOCKED,GUARDRAILS_PRESERVED_SENSOR_FAMILY_RESOLUTION_ONLY
curitiba_00887__sentinel__B3B8B11__10m__v1,Curitiba,3,requires_manual_sensor_selection,requires_manual_sensor_selection,BLOCKED_MANUAL_REVIEW_REQUIRED,NO_DETERMINISTIC_ACQUISITION_SENSOR_EVIDENCE,REJECTED_MISSING_CONTEXT,asset_ref_735ba550955b,patch_manifest,false,false,false,false,false,false,METADATA_REPAIR_REQUIRED_BEFORE_REQUEST|PREVIOUS_METADATA_BLOCKER_PRESENT|SENSOR_NOT_RESOLVED_TO_SENTINEL_2_OPTICAL|REQUIREMENT_ALREADY_BLOCKED,GUARDRAILS_PRESERVED_SENSOR_FAMILY_RESOLUTION_ONLY
curitiba_00888__sentinel__B3B8B11__10m__v1,Curitiba,1,requires_manual_sensor_selection,requires_manual_sensor_selection,BLOCKED_MANUAL_REVIEW_REQUIRED,NO_DETERMINISTIC_ACQUISITION_SENSOR_EVIDENCE,REJECTED_MISSING_CONTEXT,asset_ref_afe4f1d08e73,patch_manifest,false,false,false,false,false,false,METADATA_REPAIR_REQUIRED_BEFORE_REQUEST|PREVIOUS_METADATA_BLOCKER_PRESENT|SENSOR_NOT_RESOLVED_TO_SENTINEL_2_OPTICAL|REQUIREMENT_ALREADY_BLOCKED,GUARDRAILS_PRESERVED_SENSOR_FAMILY_RESOLUTION_ONLY
curitiba_00888__sentinel__B3B8B11__10m__v1,Curitiba,2,requires_manual_sensor_selection,requires_manual_sensor_selection,BLOCKED_MANUAL_REVIEW_REQUIRED,NO_DETERMINISTIC_ACQUISITION_SENSOR_EVIDENCE,REJECTED_MISSING_CONTEXT,asset_ref_afe4f1d08e73,patch_manifest,false,false,false,false,false,false,METADATA_REPAIR_REQUIRED_BEFORE_REQUEST|PREVIOUS_METADATA_BLOCKER_PRESENT|SENSOR_NOT_RESOLVED_TO_SENTINEL_2_OPTICAL|REQUIREMENT_ALREADY_BLOCKED,GUARDRAILS_PRESERVED_SENSOR_FAMILY_RESOLUTION_ONLY
curitiba_00888__sentinel__B3B8B11__10m__v1,Curitiba,3,requires_manual_sensor_selection,requires_manual_sensor_selection,BLOCKED_MANUAL_REVIEW_REQUIRED,NO_DETERMINISTIC_ACQUISITION_SENSOR_EVIDENCE,REJECTED_MISSING_CONTEXT,asset_ref_afe4f1d08e73,patch_manifest,false,false,false,false,false,false,METADATA_REPAIR_REQUIRED_BEFORE_REQUEST|PREVIOUS_METADATA_BLOCKER_PRESENT|SENSOR_NOT_RESOLVED_TO_SENTINEL_2_OPTICAL|REQUIREMENT_ALREADY_BLOCKED,GUARDRAILS_PRESERVED_SENSOR_FAMILY_RESOLUTION_ONLY
curitiba_00889__sentinel__B3B8B11__10m__v1,Curitiba,1,requires_manual_sensor_selection,requires_manual_sensor_selection,BLOCKED_MANUAL_REVIEW_REQUIRED,NO_DETERMINISTIC_ACQUISITION_SENSOR_EVIDENCE,REJECTED_MISSING_CONTEXT,asset_ref_ca04936559f5,patch_manifest,false,false,false,false,false,false,METADATA_REPAIR_REQUIRED_BEFORE_REQUEST|PREVIOUS_METADATA_BLOCKER_PRESENT|SENSOR_NOT_RESOLVED_TO_SENTINEL_2_OPTICAL|REQUIREMENT_ALREADY_BLOCKED,GUARDRAILS_PRESERVED_SENSOR_FAMILY_RESOLUTION_ONLY
curitiba_00889__sentinel__B3B8B11__10m__v1,Curitiba,2,requires_manual_sensor_selection,requires_manual_sensor_selection,BLOCKED_MANUAL_REVIEW_REQUIRED,NO_DETERMINISTIC_ACQUISITION_SENSOR_EVIDENCE,REJECTED_MISSING_CONTEXT,asset_ref_ca04936559f5,patch_manifest,false,false,false,false,false,false,METADATA_REPAIR_REQUIRED_BEFORE_REQUEST|PREVIOUS_METADATA_BLOCKER_PRESENT|SENSOR_NOT_RESOLVED_TO_SENTINEL_2_OPTICAL|REQUIREMENT_ALREADY_BLOCKED,GUARDRAILS_PRESERVED_SENSOR_FAMILY_RESOLUTION_ONLY
curitiba_00889__sentinel__B3B8B11__10m__v1,Curitiba,3,requires_manual_sensor_selection,requires_manual_sensor_selection,BLOCKED_MANUAL_REVIEW_REQUIRED,NO_DETERMINISTIC_ACQUISITION_SENSOR_EVIDENCE,REJECTED_MISSING_CONTEXT,asset_ref_ca04936559f5,patch_manifest,false,false,false,false,false,false,METADATA_REPAIR_REQUIRED_BEFORE_REQUEST|PREVIOUS_METADATA_BLOCKER_PRESENT|SENSOR_NOT_RESOLVED_TO_SENTINEL_2_OPTICAL|REQUIREMENT_ALREADY_BLOCKED,GUARDRAILS_PRESERVED_SENSOR_FAMILY_RESOLUTION_ONLY
curitiba_00895__sentinel__B3B8B11__10m__v1,Curitiba,1,requires_manual_sensor_selection,requires_manual_sensor_selection,BLOCKED_MANUAL_REVIEW_REQUIRED,NO_DETERMINISTIC_ACQUISITION_SENSOR_EVIDENCE,REJECTED_MISSING_CONTEXT,asset_ref_40e1db36206f,patch_manifest,false,false,false,false,false,false,METADATA_REPAIR_REQUIRED_BEFORE_REQUEST|PREVIOUS_METADATA_BLOCKER_PRESENT|SENSOR_NOT_RESOLVED_TO_SENTINEL_2_OPTICAL|REQUIREMENT_ALREADY_BLOCKED,GUARDRAILS_PRESERVED_SENSOR_FAMILY_RESOLUTION_ONLY
curitiba_00895__sentinel__B3B8B11__10m__v1,Curitiba,2,requires_manual_sensor_selection,requires_manual_sensor_selection,BLOCKED_MANUAL_REVIEW_REQUIRED,NO_DETERMINISTIC_ACQUISITION_SENSOR_EVIDENCE,REJECTED_MISSING_CONTEXT,asset_ref_40e1db36206f,patch_manifest,false,false,false,false,false,false,METADATA_REPAIR_REQUIRED_BEFORE_REQUEST|PREVIOUS_METADATA_BLOCKER_PRESENT|SENSOR_NOT_RESOLVED_TO_SENTINEL_2_OPTICAL|REQUIREMENT_ALREADY_BLOCKED,GUARDRAILS_PRESERVED_SENSOR_FAMILY_RESOLUTION_ONLY
curitiba_00895__sentinel__B3B8B11__10m__v1,Curitiba,3,requires_manual_sensor_selection,requires_manual_sensor_selection,BLOCKED_MANUAL_REVIEW_REQUIRED,NO_DETERMINISTIC_ACQUISITION_SENSOR_EVIDENCE,REJECTED_MISSING_CONTEXT,asset_ref_40e1db36206f,patch_manifest,false,false,false,false,false,false,METADATA_REPAIR_REQUIRED_BEFORE_REQUEST|PREVIOUS_METADATA_BLOCKER_PRESENT|SENSOR_NOT_RESOLVED_TO_SENTINEL_2_OPTICAL|REQUIREMENT_ALREADY_BLOCKED,GUARDRAILS_PRESERVED_SENSOR_FAMILY_RESOLUTION_ONLY
curitiba_00899__sentinel__B3B8B11__10m__v1,Curitiba,1,requires_manual_sensor_selection,requires_manual_sensor_selection,BLOCKED_MANUAL_REVIEW_REQUIRED,NO_DETERMINISTIC_ACQUISITION_SENSOR_EVIDENCE,REJECTED_MISSING_CONTEXT,asset_ref_9a4384eaa931,patch_manifest,false,false,false,false,false,false,METADATA_REPAIR_REQUIRED_BEFORE_REQUEST|PREVIOUS_METADATA_BLOCKER_PRESENT|SENSOR_NOT_RESOLVED_TO_SENTINEL_2_OPTICAL|REQUIREMENT_ALREADY_BLOCKED,GUARDRAILS_PRESERVED_SENSOR_FAMILY_RESOLUTION_ONLY
curitiba_00899__sentinel__B3B8B11__10m__v1,Curitiba,2,requires_manual_sensor_selection,requires_manual_sensor_selection,BLOCKED_MANUAL_REVIEW_REQUIRED,NO_DETERMINISTIC_ACQUISITION_SENSOR_EVIDENCE,REJECTED_MISSING_CONTEXT,asset_ref_9a4384eaa931,patch_manifest,false,false,false,false,false,false,METADATA_REPAIR_REQUIRED_BEFORE_REQUEST|PREVIOUS_METADATA_BLOCKER_PRESENT|SENSOR_NOT_RESOLVED_TO_SENTINEL_2_OPTICAL|REQUIREMENT_ALREADY_BLOCKED,GUARDRAILS_PRESERVED_SENSOR_FAMILY_RESOLUTION_ONLY
curitiba_00899__sentinel__B3B8B11__10m__v1,Curitiba,3,requires_manual_sensor_selection,requires_manual_sensor_selection,BLOCKED_MANUAL_REVIEW_REQUIRED,NO_DETERMINISTIC_ACQUISITION_SENSOR_EVIDENCE,REJECTED_MISSING_CONTEXT,asset_ref_9a4384eaa931,patch_manifest,false,false,false,false,false,false,METADATA_REPAIR_REQUIRED_BEFORE_REQUEST|PREVIOUS_METADATA_BLOCKER_PRESENT|SENSOR_NOT_RESOLVED_TO_SENTINEL_2_OPTICAL|REQUIREMENT_ALREADY_BLOCKED,GUARDRAILS_PRESERVED_SENSOR_FAMILY_RESOLUTION_ONLY
curitiba_00924__sentinel__B3B8B11__10m__v1,Curitiba,1,requires_manual_sensor_selection,requires_manual_sensor_selection,BLOCKED_MANUAL_REVIEW_REQUIRED,NO_DETERMINISTIC_ACQUISITION_SENSOR_EVIDENCE,REJECTED_MISSING_CONTEXT,asset_ref_387ceda5b088,patch_manifest,false,false,false,false,false,false,METADATA_REPAIR_REQUIRED_BEFORE_REQUEST|PREVIOUS_METADATA_BLOCKER_PRESENT|SENSOR_NOT_RESOLVED_TO_SENTINEL_2_OPTICAL|REQUIREMENT_ALREADY_BLOCKED,GUARDRAILS_PRESERVED_SENSOR_FAMILY_RESOLUTION_ONLY
curitiba_00924__sentinel__B3B8B11__10m__v1,Curitiba,2,requires_manual_sensor_selection,requires_manual_sensor_selection,BLOCKED_MANUAL_REVIEW_REQUIRED,NO_DETERMINISTIC_ACQUISITION_SENSOR_EVIDENCE,REJECTED_MISSING_CONTEXT,asset_ref_387ceda5b088,patch_manifest,false,false,false,false,false,false,METADATA_REPAIR_REQUIRED_BEFORE_REQUEST|PREVIOUS_METADATA_BLOCKER_PRESENT|SENSOR_NOT_RESOLVED_TO_SENTINEL_2_OPTICAL|REQUIREMENT_ALREADY_BLOCKED,GUARDRAILS_PRESERVED_SENSOR_FAMILY_RESOLUTION_ONLY
curitiba_00924__sentinel__B3B8B11__10m__v1,Curitiba,3,requires_manual_sensor_selection,requires_manual_sensor_selection,BLOCKED_MANUAL_REVIEW_REQUIRED,NO_DETERMINISTIC_ACQUISITION_SENSOR_EVIDENCE,REJECTED_MISSING_CONTEXT,asset_ref_387ceda5b088,patch_manifest,false,false,false,false,false,false,METADATA_REPAIR_REQUIRED_BEFORE_REQUEST|PREVIOUS_METADATA_BLOCKER_PRESENT|SENSOR_NOT_RESOLVED_TO_SENTINEL_2_OPTICAL|REQUIREMENT_ALREADY_BLOCKED,GUARDRAILS_PRESERVED_SENSOR_FAMILY_RESOLUTION_ONLY
curitiba_00930__sentinel__B3B8B11__10m__v1,Curitiba,1,requires_manual_sensor_selection,requires_manual_sensor_selection,BLOCKED_MANUAL_REVIEW_REQUIRED,NO_DETERMINISTIC_ACQUISITION_SENSOR_EVIDENCE,REJECTED_MISSING_CONTEXT,asset_ref_58aa476c554b,patch_manifest,false,false,false,false,false,false,METADATA_REPAIR_REQUIRED_BEFORE_REQUEST|PREVIOUS_METADATA_BLOCKER_PRESENT|SENSOR_NOT_RESOLVED_TO_SENTINEL_2_OPTICAL|REQUIREMENT_ALREADY_BLOCKED,GUARDRAILS_PRESERVED_SENSOR_FAMILY_RESOLUTION_ONLY
curitiba_00930__sentinel__B3B8B11__10m__v1,Curitiba,2,requires_manual_sensor_selection,requires_manual_sensor_selection,BLOCKED_MANUAL_REVIEW_REQUIRED,NO_DETERMINISTIC_ACQUISITION_SENSOR_EVIDENCE,REJECTED_MISSING_CONTEXT,asset_ref_58aa476c554b,patch_manifest,false,false,false,false,false,false,METADATA_REPAIR_REQUIRED_BEFORE_REQUEST|PREVIOUS_METADATA_BLOCKER_PRESENT|SENSOR_NOT_RESOLVED_TO_SENTINEL_2_OPTICAL|REQUIREMENT_ALREADY_BLOCKED,GUARDRAILS_PRESERVED_SENSOR_FAMILY_RESOLUTION_ONLY
curitiba_00930__sentinel__B3B8B11__10m__v1,Curitiba,3,requires_manual_sensor_selection,requires_manual_sensor_selection,BLOCKED_MANUAL_REVIEW_REQUIRED,NO_DETERMINISTIC_ACQUISITION_SENSOR_EVIDENCE,REJECTED_MISSING_CONTEXT,asset_ref_58aa476c554b,patch_manifest,false,false,false,false,false,false,METADATA_REPAIR_REQUIRED_BEFORE_REQUEST|PREVIOUS_METADATA_BLOCKER_PRESENT|SENSOR_NOT_RESOLVED_TO_SENTINEL_2_OPTICAL|REQUIREMENT_ALREADY_BLOCKED,GUARDRAILS_PRESERVED_SENSOR_FAMILY_RESOLUTION_ONLY
curitiba_00934__sentinel__B3B8B11__10m__v1,Curitiba,1,requires_manual_sensor_selection,requires_manual_sensor_selection,BLOCKED_MANUAL_REVIEW_REQUIRED,NO_DETERMINISTIC_ACQUISITION_SENSOR_EVIDENCE,REJECTED_MISSING_CONTEXT,asset_ref_eca6ec379c52,patch_manifest,false,false,false,false,false,false,METADATA_REPAIR_REQUIRED_BEFORE_REQUEST|PREVIOUS_METADATA_BLOCKER_PRESENT|SENSOR_NOT_RESOLVED_TO_SENTINEL_2_OPTICAL|REQUIREMENT_ALREADY_BLOCKED,GUARDRAILS_PRESERVED_SENSOR_FAMILY_RESOLUTION_ONLY
curitiba_00934__sentinel__B3B8B11__10m__v1,Curitiba,2,requires_manual_sensor_selection,requires_manual_sensor_selection,BLOCKED_MANUAL_REVIEW_REQUIRED,NO_DETERMINISTIC_ACQUISITION_SENSOR_EVIDENCE,REJECTED_MISSING_CONTEXT,asset_ref_eca6ec379c52,patch_manifest,false,false,false,false,false,false,METADATA_REPAIR_REQUIRED_BEFORE_REQUEST|PREVIOUS_METADATA_BLOCKER_PRESENT|SENSOR_NOT_RESOLVED_TO_SENTINEL_2_OPTICAL|REQUIREMENT_ALREADY_BLOCKED,GUARDRAILS_PRESERVED_SENSOR_FAMILY_RESOLUTION_ONLY
curitiba_00934__sentinel__B3B8B11__10m__v1,Curitiba,3,requires_manual_sensor_selection,requires_manual_sensor_selection,BLOCKED_MANUAL_REVIEW_REQUIRED,NO_DETERMINISTIC_ACQUISITION_SENSOR_EVIDENCE,REJECTED_MISSING_CONTEXT,asset_ref_eca6ec379c52,patch_manifest,false,false,false,false,false,false,METADATA_REPAIR_REQUIRED_BEFORE_REQUEST|PREVIOUS_METADATA_BLOCKER_PRESENT|SENSOR_NOT_RESOLVED_TO_SENTINEL_2_OPTICAL|REQUIREMENT_ALREADY_BLOCKED,GUARDRAILS_PRESERVED_SENSOR_FAMILY_RESOLUTION_ONLY
curitiba_00936__sentinel__B3B8B11__10m__v1,Curitiba,1,requires_manual_sensor_selection,requires_manual_sensor_selection,BLOCKED_MANUAL_REVIEW_REQUIRED,NO_DETERMINISTIC_ACQUISITION_SENSOR_EVIDENCE,REJECTED_MISSING_CONTEXT,asset_ref_2ad812af4566,patch_manifest,false,false,false,false,false,false,METADATA_REPAIR_REQUIRED_BEFORE_REQUEST|PREVIOUS_METADATA_BLOCKER_PRESENT|SENSOR_NOT_RESOLVED_TO_SENTINEL_2_OPTICAL|REQUIREMENT_ALREADY_BLOCKED,GUARDRAILS_PRESERVED_SENSOR_FAMILY_RESOLUTION_ONLY
curitiba_00936__sentinel__B3B8B11__10m__v1,Curitiba,2,requires_manual_sensor_selection,requires_manual_sensor_selection,BLOCKED_MANUAL_REVIEW_REQUIRED,NO_DETERMINISTIC_ACQUISITION_SENSOR_EVIDENCE,REJECTED_MISSING_CONTEXT,asset_ref_2ad812af4566,patch_manifest,false,false,false,false,false,false,METADATA_REPAIR_REQUIRED_BEFORE_REQUEST|PREVIOUS_METADATA_BLOCKER_PRESENT|SENSOR_NOT_RESOLVED_TO_SENTINEL_2_OPTICAL|REQUIREMENT_ALREADY_BLOCKED,GUARDRAILS_PRESERVED_SENSOR_FAMILY_RESOLUTION_ONLY
curitiba_00936__sentinel__B3B8B11__10m__v1,Curitiba,3,requires_manual_sensor_selection,requires_manual_sensor_selection,BLOCKED_MANUAL_REVIEW_REQUIRED,NO_DETERMINISTIC_ACQUISITION_SENSOR_EVIDENCE,REJECTED_MISSING_CONTEXT,asset_ref_2ad812af4566,patch_manifest,false,false,false,false,false,false,METADATA_REPAIR_REQUIRED_BEFORE_REQUEST|PREVIOUS_METADATA_BLOCKER_PRESENT|SENSOR_NOT_RESOLVED_TO_SENTINEL_2_OPTICAL|REQUIREMENT_ALREADY_BLOCKED,GUARDRAILS_PRESERVED_SENSOR_FAMILY_RESOLUTION_ONLY
curitiba_00960__sentinel__B3B8B11__10m__v1,Curitiba,1,requires_manual_sensor_selection,requires_manual_sensor_selection,BLOCKED_MANUAL_REVIEW_REQUIRED,NO_DETERMINISTIC_ACQUISITION_SENSOR_EVIDENCE,REJECTED_MISSING_CONTEXT,asset_ref_f82a8611d7ef,patch_manifest,false,false,false,false,false,false,METADATA_REPAIR_REQUIRED_BEFORE_REQUEST|PREVIOUS_METADATA_BLOCKER_PRESENT|SENSOR_NOT_RESOLVED_TO_SENTINEL_2_OPTICAL|REQUIREMENT_ALREADY_BLOCKED,GUARDRAILS_PRESERVED_SENSOR_FAMILY_RESOLUTION_ONLY
curitiba_00960__sentinel__B3B8B11__10m__v1,Curitiba,2,requires_manual_sensor_selection,requires_manual_sensor_selection,BLOCKED_MANUAL_REVIEW_REQUIRED,NO_DETERMINISTIC_ACQUISITION_SENSOR_EVIDENCE,REJECTED_MISSING_CONTEXT,asset_ref_f82a8611d7ef,patch_manifest,false,false,false,false,false,false,METADATA_REPAIR_REQUIRED_BEFORE_REQUEST|PREVIOUS_METADATA_BLOCKER_PRESENT|SENSOR_NOT_RESOLVED_TO_SENTINEL_2_OPTICAL|REQUIREMENT_ALREADY_BLOCKED,GUARDRAILS_PRESERVED_SENSOR_FAMILY_RESOLUTION_ONLY
curitiba_00960__sentinel__B3B8B11__10m__v1,Curitiba,3,requires_manual_sensor_selection,requires_manual_sensor_selection,BLOCKED_MANUAL_REVIEW_REQUIRED,NO_DETERMINISTIC_ACQUISITION_SENSOR_EVIDENCE,REJECTED_MISSING_CONTEXT,asset_ref_f82a8611d7ef,patch_manifest,false,false,false,false,false,false,METADATA_REPAIR_REQUIRED_BEFORE_REQUEST|PREVIOUS_METADATA_BLOCKER_PRESENT|SENSOR_NOT_RESOLVED_TO_SENTINEL_2_OPTICAL|REQUIREMENT_ALREADY_BLOCKED,GUARDRAILS_PRESERVED_SENSOR_FAMILY_RESOLUTION_ONLY
curitiba_00969__sentinel__B3B8B11__10m__v1,Curitiba,1,requires_manual_sensor_selection,requires_manual_sensor_selection,BLOCKED_MANUAL_REVIEW_REQUIRED,NO_DETERMINISTIC_ACQUISITION_SENSOR_EVIDENCE,REJECTED_MISSING_CONTEXT,asset_ref_366799761b37,patch_manifest,false,false,false,false,false,false,METADATA_REPAIR_REQUIRED_BEFORE_REQUEST|PREVIOUS_METADATA_BLOCKER_PRESENT|SENSOR_NOT_RESOLVED_TO_SENTINEL_2_OPTICAL|REQUIREMENT_ALREADY_BLOCKED,GUARDRAILS_PRESERVED_SENSOR_FAMILY_RESOLUTION_ONLY
curitiba_00969__sentinel__B3B8B11__10m__v1,Curitiba,2,requires_manual_sensor_selection,requires_manual_sensor_selection,BLOCKED_MANUAL_REVIEW_REQUIRED,NO_DETERMINISTIC_ACQUISITION_SENSOR_EVIDENCE,REJECTED_MISSING_CONTEXT,asset_ref_366799761b37,patch_manifest,false,false,false,false,false,false,METADATA_REPAIR_REQUIRED_BEFORE_REQUEST|PREVIOUS_METADATA_BLOCKER_PRESENT|SENSOR_NOT_RESOLVED_TO_SENTINEL_2_OPTICAL|REQUIREMENT_ALREADY_BLOCKED,GUARDRAILS_PRESERVED_SENSOR_FAMILY_RESOLUTION_ONLY
curitiba_00969__sentinel__B3B8B11__10m__v1,Curitiba,3,requires_manual_sensor_selection,requires_manual_sensor_selection,BLOCKED_MANUAL_REVIEW_REQUIRED,NO_DETERMINISTIC_ACQUISITION_SENSOR_EVIDENCE,REJECTED_MISSING_CONTEXT,asset_ref_366799761b37,patch_manifest,false,false,false,false,false,false,METADATA_REPAIR_REQUIRED_BEFORE_REQUEST|PREVIOUS_METADATA_BLOCKER_PRESENT|SENSOR_NOT_RESOLVED_TO_SENTINEL_2_OPTICAL|REQUIREMENT_ALREADY_BLOCKED,GUARDRAILS_PRESERVED_SENSOR_FAMILY_RESOLUTION_ONLY
curitiba_00977__sentinel__B3B8B11__10m__v1,Curitiba,1,requires_manual_sensor_selection,requires_manual_sensor_selection,BLOCKED_MANUAL_REVIEW_REQUIRED,NO_DETERMINISTIC_ACQUISITION_SENSOR_EVIDENCE,REJECTED_MISSING_CONTEXT,asset_ref_3378af576da7,patch_manifest,false,false,false,false,false,false,METADATA_REPAIR_REQUIRED_BEFORE_REQUEST|PREVIOUS_METADATA_BLOCKER_PRESENT|SENSOR_NOT_RESOLVED_TO_SENTINEL_2_OPTICAL|REQUIREMENT_ALREADY_BLOCKED,GUARDRAILS_PRESERVED_SENSOR_FAMILY_RESOLUTION_ONLY
curitiba_00977__sentinel__B3B8B11__10m__v1,Curitiba,2,requires_manual_sensor_selection,requires_manual_sensor_selection,BLOCKED_MANUAL_REVIEW_REQUIRED,NO_DETERMINISTIC_ACQUISITION_SENSOR_EVIDENCE,REJECTED_MISSING_CONTEXT,asset_ref_3378af576da7,patch_manifest,false,false,false,false,false,false,METADATA_REPAIR_REQUIRED_BEFORE_REQUEST|PREVIOUS_METADATA_BLOCKER_PRESENT|SENSOR_NOT_RESOLVED_TO_SENTINEL_2_OPTICAL|REQUIREMENT_ALREADY_BLOCKED,GUARDRAILS_PRESERVED_SENSOR_FAMILY_RESOLUTION_ONLY
curitiba_00977__sentinel__B3B8B11__10m__v1,Curitiba,3,requires_manual_sensor_selection,requires_manual_sensor_selection,BLOCKED_MANUAL_REVIEW_REQUIRED,NO_DETERMINISTIC_ACQUISITION_SENSOR_EVIDENCE,REJECTED_MISSING_CONTEXT,asset_ref_3378af576da7,patch_manifest,false,false,false,false,false,false,METADATA_REPAIR_REQUIRED_BEFORE_REQUEST|PREVIOUS_METADATA_BLOCKER_PRESENT|SENSOR_NOT_RESOLVED_TO_SENTINEL_2_OPTICAL|REQUIREMENT_ALREADY_BLOCKED,GUARDRAILS_PRESERVED_SENSOR_FAMILY_RESOLUTION_ONLY
curitiba_00992__sentinel__B3B8B11__10m__v1,Curitiba,1,requires_manual_sensor_selection,requires_manual_sensor_selection,BLOCKED_MANUAL_REVIEW_REQUIRED,NO_DETERMINISTIC_ACQUISITION_SENSOR_EVIDENCE,REJECTED_MISSING_CONTEXT,asset_ref_ecd28e182846,patch_manifest,false,false,false,false,false,false,METADATA_REPAIR_REQUIRED_BEFORE_REQUEST|PREVIOUS_METADATA_BLOCKER_PRESENT|SENSOR_NOT_RESOLVED_TO_SENTINEL_2_OPTICAL|REQUIREMENT_ALREADY_BLOCKED,GUARDRAILS_PRESERVED_SENSOR_FAMILY_RESOLUTION_ONLY
curitiba_00992__sentinel__B3B8B11__10m__v1,Curitiba,2,requires_manual_sensor_selection,requires_manual_sensor_selection,BLOCKED_MANUAL_REVIEW_REQUIRED,NO_DETERMINISTIC_ACQUISITION_SENSOR_EVIDENCE,REJECTED_MISSING_CONTEXT,asset_ref_ecd28e182846,patch_manifest,false,false,false,false,false,false,METADATA_REPAIR_REQUIRED_BEFORE_REQUEST|PREVIOUS_METADATA_BLOCKER_PRESENT|SENSOR_NOT_RESOLVED_TO_SENTINEL_2_OPTICAL|REQUIREMENT_ALREADY_BLOCKED,GUARDRAILS_PRESERVED_SENSOR_FAMILY_RESOLUTION_ONLY
curitiba_00992__sentinel__B3B8B11__10m__v1,Curitiba,3,requires_manual_sensor_selection,requires_manual_sensor_selection,BLOCKED_MANUAL_REVIEW_REQUIRED,NO_DETERMINISTIC_ACQUISITION_SENSOR_EVIDENCE,REJECTED_MISSING_CONTEXT,asset_ref_ecd28e182846,patch_manifest,false,false,false,false,false,false,METADATA_REPAIR_REQUIRED_BEFORE_REQUEST|PREVIOUS_METADATA_BLOCKER_PRESENT|SENSOR_NOT_RESOLVED_TO_SENTINEL_2_OPTICAL|REQUIREMENT_ALREADY_BLOCKED,GUARDRAILS_PRESERVED_SENSOR_FAMILY_RESOLUTION_ONLY
curitiba_00995__sentinel__B3B8B11__10m__v1,Curitiba,1,requires_manual_sensor_selection,requires_manual_sensor_selection,BLOCKED_MANUAL_REVIEW_REQUIRED,NO_DETERMINISTIC_ACQUISITION_SENSOR_EVIDENCE,REJECTED_MISSING_CONTEXT,asset_ref_25648f092118,patch_manifest,false,false,false,false,false,false,METADATA_REPAIR_REQUIRED_BEFORE_REQUEST|PREVIOUS_METADATA_BLOCKER_PRESENT|SENSOR_NOT_RESOLVED_TO_SENTINEL_2_OPTICAL|REQUIREMENT_ALREADY_BLOCKED,GUARDRAILS_PRESERVED_SENSOR_FAMILY_RESOLUTION_ONLY
curitiba_00995__sentinel__B3B8B11__10m__v1,Curitiba,2,requires_manual_sensor_selection,requires_manual_sensor_selection,BLOCKED_MANUAL_REVIEW_REQUIRED,NO_DETERMINISTIC_ACQUISITION_SENSOR_EVIDENCE,REJECTED_MISSING_CONTEXT,asset_ref_25648f092118,patch_manifest,false,false,false,false,false,false,METADATA_REPAIR_REQUIRED_BEFORE_REQUEST|PREVIOUS_METADATA_BLOCKER_PRESENT|SENSOR_NOT_RESOLVED_TO_SENTINEL_2_OPTICAL|REQUIREMENT_ALREADY_BLOCKED,GUARDRAILS_PRESERVED_SENSOR_FAMILY_RESOLUTION_ONLY
curitiba_00995__sentinel__B3B8B11__10m__v1,Curitiba,3,requires_manual_sensor_selection,requires_manual_sensor_selection,BLOCKED_MANUAL_REVIEW_REQUIRED,NO_DETERMINISTIC_ACQUISITION_SENSOR_EVIDENCE,REJECTED_MISSING_CONTEXT,asset_ref_25648f092118,patch_manifest,false,false,false,false,false,false,METADATA_REPAIR_REQUIRED_BEFORE_REQUEST|PREVIOUS_METADATA_BLOCKER_PRESENT|SENSOR_NOT_RESOLVED_TO_SENTINEL_2_OPTICAL|REQUIREMENT_ALREADY_BLOCKED,GUARDRAILS_PRESERVED_SENSOR_FAMILY_RESOLUTION_ONLY
curitiba_01012__sentinel__B3B8B11__10m__v1,Curitiba,1,requires_manual_sensor_selection,requires_manual_sensor_selection,BLOCKED_MANUAL_REVIEW_REQUIRED,NO_DETERMINISTIC_ACQUISITION_SENSOR_EVIDENCE,REJECTED_MISSING_CONTEXT,asset_ref_1b741f74fb30,patch_manifest,false,false,false,false,false,false,METADATA_REPAIR_REQUIRED_BEFORE_REQUEST|PREVIOUS_METADATA_BLOCKER_PRESENT|SENSOR_NOT_RESOLVED_TO_SENTINEL_2_OPTICAL|REQUIREMENT_ALREADY_BLOCKED,GUARDRAILS_PRESERVED_SENSOR_FAMILY_RESOLUTION_ONLY
curitiba_01012__sentinel__B3B8B11__10m__v1,Curitiba,2,requires_manual_sensor_selection,requires_manual_sensor_selection,BLOCKED_MANUAL_REVIEW_REQUIRED,NO_DETERMINISTIC_ACQUISITION_SENSOR_EVIDENCE,REJECTED_MISSING_CONTEXT,asset_ref_1b741f74fb30,patch_manifest,false,false,false,false,false,false,METADATA_REPAIR_REQUIRED_BEFORE_REQUEST|PREVIOUS_METADATA_BLOCKER_PRESENT|SENSOR_NOT_RESOLVED_TO_SENTINEL_2_OPTICAL|REQUIREMENT_ALREADY_BLOCKED,GUARDRAILS_PRESERVED_SENSOR_FAMILY_RESOLUTION_ONLY
curitiba_01012__sentinel__B3B8B11__10m__v1,Curitiba,3,requires_manual_sensor_selection,requires_manual_sensor_selection,BLOCKED_MANUAL_REVIEW_REQUIRED,NO_DETERMINISTIC_ACQUISITION_SENSOR_EVIDENCE,REJECTED_MISSING_CONTEXT,asset_ref_1b741f74fb30,patch_manifest,false,false,false,false,false,false,METADATA_REPAIR_REQUIRED_BEFORE_REQUEST|PREVIOUS_METADATA_BLOCKER_PRESENT|SENSOR_NOT_RESOLVED_TO_SENTINEL_2_OPTICAL|REQUIREMENT_ALREADY_BLOCKED,GUARDRAILS_PRESERVED_SENSOR_FAMILY_RESOLUTION_ONLY
curitiba_01015__sentinel__B3B8B11__10m__v1,Curitiba,1,requires_manual_sensor_selection,requires_manual_sensor_selection,BLOCKED_MANUAL_REVIEW_REQUIRED,NO_DETERMINISTIC_ACQUISITION_SENSOR_EVIDENCE,REJECTED_MISSING_CONTEXT,asset_ref_1ec16bb1bf35,patch_manifest,false,false,false,false,false,false,METADATA_REPAIR_REQUIRED_BEFORE_REQUEST|PREVIOUS_METADATA_BLOCKER_PRESENT|SENSOR_NOT_RESOLVED_TO_SENTINEL_2_OPTICAL|REQUIREMENT_ALREADY_BLOCKED,GUARDRAILS_PRESERVED_SENSOR_FAMILY_RESOLUTION_ONLY
curitiba_01015__sentinel__B3B8B11__10m__v1,Curitiba,2,requires_manual_sensor_selection,requires_manual_sensor_selection,BLOCKED_MANUAL_REVIEW_REQUIRED,NO_DETERMINISTIC_ACQUISITION_SENSOR_EVIDENCE,REJECTED_MISSING_CONTEXT,asset_ref_1ec16bb1bf35,patch_manifest,false,false,false,false,false,false,METADATA_REPAIR_REQUIRED_BEFORE_REQUEST|PREVIOUS_METADATA_BLOCKER_PRESENT|SENSOR_NOT_RESOLVED_TO_SENTINEL_2_OPTICAL|REQUIREMENT_ALREADY_BLOCKED,GUARDRAILS_PRESERVED_SENSOR_FAMILY_RESOLUTION_ONLY
curitiba_01015__sentinel__B3B8B11__10m__v1,Curitiba,3,requires_manual_sensor_selection,requires_manual_sensor_selection,BLOCKED_MANUAL_REVIEW_REQUIRED,NO_DETERMINISTIC_ACQUISITION_SENSOR_EVIDENCE,REJECTED_MISSING_CONTEXT,asset_ref_1ec16bb1bf35,patch_manifest,false,false,false,false,false,false,METADATA_REPAIR_REQUIRED_BEFORE_REQUEST|PREVIOUS_METADATA_BLOCKER_PRESENT|SENSOR_NOT_RESOLVED_TO_SENTINEL_2_OPTICAL|REQUIREMENT_ALREADY_BLOCKED,GUARDRAILS_PRESERVED_SENSOR_FAMILY_RESOLUTION_ONLY
curitiba_01030__sentinel__B3B8B11__10m__v1,Curitiba,1,requires_manual_sensor_selection,requires_manual_sensor_selection,BLOCKED_MANUAL_REVIEW_REQUIRED,NO_DETERMINISTIC_ACQUISITION_SENSOR_EVIDENCE,REJECTED_MISSING_CONTEXT,asset_ref_24c5d1c91828,patch_manifest,false,false,false,false,false,false,METADATA_REPAIR_REQUIRED_BEFORE_REQUEST|PREVIOUS_METADATA_BLOCKER_PRESENT|SENSOR_NOT_RESOLVED_TO_SENTINEL_2_OPTICAL|REQUIREMENT_ALREADY_BLOCKED,GUARDRAILS_PRESERVED_SENSOR_FAMILY_RESOLUTION_ONLY
curitiba_01030__sentinel__B3B8B11__10m__v1,Curitiba,2,requires_manual_sensor_selection,requires_manual_sensor_selection,BLOCKED_MANUAL_REVIEW_REQUIRED,NO_DETERMINISTIC_ACQUISITION_SENSOR_EVIDENCE,REJECTED_MISSING_CONTEXT,asset_ref_24c5d1c91828,patch_manifest,false,false,false,false,false,false,METADATA_REPAIR_REQUIRED_BEFORE_REQUEST|PREVIOUS_METADATA_BLOCKER_PRESENT|SENSOR_NOT_RESOLVED_TO_SENTINEL_2_OPTICAL|REQUIREMENT_ALREADY_BLOCKED,GUARDRAILS_PRESERVED_SENSOR_FAMILY_RESOLUTION_ONLY
curitiba_01030__sentinel__B3B8B11__10m__v1,Curitiba,3,requires_manual_sensor_selection,requires_manual_sensor_selection,BLOCKED_MANUAL_REVIEW_REQUIRED,NO_DETERMINISTIC_ACQUISITION_SENSOR_EVIDENCE,REJECTED_MISSING_CONTEXT,asset_ref_24c5d1c91828,patch_manifest,false,false,false,false,false,false,METADATA_REPAIR_REQUIRED_BEFORE_REQUEST|PREVIOUS_METADATA_BLOCKER_PRESENT|SENSOR_NOT_RESOLVED_TO_SENTINEL_2_OPTICAL|REQUIREMENT_ALREADY_BLOCKED,GUARDRAILS_PRESERVED_SENSOR_FAMILY_RESOLUTION_ONLY
curitiba_01040__sentinel__B3B8B11__10m__v1,Curitiba,1,requires_manual_sensor_selection,requires_manual_sensor_selection,BLOCKED_MANUAL_REVIEW_REQUIRED,NO_DETERMINISTIC_ACQUISITION_SENSOR_EVIDENCE,REJECTED_MISSING_CONTEXT,asset_ref_0a8e02f69669,patch_manifest,false,false,false,false,false,false,METADATA_REPAIR_REQUIRED_BEFORE_REQUEST|PREVIOUS_METADATA_BLOCKER_PRESENT|SENSOR_NOT_RESOLVED_TO_SENTINEL_2_OPTICAL|REQUIREMENT_ALREADY_BLOCKED,GUARDRAILS_PRESERVED_SENSOR_FAMILY_RESOLUTION_ONLY
curitiba_01040__sentinel__B3B8B11__10m__v1,Curitiba,2,requires_manual_sensor_selection,requires_manual_sensor_selection,BLOCKED_MANUAL_REVIEW_REQUIRED,NO_DETERMINISTIC_ACQUISITION_SENSOR_EVIDENCE,REJECTED_MISSING_CONTEXT,asset_ref_0a8e02f69669,patch_manifest,false,false,false,false,false,false,METADATA_REPAIR_REQUIRED_BEFORE_REQUEST|PREVIOUS_METADATA_BLOCKER_PRESENT|SENSOR_NOT_RESOLVED_TO_SENTINEL_2_OPTICAL|REQUIREMENT_ALREADY_BLOCKED,GUARDRAILS_PRESERVED_SENSOR_FAMILY_RESOLUTION_ONLY
curitiba_01040__sentinel__B3B8B11__10m__v1,Curitiba,3,requires_manual_sensor_selection,requires_manual_sensor_selection,BLOCKED_MANUAL_REVIEW_REQUIRED,NO_DETERMINISTIC_ACQUISITION_SENSOR_EVIDENCE,REJECTED_MISSING_CONTEXT,asset_ref_0a8e02f69669,patch_manifest,false,false,false,false,false,false,METADATA_REPAIR_REQUIRED_BEFORE_REQUEST|PREVIOUS_METADATA_BLOCKER_PRESENT|SENSOR_NOT_RESOLVED_TO_SENTINEL_2_OPTICAL|REQUIREMENT_ALREADY_BLOCKED,GUARDRAILS_PRESERVED_SENSOR_FAMILY_RESOLUTION_ONLY
curitiba_01050__sentinel__B3B8B11__10m__v1,Curitiba,1,requires_manual_sensor_selection,requires_manual_sensor_selection,BLOCKED_MANUAL_REVIEW_REQUIRED,NO_DETERMINISTIC_ACQUISITION_SENSOR_EVIDENCE,REJECTED_MISSING_CONTEXT,asset_ref_b665c6e7fadf,patch_manifest,false,false,false,false,false,false,METADATA_REPAIR_REQUIRED_BEFORE_REQUEST|PREVIOUS_METADATA_BLOCKER_PRESENT|SENSOR_NOT_RESOLVED_TO_SENTINEL_2_OPTICAL|REQUIREMENT_ALREADY_BLOCKED,GUARDRAILS_PRESERVED_SENSOR_FAMILY_RESOLUTION_ONLY
curitiba_01050__sentinel__B3B8B11__10m__v1,Curitiba,2,requires_manual_sensor_selection,requires_manual_sensor_selection,BLOCKED_MANUAL_REVIEW_REQUIRED,NO_DETERMINISTIC_ACQUISITION_SENSOR_EVIDENCE,REJECTED_MISSING_CONTEXT,asset_ref_b665c6e7fadf,patch_manifest,false,false,false,false,false,false,METADATA_REPAIR_REQUIRED_BEFORE_REQUEST|PREVIOUS_METADATA_BLOCKER_PRESENT|SENSOR_NOT_RESOLVED_TO_SENTINEL_2_OPTICAL|REQUIREMENT_ALREADY_BLOCKED,GUARDRAILS_PRESERVED_SENSOR_FAMILY_RESOLUTION_ONLY
curitiba_01050__sentinel__B3B8B11__10m__v1,Curitiba,3,requires_manual_sensor_selection,requires_manual_sensor_selection,BLOCKED_MANUAL_REVIEW_REQUIRED,NO_DETERMINISTIC_ACQUISITION_SENSOR_EVIDENCE,REJECTED_MISSING_CONTEXT,asset_ref_b665c6e7fadf,patch_manifest,false,false,false,false,false,false,METADATA_REPAIR_REQUIRED_BEFORE_REQUEST|PREVIOUS_METADATA_BLOCKER_PRESENT|SENSOR_NOT_RESOLVED_TO_SENTINEL_2_OPTICAL|REQUIREMENT_ALREADY_BLOCKED,GUARDRAILS_PRESERVED_SENSOR_FAMILY_RESOLUTION_ONLY
curitiba_01059__sentinel__B3B8B11__10m__v1,Curitiba,1,requires_manual_sensor_selection,requires_manual_sensor_selection,BLOCKED_MANUAL_REVIEW_REQUIRED,NO_DETERMINISTIC_ACQUISITION_SENSOR_EVIDENCE,REJECTED_MISSING_CONTEXT,asset_ref_cdca1892ee18,patch_manifest,false,false,false,false,false,false,METADATA_REPAIR_REQUIRED_BEFORE_REQUEST|PREVIOUS_METADATA_BLOCKER_PRESENT|SENSOR_NOT_RESOLVED_TO_SENTINEL_2_OPTICAL|REQUIREMENT_ALREADY_BLOCKED,GUARDRAILS_PRESERVED_SENSOR_FAMILY_RESOLUTION_ONLY
curitiba_01059__sentinel__B3B8B11__10m__v1,Curitiba,2,requires_manual_sensor_selection,requires_manual_sensor_selection,BLOCKED_MANUAL_REVIEW_REQUIRED,NO_DETERMINISTIC_ACQUISITION_SENSOR_EVIDENCE,REJECTED_MISSING_CONTEXT,asset_ref_cdca1892ee18,patch_manifest,false,false,false,false,false,false,METADATA_REPAIR_REQUIRED_BEFORE_REQUEST|PREVIOUS_METADATA_BLOCKER_PRESENT|SENSOR_NOT_RESOLVED_TO_SENTINEL_2_OPTICAL|REQUIREMENT_ALREADY_BLOCKED,GUARDRAILS_PRESERVED_SENSOR_FAMILY_RESOLUTION_ONLY
curitiba_01059__sentinel__B3B8B11__10m__v1,Curitiba,3,requires_manual_sensor_selection,requires_manual_sensor_selection,BLOCKED_MANUAL_REVIEW_REQUIRED,NO_DETERMINISTIC_ACQUISITION_SENSOR_EVIDENCE,REJECTED_MISSING_CONTEXT,asset_ref_cdca1892ee18,patch_manifest,false,false,false,false,false,false,METADATA_REPAIR_REQUIRED_BEFORE_REQUEST|PREVIOUS_METADATA_BLOCKER_PRESENT|SENSOR_NOT_RESOLVED_TO_SENTINEL_2_OPTICAL|REQUIREMENT_ALREADY_BLOCKED,GUARDRAILS_PRESERVED_SENSOR_FAMILY_RESOLUTION_ONLY
curitiba_01065__sentinel__B3B8B11__10m__v1,Curitiba,1,requires_manual_sensor_selection,requires_manual_sensor_selection,BLOCKED_MANUAL_REVIEW_REQUIRED,NO_DETERMINISTIC_ACQUISITION_SENSOR_EVIDENCE,REJECTED_MISSING_CONTEXT,asset_ref_ebffef8a8efb,patch_manifest,false,false,false,false,false,false,METADATA_REPAIR_REQUIRED_BEFORE_REQUEST|PREVIOUS_METADATA_BLOCKER_PRESENT|SENSOR_NOT_RESOLVED_TO_SENTINEL_2_OPTICAL|REQUIREMENT_ALREADY_BLOCKED,GUARDRAILS_PRESERVED_SENSOR_FAMILY_RESOLUTION_ONLY
curitiba_01065__sentinel__B3B8B11__10m__v1,Curitiba,2,requires_manual_sensor_selection,requires_manual_sensor_selection,BLOCKED_MANUAL_REVIEW_REQUIRED,NO_DETERMINISTIC_ACQUISITION_SENSOR_EVIDENCE,REJECTED_MISSING_CONTEXT,asset_ref_ebffef8a8efb,patch_manifest,false,false,false,false,false,false,METADATA_REPAIR_REQUIRED_BEFORE_REQUEST|PREVIOUS_METADATA_BLOCKER_PRESENT|SENSOR_NOT_RESOLVED_TO_SENTINEL_2_OPTICAL|REQUIREMENT_ALREADY_BLOCKED,GUARDRAILS_PRESERVED_SENSOR_FAMILY_RESOLUTION_ONLY
curitiba_01065__sentinel__B3B8B11__10m__v1,Curitiba,3,requires_manual_sensor_selection,requires_manual_sensor_selection,BLOCKED_MANUAL_REVIEW_REQUIRED,NO_DETERMINISTIC_ACQUISITION_SENSOR_EVIDENCE,REJECTED_MISSING_CONTEXT,asset_ref_ebffef8a8efb,patch_manifest,false,false,false,false,false,false,METADATA_REPAIR_REQUIRED_BEFORE_REQUEST|PREVIOUS_METADATA_BLOCKER_PRESENT|SENSOR_NOT_RESOLVED_TO_SENTINEL_2_OPTICAL|REQUIREMENT_ALREADY_BLOCKED,GUARDRAILS_PRESERVED_SENSOR_FAMILY_RESOLUTION_ONLY
curitiba_01075__sentinel__B3B8B11__10m__v1,Curitiba,1,requires_manual_sensor_selection,requires_manual_sensor_selection,BLOCKED_MANUAL_REVIEW_REQUIRED,NO_DETERMINISTIC_ACQUISITION_SENSOR_EVIDENCE,REJECTED_MISSING_CONTEXT,asset_ref_88a22eeb3570,patch_manifest,false,false,false,false,false,false,METADATA_REPAIR_REQUIRED_BEFORE_REQUEST|PREVIOUS_METADATA_BLOCKER_PRESENT|SENSOR_NOT_RESOLVED_TO_SENTINEL_2_OPTICAL|REQUIREMENT_ALREADY_BLOCKED,GUARDRAILS_PRESERVED_SENSOR_FAMILY_RESOLUTION_ONLY
curitiba_01075__sentinel__B3B8B11__10m__v1,Curitiba,2,requires_manual_sensor_selection,requires_manual_sensor_selection,BLOCKED_MANUAL_REVIEW_REQUIRED,NO_DETERMINISTIC_ACQUISITION_SENSOR_EVIDENCE,REJECTED_MISSING_CONTEXT,asset_ref_88a22eeb3570,patch_manifest,false,false,false,false,false,false,METADATA_REPAIR_REQUIRED_BEFORE_REQUEST|PREVIOUS_METADATA_BLOCKER_PRESENT|SENSOR_NOT_RESOLVED_TO_SENTINEL_2_OPTICAL|REQUIREMENT_ALREADY_BLOCKED,GUARDRAILS_PRESERVED_SENSOR_FAMILY_RESOLUTION_ONLY
curitiba_01075__sentinel__B3B8B11__10m__v1,Curitiba,3,requires_manual_sensor_selection,requires_manual_sensor_selection,BLOCKED_MANUAL_REVIEW_REQUIRED,NO_DETERMINISTIC_ACQUISITION_SENSOR_EVIDENCE,REJECTED_MISSING_CONTEXT,asset_ref_88a22eeb3570,patch_manifest,false,false,false,false,false,false,METADATA_REPAIR_REQUIRED_BEFORE_REQUEST|PREVIOUS_METADATA_BLOCKER_PRESENT|SENSOR_NOT_RESOLVED_TO_SENTINEL_2_OPTICAL|REQUIREMENT_ALREADY_BLOCKED,GUARDRAILS_PRESERVED_SENSOR_FAMILY_RESOLUTION_ONLY
curitiba_01101__sentinel__B3B8B11__10m__v1,Curitiba,1,requires_manual_sensor_selection,requires_manual_sensor_selection,BLOCKED_MANUAL_REVIEW_REQUIRED,NO_DETERMINISTIC_ACQUISITION_SENSOR_EVIDENCE,REJECTED_MISSING_CONTEXT,asset_ref_1e0ece3ddf29,patch_manifest,false,false,false,false,false,false,METADATA_REPAIR_REQUIRED_BEFORE_REQUEST|PREVIOUS_METADATA_BLOCKER_PRESENT|SENSOR_NOT_RESOLVED_TO_SENTINEL_2_OPTICAL|REQUIREMENT_ALREADY_BLOCKED,GUARDRAILS_PRESERVED_SENSOR_FAMILY_RESOLUTION_ONLY
curitiba_01101__sentinel__B3B8B11__10m__v1,Curitiba,2,requires_manual_sensor_selection,requires_manual_sensor_selection,BLOCKED_MANUAL_REVIEW_REQUIRED,NO_DETERMINISTIC_ACQUISITION_SENSOR_EVIDENCE,REJECTED_MISSING_CONTEXT,asset_ref_1e0ece3ddf29,patch_manifest,false,false,false,false,false,false,METADATA_REPAIR_REQUIRED_BEFORE_REQUEST|PREVIOUS_METADATA_BLOCKER_PRESENT|SENSOR_NOT_RESOLVED_TO_SENTINEL_2_OPTICAL|REQUIREMENT_ALREADY_BLOCKED,GUARDRAILS_PRESERVED_SENSOR_FAMILY_RESOLUTION_ONLY
curitiba_01101__sentinel__B3B8B11__10m__v1,Curitiba,3,requires_manual_sensor_selection,requires_manual_sensor_selection,BLOCKED_MANUAL_REVIEW_REQUIRED,NO_DETERMINISTIC_ACQUISITION_SENSOR_EVIDENCE,REJECTED_MISSING_CONTEXT,asset_ref_1e0ece3ddf29,patch_manifest,false,false,false,false,false,false,METADATA_REPAIR_REQUIRED_BEFORE_REQUEST|PREVIOUS_METADATA_BLOCKER_PRESENT|SENSOR_NOT_RESOLVED_TO_SENTINEL_2_OPTICAL|REQUIREMENT_ALREADY_BLOCKED,GUARDRAILS_PRESERVED_SENSOR_FAMILY_RESOLUTION_ONLY
curitiba_01145__sentinel__B3B8B11__10m__v1,Curitiba,1,requires_manual_sensor_selection,requires_manual_sensor_selection,BLOCKED_MANUAL_REVIEW_REQUIRED,NO_DETERMINISTIC_ACQUISITION_SENSOR_EVIDENCE,REJECTED_MISSING_CONTEXT,asset_ref_0f9cbc3f2bbc,patch_manifest,false,false,false,false,false,false,METADATA_REPAIR_REQUIRED_BEFORE_REQUEST|PREVIOUS_METADATA_BLOCKER_PRESENT|SENSOR_NOT_RESOLVED_TO_SENTINEL_2_OPTICAL|REQUIREMENT_ALREADY_BLOCKED,GUARDRAILS_PRESERVED_SENSOR_FAMILY_RESOLUTION_ONLY
curitiba_01145__sentinel__B3B8B11__10m__v1,Curitiba,2,requires_manual_sensor_selection,requires_manual_sensor_selection,BLOCKED_MANUAL_REVIEW_REQUIRED,NO_DETERMINISTIC_ACQUISITION_SENSOR_EVIDENCE,REJECTED_MISSING_CONTEXT,asset_ref_0f9cbc3f2bbc,patch_manifest,false,false,false,false,false,false,METADATA_REPAIR_REQUIRED_BEFORE_REQUEST|PREVIOUS_METADATA_BLOCKER_PRESENT|SENSOR_NOT_RESOLVED_TO_SENTINEL_2_OPTICAL|REQUIREMENT_ALREADY_BLOCKED,GUARDRAILS_PRESERVED_SENSOR_FAMILY_RESOLUTION_ONLY
curitiba_01145__sentinel__B3B8B11__10m__v1,Curitiba,3,requires_manual_sensor_selection,requires_manual_sensor_selection,BLOCKED_MANUAL_REVIEW_REQUIRED,NO_DETERMINISTIC_ACQUISITION_SENSOR_EVIDENCE,REJECTED_MISSING_CONTEXT,asset_ref_0f9cbc3f2bbc,patch_manifest,false,false,false,false,false,false,METADATA_REPAIR_REQUIRED_BEFORE_REQUEST|PREVIOUS_METADATA_BLOCKER_PRESENT|SENSOR_NOT_RESOLVED_TO_SENTINEL_2_OPTICAL|REQUIREMENT_ALREADY_BLOCKED,GUARDRAILS_PRESERVED_SENSOR_FAMILY_RESOLUTION_ONLY
curitiba_01324__sentinel__B3B8B11__10m__v1,Curitiba,1,requires_manual_sensor_selection,requires_manual_sensor_selection,BLOCKED_MANUAL_REVIEW_REQUIRED,NO_DETERMINISTIC_ACQUISITION_SENSOR_EVIDENCE,REJECTED_MISSING_CONTEXT,asset_ref_773d8b9f3182,patch_manifest,false,false,false,false,false,false,METADATA_REPAIR_REQUIRED_BEFORE_REQUEST|PREVIOUS_METADATA_BLOCKER_PRESENT|SENSOR_NOT_RESOLVED_TO_SENTINEL_2_OPTICAL|REQUIREMENT_ALREADY_BLOCKED,GUARDRAILS_PRESERVED_SENSOR_FAMILY_RESOLUTION_ONLY
curitiba_01324__sentinel__B3B8B11__10m__v1,Curitiba,2,requires_manual_sensor_selection,requires_manual_sensor_selection,BLOCKED_MANUAL_REVIEW_REQUIRED,NO_DETERMINISTIC_ACQUISITION_SENSOR_EVIDENCE,REJECTED_MISSING_CONTEXT,asset_ref_773d8b9f3182,patch_manifest,false,false,false,false,false,false,METADATA_REPAIR_REQUIRED_BEFORE_REQUEST|PREVIOUS_METADATA_BLOCKER_PRESENT|SENSOR_NOT_RESOLVED_TO_SENTINEL_2_OPTICAL|REQUIREMENT_ALREADY_BLOCKED,GUARDRAILS_PRESERVED_SENSOR_FAMILY_RESOLUTION_ONLY
curitiba_01324__sentinel__B3B8B11__10m__v1,Curitiba,3,requires_manual_sensor_selection,requires_manual_sensor_selection,BLOCKED_MANUAL_REVIEW_REQUIRED,NO_DETERMINISTIC_ACQUISITION_SENSOR_EVIDENCE,REJECTED_MISSING_CONTEXT,asset_ref_773d8b9f3182,patch_manifest,false,false,false,false,false,false,METADATA_REPAIR_REQUIRED_BEFORE_REQUEST|PREVIOUS_METADATA_BLOCKER_PRESENT|SENSOR_NOT_RESOLVED_TO_SENTINEL_2_OPTICAL|REQUIREMENT_ALREADY_BLOCKED,GUARDRAILS_PRESERVED_SENSOR_FAMILY_RESOLUTION_ONLY
patch_curitiba_00038,Curitiba,1,requires_manual_sensor_selection,blocked_unknown_asset_type,BLOCKED_UNKNOWN_ASSET_TYPE,ONLY_UNKNOWN_OR_UNUSABLE_ASSET_TYPE_AVAILABLE,REJECTED_UNKNOWN_ASSET_TYPE,asset_ref_b8fe462400c1,unknown,false,false,false,true,false,false,METADATA_REPAIR_REQUIRED_BEFORE_REQUEST|PREVIOUS_METADATA_BLOCKER_PRESENT|SENSOR_NOT_RESOLVED_TO_SENTINEL_2_OPTICAL|REQUIREMENT_ALREADY_BLOCKED,GUARDRAILS_PRESERVED_SENSOR_FAMILY_RESOLUTION_ONLY
patch_curitiba_00038,Curitiba,2,requires_manual_sensor_selection,blocked_unknown_asset_type,BLOCKED_UNKNOWN_ASSET_TYPE,ONLY_UNKNOWN_OR_UNUSABLE_ASSET_TYPE_AVAILABLE,REJECTED_UNKNOWN_ASSET_TYPE,asset_ref_b8fe462400c1,unknown,false,false,false,true,false,false,METADATA_REPAIR_REQUIRED_BEFORE_REQUEST|PREVIOUS_METADATA_BLOCKER_PRESENT|SENSOR_NOT_RESOLVED_TO_SENTINEL_2_OPTICAL|REQUIREMENT_ALREADY_BLOCKED,GUARDRAILS_PRESERVED_SENSOR_FAMILY_RESOLUTION_ONLY
patch_curitiba_00038,Curitiba,3,requires_manual_sensor_selection,blocked_unknown_asset_type,BLOCKED_UNKNOWN_ASSET_TYPE,ONLY_UNKNOWN_OR_UNUSABLE_ASSET_TYPE_AVAILABLE,REJECTED_UNKNOWN_ASSET_TYPE,asset_ref_b8fe462400c1,unknown,false,false,false,true,false,false,METADATA_REPAIR_REQUIRED_BEFORE_REQUEST|PREVIOUS_METADATA_BLOCKER_PRESENT|SENSOR_NOT_RESOLVED_TO_SENTINEL_2_OPTICAL|REQUIREMENT_ALREADY_BLOCKED,GUARDRAILS_PRESERVED_SENSOR_FAMILY_RESOLUTION_ONLY
patch_curitiba_00249,Curitiba,1,requires_manual_sensor_selection,blocked_unknown_asset_type,BLOCKED_UNKNOWN_ASSET_TYPE,ONLY_UNKNOWN_OR_UNUSABLE_ASSET_TYPE_AVAILABLE,REJECTED_UNKNOWN_ASSET_TYPE,asset_ref_798e7c962103,unknown,false,false,false,true,false,false,METADATA_REPAIR_REQUIRED_BEFORE_REQUEST|PREVIOUS_METADATA_BLOCKER_PRESENT|SENSOR_NOT_RESOLVED_TO_SENTINEL_2_OPTICAL|REQUIREMENT_ALREADY_BLOCKED,GUARDRAILS_PRESERVED_SENSOR_FAMILY_RESOLUTION_ONLY
patch_curitiba_00249,Curitiba,2,requires_manual_sensor_selection,blocked_unknown_asset_type,BLOCKED_UNKNOWN_ASSET_TYPE,ONLY_UNKNOWN_OR_UNUSABLE_ASSET_TYPE_AVAILABLE,REJECTED_UNKNOWN_ASSET_TYPE,asset_ref_798e7c962103,unknown,false,false,false,true,false,false,METADATA_REPAIR_REQUIRED_BEFORE_REQUEST|PREVIOUS_METADATA_BLOCKER_PRESENT|SENSOR_NOT_RESOLVED_TO_SENTINEL_2_OPTICAL|REQUIREMENT_ALREADY_BLOCKED,GUARDRAILS_PRESERVED_SENSOR_FAMILY_RESOLUTION_ONLY
patch_curitiba_00249,Curitiba,3,requires_manual_sensor_selection,blocked_unknown_asset_type,BLOCKED_UNKNOWN_ASSET_TYPE,ONLY_UNKNOWN_OR_UNUSABLE_ASSET_TYPE_AVAILABLE,REJECTED_UNKNOWN_ASSET_TYPE,asset_ref_798e7c962103,unknown,false,false,false,true,false,false,METADATA_REPAIR_REQUIRED_BEFORE_REQUEST|PREVIOUS_METADATA_BLOCKER_PRESENT|SENSOR_NOT_RESOLVED_TO_SENTINEL_2_OPTICAL|REQUIREMENT_ALREADY_BLOCKED,GUARDRAILS_PRESERVED_SENSOR_FAMILY_RESOLUTION_ONLY
patch_curitiba_00350,Curitiba,1,requires_manual_sensor_selection,blocked_unknown_asset_type,BLOCKED_UNKNOWN_ASSET_TYPE,ONLY_UNKNOWN_OR_UNUSABLE_ASSET_TYPE_AVAILABLE,REJECTED_UNKNOWN_ASSET_TYPE,asset_ref_a9fb4602ba07,unknown,false,false,false,true,false,false,METADATA_REPAIR_REQUIRED_BEFORE_REQUEST|PREVIOUS_METADATA_BLOCKER_PRESENT|SENSOR_NOT_RESOLVED_TO_SENTINEL_2_OPTICAL|REQUIREMENT_ALREADY_BLOCKED,GUARDRAILS_PRESERVED_SENSOR_FAMILY_RESOLUTION_ONLY
patch_curitiba_00350,Curitiba,2,requires_manual_sensor_selection,blocked_unknown_asset_type,BLOCKED_UNKNOWN_ASSET_TYPE,ONLY_UNKNOWN_OR_UNUSABLE_ASSET_TYPE_AVAILABLE,REJECTED_UNKNOWN_ASSET_TYPE,asset_ref_a9fb4602ba07,unknown,false,false,false,true,false,false,METADATA_REPAIR_REQUIRED_BEFORE_REQUEST|PREVIOUS_METADATA_BLOCKER_PRESENT|SENSOR_NOT_RESOLVED_TO_SENTINEL_2_OPTICAL|REQUIREMENT_ALREADY_BLOCKED,GUARDRAILS_PRESERVED_SENSOR_FAMILY_RESOLUTION_ONLY
patch_curitiba_00350,Curitiba,3,requires_manual_sensor_selection,blocked_unknown_asset_type,BLOCKED_UNKNOWN_ASSET_TYPE,ONLY_UNKNOWN_OR_UNUSABLE_ASSET_TYPE_AVAILABLE,REJECTED_UNKNOWN_ASSET_TYPE,asset_ref_a9fb4602ba07,unknown,false,false,false,true,false,false,METADATA_REPAIR_REQUIRED_BEFORE_REQUEST|PREVIOUS_METADATA_BLOCKER_PRESENT|SENSOR_NOT_RESOLVED_TO_SENTINEL_2_OPTICAL|REQUIREMENT_ALREADY_BLOCKED,GUARDRAILS_PRESERVED_SENSOR_FAMILY_RESOLUTION_ONLY
patch_curitiba_00357,Curitiba,1,requires_manual_sensor_selection,blocked_unknown_asset_type,BLOCKED_UNKNOWN_ASSET_TYPE,ONLY_UNKNOWN_OR_UNUSABLE_ASSET_TYPE_AVAILABLE,REJECTED_UNKNOWN_ASSET_TYPE,asset_ref_54df42b6a76a,unknown,false,false,false,true,false,false,METADATA_REPAIR_REQUIRED_BEFORE_REQUEST|PREVIOUS_METADATA_BLOCKER_PRESENT|SENSOR_NOT_RESOLVED_TO_SENTINEL_2_OPTICAL|REQUIREMENT_ALREADY_BLOCKED,GUARDRAILS_PRESERVED_SENSOR_FAMILY_RESOLUTION_ONLY
patch_curitiba_00357,Curitiba,2,requires_manual_sensor_selection,blocked_unknown_asset_type,BLOCKED_UNKNOWN_ASSET_TYPE,ONLY_UNKNOWN_OR_UNUSABLE_ASSET_TYPE_AVAILABLE,REJECTED_UNKNOWN_ASSET_TYPE,asset_ref_54df42b6a76a,unknown,false,false,false,true,false,false,METADATA_REPAIR_REQUIRED_BEFORE_REQUEST|PREVIOUS_METADATA_BLOCKER_PRESENT|SENSOR_NOT_RESOLVED_TO_SENTINEL_2_OPTICAL|REQUIREMENT_ALREADY_BLOCKED,GUARDRAILS_PRESERVED_SENSOR_FAMILY_RESOLUTION_ONLY
patch_curitiba_00357,Curitiba,3,requires_manual_sensor_selection,blocked_unknown_asset_type,BLOCKED_UNKNOWN_ASSET_TYPE,ONLY_UNKNOWN_OR_UNUSABLE_ASSET_TYPE_AVAILABLE,REJECTED_UNKNOWN_ASSET_TYPE,asset_ref_54df42b6a76a,unknown,false,false,false,true,false,false,METADATA_REPAIR_REQUIRED_BEFORE_REQUEST|PREVIOUS_METADATA_BLOCKER_PRESENT|SENSOR_NOT_RESOLVED_TO_SENTINEL_2_OPTICAL|REQUIREMENT_ALREADY_BLOCKED,GUARDRAILS_PRESERVED_SENSOR_FAMILY_RESOLUTION_ONLY
patch_curitiba_00367,Curitiba,1,requires_manual_sensor_selection,blocked_unknown_asset_type,BLOCKED_UNKNOWN_ASSET_TYPE,ONLY_UNKNOWN_OR_UNUSABLE_ASSET_TYPE_AVAILABLE,REJECTED_UNKNOWN_ASSET_TYPE,asset_ref_72ecb0510569,unknown,false,false,false,true,false,false,METADATA_REPAIR_REQUIRED_BEFORE_REQUEST|PREVIOUS_METADATA_BLOCKER_PRESENT|SENSOR_NOT_RESOLVED_TO_SENTINEL_2_OPTICAL|REQUIREMENT_ALREADY_BLOCKED,GUARDRAILS_PRESERVED_SENSOR_FAMILY_RESOLUTION_ONLY
patch_curitiba_00367,Curitiba,2,requires_manual_sensor_selection,blocked_unknown_asset_type,BLOCKED_UNKNOWN_ASSET_TYPE,ONLY_UNKNOWN_OR_UNUSABLE_ASSET_TYPE_AVAILABLE,REJECTED_UNKNOWN_ASSET_TYPE,asset_ref_72ecb0510569,unknown,false,false,false,true,false,false,METADATA_REPAIR_REQUIRED_BEFORE_REQUEST|PREVIOUS_METADATA_BLOCKER_PRESENT|SENSOR_NOT_RESOLVED_TO_SENTINEL_2_OPTICAL|REQUIREMENT_ALREADY_BLOCKED,GUARDRAILS_PRESERVED_SENSOR_FAMILY_RESOLUTION_ONLY
patch_curitiba_00367,Curitiba,3,requires_manual_sensor_selection,blocked_unknown_asset_type,BLOCKED_UNKNOWN_ASSET_TYPE,ONLY_UNKNOWN_OR_UNUSABLE_ASSET_TYPE_AVAILABLE,REJECTED_UNKNOWN_ASSET_TYPE,asset_ref_72ecb0510569,unknown,false,false,false,true,false,false,METADATA_REPAIR_REQUIRED_BEFORE_REQUEST|PREVIOUS_METADATA_BLOCKER_PRESENT|SENSOR_NOT_RESOLVED_TO_SENTINEL_2_OPTICAL|REQUIREMENT_ALREADY_BLOCKED,GUARDRAILS_PRESERVED_SENSOR_FAMILY_RESOLUTION_ONLY
patch_curitiba_00402,Curitiba,1,requires_manual_sensor_selection,blocked_unknown_asset_type,BLOCKED_UNKNOWN_ASSET_TYPE,ONLY_UNKNOWN_OR_UNUSABLE_ASSET_TYPE_AVAILABLE,REJECTED_UNKNOWN_ASSET_TYPE,asset_ref_99730626ba72,unknown,false,false,false,true,false,false,METADATA_REPAIR_REQUIRED_BEFORE_REQUEST|PREVIOUS_METADATA_BLOCKER_PRESENT|SENSOR_NOT_RESOLVED_TO_SENTINEL_2_OPTICAL|REQUIREMENT_ALREADY_BLOCKED,GUARDRAILS_PRESERVED_SENSOR_FAMILY_RESOLUTION_ONLY
patch_curitiba_00402,Curitiba,2,requires_manual_sensor_selection,blocked_unknown_asset_type,BLOCKED_UNKNOWN_ASSET_TYPE,ONLY_UNKNOWN_OR_UNUSABLE_ASSET_TYPE_AVAILABLE,REJECTED_UNKNOWN_ASSET_TYPE,asset_ref_99730626ba72,unknown,false,false,false,true,false,false,METADATA_REPAIR_REQUIRED_BEFORE_REQUEST|PREVIOUS_METADATA_BLOCKER_PRESENT|SENSOR_NOT_RESOLVED_TO_SENTINEL_2_OPTICAL|REQUIREMENT_ALREADY_BLOCKED,GUARDRAILS_PRESERVED_SENSOR_FAMILY_RESOLUTION_ONLY
patch_curitiba_00402,Curitiba,3,requires_manual_sensor_selection,blocked_unknown_asset_type,BLOCKED_UNKNOWN_ASSET_TYPE,ONLY_UNKNOWN_OR_UNUSABLE_ASSET_TYPE_AVAILABLE,REJECTED_UNKNOWN_ASSET_TYPE,asset_ref_99730626ba72,unknown,false,false,false,true,false,false,METADATA_REPAIR_REQUIRED_BEFORE_REQUEST|PREVIOUS_METADATA_BLOCKER_PRESENT|SENSOR_NOT_RESOLVED_TO_SENTINEL_2_OPTICAL|REQUIREMENT_ALREADY_BLOCKED,GUARDRAILS_PRESERVED_SENSOR_FAMILY_RESOLUTION_ONLY
patch_curitiba_00409,Curitiba,1,requires_manual_sensor_selection,blocked_unknown_asset_type,BLOCKED_UNKNOWN_ASSET_TYPE,ONLY_UNKNOWN_OR_UNUSABLE_ASSET_TYPE_AVAILABLE,REJECTED_UNKNOWN_ASSET_TYPE,asset_ref_ae7b1d11a2b4,unknown,false,false,false,true,false,false,METADATA_REPAIR_REQUIRED_BEFORE_REQUEST|PREVIOUS_METADATA_BLOCKER_PRESENT|SENSOR_NOT_RESOLVED_TO_SENTINEL_2_OPTICAL|REQUIREMENT_ALREADY_BLOCKED,GUARDRAILS_PRESERVED_SENSOR_FAMILY_RESOLUTION_ONLY
patch_curitiba_00409,Curitiba,2,requires_manual_sensor_selection,blocked_unknown_asset_type,BLOCKED_UNKNOWN_ASSET_TYPE,ONLY_UNKNOWN_OR_UNUSABLE_ASSET_TYPE_AVAILABLE,REJECTED_UNKNOWN_ASSET_TYPE,asset_ref_ae7b1d11a2b4,unknown,false,false,false,true,false,false,METADATA_REPAIR_REQUIRED_BEFORE_REQUEST|PREVIOUS_METADATA_BLOCKER_PRESENT|SENSOR_NOT_RESOLVED_TO_SENTINEL_2_OPTICAL|REQUIREMENT_ALREADY_BLOCKED,GUARDRAILS_PRESERVED_SENSOR_FAMILY_RESOLUTION_ONLY
patch_curitiba_00409,Curitiba,3,requires_manual_sensor_selection,blocked_unknown_asset_type,BLOCKED_UNKNOWN_ASSET_TYPE,ONLY_UNKNOWN_OR_UNUSABLE_ASSET_TYPE_AVAILABLE,REJECTED_UNKNOWN_ASSET_TYPE,asset_ref_ae7b1d11a2b4,unknown,false,false,false,true,false,false,METADATA_REPAIR_REQUIRED_BEFORE_REQUEST|PREVIOUS_METADATA_BLOCKER_PRESENT|SENSOR_NOT_RESOLVED_TO_SENTINEL_2_OPTICAL|REQUIREMENT_ALREADY_BLOCKED,GUARDRAILS_PRESERVED_SENSOR_FAMILY_RESOLUTION_ONLY
patch_curitiba_00410,Curitiba,1,requires_manual_sensor_selection,blocked_unknown_asset_type,BLOCKED_UNKNOWN_ASSET_TYPE,ONLY_UNKNOWN_OR_UNUSABLE_ASSET_TYPE_AVAILABLE,REJECTED_UNKNOWN_ASSET_TYPE,asset_ref_7c2431de392c,unknown,false,false,false,true,false,false,METADATA_REPAIR_REQUIRED_BEFORE_REQUEST|PREVIOUS_METADATA_BLOCKER_PRESENT|SENSOR_NOT_RESOLVED_TO_SENTINEL_2_OPTICAL|REQUIREMENT_ALREADY_BLOCKED,GUARDRAILS_PRESERVED_SENSOR_FAMILY_RESOLUTION_ONLY
patch_curitiba_00410,Curitiba,2,requires_manual_sensor_selection,blocked_unknown_asset_type,BLOCKED_UNKNOWN_ASSET_TYPE,ONLY_UNKNOWN_OR_UNUSABLE_ASSET_TYPE_AVAILABLE,REJECTED_UNKNOWN_ASSET_TYPE,asset_ref_7c2431de392c,unknown,false,false,false,true,false,false,METADATA_REPAIR_REQUIRED_BEFORE_REQUEST|PREVIOUS_METADATA_BLOCKER_PRESENT|SENSOR_NOT_RESOLVED_TO_SENTINEL_2_OPTICAL|REQUIREMENT_ALREADY_BLOCKED,GUARDRAILS_PRESERVED_SENSOR_FAMILY_RESOLUTION_ONLY
patch_curitiba_00410,Curitiba,3,requires_manual_sensor_selection,blocked_unknown_asset_type,BLOCKED_UNKNOWN_ASSET_TYPE,ONLY_UNKNOWN_OR_UNUSABLE_ASSET_TYPE_AVAILABLE,REJECTED_UNKNOWN_ASSET_TYPE,asset_ref_7c2431de392c,unknown,false,false,false,true,false,false,METADATA_REPAIR_REQUIRED_BEFORE_REQUEST|PREVIOUS_METADATA_BLOCKER_PRESENT|SENSOR_NOT_RESOLVED_TO_SENTINEL_2_OPTICAL|REQUIREMENT_ALREADY_BLOCKED,GUARDRAILS_PRESERVED_SENSOR_FAMILY_RESOLUTION_ONLY
patch_curitiba_00413,Curitiba,1,requires_manual_sensor_selection,blocked_unknown_asset_type,BLOCKED_UNKNOWN_ASSET_TYPE,ONLY_UNKNOWN_OR_UNUSABLE_ASSET_TYPE_AVAILABLE,REJECTED_UNKNOWN_ASSET_TYPE,asset_ref_c455ff886c9f,unknown,false,false,false,true,false,false,METADATA_REPAIR_REQUIRED_BEFORE_REQUEST|PREVIOUS_METADATA_BLOCKER_PRESENT|SENSOR_NOT_RESOLVED_TO_SENTINEL_2_OPTICAL|REQUIREMENT_ALREADY_BLOCKED,GUARDRAILS_PRESERVED_SENSOR_FAMILY_RESOLUTION_ONLY
patch_curitiba_00413,Curitiba,2,requires_manual_sensor_selection,blocked_unknown_asset_type,BLOCKED_UNKNOWN_ASSET_TYPE,ONLY_UNKNOWN_OR_UNUSABLE_ASSET_TYPE_AVAILABLE,REJECTED_UNKNOWN_ASSET_TYPE,asset_ref_c455ff886c9f,unknown,false,false,false,true,false,false,METADATA_REPAIR_REQUIRED_BEFORE_REQUEST|PREVIOUS_METADATA_BLOCKER_PRESENT|SENSOR_NOT_RESOLVED_TO_SENTINEL_2_OPTICAL|REQUIREMENT_ALREADY_BLOCKED,GUARDRAILS_PRESERVED_SENSOR_FAMILY_RESOLUTION_ONLY
patch_curitiba_00413,Curitiba,3,requires_manual_sensor_selection,blocked_unknown_asset_type,BLOCKED_UNKNOWN_ASSET_TYPE,ONLY_UNKNOWN_OR_UNUSABLE_ASSET_TYPE_AVAILABLE,REJECTED_UNKNOWN_ASSET_TYPE,asset_ref_c455ff886c9f,unknown,false,false,false,true,false,false,METADATA_REPAIR_REQUIRED_BEFORE_REQUEST|PREVIOUS_METADATA_BLOCKER_PRESENT|SENSOR_NOT_RESOLVED_TO_SENTINEL_2_OPTICAL|REQUIREMENT_ALREADY_BLOCKED,GUARDRAILS_PRESERVED_SENSOR_FAMILY_RESOLUTION_ONLY
patch_curitiba_00416,Curitiba,1,requires_manual_sensor_selection,blocked_unknown_asset_type,BLOCKED_UNKNOWN_ASSET_TYPE,ONLY_UNKNOWN_OR_UNUSABLE_ASSET_TYPE_AVAILABLE,REJECTED_UNKNOWN_ASSET_TYPE,asset_ref_8fe300d2a399,unknown,false,false,false,true,false,false,METADATA_REPAIR_REQUIRED_BEFORE_REQUEST|PREVIOUS_METADATA_BLOCKER_PRESENT|SENSOR_NOT_RESOLVED_TO_SENTINEL_2_OPTICAL|REQUIREMENT_ALREADY_BLOCKED,GUARDRAILS_PRESERVED_SENSOR_FAMILY_RESOLUTION_ONLY
patch_curitiba_00416,Curitiba,2,requires_manual_sensor_selection,blocked_unknown_asset_type,BLOCKED_UNKNOWN_ASSET_TYPE,ONLY_UNKNOWN_OR_UNUSABLE_ASSET_TYPE_AVAILABLE,REJECTED_UNKNOWN_ASSET_TYPE,asset_ref_8fe300d2a399,unknown,false,false,false,true,false,false,METADATA_REPAIR_REQUIRED_BEFORE_REQUEST|PREVIOUS_METADATA_BLOCKER_PRESENT|SENSOR_NOT_RESOLVED_TO_SENTINEL_2_OPTICAL|REQUIREMENT_ALREADY_BLOCKED,GUARDRAILS_PRESERVED_SENSOR_FAMILY_RESOLUTION_ONLY
patch_curitiba_00416,Curitiba,3,requires_manual_sensor_selection,blocked_unknown_asset_type,BLOCKED_UNKNOWN_ASSET_TYPE,ONLY_UNKNOWN_OR_UNUSABLE_ASSET_TYPE_AVAILABLE,REJECTED_UNKNOWN_ASSET_TYPE,asset_ref_8fe300d2a399,unknown,false,false,false,true,false,false,METADATA_REPAIR_REQUIRED_BEFORE_REQUEST|PREVIOUS_METADATA_BLOCKER_PRESENT|SENSOR_NOT_RESOLVED_TO_SENTINEL_2_OPTICAL|REQUIREMENT_ALREADY_BLOCKED,GUARDRAILS_PRESERVED_SENSOR_FAMILY_RESOLUTION_ONLY
patch_curitiba_00445,Curitiba,1,requires_manual_sensor_selection,blocked_unknown_asset_type,BLOCKED_UNKNOWN_ASSET_TYPE,ONLY_UNKNOWN_OR_UNUSABLE_ASSET_TYPE_AVAILABLE,REJECTED_UNKNOWN_ASSET_TYPE,asset_ref_60d129ce4030,unknown,false,false,false,true,false,false,METADATA_REPAIR_REQUIRED_BEFORE_REQUEST|PREVIOUS_METADATA_BLOCKER_PRESENT|SENSOR_NOT_RESOLVED_TO_SENTINEL_2_OPTICAL|REQUIREMENT_ALREADY_BLOCKED,GUARDRAILS_PRESERVED_SENSOR_FAMILY_RESOLUTION_ONLY
patch_curitiba_00445,Curitiba,2,requires_manual_sensor_selection,blocked_unknown_asset_type,BLOCKED_UNKNOWN_ASSET_TYPE,ONLY_UNKNOWN_OR_UNUSABLE_ASSET_TYPE_AVAILABLE,REJECTED_UNKNOWN_ASSET_TYPE,asset_ref_60d129ce4030,unknown,false,false,false,true,false,false,METADATA_REPAIR_REQUIRED_BEFORE_REQUEST|PREVIOUS_METADATA_BLOCKER_PRESENT|SENSOR_NOT_RESOLVED_TO_SENTINEL_2_OPTICAL|REQUIREMENT_ALREADY_BLOCKED,GUARDRAILS_PRESERVED_SENSOR_FAMILY_RESOLUTION_ONLY
patch_curitiba_00445,Curitiba,3,requires_manual_sensor_selection,blocked_unknown_asset_type,BLOCKED_UNKNOWN_ASSET_TYPE,ONLY_UNKNOWN_OR_UNUSABLE_ASSET_TYPE_AVAILABLE,REJECTED_UNKNOWN_ASSET_TYPE,asset_ref_60d129ce4030,unknown,false,false,false,true,false,false,METADATA_REPAIR_REQUIRED_BEFORE_REQUEST|PREVIOUS_METADATA_BLOCKER_PRESENT|SENSOR_NOT_RESOLVED_TO_SENTINEL_2_OPTICAL|REQUIREMENT_ALREADY_BLOCKED,GUARDRAILS_PRESERVED_SENSOR_FAMILY_RESOLUTION_ONLY
patch_curitiba_00446,Curitiba,1,requires_manual_sensor_selection,blocked_unknown_asset_type,BLOCKED_UNKNOWN_ASSET_TYPE,ONLY_UNKNOWN_OR_UNUSABLE_ASSET_TYPE_AVAILABLE,REJECTED_UNKNOWN_ASSET_TYPE,asset_ref_20682746a68d,unknown,false,false,false,true,false,false,METADATA_REPAIR_REQUIRED_BEFORE_REQUEST|PREVIOUS_METADATA_BLOCKER_PRESENT|SENSOR_NOT_RESOLVED_TO_SENTINEL_2_OPTICAL|REQUIREMENT_ALREADY_BLOCKED,GUARDRAILS_PRESERVED_SENSOR_FAMILY_RESOLUTION_ONLY
patch_curitiba_00446,Curitiba,2,requires_manual_sensor_selection,blocked_unknown_asset_type,BLOCKED_UNKNOWN_ASSET_TYPE,ONLY_UNKNOWN_OR_UNUSABLE_ASSET_TYPE_AVAILABLE,REJECTED_UNKNOWN_ASSET_TYPE,asset_ref_20682746a68d,unknown,false,false,false,true,false,false,METADATA_REPAIR_REQUIRED_BEFORE_REQUEST|PREVIOUS_METADATA_BLOCKER_PRESENT|SENSOR_NOT_RESOLVED_TO_SENTINEL_2_OPTICAL|REQUIREMENT_ALREADY_BLOCKED,GUARDRAILS_PRESERVED_SENSOR_FAMILY_RESOLUTION_ONLY
patch_curitiba_00446,Curitiba,3,requires_manual_sensor_selection,blocked_unknown_asset_type,BLOCKED_UNKNOWN_ASSET_TYPE,ONLY_UNKNOWN_OR_UNUSABLE_ASSET_TYPE_AVAILABLE,REJECTED_UNKNOWN_ASSET_TYPE,asset_ref_20682746a68d,unknown,false,false,false,true,false,false,METADATA_REPAIR_REQUIRED_BEFORE_REQUEST|PREVIOUS_METADATA_BLOCKER_PRESENT|SENSOR_NOT_RESOLVED_TO_SENTINEL_2_OPTICAL|REQUIREMENT_ALREADY_BLOCKED,GUARDRAILS_PRESERVED_SENSOR_FAMILY_RESOLUTION_ONLY
patch_curitiba_00597,Curitiba,1,requires_manual_sensor_selection,blocked_unknown_asset_type,BLOCKED_UNKNOWN_ASSET_TYPE,ONLY_UNKNOWN_OR_UNUSABLE_ASSET_TYPE_AVAILABLE,REJECTED_UNKNOWN_ASSET_TYPE,asset_ref_fb212a2f9281,unknown,false,false,false,true,false,false,METADATA_REPAIR_REQUIRED_BEFORE_REQUEST|PREVIOUS_METADATA_BLOCKER_PRESENT|SENSOR_NOT_RESOLVED_TO_SENTINEL_2_OPTICAL|REQUIREMENT_ALREADY_BLOCKED,GUARDRAILS_PRESERVED_SENSOR_FAMILY_RESOLUTION_ONLY
patch_curitiba_00597,Curitiba,2,requires_manual_sensor_selection,blocked_unknown_asset_type,BLOCKED_UNKNOWN_ASSET_TYPE,ONLY_UNKNOWN_OR_UNUSABLE_ASSET_TYPE_AVAILABLE,REJECTED_UNKNOWN_ASSET_TYPE,asset_ref_fb212a2f9281,unknown,false,false,false,true,false,false,METADATA_REPAIR_REQUIRED_BEFORE_REQUEST|PREVIOUS_METADATA_BLOCKER_PRESENT|SENSOR_NOT_RESOLVED_TO_SENTINEL_2_OPTICAL|REQUIREMENT_ALREADY_BLOCKED,GUARDRAILS_PRESERVED_SENSOR_FAMILY_RESOLUTION_ONLY
patch_curitiba_00597,Curitiba,3,requires_manual_sensor_selection,blocked_unknown_asset_type,BLOCKED_UNKNOWN_ASSET_TYPE,ONLY_UNKNOWN_OR_UNUSABLE_ASSET_TYPE_AVAILABLE,REJECTED_UNKNOWN_ASSET_TYPE,asset_ref_fb212a2f9281,unknown,false,false,false,true,false,false,METADATA_REPAIR_REQUIRED_BEFORE_REQUEST|PREVIOUS_METADATA_BLOCKER_PRESENT|SENSOR_NOT_RESOLVED_TO_SENTINEL_2_OPTICAL|REQUIREMENT_ALREADY_BLOCKED,GUARDRAILS_PRESERVED_SENSOR_FAMILY_RESOLUTION_ONLY
patch_curitiba_00661,Curitiba,1,requires_manual_sensor_selection,blocked_unknown_asset_type,BLOCKED_UNKNOWN_ASSET_TYPE,ONLY_UNKNOWN_OR_UNUSABLE_ASSET_TYPE_AVAILABLE,REJECTED_UNKNOWN_ASSET_TYPE,asset_ref_8817dc521a3d,unknown,false,false,false,true,false,false,METADATA_REPAIR_REQUIRED_BEFORE_REQUEST|PREVIOUS_METADATA_BLOCKER_PRESENT|SENSOR_NOT_RESOLVED_TO_SENTINEL_2_OPTICAL|REQUIREMENT_ALREADY_BLOCKED,GUARDRAILS_PRESERVED_SENSOR_FAMILY_RESOLUTION_ONLY
patch_curitiba_00661,Curitiba,2,requires_manual_sensor_selection,blocked_unknown_asset_type,BLOCKED_UNKNOWN_ASSET_TYPE,ONLY_UNKNOWN_OR_UNUSABLE_ASSET_TYPE_AVAILABLE,REJECTED_UNKNOWN_ASSET_TYPE,asset_ref_8817dc521a3d,unknown,false,false,false,true,false,false,METADATA_REPAIR_REQUIRED_BEFORE_REQUEST|PREVIOUS_METADATA_BLOCKER_PRESENT|SENSOR_NOT_RESOLVED_TO_SENTINEL_2_OPTICAL|REQUIREMENT_ALREADY_BLOCKED,GUARDRAILS_PRESERVED_SENSOR_FAMILY_RESOLUTION_ONLY
patch_curitiba_00661,Curitiba,3,requires_manual_sensor_selection,blocked_unknown_asset_type,BLOCKED_UNKNOWN_ASSET_TYPE,ONLY_UNKNOWN_OR_UNUSABLE_ASSET_TYPE_AVAILABLE,REJECTED_UNKNOWN_ASSET_TYPE,asset_ref_8817dc521a3d,unknown,false,false,false,true,false,false,METADATA_REPAIR_REQUIRED_BEFORE_REQUEST|PREVIOUS_METADATA_BLOCKER_PRESENT|SENSOR_NOT_RESOLVED_TO_SENTINEL_2_OPTICAL|REQUIREMENT_ALREADY_BLOCKED,GUARDRAILS_PRESERVED_SENSOR_FAMILY_RESOLUTION_ONLY
patch_curitiba_00662,Curitiba,1,requires_manual_sensor_selection,blocked_unknown_asset_type,BLOCKED_UNKNOWN_ASSET_TYPE,ONLY_UNKNOWN_OR_UNUSABLE_ASSET_TYPE_AVAILABLE,REJECTED_UNKNOWN_ASSET_TYPE,asset_ref_3f8dc0682f19,unknown,false,false,false,true,false,false,METADATA_REPAIR_REQUIRED_BEFORE_REQUEST|PREVIOUS_METADATA_BLOCKER_PRESENT|SENSOR_NOT_RESOLVED_TO_SENTINEL_2_OPTICAL|REQUIREMENT_ALREADY_BLOCKED,GUARDRAILS_PRESERVED_SENSOR_FAMILY_RESOLUTION_ONLY
patch_curitiba_00662,Curitiba,2,requires_manual_sensor_selection,blocked_unknown_asset_type,BLOCKED_UNKNOWN_ASSET_TYPE,ONLY_UNKNOWN_OR_UNUSABLE_ASSET_TYPE_AVAILABLE,REJECTED_UNKNOWN_ASSET_TYPE,asset_ref_3f8dc0682f19,unknown,false,false,false,true,false,false,METADATA_REPAIR_REQUIRED_BEFORE_REQUEST|PREVIOUS_METADATA_BLOCKER_PRESENT|SENSOR_NOT_RESOLVED_TO_SENTINEL_2_OPTICAL|REQUIREMENT_ALREADY_BLOCKED,GUARDRAILS_PRESERVED_SENSOR_FAMILY_RESOLUTION_ONLY
patch_curitiba_00662,Curitiba,3,requires_manual_sensor_selection,blocked_unknown_asset_type,BLOCKED_UNKNOWN_ASSET_TYPE,ONLY_UNKNOWN_OR_UNUSABLE_ASSET_TYPE_AVAILABLE,REJECTED_UNKNOWN_ASSET_TYPE,asset_ref_3f8dc0682f19,unknown,false,false,false,true,false,false,METADATA_REPAIR_REQUIRED_BEFORE_REQUEST|PREVIOUS_METADATA_BLOCKER_PRESENT|SENSOR_NOT_RESOLVED_TO_SENTINEL_2_OPTICAL|REQUIREMENT_ALREADY_BLOCKED,GUARDRAILS_PRESERVED_SENSOR_FAMILY_RESOLUTION_ONLY
patch_curitiba_00695,Curitiba,1,requires_manual_sensor_selection,blocked_unknown_asset_type,BLOCKED_UNKNOWN_ASSET_TYPE,ONLY_UNKNOWN_OR_UNUSABLE_ASSET_TYPE_AVAILABLE,REJECTED_UNKNOWN_ASSET_TYPE,asset_ref_f023b98e4e61,unknown,false,false,false,true,false,false,METADATA_REPAIR_REQUIRED_BEFORE_REQUEST|PREVIOUS_METADATA_BLOCKER_PRESENT|SENSOR_NOT_RESOLVED_TO_SENTINEL_2_OPTICAL|REQUIREMENT_ALREADY_BLOCKED,GUARDRAILS_PRESERVED_SENSOR_FAMILY_RESOLUTION_ONLY
patch_curitiba_00695,Curitiba,2,requires_manual_sensor_selection,blocked_unknown_asset_type,BLOCKED_UNKNOWN_ASSET_TYPE,ONLY_UNKNOWN_OR_UNUSABLE_ASSET_TYPE_AVAILABLE,REJECTED_UNKNOWN_ASSET_TYPE,asset_ref_f023b98e4e61,unknown,false,false,false,true,false,false,METADATA_REPAIR_REQUIRED_BEFORE_REQUEST|PREVIOUS_METADATA_BLOCKER_PRESENT|SENSOR_NOT_RESOLVED_TO_SENTINEL_2_OPTICAL|REQUIREMENT_ALREADY_BLOCKED,GUARDRAILS_PRESERVED_SENSOR_FAMILY_RESOLUTION_ONLY
patch_curitiba_00695,Curitiba,3,requires_manual_sensor_selection,blocked_unknown_asset_type,BLOCKED_UNKNOWN_ASSET_TYPE,ONLY_UNKNOWN_OR_UNUSABLE_ASSET_TYPE_AVAILABLE,REJECTED_UNKNOWN_ASSET_TYPE,asset_ref_f023b98e4e61,unknown,false,false,false,true,false,false,METADATA_REPAIR_REQUIRED_BEFORE_REQUEST|PREVIOUS_METADATA_BLOCKER_PRESENT|SENSOR_NOT_RESOLVED_TO_SENTINEL_2_OPTICAL|REQUIREMENT_ALREADY_BLOCKED,GUARDRAILS_PRESERVED_SENSOR_FAMILY_RESOLUTION_ONLY
patch_curitiba_00728,Curitiba,1,requires_manual_sensor_selection,blocked_unknown_asset_type,BLOCKED_UNKNOWN_ASSET_TYPE,ONLY_UNKNOWN_OR_UNUSABLE_ASSET_TYPE_AVAILABLE,REJECTED_UNKNOWN_ASSET_TYPE,asset_ref_92e5f22dc1ac,unknown,false,false,false,true,false,false,METADATA_REPAIR_REQUIRED_BEFORE_REQUEST|PREVIOUS_METADATA_BLOCKER_PRESENT|SENSOR_NOT_RESOLVED_TO_SENTINEL_2_OPTICAL|REQUIREMENT_ALREADY_BLOCKED,GUARDRAILS_PRESERVED_SENSOR_FAMILY_RESOLUTION_ONLY
patch_curitiba_00728,Curitiba,2,requires_manual_sensor_selection,blocked_unknown_asset_type,BLOCKED_UNKNOWN_ASSET_TYPE,ONLY_UNKNOWN_OR_UNUSABLE_ASSET_TYPE_AVAILABLE,REJECTED_UNKNOWN_ASSET_TYPE,asset_ref_92e5f22dc1ac,unknown,false,false,false,true,false,false,METADATA_REPAIR_REQUIRED_BEFORE_REQUEST|PREVIOUS_METADATA_BLOCKER_PRESENT|SENSOR_NOT_RESOLVED_TO_SENTINEL_2_OPTICAL|REQUIREMENT_ALREADY_BLOCKED,GUARDRAILS_PRESERVED_SENSOR_FAMILY_RESOLUTION_ONLY
patch_curitiba_00728,Curitiba,3,requires_manual_sensor_selection,blocked_unknown_asset_type,BLOCKED_UNKNOWN_ASSET_TYPE,ONLY_UNKNOWN_OR_UNUSABLE_ASSET_TYPE_AVAILABLE,REJECTED_UNKNOWN_ASSET_TYPE,asset_ref_92e5f22dc1ac,unknown,false,false,false,true,false,false,METADATA_REPAIR_REQUIRED_BEFORE_REQUEST|PREVIOUS_METADATA_BLOCKER_PRESENT|SENSOR_NOT_RESOLVED_TO_SENTINEL_2_OPTICAL|REQUIREMENT_ALREADY_BLOCKED,GUARDRAILS_PRESERVED_SENSOR_FAMILY_RESOLUTION_ONLY
patch_curitiba_00740,Curitiba,1,requires_manual_sensor_selection,blocked_unknown_asset_type,BLOCKED_UNKNOWN_ASSET_TYPE,ONLY_UNKNOWN_OR_UNUSABLE_ASSET_TYPE_AVAILABLE,REJECTED_UNKNOWN_ASSET_TYPE,asset_ref_d70afd62f634,unknown,false,false,false,true,false,false,METADATA_REPAIR_REQUIRED_BEFORE_REQUEST|PREVIOUS_METADATA_BLOCKER_PRESENT|SENSOR_NOT_RESOLVED_TO_SENTINEL_2_OPTICAL|REQUIREMENT_ALREADY_BLOCKED,GUARDRAILS_PRESERVED_SENSOR_FAMILY_RESOLUTION_ONLY
patch_curitiba_00740,Curitiba,2,requires_manual_sensor_selection,blocked_unknown_asset_type,BLOCKED_UNKNOWN_ASSET_TYPE,ONLY_UNKNOWN_OR_UNUSABLE_ASSET_TYPE_AVAILABLE,REJECTED_UNKNOWN_ASSET_TYPE,asset_ref_d70afd62f634,unknown,false,false,false,true,false,false,METADATA_REPAIR_REQUIRED_BEFORE_REQUEST|PREVIOUS_METADATA_BLOCKER_PRESENT|SENSOR_NOT_RESOLVED_TO_SENTINEL_2_OPTICAL|REQUIREMENT_ALREADY_BLOCKED,GUARDRAILS_PRESERVED_SENSOR_FAMILY_RESOLUTION_ONLY
patch_curitiba_00740,Curitiba,3,requires_manual_sensor_selection,blocked_unknown_asset_type,BLOCKED_UNKNOWN_ASSET_TYPE,ONLY_UNKNOWN_OR_UNUSABLE_ASSET_TYPE_AVAILABLE,REJECTED_UNKNOWN_ASSET_TYPE,asset_ref_d70afd62f634,unknown,false,false,false,true,false,false,METADATA_REPAIR_REQUIRED_BEFORE_REQUEST|PREVIOUS_METADATA_BLOCKER_PRESENT|SENSOR_NOT_RESOLVED_TO_SENTINEL_2_OPTICAL|REQUIREMENT_ALREADY_BLOCKED,GUARDRAILS_PRESERVED_SENSOR_FAMILY_RESOLUTION_ONLY
patch_curitiba_00887,Curitiba,1,requires_manual_sensor_selection,blocked_unknown_asset_type,BLOCKED_UNKNOWN_ASSET_TYPE,ONLY_UNKNOWN_OR_UNUSABLE_ASSET_TYPE_AVAILABLE,REJECTED_UNKNOWN_ASSET_TYPE,asset_ref_766e91b889bd,unknown,false,false,false,true,false,false,METADATA_REPAIR_REQUIRED_BEFORE_REQUEST|PREVIOUS_METADATA_BLOCKER_PRESENT|SENSOR_NOT_RESOLVED_TO_SENTINEL_2_OPTICAL|REQUIREMENT_ALREADY_BLOCKED,GUARDRAILS_PRESERVED_SENSOR_FAMILY_RESOLUTION_ONLY
patch_curitiba_00887,Curitiba,2,requires_manual_sensor_selection,blocked_unknown_asset_type,BLOCKED_UNKNOWN_ASSET_TYPE,ONLY_UNKNOWN_OR_UNUSABLE_ASSET_TYPE_AVAILABLE,REJECTED_UNKNOWN_ASSET_TYPE,asset_ref_766e91b889bd,unknown,false,false,false,true,false,false,METADATA_REPAIR_REQUIRED_BEFORE_REQUEST|PREVIOUS_METADATA_BLOCKER_PRESENT|SENSOR_NOT_RESOLVED_TO_SENTINEL_2_OPTICAL|REQUIREMENT_ALREADY_BLOCKED,GUARDRAILS_PRESERVED_SENSOR_FAMILY_RESOLUTION_ONLY
patch_curitiba_00887,Curitiba,3,requires_manual_sensor_selection,blocked_unknown_asset_type,BLOCKED_UNKNOWN_ASSET_TYPE,ONLY_UNKNOWN_OR_UNUSABLE_ASSET_TYPE_AVAILABLE,REJECTED_UNKNOWN_ASSET_TYPE,asset_ref_766e91b889bd,unknown,false,false,false,true,false,false,METADATA_REPAIR_REQUIRED_BEFORE_REQUEST|PREVIOUS_METADATA_BLOCKER_PRESENT|SENSOR_NOT_RESOLVED_TO_SENTINEL_2_OPTICAL|REQUIREMENT_ALREADY_BLOCKED,GUARDRAILS_PRESERVED_SENSOR_FAMILY_RESOLUTION_ONLY
patch_curitiba_00888,Curitiba,1,requires_manual_sensor_selection,blocked_unknown_asset_type,BLOCKED_UNKNOWN_ASSET_TYPE,ONLY_UNKNOWN_OR_UNUSABLE_ASSET_TYPE_AVAILABLE,REJECTED_UNKNOWN_ASSET_TYPE,asset_ref_b91b14beb38d,unknown,false,false,false,true,false,false,METADATA_REPAIR_REQUIRED_BEFORE_REQUEST|PREVIOUS_METADATA_BLOCKER_PRESENT|SENSOR_NOT_RESOLVED_TO_SENTINEL_2_OPTICAL|REQUIREMENT_ALREADY_BLOCKED,GUARDRAILS_PRESERVED_SENSOR_FAMILY_RESOLUTION_ONLY
patch_curitiba_00888,Curitiba,2,requires_manual_sensor_selection,blocked_unknown_asset_type,BLOCKED_UNKNOWN_ASSET_TYPE,ONLY_UNKNOWN_OR_UNUSABLE_ASSET_TYPE_AVAILABLE,REJECTED_UNKNOWN_ASSET_TYPE,asset_ref_b91b14beb38d,unknown,false,false,false,true,false,false,METADATA_REPAIR_REQUIRED_BEFORE_REQUEST|PREVIOUS_METADATA_BLOCKER_PRESENT|SENSOR_NOT_RESOLVED_TO_SENTINEL_2_OPTICAL|REQUIREMENT_ALREADY_BLOCKED,GUARDRAILS_PRESERVED_SENSOR_FAMILY_RESOLUTION_ONLY
patch_curitiba_00888,Curitiba,3,requires_manual_sensor_selection,blocked_unknown_asset_type,BLOCKED_UNKNOWN_ASSET_TYPE,ONLY_UNKNOWN_OR_UNUSABLE_ASSET_TYPE_AVAILABLE,REJECTED_UNKNOWN_ASSET_TYPE,asset_ref_b91b14beb38d,unknown,false,false,false,true,false,false,METADATA_REPAIR_REQUIRED_BEFORE_REQUEST|PREVIOUS_METADATA_BLOCKER_PRESENT|SENSOR_NOT_RESOLVED_TO_SENTINEL_2_OPTICAL|REQUIREMENT_ALREADY_BLOCKED,GUARDRAILS_PRESERVED_SENSOR_FAMILY_RESOLUTION_ONLY
patch_curitiba_00889,Curitiba,1,requires_manual_sensor_selection,blocked_unknown_asset_type,BLOCKED_UNKNOWN_ASSET_TYPE,ONLY_UNKNOWN_OR_UNUSABLE_ASSET_TYPE_AVAILABLE,REJECTED_UNKNOWN_ASSET_TYPE,asset_ref_1b3f3d5d1ff5,unknown,false,false,false,true,false,false,METADATA_REPAIR_REQUIRED_BEFORE_REQUEST|PREVIOUS_METADATA_BLOCKER_PRESENT|SENSOR_NOT_RESOLVED_TO_SENTINEL_2_OPTICAL|REQUIREMENT_ALREADY_BLOCKED,GUARDRAILS_PRESERVED_SENSOR_FAMILY_RESOLUTION_ONLY
patch_curitiba_00889,Curitiba,2,requires_manual_sensor_selection,blocked_unknown_asset_type,BLOCKED_UNKNOWN_ASSET_TYPE,ONLY_UNKNOWN_OR_UNUSABLE_ASSET_TYPE_AVAILABLE,REJECTED_UNKNOWN_ASSET_TYPE,asset_ref_1b3f3d5d1ff5,unknown,false,false,false,true,false,false,METADATA_REPAIR_REQUIRED_BEFORE_REQUEST|PREVIOUS_METADATA_BLOCKER_PRESENT|SENSOR_NOT_RESOLVED_TO_SENTINEL_2_OPTICAL|REQUIREMENT_ALREADY_BLOCKED,GUARDRAILS_PRESERVED_SENSOR_FAMILY_RESOLUTION_ONLY
patch_curitiba_00889,Curitiba,3,requires_manual_sensor_selection,blocked_unknown_asset_type,BLOCKED_UNKNOWN_ASSET_TYPE,ONLY_UNKNOWN_OR_UNUSABLE_ASSET_TYPE_AVAILABLE,REJECTED_UNKNOWN_ASSET_TYPE,asset_ref_1b3f3d5d1ff5,unknown,false,false,false,true,false,false,METADATA_REPAIR_REQUIRED_BEFORE_REQUEST|PREVIOUS_METADATA_BLOCKER_PRESENT|SENSOR_NOT_RESOLVED_TO_SENTINEL_2_OPTICAL|REQUIREMENT_ALREADY_BLOCKED,GUARDRAILS_PRESERVED_SENSOR_FAMILY_RESOLUTION_ONLY
patch_curitiba_00895,Curitiba,1,requires_manual_sensor_selection,blocked_unknown_asset_type,BLOCKED_UNKNOWN_ASSET_TYPE,ONLY_UNKNOWN_OR_UNUSABLE_ASSET_TYPE_AVAILABLE,REJECTED_UNKNOWN_ASSET_TYPE,asset_ref_6f6b0ab0c7ff,unknown,false,false,false,true,false,false,METADATA_REPAIR_REQUIRED_BEFORE_REQUEST|PREVIOUS_METADATA_BLOCKER_PRESENT|SENSOR_NOT_RESOLVED_TO_SENTINEL_2_OPTICAL|REQUIREMENT_ALREADY_BLOCKED,GUARDRAILS_PRESERVED_SENSOR_FAMILY_RESOLUTION_ONLY
patch_curitiba_00895,Curitiba,2,requires_manual_sensor_selection,blocked_unknown_asset_type,BLOCKED_UNKNOWN_ASSET_TYPE,ONLY_UNKNOWN_OR_UNUSABLE_ASSET_TYPE_AVAILABLE,REJECTED_UNKNOWN_ASSET_TYPE,asset_ref_6f6b0ab0c7ff,unknown,false,false,false,true,false,false,METADATA_REPAIR_REQUIRED_BEFORE_REQUEST|PREVIOUS_METADATA_BLOCKER_PRESENT|SENSOR_NOT_RESOLVED_TO_SENTINEL_2_OPTICAL|REQUIREMENT_ALREADY_BLOCKED,GUARDRAILS_PRESERVED_SENSOR_FAMILY_RESOLUTION_ONLY
patch_curitiba_00895,Curitiba,3,requires_manual_sensor_selection,blocked_unknown_asset_type,BLOCKED_UNKNOWN_ASSET_TYPE,ONLY_UNKNOWN_OR_UNUSABLE_ASSET_TYPE_AVAILABLE,REJECTED_UNKNOWN_ASSET_TYPE,asset_ref_6f6b0ab0c7ff,unknown,false,false,false,true,false,false,METADATA_REPAIR_REQUIRED_BEFORE_REQUEST|PREVIOUS_METADATA_BLOCKER_PRESENT|SENSOR_NOT_RESOLVED_TO_SENTINEL_2_OPTICAL|REQUIREMENT_ALREADY_BLOCKED,GUARDRAILS_PRESERVED_SENSOR_FAMILY_RESOLUTION_ONLY
patch_curitiba_00899,Curitiba,1,requires_manual_sensor_selection,blocked_unknown_asset_type,BLOCKED_UNKNOWN_ASSET_TYPE,ONLY_UNKNOWN_OR_UNUSABLE_ASSET_TYPE_AVAILABLE,REJECTED_UNKNOWN_ASSET_TYPE,asset_ref_5c0d64ef7e42,unknown,false,false,false,true,false,false,METADATA_REPAIR_REQUIRED_BEFORE_REQUEST|PREVIOUS_METADATA_BLOCKER_PRESENT|SENSOR_NOT_RESOLVED_TO_SENTINEL_2_OPTICAL|REQUIREMENT_ALREADY_BLOCKED,GUARDRAILS_PRESERVED_SENSOR_FAMILY_RESOLUTION_ONLY
patch_curitiba_00899,Curitiba,2,requires_manual_sensor_selection,blocked_unknown_asset_type,BLOCKED_UNKNOWN_ASSET_TYPE,ONLY_UNKNOWN_OR_UNUSABLE_ASSET_TYPE_AVAILABLE,REJECTED_UNKNOWN_ASSET_TYPE,asset_ref_5c0d64ef7e42,unknown,false,false,false,true,false,false,METADATA_REPAIR_REQUIRED_BEFORE_REQUEST|PREVIOUS_METADATA_BLOCKER_PRESENT|SENSOR_NOT_RESOLVED_TO_SENTINEL_2_OPTICAL|REQUIREMENT_ALREADY_BLOCKED,GUARDRAILS_PRESERVED_SENSOR_FAMILY_RESOLUTION_ONLY
patch_curitiba_00899,Curitiba,3,requires_manual_sensor_selection,blocked_unknown_asset_type,BLOCKED_UNKNOWN_ASSET_TYPE,ONLY_UNKNOWN_OR_UNUSABLE_ASSET_TYPE_AVAILABLE,REJECTED_UNKNOWN_ASSET_TYPE,asset_ref_5c0d64ef7e42,unknown,false,false,false,true,false,false,METADATA_REPAIR_REQUIRED_BEFORE_REQUEST|PREVIOUS_METADATA_BLOCKER_PRESENT|SENSOR_NOT_RESOLVED_TO_SENTINEL_2_OPTICAL|REQUIREMENT_ALREADY_BLOCKED,GUARDRAILS_PRESERVED_SENSOR_FAMILY_RESOLUTION_ONLY
patch_curitiba_00924,Curitiba,1,requires_manual_sensor_selection,blocked_unknown_asset_type,BLOCKED_UNKNOWN_ASSET_TYPE,ONLY_UNKNOWN_OR_UNUSABLE_ASSET_TYPE_AVAILABLE,REJECTED_UNKNOWN_ASSET_TYPE,asset_ref_db92ac7bb63f,unknown,false,false,false,true,false,false,METADATA_REPAIR_REQUIRED_BEFORE_REQUEST|PREVIOUS_METADATA_BLOCKER_PRESENT|SENSOR_NOT_RESOLVED_TO_SENTINEL_2_OPTICAL|REQUIREMENT_ALREADY_BLOCKED,GUARDRAILS_PRESERVED_SENSOR_FAMILY_RESOLUTION_ONLY
patch_curitiba_00924,Curitiba,2,requires_manual_sensor_selection,blocked_unknown_asset_type,BLOCKED_UNKNOWN_ASSET_TYPE,ONLY_UNKNOWN_OR_UNUSABLE_ASSET_TYPE_AVAILABLE,REJECTED_UNKNOWN_ASSET_TYPE,asset_ref_db92ac7bb63f,unknown,false,false,false,true,false,false,METADATA_REPAIR_REQUIRED_BEFORE_REQUEST|PREVIOUS_METADATA_BLOCKER_PRESENT|SENSOR_NOT_RESOLVED_TO_SENTINEL_2_OPTICAL|REQUIREMENT_ALREADY_BLOCKED,GUARDRAILS_PRESERVED_SENSOR_FAMILY_RESOLUTION_ONLY
patch_curitiba_00924,Curitiba,3,requires_manual_sensor_selection,blocked_unknown_asset_type,BLOCKED_UNKNOWN_ASSET_TYPE,ONLY_UNKNOWN_OR_UNUSABLE_ASSET_TYPE_AVAILABLE,REJECTED_UNKNOWN_ASSET_TYPE,asset_ref_db92ac7bb63f,unknown,false,false,false,true,false,false,METADATA_REPAIR_REQUIRED_BEFORE_REQUEST|PREVIOUS_METADATA_BLOCKER_PRESENT|SENSOR_NOT_RESOLVED_TO_SENTINEL_2_OPTICAL|REQUIREMENT_ALREADY_BLOCKED,GUARDRAILS_PRESERVED_SENSOR_FAMILY_RESOLUTION_ONLY
patch_curitiba_00930,Curitiba,1,requires_manual_sensor_selection,blocked_unknown_asset_type,BLOCKED_UNKNOWN_ASSET_TYPE,ONLY_UNKNOWN_OR_UNUSABLE_ASSET_TYPE_AVAILABLE,REJECTED_UNKNOWN_ASSET_TYPE,asset_ref_ef9ce6e92496,unknown,false,false,false,true,false,false,METADATA_REPAIR_REQUIRED_BEFORE_REQUEST|PREVIOUS_METADATA_BLOCKER_PRESENT|SENSOR_NOT_RESOLVED_TO_SENTINEL_2_OPTICAL|REQUIREMENT_ALREADY_BLOCKED,GUARDRAILS_PRESERVED_SENSOR_FAMILY_RESOLUTION_ONLY
patch_curitiba_00930,Curitiba,2,requires_manual_sensor_selection,blocked_unknown_asset_type,BLOCKED_UNKNOWN_ASSET_TYPE,ONLY_UNKNOWN_OR_UNUSABLE_ASSET_TYPE_AVAILABLE,REJECTED_UNKNOWN_ASSET_TYPE,asset_ref_ef9ce6e92496,unknown,false,false,false,true,false,false,METADATA_REPAIR_REQUIRED_BEFORE_REQUEST|PREVIOUS_METADATA_BLOCKER_PRESENT|SENSOR_NOT_RESOLVED_TO_SENTINEL_2_OPTICAL|REQUIREMENT_ALREADY_BLOCKED,GUARDRAILS_PRESERVED_SENSOR_FAMILY_RESOLUTION_ONLY
patch_curitiba_00930,Curitiba,3,requires_manual_sensor_selection,blocked_unknown_asset_type,BLOCKED_UNKNOWN_ASSET_TYPE,ONLY_UNKNOWN_OR_UNUSABLE_ASSET_TYPE_AVAILABLE,REJECTED_UNKNOWN_ASSET_TYPE,asset_ref_ef9ce6e92496,unknown,false,false,false,true,false,false,METADATA_REPAIR_REQUIRED_BEFORE_REQUEST|PREVIOUS_METADATA_BLOCKER_PRESENT|SENSOR_NOT_RESOLVED_TO_SENTINEL_2_OPTICAL|REQUIREMENT_ALREADY_BLOCKED,GUARDRAILS_PRESERVED_SENSOR_FAMILY_RESOLUTION_ONLY
patch_curitiba_00934,Curitiba,1,requires_manual_sensor_selection,blocked_unknown_asset_type,BLOCKED_UNKNOWN_ASSET_TYPE,ONLY_UNKNOWN_OR_UNUSABLE_ASSET_TYPE_AVAILABLE,REJECTED_UNKNOWN_ASSET_TYPE,asset_ref_1d5b7eb585de,unknown,false,false,false,true,false,false,METADATA_REPAIR_REQUIRED_BEFORE_REQUEST|PREVIOUS_METADATA_BLOCKER_PRESENT|SENSOR_NOT_RESOLVED_TO_SENTINEL_2_OPTICAL|REQUIREMENT_ALREADY_BLOCKED,GUARDRAILS_PRESERVED_SENSOR_FAMILY_RESOLUTION_ONLY
patch_curitiba_00934,Curitiba,2,requires_manual_sensor_selection,blocked_unknown_asset_type,BLOCKED_UNKNOWN_ASSET_TYPE,ONLY_UNKNOWN_OR_UNUSABLE_ASSET_TYPE_AVAILABLE,REJECTED_UNKNOWN_ASSET_TYPE,asset_ref_1d5b7eb585de,unknown,false,false,false,true,false,false,METADATA_REPAIR_REQUIRED_BEFORE_REQUEST|PREVIOUS_METADATA_BLOCKER_PRESENT|SENSOR_NOT_RESOLVED_TO_SENTINEL_2_OPTICAL|REQUIREMENT_ALREADY_BLOCKED,GUARDRAILS_PRESERVED_SENSOR_FAMILY_RESOLUTION_ONLY
patch_curitiba_00934,Curitiba,3,requires_manual_sensor_selection,blocked_unknown_asset_type,BLOCKED_UNKNOWN_ASSET_TYPE,ONLY_UNKNOWN_OR_UNUSABLE_ASSET_TYPE_AVAILABLE,REJECTED_UNKNOWN_ASSET_TYPE,asset_ref_1d5b7eb585de,unknown,false,false,false,true,false,false,METADATA_REPAIR_REQUIRED_BEFORE_REQUEST|PREVIOUS_METADATA_BLOCKER_PRESENT|SENSOR_NOT_RESOLVED_TO_SENTINEL_2_OPTICAL|REQUIREMENT_ALREADY_BLOCKED,GUARDRAILS_PRESERVED_SENSOR_FAMILY_RESOLUTION_ONLY
patch_curitiba_00936,Curitiba,1,requires_manual_sensor_selection,blocked_unknown_asset_type,BLOCKED_UNKNOWN_ASSET_TYPE,ONLY_UNKNOWN_OR_UNUSABLE_ASSET_TYPE_AVAILABLE,REJECTED_UNKNOWN_ASSET_TYPE,asset_ref_6726a3331f32,unknown,false,false,false,true,false,false,METADATA_REPAIR_REQUIRED_BEFORE_REQUEST|PREVIOUS_METADATA_BLOCKER_PRESENT|SENSOR_NOT_RESOLVED_TO_SENTINEL_2_OPTICAL|REQUIREMENT_ALREADY_BLOCKED,GUARDRAILS_PRESERVED_SENSOR_FAMILY_RESOLUTION_ONLY
patch_curitiba_00936,Curitiba,2,requires_manual_sensor_selection,blocked_unknown_asset_type,BLOCKED_UNKNOWN_ASSET_TYPE,ONLY_UNKNOWN_OR_UNUSABLE_ASSET_TYPE_AVAILABLE,REJECTED_UNKNOWN_ASSET_TYPE,asset_ref_6726a3331f32,unknown,false,false,false,true,false,false,METADATA_REPAIR_REQUIRED_BEFORE_REQUEST|PREVIOUS_METADATA_BLOCKER_PRESENT|SENSOR_NOT_RESOLVED_TO_SENTINEL_2_OPTICAL|REQUIREMENT_ALREADY_BLOCKED,GUARDRAILS_PRESERVED_SENSOR_FAMILY_RESOLUTION_ONLY
patch_curitiba_00936,Curitiba,3,requires_manual_sensor_selection,blocked_unknown_asset_type,BLOCKED_UNKNOWN_ASSET_TYPE,ONLY_UNKNOWN_OR_UNUSABLE_ASSET_TYPE_AVAILABLE,REJECTED_UNKNOWN_ASSET_TYPE,asset_ref_6726a3331f32,unknown,false,false,false,true,false,false,METADATA_REPAIR_REQUIRED_BEFORE_REQUEST|PREVIOUS_METADATA_BLOCKER_PRESENT|SENSOR_NOT_RESOLVED_TO_SENTINEL_2_OPTICAL|REQUIREMENT_ALREADY_BLOCKED,GUARDRAILS_PRESERVED_SENSOR_FAMILY_RESOLUTION_ONLY
patch_curitiba_00960,Curitiba,1,requires_manual_sensor_selection,blocked_unknown_asset_type,BLOCKED_UNKNOWN_ASSET_TYPE,ONLY_UNKNOWN_OR_UNUSABLE_ASSET_TYPE_AVAILABLE,REJECTED_UNKNOWN_ASSET_TYPE,asset_ref_e17fd2d18b36,unknown,false,false,false,true,false,false,METADATA_REPAIR_REQUIRED_BEFORE_REQUEST|PREVIOUS_METADATA_BLOCKER_PRESENT|SENSOR_NOT_RESOLVED_TO_SENTINEL_2_OPTICAL|REQUIREMENT_ALREADY_BLOCKED,GUARDRAILS_PRESERVED_SENSOR_FAMILY_RESOLUTION_ONLY
patch_curitiba_00960,Curitiba,2,requires_manual_sensor_selection,blocked_unknown_asset_type,BLOCKED_UNKNOWN_ASSET_TYPE,ONLY_UNKNOWN_OR_UNUSABLE_ASSET_TYPE_AVAILABLE,REJECTED_UNKNOWN_ASSET_TYPE,asset_ref_e17fd2d18b36,unknown,false,false,false,true,false,false,METADATA_REPAIR_REQUIRED_BEFORE_REQUEST|PREVIOUS_METADATA_BLOCKER_PRESENT|SENSOR_NOT_RESOLVED_TO_SENTINEL_2_OPTICAL|REQUIREMENT_ALREADY_BLOCKED,GUARDRAILS_PRESERVED_SENSOR_FAMILY_RESOLUTION_ONLY
patch_curitiba_00960,Curitiba,3,requires_manual_sensor_selection,blocked_unknown_asset_type,BLOCKED_UNKNOWN_ASSET_TYPE,ONLY_UNKNOWN_OR_UNUSABLE_ASSET_TYPE_AVAILABLE,REJECTED_UNKNOWN_ASSET_TYPE,asset_ref_e17fd2d18b36,unknown,false,false,false,true,false,false,METADATA_REPAIR_REQUIRED_BEFORE_REQUEST|PREVIOUS_METADATA_BLOCKER_PRESENT|SENSOR_NOT_RESOLVED_TO_SENTINEL_2_OPTICAL|REQUIREMENT_ALREADY_BLOCKED,GUARDRAILS_PRESERVED_SENSOR_FAMILY_RESOLUTION_ONLY
patch_curitiba_00969,Curitiba,1,requires_manual_sensor_selection,blocked_unknown_asset_type,BLOCKED_UNKNOWN_ASSET_TYPE,ONLY_UNKNOWN_OR_UNUSABLE_ASSET_TYPE_AVAILABLE,REJECTED_UNKNOWN_ASSET_TYPE,asset_ref_cb203fea3688,unknown,false,false,false,true,false,false,METADATA_REPAIR_REQUIRED_BEFORE_REQUEST|PREVIOUS_METADATA_BLOCKER_PRESENT|SENSOR_NOT_RESOLVED_TO_SENTINEL_2_OPTICAL|REQUIREMENT_ALREADY_BLOCKED,GUARDRAILS_PRESERVED_SENSOR_FAMILY_RESOLUTION_ONLY
patch_curitiba_00969,Curitiba,2,requires_manual_sensor_selection,blocked_unknown_asset_type,BLOCKED_UNKNOWN_ASSET_TYPE,ONLY_UNKNOWN_OR_UNUSABLE_ASSET_TYPE_AVAILABLE,REJECTED_UNKNOWN_ASSET_TYPE,asset_ref_cb203fea3688,unknown,false,false,false,true,false,false,METADATA_REPAIR_REQUIRED_BEFORE_REQUEST|PREVIOUS_METADATA_BLOCKER_PRESENT|SENSOR_NOT_RESOLVED_TO_SENTINEL_2_OPTICAL|REQUIREMENT_ALREADY_BLOCKED,GUARDRAILS_PRESERVED_SENSOR_FAMILY_RESOLUTION_ONLY
patch_curitiba_00969,Curitiba,3,requires_manual_sensor_selection,blocked_unknown_asset_type,BLOCKED_UNKNOWN_ASSET_TYPE,ONLY_UNKNOWN_OR_UNUSABLE_ASSET_TYPE_AVAILABLE,REJECTED_UNKNOWN_ASSET_TYPE,asset_ref_cb203fea3688,unknown,false,false,false,true,false,false,METADATA_REPAIR_REQUIRED_BEFORE_REQUEST|PREVIOUS_METADATA_BLOCKER_PRESENT|SENSOR_NOT_RESOLVED_TO_SENTINEL_2_OPTICAL|REQUIREMENT_ALREADY_BLOCKED,GUARDRAILS_PRESERVED_SENSOR_FAMILY_RESOLUTION_ONLY
patch_curitiba_00977,Curitiba,1,requires_manual_sensor_selection,blocked_unknown_asset_type,BLOCKED_UNKNOWN_ASSET_TYPE,ONLY_UNKNOWN_OR_UNUSABLE_ASSET_TYPE_AVAILABLE,REJECTED_UNKNOWN_ASSET_TYPE,asset_ref_b731d262e198,unknown,false,false,false,true,false,false,METADATA_REPAIR_REQUIRED_BEFORE_REQUEST|PREVIOUS_METADATA_BLOCKER_PRESENT|SENSOR_NOT_RESOLVED_TO_SENTINEL_2_OPTICAL|REQUIREMENT_ALREADY_BLOCKED,GUARDRAILS_PRESERVED_SENSOR_FAMILY_RESOLUTION_ONLY
patch_curitiba_00977,Curitiba,2,requires_manual_sensor_selection,blocked_unknown_asset_type,BLOCKED_UNKNOWN_ASSET_TYPE,ONLY_UNKNOWN_OR_UNUSABLE_ASSET_TYPE_AVAILABLE,REJECTED_UNKNOWN_ASSET_TYPE,asset_ref_b731d262e198,unknown,false,false,false,true,false,false,METADATA_REPAIR_REQUIRED_BEFORE_REQUEST|PREVIOUS_METADATA_BLOCKER_PRESENT|SENSOR_NOT_RESOLVED_TO_SENTINEL_2_OPTICAL|REQUIREMENT_ALREADY_BLOCKED,GUARDRAILS_PRESERVED_SENSOR_FAMILY_RESOLUTION_ONLY
patch_curitiba_00977,Curitiba,3,requires_manual_sensor_selection,blocked_unknown_asset_type,BLOCKED_UNKNOWN_ASSET_TYPE,ONLY_UNKNOWN_OR_UNUSABLE_ASSET_TYPE_AVAILABLE,REJECTED_UNKNOWN_ASSET_TYPE,asset_ref_b731d262e198,unknown,false,false,false,true,false,false,METADATA_REPAIR_REQUIRED_BEFORE_REQUEST|PREVIOUS_METADATA_BLOCKER_PRESENT|SENSOR_NOT_RESOLVED_TO_SENTINEL_2_OPTICAL|REQUIREMENT_ALREADY_BLOCKED,GUARDRAILS_PRESERVED_SENSOR_FAMILY_RESOLUTION_ONLY
patch_curitiba_00992,Curitiba,1,requires_manual_sensor_selection,blocked_unknown_asset_type,BLOCKED_UNKNOWN_ASSET_TYPE,ONLY_UNKNOWN_OR_UNUSABLE_ASSET_TYPE_AVAILABLE,REJECTED_UNKNOWN_ASSET_TYPE,asset_ref_70f37271cc7d,unknown,false,false,false,true,false,false,METADATA_REPAIR_REQUIRED_BEFORE_REQUEST|PREVIOUS_METADATA_BLOCKER_PRESENT|SENSOR_NOT_RESOLVED_TO_SENTINEL_2_OPTICAL|REQUIREMENT_ALREADY_BLOCKED,GUARDRAILS_PRESERVED_SENSOR_FAMILY_RESOLUTION_ONLY
patch_curitiba_00992,Curitiba,2,requires_manual_sensor_selection,blocked_unknown_asset_type,BLOCKED_UNKNOWN_ASSET_TYPE,ONLY_UNKNOWN_OR_UNUSABLE_ASSET_TYPE_AVAILABLE,REJECTED_UNKNOWN_ASSET_TYPE,asset_ref_70f37271cc7d,unknown,false,false,false,true,false,false,METADATA_REPAIR_REQUIRED_BEFORE_REQUEST|PREVIOUS_METADATA_BLOCKER_PRESENT|SENSOR_NOT_RESOLVED_TO_SENTINEL_2_OPTICAL|REQUIREMENT_ALREADY_BLOCKED,GUARDRAILS_PRESERVED_SENSOR_FAMILY_RESOLUTION_ONLY
patch_curitiba_00992,Curitiba,3,requires_manual_sensor_selection,blocked_unknown_asset_type,BLOCKED_UNKNOWN_ASSET_TYPE,ONLY_UNKNOWN_OR_UNUSABLE_ASSET_TYPE_AVAILABLE,REJECTED_UNKNOWN_ASSET_TYPE,asset_ref_70f37271cc7d,unknown,false,false,false,true,false,false,METADATA_REPAIR_REQUIRED_BEFORE_REQUEST|PREVIOUS_METADATA_BLOCKER_PRESENT|SENSOR_NOT_RESOLVED_TO_SENTINEL_2_OPTICAL|REQUIREMENT_ALREADY_BLOCKED,GUARDRAILS_PRESERVED_SENSOR_FAMILY_RESOLUTION_ONLY
patch_curitiba_00995,Curitiba,1,requires_manual_sensor_selection,blocked_unknown_asset_type,BLOCKED_UNKNOWN_ASSET_TYPE,ONLY_UNKNOWN_OR_UNUSABLE_ASSET_TYPE_AVAILABLE,REJECTED_UNKNOWN_ASSET_TYPE,asset_ref_897b51775278,unknown,false,false,false,true,false,false,METADATA_REPAIR_REQUIRED_BEFORE_REQUEST|PREVIOUS_METADATA_BLOCKER_PRESENT|SENSOR_NOT_RESOLVED_TO_SENTINEL_2_OPTICAL|REQUIREMENT_ALREADY_BLOCKED,GUARDRAILS_PRESERVED_SENSOR_FAMILY_RESOLUTION_ONLY
patch_curitiba_00995,Curitiba,2,requires_manual_sensor_selection,blocked_unknown_asset_type,BLOCKED_UNKNOWN_ASSET_TYPE,ONLY_UNKNOWN_OR_UNUSABLE_ASSET_TYPE_AVAILABLE,REJECTED_UNKNOWN_ASSET_TYPE,asset_ref_897b51775278,unknown,false,false,false,true,false,false,METADATA_REPAIR_REQUIRED_BEFORE_REQUEST|PREVIOUS_METADATA_BLOCKER_PRESENT|SENSOR_NOT_RESOLVED_TO_SENTINEL_2_OPTICAL|REQUIREMENT_ALREADY_BLOCKED,GUARDRAILS_PRESERVED_SENSOR_FAMILY_RESOLUTION_ONLY
patch_curitiba_00995,Curitiba,3,requires_manual_sensor_selection,blocked_unknown_asset_type,BLOCKED_UNKNOWN_ASSET_TYPE,ONLY_UNKNOWN_OR_UNUSABLE_ASSET_TYPE_AVAILABLE,REJECTED_UNKNOWN_ASSET_TYPE,asset_ref_897b51775278,unknown,false,false,false,true,false,false,METADATA_REPAIR_REQUIRED_BEFORE_REQUEST|PREVIOUS_METADATA_BLOCKER_PRESENT|SENSOR_NOT_RESOLVED_TO_SENTINEL_2_OPTICAL|REQUIREMENT_ALREADY_BLOCKED,GUARDRAILS_PRESERVED_SENSOR_FAMILY_RESOLUTION_ONLY
patch_curitiba_01012,Curitiba,1,requires_manual_sensor_selection,blocked_unknown_asset_type,BLOCKED_UNKNOWN_ASSET_TYPE,ONLY_UNKNOWN_OR_UNUSABLE_ASSET_TYPE_AVAILABLE,REJECTED_UNKNOWN_ASSET_TYPE,asset_ref_6f5b9bf41999,unknown,false,false,false,true,false,false,METADATA_REPAIR_REQUIRED_BEFORE_REQUEST|PREVIOUS_METADATA_BLOCKER_PRESENT|SENSOR_NOT_RESOLVED_TO_SENTINEL_2_OPTICAL|REQUIREMENT_ALREADY_BLOCKED,GUARDRAILS_PRESERVED_SENSOR_FAMILY_RESOLUTION_ONLY
patch_curitiba_01012,Curitiba,2,requires_manual_sensor_selection,blocked_unknown_asset_type,BLOCKED_UNKNOWN_ASSET_TYPE,ONLY_UNKNOWN_OR_UNUSABLE_ASSET_TYPE_AVAILABLE,REJECTED_UNKNOWN_ASSET_TYPE,asset_ref_6f5b9bf41999,unknown,false,false,false,true,false,false,METADATA_REPAIR_REQUIRED_BEFORE_REQUEST|PREVIOUS_METADATA_BLOCKER_PRESENT|SENSOR_NOT_RESOLVED_TO_SENTINEL_2_OPTICAL|REQUIREMENT_ALREADY_BLOCKED,GUARDRAILS_PRESERVED_SENSOR_FAMILY_RESOLUTION_ONLY
patch_curitiba_01012,Curitiba,3,requires_manual_sensor_selection,blocked_unknown_asset_type,BLOCKED_UNKNOWN_ASSET_TYPE,ONLY_UNKNOWN_OR_UNUSABLE_ASSET_TYPE_AVAILABLE,REJECTED_UNKNOWN_ASSET_TYPE,asset_ref_6f5b9bf41999,unknown,false,false,false,true,false,false,METADATA_REPAIR_REQUIRED_BEFORE_REQUEST|PREVIOUS_METADATA_BLOCKER_PRESENT|SENSOR_NOT_RESOLVED_TO_SENTINEL_2_OPTICAL|REQUIREMENT_ALREADY_BLOCKED,GUARDRAILS_PRESERVED_SENSOR_FAMILY_RESOLUTION_ONLY
patch_curitiba_01015,Curitiba,1,requires_manual_sensor_selection,blocked_unknown_asset_type,BLOCKED_UNKNOWN_ASSET_TYPE,ONLY_UNKNOWN_OR_UNUSABLE_ASSET_TYPE_AVAILABLE,REJECTED_UNKNOWN_ASSET_TYPE,asset_ref_bd2af422eaf7,unknown,false,false,false,true,false,false,METADATA_REPAIR_REQUIRED_BEFORE_REQUEST|PREVIOUS_METADATA_BLOCKER_PRESENT|SENSOR_NOT_RESOLVED_TO_SENTINEL_2_OPTICAL|REQUIREMENT_ALREADY_BLOCKED,GUARDRAILS_PRESERVED_SENSOR_FAMILY_RESOLUTION_ONLY
patch_curitiba_01015,Curitiba,2,requires_manual_sensor_selection,blocked_unknown_asset_type,BLOCKED_UNKNOWN_ASSET_TYPE,ONLY_UNKNOWN_OR_UNUSABLE_ASSET_TYPE_AVAILABLE,REJECTED_UNKNOWN_ASSET_TYPE,asset_ref_bd2af422eaf7,unknown,false,false,false,true,false,false,METADATA_REPAIR_REQUIRED_BEFORE_REQUEST|PREVIOUS_METADATA_BLOCKER_PRESENT|SENSOR_NOT_RESOLVED_TO_SENTINEL_2_OPTICAL|REQUIREMENT_ALREADY_BLOCKED,GUARDRAILS_PRESERVED_SENSOR_FAMILY_RESOLUTION_ONLY
patch_curitiba_01015,Curitiba,3,requires_manual_sensor_selection,blocked_unknown_asset_type,BLOCKED_UNKNOWN_ASSET_TYPE,ONLY_UNKNOWN_OR_UNUSABLE_ASSET_TYPE_AVAILABLE,REJECTED_UNKNOWN_ASSET_TYPE,asset_ref_bd2af422eaf7,unknown,false,false,false,true,false,false,METADATA_REPAIR_REQUIRED_BEFORE_REQUEST|PREVIOUS_METADATA_BLOCKER_PRESENT|SENSOR_NOT_RESOLVED_TO_SENTINEL_2_OPTICAL|REQUIREMENT_ALREADY_BLOCKED,GUARDRAILS_PRESERVED_SENSOR_FAMILY_RESOLUTION_ONLY
patch_curitiba_01030,Curitiba,1,requires_manual_sensor_selection,blocked_unknown_asset_type,BLOCKED_UNKNOWN_ASSET_TYPE,ONLY_UNKNOWN_OR_UNUSABLE_ASSET_TYPE_AVAILABLE,REJECTED_UNKNOWN_ASSET_TYPE,asset_ref_152160679672,unknown,false,false,false,true,false,false,METADATA_REPAIR_REQUIRED_BEFORE_REQUEST|PREVIOUS_METADATA_BLOCKER_PRESENT|SENSOR_NOT_RESOLVED_TO_SENTINEL_2_OPTICAL|REQUIREMENT_ALREADY_BLOCKED,GUARDRAILS_PRESERVED_SENSOR_FAMILY_RESOLUTION_ONLY
patch_curitiba_01030,Curitiba,2,requires_manual_sensor_selection,blocked_unknown_asset_type,BLOCKED_UNKNOWN_ASSET_TYPE,ONLY_UNKNOWN_OR_UNUSABLE_ASSET_TYPE_AVAILABLE,REJECTED_UNKNOWN_ASSET_TYPE,asset_ref_152160679672,unknown,false,false,false,true,false,false,METADATA_REPAIR_REQUIRED_BEFORE_REQUEST|PREVIOUS_METADATA_BLOCKER_PRESENT|SENSOR_NOT_RESOLVED_TO_SENTINEL_2_OPTICAL|REQUIREMENT_ALREADY_BLOCKED,GUARDRAILS_PRESERVED_SENSOR_FAMILY_RESOLUTION_ONLY
patch_curitiba_01030,Curitiba,3,requires_manual_sensor_selection,blocked_unknown_asset_type,BLOCKED_UNKNOWN_ASSET_TYPE,ONLY_UNKNOWN_OR_UNUSABLE_ASSET_TYPE_AVAILABLE,REJECTED_UNKNOWN_ASSET_TYPE,asset_ref_152160679672,unknown,false,false,false,true,false,false,METADATA_REPAIR_REQUIRED_BEFORE_REQUEST|PREVIOUS_METADATA_BLOCKER_PRESENT|SENSOR_NOT_RESOLVED_TO_SENTINEL_2_OPTICAL|REQUIREMENT_ALREADY_BLOCKED,GUARDRAILS_PRESERVED_SENSOR_FAMILY_RESOLUTION_ONLY
patch_curitiba_01040,Curitiba,1,requires_manual_sensor_selection,blocked_unknown_asset_type,BLOCKED_UNKNOWN_ASSET_TYPE,ONLY_UNKNOWN_OR_UNUSABLE_ASSET_TYPE_AVAILABLE,REJECTED_UNKNOWN_ASSET_TYPE,asset_ref_0e50ecad3e4e,unknown,false,false,false,true,false,false,METADATA_REPAIR_REQUIRED_BEFORE_REQUEST|PREVIOUS_METADATA_BLOCKER_PRESENT|SENSOR_NOT_RESOLVED_TO_SENTINEL_2_OPTICAL|REQUIREMENT_ALREADY_BLOCKED,GUARDRAILS_PRESERVED_SENSOR_FAMILY_RESOLUTION_ONLY
patch_curitiba_01040,Curitiba,2,requires_manual_sensor_selection,blocked_unknown_asset_type,BLOCKED_UNKNOWN_ASSET_TYPE,ONLY_UNKNOWN_OR_UNUSABLE_ASSET_TYPE_AVAILABLE,REJECTED_UNKNOWN_ASSET_TYPE,asset_ref_0e50ecad3e4e,unknown,false,false,false,true,false,false,METADATA_REPAIR_REQUIRED_BEFORE_REQUEST|PREVIOUS_METADATA_BLOCKER_PRESENT|SENSOR_NOT_RESOLVED_TO_SENTINEL_2_OPTICAL|REQUIREMENT_ALREADY_BLOCKED,GUARDRAILS_PRESERVED_SENSOR_FAMILY_RESOLUTION_ONLY
patch_curitiba_01040,Curitiba,3,requires_manual_sensor_selection,blocked_unknown_asset_type,BLOCKED_UNKNOWN_ASSET_TYPE,ONLY_UNKNOWN_OR_UNUSABLE_ASSET_TYPE_AVAILABLE,REJECTED_UNKNOWN_ASSET_TYPE,asset_ref_0e50ecad3e4e,unknown,false,false,false,true,false,false,METADATA_REPAIR_REQUIRED_BEFORE_REQUEST|PREVIOUS_METADATA_BLOCKER_PRESENT|SENSOR_NOT_RESOLVED_TO_SENTINEL_2_OPTICAL|REQUIREMENT_ALREADY_BLOCKED,GUARDRAILS_PRESERVED_SENSOR_FAMILY_RESOLUTION_ONLY
patch_curitiba_01050,Curitiba,1,requires_manual_sensor_selection,blocked_unknown_asset_type,BLOCKED_UNKNOWN_ASSET_TYPE,ONLY_UNKNOWN_OR_UNUSABLE_ASSET_TYPE_AVAILABLE,REJECTED_UNKNOWN_ASSET_TYPE,asset_ref_b4644b2c0dc3,unknown,false,false,false,true,false,false,METADATA_REPAIR_REQUIRED_BEFORE_REQUEST|PREVIOUS_METADATA_BLOCKER_PRESENT|SENSOR_NOT_RESOLVED_TO_SENTINEL_2_OPTICAL|REQUIREMENT_ALREADY_BLOCKED,GUARDRAILS_PRESERVED_SENSOR_FAMILY_RESOLUTION_ONLY
patch_curitiba_01050,Curitiba,2,requires_manual_sensor_selection,blocked_unknown_asset_type,BLOCKED_UNKNOWN_ASSET_TYPE,ONLY_UNKNOWN_OR_UNUSABLE_ASSET_TYPE_AVAILABLE,REJECTED_UNKNOWN_ASSET_TYPE,asset_ref_b4644b2c0dc3,unknown,false,false,false,true,false,false,METADATA_REPAIR_REQUIRED_BEFORE_REQUEST|PREVIOUS_METADATA_BLOCKER_PRESENT|SENSOR_NOT_RESOLVED_TO_SENTINEL_2_OPTICAL|REQUIREMENT_ALREADY_BLOCKED,GUARDRAILS_PRESERVED_SENSOR_FAMILY_RESOLUTION_ONLY
patch_curitiba_01050,Curitiba,3,requires_manual_sensor_selection,blocked_unknown_asset_type,BLOCKED_UNKNOWN_ASSET_TYPE,ONLY_UNKNOWN_OR_UNUSABLE_ASSET_TYPE_AVAILABLE,REJECTED_UNKNOWN_ASSET_TYPE,asset_ref_b4644b2c0dc3,unknown,false,false,false,true,false,false,METADATA_REPAIR_REQUIRED_BEFORE_REQUEST|PREVIOUS_METADATA_BLOCKER_PRESENT|SENSOR_NOT_RESOLVED_TO_SENTINEL_2_OPTICAL|REQUIREMENT_ALREADY_BLOCKED,GUARDRAILS_PRESERVED_SENSOR_FAMILY_RESOLUTION_ONLY
patch_curitiba_01059,Curitiba,1,requires_manual_sensor_selection,blocked_unknown_asset_type,BLOCKED_UNKNOWN_ASSET_TYPE,ONLY_UNKNOWN_OR_UNUSABLE_ASSET_TYPE_AVAILABLE,REJECTED_UNKNOWN_ASSET_TYPE,asset_ref_e70ee1cd4ec7,unknown,false,false,false,true,false,false,METADATA_REPAIR_REQUIRED_BEFORE_REQUEST|PREVIOUS_METADATA_BLOCKER_PRESENT|SENSOR_NOT_RESOLVED_TO_SENTINEL_2_OPTICAL|REQUIREMENT_ALREADY_BLOCKED,GUARDRAILS_PRESERVED_SENSOR_FAMILY_RESOLUTION_ONLY
patch_curitiba_01059,Curitiba,2,requires_manual_sensor_selection,blocked_unknown_asset_type,BLOCKED_UNKNOWN_ASSET_TYPE,ONLY_UNKNOWN_OR_UNUSABLE_ASSET_TYPE_AVAILABLE,REJECTED_UNKNOWN_ASSET_TYPE,asset_ref_e70ee1cd4ec7,unknown,false,false,false,true,false,false,METADATA_REPAIR_REQUIRED_BEFORE_REQUEST|PREVIOUS_METADATA_BLOCKER_PRESENT|SENSOR_NOT_RESOLVED_TO_SENTINEL_2_OPTICAL|REQUIREMENT_ALREADY_BLOCKED,GUARDRAILS_PRESERVED_SENSOR_FAMILY_RESOLUTION_ONLY
patch_curitiba_01059,Curitiba,3,requires_manual_sensor_selection,blocked_unknown_asset_type,BLOCKED_UNKNOWN_ASSET_TYPE,ONLY_UNKNOWN_OR_UNUSABLE_ASSET_TYPE_AVAILABLE,REJECTED_UNKNOWN_ASSET_TYPE,asset_ref_e70ee1cd4ec7,unknown,false,false,false,true,false,false,METADATA_REPAIR_REQUIRED_BEFORE_REQUEST|PREVIOUS_METADATA_BLOCKER_PRESENT|SENSOR_NOT_RESOLVED_TO_SENTINEL_2_OPTICAL|REQUIREMENT_ALREADY_BLOCKED,GUARDRAILS_PRESERVED_SENSOR_FAMILY_RESOLUTION_ONLY
patch_curitiba_01065,Curitiba,1,requires_manual_sensor_selection,blocked_unknown_asset_type,BLOCKED_UNKNOWN_ASSET_TYPE,ONLY_UNKNOWN_OR_UNUSABLE_ASSET_TYPE_AVAILABLE,REJECTED_UNKNOWN_ASSET_TYPE,asset_ref_11e5bb19911c,unknown,false,false,false,true,false,false,METADATA_REPAIR_REQUIRED_BEFORE_REQUEST|PREVIOUS_METADATA_BLOCKER_PRESENT|SENSOR_NOT_RESOLVED_TO_SENTINEL_2_OPTICAL|REQUIREMENT_ALREADY_BLOCKED,GUARDRAILS_PRESERVED_SENSOR_FAMILY_RESOLUTION_ONLY
patch_curitiba_01065,Curitiba,2,requires_manual_sensor_selection,blocked_unknown_asset_type,BLOCKED_UNKNOWN_ASSET_TYPE,ONLY_UNKNOWN_OR_UNUSABLE_ASSET_TYPE_AVAILABLE,REJECTED_UNKNOWN_ASSET_TYPE,asset_ref_11e5bb19911c,unknown,false,false,false,true,false,false,METADATA_REPAIR_REQUIRED_BEFORE_REQUEST|PREVIOUS_METADATA_BLOCKER_PRESENT|SENSOR_NOT_RESOLVED_TO_SENTINEL_2_OPTICAL|REQUIREMENT_ALREADY_BLOCKED,GUARDRAILS_PRESERVED_SENSOR_FAMILY_RESOLUTION_ONLY
patch_curitiba_01065,Curitiba,3,requires_manual_sensor_selection,blocked_unknown_asset_type,BLOCKED_UNKNOWN_ASSET_TYPE,ONLY_UNKNOWN_OR_UNUSABLE_ASSET_TYPE_AVAILABLE,REJECTED_UNKNOWN_ASSET_TYPE,asset_ref_11e5bb19911c,unknown,false,false,false,true,false,false,METADATA_REPAIR_REQUIRED_BEFORE_REQUEST|PREVIOUS_METADATA_BLOCKER_PRESENT|SENSOR_NOT_RESOLVED_TO_SENTINEL_2_OPTICAL|REQUIREMENT_ALREADY_BLOCKED,GUARDRAILS_PRESERVED_SENSOR_FAMILY_RESOLUTION_ONLY
patch_curitiba_01075,Curitiba,1,requires_manual_sensor_selection,blocked_unknown_asset_type,BLOCKED_UNKNOWN_ASSET_TYPE,ONLY_UNKNOWN_OR_UNUSABLE_ASSET_TYPE_AVAILABLE,REJECTED_UNKNOWN_ASSET_TYPE,asset_ref_a1b6450c9bf5,unknown,false,false,false,true,false,false,METADATA_REPAIR_REQUIRED_BEFORE_REQUEST|PREVIOUS_METADATA_BLOCKER_PRESENT|SENSOR_NOT_RESOLVED_TO_SENTINEL_2_OPTICAL|REQUIREMENT_ALREADY_BLOCKED,GUARDRAILS_PRESERVED_SENSOR_FAMILY_RESOLUTION_ONLY
patch_curitiba_01075,Curitiba,2,requires_manual_sensor_selection,blocked_unknown_asset_type,BLOCKED_UNKNOWN_ASSET_TYPE,ONLY_UNKNOWN_OR_UNUSABLE_ASSET_TYPE_AVAILABLE,REJECTED_UNKNOWN_ASSET_TYPE,asset_ref_a1b6450c9bf5,unknown,false,false,false,true,false,false,METADATA_REPAIR_REQUIRED_BEFORE_REQUEST|PREVIOUS_METADATA_BLOCKER_PRESENT|SENSOR_NOT_RESOLVED_TO_SENTINEL_2_OPTICAL|REQUIREMENT_ALREADY_BLOCKED,GUARDRAILS_PRESERVED_SENSOR_FAMILY_RESOLUTION_ONLY
patch_curitiba_01075,Curitiba,3,requires_manual_sensor_selection,blocked_unknown_asset_type,BLOCKED_UNKNOWN_ASSET_TYPE,ONLY_UNKNOWN_OR_UNUSABLE_ASSET_TYPE_AVAILABLE,REJECTED_UNKNOWN_ASSET_TYPE,asset_ref_a1b6450c9bf5,unknown,false,false,false,true,false,false,METADATA_REPAIR_REQUIRED_BEFORE_REQUEST|PREVIOUS_METADATA_BLOCKER_PRESENT|SENSOR_NOT_RESOLVED_TO_SENTINEL_2_OPTICAL|REQUIREMENT_ALREADY_BLOCKED,GUARDRAILS_PRESERVED_SENSOR_FAMILY_RESOLUTION_ONLY
patch_curitiba_01101,Curitiba,1,requires_manual_sensor_selection,blocked_unknown_asset_type,BLOCKED_UNKNOWN_ASSET_TYPE,ONLY_UNKNOWN_OR_UNUSABLE_ASSET_TYPE_AVAILABLE,REJECTED_UNKNOWN_ASSET_TYPE,asset_ref_ea5a47ad32af,unknown,false,false,false,true,false,false,METADATA_REPAIR_REQUIRED_BEFORE_REQUEST|PREVIOUS_METADATA_BLOCKER_PRESENT|SENSOR_NOT_RESOLVED_TO_SENTINEL_2_OPTICAL|REQUIREMENT_ALREADY_BLOCKED,GUARDRAILS_PRESERVED_SENSOR_FAMILY_RESOLUTION_ONLY
patch_curitiba_01101,Curitiba,2,requires_manual_sensor_selection,blocked_unknown_asset_type,BLOCKED_UNKNOWN_ASSET_TYPE,ONLY_UNKNOWN_OR_UNUSABLE_ASSET_TYPE_AVAILABLE,REJECTED_UNKNOWN_ASSET_TYPE,asset_ref_ea5a47ad32af,unknown,false,false,false,true,false,false,METADATA_REPAIR_REQUIRED_BEFORE_REQUEST|PREVIOUS_METADATA_BLOCKER_PRESENT|SENSOR_NOT_RESOLVED_TO_SENTINEL_2_OPTICAL|REQUIREMENT_ALREADY_BLOCKED,GUARDRAILS_PRESERVED_SENSOR_FAMILY_RESOLUTION_ONLY
patch_curitiba_01101,Curitiba,3,requires_manual_sensor_selection,blocked_unknown_asset_type,BLOCKED_UNKNOWN_ASSET_TYPE,ONLY_UNKNOWN_OR_UNUSABLE_ASSET_TYPE_AVAILABLE,REJECTED_UNKNOWN_ASSET_TYPE,asset_ref_ea5a47ad32af,unknown,false,false,false,true,false,false,METADATA_REPAIR_REQUIRED_BEFORE_REQUEST|PREVIOUS_METADATA_BLOCKER_PRESENT|SENSOR_NOT_RESOLVED_TO_SENTINEL_2_OPTICAL|REQUIREMENT_ALREADY_BLOCKED,GUARDRAILS_PRESERVED_SENSOR_FAMILY_RESOLUTION_ONLY
patch_curitiba_01145,Curitiba,1,requires_manual_sensor_selection,blocked_unknown_asset_type,BLOCKED_UNKNOWN_ASSET_TYPE,ONLY_UNKNOWN_OR_UNUSABLE_ASSET_TYPE_AVAILABLE,REJECTED_UNKNOWN_ASSET_TYPE,asset_ref_94ebd78be7c2,unknown,false,false,false,true,false,false,METADATA_REPAIR_REQUIRED_BEFORE_REQUEST|PREVIOUS_METADATA_BLOCKER_PRESENT|SENSOR_NOT_RESOLVED_TO_SENTINEL_2_OPTICAL|REQUIREMENT_ALREADY_BLOCKED,GUARDRAILS_PRESERVED_SENSOR_FAMILY_RESOLUTION_ONLY
patch_curitiba_01145,Curitiba,2,requires_manual_sensor_selection,blocked_unknown_asset_type,BLOCKED_UNKNOWN_ASSET_TYPE,ONLY_UNKNOWN_OR_UNUSABLE_ASSET_TYPE_AVAILABLE,REJECTED_UNKNOWN_ASSET_TYPE,asset_ref_94ebd78be7c2,unknown,false,false,false,true,false,false,METADATA_REPAIR_REQUIRED_BEFORE_REQUEST|PREVIOUS_METADATA_BLOCKER_PRESENT|SENSOR_NOT_RESOLVED_TO_SENTINEL_2_OPTICAL|REQUIREMENT_ALREADY_BLOCKED,GUARDRAILS_PRESERVED_SENSOR_FAMILY_RESOLUTION_ONLY
patch_curitiba_01145,Curitiba,3,requires_manual_sensor_selection,blocked_unknown_asset_type,BLOCKED_UNKNOWN_ASSET_TYPE,ONLY_UNKNOWN_OR_UNUSABLE_ASSET_TYPE_AVAILABLE,REJECTED_UNKNOWN_ASSET_TYPE,asset_ref_94ebd78be7c2,unknown,false,false,false,true,false,false,METADATA_REPAIR_REQUIRED_BEFORE_REQUEST|PREVIOUS_METADATA_BLOCKER_PRESENT|SENSOR_NOT_RESOLVED_TO_SENTINEL_2_OPTICAL|REQUIREMENT_ALREADY_BLOCKED,GUARDRAILS_PRESERVED_SENSOR_FAMILY_RESOLUTION_ONLY
patch_curitiba_01324,Curitiba,1,requires_manual_sensor_selection,blocked_unknown_asset_type,BLOCKED_UNKNOWN_ASSET_TYPE,ONLY_UNKNOWN_OR_UNUSABLE_ASSET_TYPE_AVAILABLE,REJECTED_UNKNOWN_ASSET_TYPE,asset_ref_3302ce5522c9,unknown,false,false,false,true,false,false,METADATA_REPAIR_REQUIRED_BEFORE_REQUEST|PREVIOUS_METADATA_BLOCKER_PRESENT|SENSOR_NOT_RESOLVED_TO_SENTINEL_2_OPTICAL|REQUIREMENT_ALREADY_BLOCKED,GUARDRAILS_PRESERVED_SENSOR_FAMILY_RESOLUTION_ONLY
patch_curitiba_01324,Curitiba,2,requires_manual_sensor_selection,blocked_unknown_asset_type,BLOCKED_UNKNOWN_ASSET_TYPE,ONLY_UNKNOWN_OR_UNUSABLE_ASSET_TYPE_AVAILABLE,REJECTED_UNKNOWN_ASSET_TYPE,asset_ref_3302ce5522c9,unknown,false,false,false,true,false,false,METADATA_REPAIR_REQUIRED_BEFORE_REQUEST|PREVIOUS_METADATA_BLOCKER_PRESENT|SENSOR_NOT_RESOLVED_TO_SENTINEL_2_OPTICAL|REQUIREMENT_ALREADY_BLOCKED,GUARDRAILS_PRESERVED_SENSOR_FAMILY_RESOLUTION_ONLY
patch_curitiba_01324,Curitiba,3,requires_manual_sensor_selection,blocked_unknown_asset_type,BLOCKED_UNKNOWN_ASSET_TYPE,ONLY_UNKNOWN_OR_UNUSABLE_ASSET_TYPE_AVAILABLE,REJECTED_UNKNOWN_ASSET_TYPE,asset_ref_3302ce5522c9,unknown,false,false,false,true,false,false,METADATA_REPAIR_REQUIRED_BEFORE_REQUEST|PREVIOUS_METADATA_BLOCKER_PRESENT|SENSOR_NOT_RESOLVED_TO_SENTINEL_2_OPTICAL|REQUIREMENT_ALREADY_BLOCKED,GUARDRAILS_PRESERVED_SENSOR_FAMILY_RESOLUTION_ONLY
patch_id,unknown,1,requires_manual_sensor_selection,requires_manual_sensor_selection,BLOCKED_MISSING_PATCH_CONTEXT,MISSING_PATCH_REGION_OR_LINKAGE_CONTEXT,REJECTED_MISSING_CONTEXT,asset_ref_016005305aac|asset_ref_094a8f7fcf1e|asset_ref_0c315a9ed217|asset_ref_0c9544d91358|asset_ref_17c875b6ece8|asset_ref_190c88cc0568|asset_ref_19c936b05852|asset_ref_1dcf20677667|asset_ref_2b8a3975e39e|asset_ref_389cadc4504c|asset_ref_3a54f8d386a1|asset_ref_3d9bd1096263|asset_ref_3f780de4f6bc|asset_ref_407a40bee180|asset_ref_4091967fd9c2|asset_ref_50a2c4af8302|asset_ref_55fe509bbf79|asset_ref_598ca4a01bc5|asset_ref_61d8d0d7103a|asset_ref_653ab64531ae|asset_ref_65ca367654eb|asset_ref_70bd94101587|asset_ref_742f3392fb04|asset_ref_75260c459663|asset_ref_75c6bdf098ce|asset_ref_7fb6b9f98cc9|asset_ref_9263710dd28f|asset_ref_a8506347c6d9|asset_ref_a930c2122f38|asset_ref_abdc5ef46050|asset_ref_ad358822409f|asset_ref_adc2827ca498|asset_ref_b585665c9de9|asset_ref_b883d73ce17a|asset_ref_bad5340a4226|asset_ref_be2f5567b5ab|asset_ref_bf76f215f529|asset_ref_c31907ed0f46|asset_ref_c4120409e4ec|asset_ref_c7e142cd2518|asset_ref_d2efe9372054|asset_ref_d730c0d74cda|asset_ref_d9182bc30dd0|asset_ref_e1865ebaa28c|asset_ref_e22b304b1210|asset_ref_e230ca44796c|asset_ref_e442179ea330|asset_ref_e72c70e55ec9|asset_ref_e9da69027446|asset_ref_ef87a2ead01f|asset_ref_f535975b8a20|asset_ref_f8ded60269a6|asset_ref_faabf8f48322|asset_ref_fd1345dfa702,unknown,false,false,false,true,false,false,MISSING_REGION|METADATA_REPAIR_REQUIRED_BEFORE_REQUEST|PREVIOUS_METADATA_BLOCKER_PRESENT|SENSOR_NOT_RESOLVED_TO_SENTINEL_2_OPTICAL|REQUIREMENT_ALREADY_BLOCKED,GUARDRAILS_PRESERVED_SENSOR_FAMILY_RESOLUTION_ONLY
patch_id,unknown,2,requires_manual_sensor_selection,requires_manual_sensor_selection,BLOCKED_MISSING_PATCH_CONTEXT,MISSING_PATCH_REGION_OR_LINKAGE_CONTEXT,REJECTED_MISSING_CONTEXT,asset_ref_016005305aac|asset_ref_094a8f7fcf1e|asset_ref_0c315a9ed217|asset_ref_0c9544d91358|asset_ref_17c875b6ece8|asset_ref_190c88cc0568|asset_ref_19c936b05852|asset_ref_1dcf20677667|asset_ref_2b8a3975e39e|asset_ref_389cadc4504c|asset_ref_3a54f8d386a1|asset_ref_3d9bd1096263|asset_ref_3f780de4f6bc|asset_ref_407a40bee180|asset_ref_4091967fd9c2|asset_ref_50a2c4af8302|asset_ref_55fe509bbf79|asset_ref_598ca4a01bc5|asset_ref_61d8d0d7103a|asset_ref_653ab64531ae|asset_ref_65ca367654eb|asset_ref_70bd94101587|asset_ref_742f3392fb04|asset_ref_75260c459663|asset_ref_75c6bdf098ce|asset_ref_7fb6b9f98cc9|asset_ref_9263710dd28f|asset_ref_a8506347c6d9|asset_ref_a930c2122f38|asset_ref_abdc5ef46050|asset_ref_ad358822409f|asset_ref_adc2827ca498|asset_ref_b585665c9de9|asset_ref_b883d73ce17a|asset_ref_bad5340a4226|asset_ref_be2f5567b5ab|asset_ref_bf76f215f529|asset_ref_c31907ed0f46|asset_ref_c4120409e4ec|asset_ref_c7e142cd2518|asset_ref_d2efe9372054|asset_ref_d730c0d74cda|asset_ref_d9182bc30dd0|asset_ref_e1865ebaa28c|asset_ref_e22b304b1210|asset_ref_e230ca44796c|asset_ref_e442179ea330|asset_ref_e72c70e55ec9|asset_ref_e9da69027446|asset_ref_ef87a2ead01f|asset_ref_f535975b8a20|asset_ref_f8ded60269a6|asset_ref_faabf8f48322|asset_ref_fd1345dfa702,unknown,false,false,false,true,false,false,MISSING_REGION|METADATA_REPAIR_REQUIRED_BEFORE_REQUEST|PREVIOUS_METADATA_BLOCKER_PRESENT|SENSOR_NOT_RESOLVED_TO_SENTINEL_2_OPTICAL|REQUIREMENT_ALREADY_BLOCKED,GUARDRAILS_PRESERVED_SENSOR_FAMILY_RESOLUTION_ONLY
patch_id,unknown,3,requires_manual_sensor_selection,requires_manual_sensor_selection,BLOCKED_MISSING_PATCH_CONTEXT,MISSING_PATCH_REGION_OR_LINKAGE_CONTEXT,REJECTED_MISSING_CONTEXT,asset_ref_016005305aac|asset_ref_094a8f7fcf1e|asset_ref_0c315a9ed217|asset_ref_0c9544d91358|asset_ref_17c875b6ece8|asset_ref_190c88cc0568|asset_ref_19c936b05852|asset_ref_1dcf20677667|asset_ref_2b8a3975e39e|asset_ref_389cadc4504c|asset_ref_3a54f8d386a1|asset_ref_3d9bd1096263|asset_ref_3f780de4f6bc|asset_ref_407a40bee180|asset_ref_4091967fd9c2|asset_ref_50a2c4af8302|asset_ref_55fe509bbf79|asset_ref_598ca4a01bc5|asset_ref_61d8d0d7103a|asset_ref_653ab64531ae|asset_ref_65ca367654eb|asset_ref_70bd94101587|asset_ref_742f3392fb04|asset_ref_75260c459663|asset_ref_75c6bdf098ce|asset_ref_7fb6b9f98cc9|asset_ref_9263710dd28f|asset_ref_a8506347c6d9|asset_ref_a930c2122f38|asset_ref_abdc5ef46050|asset_ref_ad358822409f|asset_ref_adc2827ca498|asset_ref_b585665c9de9|asset_ref_b883d73ce17a|asset_ref_bad5340a4226|asset_ref_be2f5567b5ab|asset_ref_bf76f215f529|asset_ref_c31907ed0f46|asset_ref_c4120409e4ec|asset_ref_c7e142cd2518|asset_ref_d2efe9372054|asset_ref_d730c0d74cda|asset_ref_d9182bc30dd0|asset_ref_e1865ebaa28c|asset_ref_e22b304b1210|asset_ref_e230ca44796c|asset_ref_e442179ea330|asset_ref_e72c70e55ec9|asset_ref_e9da69027446|asset_ref_ef87a2ead01f|asset_ref_f535975b8a20|asset_ref_f8ded60269a6|asset_ref_faabf8f48322|asset_ref_fd1345dfa702,unknown,false,false,false,true,false,false,MISSING_REGION|METADATA_REPAIR_REQUIRED_BEFORE_REQUEST|PREVIOUS_METADATA_BLOCKER_PRESENT|SENSOR_NOT_RESOLVED_TO_SENTINEL_2_OPTICAL|REQUIREMENT_ALREADY_BLOCKED,GUARDRAILS_PRESERVED_SENSOR_FAMILY_RESOLUTION_ONLY
patch_petropolis_00016,Petropolis,1,requires_manual_sensor_selection,blocked_unknown_asset_type,BLOCKED_UNKNOWN_ASSET_TYPE,ONLY_UNKNOWN_OR_UNUSABLE_ASSET_TYPE_AVAILABLE,REJECTED_UNKNOWN_ASSET_TYPE,asset_ref_d0468b8fd842,unknown,false,false,false,true,false,false,METADATA_REPAIR_REQUIRED_BEFORE_REQUEST|PREVIOUS_METADATA_BLOCKER_PRESENT|SENSOR_NOT_RESOLVED_TO_SENTINEL_2_OPTICAL|REQUIREMENT_ALREADY_BLOCKED,GUARDRAILS_PRESERVED_SENSOR_FAMILY_RESOLUTION_ONLY
patch_petropolis_00016,Petropolis,2,requires_manual_sensor_selection,blocked_unknown_asset_type,BLOCKED_UNKNOWN_ASSET_TYPE,ONLY_UNKNOWN_OR_UNUSABLE_ASSET_TYPE_AVAILABLE,REJECTED_UNKNOWN_ASSET_TYPE,asset_ref_d0468b8fd842,unknown,false,false,false,true,false,false,METADATA_REPAIR_REQUIRED_BEFORE_REQUEST|PREVIOUS_METADATA_BLOCKER_PRESENT|SENSOR_NOT_RESOLVED_TO_SENTINEL_2_OPTICAL|REQUIREMENT_ALREADY_BLOCKED,GUARDRAILS_PRESERVED_SENSOR_FAMILY_RESOLUTION_ONLY
patch_petropolis_00016,Petropolis,3,requires_manual_sensor_selection,blocked_unknown_asset_type,BLOCKED_UNKNOWN_ASSET_TYPE,ONLY_UNKNOWN_OR_UNUSABLE_ASSET_TYPE_AVAILABLE,REJECTED_UNKNOWN_ASSET_TYPE,asset_ref_d0468b8fd842,unknown,false,false,false,true,false,false,METADATA_REPAIR_REQUIRED_BEFORE_REQUEST|PREVIOUS_METADATA_BLOCKER_PRESENT|SENSOR_NOT_RESOLVED_TO_SENTINEL_2_OPTICAL|REQUIREMENT_ALREADY_BLOCKED,GUARDRAILS_PRESERVED_SENSOR_FAMILY_RESOLUTION_ONLY
patch_petropolis_00104,Petropolis,1,requires_manual_sensor_selection,blocked_unknown_asset_type,BLOCKED_UNKNOWN_ASSET_TYPE,ONLY_UNKNOWN_OR_UNUSABLE_ASSET_TYPE_AVAILABLE,REJECTED_UNKNOWN_ASSET_TYPE,asset_ref_f3849cc9df59,unknown,false,false,false,true,false,false,METADATA_REPAIR_REQUIRED_BEFORE_REQUEST|PREVIOUS_METADATA_BLOCKER_PRESENT|SENSOR_NOT_RESOLVED_TO_SENTINEL_2_OPTICAL|REQUIREMENT_ALREADY_BLOCKED,GUARDRAILS_PRESERVED_SENSOR_FAMILY_RESOLUTION_ONLY
patch_petropolis_00104,Petropolis,2,requires_manual_sensor_selection,blocked_unknown_asset_type,BLOCKED_UNKNOWN_ASSET_TYPE,ONLY_UNKNOWN_OR_UNUSABLE_ASSET_TYPE_AVAILABLE,REJECTED_UNKNOWN_ASSET_TYPE,asset_ref_f3849cc9df59,unknown,false,false,false,true,false,false,METADATA_REPAIR_REQUIRED_BEFORE_REQUEST|PREVIOUS_METADATA_BLOCKER_PRESENT|SENSOR_NOT_RESOLVED_TO_SENTINEL_2_OPTICAL|REQUIREMENT_ALREADY_BLOCKED,GUARDRAILS_PRESERVED_SENSOR_FAMILY_RESOLUTION_ONLY
patch_petropolis_00104,Petropolis,3,requires_manual_sensor_selection,blocked_unknown_asset_type,BLOCKED_UNKNOWN_ASSET_TYPE,ONLY_UNKNOWN_OR_UNUSABLE_ASSET_TYPE_AVAILABLE,REJECTED_UNKNOWN_ASSET_TYPE,asset_ref_f3849cc9df59,unknown,false,false,false,true,false,false,METADATA_REPAIR_REQUIRED_BEFORE_REQUEST|PREVIOUS_METADATA_BLOCKER_PRESENT|SENSOR_NOT_RESOLVED_TO_SENTINEL_2_OPTICAL|REQUIREMENT_ALREADY_BLOCKED,GUARDRAILS_PRESERVED_SENSOR_FAMILY_RESOLUTION_ONLY
patch_petropolis_00119,Petropolis,1,requires_manual_sensor_selection,blocked_unknown_asset_type,BLOCKED_UNKNOWN_ASSET_TYPE,ONLY_UNKNOWN_OR_UNUSABLE_ASSET_TYPE_AVAILABLE,REJECTED_UNKNOWN_ASSET_TYPE,asset_ref_a78ff08f3fad,unknown,false,false,false,true,false,false,METADATA_REPAIR_REQUIRED_BEFORE_REQUEST|PREVIOUS_METADATA_BLOCKER_PRESENT|SENSOR_NOT_RESOLVED_TO_SENTINEL_2_OPTICAL|REQUIREMENT_ALREADY_BLOCKED,GUARDRAILS_PRESERVED_SENSOR_FAMILY_RESOLUTION_ONLY
patch_petropolis_00119,Petropolis,2,requires_manual_sensor_selection,blocked_unknown_asset_type,BLOCKED_UNKNOWN_ASSET_TYPE,ONLY_UNKNOWN_OR_UNUSABLE_ASSET_TYPE_AVAILABLE,REJECTED_UNKNOWN_ASSET_TYPE,asset_ref_a78ff08f3fad,unknown,false,false,false,true,false,false,METADATA_REPAIR_REQUIRED_BEFORE_REQUEST|PREVIOUS_METADATA_BLOCKER_PRESENT|SENSOR_NOT_RESOLVED_TO_SENTINEL_2_OPTICAL|REQUIREMENT_ALREADY_BLOCKED,GUARDRAILS_PRESERVED_SENSOR_FAMILY_RESOLUTION_ONLY
patch_petropolis_00119,Petropolis,3,requires_manual_sensor_selection,blocked_unknown_asset_type,BLOCKED_UNKNOWN_ASSET_TYPE,ONLY_UNKNOWN_OR_UNUSABLE_ASSET_TYPE_AVAILABLE,REJECTED_UNKNOWN_ASSET_TYPE,asset_ref_a78ff08f3fad,unknown,false,false,false,true,false,false,METADATA_REPAIR_REQUIRED_BEFORE_REQUEST|PREVIOUS_METADATA_BLOCKER_PRESENT|SENSOR_NOT_RESOLVED_TO_SENTINEL_2_OPTICAL|REQUIREMENT_ALREADY_BLOCKED,GUARDRAILS_PRESERVED_SENSOR_FAMILY_RESOLUTION_ONLY
patch_petropolis_00140,Petropolis,1,requires_manual_sensor_selection,blocked_unknown_asset_type,BLOCKED_UNKNOWN_ASSET_TYPE,ONLY_UNKNOWN_OR_UNUSABLE_ASSET_TYPE_AVAILABLE,REJECTED_UNKNOWN_ASSET_TYPE,asset_ref_93de2898d1f2,unknown,false,false,false,true,false,false,METADATA_REPAIR_REQUIRED_BEFORE_REQUEST|PREVIOUS_METADATA_BLOCKER_PRESENT|SENSOR_NOT_RESOLVED_TO_SENTINEL_2_OPTICAL|REQUIREMENT_ALREADY_BLOCKED,GUARDRAILS_PRESERVED_SENSOR_FAMILY_RESOLUTION_ONLY
patch_petropolis_00140,Petropolis,2,requires_manual_sensor_selection,blocked_unknown_asset_type,BLOCKED_UNKNOWN_ASSET_TYPE,ONLY_UNKNOWN_OR_UNUSABLE_ASSET_TYPE_AVAILABLE,REJECTED_UNKNOWN_ASSET_TYPE,asset_ref_93de2898d1f2,unknown,false,false,false,true,false,false,METADATA_REPAIR_REQUIRED_BEFORE_REQUEST|PREVIOUS_METADATA_BLOCKER_PRESENT|SENSOR_NOT_RESOLVED_TO_SENTINEL_2_OPTICAL|REQUIREMENT_ALREADY_BLOCKED,GUARDRAILS_PRESERVED_SENSOR_FAMILY_RESOLUTION_ONLY
patch_petropolis_00140,Petropolis,3,requires_manual_sensor_selection,blocked_unknown_asset_type,BLOCKED_UNKNOWN_ASSET_TYPE,ONLY_UNKNOWN_OR_UNUSABLE_ASSET_TYPE_AVAILABLE,REJECTED_UNKNOWN_ASSET_TYPE,asset_ref_93de2898d1f2,unknown,false,false,false,true,false,false,METADATA_REPAIR_REQUIRED_BEFORE_REQUEST|PREVIOUS_METADATA_BLOCKER_PRESENT|SENSOR_NOT_RESOLVED_TO_SENTINEL_2_OPTICAL|REQUIREMENT_ALREADY_BLOCKED,GUARDRAILS_PRESERVED_SENSOR_FAMILY_RESOLUTION_ONLY
patch_petropolis_00240,Petropolis,1,requires_manual_sensor_selection,blocked_unknown_asset_type,BLOCKED_UNKNOWN_ASSET_TYPE,ONLY_UNKNOWN_OR_UNUSABLE_ASSET_TYPE_AVAILABLE,REJECTED_UNKNOWN_ASSET_TYPE,asset_ref_35e4078584df,unknown,false,false,false,true,false,false,METADATA_REPAIR_REQUIRED_BEFORE_REQUEST|PREVIOUS_METADATA_BLOCKER_PRESENT|SENSOR_NOT_RESOLVED_TO_SENTINEL_2_OPTICAL|REQUIREMENT_ALREADY_BLOCKED,GUARDRAILS_PRESERVED_SENSOR_FAMILY_RESOLUTION_ONLY
patch_petropolis_00240,Petropolis,2,requires_manual_sensor_selection,blocked_unknown_asset_type,BLOCKED_UNKNOWN_ASSET_TYPE,ONLY_UNKNOWN_OR_UNUSABLE_ASSET_TYPE_AVAILABLE,REJECTED_UNKNOWN_ASSET_TYPE,asset_ref_35e4078584df,unknown,false,false,false,true,false,false,METADATA_REPAIR_REQUIRED_BEFORE_REQUEST|PREVIOUS_METADATA_BLOCKER_PRESENT|SENSOR_NOT_RESOLVED_TO_SENTINEL_2_OPTICAL|REQUIREMENT_ALREADY_BLOCKED,GUARDRAILS_PRESERVED_SENSOR_FAMILY_RESOLUTION_ONLY
patch_petropolis_00240,Petropolis,3,requires_manual_sensor_selection,blocked_unknown_asset_type,BLOCKED_UNKNOWN_ASSET_TYPE,ONLY_UNKNOWN_OR_UNUSABLE_ASSET_TYPE_AVAILABLE,REJECTED_UNKNOWN_ASSET_TYPE,asset_ref_35e4078584df,unknown,false,false,false,true,false,false,METADATA_REPAIR_REQUIRED_BEFORE_REQUEST|PREVIOUS_METADATA_BLOCKER_PRESENT|SENSOR_NOT_RESOLVED_TO_SENTINEL_2_OPTICAL|REQUIREMENT_ALREADY_BLOCKED,GUARDRAILS_PRESERVED_SENSOR_FAMILY_RESOLUTION_ONLY
patch_petropolis_00257,Petropolis,1,requires_manual_sensor_selection,blocked_unknown_asset_type,BLOCKED_UNKNOWN_ASSET_TYPE,ONLY_UNKNOWN_OR_UNUSABLE_ASSET_TYPE_AVAILABLE,REJECTED_UNKNOWN_ASSET_TYPE,asset_ref_01fc7d5d10e7,unknown,false,false,false,true,false,false,METADATA_REPAIR_REQUIRED_BEFORE_REQUEST|PREVIOUS_METADATA_BLOCKER_PRESENT|SENSOR_NOT_RESOLVED_TO_SENTINEL_2_OPTICAL|REQUIREMENT_ALREADY_BLOCKED,GUARDRAILS_PRESERVED_SENSOR_FAMILY_RESOLUTION_ONLY
patch_petropolis_00257,Petropolis,2,requires_manual_sensor_selection,blocked_unknown_asset_type,BLOCKED_UNKNOWN_ASSET_TYPE,ONLY_UNKNOWN_OR_UNUSABLE_ASSET_TYPE_AVAILABLE,REJECTED_UNKNOWN_ASSET_TYPE,asset_ref_01fc7d5d10e7,unknown,false,false,false,true,false,false,METADATA_REPAIR_REQUIRED_BEFORE_REQUEST|PREVIOUS_METADATA_BLOCKER_PRESENT|SENSOR_NOT_RESOLVED_TO_SENTINEL_2_OPTICAL|REQUIREMENT_ALREADY_BLOCKED,GUARDRAILS_PRESERVED_SENSOR_FAMILY_RESOLUTION_ONLY
patch_petropolis_00257,Petropolis,3,requires_manual_sensor_selection,blocked_unknown_asset_type,BLOCKED_UNKNOWN_ASSET_TYPE,ONLY_UNKNOWN_OR_UNUSABLE_ASSET_TYPE_AVAILABLE,REJECTED_UNKNOWN_ASSET_TYPE,asset_ref_01fc7d5d10e7,unknown,false,false,false,true,false,false,METADATA_REPAIR_REQUIRED_BEFORE_REQUEST|PREVIOUS_METADATA_BLOCKER_PRESENT|SENSOR_NOT_RESOLVED_TO_SENTINEL_2_OPTICAL|REQUIREMENT_ALREADY_BLOCKED,GUARDRAILS_PRESERVED_SENSOR_FAMILY_RESOLUTION_ONLY
patch_petropolis_00275,Petropolis,1,requires_manual_sensor_selection,blocked_unknown_asset_type,BLOCKED_UNKNOWN_ASSET_TYPE,ONLY_UNKNOWN_OR_UNUSABLE_ASSET_TYPE_AVAILABLE,REJECTED_UNKNOWN_ASSET_TYPE,asset_ref_bb29b5bd14f9,unknown,false,false,false,true,false,false,METADATA_REPAIR_REQUIRED_BEFORE_REQUEST|PREVIOUS_METADATA_BLOCKER_PRESENT|SENSOR_NOT_RESOLVED_TO_SENTINEL_2_OPTICAL|REQUIREMENT_ALREADY_BLOCKED,GUARDRAILS_PRESERVED_SENSOR_FAMILY_RESOLUTION_ONLY
patch_petropolis_00275,Petropolis,2,requires_manual_sensor_selection,blocked_unknown_asset_type,BLOCKED_UNKNOWN_ASSET_TYPE,ONLY_UNKNOWN_OR_UNUSABLE_ASSET_TYPE_AVAILABLE,REJECTED_UNKNOWN_ASSET_TYPE,asset_ref_bb29b5bd14f9,unknown,false,false,false,true,false,false,METADATA_REPAIR_REQUIRED_BEFORE_REQUEST|PREVIOUS_METADATA_BLOCKER_PRESENT|SENSOR_NOT_RESOLVED_TO_SENTINEL_2_OPTICAL|REQUIREMENT_ALREADY_BLOCKED,GUARDRAILS_PRESERVED_SENSOR_FAMILY_RESOLUTION_ONLY
patch_petropolis_00275,Petropolis,3,requires_manual_sensor_selection,blocked_unknown_asset_type,BLOCKED_UNKNOWN_ASSET_TYPE,ONLY_UNKNOWN_OR_UNUSABLE_ASSET_TYPE_AVAILABLE,REJECTED_UNKNOWN_ASSET_TYPE,asset_ref_bb29b5bd14f9,unknown,false,false,false,true,false,false,METADATA_REPAIR_REQUIRED_BEFORE_REQUEST|PREVIOUS_METADATA_BLOCKER_PRESENT|SENSOR_NOT_RESOLVED_TO_SENTINEL_2_OPTICAL|REQUIREMENT_ALREADY_BLOCKED,GUARDRAILS_PRESERVED_SENSOR_FAMILY_RESOLUTION_ONLY
patch_petropolis_00291,Petropolis,1,requires_manual_sensor_selection,blocked_unknown_asset_type,BLOCKED_UNKNOWN_ASSET_TYPE,ONLY_UNKNOWN_OR_UNUSABLE_ASSET_TYPE_AVAILABLE,REJECTED_UNKNOWN_ASSET_TYPE,asset_ref_a6b88f1121b0,unknown,false,false,false,true,false,false,METADATA_REPAIR_REQUIRED_BEFORE_REQUEST|PREVIOUS_METADATA_BLOCKER_PRESENT|SENSOR_NOT_RESOLVED_TO_SENTINEL_2_OPTICAL|REQUIREMENT_ALREADY_BLOCKED,GUARDRAILS_PRESERVED_SENSOR_FAMILY_RESOLUTION_ONLY
patch_petropolis_00291,Petropolis,2,requires_manual_sensor_selection,blocked_unknown_asset_type,BLOCKED_UNKNOWN_ASSET_TYPE,ONLY_UNKNOWN_OR_UNUSABLE_ASSET_TYPE_AVAILABLE,REJECTED_UNKNOWN_ASSET_TYPE,asset_ref_a6b88f1121b0,unknown,false,false,false,true,false,false,METADATA_REPAIR_REQUIRED_BEFORE_REQUEST|PREVIOUS_METADATA_BLOCKER_PRESENT|SENSOR_NOT_RESOLVED_TO_SENTINEL_2_OPTICAL|REQUIREMENT_ALREADY_BLOCKED,GUARDRAILS_PRESERVED_SENSOR_FAMILY_RESOLUTION_ONLY
patch_petropolis_00291,Petropolis,3,requires_manual_sensor_selection,blocked_unknown_asset_type,BLOCKED_UNKNOWN_ASSET_TYPE,ONLY_UNKNOWN_OR_UNUSABLE_ASSET_TYPE_AVAILABLE,REJECTED_UNKNOWN_ASSET_TYPE,asset_ref_a6b88f1121b0,unknown,false,false,false,true,false,false,METADATA_REPAIR_REQUIRED_BEFORE_REQUEST|PREVIOUS_METADATA_BLOCKER_PRESENT|SENSOR_NOT_RESOLVED_TO_SENTINEL_2_OPTICAL|REQUIREMENT_ALREADY_BLOCKED,GUARDRAILS_PRESERVED_SENSOR_FAMILY_RESOLUTION_ONLY
patch_petropolis_00315,Petropolis,1,requires_manual_sensor_selection,blocked_unknown_asset_type,BLOCKED_UNKNOWN_ASSET_TYPE,ONLY_UNKNOWN_OR_UNUSABLE_ASSET_TYPE_AVAILABLE,REJECTED_UNKNOWN_ASSET_TYPE,asset_ref_bc245a0333b7,unknown,false,false,false,true,false,false,METADATA_REPAIR_REQUIRED_BEFORE_REQUEST|PREVIOUS_METADATA_BLOCKER_PRESENT|SENSOR_NOT_RESOLVED_TO_SENTINEL_2_OPTICAL|REQUIREMENT_ALREADY_BLOCKED,GUARDRAILS_PRESERVED_SENSOR_FAMILY_RESOLUTION_ONLY
patch_petropolis_00315,Petropolis,2,requires_manual_sensor_selection,blocked_unknown_asset_type,BLOCKED_UNKNOWN_ASSET_TYPE,ONLY_UNKNOWN_OR_UNUSABLE_ASSET_TYPE_AVAILABLE,REJECTED_UNKNOWN_ASSET_TYPE,asset_ref_bc245a0333b7,unknown,false,false,false,true,false,false,METADATA_REPAIR_REQUIRED_BEFORE_REQUEST|PREVIOUS_METADATA_BLOCKER_PRESENT|SENSOR_NOT_RESOLVED_TO_SENTINEL_2_OPTICAL|REQUIREMENT_ALREADY_BLOCKED,GUARDRAILS_PRESERVED_SENSOR_FAMILY_RESOLUTION_ONLY
patch_petropolis_00315,Petropolis,3,requires_manual_sensor_selection,blocked_unknown_asset_type,BLOCKED_UNKNOWN_ASSET_TYPE,ONLY_UNKNOWN_OR_UNUSABLE_ASSET_TYPE_AVAILABLE,REJECTED_UNKNOWN_ASSET_TYPE,asset_ref_bc245a0333b7,unknown,false,false,false,true,false,false,METADATA_REPAIR_REQUIRED_BEFORE_REQUEST|PREVIOUS_METADATA_BLOCKER_PRESENT|SENSOR_NOT_RESOLVED_TO_SENTINEL_2_OPTICAL|REQUIREMENT_ALREADY_BLOCKED,GUARDRAILS_PRESERVED_SENSOR_FAMILY_RESOLUTION_ONLY
patch_petropolis_00360,Petropolis,1,requires_manual_sensor_selection,blocked_unknown_asset_type,BLOCKED_UNKNOWN_ASSET_TYPE,ONLY_UNKNOWN_OR_UNUSABLE_ASSET_TYPE_AVAILABLE,REJECTED_UNKNOWN_ASSET_TYPE,asset_ref_19e3d2727fb1,unknown,false,false,false,true,false,false,METADATA_REPAIR_REQUIRED_BEFORE_REQUEST|PREVIOUS_METADATA_BLOCKER_PRESENT|SENSOR_NOT_RESOLVED_TO_SENTINEL_2_OPTICAL|REQUIREMENT_ALREADY_BLOCKED,GUARDRAILS_PRESERVED_SENSOR_FAMILY_RESOLUTION_ONLY
patch_petropolis_00360,Petropolis,2,requires_manual_sensor_selection,blocked_unknown_asset_type,BLOCKED_UNKNOWN_ASSET_TYPE,ONLY_UNKNOWN_OR_UNUSABLE_ASSET_TYPE_AVAILABLE,REJECTED_UNKNOWN_ASSET_TYPE,asset_ref_19e3d2727fb1,unknown,false,false,false,true,false,false,METADATA_REPAIR_REQUIRED_BEFORE_REQUEST|PREVIOUS_METADATA_BLOCKER_PRESENT|SENSOR_NOT_RESOLVED_TO_SENTINEL_2_OPTICAL|REQUIREMENT_ALREADY_BLOCKED,GUARDRAILS_PRESERVED_SENSOR_FAMILY_RESOLUTION_ONLY
patch_petropolis_00360,Petropolis,3,requires_manual_sensor_selection,blocked_unknown_asset_type,BLOCKED_UNKNOWN_ASSET_TYPE,ONLY_UNKNOWN_OR_UNUSABLE_ASSET_TYPE_AVAILABLE,REJECTED_UNKNOWN_ASSET_TYPE,asset_ref_19e3d2727fb1,unknown,false,false,false,true,false,false,METADATA_REPAIR_REQUIRED_BEFORE_REQUEST|PREVIOUS_METADATA_BLOCKER_PRESENT|SENSOR_NOT_RESOLVED_TO_SENTINEL_2_OPTICAL|REQUIREMENT_ALREADY_BLOCKED,GUARDRAILS_PRESERVED_SENSOR_FAMILY_RESOLUTION_ONLY
patch_petropolis_00362,Petropolis,1,requires_manual_sensor_selection,blocked_unknown_asset_type,BLOCKED_UNKNOWN_ASSET_TYPE,ONLY_UNKNOWN_OR_UNUSABLE_ASSET_TYPE_AVAILABLE,REJECTED_UNKNOWN_ASSET_TYPE,asset_ref_70c6d9fb2f84,unknown,false,false,false,true,false,false,METADATA_REPAIR_REQUIRED_BEFORE_REQUEST|PREVIOUS_METADATA_BLOCKER_PRESENT|SENSOR_NOT_RESOLVED_TO_SENTINEL_2_OPTICAL|REQUIREMENT_ALREADY_BLOCKED,GUARDRAILS_PRESERVED_SENSOR_FAMILY_RESOLUTION_ONLY
patch_petropolis_00362,Petropolis,2,requires_manual_sensor_selection,blocked_unknown_asset_type,BLOCKED_UNKNOWN_ASSET_TYPE,ONLY_UNKNOWN_OR_UNUSABLE_ASSET_TYPE_AVAILABLE,REJECTED_UNKNOWN_ASSET_TYPE,asset_ref_70c6d9fb2f84,unknown,false,false,false,true,false,false,METADATA_REPAIR_REQUIRED_BEFORE_REQUEST|PREVIOUS_METADATA_BLOCKER_PRESENT|SENSOR_NOT_RESOLVED_TO_SENTINEL_2_OPTICAL|REQUIREMENT_ALREADY_BLOCKED,GUARDRAILS_PRESERVED_SENSOR_FAMILY_RESOLUTION_ONLY
patch_petropolis_00362,Petropolis,3,requires_manual_sensor_selection,blocked_unknown_asset_type,BLOCKED_UNKNOWN_ASSET_TYPE,ONLY_UNKNOWN_OR_UNUSABLE_ASSET_TYPE_AVAILABLE,REJECTED_UNKNOWN_ASSET_TYPE,asset_ref_70c6d9fb2f84,unknown,false,false,false,true,false,false,METADATA_REPAIR_REQUIRED_BEFORE_REQUEST|PREVIOUS_METADATA_BLOCKER_PRESENT|SENSOR_NOT_RESOLVED_TO_SENTINEL_2_OPTICAL|REQUIREMENT_ALREADY_BLOCKED,GUARDRAILS_PRESERVED_SENSOR_FAMILY_RESOLUTION_ONLY
patch_petropolis_00396,Petropolis,1,requires_manual_sensor_selection,blocked_unknown_asset_type,BLOCKED_UNKNOWN_ASSET_TYPE,ONLY_UNKNOWN_OR_UNUSABLE_ASSET_TYPE_AVAILABLE,REJECTED_UNKNOWN_ASSET_TYPE,asset_ref_7b540fdc74b0,unknown,false,false,false,true,false,false,METADATA_REPAIR_REQUIRED_BEFORE_REQUEST|PREVIOUS_METADATA_BLOCKER_PRESENT|SENSOR_NOT_RESOLVED_TO_SENTINEL_2_OPTICAL|REQUIREMENT_ALREADY_BLOCKED,GUARDRAILS_PRESERVED_SENSOR_FAMILY_RESOLUTION_ONLY
patch_petropolis_00396,Petropolis,2,requires_manual_sensor_selection,blocked_unknown_asset_type,BLOCKED_UNKNOWN_ASSET_TYPE,ONLY_UNKNOWN_OR_UNUSABLE_ASSET_TYPE_AVAILABLE,REJECTED_UNKNOWN_ASSET_TYPE,asset_ref_7b540fdc74b0,unknown,false,false,false,true,false,false,METADATA_REPAIR_REQUIRED_BEFORE_REQUEST|PREVIOUS_METADATA_BLOCKER_PRESENT|SENSOR_NOT_RESOLVED_TO_SENTINEL_2_OPTICAL|REQUIREMENT_ALREADY_BLOCKED,GUARDRAILS_PRESERVED_SENSOR_FAMILY_RESOLUTION_ONLY
patch_petropolis_00396,Petropolis,3,requires_manual_sensor_selection,blocked_unknown_asset_type,BLOCKED_UNKNOWN_ASSET_TYPE,ONLY_UNKNOWN_OR_UNUSABLE_ASSET_TYPE_AVAILABLE,REJECTED_UNKNOWN_ASSET_TYPE,asset_ref_7b540fdc74b0,unknown,false,false,false,true,false,false,METADATA_REPAIR_REQUIRED_BEFORE_REQUEST|PREVIOUS_METADATA_BLOCKER_PRESENT|SENSOR_NOT_RESOLVED_TO_SENTINEL_2_OPTICAL|REQUIREMENT_ALREADY_BLOCKED,GUARDRAILS_PRESERVED_SENSOR_FAMILY_RESOLUTION_ONLY
patch_petropolis_00397,Petropolis,1,requires_manual_sensor_selection,blocked_unknown_asset_type,BLOCKED_UNKNOWN_ASSET_TYPE,ONLY_UNKNOWN_OR_UNUSABLE_ASSET_TYPE_AVAILABLE,REJECTED_UNKNOWN_ASSET_TYPE,asset_ref_1fbe61a49521,unknown,false,false,false,true,false,false,METADATA_REPAIR_REQUIRED_BEFORE_REQUEST|PREVIOUS_METADATA_BLOCKER_PRESENT|SENSOR_NOT_RESOLVED_TO_SENTINEL_2_OPTICAL|REQUIREMENT_ALREADY_BLOCKED,GUARDRAILS_PRESERVED_SENSOR_FAMILY_RESOLUTION_ONLY
patch_petropolis_00397,Petropolis,2,requires_manual_sensor_selection,blocked_unknown_asset_type,BLOCKED_UNKNOWN_ASSET_TYPE,ONLY_UNKNOWN_OR_UNUSABLE_ASSET_TYPE_AVAILABLE,REJECTED_UNKNOWN_ASSET_TYPE,asset_ref_1fbe61a49521,unknown,false,false,false,true,false,false,METADATA_REPAIR_REQUIRED_BEFORE_REQUEST|PREVIOUS_METADATA_BLOCKER_PRESENT|SENSOR_NOT_RESOLVED_TO_SENTINEL_2_OPTICAL|REQUIREMENT_ALREADY_BLOCKED,GUARDRAILS_PRESERVED_SENSOR_FAMILY_RESOLUTION_ONLY
patch_petropolis_00397,Petropolis,3,requires_manual_sensor_selection,blocked_unknown_asset_type,BLOCKED_UNKNOWN_ASSET_TYPE,ONLY_UNKNOWN_OR_UNUSABLE_ASSET_TYPE_AVAILABLE,REJECTED_UNKNOWN_ASSET_TYPE,asset_ref_1fbe61a49521,unknown,false,false,false,true,false,false,METADATA_REPAIR_REQUIRED_BEFORE_REQUEST|PREVIOUS_METADATA_BLOCKER_PRESENT|SENSOR_NOT_RESOLVED_TO_SENTINEL_2_OPTICAL|REQUIREMENT_ALREADY_BLOCKED,GUARDRAILS_PRESERVED_SENSOR_FAMILY_RESOLUTION_ONLY
patch_petropolis_00404,Petropolis,1,requires_manual_sensor_selection,blocked_unknown_asset_type,BLOCKED_UNKNOWN_ASSET_TYPE,ONLY_UNKNOWN_OR_UNUSABLE_ASSET_TYPE_AVAILABLE,REJECTED_UNKNOWN_ASSET_TYPE,asset_ref_434ffc768e4c,unknown,false,false,false,true,false,false,METADATA_REPAIR_REQUIRED_BEFORE_REQUEST|PREVIOUS_METADATA_BLOCKER_PRESENT|SENSOR_NOT_RESOLVED_TO_SENTINEL_2_OPTICAL|REQUIREMENT_ALREADY_BLOCKED,GUARDRAILS_PRESERVED_SENSOR_FAMILY_RESOLUTION_ONLY
patch_petropolis_00404,Petropolis,2,requires_manual_sensor_selection,blocked_unknown_asset_type,BLOCKED_UNKNOWN_ASSET_TYPE,ONLY_UNKNOWN_OR_UNUSABLE_ASSET_TYPE_AVAILABLE,REJECTED_UNKNOWN_ASSET_TYPE,asset_ref_434ffc768e4c,unknown,false,false,false,true,false,false,METADATA_REPAIR_REQUIRED_BEFORE_REQUEST|PREVIOUS_METADATA_BLOCKER_PRESENT|SENSOR_NOT_RESOLVED_TO_SENTINEL_2_OPTICAL|REQUIREMENT_ALREADY_BLOCKED,GUARDRAILS_PRESERVED_SENSOR_FAMILY_RESOLUTION_ONLY
patch_petropolis_00404,Petropolis,3,requires_manual_sensor_selection,blocked_unknown_asset_type,BLOCKED_UNKNOWN_ASSET_TYPE,ONLY_UNKNOWN_OR_UNUSABLE_ASSET_TYPE_AVAILABLE,REJECTED_UNKNOWN_ASSET_TYPE,asset_ref_434ffc768e4c,unknown,false,false,false,true,false,false,METADATA_REPAIR_REQUIRED_BEFORE_REQUEST|PREVIOUS_METADATA_BLOCKER_PRESENT|SENSOR_NOT_RESOLVED_TO_SENTINEL_2_OPTICAL|REQUIREMENT_ALREADY_BLOCKED,GUARDRAILS_PRESERVED_SENSOR_FAMILY_RESOLUTION_ONLY
patch_petropolis_00431,Petropolis,1,requires_manual_sensor_selection,blocked_unknown_asset_type,BLOCKED_UNKNOWN_ASSET_TYPE,ONLY_UNKNOWN_OR_UNUSABLE_ASSET_TYPE_AVAILABLE,REJECTED_UNKNOWN_ASSET_TYPE,asset_ref_15bc9f57b299,unknown,false,false,false,true,false,false,METADATA_REPAIR_REQUIRED_BEFORE_REQUEST|PREVIOUS_METADATA_BLOCKER_PRESENT|SENSOR_NOT_RESOLVED_TO_SENTINEL_2_OPTICAL|REQUIREMENT_ALREADY_BLOCKED,GUARDRAILS_PRESERVED_SENSOR_FAMILY_RESOLUTION_ONLY
patch_petropolis_00431,Petropolis,2,requires_manual_sensor_selection,blocked_unknown_asset_type,BLOCKED_UNKNOWN_ASSET_TYPE,ONLY_UNKNOWN_OR_UNUSABLE_ASSET_TYPE_AVAILABLE,REJECTED_UNKNOWN_ASSET_TYPE,asset_ref_15bc9f57b299,unknown,false,false,false,true,false,false,METADATA_REPAIR_REQUIRED_BEFORE_REQUEST|PREVIOUS_METADATA_BLOCKER_PRESENT|SENSOR_NOT_RESOLVED_TO_SENTINEL_2_OPTICAL|REQUIREMENT_ALREADY_BLOCKED,GUARDRAILS_PRESERVED_SENSOR_FAMILY_RESOLUTION_ONLY
patch_petropolis_00431,Petropolis,3,requires_manual_sensor_selection,blocked_unknown_asset_type,BLOCKED_UNKNOWN_ASSET_TYPE,ONLY_UNKNOWN_OR_UNUSABLE_ASSET_TYPE_AVAILABLE,REJECTED_UNKNOWN_ASSET_TYPE,asset_ref_15bc9f57b299,unknown,false,false,false,true,false,false,METADATA_REPAIR_REQUIRED_BEFORE_REQUEST|PREVIOUS_METADATA_BLOCKER_PRESENT|SENSOR_NOT_RESOLVED_TO_SENTINEL_2_OPTICAL|REQUIREMENT_ALREADY_BLOCKED,GUARDRAILS_PRESERVED_SENSOR_FAMILY_RESOLUTION_ONLY
patch_petropolis_00467,Petropolis,1,requires_manual_sensor_selection,blocked_unknown_asset_type,BLOCKED_UNKNOWN_ASSET_TYPE,ONLY_UNKNOWN_OR_UNUSABLE_ASSET_TYPE_AVAILABLE,REJECTED_UNKNOWN_ASSET_TYPE,asset_ref_510347433fec,unknown,false,false,false,true,false,false,METADATA_REPAIR_REQUIRED_BEFORE_REQUEST|PREVIOUS_METADATA_BLOCKER_PRESENT|SENSOR_NOT_RESOLVED_TO_SENTINEL_2_OPTICAL|REQUIREMENT_ALREADY_BLOCKED,GUARDRAILS_PRESERVED_SENSOR_FAMILY_RESOLUTION_ONLY
patch_petropolis_00467,Petropolis,2,requires_manual_sensor_selection,blocked_unknown_asset_type,BLOCKED_UNKNOWN_ASSET_TYPE,ONLY_UNKNOWN_OR_UNUSABLE_ASSET_TYPE_AVAILABLE,REJECTED_UNKNOWN_ASSET_TYPE,asset_ref_510347433fec,unknown,false,false,false,true,false,false,METADATA_REPAIR_REQUIRED_BEFORE_REQUEST|PREVIOUS_METADATA_BLOCKER_PRESENT|SENSOR_NOT_RESOLVED_TO_SENTINEL_2_OPTICAL|REQUIREMENT_ALREADY_BLOCKED,GUARDRAILS_PRESERVED_SENSOR_FAMILY_RESOLUTION_ONLY
patch_petropolis_00467,Petropolis,3,requires_manual_sensor_selection,blocked_unknown_asset_type,BLOCKED_UNKNOWN_ASSET_TYPE,ONLY_UNKNOWN_OR_UNUSABLE_ASSET_TYPE_AVAILABLE,REJECTED_UNKNOWN_ASSET_TYPE,asset_ref_510347433fec,unknown,false,false,false,true,false,false,METADATA_REPAIR_REQUIRED_BEFORE_REQUEST|PREVIOUS_METADATA_BLOCKER_PRESENT|SENSOR_NOT_RESOLVED_TO_SENTINEL_2_OPTICAL|REQUIREMENT_ALREADY_BLOCKED,GUARDRAILS_PRESERVED_SENSOR_FAMILY_RESOLUTION_ONLY
patch_petropolis_00506,Petropolis,1,requires_manual_sensor_selection,blocked_unknown_asset_type,BLOCKED_UNKNOWN_ASSET_TYPE,ONLY_UNKNOWN_OR_UNUSABLE_ASSET_TYPE_AVAILABLE,REJECTED_UNKNOWN_ASSET_TYPE,asset_ref_b43c7f8a6b05,unknown,false,false,false,true,false,false,METADATA_REPAIR_REQUIRED_BEFORE_REQUEST|PREVIOUS_METADATA_BLOCKER_PRESENT|SENSOR_NOT_RESOLVED_TO_SENTINEL_2_OPTICAL|REQUIREMENT_ALREADY_BLOCKED,GUARDRAILS_PRESERVED_SENSOR_FAMILY_RESOLUTION_ONLY
patch_petropolis_00506,Petropolis,2,requires_manual_sensor_selection,blocked_unknown_asset_type,BLOCKED_UNKNOWN_ASSET_TYPE,ONLY_UNKNOWN_OR_UNUSABLE_ASSET_TYPE_AVAILABLE,REJECTED_UNKNOWN_ASSET_TYPE,asset_ref_b43c7f8a6b05,unknown,false,false,false,true,false,false,METADATA_REPAIR_REQUIRED_BEFORE_REQUEST|PREVIOUS_METADATA_BLOCKER_PRESENT|SENSOR_NOT_RESOLVED_TO_SENTINEL_2_OPTICAL|REQUIREMENT_ALREADY_BLOCKED,GUARDRAILS_PRESERVED_SENSOR_FAMILY_RESOLUTION_ONLY
patch_petropolis_00506,Petropolis,3,requires_manual_sensor_selection,blocked_unknown_asset_type,BLOCKED_UNKNOWN_ASSET_TYPE,ONLY_UNKNOWN_OR_UNUSABLE_ASSET_TYPE_AVAILABLE,REJECTED_UNKNOWN_ASSET_TYPE,asset_ref_b43c7f8a6b05,unknown,false,false,false,true,false,false,METADATA_REPAIR_REQUIRED_BEFORE_REQUEST|PREVIOUS_METADATA_BLOCKER_PRESENT|SENSOR_NOT_RESOLVED_TO_SENTINEL_2_OPTICAL|REQUIREMENT_ALREADY_BLOCKED,GUARDRAILS_PRESERVED_SENSOR_FAMILY_RESOLUTION_ONLY
patch_petropolis_00507,Petropolis,1,requires_manual_sensor_selection,blocked_unknown_asset_type,BLOCKED_UNKNOWN_ASSET_TYPE,ONLY_UNKNOWN_OR_UNUSABLE_ASSET_TYPE_AVAILABLE,REJECTED_UNKNOWN_ASSET_TYPE,asset_ref_a138fd522e77,unknown,false,false,false,true,false,false,METADATA_REPAIR_REQUIRED_BEFORE_REQUEST|PREVIOUS_METADATA_BLOCKER_PRESENT|SENSOR_NOT_RESOLVED_TO_SENTINEL_2_OPTICAL|REQUIREMENT_ALREADY_BLOCKED,GUARDRAILS_PRESERVED_SENSOR_FAMILY_RESOLUTION_ONLY
patch_petropolis_00507,Petropolis,2,requires_manual_sensor_selection,blocked_unknown_asset_type,BLOCKED_UNKNOWN_ASSET_TYPE,ONLY_UNKNOWN_OR_UNUSABLE_ASSET_TYPE_AVAILABLE,REJECTED_UNKNOWN_ASSET_TYPE,asset_ref_a138fd522e77,unknown,false,false,false,true,false,false,METADATA_REPAIR_REQUIRED_BEFORE_REQUEST|PREVIOUS_METADATA_BLOCKER_PRESENT|SENSOR_NOT_RESOLVED_TO_SENTINEL_2_OPTICAL|REQUIREMENT_ALREADY_BLOCKED,GUARDRAILS_PRESERVED_SENSOR_FAMILY_RESOLUTION_ONLY
patch_petropolis_00507,Petropolis,3,requires_manual_sensor_selection,blocked_unknown_asset_type,BLOCKED_UNKNOWN_ASSET_TYPE,ONLY_UNKNOWN_OR_UNUSABLE_ASSET_TYPE_AVAILABLE,REJECTED_UNKNOWN_ASSET_TYPE,asset_ref_a138fd522e77,unknown,false,false,false,true,false,false,METADATA_REPAIR_REQUIRED_BEFORE_REQUEST|PREVIOUS_METADATA_BLOCKER_PRESENT|SENSOR_NOT_RESOLVED_TO_SENTINEL_2_OPTICAL|REQUIREMENT_ALREADY_BLOCKED,GUARDRAILS_PRESERVED_SENSOR_FAMILY_RESOLUTION_ONLY
patch_petropolis_00579,Petropolis,1,requires_manual_sensor_selection,blocked_unknown_asset_type,BLOCKED_UNKNOWN_ASSET_TYPE,ONLY_UNKNOWN_OR_UNUSABLE_ASSET_TYPE_AVAILABLE,REJECTED_UNKNOWN_ASSET_TYPE,asset_ref_65d785b57c11,unknown,false,false,false,true,false,false,METADATA_REPAIR_REQUIRED_BEFORE_REQUEST|PREVIOUS_METADATA_BLOCKER_PRESENT|SENSOR_NOT_RESOLVED_TO_SENTINEL_2_OPTICAL|REQUIREMENT_ALREADY_BLOCKED,GUARDRAILS_PRESERVED_SENSOR_FAMILY_RESOLUTION_ONLY
patch_petropolis_00579,Petropolis,2,requires_manual_sensor_selection,blocked_unknown_asset_type,BLOCKED_UNKNOWN_ASSET_TYPE,ONLY_UNKNOWN_OR_UNUSABLE_ASSET_TYPE_AVAILABLE,REJECTED_UNKNOWN_ASSET_TYPE,asset_ref_65d785b57c11,unknown,false,false,false,true,false,false,METADATA_REPAIR_REQUIRED_BEFORE_REQUEST|PREVIOUS_METADATA_BLOCKER_PRESENT|SENSOR_NOT_RESOLVED_TO_SENTINEL_2_OPTICAL|REQUIREMENT_ALREADY_BLOCKED,GUARDRAILS_PRESERVED_SENSOR_FAMILY_RESOLUTION_ONLY
patch_petropolis_00579,Petropolis,3,requires_manual_sensor_selection,blocked_unknown_asset_type,BLOCKED_UNKNOWN_ASSET_TYPE,ONLY_UNKNOWN_OR_UNUSABLE_ASSET_TYPE_AVAILABLE,REJECTED_UNKNOWN_ASSET_TYPE,asset_ref_65d785b57c11,unknown,false,false,false,true,false,false,METADATA_REPAIR_REQUIRED_BEFORE_REQUEST|PREVIOUS_METADATA_BLOCKER_PRESENT|SENSOR_NOT_RESOLVED_TO_SENTINEL_2_OPTICAL|REQUIREMENT_ALREADY_BLOCKED,GUARDRAILS_PRESERVED_SENSOR_FAMILY_RESOLUTION_ONLY
patch_petropolis_00614,Petropolis,1,requires_manual_sensor_selection,blocked_unknown_asset_type,BLOCKED_UNKNOWN_ASSET_TYPE,ONLY_UNKNOWN_OR_UNUSABLE_ASSET_TYPE_AVAILABLE,REJECTED_UNKNOWN_ASSET_TYPE,asset_ref_529d90b9cae4,unknown,false,false,false,true,false,false,METADATA_REPAIR_REQUIRED_BEFORE_REQUEST|PREVIOUS_METADATA_BLOCKER_PRESENT|SENSOR_NOT_RESOLVED_TO_SENTINEL_2_OPTICAL|REQUIREMENT_ALREADY_BLOCKED,GUARDRAILS_PRESERVED_SENSOR_FAMILY_RESOLUTION_ONLY
patch_petropolis_00614,Petropolis,2,requires_manual_sensor_selection,blocked_unknown_asset_type,BLOCKED_UNKNOWN_ASSET_TYPE,ONLY_UNKNOWN_OR_UNUSABLE_ASSET_TYPE_AVAILABLE,REJECTED_UNKNOWN_ASSET_TYPE,asset_ref_529d90b9cae4,unknown,false,false,false,true,false,false,METADATA_REPAIR_REQUIRED_BEFORE_REQUEST|PREVIOUS_METADATA_BLOCKER_PRESENT|SENSOR_NOT_RESOLVED_TO_SENTINEL_2_OPTICAL|REQUIREMENT_ALREADY_BLOCKED,GUARDRAILS_PRESERVED_SENSOR_FAMILY_RESOLUTION_ONLY
patch_petropolis_00614,Petropolis,3,requires_manual_sensor_selection,blocked_unknown_asset_type,BLOCKED_UNKNOWN_ASSET_TYPE,ONLY_UNKNOWN_OR_UNUSABLE_ASSET_TYPE_AVAILABLE,REJECTED_UNKNOWN_ASSET_TYPE,asset_ref_529d90b9cae4,unknown,false,false,false,true,false,false,METADATA_REPAIR_REQUIRED_BEFORE_REQUEST|PREVIOUS_METADATA_BLOCKER_PRESENT|SENSOR_NOT_RESOLVED_TO_SENTINEL_2_OPTICAL|REQUIREMENT_ALREADY_BLOCKED,GUARDRAILS_PRESERVED_SENSOR_FAMILY_RESOLUTION_ONLY
patch_petropolis_00615,Petropolis,1,requires_manual_sensor_selection,blocked_unknown_asset_type,BLOCKED_UNKNOWN_ASSET_TYPE,ONLY_UNKNOWN_OR_UNUSABLE_ASSET_TYPE_AVAILABLE,REJECTED_UNKNOWN_ASSET_TYPE,asset_ref_39397dd511b1,unknown,false,false,false,true,false,false,METADATA_REPAIR_REQUIRED_BEFORE_REQUEST|PREVIOUS_METADATA_BLOCKER_PRESENT|SENSOR_NOT_RESOLVED_TO_SENTINEL_2_OPTICAL|REQUIREMENT_ALREADY_BLOCKED,GUARDRAILS_PRESERVED_SENSOR_FAMILY_RESOLUTION_ONLY
patch_petropolis_00615,Petropolis,2,requires_manual_sensor_selection,blocked_unknown_asset_type,BLOCKED_UNKNOWN_ASSET_TYPE,ONLY_UNKNOWN_OR_UNUSABLE_ASSET_TYPE_AVAILABLE,REJECTED_UNKNOWN_ASSET_TYPE,asset_ref_39397dd511b1,unknown,false,false,false,true,false,false,METADATA_REPAIR_REQUIRED_BEFORE_REQUEST|PREVIOUS_METADATA_BLOCKER_PRESENT|SENSOR_NOT_RESOLVED_TO_SENTINEL_2_OPTICAL|REQUIREMENT_ALREADY_BLOCKED,GUARDRAILS_PRESERVED_SENSOR_FAMILY_RESOLUTION_ONLY
patch_petropolis_00615,Petropolis,3,requires_manual_sensor_selection,blocked_unknown_asset_type,BLOCKED_UNKNOWN_ASSET_TYPE,ONLY_UNKNOWN_OR_UNUSABLE_ASSET_TYPE_AVAILABLE,REJECTED_UNKNOWN_ASSET_TYPE,asset_ref_39397dd511b1,unknown,false,false,false,true,false,false,METADATA_REPAIR_REQUIRED_BEFORE_REQUEST|PREVIOUS_METADATA_BLOCKER_PRESENT|SENSOR_NOT_RESOLVED_TO_SENTINEL_2_OPTICAL|REQUIREMENT_ALREADY_BLOCKED,GUARDRAILS_PRESERVED_SENSOR_FAMILY_RESOLUTION_ONLY
patch_petropolis_00617,Petropolis,1,requires_manual_sensor_selection,blocked_unknown_asset_type,BLOCKED_UNKNOWN_ASSET_TYPE,ONLY_UNKNOWN_OR_UNUSABLE_ASSET_TYPE_AVAILABLE,REJECTED_UNKNOWN_ASSET_TYPE,asset_ref_f2723becc5fa,unknown,false,false,false,true,false,false,METADATA_REPAIR_REQUIRED_BEFORE_REQUEST|PREVIOUS_METADATA_BLOCKER_PRESENT|SENSOR_NOT_RESOLVED_TO_SENTINEL_2_OPTICAL|REQUIREMENT_ALREADY_BLOCKED,GUARDRAILS_PRESERVED_SENSOR_FAMILY_RESOLUTION_ONLY
patch_petropolis_00617,Petropolis,2,requires_manual_sensor_selection,blocked_unknown_asset_type,BLOCKED_UNKNOWN_ASSET_TYPE,ONLY_UNKNOWN_OR_UNUSABLE_ASSET_TYPE_AVAILABLE,REJECTED_UNKNOWN_ASSET_TYPE,asset_ref_f2723becc5fa,unknown,false,false,false,true,false,false,METADATA_REPAIR_REQUIRED_BEFORE_REQUEST|PREVIOUS_METADATA_BLOCKER_PRESENT|SENSOR_NOT_RESOLVED_TO_SENTINEL_2_OPTICAL|REQUIREMENT_ALREADY_BLOCKED,GUARDRAILS_PRESERVED_SENSOR_FAMILY_RESOLUTION_ONLY
patch_petropolis_00617,Petropolis,3,requires_manual_sensor_selection,blocked_unknown_asset_type,BLOCKED_UNKNOWN_ASSET_TYPE,ONLY_UNKNOWN_OR_UNUSABLE_ASSET_TYPE_AVAILABLE,REJECTED_UNKNOWN_ASSET_TYPE,asset_ref_f2723becc5fa,unknown,false,false,false,true,false,false,METADATA_REPAIR_REQUIRED_BEFORE_REQUEST|PREVIOUS_METADATA_BLOCKER_PRESENT|SENSOR_NOT_RESOLVED_TO_SENTINEL_2_OPTICAL|REQUIREMENT_ALREADY_BLOCKED,GUARDRAILS_PRESERVED_SENSOR_FAMILY_RESOLUTION_ONLY
patch_petropolis_00618,Petropolis,1,requires_manual_sensor_selection,blocked_unknown_asset_type,BLOCKED_UNKNOWN_ASSET_TYPE,ONLY_UNKNOWN_OR_UNUSABLE_ASSET_TYPE_AVAILABLE,REJECTED_UNKNOWN_ASSET_TYPE,asset_ref_04a3c328ff6b,unknown,false,false,false,true,false,false,METADATA_REPAIR_REQUIRED_BEFORE_REQUEST|PREVIOUS_METADATA_BLOCKER_PRESENT|SENSOR_NOT_RESOLVED_TO_SENTINEL_2_OPTICAL|REQUIREMENT_ALREADY_BLOCKED,GUARDRAILS_PRESERVED_SENSOR_FAMILY_RESOLUTION_ONLY
patch_petropolis_00618,Petropolis,2,requires_manual_sensor_selection,blocked_unknown_asset_type,BLOCKED_UNKNOWN_ASSET_TYPE,ONLY_UNKNOWN_OR_UNUSABLE_ASSET_TYPE_AVAILABLE,REJECTED_UNKNOWN_ASSET_TYPE,asset_ref_04a3c328ff6b,unknown,false,false,false,true,false,false,METADATA_REPAIR_REQUIRED_BEFORE_REQUEST|PREVIOUS_METADATA_BLOCKER_PRESENT|SENSOR_NOT_RESOLVED_TO_SENTINEL_2_OPTICAL|REQUIREMENT_ALREADY_BLOCKED,GUARDRAILS_PRESERVED_SENSOR_FAMILY_RESOLUTION_ONLY
patch_petropolis_00618,Petropolis,3,requires_manual_sensor_selection,blocked_unknown_asset_type,BLOCKED_UNKNOWN_ASSET_TYPE,ONLY_UNKNOWN_OR_UNUSABLE_ASSET_TYPE_AVAILABLE,REJECTED_UNKNOWN_ASSET_TYPE,asset_ref_04a3c328ff6b,unknown,false,false,false,true,false,false,METADATA_REPAIR_REQUIRED_BEFORE_REQUEST|PREVIOUS_METADATA_BLOCKER_PRESENT|SENSOR_NOT_RESOLVED_TO_SENTINEL_2_OPTICAL|REQUIREMENT_ALREADY_BLOCKED,GUARDRAILS_PRESERVED_SENSOR_FAMILY_RESOLUTION_ONLY
patch_petropolis_00641,Petropolis,1,requires_manual_sensor_selection,blocked_unknown_asset_type,BLOCKED_UNKNOWN_ASSET_TYPE,ONLY_UNKNOWN_OR_UNUSABLE_ASSET_TYPE_AVAILABLE,REJECTED_UNKNOWN_ASSET_TYPE,asset_ref_345d109ede1a,unknown,false,false,false,true,false,false,METADATA_REPAIR_REQUIRED_BEFORE_REQUEST|PREVIOUS_METADATA_BLOCKER_PRESENT|SENSOR_NOT_RESOLVED_TO_SENTINEL_2_OPTICAL|REQUIREMENT_ALREADY_BLOCKED,GUARDRAILS_PRESERVED_SENSOR_FAMILY_RESOLUTION_ONLY
patch_petropolis_00641,Petropolis,2,requires_manual_sensor_selection,blocked_unknown_asset_type,BLOCKED_UNKNOWN_ASSET_TYPE,ONLY_UNKNOWN_OR_UNUSABLE_ASSET_TYPE_AVAILABLE,REJECTED_UNKNOWN_ASSET_TYPE,asset_ref_345d109ede1a,unknown,false,false,false,true,false,false,METADATA_REPAIR_REQUIRED_BEFORE_REQUEST|PREVIOUS_METADATA_BLOCKER_PRESENT|SENSOR_NOT_RESOLVED_TO_SENTINEL_2_OPTICAL|REQUIREMENT_ALREADY_BLOCKED,GUARDRAILS_PRESERVED_SENSOR_FAMILY_RESOLUTION_ONLY
patch_petropolis_00641,Petropolis,3,requires_manual_sensor_selection,blocked_unknown_asset_type,BLOCKED_UNKNOWN_ASSET_TYPE,ONLY_UNKNOWN_OR_UNUSABLE_ASSET_TYPE_AVAILABLE,REJECTED_UNKNOWN_ASSET_TYPE,asset_ref_345d109ede1a,unknown,false,false,false,true,false,false,METADATA_REPAIR_REQUIRED_BEFORE_REQUEST|PREVIOUS_METADATA_BLOCKER_PRESENT|SENSOR_NOT_RESOLVED_TO_SENTINEL_2_OPTICAL|REQUIREMENT_ALREADY_BLOCKED,GUARDRAILS_PRESERVED_SENSOR_FAMILY_RESOLUTION_ONLY
patch_petropolis_00649,Petropolis,1,requires_manual_sensor_selection,blocked_unknown_asset_type,BLOCKED_UNKNOWN_ASSET_TYPE,ONLY_UNKNOWN_OR_UNUSABLE_ASSET_TYPE_AVAILABLE,REJECTED_UNKNOWN_ASSET_TYPE,asset_ref_fc92fa2ad06a,unknown,false,false,false,true,false,false,METADATA_REPAIR_REQUIRED_BEFORE_REQUEST|PREVIOUS_METADATA_BLOCKER_PRESENT|SENSOR_NOT_RESOLVED_TO_SENTINEL_2_OPTICAL|REQUIREMENT_ALREADY_BLOCKED,GUARDRAILS_PRESERVED_SENSOR_FAMILY_RESOLUTION_ONLY
patch_petropolis_00649,Petropolis,2,requires_manual_sensor_selection,blocked_unknown_asset_type,BLOCKED_UNKNOWN_ASSET_TYPE,ONLY_UNKNOWN_OR_UNUSABLE_ASSET_TYPE_AVAILABLE,REJECTED_UNKNOWN_ASSET_TYPE,asset_ref_fc92fa2ad06a,unknown,false,false,false,true,false,false,METADATA_REPAIR_REQUIRED_BEFORE_REQUEST|PREVIOUS_METADATA_BLOCKER_PRESENT|SENSOR_NOT_RESOLVED_TO_SENTINEL_2_OPTICAL|REQUIREMENT_ALREADY_BLOCKED,GUARDRAILS_PRESERVED_SENSOR_FAMILY_RESOLUTION_ONLY
patch_petropolis_00649,Petropolis,3,requires_manual_sensor_selection,blocked_unknown_asset_type,BLOCKED_UNKNOWN_ASSET_TYPE,ONLY_UNKNOWN_OR_UNUSABLE_ASSET_TYPE_AVAILABLE,REJECTED_UNKNOWN_ASSET_TYPE,asset_ref_fc92fa2ad06a,unknown,false,false,false,true,false,false,METADATA_REPAIR_REQUIRED_BEFORE_REQUEST|PREVIOUS_METADATA_BLOCKER_PRESENT|SENSOR_NOT_RESOLVED_TO_SENTINEL_2_OPTICAL|REQUIREMENT_ALREADY_BLOCKED,GUARDRAILS_PRESERVED_SENSOR_FAMILY_RESOLUTION_ONLY
patch_petropolis_00652,Petropolis,1,requires_manual_sensor_selection,blocked_unknown_asset_type,BLOCKED_UNKNOWN_ASSET_TYPE,ONLY_UNKNOWN_OR_UNUSABLE_ASSET_TYPE_AVAILABLE,REJECTED_UNKNOWN_ASSET_TYPE,asset_ref_f55dff504964,unknown,false,false,false,true,false,false,METADATA_REPAIR_REQUIRED_BEFORE_REQUEST|PREVIOUS_METADATA_BLOCKER_PRESENT|SENSOR_NOT_RESOLVED_TO_SENTINEL_2_OPTICAL|REQUIREMENT_ALREADY_BLOCKED,GUARDRAILS_PRESERVED_SENSOR_FAMILY_RESOLUTION_ONLY
patch_petropolis_00652,Petropolis,2,requires_manual_sensor_selection,blocked_unknown_asset_type,BLOCKED_UNKNOWN_ASSET_TYPE,ONLY_UNKNOWN_OR_UNUSABLE_ASSET_TYPE_AVAILABLE,REJECTED_UNKNOWN_ASSET_TYPE,asset_ref_f55dff504964,unknown,false,false,false,true,false,false,METADATA_REPAIR_REQUIRED_BEFORE_REQUEST|PREVIOUS_METADATA_BLOCKER_PRESENT|SENSOR_NOT_RESOLVED_TO_SENTINEL_2_OPTICAL|REQUIREMENT_ALREADY_BLOCKED,GUARDRAILS_PRESERVED_SENSOR_FAMILY_RESOLUTION_ONLY
patch_petropolis_00652,Petropolis,3,requires_manual_sensor_selection,blocked_unknown_asset_type,BLOCKED_UNKNOWN_ASSET_TYPE,ONLY_UNKNOWN_OR_UNUSABLE_ASSET_TYPE_AVAILABLE,REJECTED_UNKNOWN_ASSET_TYPE,asset_ref_f55dff504964,unknown,false,false,false,true,false,false,METADATA_REPAIR_REQUIRED_BEFORE_REQUEST|PREVIOUS_METADATA_BLOCKER_PRESENT|SENSOR_NOT_RESOLVED_TO_SENTINEL_2_OPTICAL|REQUIREMENT_ALREADY_BLOCKED,GUARDRAILS_PRESERVED_SENSOR_FAMILY_RESOLUTION_ONLY
patch_petropolis_00720,Petropolis,1,requires_manual_sensor_selection,blocked_unknown_asset_type,BLOCKED_UNKNOWN_ASSET_TYPE,ONLY_UNKNOWN_OR_UNUSABLE_ASSET_TYPE_AVAILABLE,REJECTED_UNKNOWN_ASSET_TYPE,asset_ref_3f8ea77fadb3,unknown,false,false,false,true,false,false,METADATA_REPAIR_REQUIRED_BEFORE_REQUEST|PREVIOUS_METADATA_BLOCKER_PRESENT|SENSOR_NOT_RESOLVED_TO_SENTINEL_2_OPTICAL|REQUIREMENT_ALREADY_BLOCKED,GUARDRAILS_PRESERVED_SENSOR_FAMILY_RESOLUTION_ONLY
patch_petropolis_00720,Petropolis,2,requires_manual_sensor_selection,blocked_unknown_asset_type,BLOCKED_UNKNOWN_ASSET_TYPE,ONLY_UNKNOWN_OR_UNUSABLE_ASSET_TYPE_AVAILABLE,REJECTED_UNKNOWN_ASSET_TYPE,asset_ref_3f8ea77fadb3,unknown,false,false,false,true,false,false,METADATA_REPAIR_REQUIRED_BEFORE_REQUEST|PREVIOUS_METADATA_BLOCKER_PRESENT|SENSOR_NOT_RESOLVED_TO_SENTINEL_2_OPTICAL|REQUIREMENT_ALREADY_BLOCKED,GUARDRAILS_PRESERVED_SENSOR_FAMILY_RESOLUTION_ONLY
patch_petropolis_00720,Petropolis,3,requires_manual_sensor_selection,blocked_unknown_asset_type,BLOCKED_UNKNOWN_ASSET_TYPE,ONLY_UNKNOWN_OR_UNUSABLE_ASSET_TYPE_AVAILABLE,REJECTED_UNKNOWN_ASSET_TYPE,asset_ref_3f8ea77fadb3,unknown,false,false,false,true,false,false,METADATA_REPAIR_REQUIRED_BEFORE_REQUEST|PREVIOUS_METADATA_BLOCKER_PRESENT|SENSOR_NOT_RESOLVED_TO_SENTINEL_2_OPTICAL|REQUIREMENT_ALREADY_BLOCKED,GUARDRAILS_PRESERVED_SENSOR_FAMILY_RESOLUTION_ONLY
patch_petropolis_00756,Petropolis,1,requires_manual_sensor_selection,blocked_unknown_asset_type,BLOCKED_UNKNOWN_ASSET_TYPE,ONLY_UNKNOWN_OR_UNUSABLE_ASSET_TYPE_AVAILABLE,REJECTED_UNKNOWN_ASSET_TYPE,asset_ref_44879217ff12,unknown,false,false,false,true,false,false,METADATA_REPAIR_REQUIRED_BEFORE_REQUEST|PREVIOUS_METADATA_BLOCKER_PRESENT|SENSOR_NOT_RESOLVED_TO_SENTINEL_2_OPTICAL|REQUIREMENT_ALREADY_BLOCKED,GUARDRAILS_PRESERVED_SENSOR_FAMILY_RESOLUTION_ONLY
patch_petropolis_00756,Petropolis,2,requires_manual_sensor_selection,blocked_unknown_asset_type,BLOCKED_UNKNOWN_ASSET_TYPE,ONLY_UNKNOWN_OR_UNUSABLE_ASSET_TYPE_AVAILABLE,REJECTED_UNKNOWN_ASSET_TYPE,asset_ref_44879217ff12,unknown,false,false,false,true,false,false,METADATA_REPAIR_REQUIRED_BEFORE_REQUEST|PREVIOUS_METADATA_BLOCKER_PRESENT|SENSOR_NOT_RESOLVED_TO_SENTINEL_2_OPTICAL|REQUIREMENT_ALREADY_BLOCKED,GUARDRAILS_PRESERVED_SENSOR_FAMILY_RESOLUTION_ONLY
patch_petropolis_00756,Petropolis,3,requires_manual_sensor_selection,blocked_unknown_asset_type,BLOCKED_UNKNOWN_ASSET_TYPE,ONLY_UNKNOWN_OR_UNUSABLE_ASSET_TYPE_AVAILABLE,REJECTED_UNKNOWN_ASSET_TYPE,asset_ref_44879217ff12,unknown,false,false,false,true,false,false,METADATA_REPAIR_REQUIRED_BEFORE_REQUEST|PREVIOUS_METADATA_BLOCKER_PRESENT|SENSOR_NOT_RESOLVED_TO_SENTINEL_2_OPTICAL|REQUIREMENT_ALREADY_BLOCKED,GUARDRAILS_PRESERVED_SENSOR_FAMILY_RESOLUTION_ONLY
patch_petropolis_00789,Petropolis,1,requires_manual_sensor_selection,blocked_unknown_asset_type,BLOCKED_UNKNOWN_ASSET_TYPE,ONLY_UNKNOWN_OR_UNUSABLE_ASSET_TYPE_AVAILABLE,REJECTED_UNKNOWN_ASSET_TYPE,asset_ref_90eec202a1f2,unknown,false,false,false,true,false,false,METADATA_REPAIR_REQUIRED_BEFORE_REQUEST|PREVIOUS_METADATA_BLOCKER_PRESENT|SENSOR_NOT_RESOLVED_TO_SENTINEL_2_OPTICAL|REQUIREMENT_ALREADY_BLOCKED,GUARDRAILS_PRESERVED_SENSOR_FAMILY_RESOLUTION_ONLY
patch_petropolis_00789,Petropolis,2,requires_manual_sensor_selection,blocked_unknown_asset_type,BLOCKED_UNKNOWN_ASSET_TYPE,ONLY_UNKNOWN_OR_UNUSABLE_ASSET_TYPE_AVAILABLE,REJECTED_UNKNOWN_ASSET_TYPE,asset_ref_90eec202a1f2,unknown,false,false,false,true,false,false,METADATA_REPAIR_REQUIRED_BEFORE_REQUEST|PREVIOUS_METADATA_BLOCKER_PRESENT|SENSOR_NOT_RESOLVED_TO_SENTINEL_2_OPTICAL|REQUIREMENT_ALREADY_BLOCKED,GUARDRAILS_PRESERVED_SENSOR_FAMILY_RESOLUTION_ONLY
patch_petropolis_00789,Petropolis,3,requires_manual_sensor_selection,blocked_unknown_asset_type,BLOCKED_UNKNOWN_ASSET_TYPE,ONLY_UNKNOWN_OR_UNUSABLE_ASSET_TYPE_AVAILABLE,REJECTED_UNKNOWN_ASSET_TYPE,asset_ref_90eec202a1f2,unknown,false,false,false,true,false,false,METADATA_REPAIR_REQUIRED_BEFORE_REQUEST|PREVIOUS_METADATA_BLOCKER_PRESENT|SENSOR_NOT_RESOLVED_TO_SENTINEL_2_OPTICAL|REQUIREMENT_ALREADY_BLOCKED,GUARDRAILS_PRESERVED_SENSOR_FAMILY_RESOLUTION_ONLY
patch_petropolis_00823,Petropolis,1,requires_manual_sensor_selection,blocked_unknown_asset_type,BLOCKED_UNKNOWN_ASSET_TYPE,ONLY_UNKNOWN_OR_UNUSABLE_ASSET_TYPE_AVAILABLE,REJECTED_UNKNOWN_ASSET_TYPE,asset_ref_4cf23527e961,unknown,false,false,false,true,false,false,METADATA_REPAIR_REQUIRED_BEFORE_REQUEST|PREVIOUS_METADATA_BLOCKER_PRESENT|SENSOR_NOT_RESOLVED_TO_SENTINEL_2_OPTICAL|REQUIREMENT_ALREADY_BLOCKED,GUARDRAILS_PRESERVED_SENSOR_FAMILY_RESOLUTION_ONLY
patch_petropolis_00823,Petropolis,2,requires_manual_sensor_selection,blocked_unknown_asset_type,BLOCKED_UNKNOWN_ASSET_TYPE,ONLY_UNKNOWN_OR_UNUSABLE_ASSET_TYPE_AVAILABLE,REJECTED_UNKNOWN_ASSET_TYPE,asset_ref_4cf23527e961,unknown,false,false,false,true,false,false,METADATA_REPAIR_REQUIRED_BEFORE_REQUEST|PREVIOUS_METADATA_BLOCKER_PRESENT|SENSOR_NOT_RESOLVED_TO_SENTINEL_2_OPTICAL|REQUIREMENT_ALREADY_BLOCKED,GUARDRAILS_PRESERVED_SENSOR_FAMILY_RESOLUTION_ONLY
patch_petropolis_00823,Petropolis,3,requires_manual_sensor_selection,blocked_unknown_asset_type,BLOCKED_UNKNOWN_ASSET_TYPE,ONLY_UNKNOWN_OR_UNUSABLE_ASSET_TYPE_AVAILABLE,REJECTED_UNKNOWN_ASSET_TYPE,asset_ref_4cf23527e961,unknown,false,false,false,true,false,false,METADATA_REPAIR_REQUIRED_BEFORE_REQUEST|PREVIOUS_METADATA_BLOCKER_PRESENT|SENSOR_NOT_RESOLVED_TO_SENTINEL_2_OPTICAL|REQUIREMENT_ALREADY_BLOCKED,GUARDRAILS_PRESERVED_SENSOR_FAMILY_RESOLUTION_ONLY
patch_petropolis_00825,Petropolis,1,requires_manual_sensor_selection,blocked_unknown_asset_type,BLOCKED_UNKNOWN_ASSET_TYPE,ONLY_UNKNOWN_OR_UNUSABLE_ASSET_TYPE_AVAILABLE,REJECTED_UNKNOWN_ASSET_TYPE,asset_ref_33aa38d90d1d,unknown,false,false,false,true,false,false,METADATA_REPAIR_REQUIRED_BEFORE_REQUEST|PREVIOUS_METADATA_BLOCKER_PRESENT|SENSOR_NOT_RESOLVED_TO_SENTINEL_2_OPTICAL|REQUIREMENT_ALREADY_BLOCKED,GUARDRAILS_PRESERVED_SENSOR_FAMILY_RESOLUTION_ONLY
patch_petropolis_00825,Petropolis,2,requires_manual_sensor_selection,blocked_unknown_asset_type,BLOCKED_UNKNOWN_ASSET_TYPE,ONLY_UNKNOWN_OR_UNUSABLE_ASSET_TYPE_AVAILABLE,REJECTED_UNKNOWN_ASSET_TYPE,asset_ref_33aa38d90d1d,unknown,false,false,false,true,false,false,METADATA_REPAIR_REQUIRED_BEFORE_REQUEST|PREVIOUS_METADATA_BLOCKER_PRESENT|SENSOR_NOT_RESOLVED_TO_SENTINEL_2_OPTICAL|REQUIREMENT_ALREADY_BLOCKED,GUARDRAILS_PRESERVED_SENSOR_FAMILY_RESOLUTION_ONLY
patch_petropolis_00825,Petropolis,3,requires_manual_sensor_selection,blocked_unknown_asset_type,BLOCKED_UNKNOWN_ASSET_TYPE,ONLY_UNKNOWN_OR_UNUSABLE_ASSET_TYPE_AVAILABLE,REJECTED_UNKNOWN_ASSET_TYPE,asset_ref_33aa38d90d1d,unknown,false,false,false,true,false,false,METADATA_REPAIR_REQUIRED_BEFORE_REQUEST|PREVIOUS_METADATA_BLOCKER_PRESENT|SENSOR_NOT_RESOLVED_TO_SENTINEL_2_OPTICAL|REQUIREMENT_ALREADY_BLOCKED,GUARDRAILS_PRESERVED_SENSOR_FAMILY_RESOLUTION_ONLY
patch_petropolis_00829,Petropolis,1,requires_manual_sensor_selection,blocked_unknown_asset_type,BLOCKED_UNKNOWN_ASSET_TYPE,ONLY_UNKNOWN_OR_UNUSABLE_ASSET_TYPE_AVAILABLE,REJECTED_UNKNOWN_ASSET_TYPE,asset_ref_59549f205c4f,unknown,false,false,false,true,false,false,METADATA_REPAIR_REQUIRED_BEFORE_REQUEST|PREVIOUS_METADATA_BLOCKER_PRESENT|SENSOR_NOT_RESOLVED_TO_SENTINEL_2_OPTICAL|REQUIREMENT_ALREADY_BLOCKED,GUARDRAILS_PRESERVED_SENSOR_FAMILY_RESOLUTION_ONLY
patch_petropolis_00829,Petropolis,2,requires_manual_sensor_selection,blocked_unknown_asset_type,BLOCKED_UNKNOWN_ASSET_TYPE,ONLY_UNKNOWN_OR_UNUSABLE_ASSET_TYPE_AVAILABLE,REJECTED_UNKNOWN_ASSET_TYPE,asset_ref_59549f205c4f,unknown,false,false,false,true,false,false,METADATA_REPAIR_REQUIRED_BEFORE_REQUEST|PREVIOUS_METADATA_BLOCKER_PRESENT|SENSOR_NOT_RESOLVED_TO_SENTINEL_2_OPTICAL|REQUIREMENT_ALREADY_BLOCKED,GUARDRAILS_PRESERVED_SENSOR_FAMILY_RESOLUTION_ONLY
patch_petropolis_00829,Petropolis,3,requires_manual_sensor_selection,blocked_unknown_asset_type,BLOCKED_UNKNOWN_ASSET_TYPE,ONLY_UNKNOWN_OR_UNUSABLE_ASSET_TYPE_AVAILABLE,REJECTED_UNKNOWN_ASSET_TYPE,asset_ref_59549f205c4f,unknown,false,false,false,true,false,false,METADATA_REPAIR_REQUIRED_BEFORE_REQUEST|PREVIOUS_METADATA_BLOCKER_PRESENT|SENSOR_NOT_RESOLVED_TO_SENTINEL_2_OPTICAL|REQUIREMENT_ALREADY_BLOCKED,GUARDRAILS_PRESERVED_SENSOR_FAMILY_RESOLUTION_ONLY
patch_petropolis_00860,Petropolis,1,requires_manual_sensor_selection,blocked_unknown_asset_type,BLOCKED_UNKNOWN_ASSET_TYPE,ONLY_UNKNOWN_OR_UNUSABLE_ASSET_TYPE_AVAILABLE,REJECTED_UNKNOWN_ASSET_TYPE,asset_ref_7adcf4f66abe,unknown,false,false,false,true,false,false,METADATA_REPAIR_REQUIRED_BEFORE_REQUEST|PREVIOUS_METADATA_BLOCKER_PRESENT|SENSOR_NOT_RESOLVED_TO_SENTINEL_2_OPTICAL|REQUIREMENT_ALREADY_BLOCKED,GUARDRAILS_PRESERVED_SENSOR_FAMILY_RESOLUTION_ONLY
patch_petropolis_00860,Petropolis,2,requires_manual_sensor_selection,blocked_unknown_asset_type,BLOCKED_UNKNOWN_ASSET_TYPE,ONLY_UNKNOWN_OR_UNUSABLE_ASSET_TYPE_AVAILABLE,REJECTED_UNKNOWN_ASSET_TYPE,asset_ref_7adcf4f66abe,unknown,false,false,false,true,false,false,METADATA_REPAIR_REQUIRED_BEFORE_REQUEST|PREVIOUS_METADATA_BLOCKER_PRESENT|SENSOR_NOT_RESOLVED_TO_SENTINEL_2_OPTICAL|REQUIREMENT_ALREADY_BLOCKED,GUARDRAILS_PRESERVED_SENSOR_FAMILY_RESOLUTION_ONLY
patch_petropolis_00860,Petropolis,3,requires_manual_sensor_selection,blocked_unknown_asset_type,BLOCKED_UNKNOWN_ASSET_TYPE,ONLY_UNKNOWN_OR_UNUSABLE_ASSET_TYPE_AVAILABLE,REJECTED_UNKNOWN_ASSET_TYPE,asset_ref_7adcf4f66abe,unknown,false,false,false,true,false,false,METADATA_REPAIR_REQUIRED_BEFORE_REQUEST|PREVIOUS_METADATA_BLOCKER_PRESENT|SENSOR_NOT_RESOLVED_TO_SENTINEL_2_OPTICAL|REQUIREMENT_ALREADY_BLOCKED,GUARDRAILS_PRESERVED_SENSOR_FAMILY_RESOLUTION_ONLY
patch_petropolis_00863,Petropolis,1,requires_manual_sensor_selection,blocked_unknown_asset_type,BLOCKED_UNKNOWN_ASSET_TYPE,ONLY_UNKNOWN_OR_UNUSABLE_ASSET_TYPE_AVAILABLE,REJECTED_UNKNOWN_ASSET_TYPE,asset_ref_98b583dd70af,unknown,false,false,false,true,false,false,METADATA_REPAIR_REQUIRED_BEFORE_REQUEST|PREVIOUS_METADATA_BLOCKER_PRESENT|SENSOR_NOT_RESOLVED_TO_SENTINEL_2_OPTICAL|REQUIREMENT_ALREADY_BLOCKED,GUARDRAILS_PRESERVED_SENSOR_FAMILY_RESOLUTION_ONLY
patch_petropolis_00863,Petropolis,2,requires_manual_sensor_selection,blocked_unknown_asset_type,BLOCKED_UNKNOWN_ASSET_TYPE,ONLY_UNKNOWN_OR_UNUSABLE_ASSET_TYPE_AVAILABLE,REJECTED_UNKNOWN_ASSET_TYPE,asset_ref_98b583dd70af,unknown,false,false,false,true,false,false,METADATA_REPAIR_REQUIRED_BEFORE_REQUEST|PREVIOUS_METADATA_BLOCKER_PRESENT|SENSOR_NOT_RESOLVED_TO_SENTINEL_2_OPTICAL|REQUIREMENT_ALREADY_BLOCKED,GUARDRAILS_PRESERVED_SENSOR_FAMILY_RESOLUTION_ONLY
patch_petropolis_00863,Petropolis,3,requires_manual_sensor_selection,blocked_unknown_asset_type,BLOCKED_UNKNOWN_ASSET_TYPE,ONLY_UNKNOWN_OR_UNUSABLE_ASSET_TYPE_AVAILABLE,REJECTED_UNKNOWN_ASSET_TYPE,asset_ref_98b583dd70af,unknown,false,false,false,true,false,false,METADATA_REPAIR_REQUIRED_BEFORE_REQUEST|PREVIOUS_METADATA_BLOCKER_PRESENT|SENSOR_NOT_RESOLVED_TO_SENTINEL_2_OPTICAL|REQUIREMENT_ALREADY_BLOCKED,GUARDRAILS_PRESERVED_SENSOR_FAMILY_RESOLUTION_ONLY
patch_petropolis_00865,Petropolis,1,requires_manual_sensor_selection,blocked_unknown_asset_type,BLOCKED_UNKNOWN_ASSET_TYPE,ONLY_UNKNOWN_OR_UNUSABLE_ASSET_TYPE_AVAILABLE,REJECTED_UNKNOWN_ASSET_TYPE,asset_ref_f06122dbf757,unknown,false,false,false,true,false,false,METADATA_REPAIR_REQUIRED_BEFORE_REQUEST|PREVIOUS_METADATA_BLOCKER_PRESENT|SENSOR_NOT_RESOLVED_TO_SENTINEL_2_OPTICAL|REQUIREMENT_ALREADY_BLOCKED,GUARDRAILS_PRESERVED_SENSOR_FAMILY_RESOLUTION_ONLY
patch_petropolis_00865,Petropolis,2,requires_manual_sensor_selection,blocked_unknown_asset_type,BLOCKED_UNKNOWN_ASSET_TYPE,ONLY_UNKNOWN_OR_UNUSABLE_ASSET_TYPE_AVAILABLE,REJECTED_UNKNOWN_ASSET_TYPE,asset_ref_f06122dbf757,unknown,false,false,false,true,false,false,METADATA_REPAIR_REQUIRED_BEFORE_REQUEST|PREVIOUS_METADATA_BLOCKER_PRESENT|SENSOR_NOT_RESOLVED_TO_SENTINEL_2_OPTICAL|REQUIREMENT_ALREADY_BLOCKED,GUARDRAILS_PRESERVED_SENSOR_FAMILY_RESOLUTION_ONLY
patch_petropolis_00865,Petropolis,3,requires_manual_sensor_selection,blocked_unknown_asset_type,BLOCKED_UNKNOWN_ASSET_TYPE,ONLY_UNKNOWN_OR_UNUSABLE_ASSET_TYPE_AVAILABLE,REJECTED_UNKNOWN_ASSET_TYPE,asset_ref_f06122dbf757,unknown,false,false,false,true,false,false,METADATA_REPAIR_REQUIRED_BEFORE_REQUEST|PREVIOUS_METADATA_BLOCKER_PRESENT|SENSOR_NOT_RESOLVED_TO_SENTINEL_2_OPTICAL|REQUIREMENT_ALREADY_BLOCKED,GUARDRAILS_PRESERVED_SENSOR_FAMILY_RESOLUTION_ONLY
patch_petropolis_00916,Petropolis,1,requires_manual_sensor_selection,blocked_unknown_asset_type,BLOCKED_UNKNOWN_ASSET_TYPE,ONLY_UNKNOWN_OR_UNUSABLE_ASSET_TYPE_AVAILABLE,REJECTED_UNKNOWN_ASSET_TYPE,asset_ref_5369e634a378,unknown,false,false,false,true,false,false,METADATA_REPAIR_REQUIRED_BEFORE_REQUEST|PREVIOUS_METADATA_BLOCKER_PRESENT|SENSOR_NOT_RESOLVED_TO_SENTINEL_2_OPTICAL|REQUIREMENT_ALREADY_BLOCKED,GUARDRAILS_PRESERVED_SENSOR_FAMILY_RESOLUTION_ONLY
patch_petropolis_00916,Petropolis,2,requires_manual_sensor_selection,blocked_unknown_asset_type,BLOCKED_UNKNOWN_ASSET_TYPE,ONLY_UNKNOWN_OR_UNUSABLE_ASSET_TYPE_AVAILABLE,REJECTED_UNKNOWN_ASSET_TYPE,asset_ref_5369e634a378,unknown,false,false,false,true,false,false,METADATA_REPAIR_REQUIRED_BEFORE_REQUEST|PREVIOUS_METADATA_BLOCKER_PRESENT|SENSOR_NOT_RESOLVED_TO_SENTINEL_2_OPTICAL|REQUIREMENT_ALREADY_BLOCKED,GUARDRAILS_PRESERVED_SENSOR_FAMILY_RESOLUTION_ONLY
patch_petropolis_00916,Petropolis,3,requires_manual_sensor_selection,blocked_unknown_asset_type,BLOCKED_UNKNOWN_ASSET_TYPE,ONLY_UNKNOWN_OR_UNUSABLE_ASSET_TYPE_AVAILABLE,REJECTED_UNKNOWN_ASSET_TYPE,asset_ref_5369e634a378,unknown,false,false,false,true,false,false,METADATA_REPAIR_REQUIRED_BEFORE_REQUEST|PREVIOUS_METADATA_BLOCKER_PRESENT|SENSOR_NOT_RESOLVED_TO_SENTINEL_2_OPTICAL|REQUIREMENT_ALREADY_BLOCKED,GUARDRAILS_PRESERVED_SENSOR_FAMILY_RESOLUTION_ONLY
patch_petropolis_00986,Petropolis,1,requires_manual_sensor_selection,blocked_unknown_asset_type,BLOCKED_UNKNOWN_ASSET_TYPE,ONLY_UNKNOWN_OR_UNUSABLE_ASSET_TYPE_AVAILABLE,REJECTED_UNKNOWN_ASSET_TYPE,asset_ref_08e15fdfcaa0,unknown,false,false,false,true,false,false,METADATA_REPAIR_REQUIRED_BEFORE_REQUEST|PREVIOUS_METADATA_BLOCKER_PRESENT|SENSOR_NOT_RESOLVED_TO_SENTINEL_2_OPTICAL|REQUIREMENT_ALREADY_BLOCKED,GUARDRAILS_PRESERVED_SENSOR_FAMILY_RESOLUTION_ONLY
patch_petropolis_00986,Petropolis,2,requires_manual_sensor_selection,blocked_unknown_asset_type,BLOCKED_UNKNOWN_ASSET_TYPE,ONLY_UNKNOWN_OR_UNUSABLE_ASSET_TYPE_AVAILABLE,REJECTED_UNKNOWN_ASSET_TYPE,asset_ref_08e15fdfcaa0,unknown,false,false,false,true,false,false,METADATA_REPAIR_REQUIRED_BEFORE_REQUEST|PREVIOUS_METADATA_BLOCKER_PRESENT|SENSOR_NOT_RESOLVED_TO_SENTINEL_2_OPTICAL|REQUIREMENT_ALREADY_BLOCKED,GUARDRAILS_PRESERVED_SENSOR_FAMILY_RESOLUTION_ONLY
patch_petropolis_00986,Petropolis,3,requires_manual_sensor_selection,blocked_unknown_asset_type,BLOCKED_UNKNOWN_ASSET_TYPE,ONLY_UNKNOWN_OR_UNUSABLE_ASSET_TYPE_AVAILABLE,REJECTED_UNKNOWN_ASSET_TYPE,asset_ref_08e15fdfcaa0,unknown,false,false,false,true,false,false,METADATA_REPAIR_REQUIRED_BEFORE_REQUEST|PREVIOUS_METADATA_BLOCKER_PRESENT|SENSOR_NOT_RESOLVED_TO_SENTINEL_2_OPTICAL|REQUIREMENT_ALREADY_BLOCKED,GUARDRAILS_PRESERVED_SENSOR_FAMILY_RESOLUTION_ONLY
patch_petropolis_01307,Petropolis,1,requires_manual_sensor_selection,blocked_unknown_asset_type,BLOCKED_UNKNOWN_ASSET_TYPE,ONLY_UNKNOWN_OR_UNUSABLE_ASSET_TYPE_AVAILABLE,REJECTED_UNKNOWN_ASSET_TYPE,asset_ref_494ca2cb3a60,unknown,false,false,false,true,false,false,METADATA_REPAIR_REQUIRED_BEFORE_REQUEST|PREVIOUS_METADATA_BLOCKER_PRESENT|SENSOR_NOT_RESOLVED_TO_SENTINEL_2_OPTICAL|REQUIREMENT_ALREADY_BLOCKED,GUARDRAILS_PRESERVED_SENSOR_FAMILY_RESOLUTION_ONLY
patch_petropolis_01307,Petropolis,2,requires_manual_sensor_selection,blocked_unknown_asset_type,BLOCKED_UNKNOWN_ASSET_TYPE,ONLY_UNKNOWN_OR_UNUSABLE_ASSET_TYPE_AVAILABLE,REJECTED_UNKNOWN_ASSET_TYPE,asset_ref_494ca2cb3a60,unknown,false,false,false,true,false,false,METADATA_REPAIR_REQUIRED_BEFORE_REQUEST|PREVIOUS_METADATA_BLOCKER_PRESENT|SENSOR_NOT_RESOLVED_TO_SENTINEL_2_OPTICAL|REQUIREMENT_ALREADY_BLOCKED,GUARDRAILS_PRESERVED_SENSOR_FAMILY_RESOLUTION_ONLY
patch_petropolis_01307,Petropolis,3,requires_manual_sensor_selection,blocked_unknown_asset_type,BLOCKED_UNKNOWN_ASSET_TYPE,ONLY_UNKNOWN_OR_UNUSABLE_ASSET_TYPE_AVAILABLE,REJECTED_UNKNOWN_ASSET_TYPE,asset_ref_494ca2cb3a60,unknown,false,false,false,true,false,false,METADATA_REPAIR_REQUIRED_BEFORE_REQUEST|PREVIOUS_METADATA_BLOCKER_PRESENT|SENSOR_NOT_RESOLVED_TO_SENTINEL_2_OPTICAL|REQUIREMENT_ALREADY_BLOCKED,GUARDRAILS_PRESERVED_SENSOR_FAMILY_RESOLUTION_ONLY
patch_petropolis_01323,Petropolis,1,requires_manual_sensor_selection,blocked_unknown_asset_type,BLOCKED_UNKNOWN_ASSET_TYPE,ONLY_UNKNOWN_OR_UNUSABLE_ASSET_TYPE_AVAILABLE,REJECTED_UNKNOWN_ASSET_TYPE,asset_ref_8242d06dc905,unknown,false,false,false,true,false,false,METADATA_REPAIR_REQUIRED_BEFORE_REQUEST|PREVIOUS_METADATA_BLOCKER_PRESENT|SENSOR_NOT_RESOLVED_TO_SENTINEL_2_OPTICAL|REQUIREMENT_ALREADY_BLOCKED,GUARDRAILS_PRESERVED_SENSOR_FAMILY_RESOLUTION_ONLY
patch_petropolis_01323,Petropolis,2,requires_manual_sensor_selection,blocked_unknown_asset_type,BLOCKED_UNKNOWN_ASSET_TYPE,ONLY_UNKNOWN_OR_UNUSABLE_ASSET_TYPE_AVAILABLE,REJECTED_UNKNOWN_ASSET_TYPE,asset_ref_8242d06dc905,unknown,false,false,false,true,false,false,METADATA_REPAIR_REQUIRED_BEFORE_REQUEST|PREVIOUS_METADATA_BLOCKER_PRESENT|SENSOR_NOT_RESOLVED_TO_SENTINEL_2_OPTICAL|REQUIREMENT_ALREADY_BLOCKED,GUARDRAILS_PRESERVED_SENSOR_FAMILY_RESOLUTION_ONLY
patch_petropolis_01323,Petropolis,3,requires_manual_sensor_selection,blocked_unknown_asset_type,BLOCKED_UNKNOWN_ASSET_TYPE,ONLY_UNKNOWN_OR_UNUSABLE_ASSET_TYPE_AVAILABLE,REJECTED_UNKNOWN_ASSET_TYPE,asset_ref_8242d06dc905,unknown,false,false,false,true,false,false,METADATA_REPAIR_REQUIRED_BEFORE_REQUEST|PREVIOUS_METADATA_BLOCKER_PRESENT|SENSOR_NOT_RESOLVED_TO_SENTINEL_2_OPTICAL|REQUIREMENT_ALREADY_BLOCKED,GUARDRAILS_PRESERVED_SENSOR_FAMILY_RESOLUTION_ONLY
patch_petropolis_01349,Petropolis,1,requires_manual_sensor_selection,blocked_unknown_asset_type,BLOCKED_UNKNOWN_ASSET_TYPE,ONLY_UNKNOWN_OR_UNUSABLE_ASSET_TYPE_AVAILABLE,REJECTED_UNKNOWN_ASSET_TYPE,asset_ref_036524c1c06a,unknown,false,false,false,true,false,false,METADATA_REPAIR_REQUIRED_BEFORE_REQUEST|PREVIOUS_METADATA_BLOCKER_PRESENT|SENSOR_NOT_RESOLVED_TO_SENTINEL_2_OPTICAL|REQUIREMENT_ALREADY_BLOCKED,GUARDRAILS_PRESERVED_SENSOR_FAMILY_RESOLUTION_ONLY
patch_petropolis_01349,Petropolis,2,requires_manual_sensor_selection,blocked_unknown_asset_type,BLOCKED_UNKNOWN_ASSET_TYPE,ONLY_UNKNOWN_OR_UNUSABLE_ASSET_TYPE_AVAILABLE,REJECTED_UNKNOWN_ASSET_TYPE,asset_ref_036524c1c06a,unknown,false,false,false,true,false,false,METADATA_REPAIR_REQUIRED_BEFORE_REQUEST|PREVIOUS_METADATA_BLOCKER_PRESENT|SENSOR_NOT_RESOLVED_TO_SENTINEL_2_OPTICAL|REQUIREMENT_ALREADY_BLOCKED,GUARDRAILS_PRESERVED_SENSOR_FAMILY_RESOLUTION_ONLY
patch_petropolis_01349,Petropolis,3,requires_manual_sensor_selection,blocked_unknown_asset_type,BLOCKED_UNKNOWN_ASSET_TYPE,ONLY_UNKNOWN_OR_UNUSABLE_ASSET_TYPE_AVAILABLE,REJECTED_UNKNOWN_ASSET_TYPE,asset_ref_036524c1c06a,unknown,false,false,false,true,false,false,METADATA_REPAIR_REQUIRED_BEFORE_REQUEST|PREVIOUS_METADATA_BLOCKER_PRESENT|SENSOR_NOT_RESOLVED_TO_SENTINEL_2_OPTICAL|REQUIREMENT_ALREADY_BLOCKED,GUARDRAILS_PRESERVED_SENSOR_FAMILY_RESOLUTION_ONLY
patch_petropolis_01352,Petropolis,1,requires_manual_sensor_selection,blocked_unknown_asset_type,BLOCKED_UNKNOWN_ASSET_TYPE,ONLY_UNKNOWN_OR_UNUSABLE_ASSET_TYPE_AVAILABLE,REJECTED_UNKNOWN_ASSET_TYPE,asset_ref_8d1cbd2c16b8,unknown,false,false,false,true,false,false,METADATA_REPAIR_REQUIRED_BEFORE_REQUEST|PREVIOUS_METADATA_BLOCKER_PRESENT|SENSOR_NOT_RESOLVED_TO_SENTINEL_2_OPTICAL|REQUIREMENT_ALREADY_BLOCKED,GUARDRAILS_PRESERVED_SENSOR_FAMILY_RESOLUTION_ONLY
patch_petropolis_01352,Petropolis,2,requires_manual_sensor_selection,blocked_unknown_asset_type,BLOCKED_UNKNOWN_ASSET_TYPE,ONLY_UNKNOWN_OR_UNUSABLE_ASSET_TYPE_AVAILABLE,REJECTED_UNKNOWN_ASSET_TYPE,asset_ref_8d1cbd2c16b8,unknown,false,false,false,true,false,false,METADATA_REPAIR_REQUIRED_BEFORE_REQUEST|PREVIOUS_METADATA_BLOCKER_PRESENT|SENSOR_NOT_RESOLVED_TO_SENTINEL_2_OPTICAL|REQUIREMENT_ALREADY_BLOCKED,GUARDRAILS_PRESERVED_SENSOR_FAMILY_RESOLUTION_ONLY
patch_petropolis_01352,Petropolis,3,requires_manual_sensor_selection,blocked_unknown_asset_type,BLOCKED_UNKNOWN_ASSET_TYPE,ONLY_UNKNOWN_OR_UNUSABLE_ASSET_TYPE_AVAILABLE,REJECTED_UNKNOWN_ASSET_TYPE,asset_ref_8d1cbd2c16b8,unknown,false,false,false,true,false,false,METADATA_REPAIR_REQUIRED_BEFORE_REQUEST|PREVIOUS_METADATA_BLOCKER_PRESENT|SENSOR_NOT_RESOLVED_TO_SENTINEL_2_OPTICAL|REQUIREMENT_ALREADY_BLOCKED,GUARDRAILS_PRESERVED_SENSOR_FAMILY_RESOLUTION_ONLY
patch_petropolis_01386,Petropolis,1,requires_manual_sensor_selection,blocked_unknown_asset_type,BLOCKED_UNKNOWN_ASSET_TYPE,ONLY_UNKNOWN_OR_UNUSABLE_ASSET_TYPE_AVAILABLE,REJECTED_UNKNOWN_ASSET_TYPE,asset_ref_56ba156ebb35,unknown,false,false,false,true,false,false,METADATA_REPAIR_REQUIRED_BEFORE_REQUEST|PREVIOUS_METADATA_BLOCKER_PRESENT|SENSOR_NOT_RESOLVED_TO_SENTINEL_2_OPTICAL|REQUIREMENT_ALREADY_BLOCKED,GUARDRAILS_PRESERVED_SENSOR_FAMILY_RESOLUTION_ONLY
patch_petropolis_01386,Petropolis,2,requires_manual_sensor_selection,blocked_unknown_asset_type,BLOCKED_UNKNOWN_ASSET_TYPE,ONLY_UNKNOWN_OR_UNUSABLE_ASSET_TYPE_AVAILABLE,REJECTED_UNKNOWN_ASSET_TYPE,asset_ref_56ba156ebb35,unknown,false,false,false,true,false,false,METADATA_REPAIR_REQUIRED_BEFORE_REQUEST|PREVIOUS_METADATA_BLOCKER_PRESENT|SENSOR_NOT_RESOLVED_TO_SENTINEL_2_OPTICAL|REQUIREMENT_ALREADY_BLOCKED,GUARDRAILS_PRESERVED_SENSOR_FAMILY_RESOLUTION_ONLY
patch_petropolis_01386,Petropolis,3,requires_manual_sensor_selection,blocked_unknown_asset_type,BLOCKED_UNKNOWN_ASSET_TYPE,ONLY_UNKNOWN_OR_UNUSABLE_ASSET_TYPE_AVAILABLE,REJECTED_UNKNOWN_ASSET_TYPE,asset_ref_56ba156ebb35,unknown,false,false,false,true,false,false,METADATA_REPAIR_REQUIRED_BEFORE_REQUEST|PREVIOUS_METADATA_BLOCKER_PRESENT|SENSOR_NOT_RESOLVED_TO_SENTINEL_2_OPTICAL|REQUIREMENT_ALREADY_BLOCKED,GUARDRAILS_PRESERVED_SENSOR_FAMILY_RESOLUTION_ONLY
patch_petropolis_01403,Petropolis,1,requires_manual_sensor_selection,blocked_unknown_asset_type,BLOCKED_UNKNOWN_ASSET_TYPE,ONLY_UNKNOWN_OR_UNUSABLE_ASSET_TYPE_AVAILABLE,REJECTED_UNKNOWN_ASSET_TYPE,asset_ref_64234d49cb3a,unknown,false,false,false,true,false,false,METADATA_REPAIR_REQUIRED_BEFORE_REQUEST|PREVIOUS_METADATA_BLOCKER_PRESENT|SENSOR_NOT_RESOLVED_TO_SENTINEL_2_OPTICAL|REQUIREMENT_ALREADY_BLOCKED,GUARDRAILS_PRESERVED_SENSOR_FAMILY_RESOLUTION_ONLY
patch_petropolis_01403,Petropolis,2,requires_manual_sensor_selection,blocked_unknown_asset_type,BLOCKED_UNKNOWN_ASSET_TYPE,ONLY_UNKNOWN_OR_UNUSABLE_ASSET_TYPE_AVAILABLE,REJECTED_UNKNOWN_ASSET_TYPE,asset_ref_64234d49cb3a,unknown,false,false,false,true,false,false,METADATA_REPAIR_REQUIRED_BEFORE_REQUEST|PREVIOUS_METADATA_BLOCKER_PRESENT|SENSOR_NOT_RESOLVED_TO_SENTINEL_2_OPTICAL|REQUIREMENT_ALREADY_BLOCKED,GUARDRAILS_PRESERVED_SENSOR_FAMILY_RESOLUTION_ONLY
patch_petropolis_01403,Petropolis,3,requires_manual_sensor_selection,blocked_unknown_asset_type,BLOCKED_UNKNOWN_ASSET_TYPE,ONLY_UNKNOWN_OR_UNUSABLE_ASSET_TYPE_AVAILABLE,REJECTED_UNKNOWN_ASSET_TYPE,asset_ref_64234d49cb3a,unknown,false,false,false,true,false,false,METADATA_REPAIR_REQUIRED_BEFORE_REQUEST|PREVIOUS_METADATA_BLOCKER_PRESENT|SENSOR_NOT_RESOLVED_TO_SENTINEL_2_OPTICAL|REQUIREMENT_ALREADY_BLOCKED,GUARDRAILS_PRESERVED_SENSOR_FAMILY_RESOLUTION_ONLY
patch_petropolis_01458,Petropolis,1,requires_manual_sensor_selection,blocked_unknown_asset_type,BLOCKED_UNKNOWN_ASSET_TYPE,ONLY_UNKNOWN_OR_UNUSABLE_ASSET_TYPE_AVAILABLE,REJECTED_UNKNOWN_ASSET_TYPE,asset_ref_c00c068774a9,unknown,false,false,false,true,false,false,METADATA_REPAIR_REQUIRED_BEFORE_REQUEST|PREVIOUS_METADATA_BLOCKER_PRESENT|SENSOR_NOT_RESOLVED_TO_SENTINEL_2_OPTICAL|REQUIREMENT_ALREADY_BLOCKED,GUARDRAILS_PRESERVED_SENSOR_FAMILY_RESOLUTION_ONLY
patch_petropolis_01458,Petropolis,2,requires_manual_sensor_selection,blocked_unknown_asset_type,BLOCKED_UNKNOWN_ASSET_TYPE,ONLY_UNKNOWN_OR_UNUSABLE_ASSET_TYPE_AVAILABLE,REJECTED_UNKNOWN_ASSET_TYPE,asset_ref_c00c068774a9,unknown,false,false,false,true,false,false,METADATA_REPAIR_REQUIRED_BEFORE_REQUEST|PREVIOUS_METADATA_BLOCKER_PRESENT|SENSOR_NOT_RESOLVED_TO_SENTINEL_2_OPTICAL|REQUIREMENT_ALREADY_BLOCKED,GUARDRAILS_PRESERVED_SENSOR_FAMILY_RESOLUTION_ONLY
patch_petropolis_01458,Petropolis,3,requires_manual_sensor_selection,blocked_unknown_asset_type,BLOCKED_UNKNOWN_ASSET_TYPE,ONLY_UNKNOWN_OR_UNUSABLE_ASSET_TYPE_AVAILABLE,REJECTED_UNKNOWN_ASSET_TYPE,asset_ref_c00c068774a9,unknown,false,false,false,true,false,false,METADATA_REPAIR_REQUIRED_BEFORE_REQUEST|PREVIOUS_METADATA_BLOCKER_PRESENT|SENSOR_NOT_RESOLVED_TO_SENTINEL_2_OPTICAL|REQUIREMENT_ALREADY_BLOCKED,GUARDRAILS_PRESERVED_SENSOR_FAMILY_RESOLUTION_ONLY
patch_petropolis_01478,Petropolis,1,requires_manual_sensor_selection,blocked_unknown_asset_type,BLOCKED_UNKNOWN_ASSET_TYPE,ONLY_UNKNOWN_OR_UNUSABLE_ASSET_TYPE_AVAILABLE,REJECTED_UNKNOWN_ASSET_TYPE,asset_ref_9b8782b550fb,unknown,false,false,false,true,false,false,METADATA_REPAIR_REQUIRED_BEFORE_REQUEST|PREVIOUS_METADATA_BLOCKER_PRESENT|SENSOR_NOT_RESOLVED_TO_SENTINEL_2_OPTICAL|REQUIREMENT_ALREADY_BLOCKED,GUARDRAILS_PRESERVED_SENSOR_FAMILY_RESOLUTION_ONLY
patch_petropolis_01478,Petropolis,2,requires_manual_sensor_selection,blocked_unknown_asset_type,BLOCKED_UNKNOWN_ASSET_TYPE,ONLY_UNKNOWN_OR_UNUSABLE_ASSET_TYPE_AVAILABLE,REJECTED_UNKNOWN_ASSET_TYPE,asset_ref_9b8782b550fb,unknown,false,false,false,true,false,false,METADATA_REPAIR_REQUIRED_BEFORE_REQUEST|PREVIOUS_METADATA_BLOCKER_PRESENT|SENSOR_NOT_RESOLVED_TO_SENTINEL_2_OPTICAL|REQUIREMENT_ALREADY_BLOCKED,GUARDRAILS_PRESERVED_SENSOR_FAMILY_RESOLUTION_ONLY
patch_petropolis_01478,Petropolis,3,requires_manual_sensor_selection,blocked_unknown_asset_type,BLOCKED_UNKNOWN_ASSET_TYPE,ONLY_UNKNOWN_OR_UNUSABLE_ASSET_TYPE_AVAILABLE,REJECTED_UNKNOWN_ASSET_TYPE,asset_ref_9b8782b550fb,unknown,false,false,false,true,false,false,METADATA_REPAIR_REQUIRED_BEFORE_REQUEST|PREVIOUS_METADATA_BLOCKER_PRESENT|SENSOR_NOT_RESOLVED_TO_SENTINEL_2_OPTICAL|REQUIREMENT_ALREADY_BLOCKED,GUARDRAILS_PRESERVED_SENSOR_FAMILY_RESOLUTION_ONLY
patch_petropolis_01483,Petropolis,1,requires_manual_sensor_selection,blocked_unknown_asset_type,BLOCKED_UNKNOWN_ASSET_TYPE,ONLY_UNKNOWN_OR_UNUSABLE_ASSET_TYPE_AVAILABLE,REJECTED_UNKNOWN_ASSET_TYPE,asset_ref_ad0015e6b465,unknown,false,false,false,true,false,false,METADATA_REPAIR_REQUIRED_BEFORE_REQUEST|PREVIOUS_METADATA_BLOCKER_PRESENT|SENSOR_NOT_RESOLVED_TO_SENTINEL_2_OPTICAL|REQUIREMENT_ALREADY_BLOCKED,GUARDRAILS_PRESERVED_SENSOR_FAMILY_RESOLUTION_ONLY
patch_petropolis_01483,Petropolis,2,requires_manual_sensor_selection,blocked_unknown_asset_type,BLOCKED_UNKNOWN_ASSET_TYPE,ONLY_UNKNOWN_OR_UNUSABLE_ASSET_TYPE_AVAILABLE,REJECTED_UNKNOWN_ASSET_TYPE,asset_ref_ad0015e6b465,unknown,false,false,false,true,false,false,METADATA_REPAIR_REQUIRED_BEFORE_REQUEST|PREVIOUS_METADATA_BLOCKER_PRESENT|SENSOR_NOT_RESOLVED_TO_SENTINEL_2_OPTICAL|REQUIREMENT_ALREADY_BLOCKED,GUARDRAILS_PRESERVED_SENSOR_FAMILY_RESOLUTION_ONLY
patch_petropolis_01483,Petropolis,3,requires_manual_sensor_selection,blocked_unknown_asset_type,BLOCKED_UNKNOWN_ASSET_TYPE,ONLY_UNKNOWN_OR_UNUSABLE_ASSET_TYPE_AVAILABLE,REJECTED_UNKNOWN_ASSET_TYPE,asset_ref_ad0015e6b465,unknown,false,false,false,true,false,false,METADATA_REPAIR_REQUIRED_BEFORE_REQUEST|PREVIOUS_METADATA_BLOCKER_PRESENT|SENSOR_NOT_RESOLVED_TO_SENTINEL_2_OPTICAL|REQUIREMENT_ALREADY_BLOCKED,GUARDRAILS_PRESERVED_SENSOR_FAMILY_RESOLUTION_ONLY
patch_petropolis_01488,Petropolis,1,requires_manual_sensor_selection,blocked_unknown_asset_type,BLOCKED_UNKNOWN_ASSET_TYPE,ONLY_UNKNOWN_OR_UNUSABLE_ASSET_TYPE_AVAILABLE,REJECTED_UNKNOWN_ASSET_TYPE,asset_ref_e91873e94c49,unknown,false,false,false,true,false,false,METADATA_REPAIR_REQUIRED_BEFORE_REQUEST|PREVIOUS_METADATA_BLOCKER_PRESENT|SENSOR_NOT_RESOLVED_TO_SENTINEL_2_OPTICAL|REQUIREMENT_ALREADY_BLOCKED,GUARDRAILS_PRESERVED_SENSOR_FAMILY_RESOLUTION_ONLY
patch_petropolis_01488,Petropolis,2,requires_manual_sensor_selection,blocked_unknown_asset_type,BLOCKED_UNKNOWN_ASSET_TYPE,ONLY_UNKNOWN_OR_UNUSABLE_ASSET_TYPE_AVAILABLE,REJECTED_UNKNOWN_ASSET_TYPE,asset_ref_e91873e94c49,unknown,false,false,false,true,false,false,METADATA_REPAIR_REQUIRED_BEFORE_REQUEST|PREVIOUS_METADATA_BLOCKER_PRESENT|SENSOR_NOT_RESOLVED_TO_SENTINEL_2_OPTICAL|REQUIREMENT_ALREADY_BLOCKED,GUARDRAILS_PRESERVED_SENSOR_FAMILY_RESOLUTION_ONLY
patch_petropolis_01488,Petropolis,3,requires_manual_sensor_selection,blocked_unknown_asset_type,BLOCKED_UNKNOWN_ASSET_TYPE,ONLY_UNKNOWN_OR_UNUSABLE_ASSET_TYPE_AVAILABLE,REJECTED_UNKNOWN_ASSET_TYPE,asset_ref_e91873e94c49,unknown,false,false,false,true,false,false,METADATA_REPAIR_REQUIRED_BEFORE_REQUEST|PREVIOUS_METADATA_BLOCKER_PRESENT|SENSOR_NOT_RESOLVED_TO_SENTINEL_2_OPTICAL|REQUIREMENT_ALREADY_BLOCKED,GUARDRAILS_PRESERVED_SENSOR_FAMILY_RESOLUTION_ONLY
patch_petropolis_01495,Petropolis,1,requires_manual_sensor_selection,blocked_unknown_asset_type,BLOCKED_UNKNOWN_ASSET_TYPE,ONLY_UNKNOWN_OR_UNUSABLE_ASSET_TYPE_AVAILABLE,REJECTED_UNKNOWN_ASSET_TYPE,asset_ref_f09c15b4565e,unknown,false,false,false,true,false,false,METADATA_REPAIR_REQUIRED_BEFORE_REQUEST|PREVIOUS_METADATA_BLOCKER_PRESENT|SENSOR_NOT_RESOLVED_TO_SENTINEL_2_OPTICAL|REQUIREMENT_ALREADY_BLOCKED,GUARDRAILS_PRESERVED_SENSOR_FAMILY_RESOLUTION_ONLY
patch_petropolis_01495,Petropolis,2,requires_manual_sensor_selection,blocked_unknown_asset_type,BLOCKED_UNKNOWN_ASSET_TYPE,ONLY_UNKNOWN_OR_UNUSABLE_ASSET_TYPE_AVAILABLE,REJECTED_UNKNOWN_ASSET_TYPE,asset_ref_f09c15b4565e,unknown,false,false,false,true,false,false,METADATA_REPAIR_REQUIRED_BEFORE_REQUEST|PREVIOUS_METADATA_BLOCKER_PRESENT|SENSOR_NOT_RESOLVED_TO_SENTINEL_2_OPTICAL|REQUIREMENT_ALREADY_BLOCKED,GUARDRAILS_PRESERVED_SENSOR_FAMILY_RESOLUTION_ONLY
patch_petropolis_01495,Petropolis,3,requires_manual_sensor_selection,blocked_unknown_asset_type,BLOCKED_UNKNOWN_ASSET_TYPE,ONLY_UNKNOWN_OR_UNUSABLE_ASSET_TYPE_AVAILABLE,REJECTED_UNKNOWN_ASSET_TYPE,asset_ref_f09c15b4565e,unknown,false,false,false,true,false,false,METADATA_REPAIR_REQUIRED_BEFORE_REQUEST|PREVIOUS_METADATA_BLOCKER_PRESENT|SENSOR_NOT_RESOLVED_TO_SENTINEL_2_OPTICAL|REQUIREMENT_ALREADY_BLOCKED,GUARDRAILS_PRESERVED_SENSOR_FAMILY_RESOLUTION_ONLY
patch_recife_00019,Recife,1,requires_manual_sensor_selection,blocked_unknown_asset_type,BLOCKED_UNKNOWN_ASSET_TYPE,ONLY_UNKNOWN_OR_UNUSABLE_ASSET_TYPE_AVAILABLE,REJECTED_UNKNOWN_ASSET_TYPE,asset_ref_01b7aa9981a6,unknown,false,false,false,true,false,false,METADATA_REPAIR_REQUIRED_BEFORE_REQUEST|PREVIOUS_METADATA_BLOCKER_PRESENT|SENSOR_NOT_RESOLVED_TO_SENTINEL_2_OPTICAL|REQUIREMENT_ALREADY_BLOCKED,GUARDRAILS_PRESERVED_SENSOR_FAMILY_RESOLUTION_ONLY
patch_recife_00019,Recife,2,requires_manual_sensor_selection,blocked_unknown_asset_type,BLOCKED_UNKNOWN_ASSET_TYPE,ONLY_UNKNOWN_OR_UNUSABLE_ASSET_TYPE_AVAILABLE,REJECTED_UNKNOWN_ASSET_TYPE,asset_ref_01b7aa9981a6,unknown,false,false,false,true,false,false,METADATA_REPAIR_REQUIRED_BEFORE_REQUEST|PREVIOUS_METADATA_BLOCKER_PRESENT|SENSOR_NOT_RESOLVED_TO_SENTINEL_2_OPTICAL|REQUIREMENT_ALREADY_BLOCKED,GUARDRAILS_PRESERVED_SENSOR_FAMILY_RESOLUTION_ONLY
patch_recife_00019,Recife,3,requires_manual_sensor_selection,blocked_unknown_asset_type,BLOCKED_UNKNOWN_ASSET_TYPE,ONLY_UNKNOWN_OR_UNUSABLE_ASSET_TYPE_AVAILABLE,REJECTED_UNKNOWN_ASSET_TYPE,asset_ref_01b7aa9981a6,unknown,false,false,false,true,false,false,METADATA_REPAIR_REQUIRED_BEFORE_REQUEST|PREVIOUS_METADATA_BLOCKER_PRESENT|SENSOR_NOT_RESOLVED_TO_SENTINEL_2_OPTICAL|REQUIREMENT_ALREADY_BLOCKED,GUARDRAILS_PRESERVED_SENSOR_FAMILY_RESOLUTION_ONLY
patch_recife_00183,Recife,1,requires_manual_sensor_selection,blocked_unknown_asset_type,BLOCKED_UNKNOWN_ASSET_TYPE,ONLY_UNKNOWN_OR_UNUSABLE_ASSET_TYPE_AVAILABLE,REJECTED_UNKNOWN_ASSET_TYPE,asset_ref_c65863860474,unknown,false,false,false,true,false,false,METADATA_REPAIR_REQUIRED_BEFORE_REQUEST|PREVIOUS_METADATA_BLOCKER_PRESENT|SENSOR_NOT_RESOLVED_TO_SENTINEL_2_OPTICAL|REQUIREMENT_ALREADY_BLOCKED,GUARDRAILS_PRESERVED_SENSOR_FAMILY_RESOLUTION_ONLY
patch_recife_00183,Recife,2,requires_manual_sensor_selection,blocked_unknown_asset_type,BLOCKED_UNKNOWN_ASSET_TYPE,ONLY_UNKNOWN_OR_UNUSABLE_ASSET_TYPE_AVAILABLE,REJECTED_UNKNOWN_ASSET_TYPE,asset_ref_c65863860474,unknown,false,false,false,true,false,false,METADATA_REPAIR_REQUIRED_BEFORE_REQUEST|PREVIOUS_METADATA_BLOCKER_PRESENT|SENSOR_NOT_RESOLVED_TO_SENTINEL_2_OPTICAL|REQUIREMENT_ALREADY_BLOCKED,GUARDRAILS_PRESERVED_SENSOR_FAMILY_RESOLUTION_ONLY
patch_recife_00183,Recife,3,requires_manual_sensor_selection,blocked_unknown_asset_type,BLOCKED_UNKNOWN_ASSET_TYPE,ONLY_UNKNOWN_OR_UNUSABLE_ASSET_TYPE_AVAILABLE,REJECTED_UNKNOWN_ASSET_TYPE,asset_ref_c65863860474,unknown,false,false,false,true,false,false,METADATA_REPAIR_REQUIRED_BEFORE_REQUEST|PREVIOUS_METADATA_BLOCKER_PRESENT|SENSOR_NOT_RESOLVED_TO_SENTINEL_2_OPTICAL|REQUIREMENT_ALREADY_BLOCKED,GUARDRAILS_PRESERVED_SENSOR_FAMILY_RESOLUTION_ONLY
patch_recife_00204,Recife,1,requires_manual_sensor_selection,blocked_unknown_asset_type,BLOCKED_UNKNOWN_ASSET_TYPE,ONLY_UNKNOWN_OR_UNUSABLE_ASSET_TYPE_AVAILABLE,REJECTED_UNKNOWN_ASSET_TYPE,asset_ref_94b83f67f486,unknown,false,false,false,true,false,false,METADATA_REPAIR_REQUIRED_BEFORE_REQUEST|PREVIOUS_METADATA_BLOCKER_PRESENT|SENSOR_NOT_RESOLVED_TO_SENTINEL_2_OPTICAL|REQUIREMENT_ALREADY_BLOCKED,GUARDRAILS_PRESERVED_SENSOR_FAMILY_RESOLUTION_ONLY
patch_recife_00204,Recife,2,requires_manual_sensor_selection,blocked_unknown_asset_type,BLOCKED_UNKNOWN_ASSET_TYPE,ONLY_UNKNOWN_OR_UNUSABLE_ASSET_TYPE_AVAILABLE,REJECTED_UNKNOWN_ASSET_TYPE,asset_ref_94b83f67f486,unknown,false,false,false,true,false,false,METADATA_REPAIR_REQUIRED_BEFORE_REQUEST|PREVIOUS_METADATA_BLOCKER_PRESENT|SENSOR_NOT_RESOLVED_TO_SENTINEL_2_OPTICAL|REQUIREMENT_ALREADY_BLOCKED,GUARDRAILS_PRESERVED_SENSOR_FAMILY_RESOLUTION_ONLY
patch_recife_00204,Recife,3,requires_manual_sensor_selection,blocked_unknown_asset_type,BLOCKED_UNKNOWN_ASSET_TYPE,ONLY_UNKNOWN_OR_UNUSABLE_ASSET_TYPE_AVAILABLE,REJECTED_UNKNOWN_ASSET_TYPE,asset_ref_94b83f67f486,unknown,false,false,false,true,false,false,METADATA_REPAIR_REQUIRED_BEFORE_REQUEST|PREVIOUS_METADATA_BLOCKER_PRESENT|SENSOR_NOT_RESOLVED_TO_SENTINEL_2_OPTICAL|REQUIREMENT_ALREADY_BLOCKED,GUARDRAILS_PRESERVED_SENSOR_FAMILY_RESOLUTION_ONLY
patch_recife_00205,Recife,1,requires_manual_sensor_selection,blocked_unknown_asset_type,BLOCKED_UNKNOWN_ASSET_TYPE,ONLY_UNKNOWN_OR_UNUSABLE_ASSET_TYPE_AVAILABLE,REJECTED_UNKNOWN_ASSET_TYPE,asset_ref_2af4e1ff2799,unknown,false,false,false,true,false,false,METADATA_REPAIR_REQUIRED_BEFORE_REQUEST|PREVIOUS_METADATA_BLOCKER_PRESENT|SENSOR_NOT_RESOLVED_TO_SENTINEL_2_OPTICAL|REQUIREMENT_ALREADY_BLOCKED,GUARDRAILS_PRESERVED_SENSOR_FAMILY_RESOLUTION_ONLY
patch_recife_00205,Recife,2,requires_manual_sensor_selection,blocked_unknown_asset_type,BLOCKED_UNKNOWN_ASSET_TYPE,ONLY_UNKNOWN_OR_UNUSABLE_ASSET_TYPE_AVAILABLE,REJECTED_UNKNOWN_ASSET_TYPE,asset_ref_2af4e1ff2799,unknown,false,false,false,true,false,false,METADATA_REPAIR_REQUIRED_BEFORE_REQUEST|PREVIOUS_METADATA_BLOCKER_PRESENT|SENSOR_NOT_RESOLVED_TO_SENTINEL_2_OPTICAL|REQUIREMENT_ALREADY_BLOCKED,GUARDRAILS_PRESERVED_SENSOR_FAMILY_RESOLUTION_ONLY
patch_recife_00205,Recife,3,requires_manual_sensor_selection,blocked_unknown_asset_type,BLOCKED_UNKNOWN_ASSET_TYPE,ONLY_UNKNOWN_OR_UNUSABLE_ASSET_TYPE_AVAILABLE,REJECTED_UNKNOWN_ASSET_TYPE,asset_ref_2af4e1ff2799,unknown,false,false,false,true,false,false,METADATA_REPAIR_REQUIRED_BEFORE_REQUEST|PREVIOUS_METADATA_BLOCKER_PRESENT|SENSOR_NOT_RESOLVED_TO_SENTINEL_2_OPTICAL|REQUIREMENT_ALREADY_BLOCKED,GUARDRAILS_PRESERVED_SENSOR_FAMILY_RESOLUTION_ONLY
patch_recife_00227,Recife,1,requires_manual_sensor_selection,blocked_unknown_asset_type,BLOCKED_UNKNOWN_ASSET_TYPE,ONLY_UNKNOWN_OR_UNUSABLE_ASSET_TYPE_AVAILABLE,REJECTED_UNKNOWN_ASSET_TYPE,asset_ref_3430de77069e,unknown,false,false,false,true,false,false,METADATA_REPAIR_REQUIRED_BEFORE_REQUEST|PREVIOUS_METADATA_BLOCKER_PRESENT|SENSOR_NOT_RESOLVED_TO_SENTINEL_2_OPTICAL|REQUIREMENT_ALREADY_BLOCKED,GUARDRAILS_PRESERVED_SENSOR_FAMILY_RESOLUTION_ONLY
patch_recife_00227,Recife,2,requires_manual_sensor_selection,blocked_unknown_asset_type,BLOCKED_UNKNOWN_ASSET_TYPE,ONLY_UNKNOWN_OR_UNUSABLE_ASSET_TYPE_AVAILABLE,REJECTED_UNKNOWN_ASSET_TYPE,asset_ref_3430de77069e,unknown,false,false,false,true,false,false,METADATA_REPAIR_REQUIRED_BEFORE_REQUEST|PREVIOUS_METADATA_BLOCKER_PRESENT|SENSOR_NOT_RESOLVED_TO_SENTINEL_2_OPTICAL|REQUIREMENT_ALREADY_BLOCKED,GUARDRAILS_PRESERVED_SENSOR_FAMILY_RESOLUTION_ONLY
patch_recife_00227,Recife,3,requires_manual_sensor_selection,blocked_unknown_asset_type,BLOCKED_UNKNOWN_ASSET_TYPE,ONLY_UNKNOWN_OR_UNUSABLE_ASSET_TYPE_AVAILABLE,REJECTED_UNKNOWN_ASSET_TYPE,asset_ref_3430de77069e,unknown,false,false,false,true,false,false,METADATA_REPAIR_REQUIRED_BEFORE_REQUEST|PREVIOUS_METADATA_BLOCKER_PRESENT|SENSOR_NOT_RESOLVED_TO_SENTINEL_2_OPTICAL|REQUIREMENT_ALREADY_BLOCKED,GUARDRAILS_PRESERVED_SENSOR_FAMILY_RESOLUTION_ONLY
patch_recife_00260,Recife,1,requires_manual_sensor_selection,blocked_unknown_asset_type,BLOCKED_UNKNOWN_ASSET_TYPE,ONLY_UNKNOWN_OR_UNUSABLE_ASSET_TYPE_AVAILABLE,REJECTED_UNKNOWN_ASSET_TYPE,asset_ref_80d17baf6b45,unknown,false,false,false,true,false,false,METADATA_REPAIR_REQUIRED_BEFORE_REQUEST|PREVIOUS_METADATA_BLOCKER_PRESENT|SENSOR_NOT_RESOLVED_TO_SENTINEL_2_OPTICAL|REQUIREMENT_ALREADY_BLOCKED,GUARDRAILS_PRESERVED_SENSOR_FAMILY_RESOLUTION_ONLY
patch_recife_00260,Recife,2,requires_manual_sensor_selection,blocked_unknown_asset_type,BLOCKED_UNKNOWN_ASSET_TYPE,ONLY_UNKNOWN_OR_UNUSABLE_ASSET_TYPE_AVAILABLE,REJECTED_UNKNOWN_ASSET_TYPE,asset_ref_80d17baf6b45,unknown,false,false,false,true,false,false,METADATA_REPAIR_REQUIRED_BEFORE_REQUEST|PREVIOUS_METADATA_BLOCKER_PRESENT|SENSOR_NOT_RESOLVED_TO_SENTINEL_2_OPTICAL|REQUIREMENT_ALREADY_BLOCKED,GUARDRAILS_PRESERVED_SENSOR_FAMILY_RESOLUTION_ONLY
patch_recife_00260,Recife,3,requires_manual_sensor_selection,blocked_unknown_asset_type,BLOCKED_UNKNOWN_ASSET_TYPE,ONLY_UNKNOWN_OR_UNUSABLE_ASSET_TYPE_AVAILABLE,REJECTED_UNKNOWN_ASSET_TYPE,asset_ref_80d17baf6b45,unknown,false,false,false,true,false,false,METADATA_REPAIR_REQUIRED_BEFORE_REQUEST|PREVIOUS_METADATA_BLOCKER_PRESENT|SENSOR_NOT_RESOLVED_TO_SENTINEL_2_OPTICAL|REQUIREMENT_ALREADY_BLOCKED,GUARDRAILS_PRESERVED_SENSOR_FAMILY_RESOLUTION_ONLY
patch_recife_00276,Recife,1,requires_manual_sensor_selection,blocked_unknown_asset_type,BLOCKED_UNKNOWN_ASSET_TYPE,ONLY_UNKNOWN_OR_UNUSABLE_ASSET_TYPE_AVAILABLE,REJECTED_UNKNOWN_ASSET_TYPE,asset_ref_b2861c89c42e,unknown,false,false,false,true,false,false,METADATA_REPAIR_REQUIRED_BEFORE_REQUEST|PREVIOUS_METADATA_BLOCKER_PRESENT|SENSOR_NOT_RESOLVED_TO_SENTINEL_2_OPTICAL|REQUIREMENT_ALREADY_BLOCKED,GUARDRAILS_PRESERVED_SENSOR_FAMILY_RESOLUTION_ONLY
patch_recife_00276,Recife,2,requires_manual_sensor_selection,blocked_unknown_asset_type,BLOCKED_UNKNOWN_ASSET_TYPE,ONLY_UNKNOWN_OR_UNUSABLE_ASSET_TYPE_AVAILABLE,REJECTED_UNKNOWN_ASSET_TYPE,asset_ref_b2861c89c42e,unknown,false,false,false,true,false,false,METADATA_REPAIR_REQUIRED_BEFORE_REQUEST|PREVIOUS_METADATA_BLOCKER_PRESENT|SENSOR_NOT_RESOLVED_TO_SENTINEL_2_OPTICAL|REQUIREMENT_ALREADY_BLOCKED,GUARDRAILS_PRESERVED_SENSOR_FAMILY_RESOLUTION_ONLY
patch_recife_00276,Recife,3,requires_manual_sensor_selection,blocked_unknown_asset_type,BLOCKED_UNKNOWN_ASSET_TYPE,ONLY_UNKNOWN_OR_UNUSABLE_ASSET_TYPE_AVAILABLE,REJECTED_UNKNOWN_ASSET_TYPE,asset_ref_b2861c89c42e,unknown,false,false,false,true,false,false,METADATA_REPAIR_REQUIRED_BEFORE_REQUEST|PREVIOUS_METADATA_BLOCKER_PRESENT|SENSOR_NOT_RESOLVED_TO_SENTINEL_2_OPTICAL|REQUIREMENT_ALREADY_BLOCKED,GUARDRAILS_PRESERVED_SENSOR_FAMILY_RESOLUTION_ONLY
patch_recife_00279,Recife,1,requires_manual_sensor_selection,blocked_unknown_asset_type,BLOCKED_UNKNOWN_ASSET_TYPE,ONLY_UNKNOWN_OR_UNUSABLE_ASSET_TYPE_AVAILABLE,REJECTED_UNKNOWN_ASSET_TYPE,asset_ref_a9637f2f25b9,unknown,false,false,false,true,false,false,METADATA_REPAIR_REQUIRED_BEFORE_REQUEST|PREVIOUS_METADATA_BLOCKER_PRESENT|SENSOR_NOT_RESOLVED_TO_SENTINEL_2_OPTICAL|REQUIREMENT_ALREADY_BLOCKED,GUARDRAILS_PRESERVED_SENSOR_FAMILY_RESOLUTION_ONLY
patch_recife_00279,Recife,2,requires_manual_sensor_selection,blocked_unknown_asset_type,BLOCKED_UNKNOWN_ASSET_TYPE,ONLY_UNKNOWN_OR_UNUSABLE_ASSET_TYPE_AVAILABLE,REJECTED_UNKNOWN_ASSET_TYPE,asset_ref_a9637f2f25b9,unknown,false,false,false,true,false,false,METADATA_REPAIR_REQUIRED_BEFORE_REQUEST|PREVIOUS_METADATA_BLOCKER_PRESENT|SENSOR_NOT_RESOLVED_TO_SENTINEL_2_OPTICAL|REQUIREMENT_ALREADY_BLOCKED,GUARDRAILS_PRESERVED_SENSOR_FAMILY_RESOLUTION_ONLY
patch_recife_00279,Recife,3,requires_manual_sensor_selection,blocked_unknown_asset_type,BLOCKED_UNKNOWN_ASSET_TYPE,ONLY_UNKNOWN_OR_UNUSABLE_ASSET_TYPE_AVAILABLE,REJECTED_UNKNOWN_ASSET_TYPE,asset_ref_a9637f2f25b9,unknown,false,false,false,true,false,false,METADATA_REPAIR_REQUIRED_BEFORE_REQUEST|PREVIOUS_METADATA_BLOCKER_PRESENT|SENSOR_NOT_RESOLVED_TO_SENTINEL_2_OPTICAL|REQUIREMENT_ALREADY_BLOCKED,GUARDRAILS_PRESERVED_SENSOR_FAMILY_RESOLUTION_ONLY
patch_recife_00289,Recife,1,requires_manual_sensor_selection,blocked_unknown_asset_type,BLOCKED_UNKNOWN_ASSET_TYPE,ONLY_UNKNOWN_OR_UNUSABLE_ASSET_TYPE_AVAILABLE,REJECTED_UNKNOWN_ASSET_TYPE,asset_ref_931a2512db74,unknown,false,false,false,true,false,false,METADATA_REPAIR_REQUIRED_BEFORE_REQUEST|PREVIOUS_METADATA_BLOCKER_PRESENT|SENSOR_NOT_RESOLVED_TO_SENTINEL_2_OPTICAL|REQUIREMENT_ALREADY_BLOCKED,GUARDRAILS_PRESERVED_SENSOR_FAMILY_RESOLUTION_ONLY
patch_recife_00289,Recife,2,requires_manual_sensor_selection,blocked_unknown_asset_type,BLOCKED_UNKNOWN_ASSET_TYPE,ONLY_UNKNOWN_OR_UNUSABLE_ASSET_TYPE_AVAILABLE,REJECTED_UNKNOWN_ASSET_TYPE,asset_ref_931a2512db74,unknown,false,false,false,true,false,false,METADATA_REPAIR_REQUIRED_BEFORE_REQUEST|PREVIOUS_METADATA_BLOCKER_PRESENT|SENSOR_NOT_RESOLVED_TO_SENTINEL_2_OPTICAL|REQUIREMENT_ALREADY_BLOCKED,GUARDRAILS_PRESERVED_SENSOR_FAMILY_RESOLUTION_ONLY
patch_recife_00289,Recife,3,requires_manual_sensor_selection,blocked_unknown_asset_type,BLOCKED_UNKNOWN_ASSET_TYPE,ONLY_UNKNOWN_OR_UNUSABLE_ASSET_TYPE_AVAILABLE,REJECTED_UNKNOWN_ASSET_TYPE,asset_ref_931a2512db74,unknown,false,false,false,true,false,false,METADATA_REPAIR_REQUIRED_BEFORE_REQUEST|PREVIOUS_METADATA_BLOCKER_PRESENT|SENSOR_NOT_RESOLVED_TO_SENTINEL_2_OPTICAL|REQUIREMENT_ALREADY_BLOCKED,GUARDRAILS_PRESERVED_SENSOR_FAMILY_RESOLUTION_ONLY
patch_recife_00290,Recife,1,requires_manual_sensor_selection,blocked_unknown_asset_type,BLOCKED_UNKNOWN_ASSET_TYPE,ONLY_UNKNOWN_OR_UNUSABLE_ASSET_TYPE_AVAILABLE,REJECTED_UNKNOWN_ASSET_TYPE,asset_ref_7259e0345d61,unknown,false,false,false,true,false,false,METADATA_REPAIR_REQUIRED_BEFORE_REQUEST|PREVIOUS_METADATA_BLOCKER_PRESENT|SENSOR_NOT_RESOLVED_TO_SENTINEL_2_OPTICAL|REQUIREMENT_ALREADY_BLOCKED,GUARDRAILS_PRESERVED_SENSOR_FAMILY_RESOLUTION_ONLY
patch_recife_00290,Recife,2,requires_manual_sensor_selection,blocked_unknown_asset_type,BLOCKED_UNKNOWN_ASSET_TYPE,ONLY_UNKNOWN_OR_UNUSABLE_ASSET_TYPE_AVAILABLE,REJECTED_UNKNOWN_ASSET_TYPE,asset_ref_7259e0345d61,unknown,false,false,false,true,false,false,METADATA_REPAIR_REQUIRED_BEFORE_REQUEST|PREVIOUS_METADATA_BLOCKER_PRESENT|SENSOR_NOT_RESOLVED_TO_SENTINEL_2_OPTICAL|REQUIREMENT_ALREADY_BLOCKED,GUARDRAILS_PRESERVED_SENSOR_FAMILY_RESOLUTION_ONLY
patch_recife_00290,Recife,3,requires_manual_sensor_selection,blocked_unknown_asset_type,BLOCKED_UNKNOWN_ASSET_TYPE,ONLY_UNKNOWN_OR_UNUSABLE_ASSET_TYPE_AVAILABLE,REJECTED_UNKNOWN_ASSET_TYPE,asset_ref_7259e0345d61,unknown,false,false,false,true,false,false,METADATA_REPAIR_REQUIRED_BEFORE_REQUEST|PREVIOUS_METADATA_BLOCKER_PRESENT|SENSOR_NOT_RESOLVED_TO_SENTINEL_2_OPTICAL|REQUIREMENT_ALREADY_BLOCKED,GUARDRAILS_PRESERVED_SENSOR_FAMILY_RESOLUTION_ONLY
patch_recife_00291,Recife,1,requires_manual_sensor_selection,blocked_unknown_asset_type,BLOCKED_UNKNOWN_ASSET_TYPE,ONLY_UNKNOWN_OR_UNUSABLE_ASSET_TYPE_AVAILABLE,REJECTED_UNKNOWN_ASSET_TYPE,asset_ref_45124b5af1c4,unknown,false,false,false,true,false,false,METADATA_REPAIR_REQUIRED_BEFORE_REQUEST|PREVIOUS_METADATA_BLOCKER_PRESENT|SENSOR_NOT_RESOLVED_TO_SENTINEL_2_OPTICAL|REQUIREMENT_ALREADY_BLOCKED,GUARDRAILS_PRESERVED_SENSOR_FAMILY_RESOLUTION_ONLY
patch_recife_00291,Recife,2,requires_manual_sensor_selection,blocked_unknown_asset_type,BLOCKED_UNKNOWN_ASSET_TYPE,ONLY_UNKNOWN_OR_UNUSABLE_ASSET_TYPE_AVAILABLE,REJECTED_UNKNOWN_ASSET_TYPE,asset_ref_45124b5af1c4,unknown,false,false,false,true,false,false,METADATA_REPAIR_REQUIRED_BEFORE_REQUEST|PREVIOUS_METADATA_BLOCKER_PRESENT|SENSOR_NOT_RESOLVED_TO_SENTINEL_2_OPTICAL|REQUIREMENT_ALREADY_BLOCKED,GUARDRAILS_PRESERVED_SENSOR_FAMILY_RESOLUTION_ONLY
patch_recife_00291,Recife,3,requires_manual_sensor_selection,blocked_unknown_asset_type,BLOCKED_UNKNOWN_ASSET_TYPE,ONLY_UNKNOWN_OR_UNUSABLE_ASSET_TYPE_AVAILABLE,REJECTED_UNKNOWN_ASSET_TYPE,asset_ref_45124b5af1c4,unknown,false,false,false,true,false,false,METADATA_REPAIR_REQUIRED_BEFORE_REQUEST|PREVIOUS_METADATA_BLOCKER_PRESENT|SENSOR_NOT_RESOLVED_TO_SENTINEL_2_OPTICAL|REQUIREMENT_ALREADY_BLOCKED,GUARDRAILS_PRESERVED_SENSOR_FAMILY_RESOLUTION_ONLY
patch_recife_00292,Recife,1,requires_manual_sensor_selection,blocked_unknown_asset_type,BLOCKED_UNKNOWN_ASSET_TYPE,ONLY_UNKNOWN_OR_UNUSABLE_ASSET_TYPE_AVAILABLE,REJECTED_UNKNOWN_ASSET_TYPE,asset_ref_a47bd6ea1def,unknown,false,false,false,true,false,false,METADATA_REPAIR_REQUIRED_BEFORE_REQUEST|PREVIOUS_METADATA_BLOCKER_PRESENT|SENSOR_NOT_RESOLVED_TO_SENTINEL_2_OPTICAL|REQUIREMENT_ALREADY_BLOCKED,GUARDRAILS_PRESERVED_SENSOR_FAMILY_RESOLUTION_ONLY
patch_recife_00292,Recife,2,requires_manual_sensor_selection,blocked_unknown_asset_type,BLOCKED_UNKNOWN_ASSET_TYPE,ONLY_UNKNOWN_OR_UNUSABLE_ASSET_TYPE_AVAILABLE,REJECTED_UNKNOWN_ASSET_TYPE,asset_ref_a47bd6ea1def,unknown,false,false,false,true,false,false,METADATA_REPAIR_REQUIRED_BEFORE_REQUEST|PREVIOUS_METADATA_BLOCKER_PRESENT|SENSOR_NOT_RESOLVED_TO_SENTINEL_2_OPTICAL|REQUIREMENT_ALREADY_BLOCKED,GUARDRAILS_PRESERVED_SENSOR_FAMILY_RESOLUTION_ONLY
patch_recife_00292,Recife,3,requires_manual_sensor_selection,blocked_unknown_asset_type,BLOCKED_UNKNOWN_ASSET_TYPE,ONLY_UNKNOWN_OR_UNUSABLE_ASSET_TYPE_AVAILABLE,REJECTED_UNKNOWN_ASSET_TYPE,asset_ref_a47bd6ea1def,unknown,false,false,false,true,false,false,METADATA_REPAIR_REQUIRED_BEFORE_REQUEST|PREVIOUS_METADATA_BLOCKER_PRESENT|SENSOR_NOT_RESOLVED_TO_SENTINEL_2_OPTICAL|REQUIREMENT_ALREADY_BLOCKED,GUARDRAILS_PRESERVED_SENSOR_FAMILY_RESOLUTION_ONLY
patch_recife_00294,Recife,1,requires_manual_sensor_selection,blocked_unknown_asset_type,BLOCKED_UNKNOWN_ASSET_TYPE,ONLY_UNKNOWN_OR_UNUSABLE_ASSET_TYPE_AVAILABLE,REJECTED_UNKNOWN_ASSET_TYPE,asset_ref_6dd8e4ee6bfa,unknown,false,false,false,true,false,false,METADATA_REPAIR_REQUIRED_BEFORE_REQUEST|PREVIOUS_METADATA_BLOCKER_PRESENT|SENSOR_NOT_RESOLVED_TO_SENTINEL_2_OPTICAL|REQUIREMENT_ALREADY_BLOCKED,GUARDRAILS_PRESERVED_SENSOR_FAMILY_RESOLUTION_ONLY
patch_recife_00294,Recife,2,requires_manual_sensor_selection,blocked_unknown_asset_type,BLOCKED_UNKNOWN_ASSET_TYPE,ONLY_UNKNOWN_OR_UNUSABLE_ASSET_TYPE_AVAILABLE,REJECTED_UNKNOWN_ASSET_TYPE,asset_ref_6dd8e4ee6bfa,unknown,false,false,false,true,false,false,METADATA_REPAIR_REQUIRED_BEFORE_REQUEST|PREVIOUS_METADATA_BLOCKER_PRESENT|SENSOR_NOT_RESOLVED_TO_SENTINEL_2_OPTICAL|REQUIREMENT_ALREADY_BLOCKED,GUARDRAILS_PRESERVED_SENSOR_FAMILY_RESOLUTION_ONLY
patch_recife_00294,Recife,3,requires_manual_sensor_selection,blocked_unknown_asset_type,BLOCKED_UNKNOWN_ASSET_TYPE,ONLY_UNKNOWN_OR_UNUSABLE_ASSET_TYPE_AVAILABLE,REJECTED_UNKNOWN_ASSET_TYPE,asset_ref_6dd8e4ee6bfa,unknown,false,false,false,true,false,false,METADATA_REPAIR_REQUIRED_BEFORE_REQUEST|PREVIOUS_METADATA_BLOCKER_PRESENT|SENSOR_NOT_RESOLVED_TO_SENTINEL_2_OPTICAL|REQUIREMENT_ALREADY_BLOCKED,GUARDRAILS_PRESERVED_SENSOR_FAMILY_RESOLUTION_ONLY
patch_recife_00296,Recife,1,requires_manual_sensor_selection,blocked_unknown_asset_type,BLOCKED_UNKNOWN_ASSET_TYPE,ONLY_UNKNOWN_OR_UNUSABLE_ASSET_TYPE_AVAILABLE,REJECTED_UNKNOWN_ASSET_TYPE,asset_ref_8846cf5af059,unknown,false,false,false,true,false,false,METADATA_REPAIR_REQUIRED_BEFORE_REQUEST|PREVIOUS_METADATA_BLOCKER_PRESENT|SENSOR_NOT_RESOLVED_TO_SENTINEL_2_OPTICAL|REQUIREMENT_ALREADY_BLOCKED,GUARDRAILS_PRESERVED_SENSOR_FAMILY_RESOLUTION_ONLY
patch_recife_00296,Recife,2,requires_manual_sensor_selection,blocked_unknown_asset_type,BLOCKED_UNKNOWN_ASSET_TYPE,ONLY_UNKNOWN_OR_UNUSABLE_ASSET_TYPE_AVAILABLE,REJECTED_UNKNOWN_ASSET_TYPE,asset_ref_8846cf5af059,unknown,false,false,false,true,false,false,METADATA_REPAIR_REQUIRED_BEFORE_REQUEST|PREVIOUS_METADATA_BLOCKER_PRESENT|SENSOR_NOT_RESOLVED_TO_SENTINEL_2_OPTICAL|REQUIREMENT_ALREADY_BLOCKED,GUARDRAILS_PRESERVED_SENSOR_FAMILY_RESOLUTION_ONLY
patch_recife_00296,Recife,3,requires_manual_sensor_selection,blocked_unknown_asset_type,BLOCKED_UNKNOWN_ASSET_TYPE,ONLY_UNKNOWN_OR_UNUSABLE_ASSET_TYPE_AVAILABLE,REJECTED_UNKNOWN_ASSET_TYPE,asset_ref_8846cf5af059,unknown,false,false,false,true,false,false,METADATA_REPAIR_REQUIRED_BEFORE_REQUEST|PREVIOUS_METADATA_BLOCKER_PRESENT|SENSOR_NOT_RESOLVED_TO_SENTINEL_2_OPTICAL|REQUIREMENT_ALREADY_BLOCKED,GUARDRAILS_PRESERVED_SENSOR_FAMILY_RESOLUTION_ONLY
patch_recife_00299,Recife,1,requires_manual_sensor_selection,blocked_unknown_asset_type,BLOCKED_UNKNOWN_ASSET_TYPE,ONLY_UNKNOWN_OR_UNUSABLE_ASSET_TYPE_AVAILABLE,REJECTED_UNKNOWN_ASSET_TYPE,asset_ref_c51c1c87fc2e,unknown,false,false,false,true,false,false,METADATA_REPAIR_REQUIRED_BEFORE_REQUEST|PREVIOUS_METADATA_BLOCKER_PRESENT|SENSOR_NOT_RESOLVED_TO_SENTINEL_2_OPTICAL|REQUIREMENT_ALREADY_BLOCKED,GUARDRAILS_PRESERVED_SENSOR_FAMILY_RESOLUTION_ONLY
patch_recife_00299,Recife,2,requires_manual_sensor_selection,blocked_unknown_asset_type,BLOCKED_UNKNOWN_ASSET_TYPE,ONLY_UNKNOWN_OR_UNUSABLE_ASSET_TYPE_AVAILABLE,REJECTED_UNKNOWN_ASSET_TYPE,asset_ref_c51c1c87fc2e,unknown,false,false,false,true,false,false,METADATA_REPAIR_REQUIRED_BEFORE_REQUEST|PREVIOUS_METADATA_BLOCKER_PRESENT|SENSOR_NOT_RESOLVED_TO_SENTINEL_2_OPTICAL|REQUIREMENT_ALREADY_BLOCKED,GUARDRAILS_PRESERVED_SENSOR_FAMILY_RESOLUTION_ONLY
patch_recife_00299,Recife,3,requires_manual_sensor_selection,blocked_unknown_asset_type,BLOCKED_UNKNOWN_ASSET_TYPE,ONLY_UNKNOWN_OR_UNUSABLE_ASSET_TYPE_AVAILABLE,REJECTED_UNKNOWN_ASSET_TYPE,asset_ref_c51c1c87fc2e,unknown,false,false,false,true,false,false,METADATA_REPAIR_REQUIRED_BEFORE_REQUEST|PREVIOUS_METADATA_BLOCKER_PRESENT|SENSOR_NOT_RESOLVED_TO_SENTINEL_2_OPTICAL|REQUIREMENT_ALREADY_BLOCKED,GUARDRAILS_PRESERVED_SENSOR_FAMILY_RESOLUTION_ONLY
patch_recife_00302,Recife,1,requires_manual_sensor_selection,blocked_unknown_asset_type,BLOCKED_UNKNOWN_ASSET_TYPE,ONLY_UNKNOWN_OR_UNUSABLE_ASSET_TYPE_AVAILABLE,REJECTED_UNKNOWN_ASSET_TYPE,asset_ref_a87de9b6ea1b,unknown,false,false,false,true,false,false,METADATA_REPAIR_REQUIRED_BEFORE_REQUEST|PREVIOUS_METADATA_BLOCKER_PRESENT|SENSOR_NOT_RESOLVED_TO_SENTINEL_2_OPTICAL|REQUIREMENT_ALREADY_BLOCKED,GUARDRAILS_PRESERVED_SENSOR_FAMILY_RESOLUTION_ONLY
patch_recife_00302,Recife,2,requires_manual_sensor_selection,blocked_unknown_asset_type,BLOCKED_UNKNOWN_ASSET_TYPE,ONLY_UNKNOWN_OR_UNUSABLE_ASSET_TYPE_AVAILABLE,REJECTED_UNKNOWN_ASSET_TYPE,asset_ref_a87de9b6ea1b,unknown,false,false,false,true,false,false,METADATA_REPAIR_REQUIRED_BEFORE_REQUEST|PREVIOUS_METADATA_BLOCKER_PRESENT|SENSOR_NOT_RESOLVED_TO_SENTINEL_2_OPTICAL|REQUIREMENT_ALREADY_BLOCKED,GUARDRAILS_PRESERVED_SENSOR_FAMILY_RESOLUTION_ONLY
patch_recife_00302,Recife,3,requires_manual_sensor_selection,blocked_unknown_asset_type,BLOCKED_UNKNOWN_ASSET_TYPE,ONLY_UNKNOWN_OR_UNUSABLE_ASSET_TYPE_AVAILABLE,REJECTED_UNKNOWN_ASSET_TYPE,asset_ref_a87de9b6ea1b,unknown,false,false,false,true,false,false,METADATA_REPAIR_REQUIRED_BEFORE_REQUEST|PREVIOUS_METADATA_BLOCKER_PRESENT|SENSOR_NOT_RESOLVED_TO_SENTINEL_2_OPTICAL|REQUIREMENT_ALREADY_BLOCKED,GUARDRAILS_PRESERVED_SENSOR_FAMILY_RESOLUTION_ONLY
patch_recife_00313,Recife,1,requires_manual_sensor_selection,blocked_unknown_asset_type,BLOCKED_UNKNOWN_ASSET_TYPE,ONLY_UNKNOWN_OR_UNUSABLE_ASSET_TYPE_AVAILABLE,REJECTED_UNKNOWN_ASSET_TYPE,asset_ref_f8408341acf7,unknown,false,false,false,true,false,false,METADATA_REPAIR_REQUIRED_BEFORE_REQUEST|PREVIOUS_METADATA_BLOCKER_PRESENT|SENSOR_NOT_RESOLVED_TO_SENTINEL_2_OPTICAL|REQUIREMENT_ALREADY_BLOCKED,GUARDRAILS_PRESERVED_SENSOR_FAMILY_RESOLUTION_ONLY
patch_recife_00313,Recife,2,requires_manual_sensor_selection,blocked_unknown_asset_type,BLOCKED_UNKNOWN_ASSET_TYPE,ONLY_UNKNOWN_OR_UNUSABLE_ASSET_TYPE_AVAILABLE,REJECTED_UNKNOWN_ASSET_TYPE,asset_ref_f8408341acf7,unknown,false,false,false,true,false,false,METADATA_REPAIR_REQUIRED_BEFORE_REQUEST|PREVIOUS_METADATA_BLOCKER_PRESENT|SENSOR_NOT_RESOLVED_TO_SENTINEL_2_OPTICAL|REQUIREMENT_ALREADY_BLOCKED,GUARDRAILS_PRESERVED_SENSOR_FAMILY_RESOLUTION_ONLY
patch_recife_00313,Recife,3,requires_manual_sensor_selection,blocked_unknown_asset_type,BLOCKED_UNKNOWN_ASSET_TYPE,ONLY_UNKNOWN_OR_UNUSABLE_ASSET_TYPE_AVAILABLE,REJECTED_UNKNOWN_ASSET_TYPE,asset_ref_f8408341acf7,unknown,false,false,false,true,false,false,METADATA_REPAIR_REQUIRED_BEFORE_REQUEST|PREVIOUS_METADATA_BLOCKER_PRESENT|SENSOR_NOT_RESOLVED_TO_SENTINEL_2_OPTICAL|REQUIREMENT_ALREADY_BLOCKED,GUARDRAILS_PRESERVED_SENSOR_FAMILY_RESOLUTION_ONLY
patch_recife_00314,Recife,1,requires_manual_sensor_selection,blocked_unknown_asset_type,BLOCKED_UNKNOWN_ASSET_TYPE,ONLY_UNKNOWN_OR_UNUSABLE_ASSET_TYPE_AVAILABLE,REJECTED_UNKNOWN_ASSET_TYPE,asset_ref_a948e9c5c133,unknown,false,false,false,true,false,false,METADATA_REPAIR_REQUIRED_BEFORE_REQUEST|PREVIOUS_METADATA_BLOCKER_PRESENT|SENSOR_NOT_RESOLVED_TO_SENTINEL_2_OPTICAL|REQUIREMENT_ALREADY_BLOCKED,GUARDRAILS_PRESERVED_SENSOR_FAMILY_RESOLUTION_ONLY
patch_recife_00314,Recife,2,requires_manual_sensor_selection,blocked_unknown_asset_type,BLOCKED_UNKNOWN_ASSET_TYPE,ONLY_UNKNOWN_OR_UNUSABLE_ASSET_TYPE_AVAILABLE,REJECTED_UNKNOWN_ASSET_TYPE,asset_ref_a948e9c5c133,unknown,false,false,false,true,false,false,METADATA_REPAIR_REQUIRED_BEFORE_REQUEST|PREVIOUS_METADATA_BLOCKER_PRESENT|SENSOR_NOT_RESOLVED_TO_SENTINEL_2_OPTICAL|REQUIREMENT_ALREADY_BLOCKED,GUARDRAILS_PRESERVED_SENSOR_FAMILY_RESOLUTION_ONLY
patch_recife_00314,Recife,3,requires_manual_sensor_selection,blocked_unknown_asset_type,BLOCKED_UNKNOWN_ASSET_TYPE,ONLY_UNKNOWN_OR_UNUSABLE_ASSET_TYPE_AVAILABLE,REJECTED_UNKNOWN_ASSET_TYPE,asset_ref_a948e9c5c133,unknown,false,false,false,true,false,false,METADATA_REPAIR_REQUIRED_BEFORE_REQUEST|PREVIOUS_METADATA_BLOCKER_PRESENT|SENSOR_NOT_RESOLVED_TO_SENTINEL_2_OPTICAL|REQUIREMENT_ALREADY_BLOCKED,GUARDRAILS_PRESERVED_SENSOR_FAMILY_RESOLUTION_ONLY
patch_recife_00354,Recife,1,requires_manual_sensor_selection,blocked_unknown_asset_type,BLOCKED_UNKNOWN_ASSET_TYPE,ONLY_UNKNOWN_OR_UNUSABLE_ASSET_TYPE_AVAILABLE,REJECTED_UNKNOWN_ASSET_TYPE,asset_ref_1badf4fc9f8d,unknown,false,false,false,true,false,false,METADATA_REPAIR_REQUIRED_BEFORE_REQUEST|PREVIOUS_METADATA_BLOCKER_PRESENT|SENSOR_NOT_RESOLVED_TO_SENTINEL_2_OPTICAL|REQUIREMENT_ALREADY_BLOCKED,GUARDRAILS_PRESERVED_SENSOR_FAMILY_RESOLUTION_ONLY
patch_recife_00354,Recife,2,requires_manual_sensor_selection,blocked_unknown_asset_type,BLOCKED_UNKNOWN_ASSET_TYPE,ONLY_UNKNOWN_OR_UNUSABLE_ASSET_TYPE_AVAILABLE,REJECTED_UNKNOWN_ASSET_TYPE,asset_ref_1badf4fc9f8d,unknown,false,false,false,true,false,false,METADATA_REPAIR_REQUIRED_BEFORE_REQUEST|PREVIOUS_METADATA_BLOCKER_PRESENT|SENSOR_NOT_RESOLVED_TO_SENTINEL_2_OPTICAL|REQUIREMENT_ALREADY_BLOCKED,GUARDRAILS_PRESERVED_SENSOR_FAMILY_RESOLUTION_ONLY
patch_recife_00354,Recife,3,requires_manual_sensor_selection,blocked_unknown_asset_type,BLOCKED_UNKNOWN_ASSET_TYPE,ONLY_UNKNOWN_OR_UNUSABLE_ASSET_TYPE_AVAILABLE,REJECTED_UNKNOWN_ASSET_TYPE,asset_ref_1badf4fc9f8d,unknown,false,false,false,true,false,false,METADATA_REPAIR_REQUIRED_BEFORE_REQUEST|PREVIOUS_METADATA_BLOCKER_PRESENT|SENSOR_NOT_RESOLVED_TO_SENTINEL_2_OPTICAL|REQUIREMENT_ALREADY_BLOCKED,GUARDRAILS_PRESERVED_SENSOR_FAMILY_RESOLUTION_ONLY
patch_recife_00355,Recife,1,requires_manual_sensor_selection,blocked_unknown_asset_type,BLOCKED_UNKNOWN_ASSET_TYPE,ONLY_UNKNOWN_OR_UNUSABLE_ASSET_TYPE_AVAILABLE,REJECTED_UNKNOWN_ASSET_TYPE,asset_ref_43afbe2700d3,unknown,false,false,false,true,false,false,METADATA_REPAIR_REQUIRED_BEFORE_REQUEST|PREVIOUS_METADATA_BLOCKER_PRESENT|SENSOR_NOT_RESOLVED_TO_SENTINEL_2_OPTICAL|REQUIREMENT_ALREADY_BLOCKED,GUARDRAILS_PRESERVED_SENSOR_FAMILY_RESOLUTION_ONLY
patch_recife_00355,Recife,2,requires_manual_sensor_selection,blocked_unknown_asset_type,BLOCKED_UNKNOWN_ASSET_TYPE,ONLY_UNKNOWN_OR_UNUSABLE_ASSET_TYPE_AVAILABLE,REJECTED_UNKNOWN_ASSET_TYPE,asset_ref_43afbe2700d3,unknown,false,false,false,true,false,false,METADATA_REPAIR_REQUIRED_BEFORE_REQUEST|PREVIOUS_METADATA_BLOCKER_PRESENT|SENSOR_NOT_RESOLVED_TO_SENTINEL_2_OPTICAL|REQUIREMENT_ALREADY_BLOCKED,GUARDRAILS_PRESERVED_SENSOR_FAMILY_RESOLUTION_ONLY
patch_recife_00355,Recife,3,requires_manual_sensor_selection,blocked_unknown_asset_type,BLOCKED_UNKNOWN_ASSET_TYPE,ONLY_UNKNOWN_OR_UNUSABLE_ASSET_TYPE_AVAILABLE,REJECTED_UNKNOWN_ASSET_TYPE,asset_ref_43afbe2700d3,unknown,false,false,false,true,false,false,METADATA_REPAIR_REQUIRED_BEFORE_REQUEST|PREVIOUS_METADATA_BLOCKER_PRESENT|SENSOR_NOT_RESOLVED_TO_SENTINEL_2_OPTICAL|REQUIREMENT_ALREADY_BLOCKED,GUARDRAILS_PRESERVED_SENSOR_FAMILY_RESOLUTION_ONLY
patch_recife_00364,Recife,1,requires_manual_sensor_selection,blocked_unknown_asset_type,BLOCKED_UNKNOWN_ASSET_TYPE,ONLY_UNKNOWN_OR_UNUSABLE_ASSET_TYPE_AVAILABLE,REJECTED_UNKNOWN_ASSET_TYPE,asset_ref_89d82895a9d0,unknown,false,false,false,true,false,false,METADATA_REPAIR_REQUIRED_BEFORE_REQUEST|PREVIOUS_METADATA_BLOCKER_PRESENT|SENSOR_NOT_RESOLVED_TO_SENTINEL_2_OPTICAL|REQUIREMENT_ALREADY_BLOCKED,GUARDRAILS_PRESERVED_SENSOR_FAMILY_RESOLUTION_ONLY
patch_recife_00364,Recife,2,requires_manual_sensor_selection,blocked_unknown_asset_type,BLOCKED_UNKNOWN_ASSET_TYPE,ONLY_UNKNOWN_OR_UNUSABLE_ASSET_TYPE_AVAILABLE,REJECTED_UNKNOWN_ASSET_TYPE,asset_ref_89d82895a9d0,unknown,false,false,false,true,false,false,METADATA_REPAIR_REQUIRED_BEFORE_REQUEST|PREVIOUS_METADATA_BLOCKER_PRESENT|SENSOR_NOT_RESOLVED_TO_SENTINEL_2_OPTICAL|REQUIREMENT_ALREADY_BLOCKED,GUARDRAILS_PRESERVED_SENSOR_FAMILY_RESOLUTION_ONLY
patch_recife_00364,Recife,3,requires_manual_sensor_selection,blocked_unknown_asset_type,BLOCKED_UNKNOWN_ASSET_TYPE,ONLY_UNKNOWN_OR_UNUSABLE_ASSET_TYPE_AVAILABLE,REJECTED_UNKNOWN_ASSET_TYPE,asset_ref_89d82895a9d0,unknown,false,false,false,true,false,false,METADATA_REPAIR_REQUIRED_BEFORE_REQUEST|PREVIOUS_METADATA_BLOCKER_PRESENT|SENSOR_NOT_RESOLVED_TO_SENTINEL_2_OPTICAL|REQUIREMENT_ALREADY_BLOCKED,GUARDRAILS_PRESERVED_SENSOR_FAMILY_RESOLUTION_ONLY
patch_recife_00388,Recife,1,requires_manual_sensor_selection,blocked_unknown_asset_type,BLOCKED_UNKNOWN_ASSET_TYPE,ONLY_UNKNOWN_OR_UNUSABLE_ASSET_TYPE_AVAILABLE,REJECTED_UNKNOWN_ASSET_TYPE,asset_ref_4264630da4a8,unknown,false,false,false,true,false,false,METADATA_REPAIR_REQUIRED_BEFORE_REQUEST|PREVIOUS_METADATA_BLOCKER_PRESENT|SENSOR_NOT_RESOLVED_TO_SENTINEL_2_OPTICAL|REQUIREMENT_ALREADY_BLOCKED,GUARDRAILS_PRESERVED_SENSOR_FAMILY_RESOLUTION_ONLY
patch_recife_00388,Recife,2,requires_manual_sensor_selection,blocked_unknown_asset_type,BLOCKED_UNKNOWN_ASSET_TYPE,ONLY_UNKNOWN_OR_UNUSABLE_ASSET_TYPE_AVAILABLE,REJECTED_UNKNOWN_ASSET_TYPE,asset_ref_4264630da4a8,unknown,false,false,false,true,false,false,METADATA_REPAIR_REQUIRED_BEFORE_REQUEST|PREVIOUS_METADATA_BLOCKER_PRESENT|SENSOR_NOT_RESOLVED_TO_SENTINEL_2_OPTICAL|REQUIREMENT_ALREADY_BLOCKED,GUARDRAILS_PRESERVED_SENSOR_FAMILY_RESOLUTION_ONLY
patch_recife_00388,Recife,3,requires_manual_sensor_selection,blocked_unknown_asset_type,BLOCKED_UNKNOWN_ASSET_TYPE,ONLY_UNKNOWN_OR_UNUSABLE_ASSET_TYPE_AVAILABLE,REJECTED_UNKNOWN_ASSET_TYPE,asset_ref_4264630da4a8,unknown,false,false,false,true,false,false,METADATA_REPAIR_REQUIRED_BEFORE_REQUEST|PREVIOUS_METADATA_BLOCKER_PRESENT|SENSOR_NOT_RESOLVED_TO_SENTINEL_2_OPTICAL|REQUIREMENT_ALREADY_BLOCKED,GUARDRAILS_PRESERVED_SENSOR_FAMILY_RESOLUTION_ONLY
patch_recife_00458,Recife,1,requires_manual_sensor_selection,blocked_unknown_asset_type,BLOCKED_UNKNOWN_ASSET_TYPE,ONLY_UNKNOWN_OR_UNUSABLE_ASSET_TYPE_AVAILABLE,REJECTED_UNKNOWN_ASSET_TYPE,asset_ref_53785c784040,unknown,false,false,false,true,false,false,METADATA_REPAIR_REQUIRED_BEFORE_REQUEST|PREVIOUS_METADATA_BLOCKER_PRESENT|SENSOR_NOT_RESOLVED_TO_SENTINEL_2_OPTICAL|REQUIREMENT_ALREADY_BLOCKED,GUARDRAILS_PRESERVED_SENSOR_FAMILY_RESOLUTION_ONLY
patch_recife_00458,Recife,2,requires_manual_sensor_selection,blocked_unknown_asset_type,BLOCKED_UNKNOWN_ASSET_TYPE,ONLY_UNKNOWN_OR_UNUSABLE_ASSET_TYPE_AVAILABLE,REJECTED_UNKNOWN_ASSET_TYPE,asset_ref_53785c784040,unknown,false,false,false,true,false,false,METADATA_REPAIR_REQUIRED_BEFORE_REQUEST|PREVIOUS_METADATA_BLOCKER_PRESENT|SENSOR_NOT_RESOLVED_TO_SENTINEL_2_OPTICAL|REQUIREMENT_ALREADY_BLOCKED,GUARDRAILS_PRESERVED_SENSOR_FAMILY_RESOLUTION_ONLY
patch_recife_00458,Recife,3,requires_manual_sensor_selection,blocked_unknown_asset_type,BLOCKED_UNKNOWN_ASSET_TYPE,ONLY_UNKNOWN_OR_UNUSABLE_ASSET_TYPE_AVAILABLE,REJECTED_UNKNOWN_ASSET_TYPE,asset_ref_53785c784040,unknown,false,false,false,true,false,false,METADATA_REPAIR_REQUIRED_BEFORE_REQUEST|PREVIOUS_METADATA_BLOCKER_PRESENT|SENSOR_NOT_RESOLVED_TO_SENTINEL_2_OPTICAL|REQUIREMENT_ALREADY_BLOCKED,GUARDRAILS_PRESERVED_SENSOR_FAMILY_RESOLUTION_ONLY
patch_recife_00460,Recife,1,requires_manual_sensor_selection,blocked_unknown_asset_type,BLOCKED_UNKNOWN_ASSET_TYPE,ONLY_UNKNOWN_OR_UNUSABLE_ASSET_TYPE_AVAILABLE,REJECTED_UNKNOWN_ASSET_TYPE,asset_ref_1bd5d2669861,unknown,false,false,false,true,false,false,METADATA_REPAIR_REQUIRED_BEFORE_REQUEST|PREVIOUS_METADATA_BLOCKER_PRESENT|SENSOR_NOT_RESOLVED_TO_SENTINEL_2_OPTICAL|REQUIREMENT_ALREADY_BLOCKED,GUARDRAILS_PRESERVED_SENSOR_FAMILY_RESOLUTION_ONLY
patch_recife_00460,Recife,2,requires_manual_sensor_selection,blocked_unknown_asset_type,BLOCKED_UNKNOWN_ASSET_TYPE,ONLY_UNKNOWN_OR_UNUSABLE_ASSET_TYPE_AVAILABLE,REJECTED_UNKNOWN_ASSET_TYPE,asset_ref_1bd5d2669861,unknown,false,false,false,true,false,false,METADATA_REPAIR_REQUIRED_BEFORE_REQUEST|PREVIOUS_METADATA_BLOCKER_PRESENT|SENSOR_NOT_RESOLVED_TO_SENTINEL_2_OPTICAL|REQUIREMENT_ALREADY_BLOCKED,GUARDRAILS_PRESERVED_SENSOR_FAMILY_RESOLUTION_ONLY
patch_recife_00460,Recife,3,requires_manual_sensor_selection,blocked_unknown_asset_type,BLOCKED_UNKNOWN_ASSET_TYPE,ONLY_UNKNOWN_OR_UNUSABLE_ASSET_TYPE_AVAILABLE,REJECTED_UNKNOWN_ASSET_TYPE,asset_ref_1bd5d2669861,unknown,false,false,false,true,false,false,METADATA_REPAIR_REQUIRED_BEFORE_REQUEST|PREVIOUS_METADATA_BLOCKER_PRESENT|SENSOR_NOT_RESOLVED_TO_SENTINEL_2_OPTICAL|REQUIREMENT_ALREADY_BLOCKED,GUARDRAILS_PRESERVED_SENSOR_FAMILY_RESOLUTION_ONLY
patch_recife_00481,Recife,1,requires_manual_sensor_selection,blocked_unknown_asset_type,BLOCKED_UNKNOWN_ASSET_TYPE,ONLY_UNKNOWN_OR_UNUSABLE_ASSET_TYPE_AVAILABLE,REJECTED_UNKNOWN_ASSET_TYPE,asset_ref_7bd27aaa47d6,unknown,false,false,false,true,false,false,METADATA_REPAIR_REQUIRED_BEFORE_REQUEST|PREVIOUS_METADATA_BLOCKER_PRESENT|SENSOR_NOT_RESOLVED_TO_SENTINEL_2_OPTICAL|REQUIREMENT_ALREADY_BLOCKED,GUARDRAILS_PRESERVED_SENSOR_FAMILY_RESOLUTION_ONLY
patch_recife_00481,Recife,2,requires_manual_sensor_selection,blocked_unknown_asset_type,BLOCKED_UNKNOWN_ASSET_TYPE,ONLY_UNKNOWN_OR_UNUSABLE_ASSET_TYPE_AVAILABLE,REJECTED_UNKNOWN_ASSET_TYPE,asset_ref_7bd27aaa47d6,unknown,false,false,false,true,false,false,METADATA_REPAIR_REQUIRED_BEFORE_REQUEST|PREVIOUS_METADATA_BLOCKER_PRESENT|SENSOR_NOT_RESOLVED_TO_SENTINEL_2_OPTICAL|REQUIREMENT_ALREADY_BLOCKED,GUARDRAILS_PRESERVED_SENSOR_FAMILY_RESOLUTION_ONLY
patch_recife_00481,Recife,3,requires_manual_sensor_selection,blocked_unknown_asset_type,BLOCKED_UNKNOWN_ASSET_TYPE,ONLY_UNKNOWN_OR_UNUSABLE_ASSET_TYPE_AVAILABLE,REJECTED_UNKNOWN_ASSET_TYPE,asset_ref_7bd27aaa47d6,unknown,false,false,false,true,false,false,METADATA_REPAIR_REQUIRED_BEFORE_REQUEST|PREVIOUS_METADATA_BLOCKER_PRESENT|SENSOR_NOT_RESOLVED_TO_SENTINEL_2_OPTICAL|REQUIREMENT_ALREADY_BLOCKED,GUARDRAILS_PRESERVED_SENSOR_FAMILY_RESOLUTION_ONLY
patch_recife_00482,Recife,1,requires_manual_sensor_selection,blocked_unknown_asset_type,BLOCKED_UNKNOWN_ASSET_TYPE,ONLY_UNKNOWN_OR_UNUSABLE_ASSET_TYPE_AVAILABLE,REJECTED_UNKNOWN_ASSET_TYPE,asset_ref_3de2d4dec82b,unknown,false,false,false,true,false,false,METADATA_REPAIR_REQUIRED_BEFORE_REQUEST|PREVIOUS_METADATA_BLOCKER_PRESENT|SENSOR_NOT_RESOLVED_TO_SENTINEL_2_OPTICAL|REQUIREMENT_ALREADY_BLOCKED,GUARDRAILS_PRESERVED_SENSOR_FAMILY_RESOLUTION_ONLY
patch_recife_00482,Recife,2,requires_manual_sensor_selection,blocked_unknown_asset_type,BLOCKED_UNKNOWN_ASSET_TYPE,ONLY_UNKNOWN_OR_UNUSABLE_ASSET_TYPE_AVAILABLE,REJECTED_UNKNOWN_ASSET_TYPE,asset_ref_3de2d4dec82b,unknown,false,false,false,true,false,false,METADATA_REPAIR_REQUIRED_BEFORE_REQUEST|PREVIOUS_METADATA_BLOCKER_PRESENT|SENSOR_NOT_RESOLVED_TO_SENTINEL_2_OPTICAL|REQUIREMENT_ALREADY_BLOCKED,GUARDRAILS_PRESERVED_SENSOR_FAMILY_RESOLUTION_ONLY
patch_recife_00482,Recife,3,requires_manual_sensor_selection,blocked_unknown_asset_type,BLOCKED_UNKNOWN_ASSET_TYPE,ONLY_UNKNOWN_OR_UNUSABLE_ASSET_TYPE_AVAILABLE,REJECTED_UNKNOWN_ASSET_TYPE,asset_ref_3de2d4dec82b,unknown,false,false,false,true,false,false,METADATA_REPAIR_REQUIRED_BEFORE_REQUEST|PREVIOUS_METADATA_BLOCKER_PRESENT|SENSOR_NOT_RESOLVED_TO_SENTINEL_2_OPTICAL|REQUIREMENT_ALREADY_BLOCKED,GUARDRAILS_PRESERVED_SENSOR_FAMILY_RESOLUTION_ONLY
patch_recife_00483,Recife,1,requires_manual_sensor_selection,blocked_unknown_asset_type,BLOCKED_UNKNOWN_ASSET_TYPE,ONLY_UNKNOWN_OR_UNUSABLE_ASSET_TYPE_AVAILABLE,REJECTED_UNKNOWN_ASSET_TYPE,asset_ref_7a1ef2a2f3d5,unknown,false,false,false,true,false,false,METADATA_REPAIR_REQUIRED_BEFORE_REQUEST|PREVIOUS_METADATA_BLOCKER_PRESENT|SENSOR_NOT_RESOLVED_TO_SENTINEL_2_OPTICAL|REQUIREMENT_ALREADY_BLOCKED,GUARDRAILS_PRESERVED_SENSOR_FAMILY_RESOLUTION_ONLY
patch_recife_00483,Recife,2,requires_manual_sensor_selection,blocked_unknown_asset_type,BLOCKED_UNKNOWN_ASSET_TYPE,ONLY_UNKNOWN_OR_UNUSABLE_ASSET_TYPE_AVAILABLE,REJECTED_UNKNOWN_ASSET_TYPE,asset_ref_7a1ef2a2f3d5,unknown,false,false,false,true,false,false,METADATA_REPAIR_REQUIRED_BEFORE_REQUEST|PREVIOUS_METADATA_BLOCKER_PRESENT|SENSOR_NOT_RESOLVED_TO_SENTINEL_2_OPTICAL|REQUIREMENT_ALREADY_BLOCKED,GUARDRAILS_PRESERVED_SENSOR_FAMILY_RESOLUTION_ONLY
patch_recife_00483,Recife,3,requires_manual_sensor_selection,blocked_unknown_asset_type,BLOCKED_UNKNOWN_ASSET_TYPE,ONLY_UNKNOWN_OR_UNUSABLE_ASSET_TYPE_AVAILABLE,REJECTED_UNKNOWN_ASSET_TYPE,asset_ref_7a1ef2a2f3d5,unknown,false,false,false,true,false,false,METADATA_REPAIR_REQUIRED_BEFORE_REQUEST|PREVIOUS_METADATA_BLOCKER_PRESENT|SENSOR_NOT_RESOLVED_TO_SENTINEL_2_OPTICAL|REQUIREMENT_ALREADY_BLOCKED,GUARDRAILS_PRESERVED_SENSOR_FAMILY_RESOLUTION_ONLY
patch_recife_00501,Recife,1,requires_manual_sensor_selection,blocked_unknown_asset_type,BLOCKED_UNKNOWN_ASSET_TYPE,ONLY_UNKNOWN_OR_UNUSABLE_ASSET_TYPE_AVAILABLE,REJECTED_UNKNOWN_ASSET_TYPE,asset_ref_2472a57217bb,unknown,false,false,false,true,false,false,METADATA_REPAIR_REQUIRED_BEFORE_REQUEST|PREVIOUS_METADATA_BLOCKER_PRESENT|SENSOR_NOT_RESOLVED_TO_SENTINEL_2_OPTICAL|REQUIREMENT_ALREADY_BLOCKED,GUARDRAILS_PRESERVED_SENSOR_FAMILY_RESOLUTION_ONLY
patch_recife_00501,Recife,2,requires_manual_sensor_selection,blocked_unknown_asset_type,BLOCKED_UNKNOWN_ASSET_TYPE,ONLY_UNKNOWN_OR_UNUSABLE_ASSET_TYPE_AVAILABLE,REJECTED_UNKNOWN_ASSET_TYPE,asset_ref_2472a57217bb,unknown,false,false,false,true,false,false,METADATA_REPAIR_REQUIRED_BEFORE_REQUEST|PREVIOUS_METADATA_BLOCKER_PRESENT|SENSOR_NOT_RESOLVED_TO_SENTINEL_2_OPTICAL|REQUIREMENT_ALREADY_BLOCKED,GUARDRAILS_PRESERVED_SENSOR_FAMILY_RESOLUTION_ONLY
patch_recife_00501,Recife,3,requires_manual_sensor_selection,blocked_unknown_asset_type,BLOCKED_UNKNOWN_ASSET_TYPE,ONLY_UNKNOWN_OR_UNUSABLE_ASSET_TYPE_AVAILABLE,REJECTED_UNKNOWN_ASSET_TYPE,asset_ref_2472a57217bb,unknown,false,false,false,true,false,false,METADATA_REPAIR_REQUIRED_BEFORE_REQUEST|PREVIOUS_METADATA_BLOCKER_PRESENT|SENSOR_NOT_RESOLVED_TO_SENTINEL_2_OPTICAL|REQUIREMENT_ALREADY_BLOCKED,GUARDRAILS_PRESERVED_SENSOR_FAMILY_RESOLUTION_ONLY
patch_recife_00502,Recife,1,requires_manual_sensor_selection,blocked_unknown_asset_type,BLOCKED_UNKNOWN_ASSET_TYPE,ONLY_UNKNOWN_OR_UNUSABLE_ASSET_TYPE_AVAILABLE,REJECTED_UNKNOWN_ASSET_TYPE,asset_ref_a3687a6b9af8,unknown,false,false,false,true,false,false,METADATA_REPAIR_REQUIRED_BEFORE_REQUEST|PREVIOUS_METADATA_BLOCKER_PRESENT|SENSOR_NOT_RESOLVED_TO_SENTINEL_2_OPTICAL|REQUIREMENT_ALREADY_BLOCKED,GUARDRAILS_PRESERVED_SENSOR_FAMILY_RESOLUTION_ONLY
patch_recife_00502,Recife,2,requires_manual_sensor_selection,blocked_unknown_asset_type,BLOCKED_UNKNOWN_ASSET_TYPE,ONLY_UNKNOWN_OR_UNUSABLE_ASSET_TYPE_AVAILABLE,REJECTED_UNKNOWN_ASSET_TYPE,asset_ref_a3687a6b9af8,unknown,false,false,false,true,false,false,METADATA_REPAIR_REQUIRED_BEFORE_REQUEST|PREVIOUS_METADATA_BLOCKER_PRESENT|SENSOR_NOT_RESOLVED_TO_SENTINEL_2_OPTICAL|REQUIREMENT_ALREADY_BLOCKED,GUARDRAILS_PRESERVED_SENSOR_FAMILY_RESOLUTION_ONLY
patch_recife_00502,Recife,3,requires_manual_sensor_selection,blocked_unknown_asset_type,BLOCKED_UNKNOWN_ASSET_TYPE,ONLY_UNKNOWN_OR_UNUSABLE_ASSET_TYPE_AVAILABLE,REJECTED_UNKNOWN_ASSET_TYPE,asset_ref_a3687a6b9af8,unknown,false,false,false,true,false,false,METADATA_REPAIR_REQUIRED_BEFORE_REQUEST|PREVIOUS_METADATA_BLOCKER_PRESENT|SENSOR_NOT_RESOLVED_TO_SENTINEL_2_OPTICAL|REQUIREMENT_ALREADY_BLOCKED,GUARDRAILS_PRESERVED_SENSOR_FAMILY_RESOLUTION_ONLY
patch_recife_00503,Recife,1,requires_manual_sensor_selection,blocked_unknown_asset_type,BLOCKED_UNKNOWN_ASSET_TYPE,ONLY_UNKNOWN_OR_UNUSABLE_ASSET_TYPE_AVAILABLE,REJECTED_UNKNOWN_ASSET_TYPE,asset_ref_8eca9e47e183,unknown,false,false,false,true,false,false,METADATA_REPAIR_REQUIRED_BEFORE_REQUEST|PREVIOUS_METADATA_BLOCKER_PRESENT|SENSOR_NOT_RESOLVED_TO_SENTINEL_2_OPTICAL|REQUIREMENT_ALREADY_BLOCKED,GUARDRAILS_PRESERVED_SENSOR_FAMILY_RESOLUTION_ONLY
patch_recife_00503,Recife,2,requires_manual_sensor_selection,blocked_unknown_asset_type,BLOCKED_UNKNOWN_ASSET_TYPE,ONLY_UNKNOWN_OR_UNUSABLE_ASSET_TYPE_AVAILABLE,REJECTED_UNKNOWN_ASSET_TYPE,asset_ref_8eca9e47e183,unknown,false,false,false,true,false,false,METADATA_REPAIR_REQUIRED_BEFORE_REQUEST|PREVIOUS_METADATA_BLOCKER_PRESENT|SENSOR_NOT_RESOLVED_TO_SENTINEL_2_OPTICAL|REQUIREMENT_ALREADY_BLOCKED,GUARDRAILS_PRESERVED_SENSOR_FAMILY_RESOLUTION_ONLY
patch_recife_00503,Recife,3,requires_manual_sensor_selection,blocked_unknown_asset_type,BLOCKED_UNKNOWN_ASSET_TYPE,ONLY_UNKNOWN_OR_UNUSABLE_ASSET_TYPE_AVAILABLE,REJECTED_UNKNOWN_ASSET_TYPE,asset_ref_8eca9e47e183,unknown,false,false,false,true,false,false,METADATA_REPAIR_REQUIRED_BEFORE_REQUEST|PREVIOUS_METADATA_BLOCKER_PRESENT|SENSOR_NOT_RESOLVED_TO_SENTINEL_2_OPTICAL|REQUIREMENT_ALREADY_BLOCKED,GUARDRAILS_PRESERVED_SENSOR_FAMILY_RESOLUTION_ONLY
patch_recife_00505,Recife,1,requires_manual_sensor_selection,blocked_unknown_asset_type,BLOCKED_UNKNOWN_ASSET_TYPE,ONLY_UNKNOWN_OR_UNUSABLE_ASSET_TYPE_AVAILABLE,REJECTED_UNKNOWN_ASSET_TYPE,asset_ref_d7ec307181cb,unknown,false,false,false,true,false,false,METADATA_REPAIR_REQUIRED_BEFORE_REQUEST|PREVIOUS_METADATA_BLOCKER_PRESENT|SENSOR_NOT_RESOLVED_TO_SENTINEL_2_OPTICAL|REQUIREMENT_ALREADY_BLOCKED,GUARDRAILS_PRESERVED_SENSOR_FAMILY_RESOLUTION_ONLY
patch_recife_00505,Recife,2,requires_manual_sensor_selection,blocked_unknown_asset_type,BLOCKED_UNKNOWN_ASSET_TYPE,ONLY_UNKNOWN_OR_UNUSABLE_ASSET_TYPE_AVAILABLE,REJECTED_UNKNOWN_ASSET_TYPE,asset_ref_d7ec307181cb,unknown,false,false,false,true,false,false,METADATA_REPAIR_REQUIRED_BEFORE_REQUEST|PREVIOUS_METADATA_BLOCKER_PRESENT|SENSOR_NOT_RESOLVED_TO_SENTINEL_2_OPTICAL|REQUIREMENT_ALREADY_BLOCKED,GUARDRAILS_PRESERVED_SENSOR_FAMILY_RESOLUTION_ONLY
patch_recife_00505,Recife,3,requires_manual_sensor_selection,blocked_unknown_asset_type,BLOCKED_UNKNOWN_ASSET_TYPE,ONLY_UNKNOWN_OR_UNUSABLE_ASSET_TYPE_AVAILABLE,REJECTED_UNKNOWN_ASSET_TYPE,asset_ref_d7ec307181cb,unknown,false,false,false,true,false,false,METADATA_REPAIR_REQUIRED_BEFORE_REQUEST|PREVIOUS_METADATA_BLOCKER_PRESENT|SENSOR_NOT_RESOLVED_TO_SENTINEL_2_OPTICAL|REQUIREMENT_ALREADY_BLOCKED,GUARDRAILS_PRESERVED_SENSOR_FAMILY_RESOLUTION_ONLY
patch_recife_00506,Recife,1,requires_manual_sensor_selection,blocked_unknown_asset_type,BLOCKED_UNKNOWN_ASSET_TYPE,ONLY_UNKNOWN_OR_UNUSABLE_ASSET_TYPE_AVAILABLE,REJECTED_UNKNOWN_ASSET_TYPE,asset_ref_23e470a48945,unknown,false,false,false,true,false,false,METADATA_REPAIR_REQUIRED_BEFORE_REQUEST|PREVIOUS_METADATA_BLOCKER_PRESENT|SENSOR_NOT_RESOLVED_TO_SENTINEL_2_OPTICAL|REQUIREMENT_ALREADY_BLOCKED,GUARDRAILS_PRESERVED_SENSOR_FAMILY_RESOLUTION_ONLY
patch_recife_00506,Recife,2,requires_manual_sensor_selection,blocked_unknown_asset_type,BLOCKED_UNKNOWN_ASSET_TYPE,ONLY_UNKNOWN_OR_UNUSABLE_ASSET_TYPE_AVAILABLE,REJECTED_UNKNOWN_ASSET_TYPE,asset_ref_23e470a48945,unknown,false,false,false,true,false,false,METADATA_REPAIR_REQUIRED_BEFORE_REQUEST|PREVIOUS_METADATA_BLOCKER_PRESENT|SENSOR_NOT_RESOLVED_TO_SENTINEL_2_OPTICAL|REQUIREMENT_ALREADY_BLOCKED,GUARDRAILS_PRESERVED_SENSOR_FAMILY_RESOLUTION_ONLY
patch_recife_00506,Recife,3,requires_manual_sensor_selection,blocked_unknown_asset_type,BLOCKED_UNKNOWN_ASSET_TYPE,ONLY_UNKNOWN_OR_UNUSABLE_ASSET_TYPE_AVAILABLE,REJECTED_UNKNOWN_ASSET_TYPE,asset_ref_23e470a48945,unknown,false,false,false,true,false,false,METADATA_REPAIR_REQUIRED_BEFORE_REQUEST|PREVIOUS_METADATA_BLOCKER_PRESENT|SENSOR_NOT_RESOLVED_TO_SENTINEL_2_OPTICAL|REQUIREMENT_ALREADY_BLOCKED,GUARDRAILS_PRESERVED_SENSOR_FAMILY_RESOLUTION_ONLY
patch_recife_00525,Recife,1,requires_manual_sensor_selection,blocked_unknown_asset_type,BLOCKED_UNKNOWN_ASSET_TYPE,ONLY_UNKNOWN_OR_UNUSABLE_ASSET_TYPE_AVAILABLE,REJECTED_UNKNOWN_ASSET_TYPE,asset_ref_6cf7cdebd523,unknown,false,false,false,true,false,false,METADATA_REPAIR_REQUIRED_BEFORE_REQUEST|PREVIOUS_METADATA_BLOCKER_PRESENT|SENSOR_NOT_RESOLVED_TO_SENTINEL_2_OPTICAL|REQUIREMENT_ALREADY_BLOCKED,GUARDRAILS_PRESERVED_SENSOR_FAMILY_RESOLUTION_ONLY
patch_recife_00525,Recife,2,requires_manual_sensor_selection,blocked_unknown_asset_type,BLOCKED_UNKNOWN_ASSET_TYPE,ONLY_UNKNOWN_OR_UNUSABLE_ASSET_TYPE_AVAILABLE,REJECTED_UNKNOWN_ASSET_TYPE,asset_ref_6cf7cdebd523,unknown,false,false,false,true,false,false,METADATA_REPAIR_REQUIRED_BEFORE_REQUEST|PREVIOUS_METADATA_BLOCKER_PRESENT|SENSOR_NOT_RESOLVED_TO_SENTINEL_2_OPTICAL|REQUIREMENT_ALREADY_BLOCKED,GUARDRAILS_PRESERVED_SENSOR_FAMILY_RESOLUTION_ONLY
patch_recife_00525,Recife,3,requires_manual_sensor_selection,blocked_unknown_asset_type,BLOCKED_UNKNOWN_ASSET_TYPE,ONLY_UNKNOWN_OR_UNUSABLE_ASSET_TYPE_AVAILABLE,REJECTED_UNKNOWN_ASSET_TYPE,asset_ref_6cf7cdebd523,unknown,false,false,false,true,false,false,METADATA_REPAIR_REQUIRED_BEFORE_REQUEST|PREVIOUS_METADATA_BLOCKER_PRESENT|SENSOR_NOT_RESOLVED_TO_SENTINEL_2_OPTICAL|REQUIREMENT_ALREADY_BLOCKED,GUARDRAILS_PRESERVED_SENSOR_FAMILY_RESOLUTION_ONLY
patch_recife_00526,Recife,1,requires_manual_sensor_selection,blocked_unknown_asset_type,BLOCKED_UNKNOWN_ASSET_TYPE,ONLY_UNKNOWN_OR_UNUSABLE_ASSET_TYPE_AVAILABLE,REJECTED_UNKNOWN_ASSET_TYPE,asset_ref_8adf6b6ba72a,unknown,false,false,false,true,false,false,METADATA_REPAIR_REQUIRED_BEFORE_REQUEST|PREVIOUS_METADATA_BLOCKER_PRESENT|SENSOR_NOT_RESOLVED_TO_SENTINEL_2_OPTICAL|REQUIREMENT_ALREADY_BLOCKED,GUARDRAILS_PRESERVED_SENSOR_FAMILY_RESOLUTION_ONLY
patch_recife_00526,Recife,2,requires_manual_sensor_selection,blocked_unknown_asset_type,BLOCKED_UNKNOWN_ASSET_TYPE,ONLY_UNKNOWN_OR_UNUSABLE_ASSET_TYPE_AVAILABLE,REJECTED_UNKNOWN_ASSET_TYPE,asset_ref_8adf6b6ba72a,unknown,false,false,false,true,false,false,METADATA_REPAIR_REQUIRED_BEFORE_REQUEST|PREVIOUS_METADATA_BLOCKER_PRESENT|SENSOR_NOT_RESOLVED_TO_SENTINEL_2_OPTICAL|REQUIREMENT_ALREADY_BLOCKED,GUARDRAILS_PRESERVED_SENSOR_FAMILY_RESOLUTION_ONLY
patch_recife_00526,Recife,3,requires_manual_sensor_selection,blocked_unknown_asset_type,BLOCKED_UNKNOWN_ASSET_TYPE,ONLY_UNKNOWN_OR_UNUSABLE_ASSET_TYPE_AVAILABLE,REJECTED_UNKNOWN_ASSET_TYPE,asset_ref_8adf6b6ba72a,unknown,false,false,false,true,false,false,METADATA_REPAIR_REQUIRED_BEFORE_REQUEST|PREVIOUS_METADATA_BLOCKER_PRESENT|SENSOR_NOT_RESOLVED_TO_SENTINEL_2_OPTICAL|REQUIREMENT_ALREADY_BLOCKED,GUARDRAILS_PRESERVED_SENSOR_FAMILY_RESOLUTION_ONLY
patch_recife_00529,Recife,1,requires_manual_sensor_selection,blocked_unknown_asset_type,BLOCKED_UNKNOWN_ASSET_TYPE,ONLY_UNKNOWN_OR_UNUSABLE_ASSET_TYPE_AVAILABLE,REJECTED_UNKNOWN_ASSET_TYPE,asset_ref_09a72392c4e9,unknown,false,false,false,true,false,false,METADATA_REPAIR_REQUIRED_BEFORE_REQUEST|PREVIOUS_METADATA_BLOCKER_PRESENT|SENSOR_NOT_RESOLVED_TO_SENTINEL_2_OPTICAL|REQUIREMENT_ALREADY_BLOCKED,GUARDRAILS_PRESERVED_SENSOR_FAMILY_RESOLUTION_ONLY
patch_recife_00529,Recife,2,requires_manual_sensor_selection,blocked_unknown_asset_type,BLOCKED_UNKNOWN_ASSET_TYPE,ONLY_UNKNOWN_OR_UNUSABLE_ASSET_TYPE_AVAILABLE,REJECTED_UNKNOWN_ASSET_TYPE,asset_ref_09a72392c4e9,unknown,false,false,false,true,false,false,METADATA_REPAIR_REQUIRED_BEFORE_REQUEST|PREVIOUS_METADATA_BLOCKER_PRESENT|SENSOR_NOT_RESOLVED_TO_SENTINEL_2_OPTICAL|REQUIREMENT_ALREADY_BLOCKED,GUARDRAILS_PRESERVED_SENSOR_FAMILY_RESOLUTION_ONLY
patch_recife_00529,Recife,3,requires_manual_sensor_selection,blocked_unknown_asset_type,BLOCKED_UNKNOWN_ASSET_TYPE,ONLY_UNKNOWN_OR_UNUSABLE_ASSET_TYPE_AVAILABLE,REJECTED_UNKNOWN_ASSET_TYPE,asset_ref_09a72392c4e9,unknown,false,false,false,true,false,false,METADATA_REPAIR_REQUIRED_BEFORE_REQUEST|PREVIOUS_METADATA_BLOCKER_PRESENT|SENSOR_NOT_RESOLVED_TO_SENTINEL_2_OPTICAL|REQUIREMENT_ALREADY_BLOCKED,GUARDRAILS_PRESERVED_SENSOR_FAMILY_RESOLUTION_ONLY
patch_recife_00548,Recife,1,requires_manual_sensor_selection,blocked_unknown_asset_type,BLOCKED_UNKNOWN_ASSET_TYPE,ONLY_UNKNOWN_OR_UNUSABLE_ASSET_TYPE_AVAILABLE,REJECTED_UNKNOWN_ASSET_TYPE,asset_ref_763819ef7cc8,unknown,false,false,false,true,false,false,METADATA_REPAIR_REQUIRED_BEFORE_REQUEST|PREVIOUS_METADATA_BLOCKER_PRESENT|SENSOR_NOT_RESOLVED_TO_SENTINEL_2_OPTICAL|REQUIREMENT_ALREADY_BLOCKED,GUARDRAILS_PRESERVED_SENSOR_FAMILY_RESOLUTION_ONLY
patch_recife_00548,Recife,2,requires_manual_sensor_selection,blocked_unknown_asset_type,BLOCKED_UNKNOWN_ASSET_TYPE,ONLY_UNKNOWN_OR_UNUSABLE_ASSET_TYPE_AVAILABLE,REJECTED_UNKNOWN_ASSET_TYPE,asset_ref_763819ef7cc8,unknown,false,false,false,true,false,false,METADATA_REPAIR_REQUIRED_BEFORE_REQUEST|PREVIOUS_METADATA_BLOCKER_PRESENT|SENSOR_NOT_RESOLVED_TO_SENTINEL_2_OPTICAL|REQUIREMENT_ALREADY_BLOCKED,GUARDRAILS_PRESERVED_SENSOR_FAMILY_RESOLUTION_ONLY
patch_recife_00548,Recife,3,requires_manual_sensor_selection,blocked_unknown_asset_type,BLOCKED_UNKNOWN_ASSET_TYPE,ONLY_UNKNOWN_OR_UNUSABLE_ASSET_TYPE_AVAILABLE,REJECTED_UNKNOWN_ASSET_TYPE,asset_ref_763819ef7cc8,unknown,false,false,false,true,false,false,METADATA_REPAIR_REQUIRED_BEFORE_REQUEST|PREVIOUS_METADATA_BLOCKER_PRESENT|SENSOR_NOT_RESOLVED_TO_SENTINEL_2_OPTICAL|REQUIREMENT_ALREADY_BLOCKED,GUARDRAILS_PRESERVED_SENSOR_FAMILY_RESOLUTION_ONLY
patch_recife_00550,Recife,1,requires_manual_sensor_selection,blocked_unknown_asset_type,BLOCKED_UNKNOWN_ASSET_TYPE,ONLY_UNKNOWN_OR_UNUSABLE_ASSET_TYPE_AVAILABLE,REJECTED_UNKNOWN_ASSET_TYPE,asset_ref_d5083bde15a3,unknown,false,false,false,true,false,false,METADATA_REPAIR_REQUIRED_BEFORE_REQUEST|PREVIOUS_METADATA_BLOCKER_PRESENT|SENSOR_NOT_RESOLVED_TO_SENTINEL_2_OPTICAL|REQUIREMENT_ALREADY_BLOCKED,GUARDRAILS_PRESERVED_SENSOR_FAMILY_RESOLUTION_ONLY
patch_recife_00550,Recife,2,requires_manual_sensor_selection,blocked_unknown_asset_type,BLOCKED_UNKNOWN_ASSET_TYPE,ONLY_UNKNOWN_OR_UNUSABLE_ASSET_TYPE_AVAILABLE,REJECTED_UNKNOWN_ASSET_TYPE,asset_ref_d5083bde15a3,unknown,false,false,false,true,false,false,METADATA_REPAIR_REQUIRED_BEFORE_REQUEST|PREVIOUS_METADATA_BLOCKER_PRESENT|SENSOR_NOT_RESOLVED_TO_SENTINEL_2_OPTICAL|REQUIREMENT_ALREADY_BLOCKED,GUARDRAILS_PRESERVED_SENSOR_FAMILY_RESOLUTION_ONLY
patch_recife_00550,Recife,3,requires_manual_sensor_selection,blocked_unknown_asset_type,BLOCKED_UNKNOWN_ASSET_TYPE,ONLY_UNKNOWN_OR_UNUSABLE_ASSET_TYPE_AVAILABLE,REJECTED_UNKNOWN_ASSET_TYPE,asset_ref_d5083bde15a3,unknown,false,false,false,true,false,false,METADATA_REPAIR_REQUIRED_BEFORE_REQUEST|PREVIOUS_METADATA_BLOCKER_PRESENT|SENSOR_NOT_RESOLVED_TO_SENTINEL_2_OPTICAL|REQUIREMENT_ALREADY_BLOCKED,GUARDRAILS_PRESERVED_SENSOR_FAMILY_RESOLUTION_ONLY
petropolis_00104__sentinel__B3B8B11__10m__v1,Petropolis,1,requires_manual_sensor_selection,requires_manual_sensor_selection,BLOCKED_MANUAL_REVIEW_REQUIRED,NO_DETERMINISTIC_ACQUISITION_SENSOR_EVIDENCE,REJECTED_MISSING_CONTEXT,asset_ref_5852300c08ba,patch_manifest,false,false,false,false,false,false,METADATA_REPAIR_REQUIRED_BEFORE_REQUEST|PREVIOUS_METADATA_BLOCKER_PRESENT|SENSOR_NOT_RESOLVED_TO_SENTINEL_2_OPTICAL|REQUIREMENT_ALREADY_BLOCKED,GUARDRAILS_PRESERVED_SENSOR_FAMILY_RESOLUTION_ONLY
petropolis_00104__sentinel__B3B8B11__10m__v1,Petropolis,2,requires_manual_sensor_selection,requires_manual_sensor_selection,BLOCKED_MANUAL_REVIEW_REQUIRED,NO_DETERMINISTIC_ACQUISITION_SENSOR_EVIDENCE,REJECTED_MISSING_CONTEXT,asset_ref_5852300c08ba,patch_manifest,false,false,false,false,false,false,METADATA_REPAIR_REQUIRED_BEFORE_REQUEST|PREVIOUS_METADATA_BLOCKER_PRESENT|SENSOR_NOT_RESOLVED_TO_SENTINEL_2_OPTICAL|REQUIREMENT_ALREADY_BLOCKED,GUARDRAILS_PRESERVED_SENSOR_FAMILY_RESOLUTION_ONLY
petropolis_00104__sentinel__B3B8B11__10m__v1,Petropolis,3,requires_manual_sensor_selection,requires_manual_sensor_selection,BLOCKED_MANUAL_REVIEW_REQUIRED,NO_DETERMINISTIC_ACQUISITION_SENSOR_EVIDENCE,REJECTED_MISSING_CONTEXT,asset_ref_5852300c08ba,patch_manifest,false,false,false,false,false,false,METADATA_REPAIR_REQUIRED_BEFORE_REQUEST|PREVIOUS_METADATA_BLOCKER_PRESENT|SENSOR_NOT_RESOLVED_TO_SENTINEL_2_OPTICAL|REQUIREMENT_ALREADY_BLOCKED,GUARDRAILS_PRESERVED_SENSOR_FAMILY_RESOLUTION_ONLY
petropolis_00119__sentinel__B3B8B11__10m__v1,Petropolis,1,requires_manual_sensor_selection,requires_manual_sensor_selection,BLOCKED_MANUAL_REVIEW_REQUIRED,NO_DETERMINISTIC_ACQUISITION_SENSOR_EVIDENCE,REJECTED_MISSING_CONTEXT,asset_ref_fff123571e50,patch_manifest,false,false,false,false,false,false,METADATA_REPAIR_REQUIRED_BEFORE_REQUEST|PREVIOUS_METADATA_BLOCKER_PRESENT|SENSOR_NOT_RESOLVED_TO_SENTINEL_2_OPTICAL|REQUIREMENT_ALREADY_BLOCKED,GUARDRAILS_PRESERVED_SENSOR_FAMILY_RESOLUTION_ONLY
petropolis_00119__sentinel__B3B8B11__10m__v1,Petropolis,2,requires_manual_sensor_selection,requires_manual_sensor_selection,BLOCKED_MANUAL_REVIEW_REQUIRED,NO_DETERMINISTIC_ACQUISITION_SENSOR_EVIDENCE,REJECTED_MISSING_CONTEXT,asset_ref_fff123571e50,patch_manifest,false,false,false,false,false,false,METADATA_REPAIR_REQUIRED_BEFORE_REQUEST|PREVIOUS_METADATA_BLOCKER_PRESENT|SENSOR_NOT_RESOLVED_TO_SENTINEL_2_OPTICAL|REQUIREMENT_ALREADY_BLOCKED,GUARDRAILS_PRESERVED_SENSOR_FAMILY_RESOLUTION_ONLY
petropolis_00119__sentinel__B3B8B11__10m__v1,Petropolis,3,requires_manual_sensor_selection,requires_manual_sensor_selection,BLOCKED_MANUAL_REVIEW_REQUIRED,NO_DETERMINISTIC_ACQUISITION_SENSOR_EVIDENCE,REJECTED_MISSING_CONTEXT,asset_ref_fff123571e50,patch_manifest,false,false,false,false,false,false,METADATA_REPAIR_REQUIRED_BEFORE_REQUEST|PREVIOUS_METADATA_BLOCKER_PRESENT|SENSOR_NOT_RESOLVED_TO_SENTINEL_2_OPTICAL|REQUIREMENT_ALREADY_BLOCKED,GUARDRAILS_PRESERVED_SENSOR_FAMILY_RESOLUTION_ONLY
petropolis_00140__sentinel__B3B8B11__10m__v1,Petropolis,1,requires_manual_sensor_selection,requires_manual_sensor_selection,BLOCKED_MANUAL_REVIEW_REQUIRED,NO_DETERMINISTIC_ACQUISITION_SENSOR_EVIDENCE,REJECTED_MISSING_CONTEXT,asset_ref_18ec84b7359f,patch_manifest,false,false,false,false,false,false,METADATA_REPAIR_REQUIRED_BEFORE_REQUEST|PREVIOUS_METADATA_BLOCKER_PRESENT|SENSOR_NOT_RESOLVED_TO_SENTINEL_2_OPTICAL|REQUIREMENT_ALREADY_BLOCKED,GUARDRAILS_PRESERVED_SENSOR_FAMILY_RESOLUTION_ONLY
petropolis_00140__sentinel__B3B8B11__10m__v1,Petropolis,2,requires_manual_sensor_selection,requires_manual_sensor_selection,BLOCKED_MANUAL_REVIEW_REQUIRED,NO_DETERMINISTIC_ACQUISITION_SENSOR_EVIDENCE,REJECTED_MISSING_CONTEXT,asset_ref_18ec84b7359f,patch_manifest,false,false,false,false,false,false,METADATA_REPAIR_REQUIRED_BEFORE_REQUEST|PREVIOUS_METADATA_BLOCKER_PRESENT|SENSOR_NOT_RESOLVED_TO_SENTINEL_2_OPTICAL|REQUIREMENT_ALREADY_BLOCKED,GUARDRAILS_PRESERVED_SENSOR_FAMILY_RESOLUTION_ONLY
petropolis_00140__sentinel__B3B8B11__10m__v1,Petropolis,3,requires_manual_sensor_selection,requires_manual_sensor_selection,BLOCKED_MANUAL_REVIEW_REQUIRED,NO_DETERMINISTIC_ACQUISITION_SENSOR_EVIDENCE,REJECTED_MISSING_CONTEXT,asset_ref_18ec84b7359f,patch_manifest,false,false,false,false,false,false,METADATA_REPAIR_REQUIRED_BEFORE_REQUEST|PREVIOUS_METADATA_BLOCKER_PRESENT|SENSOR_NOT_RESOLVED_TO_SENTINEL_2_OPTICAL|REQUIREMENT_ALREADY_BLOCKED,GUARDRAILS_PRESERVED_SENSOR_FAMILY_RESOLUTION_ONLY
petropolis_00240__sentinel__B3B8B11__10m__v1,Petropolis,1,requires_manual_sensor_selection,requires_manual_sensor_selection,BLOCKED_MANUAL_REVIEW_REQUIRED,NO_DETERMINISTIC_ACQUISITION_SENSOR_EVIDENCE,REJECTED_MISSING_CONTEXT,asset_ref_cdf279caeea6,patch_manifest,false,false,false,false,false,false,METADATA_REPAIR_REQUIRED_BEFORE_REQUEST|PREVIOUS_METADATA_BLOCKER_PRESENT|SENSOR_NOT_RESOLVED_TO_SENTINEL_2_OPTICAL|REQUIREMENT_ALREADY_BLOCKED,GUARDRAILS_PRESERVED_SENSOR_FAMILY_RESOLUTION_ONLY
petropolis_00240__sentinel__B3B8B11__10m__v1,Petropolis,2,requires_manual_sensor_selection,requires_manual_sensor_selection,BLOCKED_MANUAL_REVIEW_REQUIRED,NO_DETERMINISTIC_ACQUISITION_SENSOR_EVIDENCE,REJECTED_MISSING_CONTEXT,asset_ref_cdf279caeea6,patch_manifest,false,false,false,false,false,false,METADATA_REPAIR_REQUIRED_BEFORE_REQUEST|PREVIOUS_METADATA_BLOCKER_PRESENT|SENSOR_NOT_RESOLVED_TO_SENTINEL_2_OPTICAL|REQUIREMENT_ALREADY_BLOCKED,GUARDRAILS_PRESERVED_SENSOR_FAMILY_RESOLUTION_ONLY
petropolis_00240__sentinel__B3B8B11__10m__v1,Petropolis,3,requires_manual_sensor_selection,requires_manual_sensor_selection,BLOCKED_MANUAL_REVIEW_REQUIRED,NO_DETERMINISTIC_ACQUISITION_SENSOR_EVIDENCE,REJECTED_MISSING_CONTEXT,asset_ref_cdf279caeea6,patch_manifest,false,false,false,false,false,false,METADATA_REPAIR_REQUIRED_BEFORE_REQUEST|PREVIOUS_METADATA_BLOCKER_PRESENT|SENSOR_NOT_RESOLVED_TO_SENTINEL_2_OPTICAL|REQUIREMENT_ALREADY_BLOCKED,GUARDRAILS_PRESERVED_SENSOR_FAMILY_RESOLUTION_ONLY
petropolis_00257__sentinel__B3B8B11__10m__v1,Petropolis,1,requires_manual_sensor_selection,requires_manual_sensor_selection,BLOCKED_MANUAL_REVIEW_REQUIRED,NO_DETERMINISTIC_ACQUISITION_SENSOR_EVIDENCE,REJECTED_MISSING_CONTEXT,asset_ref_0c72299ce1a4,patch_manifest,false,false,false,false,false,false,METADATA_REPAIR_REQUIRED_BEFORE_REQUEST|PREVIOUS_METADATA_BLOCKER_PRESENT|SENSOR_NOT_RESOLVED_TO_SENTINEL_2_OPTICAL|REQUIREMENT_ALREADY_BLOCKED,GUARDRAILS_PRESERVED_SENSOR_FAMILY_RESOLUTION_ONLY
petropolis_00257__sentinel__B3B8B11__10m__v1,Petropolis,2,requires_manual_sensor_selection,requires_manual_sensor_selection,BLOCKED_MANUAL_REVIEW_REQUIRED,NO_DETERMINISTIC_ACQUISITION_SENSOR_EVIDENCE,REJECTED_MISSING_CONTEXT,asset_ref_0c72299ce1a4,patch_manifest,false,false,false,false,false,false,METADATA_REPAIR_REQUIRED_BEFORE_REQUEST|PREVIOUS_METADATA_BLOCKER_PRESENT|SENSOR_NOT_RESOLVED_TO_SENTINEL_2_OPTICAL|REQUIREMENT_ALREADY_BLOCKED,GUARDRAILS_PRESERVED_SENSOR_FAMILY_RESOLUTION_ONLY
petropolis_00257__sentinel__B3B8B11__10m__v1,Petropolis,3,requires_manual_sensor_selection,requires_manual_sensor_selection,BLOCKED_MANUAL_REVIEW_REQUIRED,NO_DETERMINISTIC_ACQUISITION_SENSOR_EVIDENCE,REJECTED_MISSING_CONTEXT,asset_ref_0c72299ce1a4,patch_manifest,false,false,false,false,false,false,METADATA_REPAIR_REQUIRED_BEFORE_REQUEST|PREVIOUS_METADATA_BLOCKER_PRESENT|SENSOR_NOT_RESOLVED_TO_SENTINEL_2_OPTICAL|REQUIREMENT_ALREADY_BLOCKED,GUARDRAILS_PRESERVED_SENSOR_FAMILY_RESOLUTION_ONLY
petropolis_00275__sentinel__B3B8B11__10m__v1,Petropolis,1,requires_manual_sensor_selection,requires_manual_sensor_selection,BLOCKED_MANUAL_REVIEW_REQUIRED,NO_DETERMINISTIC_ACQUISITION_SENSOR_EVIDENCE,REJECTED_MISSING_CONTEXT,asset_ref_48e3addbc336,patch_manifest,false,false,false,false,false,false,METADATA_REPAIR_REQUIRED_BEFORE_REQUEST|PREVIOUS_METADATA_BLOCKER_PRESENT|SENSOR_NOT_RESOLVED_TO_SENTINEL_2_OPTICAL|REQUIREMENT_ALREADY_BLOCKED,GUARDRAILS_PRESERVED_SENSOR_FAMILY_RESOLUTION_ONLY
petropolis_00275__sentinel__B3B8B11__10m__v1,Petropolis,2,requires_manual_sensor_selection,requires_manual_sensor_selection,BLOCKED_MANUAL_REVIEW_REQUIRED,NO_DETERMINISTIC_ACQUISITION_SENSOR_EVIDENCE,REJECTED_MISSING_CONTEXT,asset_ref_48e3addbc336,patch_manifest,false,false,false,false,false,false,METADATA_REPAIR_REQUIRED_BEFORE_REQUEST|PREVIOUS_METADATA_BLOCKER_PRESENT|SENSOR_NOT_RESOLVED_TO_SENTINEL_2_OPTICAL|REQUIREMENT_ALREADY_BLOCKED,GUARDRAILS_PRESERVED_SENSOR_FAMILY_RESOLUTION_ONLY
petropolis_00275__sentinel__B3B8B11__10m__v1,Petropolis,3,requires_manual_sensor_selection,requires_manual_sensor_selection,BLOCKED_MANUAL_REVIEW_REQUIRED,NO_DETERMINISTIC_ACQUISITION_SENSOR_EVIDENCE,REJECTED_MISSING_CONTEXT,asset_ref_48e3addbc336,patch_manifest,false,false,false,false,false,false,METADATA_REPAIR_REQUIRED_BEFORE_REQUEST|PREVIOUS_METADATA_BLOCKER_PRESENT|SENSOR_NOT_RESOLVED_TO_SENTINEL_2_OPTICAL|REQUIREMENT_ALREADY_BLOCKED,GUARDRAILS_PRESERVED_SENSOR_FAMILY_RESOLUTION_ONLY
petropolis_00291__sentinel__B3B8B11__10m__v1,Petropolis,1,requires_manual_sensor_selection,requires_manual_sensor_selection,BLOCKED_MANUAL_REVIEW_REQUIRED,NO_DETERMINISTIC_ACQUISITION_SENSOR_EVIDENCE,REJECTED_MISSING_CONTEXT,asset_ref_5c1518bf2eee,patch_manifest,false,false,false,false,false,false,METADATA_REPAIR_REQUIRED_BEFORE_REQUEST|PREVIOUS_METADATA_BLOCKER_PRESENT|SENSOR_NOT_RESOLVED_TO_SENTINEL_2_OPTICAL|REQUIREMENT_ALREADY_BLOCKED,GUARDRAILS_PRESERVED_SENSOR_FAMILY_RESOLUTION_ONLY
petropolis_00291__sentinel__B3B8B11__10m__v1,Petropolis,2,requires_manual_sensor_selection,requires_manual_sensor_selection,BLOCKED_MANUAL_REVIEW_REQUIRED,NO_DETERMINISTIC_ACQUISITION_SENSOR_EVIDENCE,REJECTED_MISSING_CONTEXT,asset_ref_5c1518bf2eee,patch_manifest,false,false,false,false,false,false,METADATA_REPAIR_REQUIRED_BEFORE_REQUEST|PREVIOUS_METADATA_BLOCKER_PRESENT|SENSOR_NOT_RESOLVED_TO_SENTINEL_2_OPTICAL|REQUIREMENT_ALREADY_BLOCKED,GUARDRAILS_PRESERVED_SENSOR_FAMILY_RESOLUTION_ONLY
petropolis_00291__sentinel__B3B8B11__10m__v1,Petropolis,3,requires_manual_sensor_selection,requires_manual_sensor_selection,BLOCKED_MANUAL_REVIEW_REQUIRED,NO_DETERMINISTIC_ACQUISITION_SENSOR_EVIDENCE,REJECTED_MISSING_CONTEXT,asset_ref_5c1518bf2eee,patch_manifest,false,false,false,false,false,false,METADATA_REPAIR_REQUIRED_BEFORE_REQUEST|PREVIOUS_METADATA_BLOCKER_PRESENT|SENSOR_NOT_RESOLVED_TO_SENTINEL_2_OPTICAL|REQUIREMENT_ALREADY_BLOCKED,GUARDRAILS_PRESERVED_SENSOR_FAMILY_RESOLUTION_ONLY
petropolis_00315__sentinel__B3B8B11__10m__v1,Petropolis,1,requires_manual_sensor_selection,requires_manual_sensor_selection,BLOCKED_MANUAL_REVIEW_REQUIRED,NO_DETERMINISTIC_ACQUISITION_SENSOR_EVIDENCE,REJECTED_MISSING_CONTEXT,asset_ref_1b3ea558d53a,patch_manifest,false,false,false,false,false,false,METADATA_REPAIR_REQUIRED_BEFORE_REQUEST|PREVIOUS_METADATA_BLOCKER_PRESENT|SENSOR_NOT_RESOLVED_TO_SENTINEL_2_OPTICAL|REQUIREMENT_ALREADY_BLOCKED,GUARDRAILS_PRESERVED_SENSOR_FAMILY_RESOLUTION_ONLY
petropolis_00315__sentinel__B3B8B11__10m__v1,Petropolis,2,requires_manual_sensor_selection,requires_manual_sensor_selection,BLOCKED_MANUAL_REVIEW_REQUIRED,NO_DETERMINISTIC_ACQUISITION_SENSOR_EVIDENCE,REJECTED_MISSING_CONTEXT,asset_ref_1b3ea558d53a,patch_manifest,false,false,false,false,false,false,METADATA_REPAIR_REQUIRED_BEFORE_REQUEST|PREVIOUS_METADATA_BLOCKER_PRESENT|SENSOR_NOT_RESOLVED_TO_SENTINEL_2_OPTICAL|REQUIREMENT_ALREADY_BLOCKED,GUARDRAILS_PRESERVED_SENSOR_FAMILY_RESOLUTION_ONLY
petropolis_00315__sentinel__B3B8B11__10m__v1,Petropolis,3,requires_manual_sensor_selection,requires_manual_sensor_selection,BLOCKED_MANUAL_REVIEW_REQUIRED,NO_DETERMINISTIC_ACQUISITION_SENSOR_EVIDENCE,REJECTED_MISSING_CONTEXT,asset_ref_1b3ea558d53a,patch_manifest,false,false,false,false,false,false,METADATA_REPAIR_REQUIRED_BEFORE_REQUEST|PREVIOUS_METADATA_BLOCKER_PRESENT|SENSOR_NOT_RESOLVED_TO_SENTINEL_2_OPTICAL|REQUIREMENT_ALREADY_BLOCKED,GUARDRAILS_PRESERVED_SENSOR_FAMILY_RESOLUTION_ONLY
petropolis_00360__sentinel__B3B8B11__10m__v1,Petropolis,1,requires_manual_sensor_selection,requires_manual_sensor_selection,BLOCKED_MANUAL_REVIEW_REQUIRED,NO_DETERMINISTIC_ACQUISITION_SENSOR_EVIDENCE,REJECTED_MISSING_CONTEXT,asset_ref_ac844e3eef83,patch_manifest,false,false,false,false,false,false,METADATA_REPAIR_REQUIRED_BEFORE_REQUEST|PREVIOUS_METADATA_BLOCKER_PRESENT|SENSOR_NOT_RESOLVED_TO_SENTINEL_2_OPTICAL|REQUIREMENT_ALREADY_BLOCKED,GUARDRAILS_PRESERVED_SENSOR_FAMILY_RESOLUTION_ONLY
petropolis_00360__sentinel__B3B8B11__10m__v1,Petropolis,2,requires_manual_sensor_selection,requires_manual_sensor_selection,BLOCKED_MANUAL_REVIEW_REQUIRED,NO_DETERMINISTIC_ACQUISITION_SENSOR_EVIDENCE,REJECTED_MISSING_CONTEXT,asset_ref_ac844e3eef83,patch_manifest,false,false,false,false,false,false,METADATA_REPAIR_REQUIRED_BEFORE_REQUEST|PREVIOUS_METADATA_BLOCKER_PRESENT|SENSOR_NOT_RESOLVED_TO_SENTINEL_2_OPTICAL|REQUIREMENT_ALREADY_BLOCKED,GUARDRAILS_PRESERVED_SENSOR_FAMILY_RESOLUTION_ONLY
petropolis_00360__sentinel__B3B8B11__10m__v1,Petropolis,3,requires_manual_sensor_selection,requires_manual_sensor_selection,BLOCKED_MANUAL_REVIEW_REQUIRED,NO_DETERMINISTIC_ACQUISITION_SENSOR_EVIDENCE,REJECTED_MISSING_CONTEXT,asset_ref_ac844e3eef83,patch_manifest,false,false,false,false,false,false,METADATA_REPAIR_REQUIRED_BEFORE_REQUEST|PREVIOUS_METADATA_BLOCKER_PRESENT|SENSOR_NOT_RESOLVED_TO_SENTINEL_2_OPTICAL|REQUIREMENT_ALREADY_BLOCKED,GUARDRAILS_PRESERVED_SENSOR_FAMILY_RESOLUTION_ONLY
petropolis_00362__sentinel__B3B8B11__10m__v1,Petropolis,1,requires_manual_sensor_selection,requires_manual_sensor_selection,BLOCKED_MANUAL_REVIEW_REQUIRED,NO_DETERMINISTIC_ACQUISITION_SENSOR_EVIDENCE,REJECTED_MISSING_CONTEXT,asset_ref_500edbb55688,patch_manifest,false,false,false,false,false,false,METADATA_REPAIR_REQUIRED_BEFORE_REQUEST|PREVIOUS_METADATA_BLOCKER_PRESENT|SENSOR_NOT_RESOLVED_TO_SENTINEL_2_OPTICAL|REQUIREMENT_ALREADY_BLOCKED,GUARDRAILS_PRESERVED_SENSOR_FAMILY_RESOLUTION_ONLY
petropolis_00362__sentinel__B3B8B11__10m__v1,Petropolis,2,requires_manual_sensor_selection,requires_manual_sensor_selection,BLOCKED_MANUAL_REVIEW_REQUIRED,NO_DETERMINISTIC_ACQUISITION_SENSOR_EVIDENCE,REJECTED_MISSING_CONTEXT,asset_ref_500edbb55688,patch_manifest,false,false,false,false,false,false,METADATA_REPAIR_REQUIRED_BEFORE_REQUEST|PREVIOUS_METADATA_BLOCKER_PRESENT|SENSOR_NOT_RESOLVED_TO_SENTINEL_2_OPTICAL|REQUIREMENT_ALREADY_BLOCKED,GUARDRAILS_PRESERVED_SENSOR_FAMILY_RESOLUTION_ONLY
petropolis_00362__sentinel__B3B8B11__10m__v1,Petropolis,3,requires_manual_sensor_selection,requires_manual_sensor_selection,BLOCKED_MANUAL_REVIEW_REQUIRED,NO_DETERMINISTIC_ACQUISITION_SENSOR_EVIDENCE,REJECTED_MISSING_CONTEXT,asset_ref_500edbb55688,patch_manifest,false,false,false,false,false,false,METADATA_REPAIR_REQUIRED_BEFORE_REQUEST|PREVIOUS_METADATA_BLOCKER_PRESENT|SENSOR_NOT_RESOLVED_TO_SENTINEL_2_OPTICAL|REQUIREMENT_ALREADY_BLOCKED,GUARDRAILS_PRESERVED_SENSOR_FAMILY_RESOLUTION_ONLY
petropolis_00396__sentinel__B3B8B11__10m__v1,Petropolis,1,requires_manual_sensor_selection,requires_manual_sensor_selection,BLOCKED_MANUAL_REVIEW_REQUIRED,NO_DETERMINISTIC_ACQUISITION_SENSOR_EVIDENCE,REJECTED_MISSING_CONTEXT,asset_ref_6caef0cea6d5,patch_manifest,false,false,false,false,false,false,METADATA_REPAIR_REQUIRED_BEFORE_REQUEST|PREVIOUS_METADATA_BLOCKER_PRESENT|SENSOR_NOT_RESOLVED_TO_SENTINEL_2_OPTICAL|REQUIREMENT_ALREADY_BLOCKED,GUARDRAILS_PRESERVED_SENSOR_FAMILY_RESOLUTION_ONLY
petropolis_00396__sentinel__B3B8B11__10m__v1,Petropolis,2,requires_manual_sensor_selection,requires_manual_sensor_selection,BLOCKED_MANUAL_REVIEW_REQUIRED,NO_DETERMINISTIC_ACQUISITION_SENSOR_EVIDENCE,REJECTED_MISSING_CONTEXT,asset_ref_6caef0cea6d5,patch_manifest,false,false,false,false,false,false,METADATA_REPAIR_REQUIRED_BEFORE_REQUEST|PREVIOUS_METADATA_BLOCKER_PRESENT|SENSOR_NOT_RESOLVED_TO_SENTINEL_2_OPTICAL|REQUIREMENT_ALREADY_BLOCKED,GUARDRAILS_PRESERVED_SENSOR_FAMILY_RESOLUTION_ONLY
petropolis_00396__sentinel__B3B8B11__10m__v1,Petropolis,3,requires_manual_sensor_selection,requires_manual_sensor_selection,BLOCKED_MANUAL_REVIEW_REQUIRED,NO_DETERMINISTIC_ACQUISITION_SENSOR_EVIDENCE,REJECTED_MISSING_CONTEXT,asset_ref_6caef0cea6d5,patch_manifest,false,false,false,false,false,false,METADATA_REPAIR_REQUIRED_BEFORE_REQUEST|PREVIOUS_METADATA_BLOCKER_PRESENT|SENSOR_NOT_RESOLVED_TO_SENTINEL_2_OPTICAL|REQUIREMENT_ALREADY_BLOCKED,GUARDRAILS_PRESERVED_SENSOR_FAMILY_RESOLUTION_ONLY
petropolis_00397__sentinel__B3B8B11__10m__v1,Petropolis,1,requires_manual_sensor_selection,requires_manual_sensor_selection,BLOCKED_MANUAL_REVIEW_REQUIRED,NO_DETERMINISTIC_ACQUISITION_SENSOR_EVIDENCE,REJECTED_MISSING_CONTEXT,asset_ref_b6bfac6be266,patch_manifest,false,false,false,false,false,false,METADATA_REPAIR_REQUIRED_BEFORE_REQUEST|PREVIOUS_METADATA_BLOCKER_PRESENT|SENSOR_NOT_RESOLVED_TO_SENTINEL_2_OPTICAL|REQUIREMENT_ALREADY_BLOCKED,GUARDRAILS_PRESERVED_SENSOR_FAMILY_RESOLUTION_ONLY
petropolis_00397__sentinel__B3B8B11__10m__v1,Petropolis,2,requires_manual_sensor_selection,requires_manual_sensor_selection,BLOCKED_MANUAL_REVIEW_REQUIRED,NO_DETERMINISTIC_ACQUISITION_SENSOR_EVIDENCE,REJECTED_MISSING_CONTEXT,asset_ref_b6bfac6be266,patch_manifest,false,false,false,false,false,false,METADATA_REPAIR_REQUIRED_BEFORE_REQUEST|PREVIOUS_METADATA_BLOCKER_PRESENT|SENSOR_NOT_RESOLVED_TO_SENTINEL_2_OPTICAL|REQUIREMENT_ALREADY_BLOCKED,GUARDRAILS_PRESERVED_SENSOR_FAMILY_RESOLUTION_ONLY
petropolis_00397__sentinel__B3B8B11__10m__v1,Petropolis,3,requires_manual_sensor_selection,requires_manual_sensor_selection,BLOCKED_MANUAL_REVIEW_REQUIRED,NO_DETERMINISTIC_ACQUISITION_SENSOR_EVIDENCE,REJECTED_MISSING_CONTEXT,asset_ref_b6bfac6be266,patch_manifest,false,false,false,false,false,false,METADATA_REPAIR_REQUIRED_BEFORE_REQUEST|PREVIOUS_METADATA_BLOCKER_PRESENT|SENSOR_NOT_RESOLVED_TO_SENTINEL_2_OPTICAL|REQUIREMENT_ALREADY_BLOCKED,GUARDRAILS_PRESERVED_SENSOR_FAMILY_RESOLUTION_ONLY
petropolis_00404__sentinel__B3B8B11__10m__v1,Petropolis,1,requires_manual_sensor_selection,requires_manual_sensor_selection,BLOCKED_MANUAL_REVIEW_REQUIRED,NO_DETERMINISTIC_ACQUISITION_SENSOR_EVIDENCE,REJECTED_MISSING_CONTEXT,asset_ref_043f7097a557,patch_manifest,false,false,false,false,false,false,METADATA_REPAIR_REQUIRED_BEFORE_REQUEST|PREVIOUS_METADATA_BLOCKER_PRESENT|SENSOR_NOT_RESOLVED_TO_SENTINEL_2_OPTICAL|REQUIREMENT_ALREADY_BLOCKED,GUARDRAILS_PRESERVED_SENSOR_FAMILY_RESOLUTION_ONLY
petropolis_00404__sentinel__B3B8B11__10m__v1,Petropolis,2,requires_manual_sensor_selection,requires_manual_sensor_selection,BLOCKED_MANUAL_REVIEW_REQUIRED,NO_DETERMINISTIC_ACQUISITION_SENSOR_EVIDENCE,REJECTED_MISSING_CONTEXT,asset_ref_043f7097a557,patch_manifest,false,false,false,false,false,false,METADATA_REPAIR_REQUIRED_BEFORE_REQUEST|PREVIOUS_METADATA_BLOCKER_PRESENT|SENSOR_NOT_RESOLVED_TO_SENTINEL_2_OPTICAL|REQUIREMENT_ALREADY_BLOCKED,GUARDRAILS_PRESERVED_SENSOR_FAMILY_RESOLUTION_ONLY
petropolis_00404__sentinel__B3B8B11__10m__v1,Petropolis,3,requires_manual_sensor_selection,requires_manual_sensor_selection,BLOCKED_MANUAL_REVIEW_REQUIRED,NO_DETERMINISTIC_ACQUISITION_SENSOR_EVIDENCE,REJECTED_MISSING_CONTEXT,asset_ref_043f7097a557,patch_manifest,false,false,false,false,false,false,METADATA_REPAIR_REQUIRED_BEFORE_REQUEST|PREVIOUS_METADATA_BLOCKER_PRESENT|SENSOR_NOT_RESOLVED_TO_SENTINEL_2_OPTICAL|REQUIREMENT_ALREADY_BLOCKED,GUARDRAILS_PRESERVED_SENSOR_FAMILY_RESOLUTION_ONLY
petropolis_00431__sentinel__B3B8B11__10m__v1,Petropolis,1,requires_manual_sensor_selection,requires_manual_sensor_selection,BLOCKED_MANUAL_REVIEW_REQUIRED,NO_DETERMINISTIC_ACQUISITION_SENSOR_EVIDENCE,REJECTED_MISSING_CONTEXT,asset_ref_b104552484cc,patch_manifest,false,false,false,false,false,false,METADATA_REPAIR_REQUIRED_BEFORE_REQUEST|PREVIOUS_METADATA_BLOCKER_PRESENT|SENSOR_NOT_RESOLVED_TO_SENTINEL_2_OPTICAL|REQUIREMENT_ALREADY_BLOCKED,GUARDRAILS_PRESERVED_SENSOR_FAMILY_RESOLUTION_ONLY
petropolis_00431__sentinel__B3B8B11__10m__v1,Petropolis,2,requires_manual_sensor_selection,requires_manual_sensor_selection,BLOCKED_MANUAL_REVIEW_REQUIRED,NO_DETERMINISTIC_ACQUISITION_SENSOR_EVIDENCE,REJECTED_MISSING_CONTEXT,asset_ref_b104552484cc,patch_manifest,false,false,false,false,false,false,METADATA_REPAIR_REQUIRED_BEFORE_REQUEST|PREVIOUS_METADATA_BLOCKER_PRESENT|SENSOR_NOT_RESOLVED_TO_SENTINEL_2_OPTICAL|REQUIREMENT_ALREADY_BLOCKED,GUARDRAILS_PRESERVED_SENSOR_FAMILY_RESOLUTION_ONLY
petropolis_00431__sentinel__B3B8B11__10m__v1,Petropolis,3,requires_manual_sensor_selection,requires_manual_sensor_selection,BLOCKED_MANUAL_REVIEW_REQUIRED,NO_DETERMINISTIC_ACQUISITION_SENSOR_EVIDENCE,REJECTED_MISSING_CONTEXT,asset_ref_b104552484cc,patch_manifest,false,false,false,false,false,false,METADATA_REPAIR_REQUIRED_BEFORE_REQUEST|PREVIOUS_METADATA_BLOCKER_PRESENT|SENSOR_NOT_RESOLVED_TO_SENTINEL_2_OPTICAL|REQUIREMENT_ALREADY_BLOCKED,GUARDRAILS_PRESERVED_SENSOR_FAMILY_RESOLUTION_ONLY
petropolis_00467__sentinel__B3B8B11__10m__v1,Petropolis,1,requires_manual_sensor_selection,requires_manual_sensor_selection,BLOCKED_MANUAL_REVIEW_REQUIRED,NO_DETERMINISTIC_ACQUISITION_SENSOR_EVIDENCE,REJECTED_MISSING_CONTEXT,asset_ref_123ea84c372b,patch_manifest,false,false,false,false,false,false,METADATA_REPAIR_REQUIRED_BEFORE_REQUEST|PREVIOUS_METADATA_BLOCKER_PRESENT|SENSOR_NOT_RESOLVED_TO_SENTINEL_2_OPTICAL|REQUIREMENT_ALREADY_BLOCKED,GUARDRAILS_PRESERVED_SENSOR_FAMILY_RESOLUTION_ONLY
petropolis_00467__sentinel__B3B8B11__10m__v1,Petropolis,2,requires_manual_sensor_selection,requires_manual_sensor_selection,BLOCKED_MANUAL_REVIEW_REQUIRED,NO_DETERMINISTIC_ACQUISITION_SENSOR_EVIDENCE,REJECTED_MISSING_CONTEXT,asset_ref_123ea84c372b,patch_manifest,false,false,false,false,false,false,METADATA_REPAIR_REQUIRED_BEFORE_REQUEST|PREVIOUS_METADATA_BLOCKER_PRESENT|SENSOR_NOT_RESOLVED_TO_SENTINEL_2_OPTICAL|REQUIREMENT_ALREADY_BLOCKED,GUARDRAILS_PRESERVED_SENSOR_FAMILY_RESOLUTION_ONLY
petropolis_00467__sentinel__B3B8B11__10m__v1,Petropolis,3,requires_manual_sensor_selection,requires_manual_sensor_selection,BLOCKED_MANUAL_REVIEW_REQUIRED,NO_DETERMINISTIC_ACQUISITION_SENSOR_EVIDENCE,REJECTED_MISSING_CONTEXT,asset_ref_123ea84c372b,patch_manifest,false,false,false,false,false,false,METADATA_REPAIR_REQUIRED_BEFORE_REQUEST|PREVIOUS_METADATA_BLOCKER_PRESENT|SENSOR_NOT_RESOLVED_TO_SENTINEL_2_OPTICAL|REQUIREMENT_ALREADY_BLOCKED,GUARDRAILS_PRESERVED_SENSOR_FAMILY_RESOLUTION_ONLY
petropolis_00506__sentinel__B3B8B11__10m__v1,Petropolis,1,requires_manual_sensor_selection,requires_manual_sensor_selection,BLOCKED_MANUAL_REVIEW_REQUIRED,NO_DETERMINISTIC_ACQUISITION_SENSOR_EVIDENCE,REJECTED_MISSING_CONTEXT,asset_ref_ab19f4610337,patch_manifest,false,false,false,false,false,false,METADATA_REPAIR_REQUIRED_BEFORE_REQUEST|PREVIOUS_METADATA_BLOCKER_PRESENT|SENSOR_NOT_RESOLVED_TO_SENTINEL_2_OPTICAL|REQUIREMENT_ALREADY_BLOCKED,GUARDRAILS_PRESERVED_SENSOR_FAMILY_RESOLUTION_ONLY
petropolis_00506__sentinel__B3B8B11__10m__v1,Petropolis,2,requires_manual_sensor_selection,requires_manual_sensor_selection,BLOCKED_MANUAL_REVIEW_REQUIRED,NO_DETERMINISTIC_ACQUISITION_SENSOR_EVIDENCE,REJECTED_MISSING_CONTEXT,asset_ref_ab19f4610337,patch_manifest,false,false,false,false,false,false,METADATA_REPAIR_REQUIRED_BEFORE_REQUEST|PREVIOUS_METADATA_BLOCKER_PRESENT|SENSOR_NOT_RESOLVED_TO_SENTINEL_2_OPTICAL|REQUIREMENT_ALREADY_BLOCKED,GUARDRAILS_PRESERVED_SENSOR_FAMILY_RESOLUTION_ONLY
petropolis_00506__sentinel__B3B8B11__10m__v1,Petropolis,3,requires_manual_sensor_selection,requires_manual_sensor_selection,BLOCKED_MANUAL_REVIEW_REQUIRED,NO_DETERMINISTIC_ACQUISITION_SENSOR_EVIDENCE,REJECTED_MISSING_CONTEXT,asset_ref_ab19f4610337,patch_manifest,false,false,false,false,false,false,METADATA_REPAIR_REQUIRED_BEFORE_REQUEST|PREVIOUS_METADATA_BLOCKER_PRESENT|SENSOR_NOT_RESOLVED_TO_SENTINEL_2_OPTICAL|REQUIREMENT_ALREADY_BLOCKED,GUARDRAILS_PRESERVED_SENSOR_FAMILY_RESOLUTION_ONLY
petropolis_00507__sentinel__B3B8B11__10m__v1,Petropolis,1,requires_manual_sensor_selection,requires_manual_sensor_selection,BLOCKED_MANUAL_REVIEW_REQUIRED,NO_DETERMINISTIC_ACQUISITION_SENSOR_EVIDENCE,REJECTED_MISSING_CONTEXT,asset_ref_08030153a922,patch_manifest,false,false,false,false,false,false,METADATA_REPAIR_REQUIRED_BEFORE_REQUEST|PREVIOUS_METADATA_BLOCKER_PRESENT|SENSOR_NOT_RESOLVED_TO_SENTINEL_2_OPTICAL|REQUIREMENT_ALREADY_BLOCKED,GUARDRAILS_PRESERVED_SENSOR_FAMILY_RESOLUTION_ONLY
petropolis_00507__sentinel__B3B8B11__10m__v1,Petropolis,2,requires_manual_sensor_selection,requires_manual_sensor_selection,BLOCKED_MANUAL_REVIEW_REQUIRED,NO_DETERMINISTIC_ACQUISITION_SENSOR_EVIDENCE,REJECTED_MISSING_CONTEXT,asset_ref_08030153a922,patch_manifest,false,false,false,false,false,false,METADATA_REPAIR_REQUIRED_BEFORE_REQUEST|PREVIOUS_METADATA_BLOCKER_PRESENT|SENSOR_NOT_RESOLVED_TO_SENTINEL_2_OPTICAL|REQUIREMENT_ALREADY_BLOCKED,GUARDRAILS_PRESERVED_SENSOR_FAMILY_RESOLUTION_ONLY
petropolis_00507__sentinel__B3B8B11__10m__v1,Petropolis,3,requires_manual_sensor_selection,requires_manual_sensor_selection,BLOCKED_MANUAL_REVIEW_REQUIRED,NO_DETERMINISTIC_ACQUISITION_SENSOR_EVIDENCE,REJECTED_MISSING_CONTEXT,asset_ref_08030153a922,patch_manifest,false,false,false,false,false,false,METADATA_REPAIR_REQUIRED_BEFORE_REQUEST|PREVIOUS_METADATA_BLOCKER_PRESENT|SENSOR_NOT_RESOLVED_TO_SENTINEL_2_OPTICAL|REQUIREMENT_ALREADY_BLOCKED,GUARDRAILS_PRESERVED_SENSOR_FAMILY_RESOLUTION_ONLY
petropolis_00579__sentinel__B3B8B11__10m__v1,Petropolis,1,requires_manual_sensor_selection,requires_manual_sensor_selection,BLOCKED_MANUAL_REVIEW_REQUIRED,NO_DETERMINISTIC_ACQUISITION_SENSOR_EVIDENCE,REJECTED_MISSING_CONTEXT,asset_ref_8a05ee402396,patch_manifest,false,false,false,false,false,false,METADATA_REPAIR_REQUIRED_BEFORE_REQUEST|PREVIOUS_METADATA_BLOCKER_PRESENT|SENSOR_NOT_RESOLVED_TO_SENTINEL_2_OPTICAL|REQUIREMENT_ALREADY_BLOCKED,GUARDRAILS_PRESERVED_SENSOR_FAMILY_RESOLUTION_ONLY
petropolis_00579__sentinel__B3B8B11__10m__v1,Petropolis,2,requires_manual_sensor_selection,requires_manual_sensor_selection,BLOCKED_MANUAL_REVIEW_REQUIRED,NO_DETERMINISTIC_ACQUISITION_SENSOR_EVIDENCE,REJECTED_MISSING_CONTEXT,asset_ref_8a05ee402396,patch_manifest,false,false,false,false,false,false,METADATA_REPAIR_REQUIRED_BEFORE_REQUEST|PREVIOUS_METADATA_BLOCKER_PRESENT|SENSOR_NOT_RESOLVED_TO_SENTINEL_2_OPTICAL|REQUIREMENT_ALREADY_BLOCKED,GUARDRAILS_PRESERVED_SENSOR_FAMILY_RESOLUTION_ONLY
petropolis_00579__sentinel__B3B8B11__10m__v1,Petropolis,3,requires_manual_sensor_selection,requires_manual_sensor_selection,BLOCKED_MANUAL_REVIEW_REQUIRED,NO_DETERMINISTIC_ACQUISITION_SENSOR_EVIDENCE,REJECTED_MISSING_CONTEXT,asset_ref_8a05ee402396,patch_manifest,false,false,false,false,false,false,METADATA_REPAIR_REQUIRED_BEFORE_REQUEST|PREVIOUS_METADATA_BLOCKER_PRESENT|SENSOR_NOT_RESOLVED_TO_SENTINEL_2_OPTICAL|REQUIREMENT_ALREADY_BLOCKED,GUARDRAILS_PRESERVED_SENSOR_FAMILY_RESOLUTION_ONLY
petropolis_00614__sentinel__B3B8B11__10m__v1,Petropolis,1,requires_manual_sensor_selection,requires_manual_sensor_selection,BLOCKED_MANUAL_REVIEW_REQUIRED,NO_DETERMINISTIC_ACQUISITION_SENSOR_EVIDENCE,REJECTED_MISSING_CONTEXT,asset_ref_7c984d6ad0d9,patch_manifest,false,false,false,false,false,false,METADATA_REPAIR_REQUIRED_BEFORE_REQUEST|PREVIOUS_METADATA_BLOCKER_PRESENT|SENSOR_NOT_RESOLVED_TO_SENTINEL_2_OPTICAL|REQUIREMENT_ALREADY_BLOCKED,GUARDRAILS_PRESERVED_SENSOR_FAMILY_RESOLUTION_ONLY
petropolis_00614__sentinel__B3B8B11__10m__v1,Petropolis,2,requires_manual_sensor_selection,requires_manual_sensor_selection,BLOCKED_MANUAL_REVIEW_REQUIRED,NO_DETERMINISTIC_ACQUISITION_SENSOR_EVIDENCE,REJECTED_MISSING_CONTEXT,asset_ref_7c984d6ad0d9,patch_manifest,false,false,false,false,false,false,METADATA_REPAIR_REQUIRED_BEFORE_REQUEST|PREVIOUS_METADATA_BLOCKER_PRESENT|SENSOR_NOT_RESOLVED_TO_SENTINEL_2_OPTICAL|REQUIREMENT_ALREADY_BLOCKED,GUARDRAILS_PRESERVED_SENSOR_FAMILY_RESOLUTION_ONLY
petropolis_00614__sentinel__B3B8B11__10m__v1,Petropolis,3,requires_manual_sensor_selection,requires_manual_sensor_selection,BLOCKED_MANUAL_REVIEW_REQUIRED,NO_DETERMINISTIC_ACQUISITION_SENSOR_EVIDENCE,REJECTED_MISSING_CONTEXT,asset_ref_7c984d6ad0d9,patch_manifest,false,false,false,false,false,false,METADATA_REPAIR_REQUIRED_BEFORE_REQUEST|PREVIOUS_METADATA_BLOCKER_PRESENT|SENSOR_NOT_RESOLVED_TO_SENTINEL_2_OPTICAL|REQUIREMENT_ALREADY_BLOCKED,GUARDRAILS_PRESERVED_SENSOR_FAMILY_RESOLUTION_ONLY
petropolis_00615__sentinel__B3B8B11__10m__v1,Petropolis,1,requires_manual_sensor_selection,requires_manual_sensor_selection,BLOCKED_MANUAL_REVIEW_REQUIRED,NO_DETERMINISTIC_ACQUISITION_SENSOR_EVIDENCE,REJECTED_MISSING_CONTEXT,asset_ref_294fa467103a,patch_manifest,false,false,false,false,false,false,METADATA_REPAIR_REQUIRED_BEFORE_REQUEST|PREVIOUS_METADATA_BLOCKER_PRESENT|SENSOR_NOT_RESOLVED_TO_SENTINEL_2_OPTICAL|REQUIREMENT_ALREADY_BLOCKED,GUARDRAILS_PRESERVED_SENSOR_FAMILY_RESOLUTION_ONLY
petropolis_00615__sentinel__B3B8B11__10m__v1,Petropolis,2,requires_manual_sensor_selection,requires_manual_sensor_selection,BLOCKED_MANUAL_REVIEW_REQUIRED,NO_DETERMINISTIC_ACQUISITION_SENSOR_EVIDENCE,REJECTED_MISSING_CONTEXT,asset_ref_294fa467103a,patch_manifest,false,false,false,false,false,false,METADATA_REPAIR_REQUIRED_BEFORE_REQUEST|PREVIOUS_METADATA_BLOCKER_PRESENT|SENSOR_NOT_RESOLVED_TO_SENTINEL_2_OPTICAL|REQUIREMENT_ALREADY_BLOCKED,GUARDRAILS_PRESERVED_SENSOR_FAMILY_RESOLUTION_ONLY
petropolis_00615__sentinel__B3B8B11__10m__v1,Petropolis,3,requires_manual_sensor_selection,requires_manual_sensor_selection,BLOCKED_MANUAL_REVIEW_REQUIRED,NO_DETERMINISTIC_ACQUISITION_SENSOR_EVIDENCE,REJECTED_MISSING_CONTEXT,asset_ref_294fa467103a,patch_manifest,false,false,false,false,false,false,METADATA_REPAIR_REQUIRED_BEFORE_REQUEST|PREVIOUS_METADATA_BLOCKER_PRESENT|SENSOR_NOT_RESOLVED_TO_SENTINEL_2_OPTICAL|REQUIREMENT_ALREADY_BLOCKED,GUARDRAILS_PRESERVED_SENSOR_FAMILY_RESOLUTION_ONLY
petropolis_00617__sentinel__B3B8B11__10m__v1,Petropolis,1,requires_manual_sensor_selection,requires_manual_sensor_selection,BLOCKED_MANUAL_REVIEW_REQUIRED,NO_DETERMINISTIC_ACQUISITION_SENSOR_EVIDENCE,REJECTED_MISSING_CONTEXT,asset_ref_7f4137337790,patch_manifest,false,false,false,false,false,false,METADATA_REPAIR_REQUIRED_BEFORE_REQUEST|PREVIOUS_METADATA_BLOCKER_PRESENT|SENSOR_NOT_RESOLVED_TO_SENTINEL_2_OPTICAL|REQUIREMENT_ALREADY_BLOCKED,GUARDRAILS_PRESERVED_SENSOR_FAMILY_RESOLUTION_ONLY
petropolis_00617__sentinel__B3B8B11__10m__v1,Petropolis,2,requires_manual_sensor_selection,requires_manual_sensor_selection,BLOCKED_MANUAL_REVIEW_REQUIRED,NO_DETERMINISTIC_ACQUISITION_SENSOR_EVIDENCE,REJECTED_MISSING_CONTEXT,asset_ref_7f4137337790,patch_manifest,false,false,false,false,false,false,METADATA_REPAIR_REQUIRED_BEFORE_REQUEST|PREVIOUS_METADATA_BLOCKER_PRESENT|SENSOR_NOT_RESOLVED_TO_SENTINEL_2_OPTICAL|REQUIREMENT_ALREADY_BLOCKED,GUARDRAILS_PRESERVED_SENSOR_FAMILY_RESOLUTION_ONLY
petropolis_00617__sentinel__B3B8B11__10m__v1,Petropolis,3,requires_manual_sensor_selection,requires_manual_sensor_selection,BLOCKED_MANUAL_REVIEW_REQUIRED,NO_DETERMINISTIC_ACQUISITION_SENSOR_EVIDENCE,REJECTED_MISSING_CONTEXT,asset_ref_7f4137337790,patch_manifest,false,false,false,false,false,false,METADATA_REPAIR_REQUIRED_BEFORE_REQUEST|PREVIOUS_METADATA_BLOCKER_PRESENT|SENSOR_NOT_RESOLVED_TO_SENTINEL_2_OPTICAL|REQUIREMENT_ALREADY_BLOCKED,GUARDRAILS_PRESERVED_SENSOR_FAMILY_RESOLUTION_ONLY
petropolis_00618__sentinel__B3B8B11__10m__v1,Petropolis,1,requires_manual_sensor_selection,requires_manual_sensor_selection,BLOCKED_MANUAL_REVIEW_REQUIRED,NO_DETERMINISTIC_ACQUISITION_SENSOR_EVIDENCE,REJECTED_MISSING_CONTEXT,asset_ref_91e2bd2a1fe9,patch_manifest,false,false,false,false,false,false,METADATA_REPAIR_REQUIRED_BEFORE_REQUEST|PREVIOUS_METADATA_BLOCKER_PRESENT|SENSOR_NOT_RESOLVED_TO_SENTINEL_2_OPTICAL|REQUIREMENT_ALREADY_BLOCKED,GUARDRAILS_PRESERVED_SENSOR_FAMILY_RESOLUTION_ONLY
petropolis_00618__sentinel__B3B8B11__10m__v1,Petropolis,2,requires_manual_sensor_selection,requires_manual_sensor_selection,BLOCKED_MANUAL_REVIEW_REQUIRED,NO_DETERMINISTIC_ACQUISITION_SENSOR_EVIDENCE,REJECTED_MISSING_CONTEXT,asset_ref_91e2bd2a1fe9,patch_manifest,false,false,false,false,false,false,METADATA_REPAIR_REQUIRED_BEFORE_REQUEST|PREVIOUS_METADATA_BLOCKER_PRESENT|SENSOR_NOT_RESOLVED_TO_SENTINEL_2_OPTICAL|REQUIREMENT_ALREADY_BLOCKED,GUARDRAILS_PRESERVED_SENSOR_FAMILY_RESOLUTION_ONLY
petropolis_00618__sentinel__B3B8B11__10m__v1,Petropolis,3,requires_manual_sensor_selection,requires_manual_sensor_selection,BLOCKED_MANUAL_REVIEW_REQUIRED,NO_DETERMINISTIC_ACQUISITION_SENSOR_EVIDENCE,REJECTED_MISSING_CONTEXT,asset_ref_91e2bd2a1fe9,patch_manifest,false,false,false,false,false,false,METADATA_REPAIR_REQUIRED_BEFORE_REQUEST|PREVIOUS_METADATA_BLOCKER_PRESENT|SENSOR_NOT_RESOLVED_TO_SENTINEL_2_OPTICAL|REQUIREMENT_ALREADY_BLOCKED,GUARDRAILS_PRESERVED_SENSOR_FAMILY_RESOLUTION_ONLY
petropolis_00641__sentinel__B3B8B11__10m__v1,Petropolis,1,requires_manual_sensor_selection,requires_manual_sensor_selection,BLOCKED_MANUAL_REVIEW_REQUIRED,NO_DETERMINISTIC_ACQUISITION_SENSOR_EVIDENCE,REJECTED_MISSING_CONTEXT,asset_ref_2c14ed0e5f54,patch_manifest,false,false,false,false,false,false,METADATA_REPAIR_REQUIRED_BEFORE_REQUEST|PREVIOUS_METADATA_BLOCKER_PRESENT|SENSOR_NOT_RESOLVED_TO_SENTINEL_2_OPTICAL|REQUIREMENT_ALREADY_BLOCKED,GUARDRAILS_PRESERVED_SENSOR_FAMILY_RESOLUTION_ONLY
petropolis_00641__sentinel__B3B8B11__10m__v1,Petropolis,2,requires_manual_sensor_selection,requires_manual_sensor_selection,BLOCKED_MANUAL_REVIEW_REQUIRED,NO_DETERMINISTIC_ACQUISITION_SENSOR_EVIDENCE,REJECTED_MISSING_CONTEXT,asset_ref_2c14ed0e5f54,patch_manifest,false,false,false,false,false,false,METADATA_REPAIR_REQUIRED_BEFORE_REQUEST|PREVIOUS_METADATA_BLOCKER_PRESENT|SENSOR_NOT_RESOLVED_TO_SENTINEL_2_OPTICAL|REQUIREMENT_ALREADY_BLOCKED,GUARDRAILS_PRESERVED_SENSOR_FAMILY_RESOLUTION_ONLY
petropolis_00641__sentinel__B3B8B11__10m__v1,Petropolis,3,requires_manual_sensor_selection,requires_manual_sensor_selection,BLOCKED_MANUAL_REVIEW_REQUIRED,NO_DETERMINISTIC_ACQUISITION_SENSOR_EVIDENCE,REJECTED_MISSING_CONTEXT,asset_ref_2c14ed0e5f54,patch_manifest,false,false,false,false,false,false,METADATA_REPAIR_REQUIRED_BEFORE_REQUEST|PREVIOUS_METADATA_BLOCKER_PRESENT|SENSOR_NOT_RESOLVED_TO_SENTINEL_2_OPTICAL|REQUIREMENT_ALREADY_BLOCKED,GUARDRAILS_PRESERVED_SENSOR_FAMILY_RESOLUTION_ONLY
petropolis_00649__sentinel__B3B8B11__10m__v1,Petropolis,1,requires_manual_sensor_selection,requires_manual_sensor_selection,BLOCKED_MANUAL_REVIEW_REQUIRED,NO_DETERMINISTIC_ACQUISITION_SENSOR_EVIDENCE,REJECTED_MISSING_CONTEXT,asset_ref_84a3e2c5e51e,patch_manifest,false,false,false,false,false,false,METADATA_REPAIR_REQUIRED_BEFORE_REQUEST|PREVIOUS_METADATA_BLOCKER_PRESENT|SENSOR_NOT_RESOLVED_TO_SENTINEL_2_OPTICAL|REQUIREMENT_ALREADY_BLOCKED,GUARDRAILS_PRESERVED_SENSOR_FAMILY_RESOLUTION_ONLY
petropolis_00649__sentinel__B3B8B11__10m__v1,Petropolis,2,requires_manual_sensor_selection,requires_manual_sensor_selection,BLOCKED_MANUAL_REVIEW_REQUIRED,NO_DETERMINISTIC_ACQUISITION_SENSOR_EVIDENCE,REJECTED_MISSING_CONTEXT,asset_ref_84a3e2c5e51e,patch_manifest,false,false,false,false,false,false,METADATA_REPAIR_REQUIRED_BEFORE_REQUEST|PREVIOUS_METADATA_BLOCKER_PRESENT|SENSOR_NOT_RESOLVED_TO_SENTINEL_2_OPTICAL|REQUIREMENT_ALREADY_BLOCKED,GUARDRAILS_PRESERVED_SENSOR_FAMILY_RESOLUTION_ONLY
petropolis_00649__sentinel__B3B8B11__10m__v1,Petropolis,3,requires_manual_sensor_selection,requires_manual_sensor_selection,BLOCKED_MANUAL_REVIEW_REQUIRED,NO_DETERMINISTIC_ACQUISITION_SENSOR_EVIDENCE,REJECTED_MISSING_CONTEXT,asset_ref_84a3e2c5e51e,patch_manifest,false,false,false,false,false,false,METADATA_REPAIR_REQUIRED_BEFORE_REQUEST|PREVIOUS_METADATA_BLOCKER_PRESENT|SENSOR_NOT_RESOLVED_TO_SENTINEL_2_OPTICAL|REQUIREMENT_ALREADY_BLOCKED,GUARDRAILS_PRESERVED_SENSOR_FAMILY_RESOLUTION_ONLY
petropolis_00652__sentinel__B3B8B11__10m__v1,Petropolis,1,requires_manual_sensor_selection,requires_manual_sensor_selection,BLOCKED_MANUAL_REVIEW_REQUIRED,NO_DETERMINISTIC_ACQUISITION_SENSOR_EVIDENCE,REJECTED_MISSING_CONTEXT,asset_ref_8d0a8751831d,patch_manifest,false,false,false,false,false,false,METADATA_REPAIR_REQUIRED_BEFORE_REQUEST|PREVIOUS_METADATA_BLOCKER_PRESENT|SENSOR_NOT_RESOLVED_TO_SENTINEL_2_OPTICAL|REQUIREMENT_ALREADY_BLOCKED,GUARDRAILS_PRESERVED_SENSOR_FAMILY_RESOLUTION_ONLY
petropolis_00652__sentinel__B3B8B11__10m__v1,Petropolis,2,requires_manual_sensor_selection,requires_manual_sensor_selection,BLOCKED_MANUAL_REVIEW_REQUIRED,NO_DETERMINISTIC_ACQUISITION_SENSOR_EVIDENCE,REJECTED_MISSING_CONTEXT,asset_ref_8d0a8751831d,patch_manifest,false,false,false,false,false,false,METADATA_REPAIR_REQUIRED_BEFORE_REQUEST|PREVIOUS_METADATA_BLOCKER_PRESENT|SENSOR_NOT_RESOLVED_TO_SENTINEL_2_OPTICAL|REQUIREMENT_ALREADY_BLOCKED,GUARDRAILS_PRESERVED_SENSOR_FAMILY_RESOLUTION_ONLY
petropolis_00652__sentinel__B3B8B11__10m__v1,Petropolis,3,requires_manual_sensor_selection,requires_manual_sensor_selection,BLOCKED_MANUAL_REVIEW_REQUIRED,NO_DETERMINISTIC_ACQUISITION_SENSOR_EVIDENCE,REJECTED_MISSING_CONTEXT,asset_ref_8d0a8751831d,patch_manifest,false,false,false,false,false,false,METADATA_REPAIR_REQUIRED_BEFORE_REQUEST|PREVIOUS_METADATA_BLOCKER_PRESENT|SENSOR_NOT_RESOLVED_TO_SENTINEL_2_OPTICAL|REQUIREMENT_ALREADY_BLOCKED,GUARDRAILS_PRESERVED_SENSOR_FAMILY_RESOLUTION_ONLY
petropolis_00720__sentinel__B3B8B11__10m__v1,Petropolis,1,requires_manual_sensor_selection,requires_manual_sensor_selection,BLOCKED_MANUAL_REVIEW_REQUIRED,NO_DETERMINISTIC_ACQUISITION_SENSOR_EVIDENCE,REJECTED_MISSING_CONTEXT,asset_ref_a6634b60e0ee,patch_manifest,false,false,false,false,false,false,METADATA_REPAIR_REQUIRED_BEFORE_REQUEST|PREVIOUS_METADATA_BLOCKER_PRESENT|SENSOR_NOT_RESOLVED_TO_SENTINEL_2_OPTICAL|REQUIREMENT_ALREADY_BLOCKED,GUARDRAILS_PRESERVED_SENSOR_FAMILY_RESOLUTION_ONLY
petropolis_00720__sentinel__B3B8B11__10m__v1,Petropolis,2,requires_manual_sensor_selection,requires_manual_sensor_selection,BLOCKED_MANUAL_REVIEW_REQUIRED,NO_DETERMINISTIC_ACQUISITION_SENSOR_EVIDENCE,REJECTED_MISSING_CONTEXT,asset_ref_a6634b60e0ee,patch_manifest,false,false,false,false,false,false,METADATA_REPAIR_REQUIRED_BEFORE_REQUEST|PREVIOUS_METADATA_BLOCKER_PRESENT|SENSOR_NOT_RESOLVED_TO_SENTINEL_2_OPTICAL|REQUIREMENT_ALREADY_BLOCKED,GUARDRAILS_PRESERVED_SENSOR_FAMILY_RESOLUTION_ONLY
petropolis_00720__sentinel__B3B8B11__10m__v1,Petropolis,3,requires_manual_sensor_selection,requires_manual_sensor_selection,BLOCKED_MANUAL_REVIEW_REQUIRED,NO_DETERMINISTIC_ACQUISITION_SENSOR_EVIDENCE,REJECTED_MISSING_CONTEXT,asset_ref_a6634b60e0ee,patch_manifest,false,false,false,false,false,false,METADATA_REPAIR_REQUIRED_BEFORE_REQUEST|PREVIOUS_METADATA_BLOCKER_PRESENT|SENSOR_NOT_RESOLVED_TO_SENTINEL_2_OPTICAL|REQUIREMENT_ALREADY_BLOCKED,GUARDRAILS_PRESERVED_SENSOR_FAMILY_RESOLUTION_ONLY
petropolis_00756__sentinel__B3B8B11__10m__v1,Petropolis,1,requires_manual_sensor_selection,requires_manual_sensor_selection,BLOCKED_MANUAL_REVIEW_REQUIRED,NO_DETERMINISTIC_ACQUISITION_SENSOR_EVIDENCE,REJECTED_MISSING_CONTEXT,asset_ref_52dcb9f65e75,patch_manifest,false,false,false,false,false,false,METADATA_REPAIR_REQUIRED_BEFORE_REQUEST|PREVIOUS_METADATA_BLOCKER_PRESENT|SENSOR_NOT_RESOLVED_TO_SENTINEL_2_OPTICAL|REQUIREMENT_ALREADY_BLOCKED,GUARDRAILS_PRESERVED_SENSOR_FAMILY_RESOLUTION_ONLY
petropolis_00756__sentinel__B3B8B11__10m__v1,Petropolis,2,requires_manual_sensor_selection,requires_manual_sensor_selection,BLOCKED_MANUAL_REVIEW_REQUIRED,NO_DETERMINISTIC_ACQUISITION_SENSOR_EVIDENCE,REJECTED_MISSING_CONTEXT,asset_ref_52dcb9f65e75,patch_manifest,false,false,false,false,false,false,METADATA_REPAIR_REQUIRED_BEFORE_REQUEST|PREVIOUS_METADATA_BLOCKER_PRESENT|SENSOR_NOT_RESOLVED_TO_SENTINEL_2_OPTICAL|REQUIREMENT_ALREADY_BLOCKED,GUARDRAILS_PRESERVED_SENSOR_FAMILY_RESOLUTION_ONLY
petropolis_00756__sentinel__B3B8B11__10m__v1,Petropolis,3,requires_manual_sensor_selection,requires_manual_sensor_selection,BLOCKED_MANUAL_REVIEW_REQUIRED,NO_DETERMINISTIC_ACQUISITION_SENSOR_EVIDENCE,REJECTED_MISSING_CONTEXT,asset_ref_52dcb9f65e75,patch_manifest,false,false,false,false,false,false,METADATA_REPAIR_REQUIRED_BEFORE_REQUEST|PREVIOUS_METADATA_BLOCKER_PRESENT|SENSOR_NOT_RESOLVED_TO_SENTINEL_2_OPTICAL|REQUIREMENT_ALREADY_BLOCKED,GUARDRAILS_PRESERVED_SENSOR_FAMILY_RESOLUTION_ONLY
petropolis_00789__sentinel__B3B8B11__10m__v1,Petropolis,1,requires_manual_sensor_selection,requires_manual_sensor_selection,BLOCKED_MANUAL_REVIEW_REQUIRED,NO_DETERMINISTIC_ACQUISITION_SENSOR_EVIDENCE,REJECTED_MISSING_CONTEXT,asset_ref_19a9e1433654,patch_manifest,false,false,false,false,false,false,METADATA_REPAIR_REQUIRED_BEFORE_REQUEST|PREVIOUS_METADATA_BLOCKER_PRESENT|SENSOR_NOT_RESOLVED_TO_SENTINEL_2_OPTICAL|REQUIREMENT_ALREADY_BLOCKED,GUARDRAILS_PRESERVED_SENSOR_FAMILY_RESOLUTION_ONLY
petropolis_00789__sentinel__B3B8B11__10m__v1,Petropolis,2,requires_manual_sensor_selection,requires_manual_sensor_selection,BLOCKED_MANUAL_REVIEW_REQUIRED,NO_DETERMINISTIC_ACQUISITION_SENSOR_EVIDENCE,REJECTED_MISSING_CONTEXT,asset_ref_19a9e1433654,patch_manifest,false,false,false,false,false,false,METADATA_REPAIR_REQUIRED_BEFORE_REQUEST|PREVIOUS_METADATA_BLOCKER_PRESENT|SENSOR_NOT_RESOLVED_TO_SENTINEL_2_OPTICAL|REQUIREMENT_ALREADY_BLOCKED,GUARDRAILS_PRESERVED_SENSOR_FAMILY_RESOLUTION_ONLY
petropolis_00789__sentinel__B3B8B11__10m__v1,Petropolis,3,requires_manual_sensor_selection,requires_manual_sensor_selection,BLOCKED_MANUAL_REVIEW_REQUIRED,NO_DETERMINISTIC_ACQUISITION_SENSOR_EVIDENCE,REJECTED_MISSING_CONTEXT,asset_ref_19a9e1433654,patch_manifest,false,false,false,false,false,false,METADATA_REPAIR_REQUIRED_BEFORE_REQUEST|PREVIOUS_METADATA_BLOCKER_PRESENT|SENSOR_NOT_RESOLVED_TO_SENTINEL_2_OPTICAL|REQUIREMENT_ALREADY_BLOCKED,GUARDRAILS_PRESERVED_SENSOR_FAMILY_RESOLUTION_ONLY
petropolis_00823__sentinel__B3B8B11__10m__v1,Petropolis,1,requires_manual_sensor_selection,requires_manual_sensor_selection,BLOCKED_MANUAL_REVIEW_REQUIRED,NO_DETERMINISTIC_ACQUISITION_SENSOR_EVIDENCE,REJECTED_MISSING_CONTEXT,asset_ref_d0bfa4e2e2da,patch_manifest,false,false,false,false,false,false,METADATA_REPAIR_REQUIRED_BEFORE_REQUEST|PREVIOUS_METADATA_BLOCKER_PRESENT|SENSOR_NOT_RESOLVED_TO_SENTINEL_2_OPTICAL|REQUIREMENT_ALREADY_BLOCKED,GUARDRAILS_PRESERVED_SENSOR_FAMILY_RESOLUTION_ONLY
petropolis_00823__sentinel__B3B8B11__10m__v1,Petropolis,2,requires_manual_sensor_selection,requires_manual_sensor_selection,BLOCKED_MANUAL_REVIEW_REQUIRED,NO_DETERMINISTIC_ACQUISITION_SENSOR_EVIDENCE,REJECTED_MISSING_CONTEXT,asset_ref_d0bfa4e2e2da,patch_manifest,false,false,false,false,false,false,METADATA_REPAIR_REQUIRED_BEFORE_REQUEST|PREVIOUS_METADATA_BLOCKER_PRESENT|SENSOR_NOT_RESOLVED_TO_SENTINEL_2_OPTICAL|REQUIREMENT_ALREADY_BLOCKED,GUARDRAILS_PRESERVED_SENSOR_FAMILY_RESOLUTION_ONLY
petropolis_00823__sentinel__B3B8B11__10m__v1,Petropolis,3,requires_manual_sensor_selection,requires_manual_sensor_selection,BLOCKED_MANUAL_REVIEW_REQUIRED,NO_DETERMINISTIC_ACQUISITION_SENSOR_EVIDENCE,REJECTED_MISSING_CONTEXT,asset_ref_d0bfa4e2e2da,patch_manifest,false,false,false,false,false,false,METADATA_REPAIR_REQUIRED_BEFORE_REQUEST|PREVIOUS_METADATA_BLOCKER_PRESENT|SENSOR_NOT_RESOLVED_TO_SENTINEL_2_OPTICAL|REQUIREMENT_ALREADY_BLOCKED,GUARDRAILS_PRESERVED_SENSOR_FAMILY_RESOLUTION_ONLY
petropolis_00825__sentinel__B3B8B11__10m__v1,Petropolis,1,requires_manual_sensor_selection,requires_manual_sensor_selection,BLOCKED_MANUAL_REVIEW_REQUIRED,NO_DETERMINISTIC_ACQUISITION_SENSOR_EVIDENCE,REJECTED_MISSING_CONTEXT,asset_ref_1ace22db2d1a,patch_manifest,false,false,false,false,false,false,METADATA_REPAIR_REQUIRED_BEFORE_REQUEST|PREVIOUS_METADATA_BLOCKER_PRESENT|SENSOR_NOT_RESOLVED_TO_SENTINEL_2_OPTICAL|REQUIREMENT_ALREADY_BLOCKED,GUARDRAILS_PRESERVED_SENSOR_FAMILY_RESOLUTION_ONLY
petropolis_00825__sentinel__B3B8B11__10m__v1,Petropolis,2,requires_manual_sensor_selection,requires_manual_sensor_selection,BLOCKED_MANUAL_REVIEW_REQUIRED,NO_DETERMINISTIC_ACQUISITION_SENSOR_EVIDENCE,REJECTED_MISSING_CONTEXT,asset_ref_1ace22db2d1a,patch_manifest,false,false,false,false,false,false,METADATA_REPAIR_REQUIRED_BEFORE_REQUEST|PREVIOUS_METADATA_BLOCKER_PRESENT|SENSOR_NOT_RESOLVED_TO_SENTINEL_2_OPTICAL|REQUIREMENT_ALREADY_BLOCKED,GUARDRAILS_PRESERVED_SENSOR_FAMILY_RESOLUTION_ONLY
petropolis_00825__sentinel__B3B8B11__10m__v1,Petropolis,3,requires_manual_sensor_selection,requires_manual_sensor_selection,BLOCKED_MANUAL_REVIEW_REQUIRED,NO_DETERMINISTIC_ACQUISITION_SENSOR_EVIDENCE,REJECTED_MISSING_CONTEXT,asset_ref_1ace22db2d1a,patch_manifest,false,false,false,false,false,false,METADATA_REPAIR_REQUIRED_BEFORE_REQUEST|PREVIOUS_METADATA_BLOCKER_PRESENT|SENSOR_NOT_RESOLVED_TO_SENTINEL_2_OPTICAL|REQUIREMENT_ALREADY_BLOCKED,GUARDRAILS_PRESERVED_SENSOR_FAMILY_RESOLUTION_ONLY
petropolis_00829__sentinel__B3B8B11__10m__v1,Petropolis,1,requires_manual_sensor_selection,requires_manual_sensor_selection,BLOCKED_MANUAL_REVIEW_REQUIRED,NO_DETERMINISTIC_ACQUISITION_SENSOR_EVIDENCE,REJECTED_MISSING_CONTEXT,asset_ref_3e8273da61d2,patch_manifest,false,false,false,false,false,false,METADATA_REPAIR_REQUIRED_BEFORE_REQUEST|PREVIOUS_METADATA_BLOCKER_PRESENT|SENSOR_NOT_RESOLVED_TO_SENTINEL_2_OPTICAL|REQUIREMENT_ALREADY_BLOCKED,GUARDRAILS_PRESERVED_SENSOR_FAMILY_RESOLUTION_ONLY
petropolis_00829__sentinel__B3B8B11__10m__v1,Petropolis,2,requires_manual_sensor_selection,requires_manual_sensor_selection,BLOCKED_MANUAL_REVIEW_REQUIRED,NO_DETERMINISTIC_ACQUISITION_SENSOR_EVIDENCE,REJECTED_MISSING_CONTEXT,asset_ref_3e8273da61d2,patch_manifest,false,false,false,false,false,false,METADATA_REPAIR_REQUIRED_BEFORE_REQUEST|PREVIOUS_METADATA_BLOCKER_PRESENT|SENSOR_NOT_RESOLVED_TO_SENTINEL_2_OPTICAL|REQUIREMENT_ALREADY_BLOCKED,GUARDRAILS_PRESERVED_SENSOR_FAMILY_RESOLUTION_ONLY
petropolis_00829__sentinel__B3B8B11__10m__v1,Petropolis,3,requires_manual_sensor_selection,requires_manual_sensor_selection,BLOCKED_MANUAL_REVIEW_REQUIRED,NO_DETERMINISTIC_ACQUISITION_SENSOR_EVIDENCE,REJECTED_MISSING_CONTEXT,asset_ref_3e8273da61d2,patch_manifest,false,false,false,false,false,false,METADATA_REPAIR_REQUIRED_BEFORE_REQUEST|PREVIOUS_METADATA_BLOCKER_PRESENT|SENSOR_NOT_RESOLVED_TO_SENTINEL_2_OPTICAL|REQUIREMENT_ALREADY_BLOCKED,GUARDRAILS_PRESERVED_SENSOR_FAMILY_RESOLUTION_ONLY
petropolis_00860__sentinel__B3B8B11__10m__v1,Petropolis,1,requires_manual_sensor_selection,requires_manual_sensor_selection,BLOCKED_MANUAL_REVIEW_REQUIRED,NO_DETERMINISTIC_ACQUISITION_SENSOR_EVIDENCE,REJECTED_MISSING_CONTEXT,asset_ref_f84cf0f0b5bf,patch_manifest,false,false,false,false,false,false,METADATA_REPAIR_REQUIRED_BEFORE_REQUEST|PREVIOUS_METADATA_BLOCKER_PRESENT|SENSOR_NOT_RESOLVED_TO_SENTINEL_2_OPTICAL|REQUIREMENT_ALREADY_BLOCKED,GUARDRAILS_PRESERVED_SENSOR_FAMILY_RESOLUTION_ONLY
petropolis_00860__sentinel__B3B8B11__10m__v1,Petropolis,2,requires_manual_sensor_selection,requires_manual_sensor_selection,BLOCKED_MANUAL_REVIEW_REQUIRED,NO_DETERMINISTIC_ACQUISITION_SENSOR_EVIDENCE,REJECTED_MISSING_CONTEXT,asset_ref_f84cf0f0b5bf,patch_manifest,false,false,false,false,false,false,METADATA_REPAIR_REQUIRED_BEFORE_REQUEST|PREVIOUS_METADATA_BLOCKER_PRESENT|SENSOR_NOT_RESOLVED_TO_SENTINEL_2_OPTICAL|REQUIREMENT_ALREADY_BLOCKED,GUARDRAILS_PRESERVED_SENSOR_FAMILY_RESOLUTION_ONLY
petropolis_00860__sentinel__B3B8B11__10m__v1,Petropolis,3,requires_manual_sensor_selection,requires_manual_sensor_selection,BLOCKED_MANUAL_REVIEW_REQUIRED,NO_DETERMINISTIC_ACQUISITION_SENSOR_EVIDENCE,REJECTED_MISSING_CONTEXT,asset_ref_f84cf0f0b5bf,patch_manifest,false,false,false,false,false,false,METADATA_REPAIR_REQUIRED_BEFORE_REQUEST|PREVIOUS_METADATA_BLOCKER_PRESENT|SENSOR_NOT_RESOLVED_TO_SENTINEL_2_OPTICAL|REQUIREMENT_ALREADY_BLOCKED,GUARDRAILS_PRESERVED_SENSOR_FAMILY_RESOLUTION_ONLY
petropolis_00863__sentinel__B3B8B11__10m__v1,Petropolis,1,requires_manual_sensor_selection,requires_manual_sensor_selection,BLOCKED_MANUAL_REVIEW_REQUIRED,NO_DETERMINISTIC_ACQUISITION_SENSOR_EVIDENCE,REJECTED_MISSING_CONTEXT,asset_ref_789d515d110c,patch_manifest,false,false,false,false,false,false,METADATA_REPAIR_REQUIRED_BEFORE_REQUEST|PREVIOUS_METADATA_BLOCKER_PRESENT|SENSOR_NOT_RESOLVED_TO_SENTINEL_2_OPTICAL|REQUIREMENT_ALREADY_BLOCKED,GUARDRAILS_PRESERVED_SENSOR_FAMILY_RESOLUTION_ONLY
petropolis_00863__sentinel__B3B8B11__10m__v1,Petropolis,2,requires_manual_sensor_selection,requires_manual_sensor_selection,BLOCKED_MANUAL_REVIEW_REQUIRED,NO_DETERMINISTIC_ACQUISITION_SENSOR_EVIDENCE,REJECTED_MISSING_CONTEXT,asset_ref_789d515d110c,patch_manifest,false,false,false,false,false,false,METADATA_REPAIR_REQUIRED_BEFORE_REQUEST|PREVIOUS_METADATA_BLOCKER_PRESENT|SENSOR_NOT_RESOLVED_TO_SENTINEL_2_OPTICAL|REQUIREMENT_ALREADY_BLOCKED,GUARDRAILS_PRESERVED_SENSOR_FAMILY_RESOLUTION_ONLY
petropolis_00863__sentinel__B3B8B11__10m__v1,Petropolis,3,requires_manual_sensor_selection,requires_manual_sensor_selection,BLOCKED_MANUAL_REVIEW_REQUIRED,NO_DETERMINISTIC_ACQUISITION_SENSOR_EVIDENCE,REJECTED_MISSING_CONTEXT,asset_ref_789d515d110c,patch_manifest,false,false,false,false,false,false,METADATA_REPAIR_REQUIRED_BEFORE_REQUEST|PREVIOUS_METADATA_BLOCKER_PRESENT|SENSOR_NOT_RESOLVED_TO_SENTINEL_2_OPTICAL|REQUIREMENT_ALREADY_BLOCKED,GUARDRAILS_PRESERVED_SENSOR_FAMILY_RESOLUTION_ONLY
petropolis_00865__sentinel__B3B8B11__10m__v1,Petropolis,1,requires_manual_sensor_selection,requires_manual_sensor_selection,BLOCKED_MANUAL_REVIEW_REQUIRED,NO_DETERMINISTIC_ACQUISITION_SENSOR_EVIDENCE,REJECTED_MISSING_CONTEXT,asset_ref_75f281c6ac3e,patch_manifest,false,false,false,false,false,false,METADATA_REPAIR_REQUIRED_BEFORE_REQUEST|PREVIOUS_METADATA_BLOCKER_PRESENT|SENSOR_NOT_RESOLVED_TO_SENTINEL_2_OPTICAL|REQUIREMENT_ALREADY_BLOCKED,GUARDRAILS_PRESERVED_SENSOR_FAMILY_RESOLUTION_ONLY
petropolis_00865__sentinel__B3B8B11__10m__v1,Petropolis,2,requires_manual_sensor_selection,requires_manual_sensor_selection,BLOCKED_MANUAL_REVIEW_REQUIRED,NO_DETERMINISTIC_ACQUISITION_SENSOR_EVIDENCE,REJECTED_MISSING_CONTEXT,asset_ref_75f281c6ac3e,patch_manifest,false,false,false,false,false,false,METADATA_REPAIR_REQUIRED_BEFORE_REQUEST|PREVIOUS_METADATA_BLOCKER_PRESENT|SENSOR_NOT_RESOLVED_TO_SENTINEL_2_OPTICAL|REQUIREMENT_ALREADY_BLOCKED,GUARDRAILS_PRESERVED_SENSOR_FAMILY_RESOLUTION_ONLY
petropolis_00865__sentinel__B3B8B11__10m__v1,Petropolis,3,requires_manual_sensor_selection,requires_manual_sensor_selection,BLOCKED_MANUAL_REVIEW_REQUIRED,NO_DETERMINISTIC_ACQUISITION_SENSOR_EVIDENCE,REJECTED_MISSING_CONTEXT,asset_ref_75f281c6ac3e,patch_manifest,false,false,false,false,false,false,METADATA_REPAIR_REQUIRED_BEFORE_REQUEST|PREVIOUS_METADATA_BLOCKER_PRESENT|SENSOR_NOT_RESOLVED_TO_SENTINEL_2_OPTICAL|REQUIREMENT_ALREADY_BLOCKED,GUARDRAILS_PRESERVED_SENSOR_FAMILY_RESOLUTION_ONLY
petropolis_00916__sentinel__B3B8B11__10m__v1,Petropolis,1,requires_manual_sensor_selection,requires_manual_sensor_selection,BLOCKED_MANUAL_REVIEW_REQUIRED,NO_DETERMINISTIC_ACQUISITION_SENSOR_EVIDENCE,REJECTED_MISSING_CONTEXT,asset_ref_b642fdaace65,patch_manifest,false,false,false,false,false,false,METADATA_REPAIR_REQUIRED_BEFORE_REQUEST|PREVIOUS_METADATA_BLOCKER_PRESENT|SENSOR_NOT_RESOLVED_TO_SENTINEL_2_OPTICAL|REQUIREMENT_ALREADY_BLOCKED,GUARDRAILS_PRESERVED_SENSOR_FAMILY_RESOLUTION_ONLY
petropolis_00916__sentinel__B3B8B11__10m__v1,Petropolis,2,requires_manual_sensor_selection,requires_manual_sensor_selection,BLOCKED_MANUAL_REVIEW_REQUIRED,NO_DETERMINISTIC_ACQUISITION_SENSOR_EVIDENCE,REJECTED_MISSING_CONTEXT,asset_ref_b642fdaace65,patch_manifest,false,false,false,false,false,false,METADATA_REPAIR_REQUIRED_BEFORE_REQUEST|PREVIOUS_METADATA_BLOCKER_PRESENT|SENSOR_NOT_RESOLVED_TO_SENTINEL_2_OPTICAL|REQUIREMENT_ALREADY_BLOCKED,GUARDRAILS_PRESERVED_SENSOR_FAMILY_RESOLUTION_ONLY
petropolis_00916__sentinel__B3B8B11__10m__v1,Petropolis,3,requires_manual_sensor_selection,requires_manual_sensor_selection,BLOCKED_MANUAL_REVIEW_REQUIRED,NO_DETERMINISTIC_ACQUISITION_SENSOR_EVIDENCE,REJECTED_MISSING_CONTEXT,asset_ref_b642fdaace65,patch_manifest,false,false,false,false,false,false,METADATA_REPAIR_REQUIRED_BEFORE_REQUEST|PREVIOUS_METADATA_BLOCKER_PRESENT|SENSOR_NOT_RESOLVED_TO_SENTINEL_2_OPTICAL|REQUIREMENT_ALREADY_BLOCKED,GUARDRAILS_PRESERVED_SENSOR_FAMILY_RESOLUTION_ONLY
petropolis_00986__sentinel__B3B8B11__10m__v1,Petropolis,1,requires_manual_sensor_selection,requires_manual_sensor_selection,BLOCKED_MANUAL_REVIEW_REQUIRED,NO_DETERMINISTIC_ACQUISITION_SENSOR_EVIDENCE,REJECTED_MISSING_CONTEXT,asset_ref_063025ea7693,patch_manifest,false,false,false,false,false,false,METADATA_REPAIR_REQUIRED_BEFORE_REQUEST|PREVIOUS_METADATA_BLOCKER_PRESENT|SENSOR_NOT_RESOLVED_TO_SENTINEL_2_OPTICAL|REQUIREMENT_ALREADY_BLOCKED,GUARDRAILS_PRESERVED_SENSOR_FAMILY_RESOLUTION_ONLY
petropolis_00986__sentinel__B3B8B11__10m__v1,Petropolis,2,requires_manual_sensor_selection,requires_manual_sensor_selection,BLOCKED_MANUAL_REVIEW_REQUIRED,NO_DETERMINISTIC_ACQUISITION_SENSOR_EVIDENCE,REJECTED_MISSING_CONTEXT,asset_ref_063025ea7693,patch_manifest,false,false,false,false,false,false,METADATA_REPAIR_REQUIRED_BEFORE_REQUEST|PREVIOUS_METADATA_BLOCKER_PRESENT|SENSOR_NOT_RESOLVED_TO_SENTINEL_2_OPTICAL|REQUIREMENT_ALREADY_BLOCKED,GUARDRAILS_PRESERVED_SENSOR_FAMILY_RESOLUTION_ONLY
petropolis_00986__sentinel__B3B8B11__10m__v1,Petropolis,3,requires_manual_sensor_selection,requires_manual_sensor_selection,BLOCKED_MANUAL_REVIEW_REQUIRED,NO_DETERMINISTIC_ACQUISITION_SENSOR_EVIDENCE,REJECTED_MISSING_CONTEXT,asset_ref_063025ea7693,patch_manifest,false,false,false,false,false,false,METADATA_REPAIR_REQUIRED_BEFORE_REQUEST|PREVIOUS_METADATA_BLOCKER_PRESENT|SENSOR_NOT_RESOLVED_TO_SENTINEL_2_OPTICAL|REQUIREMENT_ALREADY_BLOCKED,GUARDRAILS_PRESERVED_SENSOR_FAMILY_RESOLUTION_ONLY
petropolis_01307__sentinel__B3B8B11__10m__v1,Petropolis,1,requires_manual_sensor_selection,requires_manual_sensor_selection,BLOCKED_MANUAL_REVIEW_REQUIRED,NO_DETERMINISTIC_ACQUISITION_SENSOR_EVIDENCE,REJECTED_MISSING_CONTEXT,asset_ref_82df18a05152,patch_manifest,false,false,false,false,false,false,METADATA_REPAIR_REQUIRED_BEFORE_REQUEST|PREVIOUS_METADATA_BLOCKER_PRESENT|SENSOR_NOT_RESOLVED_TO_SENTINEL_2_OPTICAL|REQUIREMENT_ALREADY_BLOCKED,GUARDRAILS_PRESERVED_SENSOR_FAMILY_RESOLUTION_ONLY
petropolis_01307__sentinel__B3B8B11__10m__v1,Petropolis,2,requires_manual_sensor_selection,requires_manual_sensor_selection,BLOCKED_MANUAL_REVIEW_REQUIRED,NO_DETERMINISTIC_ACQUISITION_SENSOR_EVIDENCE,REJECTED_MISSING_CONTEXT,asset_ref_82df18a05152,patch_manifest,false,false,false,false,false,false,METADATA_REPAIR_REQUIRED_BEFORE_REQUEST|PREVIOUS_METADATA_BLOCKER_PRESENT|SENSOR_NOT_RESOLVED_TO_SENTINEL_2_OPTICAL|REQUIREMENT_ALREADY_BLOCKED,GUARDRAILS_PRESERVED_SENSOR_FAMILY_RESOLUTION_ONLY
petropolis_01307__sentinel__B3B8B11__10m__v1,Petropolis,3,requires_manual_sensor_selection,requires_manual_sensor_selection,BLOCKED_MANUAL_REVIEW_REQUIRED,NO_DETERMINISTIC_ACQUISITION_SENSOR_EVIDENCE,REJECTED_MISSING_CONTEXT,asset_ref_82df18a05152,patch_manifest,false,false,false,false,false,false,METADATA_REPAIR_REQUIRED_BEFORE_REQUEST|PREVIOUS_METADATA_BLOCKER_PRESENT|SENSOR_NOT_RESOLVED_TO_SENTINEL_2_OPTICAL|REQUIREMENT_ALREADY_BLOCKED,GUARDRAILS_PRESERVED_SENSOR_FAMILY_RESOLUTION_ONLY
petropolis_01323__sentinel__B3B8B11__10m__v1,Petropolis,1,requires_manual_sensor_selection,requires_manual_sensor_selection,BLOCKED_MANUAL_REVIEW_REQUIRED,NO_DETERMINISTIC_ACQUISITION_SENSOR_EVIDENCE,REJECTED_MISSING_CONTEXT,asset_ref_b2540052024c,patch_manifest,false,false,false,false,false,false,METADATA_REPAIR_REQUIRED_BEFORE_REQUEST|PREVIOUS_METADATA_BLOCKER_PRESENT|SENSOR_NOT_RESOLVED_TO_SENTINEL_2_OPTICAL|REQUIREMENT_ALREADY_BLOCKED,GUARDRAILS_PRESERVED_SENSOR_FAMILY_RESOLUTION_ONLY
petropolis_01323__sentinel__B3B8B11__10m__v1,Petropolis,2,requires_manual_sensor_selection,requires_manual_sensor_selection,BLOCKED_MANUAL_REVIEW_REQUIRED,NO_DETERMINISTIC_ACQUISITION_SENSOR_EVIDENCE,REJECTED_MISSING_CONTEXT,asset_ref_b2540052024c,patch_manifest,false,false,false,false,false,false,METADATA_REPAIR_REQUIRED_BEFORE_REQUEST|PREVIOUS_METADATA_BLOCKER_PRESENT|SENSOR_NOT_RESOLVED_TO_SENTINEL_2_OPTICAL|REQUIREMENT_ALREADY_BLOCKED,GUARDRAILS_PRESERVED_SENSOR_FAMILY_RESOLUTION_ONLY
petropolis_01323__sentinel__B3B8B11__10m__v1,Petropolis,3,requires_manual_sensor_selection,requires_manual_sensor_selection,BLOCKED_MANUAL_REVIEW_REQUIRED,NO_DETERMINISTIC_ACQUISITION_SENSOR_EVIDENCE,REJECTED_MISSING_CONTEXT,asset_ref_b2540052024c,patch_manifest,false,false,false,false,false,false,METADATA_REPAIR_REQUIRED_BEFORE_REQUEST|PREVIOUS_METADATA_BLOCKER_PRESENT|SENSOR_NOT_RESOLVED_TO_SENTINEL_2_OPTICAL|REQUIREMENT_ALREADY_BLOCKED,GUARDRAILS_PRESERVED_SENSOR_FAMILY_RESOLUTION_ONLY
reference_patch_id,unknown,1,requires_manual_sensor_selection,requires_manual_sensor_selection,BLOCKED_MISSING_PATCH_CONTEXT,MISSING_PATCH_REGION_OR_LINKAGE_CONTEXT,REJECTED_MISSING_CONTEXT,none,none,false,false,false,false,false,false,MISSING_REGION|METADATA_REPAIR_REQUIRED_BEFORE_REQUEST|PREVIOUS_METADATA_BLOCKER_PRESENT|SENSOR_NOT_RESOLVED_TO_SENTINEL_2_OPTICAL|REQUIREMENT_ALREADY_BLOCKED,GUARDRAILS_PRESERVED_SENSOR_FAMILY_RESOLUTION_ONLY
reference_patch_id,unknown,2,requires_manual_sensor_selection,requires_manual_sensor_selection,BLOCKED_MISSING_PATCH_CONTEXT,MISSING_PATCH_REGION_OR_LINKAGE_CONTEXT,REJECTED_MISSING_CONTEXT,none,none,false,false,false,false,false,false,MISSING_REGION|METADATA_REPAIR_REQUIRED_BEFORE_REQUEST|PREVIOUS_METADATA_BLOCKER_PRESENT|SENSOR_NOT_RESOLVED_TO_SENTINEL_2_OPTICAL|REQUIREMENT_ALREADY_BLOCKED,GUARDRAILS_PRESERVED_SENSOR_FAMILY_RESOLUTION_ONLY
reference_patch_id,unknown,3,requires_manual_sensor_selection,requires_manual_sensor_selection,BLOCKED_MISSING_PATCH_CONTEXT,MISSING_PATCH_REGION_OR_LINKAGE_CONTEXT,REJECTED_MISSING_CONTEXT,none,none,false,false,false,false,false,false,MISSING_REGION|METADATA_REPAIR_REQUIRED_BEFORE_REQUEST|PREVIOUS_METADATA_BLOCKER_PRESENT|SENSOR_NOT_RESOLVED_TO_SENTINEL_2_OPTICAL|REQUIREMENT_ALREADY_BLOCKED,GUARDRAILS_PRESERVED_SENSOR_FAMILY_RESOLUTION_ONLY
