canonical_patch_id,region,current_clean_dates_count,current_acquisition_dates,needed_dates_to_reach_3,asset_count_total,clean_asset_count,sentinel_2_asset_count,sentinel_1_asset_count,dinov2_asset_count,unknown_asset_count,requires_s2_cloud_cover_review,missing_acquisition_date,missing_region,missing_patch_asset_link,missing_numeric_cloud_cover_s2_only,backfill_priority,backfill_action,blocking_reason,eligible_after_backfill_if_completed
758,Recife,0,unknown,3,3,0,0,0,1,2,false,true,false,false,false,P2_HAS_ASSETS_NO_CLEAN_DATES,RECOVER_ACQUISITION_DATE_FROM_MANIFEST_OR_FILENAME_ONLY_IF_UNAMBIGUOUS,MISSING_ACQUISITION_DATE;UNKNOWN_ASSET_TYPE,true
AGREGADO_CURITIBA,Curitiba,0,unknown,3,1,0,0,0,1,0,false,true,false,false,false,P2_HAS_ASSETS_NO_CLEAN_DATES,RECOVER_ACQUISITION_DATE_FROM_MANIFEST_OR_FILENAME_ONLY_IF_UNAMBIGUOUS,MISSING_ACQUISITION_DATE,true
AGREGADO_PETROPOLIS,Petropolis,0,unknown,3,1,0,0,0,1,0,false,true,false,false,false,P2_HAS_ASSETS_NO_CLEAN_DATES,RECOVER_ACQUISITION_DATE_FROM_MANIFEST_OR_FILENAME_ONLY_IF_UNAMBIGUOUS,MISSING_ACQUISITION_DATE,true
AGREGADO_RECIFE,Recife,0,unknown,3,1,0,0,0,1,0,false,true,false,false,false,P2_HAS_ASSETS_NO_CLEAN_DATES,RECOVER_ACQUISITION_DATE_FROM_MANIFEST_OR_FILENAME_ONLY_IF_UNAMBIGUOUS,MISSING_ACQUISITION_DATE,true
ARP_v2az_0005,Recife,0,unknown,3,6,0,0,0,1,4,false,true,false,false,false,P2_HAS_ASSETS_NO_CLEAN_DATES,RECOVER_ACQUISITION_DATE_FROM_MANIFEST_OR_FILENAME_ONLY_IF_UNAMBIGUOUS,MISSING_ACQUISITION_DATE;UNKNOWN_ASSET_TYPE,true
CG_v2ba_0001,unknown,0,unknown,3,3,0,0,0,1,2,false,true,true,false,false,P2_HAS_ASSETS_NO_CLEAN_DATES,RECOVER_REGION_FROM_CANONICAL_PATCH_REGISTRY,MISSING_ACQUISITION_DATE;MISSING_REGION;UNKNOWN_ASSET_TYPE,true
CG_v2ba_0002,unknown,0,unknown,3,3,0,0,0,1,2,false,true,true,false,false,P2_HAS_ASSETS_NO_CLEAN_DATES,RECOVER_REGION_FROM_CANONICAL_PATCH_REGISTRY,MISSING_ACQUISITION_DATE;MISSING_REGION;UNKNOWN_ASSET_TYPE,true
CG_v2ba_0004,unknown,0,unknown,3,3,0,0,0,1,2,false,true,true,false,false,P2_HAS_ASSETS_NO_CLEAN_DATES,RECOVER_REGION_FROM_CANONICAL_PATCH_REGISTRY,MISSING_ACQUISITION_DATE;MISSING_REGION;UNKNOWN_ASSET_TYPE,true
CG_v2ba_0007,unknown,0,unknown,3,3,0,0,0,1,2,false,true,true,false,false,P2_HAS_ASSETS_NO_CLEAN_DATES,RECOVER_REGION_FROM_CANONICAL_PATCH_REGISTRY,MISSING_ACQUISITION_DATE;MISSING_REGION;UNKNOWN_ASSET_TYPE,true
CG_v2ba_0008,unknown,0,unknown,3,3,0,0,0,1,2,false,true,true,false,false,P2_HAS_ASSETS_NO_CLEAN_DATES,RECOVER_REGION_FROM_CANONICAL_PATCH_REGISTRY,MISSING_ACQUISITION_DATE;MISSING_REGION;UNKNOWN_ASSET_TYPE,true
CG_v2ba_0009,unknown,0,unknown,3,3,0,0,0,1,2,false,true,true,false,false,P2_HAS_ASSETS_NO_CLEAN_DATES,RECOVER_REGION_FROM_CANONICAL_PATCH_REGISTRY,MISSING_ACQUISITION_DATE;MISSING_REGION;UNKNOWN_ASSET_TYPE,true
CH758_OLINDA_20220603_UNTITLED,Olinda/PE,0,unknown,3,3,0,0,0,1,2,false,true,false,false,false,P2_HAS_ASSETS_NO_CLEAN_DATES,RECOVER_ACQUISITION_DATE_FROM_MANIFEST_OR_FILENAME_ONLY_IF_UNAMBIGUOUS,MISSING_ACQUISITION_DATE;UNKNOWN_ASSET_TYPE,true
CH758_RECIFE_20220602_001,Recife,0,unknown,3,3,0,0,0,1,2,false,true,false,false,false,P2_HAS_ASSETS_NO_CLEAN_DATES,RECOVER_ACQUISITION_DATE_FROM_MANIFEST_OR_FILENAME_ONLY_IF_UNAMBIGUOUS,MISSING_ACQUISITION_DATE;UNKNOWN_ASSET_TYPE,true
CH758_REMAINING_PRODUCTS_NOT_INVENTORIED,unknown,0,unknown,3,3,0,0,0,1,2,false,true,true,false,false,P2_HAS_ASSETS_NO_CLEAN_DATES,RECOVER_REGION_FROM_CANONICAL_PATCH_REGISTRY,MISSING_ACQUISITION_DATE;MISSING_REGION;UNKNOWN_ASSET_TYPE,true
CTB_2022_01_15_16,Curitiba,0,unknown,3,1,0,0,0,2,0,false,true,false,false,false,P2_HAS_ASSETS_NO_CLEAN_DATES,RECOVER_ACQUISITION_DATE_FROM_MANIFEST_OR_FILENAME_ONLY_IF_UNAMBIGUOUS,MISSING_ACQUISITION_DATE,true
CTB_2023_10_28_30,Curitiba,0,unknown,3,1,0,0,0,2,0,false,true,false,false,false,P2_HAS_ASSETS_NO_CLEAN_DATES,RECOVER_ACQUISITION_DATE_FROM_MANIFEST_OR_FILENAME_ONLY_IF_UNAMBIGUOUS,MISSING_ACQUISITION_DATE,true
CTB_2024_02_18_20,Curitiba,0,unknown,3,1,0,0,0,2,0,false,true,false,false,false,P2_HAS_ASSETS_NO_CLEAN_DATES,RECOVER_ACQUISITION_DATE_FROM_MANIFEST_OR_FILENAME_ONLY_IF_UNAMBIGUOUS,MISSING_ACQUISITION_DATE,true
CTB_SEEDS_x3,Curitiba,0,unknown,3,6,0,0,0,1,4,false,true,false,false,false,P2_HAS_ASSETS_NO_CLEAN_DATES,RECOVER_ACQUISITION_DATE_FROM_MANIFEST_OR_FILENAME_ONLY_IF_UNAMBIGUOUS,MISSING_ACQUISITION_DATE;UNKNOWN_ASSET_TYPE,true
CUR-00038,Curitiba,0,unknown,3,1,0,0,0,1,0,false,true,false,false,false,P2_HAS_ASSETS_NO_CLEAN_DATES,RECOVER_ACQUISITION_DATE_FROM_MANIFEST_OR_FILENAME_ONLY_IF_UNAMBIGUOUS,MISSING_ACQUISITION_DATE,true
CUR-00249,Curitiba,0,unknown,3,1,0,1,0,0,0,true,true,false,false,true,P2_HAS_ASSETS_NO_CLEAN_DATES,RECOVER_S2_CLOUD_COVER_METADATA,MISSING_ACQUISITION_DATE;MISSING_NUMERIC_CLOUD_COVER_S2_ONLY,true
CUR-00357,Curitiba,0,unknown,3,1,0,0,0,1,0,false,true,false,false,false,P2_HAS_ASSETS_NO_CLEAN_DATES,RECOVER_ACQUISITION_DATE_FROM_MANIFEST_OR_FILENAME_ONLY_IF_UNAMBIGUOUS,MISSING_ACQUISITION_DATE,true
CUR_00038,Curitiba,0,unknown,3,99,0,4,0,83,13,true,true,false,false,true,P2_HAS_ASSETS_NO_CLEAN_DATES,RECOVER_S2_CLOUD_COVER_METADATA,MISSING_ACQUISITION_DATE;MISSING_NUMERIC_CLOUD_COVER_S2_ONLY;UNKNOWN_ASSET_TYPE,true
CUR_00249,Curitiba,0,unknown,3,96,0,4,0,77,15,true,true,false,false,true,P2_HAS_ASSETS_NO_CLEAN_DATES,RECOVER_S2_CLOUD_COVER_METADATA,MISSING_ACQUISITION_DATE;MISSING_NUMERIC_CLOUD_COVER_S2_ONLY;UNKNOWN_ASSET_TYPE,true
CUR_00350,Curitiba,0,unknown,3,98,0,4,0,79,15,true,true,false,false,true,P2_HAS_ASSETS_NO_CLEAN_DATES,RECOVER_S2_CLOUD_COVER_METADATA,MISSING_ACQUISITION_DATE;MISSING_NUMERIC_CLOUD_COVER_S2_ONLY;UNKNOWN_ASSET_TYPE,true
CUR_00357,Curitiba,0,unknown,3,97,0,4,0,78,15,true,true,false,false,true,P2_HAS_ASSETS_NO_CLEAN_DATES,RECOVER_S2_CLOUD_COVER_METADATA,MISSING_ACQUISITION_DATE;MISSING_NUMERIC_CLOUD_COVER_S2_ONLY;UNKNOWN_ASSET_TYPE,true
CUR_00367,Curitiba,0,unknown,3,91,0,4,0,68,19,true,true,false,false,true,P2_HAS_ASSETS_NO_CLEAN_DATES,RECOVER_S2_CLOUD_COVER_METADATA,MISSING_ACQUISITION_DATE;MISSING_NUMERIC_CLOUD_COVER_S2_ONLY;UNKNOWN_ASSET_TYPE,true
CUR_00402,Curitiba,0,unknown,3,89,0,4,0,66,19,true,true,false,false,true,P2_HAS_ASSETS_NO_CLEAN_DATES,RECOVER_S2_CLOUD_COVER_METADATA,MISSING_ACQUISITION_DATE;MISSING_NUMERIC_CLOUD_COVER_S2_ONLY;UNKNOWN_ASSET_TYPE,true
CUR_00409,Curitiba,0,unknown,3,89,0,4,0,66,19,true,true,false,false,true,P2_HAS_ASSETS_NO_CLEAN_DATES,RECOVER_S2_CLOUD_COVER_METADATA,MISSING_ACQUISITION_DATE;MISSING_NUMERIC_CLOUD_COVER_S2_ONLY;UNKNOWN_ASSET_TYPE,true
CUR_00410,Curitiba,0,unknown,3,89,0,4,0,66,19,true,true,false,false,true,P2_HAS_ASSETS_NO_CLEAN_DATES,RECOVER_S2_CLOUD_COVER_METADATA,MISSING_ACQUISITION_DATE;MISSING_NUMERIC_CLOUD_COVER_S2_ONLY;UNKNOWN_ASSET_TYPE,true
CUR_00413,Curitiba,0,unknown,3,89,0,4,0,66,19,true,true,false,false,true,P2_HAS_ASSETS_NO_CLEAN_DATES,RECOVER_S2_CLOUD_COVER_METADATA,MISSING_ACQUISITION_DATE;MISSING_NUMERIC_CLOUD_COVER_S2_ONLY;UNKNOWN_ASSET_TYPE,true
CUR_00416,Curitiba,0,unknown,3,89,0,4,0,66,19,true,true,false,false,true,P2_HAS_ASSETS_NO_CLEAN_DATES,RECOVER_S2_CLOUD_COVER_METADATA,MISSING_ACQUISITION_DATE;MISSING_NUMERIC_CLOUD_COVER_S2_ONLY;UNKNOWN_ASSET_TYPE,true
CUR_00445,Curitiba,0,unknown,3,89,0,4,0,66,19,true,true,false,false,true,P2_HAS_ASSETS_NO_CLEAN_DATES,RECOVER_S2_CLOUD_COVER_METADATA,MISSING_ACQUISITION_DATE;MISSING_NUMERIC_CLOUD_COVER_S2_ONLY;UNKNOWN_ASSET_TYPE,true
CUR_00446,Curitiba,0,unknown,3,89,0,4,0,66,19,true,true,false,false,true,P2_HAS_ASSETS_NO_CLEAN_DATES,RECOVER_S2_CLOUD_COVER_METADATA,MISSING_ACQUISITION_DATE;MISSING_NUMERIC_CLOUD_COVER_S2_ONLY;UNKNOWN_ASSET_TYPE,true
CUR_00597,Curitiba,0,unknown,3,89,0,4,0,66,19,true,true,false,false,true,P2_HAS_ASSETS_NO_CLEAN_DATES,RECOVER_S2_CLOUD_COVER_METADATA,MISSING_ACQUISITION_DATE;MISSING_NUMERIC_CLOUD_COVER_S2_ONLY;UNKNOWN_ASSET_TYPE,true
CUR_00661,Curitiba,0,unknown,3,89,0,4,0,66,19,true,true,false,false,true,P2_HAS_ASSETS_NO_CLEAN_DATES,RECOVER_S2_CLOUD_COVER_METADATA,MISSING_ACQUISITION_DATE;MISSING_NUMERIC_CLOUD_COVER_S2_ONLY;UNKNOWN_ASSET_TYPE,true
CUR_00662,Curitiba,0,unknown,3,89,0,4,0,66,19,true,true,false,false,true,P2_HAS_ASSETS_NO_CLEAN_DATES,RECOVER_S2_CLOUD_COVER_METADATA,MISSING_ACQUISITION_DATE;MISSING_NUMERIC_CLOUD_COVER_S2_ONLY;UNKNOWN_ASSET_TYPE,true
CUR_00695,Curitiba,0,unknown,3,89,0,4,0,66,19,true,true,false,false,true,P2_HAS_ASSETS_NO_CLEAN_DATES,RECOVER_S2_CLOUD_COVER_METADATA,MISSING_ACQUISITION_DATE;MISSING_NUMERIC_CLOUD_COVER_S2_ONLY;UNKNOWN_ASSET_TYPE,true
CUR_00728,Curitiba,0,unknown,3,89,0,4,0,66,19,true,true,false,false,true,P2_HAS_ASSETS_NO_CLEAN_DATES,RECOVER_S2_CLOUD_COVER_METADATA,MISSING_ACQUISITION_DATE;MISSING_NUMERIC_CLOUD_COVER_S2_ONLY;UNKNOWN_ASSET_TYPE,true
CUR_00740,Curitiba,0,unknown,3,89,0,4,0,66,19,true,true,false,false,true,P2_HAS_ASSETS_NO_CLEAN_DATES,RECOVER_S2_CLOUD_COVER_METADATA,MISSING_ACQUISITION_DATE;MISSING_NUMERIC_CLOUD_COVER_S2_ONLY;UNKNOWN_ASSET_TYPE,true
CUR_00887,Curitiba,0,unknown,3,89,0,4,0,66,19,true,true,false,false,true,P2_HAS_ASSETS_NO_CLEAN_DATES,RECOVER_S2_CLOUD_COVER_METADATA,MISSING_ACQUISITION_DATE;MISSING_NUMERIC_CLOUD_COVER_S2_ONLY;UNKNOWN_ASSET_TYPE,true
CUR_00888,Curitiba,0,unknown,3,89,0,4,0,66,19,true,true,false,false,true,P2_HAS_ASSETS_NO_CLEAN_DATES,RECOVER_S2_CLOUD_COVER_METADATA,MISSING_ACQUISITION_DATE;MISSING_NUMERIC_CLOUD_COVER_S2_ONLY;UNKNOWN_ASSET_TYPE,true
CUR_00889,Curitiba,0,unknown,3,89,0,4,0,66,19,true,true,false,false,true,P2_HAS_ASSETS_NO_CLEAN_DATES,RECOVER_S2_CLOUD_COVER_METADATA,MISSING_ACQUISITION_DATE;MISSING_NUMERIC_CLOUD_COVER_S2_ONLY;UNKNOWN_ASSET_TYPE,true
CUR_00895,Curitiba,0,unknown,3,89,0,4,0,66,19,true,true,false,false,true,P2_HAS_ASSETS_NO_CLEAN_DATES,RECOVER_S2_CLOUD_COVER_METADATA,MISSING_ACQUISITION_DATE;MISSING_NUMERIC_CLOUD_COVER_S2_ONLY;UNKNOWN_ASSET_TYPE,true
CUR_00899,Curitiba,0,unknown,3,89,0,4,0,66,19,true,true,false,false,true,P2_HAS_ASSETS_NO_CLEAN_DATES,RECOVER_S2_CLOUD_COVER_METADATA,MISSING_ACQUISITION_DATE;MISSING_NUMERIC_CLOUD_COVER_S2_ONLY;UNKNOWN_ASSET_TYPE,true
CUR_00924,Curitiba,0,unknown,3,89,0,4,0,66,19,true,true,false,false,true,P2_HAS_ASSETS_NO_CLEAN_DATES,RECOVER_S2_CLOUD_COVER_METADATA,MISSING_ACQUISITION_DATE;MISSING_NUMERIC_CLOUD_COVER_S2_ONLY;UNKNOWN_ASSET_TYPE,true
CUR_00930,Curitiba,0,unknown,3,84,0,4,0,60,20,true,true,false,false,true,P2_HAS_ASSETS_NO_CLEAN_DATES,RECOVER_S2_CLOUD_COVER_METADATA,MISSING_ACQUISITION_DATE;MISSING_NUMERIC_CLOUD_COVER_S2_ONLY;UNKNOWN_ASSET_TYPE,true
CUR_00934,Curitiba,0,unknown,3,84,0,4,0,60,20,true,true,false,false,true,P2_HAS_ASSETS_NO_CLEAN_DATES,RECOVER_S2_CLOUD_COVER_METADATA,MISSING_ACQUISITION_DATE;MISSING_NUMERIC_CLOUD_COVER_S2_ONLY;UNKNOWN_ASSET_TYPE,true
CUR_00936,Curitiba,0,unknown,3,84,0,4,0,60,20,true,true,false,false,true,P2_HAS_ASSETS_NO_CLEAN_DATES,RECOVER_S2_CLOUD_COVER_METADATA,MISSING_ACQUISITION_DATE;MISSING_NUMERIC_CLOUD_COVER_S2_ONLY;UNKNOWN_ASSET_TYPE,true
CUR_00960,Curitiba,0,unknown,3,84,0,4,0,60,20,true,true,false,false,true,P2_HAS_ASSETS_NO_CLEAN_DATES,RECOVER_S2_CLOUD_COVER_METADATA,MISSING_ACQUISITION_DATE;MISSING_NUMERIC_CLOUD_COVER_S2_ONLY;UNKNOWN_ASSET_TYPE,true
CUR_00969,Curitiba,0,unknown,3,84,0,4,0,60,20,true,true,false,false,true,P2_HAS_ASSETS_NO_CLEAN_DATES,RECOVER_S2_CLOUD_COVER_METADATA,MISSING_ACQUISITION_DATE;MISSING_NUMERIC_CLOUD_COVER_S2_ONLY;UNKNOWN_ASSET_TYPE,true
CUR_00977,Curitiba,0,unknown,3,84,0,4,0,60,20,true,true,false,false,true,P2_HAS_ASSETS_NO_CLEAN_DATES,RECOVER_S2_CLOUD_COVER_METADATA,MISSING_ACQUISITION_DATE;MISSING_NUMERIC_CLOUD_COVER_S2_ONLY;UNKNOWN_ASSET_TYPE,true
CUR_00992,Curitiba,0,unknown,3,84,0,4,0,60,20,true,true,false,false,true,P2_HAS_ASSETS_NO_CLEAN_DATES,RECOVER_S2_CLOUD_COVER_METADATA,MISSING_ACQUISITION_DATE;MISSING_NUMERIC_CLOUD_COVER_S2_ONLY;UNKNOWN_ASSET_TYPE,true
CUR_00995,Curitiba,0,unknown,3,84,0,4,0,60,20,true,true,false,false,true,P2_HAS_ASSETS_NO_CLEAN_DATES,RECOVER_S2_CLOUD_COVER_METADATA,MISSING_ACQUISITION_DATE;MISSING_NUMERIC_CLOUD_COVER_S2_ONLY;UNKNOWN_ASSET_TYPE,true
CUR_01,Curitiba,0,unknown,3,18,0,0,0,3,13,false,true,false,false,false,P2_HAS_ASSETS_NO_CLEAN_DATES,RECOVER_ACQUISITION_DATE_FROM_MANIFEST_OR_FILENAME_ONLY_IF_UNAMBIGUOUS,MISSING_ACQUISITION_DATE;UNKNOWN_ASSET_TYPE,true
CUR_01012,Curitiba,0,unknown,3,84,0,4,0,60,20,true,true,false,false,true,P2_HAS_ASSETS_NO_CLEAN_DATES,RECOVER_S2_CLOUD_COVER_METADATA,MISSING_ACQUISITION_DATE;MISSING_NUMERIC_CLOUD_COVER_S2_ONLY;UNKNOWN_ASSET_TYPE,true
CUR_01015,Curitiba,0,unknown,3,84,0,4,0,60,20,true,true,false,false,true,P2_HAS_ASSETS_NO_CLEAN_DATES,RECOVER_S2_CLOUD_COVER_METADATA,MISSING_ACQUISITION_DATE;MISSING_NUMERIC_CLOUD_COVER_S2_ONLY;UNKNOWN_ASSET_TYPE,true
CUR_01030,Curitiba,0,unknown,3,84,0,4,0,60,20,true,true,false,false,true,P2_HAS_ASSETS_NO_CLEAN_DATES,RECOVER_S2_CLOUD_COVER_METADATA,MISSING_ACQUISITION_DATE;MISSING_NUMERIC_CLOUD_COVER_S2_ONLY;UNKNOWN_ASSET_TYPE,true
CUR_01040,Curitiba,0,unknown,3,84,0,4,0,60,20,true,true,false,false,true,P2_HAS_ASSETS_NO_CLEAN_DATES,RECOVER_S2_CLOUD_COVER_METADATA,MISSING_ACQUISITION_DATE;MISSING_NUMERIC_CLOUD_COVER_S2_ONLY;UNKNOWN_ASSET_TYPE,true
CUR_01050,Curitiba,0,unknown,3,84,0,4,0,60,20,true,true,false,false,true,P2_HAS_ASSETS_NO_CLEAN_DATES,RECOVER_S2_CLOUD_COVER_METADATA,MISSING_ACQUISITION_DATE;MISSING_NUMERIC_CLOUD_COVER_S2_ONLY;UNKNOWN_ASSET_TYPE,true
CUR_01059,Curitiba,0,unknown,3,84,0,4,0,60,20,true,true,false,false,true,P2_HAS_ASSETS_NO_CLEAN_DATES,RECOVER_S2_CLOUD_COVER_METADATA,MISSING_ACQUISITION_DATE;MISSING_NUMERIC_CLOUD_COVER_S2_ONLY;UNKNOWN_ASSET_TYPE,true
CUR_01065,Curitiba,0,unknown,3,84,0,4,0,60,20,true,true,false,false,true,P2_HAS_ASSETS_NO_CLEAN_DATES,RECOVER_S2_CLOUD_COVER_METADATA,MISSING_ACQUISITION_DATE;MISSING_NUMERIC_CLOUD_COVER_S2_ONLY;UNKNOWN_ASSET_TYPE,true
CUR_01075,Curitiba,0,unknown,3,84,0,4,0,60,20,true,true,false,false,true,P2_HAS_ASSETS_NO_CLEAN_DATES,RECOVER_S2_CLOUD_COVER_METADATA,MISSING_ACQUISITION_DATE;MISSING_NUMERIC_CLOUD_COVER_S2_ONLY;UNKNOWN_ASSET_TYPE,true
CUR_01101,Curitiba,0,unknown,3,84,0,4,0,60,20,true,true,false,false,true,P2_HAS_ASSETS_NO_CLEAN_DATES,RECOVER_S2_CLOUD_COVER_METADATA,MISSING_ACQUISITION_DATE;MISSING_NUMERIC_CLOUD_COVER_S2_ONLY;UNKNOWN_ASSET_TYPE,true
CUR_01145,Curitiba,0,unknown,3,84,0,4,0,60,20,true,true,false,false,true,P2_HAS_ASSETS_NO_CLEAN_DATES,RECOVER_S2_CLOUD_COVER_METADATA,MISSING_ACQUISITION_DATE;MISSING_NUMERIC_CLOUD_COVER_S2_ONLY;UNKNOWN_ASSET_TYPE,true
CUR_01324,Curitiba,0,unknown,3,84,0,4,0,60,20,true,true,false,false,true,P2_HAS_ASSETS_NO_CLEAN_DATES,RECOVER_S2_CLOUD_COVER_METADATA,MISSING_ACQUISITION_DATE;MISSING_NUMERIC_CLOUD_COVER_S2_ONLY;UNKNOWN_ASSET_TYPE,true
CUR_02,Curitiba,0,unknown,3,17,0,0,0,2,13,false,true,false,false,false,P2_HAS_ASSETS_NO_CLEAN_DATES,RECOVER_ACQUISITION_DATE_FROM_MANIFEST_OR_FILENAME_ONLY_IF_UNAMBIGUOUS,MISSING_ACQUISITION_DATE;UNKNOWN_ASSET_TYPE,true
CUR_03,Curitiba,0,unknown,3,8,0,0,0,0,6,false,true,false,false,false,P2_HAS_ASSETS_NO_CLEAN_DATES,RECOVER_ACQUISITION_DATE_FROM_MANIFEST_OR_FILENAME_ONLY_IF_UNAMBIGUOUS,MISSING_ACQUISITION_DATE;UNKNOWN_ASSET_TYPE,true
CUR_04,Curitiba,0,unknown,3,8,0,0,0,0,6,false,true,false,false,false,P2_HAS_ASSETS_NO_CLEAN_DATES,RECOVER_ACQUISITION_DATE_FROM_MANIFEST_OR_FILENAME_ONLY_IF_UNAMBIGUOUS,MISSING_ACQUISITION_DATE;UNKNOWN_ASSET_TYPE,true
CUR_05,Curitiba,0,unknown,3,8,0,0,0,0,6,false,true,false,false,false,P2_HAS_ASSETS_NO_CLEAN_DATES,RECOVER_ACQUISITION_DATE_FROM_MANIFEST_OR_FILENAME_ONLY_IF_UNAMBIGUOUS,MISSING_ACQUISITION_DATE;UNKNOWN_ASSET_TYPE,true
CUR_06,Curitiba,0,unknown,3,17,0,0,0,2,13,false,true,false,false,false,P2_HAS_ASSETS_NO_CLEAN_DATES,RECOVER_ACQUISITION_DATE_FROM_MANIFEST_OR_FILENAME_ONLY_IF_UNAMBIGUOUS,MISSING_ACQUISITION_DATE;UNKNOWN_ASSET_TYPE,true
CUR_07,Curitiba,0,unknown,3,17,0,0,0,2,13,false,true,false,false,false,P2_HAS_ASSETS_NO_CLEAN_DATES,RECOVER_ACQUISITION_DATE_FROM_MANIFEST_OR_FILENAME_ONLY_IF_UNAMBIGUOUS,MISSING_ACQUISITION_DATE;UNKNOWN_ASSET_TYPE,true
CUR_08,Curitiba,0,unknown,3,16,0,0,0,2,12,false,true,false,false,false,P2_HAS_ASSETS_NO_CLEAN_DATES,RECOVER_ACQUISITION_DATE_FROM_MANIFEST_OR_FILENAME_ONLY_IF_UNAMBIGUOUS,MISSING_ACQUISITION_DATE;UNKNOWN_ASSET_TYPE,true
CUR_09,Curitiba,0,unknown,3,16,0,0,0,2,12,false,true,false,false,false,P2_HAS_ASSETS_NO_CLEAN_DATES,RECOVER_ACQUISITION_DATE_FROM_MANIFEST_OR_FILENAME_ONLY_IF_UNAMBIGUOUS,MISSING_ACQUISITION_DATE;UNKNOWN_ASSET_TYPE,true
CUR_10,Curitiba,0,unknown,3,16,0,0,0,2,12,false,true,false,false,false,P2_HAS_ASSETS_NO_CLEAN_DATES,RECOVER_ACQUISITION_DATE_FROM_MANIFEST_OR_FILENAME_ONLY_IF_UNAMBIGUOUS,MISSING_ACQUISITION_DATE;UNKNOWN_ASSET_TYPE,true
CUR_11,Curitiba,0,unknown,3,16,0,0,0,2,12,false,true,false,false,false,P2_HAS_ASSETS_NO_CLEAN_DATES,RECOVER_ACQUISITION_DATE_FROM_MANIFEST_OR_FILENAME_ONLY_IF_UNAMBIGUOUS,MISSING_ACQUISITION_DATE;UNKNOWN_ASSET_TYPE,true
CUR_12,Curitiba,0,unknown,3,16,0,0,0,2,12,false,true,false,false,false,P2_HAS_ASSETS_NO_CLEAN_DATES,RECOVER_ACQUISITION_DATE_FROM_MANIFEST_OR_FILENAME_ONLY_IF_UNAMBIGUOUS,MISSING_ACQUISITION_DATE;UNKNOWN_ASSET_TYPE,true
CUR_13,Curitiba,0,unknown,3,16,0,0,0,2,12,false,true,false,false,false,P2_HAS_ASSETS_NO_CLEAN_DATES,RECOVER_ACQUISITION_DATE_FROM_MANIFEST_OR_FILENAME_ONLY_IF_UNAMBIGUOUS,MISSING_ACQUISITION_DATE;UNKNOWN_ASSET_TYPE,true
CUR_14,Curitiba,0,unknown,3,16,0,0,0,2,12,false,true,false,false,false,P2_HAS_ASSETS_NO_CLEAN_DATES,RECOVER_ACQUISITION_DATE_FROM_MANIFEST_OR_FILENAME_ONLY_IF_UNAMBIGUOUS,MISSING_ACQUISITION_DATE;UNKNOWN_ASSET_TYPE,true
CUR_P001,Curitiba,0,unknown,3,1,0,0,0,2,0,false,true,false,false,false,P2_HAS_ASSETS_NO_CLEAN_DATES,RECOVER_ACQUISITION_DATE_FROM_MANIFEST_OR_FILENAME_ONLY_IF_UNAMBIGUOUS,MISSING_ACQUISITION_DATE,true
CUR_P002,Curitiba,0,unknown,3,1,0,0,0,2,0,false,true,false,false,false,P2_HAS_ASSETS_NO_CLEAN_DATES,RECOVER_ACQUISITION_DATE_FROM_MANIFEST_OR_FILENAME_ONLY_IF_UNAMBIGUOUS,MISSING_ACQUISITION_DATE,true
CUR_P003,Curitiba,0,unknown,3,1,0,0,0,2,0,false,true,false,false,false,P2_HAS_ASSETS_NO_CLEAN_DATES,RECOVER_ACQUISITION_DATE_FROM_MANIFEST_OR_FILENAME_ONLY_IF_UNAMBIGUOUS,MISSING_ACQUISITION_DATE,true
CUR_P004,Curitiba,0,unknown,3,1,0,0,0,2,0,false,true,false,false,false,P2_HAS_ASSETS_NO_CLEAN_DATES,RECOVER_ACQUISITION_DATE_FROM_MANIFEST_OR_FILENAME_ONLY_IF_UNAMBIGUOUS,MISSING_ACQUISITION_DATE,true
FACT_v2at_0002,Curitiba,0,unknown,3,5,0,0,0,1,4,false,true,false,false,false,P2_HAS_ASSETS_NO_CLEAN_DATES,RECOVER_ACQUISITION_DATE_FROM_MANIFEST_OR_FILENAME_ONLY_IF_UNAMBIGUOUS,MISSING_ACQUISITION_DATE;UNKNOWN_ASSET_TYPE,true
FACT_v2at_0005,Recife,0,unknown,3,3,0,0,0,1,2,false,true,false,false,false,P2_HAS_ASSETS_NO_CLEAN_DATES,RECOVER_ACQUISITION_DATE_FROM_MANIFEST_OR_FILENAME_ONLY_IF_UNAMBIGUOUS,MISSING_ACQUISITION_DATE;UNKNOWN_ASSET_TYPE,true
FACT_v2at_0007,Curitiba,0,unknown,3,5,0,0,0,1,4,false,true,false,false,false,P2_HAS_ASSETS_NO_CLEAN_DATES,RECOVER_ACQUISITION_DATE_FROM_MANIFEST_OR_FILENAME_ONLY_IF_UNAMBIGUOUS,MISSING_ACQUISITION_DATE;UNKNOWN_ASSET_TYPE,true
FACT_v2at_0008,Curitiba,0,unknown,3,5,0,0,0,1,4,false,true,false,false,false,P2_HAS_ASSETS_NO_CLEAN_DATES,RECOVER_ACQUISITION_DATE_FROM_MANIFEST_OR_FILENAME_ONLY_IF_UNAMBIGUOUS,MISSING_ACQUISITION_DATE;UNKNOWN_ASSET_TYPE,true
PATCH_CAND_PET2022_CPRM_ANEXOIII_20022022_MULTIMODAL,unknown,0,unknown,3,3,0,0,0,3,0,false,true,true,false,false,P2_HAS_ASSETS_NO_CLEAN_DATES,RECOVER_REGION_FROM_CANONICAL_PATCH_REGISTRY,MISSING_ACQUISITION_DATE;MISSING_REGION,true
PATCH_CAND_PET2022_CPRM_ANEXOII_19022022_MULTIMODAL,unknown,0,unknown,3,3,0,0,0,3,0,false,true,true,false,false,P2_HAS_ASSETS_NO_CLEAN_DATES,RECOVER_REGION_FROM_CANONICAL_PATCH_REGISTRY,MISSING_ACQUISITION_DATE;MISSING_REGION,true
PATCH_CAND_PET2022_CPRM_ANEXOIV_22022022_MULTIMODAL,unknown,0,unknown,3,3,0,0,0,3,0,false,true,true,false,false,P2_HAS_ASSETS_NO_CLEAN_DATES,RECOVER_REGION_FROM_CANONICAL_PATCH_REGISTRY,MISSING_ACQUISITION_DATE;MISSING_REGION,true
PATCH_CAND_PET2022_CPRM_ANEXOIX_28022022_MULTIMODAL,unknown,0,unknown,3,3,0,0,0,3,0,false,true,true,false,false,P2_HAS_ASSETS_NO_CLEAN_DATES,RECOVER_REGION_FROM_CANONICAL_PATCH_REGISTRY,MISSING_ACQUISITION_DATE;MISSING_REGION,true
PATCH_CAND_PET2022_CPRM_ANEXOVIII_25022022_260_MULTIMODAL,unknown,0,unknown,3,3,0,0,0,3,0,false,true,true,false,false,P2_HAS_ASSETS_NO_CLEAN_DATES,RECOVER_REGION_FROM_CANONICAL_PATCH_REGISTRY,MISSING_ACQUISITION_DATE;MISSING_REGION,true
PATCH_CAND_PET2022_CPRM_ANEXOVII_24022022_MULTIMODAL,unknown,0,unknown,3,3,0,0,0,3,0,false,true,true,false,false,P2_HAS_ASSETS_NO_CLEAN_DATES,RECOVER_REGION_FROM_CANONICAL_PATCH_REGISTRY,MISSING_ACQUISITION_DATE;MISSING_REGION,true
PATCH_CAND_PET2022_CPRM_ANEXOV_23022022_MULTIMODAL,unknown,0,unknown,3,3,0,0,0,3,0,false,true,true,false,false,P2_HAS_ASSETS_NO_CLEAN_DATES,RECOVER_REGION_FROM_CANONICAL_PATCH_REGISTRY,MISSING_ACQUISITION_DATE;MISSING_REGION,true
PATCH_CAND_PET2022_CPRM_ANEXOXI_02032022_MULTIMODAL,unknown,0,unknown,3,3,0,0,0,3,0,false,true,true,false,false,P2_HAS_ASSETS_NO_CLEAN_DATES,RECOVER_REGION_FROM_CANONICAL_PATCH_REGISTRY,MISSING_ACQUISITION_DATE;MISSING_REGION,true
PATCH_CAND_PET2022_CPRM_ANEXOX_01032022_MULTIMODAL,unknown,0,unknown,3,3,0,0,0,3,0,false,true,true,false,false,P2_HAS_ASSETS_NO_CLEAN_DATES,RECOVER_REGION_FROM_CANONICAL_PATCH_REGISTRY,MISSING_ACQUISITION_DATE;MISSING_REGION,true
PATCH_LINKAGE_MISSING,Curitiba;Petropolis;Recife,0,unknown,3,1,0,0,0,4,0,false,true,false,false,false,P2_HAS_ASSETS_NO_CLEAN_DATES,RECOVER_ACQUISITION_DATE_FROM_MANIFEST_OR_FILENAME_ONLY_IF_UNAMBIGUOUS,MISSING_ACQUISITION_DATE,true
PET-00016,Petrópolis,0,unknown,3,1,0,1,0,0,0,true,true,false,false,true,P2_HAS_ASSETS_NO_CLEAN_DATES,RECOVER_S2_CLOUD_COVER_METADATA,MISSING_ACQUISITION_DATE;MISSING_NUMERIC_CLOUD_COVER_S2_ONLY,true
PET-00104,Petrópolis,0,unknown,3,1,0,1,0,0,0,true,true,false,false,true,P2_HAS_ASSETS_NO_CLEAN_DATES,RECOVER_S2_CLOUD_COVER_METADATA,MISSING_ACQUISITION_DATE;MISSING_NUMERIC_CLOUD_COVER_S2_ONLY,true
PET-00119,Petrópolis,0,unknown,3,1,0,0,0,1,0,false,true,false,false,false,P2_HAS_ASSETS_NO_CLEAN_DATES,RECOVER_ACQUISITION_DATE_FROM_MANIFEST_OR_FILENAME_ONLY_IF_UNAMBIGUOUS,MISSING_ACQUISITION_DATE,true
PET-00140,Petrópolis,0,unknown,3,1,0,0,0,1,0,false,true,false,false,false,P2_HAS_ASSETS_NO_CLEAN_DATES,RECOVER_ACQUISITION_DATE_FROM_MANIFEST_OR_FILENAME_ONLY_IF_UNAMBIGUOUS,MISSING_ACQUISITION_DATE,true
PET_00016,Petropolis;Petrópolis,0,unknown,3,105,0,4,0,94,13,true,true,false,false,true,P2_HAS_ASSETS_NO_CLEAN_DATES,RECOVER_S2_CLOUD_COVER_METADATA,MISSING_ACQUISITION_DATE;MISSING_NUMERIC_CLOUD_COVER_S2_ONLY;UNKNOWN_ASSET_TYPE,true
"PET_00016,PET_00104,PET_00119,PET_00140",unknown,0,unknown,3,1,0,0,0,2,0,false,true,true,false,false,P2_HAS_ASSETS_NO_CLEAN_DATES,RECOVER_REGION_FROM_CANONICAL_PATCH_REGISTRY,MISSING_ACQUISITION_DATE;MISSING_REGION,true
PET_00104,Petropolis;Petrópolis,0,unknown,3,109,0,4,0,99,13,true,true,false,false,true,P2_HAS_ASSETS_NO_CLEAN_DATES,RECOVER_S2_CLOUD_COVER_METADATA,MISSING_ACQUISITION_DATE;MISSING_NUMERIC_CLOUD_COVER_S2_ONLY;UNKNOWN_ASSET_TYPE,true
PET_00119,Petropolis;Petrópolis,0,unknown,3,99,0,4,0,89,13,true,true,false,false,true,P2_HAS_ASSETS_NO_CLEAN_DATES,RECOVER_S2_CLOUD_COVER_METADATA,MISSING_ACQUISITION_DATE;MISSING_NUMERIC_CLOUD_COVER_S2_ONLY;UNKNOWN_ASSET_TYPE,true
PET_00140,Petropolis;Petrópolis,0,unknown,3,99,0,4,0,89,13,true,true,false,false,true,P2_HAS_ASSETS_NO_CLEAN_DATES,RECOVER_S2_CLOUD_COVER_METADATA,MISSING_ACQUISITION_DATE;MISSING_NUMERIC_CLOUD_COVER_S2_ONLY;UNKNOWN_ASSET_TYPE,true
PET_00240,Petropolis;Petrópolis,0,unknown,3,93,0,4,0,79,13,true,true,false,false,true,P2_HAS_ASSETS_NO_CLEAN_DATES,RECOVER_S2_CLOUD_COVER_METADATA,MISSING_ACQUISITION_DATE;MISSING_NUMERIC_CLOUD_COVER_S2_ONLY;UNKNOWN_ASSET_TYPE,true
PET_00257,Petropolis;Petrópolis,0,unknown,3,88,0,4,0,73,13,true,true,false,false,true,P2_HAS_ASSETS_NO_CLEAN_DATES,RECOVER_S2_CLOUD_COVER_METADATA,MISSING_ACQUISITION_DATE;MISSING_NUMERIC_CLOUD_COVER_S2_ONLY;UNKNOWN_ASSET_TYPE,true
PET_00275,Petropolis;Petrópolis,0,unknown,3,88,0,4,0,73,13,true,true,false,false,true,P2_HAS_ASSETS_NO_CLEAN_DATES,RECOVER_S2_CLOUD_COVER_METADATA,MISSING_ACQUISITION_DATE;MISSING_NUMERIC_CLOUD_COVER_S2_ONLY;UNKNOWN_ASSET_TYPE,true
PET_00291,Petropolis;Petrópolis,0,unknown,3,88,0,4,0,73,13,true,true,false,false,true,P2_HAS_ASSETS_NO_CLEAN_DATES,RECOVER_S2_CLOUD_COVER_METADATA,MISSING_ACQUISITION_DATE;MISSING_NUMERIC_CLOUD_COVER_S2_ONLY;UNKNOWN_ASSET_TYPE,true
PET_00315,Petropolis;Petrópolis,0,unknown,3,88,0,4,0,73,13,true,true,false,false,true,P2_HAS_ASSETS_NO_CLEAN_DATES,RECOVER_S2_CLOUD_COVER_METADATA,MISSING_ACQUISITION_DATE;MISSING_NUMERIC_CLOUD_COVER_S2_ONLY;UNKNOWN_ASSET_TYPE,true
PET_00360,Petropolis;Petrópolis,0,unknown,3,93,0,4,0,79,13,true,true,false,false,true,P2_HAS_ASSETS_NO_CLEAN_DATES,RECOVER_S2_CLOUD_COVER_METADATA,MISSING_ACQUISITION_DATE;MISSING_NUMERIC_CLOUD_COVER_S2_ONLY;UNKNOWN_ASSET_TYPE,true
PET_00362,Petropolis;Petrópolis,0,unknown,3,88,0,4,0,73,13,true,true,false,false,true,P2_HAS_ASSETS_NO_CLEAN_DATES,RECOVER_S2_CLOUD_COVER_METADATA,MISSING_ACQUISITION_DATE;MISSING_NUMERIC_CLOUD_COVER_S2_ONLY;UNKNOWN_ASSET_TYPE,true
PET_00396,Petropolis;Petrópolis,0,unknown,3,88,0,4,0,73,13,true,true,false,false,true,P2_HAS_ASSETS_NO_CLEAN_DATES,RECOVER_S2_CLOUD_COVER_METADATA,MISSING_ACQUISITION_DATE;MISSING_NUMERIC_CLOUD_COVER_S2_ONLY;UNKNOWN_ASSET_TYPE,true
PET_00397,Petropolis;Petrópolis,0,unknown,3,88,0,4,0,73,13,true,true,false,false,true,P2_HAS_ASSETS_NO_CLEAN_DATES,RECOVER_S2_CLOUD_COVER_METADATA,MISSING_ACQUISITION_DATE;MISSING_NUMERIC_CLOUD_COVER_S2_ONLY;UNKNOWN_ASSET_TYPE,true
PET_00404,Petropolis;Petrópolis,0,unknown,3,88,0,4,0,73,13,true,true,false,false,true,P2_HAS_ASSETS_NO_CLEAN_DATES,RECOVER_S2_CLOUD_COVER_METADATA,MISSING_ACQUISITION_DATE;MISSING_NUMERIC_CLOUD_COVER_S2_ONLY;UNKNOWN_ASSET_TYPE,true
PET_00431,Petropolis;Petrópolis,0,unknown,3,88,0,4,0,73,13,true,true,false,false,true,P2_HAS_ASSETS_NO_CLEAN_DATES,RECOVER_S2_CLOUD_COVER_METADATA,MISSING_ACQUISITION_DATE;MISSING_NUMERIC_CLOUD_COVER_S2_ONLY;UNKNOWN_ASSET_TYPE,true
PET_00467,Petropolis;Petrópolis,0,unknown,3,88,0,4,0,73,13,true,true,false,false,true,P2_HAS_ASSETS_NO_CLEAN_DATES,RECOVER_S2_CLOUD_COVER_METADATA,MISSING_ACQUISITION_DATE;MISSING_NUMERIC_CLOUD_COVER_S2_ONLY;UNKNOWN_ASSET_TYPE,true
PET_00506,Petropolis;Petrópolis,0,unknown,3,88,0,4,0,73,13,true,true,false,false,true,P2_HAS_ASSETS_NO_CLEAN_DATES,RECOVER_S2_CLOUD_COVER_METADATA,MISSING_ACQUISITION_DATE;MISSING_NUMERIC_CLOUD_COVER_S2_ONLY;UNKNOWN_ASSET_TYPE,true
PET_00507,Petropolis;Petrópolis,0,unknown,3,88,0,4,0,73,13,true,true,false,false,true,P2_HAS_ASSETS_NO_CLEAN_DATES,RECOVER_S2_CLOUD_COVER_METADATA,MISSING_ACQUISITION_DATE;MISSING_NUMERIC_CLOUD_COVER_S2_ONLY;UNKNOWN_ASSET_TYPE,true
PET_00507/PET_00823 vs PET_00360,unknown,0,unknown,3,1,0,0,0,1,0,false,true,true,false,false,P2_HAS_ASSETS_NO_CLEAN_DATES,RECOVER_REGION_FROM_CANONICAL_PATCH_REGISTRY,MISSING_ACQUISITION_DATE;MISSING_REGION,true
PET_00579,Petropolis;Petrópolis,0,unknown,3,88,0,4,0,73,13,true,true,false,false,true,P2_HAS_ASSETS_NO_CLEAN_DATES,RECOVER_S2_CLOUD_COVER_METADATA,MISSING_ACQUISITION_DATE;MISSING_NUMERIC_CLOUD_COVER_S2_ONLY;UNKNOWN_ASSET_TYPE,true
PET_00614,Petropolis;Petrópolis,0,unknown,3,88,0,4,0,73,13,true,true,false,false,true,P2_HAS_ASSETS_NO_CLEAN_DATES,RECOVER_S2_CLOUD_COVER_METADATA,MISSING_ACQUISITION_DATE;MISSING_NUMERIC_CLOUD_COVER_S2_ONLY;UNKNOWN_ASSET_TYPE,true
PET_00615,Petropolis;Petrópolis,0,unknown,3,88,0,4,0,73,13,true,true,false,false,true,P2_HAS_ASSETS_NO_CLEAN_DATES,RECOVER_S2_CLOUD_COVER_METADATA,MISSING_ACQUISITION_DATE;MISSING_NUMERIC_CLOUD_COVER_S2_ONLY;UNKNOWN_ASSET_TYPE,true
PET_00617,Petropolis;Petrópolis,0,unknown,3,88,0,4,0,73,13,true,true,false,false,true,P2_HAS_ASSETS_NO_CLEAN_DATES,RECOVER_S2_CLOUD_COVER_METADATA,MISSING_ACQUISITION_DATE;MISSING_NUMERIC_CLOUD_COVER_S2_ONLY;UNKNOWN_ASSET_TYPE,true
PET_00618,Petropolis;Petrópolis,0,unknown,3,88,0,4,0,73,13,true,true,false,false,true,P2_HAS_ASSETS_NO_CLEAN_DATES,RECOVER_S2_CLOUD_COVER_METADATA,MISSING_ACQUISITION_DATE;MISSING_NUMERIC_CLOUD_COVER_S2_ONLY;UNKNOWN_ASSET_TYPE,true
PET_00641,Petropolis;Petrópolis,0,unknown,3,88,0,4,0,73,13,true,true,false,false,true,P2_HAS_ASSETS_NO_CLEAN_DATES,RECOVER_S2_CLOUD_COVER_METADATA,MISSING_ACQUISITION_DATE;MISSING_NUMERIC_CLOUD_COVER_S2_ONLY;UNKNOWN_ASSET_TYPE,true
PET_00649,Petropolis;Petrópolis,0,unknown,3,88,0,4,0,73,13,true,true,false,false,true,P2_HAS_ASSETS_NO_CLEAN_DATES,RECOVER_S2_CLOUD_COVER_METADATA,MISSING_ACQUISITION_DATE;MISSING_NUMERIC_CLOUD_COVER_S2_ONLY;UNKNOWN_ASSET_TYPE,true
PET_00652,Petropolis;Petrópolis,0,unknown,3,88,0,4,0,73,13,true,true,false,false,true,P2_HAS_ASSETS_NO_CLEAN_DATES,RECOVER_S2_CLOUD_COVER_METADATA,MISSING_ACQUISITION_DATE;MISSING_NUMERIC_CLOUD_COVER_S2_ONLY;UNKNOWN_ASSET_TYPE,true
PET_00720,Petropolis;Petrópolis,0,unknown,3,88,0,4,0,73,13,true,true,false,false,true,P2_HAS_ASSETS_NO_CLEAN_DATES,RECOVER_S2_CLOUD_COVER_METADATA,MISSING_ACQUISITION_DATE;MISSING_NUMERIC_CLOUD_COVER_S2_ONLY;UNKNOWN_ASSET_TYPE,true
PET_00756,Petropolis;Petrópolis,0,unknown,3,88,0,4,0,73,13,true,true,false,false,true,P2_HAS_ASSETS_NO_CLEAN_DATES,RECOVER_S2_CLOUD_COVER_METADATA,MISSING_ACQUISITION_DATE;MISSING_NUMERIC_CLOUD_COVER_S2_ONLY;UNKNOWN_ASSET_TYPE,true
PET_00789,Petropolis;Petrópolis,0,unknown,3,88,0,4,0,73,13,true,true,false,false,true,P2_HAS_ASSETS_NO_CLEAN_DATES,RECOVER_S2_CLOUD_COVER_METADATA,MISSING_ACQUISITION_DATE;MISSING_NUMERIC_CLOUD_COVER_S2_ONLY;UNKNOWN_ASSET_TYPE,true
PET_00823,Petropolis;Petrópolis,0,unknown,3,88,0,4,0,73,13,true,true,false,false,true,P2_HAS_ASSETS_NO_CLEAN_DATES,RECOVER_S2_CLOUD_COVER_METADATA,MISSING_ACQUISITION_DATE;MISSING_NUMERIC_CLOUD_COVER_S2_ONLY;UNKNOWN_ASSET_TYPE,true
PET_00825,Petropolis;Petrópolis,0,unknown,3,88,0,4,0,73,13,true,true,false,false,true,P2_HAS_ASSETS_NO_CLEAN_DATES,RECOVER_S2_CLOUD_COVER_METADATA,MISSING_ACQUISITION_DATE;MISSING_NUMERIC_CLOUD_COVER_S2_ONLY;UNKNOWN_ASSET_TYPE,true
PET_00829,Petropolis;Petrópolis,0,unknown,3,88,0,4,0,73,13,true,true,false,false,true,P2_HAS_ASSETS_NO_CLEAN_DATES,RECOVER_S2_CLOUD_COVER_METADATA,MISSING_ACQUISITION_DATE;MISSING_NUMERIC_CLOUD_COVER_S2_ONLY;UNKNOWN_ASSET_TYPE,true
PET_00860,Petropolis;Petrópolis,0,unknown,3,88,0,4,0,73,13,true,true,false,false,true,P2_HAS_ASSETS_NO_CLEAN_DATES,RECOVER_S2_CLOUD_COVER_METADATA,MISSING_ACQUISITION_DATE;MISSING_NUMERIC_CLOUD_COVER_S2_ONLY;UNKNOWN_ASSET_TYPE,true
PET_00863,Petropolis;Petrópolis,0,unknown,3,88,0,4,0,73,13,true,true,false,false,true,P2_HAS_ASSETS_NO_CLEAN_DATES,RECOVER_S2_CLOUD_COVER_METADATA,MISSING_ACQUISITION_DATE;MISSING_NUMERIC_CLOUD_COVER_S2_ONLY;UNKNOWN_ASSET_TYPE,true
PET_00865,Petropolis;Petrópolis,0,unknown,3,88,0,4,0,73,13,true,true,false,false,true,P2_HAS_ASSETS_NO_CLEAN_DATES,RECOVER_S2_CLOUD_COVER_METADATA,MISSING_ACQUISITION_DATE;MISSING_NUMERIC_CLOUD_COVER_S2_ONLY;UNKNOWN_ASSET_TYPE,true
PET_00916,Petropolis;Petrópolis,0,unknown,3,88,0,4,0,73,13,true,true,false,false,true,P2_HAS_ASSETS_NO_CLEAN_DATES,RECOVER_S2_CLOUD_COVER_METADATA,MISSING_ACQUISITION_DATE;MISSING_NUMERIC_CLOUD_COVER_S2_ONLY;UNKNOWN_ASSET_TYPE,true
PET_00986,Petropolis;Petrópolis,0,unknown,3,88,0,4,0,73,13,true,true,false,false,true,P2_HAS_ASSETS_NO_CLEAN_DATES,RECOVER_S2_CLOUD_COVER_METADATA,MISSING_ACQUISITION_DATE;MISSING_NUMERIC_CLOUD_COVER_S2_ONLY;UNKNOWN_ASSET_TYPE,true
PET_01,Petropolis;Petrópolis,0,unknown,3,9,0,0,0,1,6,false,true,false,false,false,P2_HAS_ASSETS_NO_CLEAN_DATES,RECOVER_ACQUISITION_DATE_FROM_MANIFEST_OR_FILENAME_ONLY_IF_UNAMBIGUOUS,MISSING_ACQUISITION_DATE;UNKNOWN_ASSET_TYPE,true
PET_01307,Petropolis;Petrópolis,0,unknown,3,88,0,4,0,73,13,true,true,false,false,true,P2_HAS_ASSETS_NO_CLEAN_DATES,RECOVER_S2_CLOUD_COVER_METADATA,MISSING_ACQUISITION_DATE;MISSING_NUMERIC_CLOUD_COVER_S2_ONLY;UNKNOWN_ASSET_TYPE,true
PET_01323,Petropolis;Petrópolis,0,unknown,3,88,0,4,0,73,13,true,true,false,false,true,P2_HAS_ASSETS_NO_CLEAN_DATES,RECOVER_S2_CLOUD_COVER_METADATA,MISSING_ACQUISITION_DATE;MISSING_NUMERIC_CLOUD_COVER_S2_ONLY;UNKNOWN_ASSET_TYPE,true
PET_01349,Petropolis;Petrópolis,0,unknown,3,88,0,4,0,73,13,true,true,false,false,true,P2_HAS_ASSETS_NO_CLEAN_DATES,RECOVER_S2_CLOUD_COVER_METADATA,MISSING_ACQUISITION_DATE;MISSING_NUMERIC_CLOUD_COVER_S2_ONLY;UNKNOWN_ASSET_TYPE,true
PET_01352,Petropolis;Petrópolis,0,unknown,3,88,0,4,0,73,13,true,true,false,false,true,P2_HAS_ASSETS_NO_CLEAN_DATES,RECOVER_S2_CLOUD_COVER_METADATA,MISSING_ACQUISITION_DATE;MISSING_NUMERIC_CLOUD_COVER_S2_ONLY;UNKNOWN_ASSET_TYPE,true
PET_01386,Petropolis;Petrópolis,0,unknown,3,88,0,4,0,73,13,true,true,false,false,true,P2_HAS_ASSETS_NO_CLEAN_DATES,RECOVER_S2_CLOUD_COVER_METADATA,MISSING_ACQUISITION_DATE;MISSING_NUMERIC_CLOUD_COVER_S2_ONLY;UNKNOWN_ASSET_TYPE,true
PET_01403,Petropolis;Petrópolis,0,unknown,3,88,0,4,0,73,13,true,true,false,false,true,P2_HAS_ASSETS_NO_CLEAN_DATES,RECOVER_S2_CLOUD_COVER_METADATA,MISSING_ACQUISITION_DATE;MISSING_NUMERIC_CLOUD_COVER_S2_ONLY;UNKNOWN_ASSET_TYPE,true
PET_01458,Petropolis;Petrópolis,0,unknown,3,88,0,4,0,73,13,true,true,false,false,true,P2_HAS_ASSETS_NO_CLEAN_DATES,RECOVER_S2_CLOUD_COVER_METADATA,MISSING_ACQUISITION_DATE;MISSING_NUMERIC_CLOUD_COVER_S2_ONLY;UNKNOWN_ASSET_TYPE,true
PET_01478,Petropolis;Petrópolis,0,unknown,3,88,0,4,0,73,13,true,true,false,false,true,P2_HAS_ASSETS_NO_CLEAN_DATES,RECOVER_S2_CLOUD_COVER_METADATA,MISSING_ACQUISITION_DATE;MISSING_NUMERIC_CLOUD_COVER_S2_ONLY;UNKNOWN_ASSET_TYPE,true
PET_01483,Petropolis;Petrópolis,0,unknown,3,88,0,4,0,73,13,true,true,false,false,true,P2_HAS_ASSETS_NO_CLEAN_DATES,RECOVER_S2_CLOUD_COVER_METADATA,MISSING_ACQUISITION_DATE;MISSING_NUMERIC_CLOUD_COVER_S2_ONLY;UNKNOWN_ASSET_TYPE,true
PET_01488,Petropolis;Petrópolis,0,unknown,3,88,0,4,0,73,13,true,true,false,false,true,P2_HAS_ASSETS_NO_CLEAN_DATES,RECOVER_S2_CLOUD_COVER_METADATA,MISSING_ACQUISITION_DATE;MISSING_NUMERIC_CLOUD_COVER_S2_ONLY;UNKNOWN_ASSET_TYPE,true
PET_01495,Petropolis;Petrópolis,0,unknown,3,88,0,4,0,73,13,true,true,false,false,true,P2_HAS_ASSETS_NO_CLEAN_DATES,RECOVER_S2_CLOUD_COVER_METADATA,MISSING_ACQUISITION_DATE;MISSING_NUMERIC_CLOUD_COVER_S2_ONLY;UNKNOWN_ASSET_TYPE,true
PET_02,Petropolis;Petrópolis,0,unknown,3,36,0,0,0,31,1,false,true,false,false,false,P2_HAS_ASSETS_NO_CLEAN_DATES,RECOVER_ACQUISITION_DATE_FROM_MANIFEST_OR_FILENAME_ONLY_IF_UNAMBIGUOUS,MISSING_ACQUISITION_DATE;UNKNOWN_ASSET_TYPE,true
PET_03,Petropolis;Petrópolis,0,unknown,3,36,0,0,0,31,1,false,true,false,false,false,P2_HAS_ASSETS_NO_CLEAN_DATES,RECOVER_ACQUISITION_DATE_FROM_MANIFEST_OR_FILENAME_ONLY_IF_UNAMBIGUOUS,MISSING_ACQUISITION_DATE;UNKNOWN_ASSET_TYPE,true
PET_04,Petropolis;Petrópolis,0,unknown,3,8,0,0,0,0,6,false,true,false,false,false,P2_HAS_ASSETS_NO_CLEAN_DATES,RECOVER_ACQUISITION_DATE_FROM_MANIFEST_OR_FILENAME_ONLY_IF_UNAMBIGUOUS,MISSING_ACQUISITION_DATE;UNKNOWN_ASSET_TYPE,true
PET_05,Petropolis;Petrópolis,0,unknown,3,8,0,0,0,0,6,false,true,false,false,false,P2_HAS_ASSETS_NO_CLEAN_DATES,RECOVER_ACQUISITION_DATE_FROM_MANIFEST_OR_FILENAME_ONLY_IF_UNAMBIGUOUS,MISSING_ACQUISITION_DATE;UNKNOWN_ASSET_TYPE,true
PET_06,Petropolis;Petrópolis,0,unknown,3,36,0,0,0,31,1,false,true,false,false,false,P2_HAS_ASSETS_NO_CLEAN_DATES,RECOVER_ACQUISITION_DATE_FROM_MANIFEST_OR_FILENAME_ONLY_IF_UNAMBIGUOUS,MISSING_ACQUISITION_DATE;UNKNOWN_ASSET_TYPE,true
PET_07,Petropolis;Petrópolis,0,unknown,3,36,0,0,0,31,1,false,true,false,false,false,P2_HAS_ASSETS_NO_CLEAN_DATES,RECOVER_ACQUISITION_DATE_FROM_MANIFEST_OR_FILENAME_ONLY_IF_UNAMBIGUOUS,MISSING_ACQUISITION_DATE;UNKNOWN_ASSET_TYPE,true
PET_08,Petropolis;Petrópolis,0,unknown,3,36,0,0,0,31,1,false,true,false,false,false,P2_HAS_ASSETS_NO_CLEAN_DATES,RECOVER_ACQUISITION_DATE_FROM_MANIFEST_OR_FILENAME_ONLY_IF_UNAMBIGUOUS,MISSING_ACQUISITION_DATE;UNKNOWN_ASSET_TYPE,true
PET_09,Petropolis;Petrópolis,0,unknown,3,36,0,0,0,31,1,false,true,false,false,false,P2_HAS_ASSETS_NO_CLEAN_DATES,RECOVER_ACQUISITION_DATE_FROM_MANIFEST_OR_FILENAME_ONLY_IF_UNAMBIGUOUS,MISSING_ACQUISITION_DATE;UNKNOWN_ASSET_TYPE,true
PET_10,Petropolis;Petrópolis,0,unknown,3,8,0,0,0,0,6,false,true,false,false,false,P2_HAS_ASSETS_NO_CLEAN_DATES,RECOVER_ACQUISITION_DATE_FROM_MANIFEST_OR_FILENAME_ONLY_IF_UNAMBIGUOUS,MISSING_ACQUISITION_DATE;UNKNOWN_ASSET_TYPE,true
PET_11,Petropolis;Petrópolis,0,unknown,3,8,0,0,0,0,6,false,true,false,false,false,P2_HAS_ASSETS_NO_CLEAN_DATES,RECOVER_ACQUISITION_DATE_FROM_MANIFEST_OR_FILENAME_ONLY_IF_UNAMBIGUOUS,MISSING_ACQUISITION_DATE;UNKNOWN_ASSET_TYPE,true
PET_12,Petropolis;Petrópolis,0,unknown,3,8,0,0,0,0,6,false,true,false,false,false,P2_HAS_ASSETS_NO_CLEAN_DATES,RECOVER_ACQUISITION_DATE_FROM_MANIFEST_OR_FILENAME_ONLY_IF_UNAMBIGUOUS,MISSING_ACQUISITION_DATE;UNKNOWN_ASSET_TYPE,true
PET_13,Petropolis;Petrópolis,0,unknown,3,8,0,0,0,0,6,false,true,false,false,false,P2_HAS_ASSETS_NO_CLEAN_DATES,RECOVER_ACQUISITION_DATE_FROM_MANIFEST_OR_FILENAME_ONLY_IF_UNAMBIGUOUS,MISSING_ACQUISITION_DATE;UNKNOWN_ASSET_TYPE,true
PET_14,Petropolis;Petrópolis,0,unknown,3,8,0,0,0,0,6,false,true,false,false,false,P2_HAS_ASSETS_NO_CLEAN_DATES,RECOVER_ACQUISITION_DATE_FROM_MANIFEST_OR_FILENAME_ONLY_IF_UNAMBIGUOUS,MISSING_ACQUISITION_DATE;UNKNOWN_ASSET_TYPE,true
PET_15,Petropolis;Petrópolis,0,unknown,3,8,0,0,0,0,6,false,true,false,false,false,P2_HAS_ASSETS_NO_CLEAN_DATES,RECOVER_ACQUISITION_DATE_FROM_MANIFEST_OR_FILENAME_ONLY_IF_UNAMBIGUOUS,MISSING_ACQUISITION_DATE;UNKNOWN_ASSET_TYPE,true
PET_16,Petropolis;Petrópolis,0,unknown,3,8,0,0,0,0,6,false,true,false,false,false,P2_HAS_ASSETS_NO_CLEAN_DATES,RECOVER_ACQUISITION_DATE_FROM_MANIFEST_OR_FILENAME_ONLY_IF_UNAMBIGUOUS,MISSING_ACQUISITION_DATE;UNKNOWN_ASSET_TYPE,true
PET_17,Petropolis;Petrópolis,0,unknown,3,8,0,0,0,0,6,false,true,false,false,false,P2_HAS_ASSETS_NO_CLEAN_DATES,RECOVER_ACQUISITION_DATE_FROM_MANIFEST_OR_FILENAME_ONLY_IF_UNAMBIGUOUS,MISSING_ACQUISITION_DATE;UNKNOWN_ASSET_TYPE,true
PET_18,Petropolis;Petrópolis,0,unknown,3,36,0,0,0,31,1,false,true,false,false,false,P2_HAS_ASSETS_NO_CLEAN_DATES,RECOVER_ACQUISITION_DATE_FROM_MANIFEST_OR_FILENAME_ONLY_IF_UNAMBIGUOUS,MISSING_ACQUISITION_DATE;UNKNOWN_ASSET_TYPE,true
PET_19,Petropolis;Petrópolis,0,unknown,3,8,0,0,0,0,6,false,true,false,false,false,P2_HAS_ASSETS_NO_CLEAN_DATES,RECOVER_ACQUISITION_DATE_FROM_MANIFEST_OR_FILENAME_ONLY_IF_UNAMBIGUOUS,MISSING_ACQUISITION_DATE;UNKNOWN_ASSET_TYPE,true
PET_20,Petropolis;Petrópolis,0,unknown,3,36,0,0,0,31,1,false,true,false,false,false,P2_HAS_ASSETS_NO_CLEAN_DATES,RECOVER_ACQUISITION_DATE_FROM_MANIFEST_OR_FILENAME_ONLY_IF_UNAMBIGUOUS,MISSING_ACQUISITION_DATE;UNKNOWN_ASSET_TYPE,true
PET_2022_02_15,Petropolis,0,unknown,3,3,0,0,0,1,1,false,true,false,false,false,P2_HAS_ASSETS_NO_CLEAN_DATES,RECOVER_ACQUISITION_DATE_FROM_MANIFEST_OR_FILENAME_ONLY_IF_UNAMBIGUOUS,MISSING_ACQUISITION_DATE;UNKNOWN_ASSET_TYPE,true
PET_2022_03_20_21,Petropolis,0,unknown,3,3,0,0,0,1,2,false,true,false,false,false,P2_HAS_ASSETS_NO_CLEAN_DATES,RECOVER_ACQUISITION_DATE_FROM_MANIFEST_OR_FILENAME_ONLY_IF_UNAMBIGUOUS,MISSING_ACQUISITION_DATE;UNKNOWN_ASSET_TYPE,true
PET_2024_03_21_28,Petropolis,0,unknown,3,3,0,0,0,1,2,false,true,false,false,false,P2_HAS_ASSETS_NO_CLEAN_DATES,RECOVER_ACQUISITION_DATE_FROM_MANIFEST_OR_FILENAME_ONLY_IF_UNAMBIGUOUS,MISSING_ACQUISITION_DATE;UNKNOWN_ASSET_TYPE,true
PET_21,Petropolis;Petrópolis,0,unknown,3,8,0,0,0,0,6,false,true,false,false,false,P2_HAS_ASSETS_NO_CLEAN_DATES,RECOVER_ACQUISITION_DATE_FROM_MANIFEST_OR_FILENAME_ONLY_IF_UNAMBIGUOUS,MISSING_ACQUISITION_DATE;UNKNOWN_ASSET_TYPE,true
PET_22,Petropolis;Petrópolis,0,unknown,3,8,0,0,0,0,6,false,true,false,false,false,P2_HAS_ASSETS_NO_CLEAN_DATES,RECOVER_ACQUISITION_DATE_FROM_MANIFEST_OR_FILENAME_ONLY_IF_UNAMBIGUOUS,MISSING_ACQUISITION_DATE;UNKNOWN_ASSET_TYPE,true
PET_23,Petropolis;Petrópolis,0,unknown,3,8,0,0,0,0,6,false,true,false,false,false,P2_HAS_ASSETS_NO_CLEAN_DATES,RECOVER_ACQUISITION_DATE_FROM_MANIFEST_OR_FILENAME_ONLY_IF_UNAMBIGUOUS,MISSING_ACQUISITION_DATE;UNKNOWN_ASSET_TYPE,true
PET_24,Petropolis;Petrópolis,0,unknown,3,8,0,0,0,0,6,false,true,false,false,false,P2_HAS_ASSETS_NO_CLEAN_DATES,RECOVER_ACQUISITION_DATE_FROM_MANIFEST_OR_FILENAME_ONLY_IF_UNAMBIGUOUS,MISSING_ACQUISITION_DATE;UNKNOWN_ASSET_TYPE,true
PET_25,Petropolis;Petrópolis,0,unknown,3,36,0,0,0,31,1,false,true,false,false,false,P2_HAS_ASSETS_NO_CLEAN_DATES,RECOVER_ACQUISITION_DATE_FROM_MANIFEST_OR_FILENAME_ONLY_IF_UNAMBIGUOUS,MISSING_ACQUISITION_DATE;UNKNOWN_ASSET_TYPE,true
PET_26,Petropolis;Petrópolis,0,unknown,3,36,0,0,0,31,1,false,true,false,false,false,P2_HAS_ASSETS_NO_CLEAN_DATES,RECOVER_ACQUISITION_DATE_FROM_MANIFEST_OR_FILENAME_ONLY_IF_UNAMBIGUOUS,MISSING_ACQUISITION_DATE;UNKNOWN_ASSET_TYPE,true
PET_27,Petropolis;Petrópolis,0,unknown,3,8,0,0,0,0,6,false,true,false,false,false,P2_HAS_ASSETS_NO_CLEAN_DATES,RECOVER_ACQUISITION_DATE_FROM_MANIFEST_OR_FILENAME_ONLY_IF_UNAMBIGUOUS,MISSING_ACQUISITION_DATE;UNKNOWN_ASSET_TYPE,true
PET_P001,Petropolis,0,unknown,3,1,0,0,0,1,0,false,true,false,false,false,P2_HAS_ASSETS_NO_CLEAN_DATES,RECOVER_ACQUISITION_DATE_FROM_MANIFEST_OR_FILENAME_ONLY_IF_UNAMBIGUOUS,MISSING_ACQUISITION_DATE,true
PET_P002,Petropolis,0,unknown,3,1,0,0,0,1,0,false,true,false,false,false,P2_HAS_ASSETS_NO_CLEAN_DATES,RECOVER_ACQUISITION_DATE_FROM_MANIFEST_OR_FILENAME_ONLY_IF_UNAMBIGUOUS,MISSING_ACQUISITION_DATE,true
PET_P003,Petropolis,0,unknown,3,1,0,0,0,1,0,false,true,false,false,false,P2_HAS_ASSETS_NO_CLEAN_DATES,RECOVER_ACQUISITION_DATE_FROM_MANIFEST_OR_FILENAME_ONLY_IF_UNAMBIGUOUS,MISSING_ACQUISITION_DATE,true
PET_P004,Petropolis,0,unknown,3,1,0,0,0,1,0,false,true,false,false,false,P2_HAS_ASSETS_NO_CLEAN_DATES,RECOVER_ACQUISITION_DATE_FROM_MANIFEST_OR_FILENAME_ONLY_IF_UNAMBIGUOUS,MISSING_ACQUISITION_DATE,true
PET_PACKAGES,Petropolis,0,unknown,3,6,0,0,0,1,4,false,true,false,false,false,P2_HAS_ASSETS_NO_CLEAN_DATES,RECOVER_ACQUISITION_DATE_FROM_MANIFEST_OR_FILENAME_ONLY_IF_UNAMBIGUOUS,MISSING_ACQUISITION_DATE;UNKNOWN_ASSET_TYPE,true
PKG_v2at_0001,Petropolis,0,unknown,3,5,0,0,0,1,4,false,true,false,false,false,P2_HAS_ASSETS_NO_CLEAN_DATES,RECOVER_ACQUISITION_DATE_FROM_MANIFEST_OR_FILENAME_ONLY_IF_UNAMBIGUOUS,MISSING_ACQUISITION_DATE;UNKNOWN_ASSET_TYPE,true
PKG_v2at_0002,Curitiba,0,unknown,3,5,0,0,0,1,4,false,true,false,false,false,P2_HAS_ASSETS_NO_CLEAN_DATES,RECOVER_ACQUISITION_DATE_FROM_MANIFEST_OR_FILENAME_ONLY_IF_UNAMBIGUOUS,MISSING_ACQUISITION_DATE;UNKNOWN_ASSET_TYPE,true
PKG_v2at_0003,unknown,0,unknown,3,5,0,0,0,1,4,false,true,true,false,false,P2_HAS_ASSETS_NO_CLEAN_DATES,RECOVER_REGION_FROM_CANONICAL_PATCH_REGISTRY,MISSING_ACQUISITION_DATE;MISSING_REGION;UNKNOWN_ASSET_TYPE,true
PKG_v2at_0004,Petropolis,0,unknown,3,5,0,0,0,1,4,false,true,false,false,false,P2_HAS_ASSETS_NO_CLEAN_DATES,RECOVER_ACQUISITION_DATE_FROM_MANIFEST_OR_FILENAME_ONLY_IF_UNAMBIGUOUS,MISSING_ACQUISITION_DATE;UNKNOWN_ASSET_TYPE,true
PKG_v2at_0005,unknown,0,unknown,3,5,0,0,0,1,4,false,true,true,false,false,P2_HAS_ASSETS_NO_CLEAN_DATES,RECOVER_REGION_FROM_CANONICAL_PATCH_REGISTRY,MISSING_ACQUISITION_DATE;MISSING_REGION;UNKNOWN_ASSET_TYPE,true
PKG_v2at_0006,unknown,0,unknown,3,5,0,0,0,1,4,false,true,true,false,false,P2_HAS_ASSETS_NO_CLEAN_DATES,RECOVER_REGION_FROM_CANONICAL_PATCH_REGISTRY,MISSING_ACQUISITION_DATE;MISSING_REGION;UNKNOWN_ASSET_TYPE,true
PKG_v2at_0007,Curitiba,0,unknown,3,5,0,0,0,1,4,false,true,false,false,false,P2_HAS_ASSETS_NO_CLEAN_DATES,RECOVER_ACQUISITION_DATE_FROM_MANIFEST_OR_FILENAME_ONLY_IF_UNAMBIGUOUS,MISSING_ACQUISITION_DATE;UNKNOWN_ASSET_TYPE,true
PKG_v2at_0008,Curitiba,0,unknown,3,5,0,0,0,1,4,false,true,false,false,false,P2_HAS_ASSETS_NO_CLEAN_DATES,RECOVER_ACQUISITION_DATE_FROM_MANIFEST_OR_FILENAME_ONLY_IF_UNAMBIGUOUS,MISSING_ACQUISITION_DATE;UNKNOWN_ASSET_TYPE,true
PKG_v2at_0009,Petropolis,0,unknown,3,5,0,0,0,1,4,false,true,false,false,false,P2_HAS_ASSETS_NO_CLEAN_DATES,RECOVER_ACQUISITION_DATE_FROM_MANIFEST_OR_FILENAME_ONLY_IF_UNAMBIGUOUS,MISSING_ACQUISITION_DATE;UNKNOWN_ASSET_TYPE,true
PP_v2al_0000,unknown,0,unknown,3,1,0,0,0,0,1,false,true,true,false,false,P3_METADATA_ONLY_OR_UNKNOWN,CLASSIFY_ASSET_TYPE_BEFORE_TEMPORAL_USE,MISSING_ACQUISITION_DATE;MISSING_REGION;UNKNOWN_ASSET_TYPE,false
PP_v2al_0001,unknown,0,unknown,3,1,0,0,0,0,1,false,true,true,false,false,P3_METADATA_ONLY_OR_UNKNOWN,CLASSIFY_ASSET_TYPE_BEFORE_TEMPORAL_USE,MISSING_ACQUISITION_DATE;MISSING_REGION;UNKNOWN_ASSET_TYPE,false
PP_v2al_0002,unknown,0,unknown,3,1,0,0,0,0,1,false,true,true,false,false,P3_METADATA_ONLY_OR_UNKNOWN,CLASSIFY_ASSET_TYPE_BEFORE_TEMPORAL_USE,MISSING_ACQUISITION_DATE;MISSING_REGION;UNKNOWN_ASSET_TYPE,false
PP_v2al_0003,unknown,0,unknown,3,1,0,0,0,0,1,false,true,true,false,false,P3_METADATA_ONLY_OR_UNKNOWN,CLASSIFY_ASSET_TYPE_BEFORE_TEMPORAL_USE,MISSING_ACQUISITION_DATE;MISSING_REGION;UNKNOWN_ASSET_TYPE,false
PP_v2al_0004,unknown,0,unknown,3,1,0,0,0,0,1,false,true,true,false,false,P3_METADATA_ONLY_OR_UNKNOWN,CLASSIFY_ASSET_TYPE_BEFORE_TEMPORAL_USE,MISSING_ACQUISITION_DATE;MISSING_REGION;UNKNOWN_ASSET_TYPE,false
PP_v2al_0005,unknown,0,unknown,3,1,0,0,0,0,1,false,true,true,false,false,P3_METADATA_ONLY_OR_UNKNOWN,CLASSIFY_ASSET_TYPE_BEFORE_TEMPORAL_USE,MISSING_ACQUISITION_DATE;MISSING_REGION;UNKNOWN_ASSET_TYPE,false
PP_v2al_0006,unknown,0,unknown,3,1,0,0,0,0,1,false,true,true,false,false,P3_METADATA_ONLY_OR_UNKNOWN,CLASSIFY_ASSET_TYPE_BEFORE_TEMPORAL_USE,MISSING_ACQUISITION_DATE;MISSING_REGION;UNKNOWN_ASSET_TYPE,false
PP_v2al_0007,unknown,0,unknown,3,1,0,0,0,0,1,false,true,true,false,false,P3_METADATA_ONLY_OR_UNKNOWN,CLASSIFY_ASSET_TYPE_BEFORE_TEMPORAL_USE,MISSING_ACQUISITION_DATE;MISSING_REGION;UNKNOWN_ASSET_TYPE,false
PP_v2al_0008,unknown,0,unknown,3,1,0,0,0,0,1,false,true,true,false,false,P3_METADATA_ONLY_OR_UNKNOWN,CLASSIFY_ASSET_TYPE_BEFORE_TEMPORAL_USE,MISSING_ACQUISITION_DATE;MISSING_REGION;UNKNOWN_ASSET_TYPE,false
PP_v2al_0009,unknown,0,unknown,3,1,0,0,0,0,1,false,true,true,false,false,P3_METADATA_ONLY_OR_UNKNOWN,CLASSIFY_ASSET_TYPE_BEFORE_TEMPORAL_USE,MISSING_ACQUISITION_DATE;MISSING_REGION;UNKNOWN_ASSET_TYPE,false
PP_v2al_0010,unknown,0,unknown,3,1,0,0,0,0,1,false,true,true,false,false,P3_METADATA_ONLY_OR_UNKNOWN,CLASSIFY_ASSET_TYPE_BEFORE_TEMPORAL_USE,MISSING_ACQUISITION_DATE;MISSING_REGION;UNKNOWN_ASSET_TYPE,false
PP_v2al_0011,unknown,0,unknown,3,1,0,0,0,0,1,false,true,true,false,false,P3_METADATA_ONLY_OR_UNKNOWN,CLASSIFY_ASSET_TYPE_BEFORE_TEMPORAL_USE,MISSING_ACQUISITION_DATE;MISSING_REGION;UNKNOWN_ASSET_TYPE,false
PP_v2al_0012,unknown,0,unknown,3,1,0,0,0,0,1,false,true,true,false,false,P3_METADATA_ONLY_OR_UNKNOWN,CLASSIFY_ASSET_TYPE_BEFORE_TEMPORAL_USE,MISSING_ACQUISITION_DATE;MISSING_REGION;UNKNOWN_ASSET_TYPE,false
PP_v2al_0013,unknown,0,unknown,3,1,0,0,0,0,1,false,true,true,false,false,P3_METADATA_ONLY_OR_UNKNOWN,CLASSIFY_ASSET_TYPE_BEFORE_TEMPORAL_USE,MISSING_ACQUISITION_DATE;MISSING_REGION;UNKNOWN_ASSET_TYPE,false
PP_v2al_0014,unknown,0,unknown,3,1,0,0,0,1,0,false,true,true,false,false,P2_HAS_ASSETS_NO_CLEAN_DATES,RECOVER_REGION_FROM_CANONICAL_PATCH_REGISTRY,MISSING_ACQUISITION_DATE;MISSING_REGION,true
PP_v2al_0015,unknown,0,unknown,3,1,0,0,0,0,1,false,true,true,false,false,P3_METADATA_ONLY_OR_UNKNOWN,CLASSIFY_ASSET_TYPE_BEFORE_TEMPORAL_USE,MISSING_ACQUISITION_DATE;MISSING_REGION;UNKNOWN_ASSET_TYPE,false
PP_v2al_0016,unknown,0,unknown,3,1,0,0,0,0,1,false,true,true,false,false,P3_METADATA_ONLY_OR_UNKNOWN,CLASSIFY_ASSET_TYPE_BEFORE_TEMPORAL_USE,MISSING_ACQUISITION_DATE;MISSING_REGION;UNKNOWN_ASSET_TYPE,false
PP_v2al_0017,unknown,0,unknown,3,1,0,0,0,0,1,false,true,true,false,false,P3_METADATA_ONLY_OR_UNKNOWN,CLASSIFY_ASSET_TYPE_BEFORE_TEMPORAL_USE,MISSING_ACQUISITION_DATE;MISSING_REGION;UNKNOWN_ASSET_TYPE,false
PP_v2al_0018,unknown,0,unknown,3,1,0,0,0,0,1,false,true,true,false,false,P3_METADATA_ONLY_OR_UNKNOWN,CLASSIFY_ASSET_TYPE_BEFORE_TEMPORAL_USE,MISSING_ACQUISITION_DATE;MISSING_REGION;UNKNOWN_ASSET_TYPE,false
PP_v2al_0019,unknown,0,unknown,3,1,0,0,0,0,1,false,true,true,false,false,P3_METADATA_ONLY_OR_UNKNOWN,CLASSIFY_ASSET_TYPE_BEFORE_TEMPORAL_USE,MISSING_ACQUISITION_DATE;MISSING_REGION;UNKNOWN_ASSET_TYPE,false
PP_v2al_0020,unknown,0,unknown,3,1,0,0,0,0,1,false,true,true,false,false,P3_METADATA_ONLY_OR_UNKNOWN,CLASSIFY_ASSET_TYPE_BEFORE_TEMPORAL_USE,MISSING_ACQUISITION_DATE;MISSING_REGION;UNKNOWN_ASSET_TYPE,false
PP_v2al_0021,unknown,0,unknown,3,1,0,0,0,0,1,false,true,true,false,false,P3_METADATA_ONLY_OR_UNKNOWN,CLASSIFY_ASSET_TYPE_BEFORE_TEMPORAL_USE,MISSING_ACQUISITION_DATE;MISSING_REGION;UNKNOWN_ASSET_TYPE,false
PP_v2al_0022,unknown,0,unknown,3,1,0,0,0,0,1,false,true,true,false,false,P3_METADATA_ONLY_OR_UNKNOWN,CLASSIFY_ASSET_TYPE_BEFORE_TEMPORAL_USE,MISSING_ACQUISITION_DATE;MISSING_REGION;UNKNOWN_ASSET_TYPE,false
PP_v2al_0023,unknown,0,unknown,3,1,0,0,0,0,1,false,true,true,false,false,P3_METADATA_ONLY_OR_UNKNOWN,CLASSIFY_ASSET_TYPE_BEFORE_TEMPORAL_USE,MISSING_ACQUISITION_DATE;MISSING_REGION;UNKNOWN_ASSET_TYPE,false
PP_v2al_0024,unknown,0,unknown,3,1,0,0,0,0,1,false,true,true,false,false,P3_METADATA_ONLY_OR_UNKNOWN,CLASSIFY_ASSET_TYPE_BEFORE_TEMPORAL_USE,MISSING_ACQUISITION_DATE;MISSING_REGION;UNKNOWN_ASSET_TYPE,false
PP_v2al_0025,unknown,0,unknown,3,1,0,0,0,0,1,false,true,true,false,false,P3_METADATA_ONLY_OR_UNKNOWN,CLASSIFY_ASSET_TYPE_BEFORE_TEMPORAL_USE,MISSING_ACQUISITION_DATE;MISSING_REGION;UNKNOWN_ASSET_TYPE,false
PP_v2al_0026,unknown,0,unknown,3,1,0,0,0,0,1,false,true,true,false,false,P3_METADATA_ONLY_OR_UNKNOWN,CLASSIFY_ASSET_TYPE_BEFORE_TEMPORAL_USE,MISSING_ACQUISITION_DATE;MISSING_REGION;UNKNOWN_ASSET_TYPE,false
PP_v2al_0027,unknown,0,unknown,3,1,0,0,0,0,1,false,true,true,false,false,P3_METADATA_ONLY_OR_UNKNOWN,CLASSIFY_ASSET_TYPE_BEFORE_TEMPORAL_USE,MISSING_ACQUISITION_DATE;MISSING_REGION;UNKNOWN_ASSET_TYPE,false
PP_v2al_0028,unknown,0,unknown,3,1,0,0,0,1,0,false,true,true,false,false,P2_HAS_ASSETS_NO_CLEAN_DATES,RECOVER_REGION_FROM_CANONICAL_PATCH_REGISTRY,MISSING_ACQUISITION_DATE;MISSING_REGION,true
PP_v2al_0029,unknown,0,unknown,3,1,0,0,0,0,1,false,true,true,false,false,P3_METADATA_ONLY_OR_UNKNOWN,CLASSIFY_ASSET_TYPE_BEFORE_TEMPORAL_USE,MISSING_ACQUISITION_DATE;MISSING_REGION;UNKNOWN_ASSET_TYPE,false
PP_v2al_0030,unknown,0,unknown,3,1,0,0,0,0,1,false,true,true,false,false,P3_METADATA_ONLY_OR_UNKNOWN,CLASSIFY_ASSET_TYPE_BEFORE_TEMPORAL_USE,MISSING_ACQUISITION_DATE;MISSING_REGION;UNKNOWN_ASSET_TYPE,false
PP_v2al_0031,unknown,0,unknown,3,1,0,0,0,0,1,false,true,true,false,false,P3_METADATA_ONLY_OR_UNKNOWN,CLASSIFY_ASSET_TYPE_BEFORE_TEMPORAL_USE,MISSING_ACQUISITION_DATE;MISSING_REGION;UNKNOWN_ASSET_TYPE,false
PP_v2al_0032,unknown,0,unknown,3,1,0,0,0,0,1,false,true,true,false,false,P3_METADATA_ONLY_OR_UNKNOWN,CLASSIFY_ASSET_TYPE_BEFORE_TEMPORAL_USE,MISSING_ACQUISITION_DATE;MISSING_REGION;UNKNOWN_ASSET_TYPE,false
PP_v2al_0033,unknown,0,unknown,3,1,0,0,0,0,1,false,true,true,false,false,P3_METADATA_ONLY_OR_UNKNOWN,CLASSIFY_ASSET_TYPE_BEFORE_TEMPORAL_USE,MISSING_ACQUISITION_DATE;MISSING_REGION;UNKNOWN_ASSET_TYPE,false
PP_v2al_0034,unknown,0,unknown,3,1,0,0,0,0,1,false,true,true,false,false,P3_METADATA_ONLY_OR_UNKNOWN,CLASSIFY_ASSET_TYPE_BEFORE_TEMPORAL_USE,MISSING_ACQUISITION_DATE;MISSING_REGION;UNKNOWN_ASSET_TYPE,false
PP_v2al_0035,unknown,0,unknown,3,1,0,0,0,0,1,false,true,true,false,false,P3_METADATA_ONLY_OR_UNKNOWN,CLASSIFY_ASSET_TYPE_BEFORE_TEMPORAL_USE,MISSING_ACQUISITION_DATE;MISSING_REGION;UNKNOWN_ASSET_TYPE,false
PP_v2al_0036,unknown,0,unknown,3,1,0,0,0,0,1,false,true,true,false,false,P3_METADATA_ONLY_OR_UNKNOWN,CLASSIFY_ASSET_TYPE_BEFORE_TEMPORAL_USE,MISSING_ACQUISITION_DATE;MISSING_REGION;UNKNOWN_ASSET_TYPE,false
PP_v2al_0037,unknown,0,unknown,3,1,0,0,0,0,1,false,true,true,false,false,P3_METADATA_ONLY_OR_UNKNOWN,CLASSIFY_ASSET_TYPE_BEFORE_TEMPORAL_USE,MISSING_ACQUISITION_DATE;MISSING_REGION;UNKNOWN_ASSET_TYPE,false
PP_v2al_0038,unknown,0,unknown,3,1,0,0,0,0,1,false,true,true,false,false,P3_METADATA_ONLY_OR_UNKNOWN,CLASSIFY_ASSET_TYPE_BEFORE_TEMPORAL_USE,MISSING_ACQUISITION_DATE;MISSING_REGION;UNKNOWN_ASSET_TYPE,false
PP_v2al_0039,unknown,0,unknown,3,1,0,0,0,0,1,false,true,true,false,false,P3_METADATA_ONLY_OR_UNKNOWN,CLASSIFY_ASSET_TYPE_BEFORE_TEMPORAL_USE,MISSING_ACQUISITION_DATE;MISSING_REGION;UNKNOWN_ASSET_TYPE,false
PP_v2al_0040,unknown,0,unknown,3,1,0,0,0,0,1,false,true,true,false,false,P3_METADATA_ONLY_OR_UNKNOWN,CLASSIFY_ASSET_TYPE_BEFORE_TEMPORAL_USE,MISSING_ACQUISITION_DATE;MISSING_REGION;UNKNOWN_ASSET_TYPE,false
PP_v2al_0041,unknown,0,unknown,3,1,0,0,0,0,1,false,true,true,false,false,P3_METADATA_ONLY_OR_UNKNOWN,CLASSIFY_ASSET_TYPE_BEFORE_TEMPORAL_USE,MISSING_ACQUISITION_DATE;MISSING_REGION;UNKNOWN_ASSET_TYPE,false
PP_v2al_0042,unknown,0,unknown,3,1,0,0,0,0,1,false,true,true,false,false,P3_METADATA_ONLY_OR_UNKNOWN,CLASSIFY_ASSET_TYPE_BEFORE_TEMPORAL_USE,MISSING_ACQUISITION_DATE;MISSING_REGION;UNKNOWN_ASSET_TYPE,false
PP_v2al_0043,unknown,0,unknown,3,1,0,0,0,0,1,false,true,true,false,false,P3_METADATA_ONLY_OR_UNKNOWN,CLASSIFY_ASSET_TYPE_BEFORE_TEMPORAL_USE,MISSING_ACQUISITION_DATE;MISSING_REGION;UNKNOWN_ASSET_TYPE,false
PP_v2al_0044,unknown,0,unknown,3,1,0,0,0,0,1,false,true,true,false,false,P3_METADATA_ONLY_OR_UNKNOWN,CLASSIFY_ASSET_TYPE_BEFORE_TEMPORAL_USE,MISSING_ACQUISITION_DATE;MISSING_REGION;UNKNOWN_ASSET_TYPE,false
PP_v2al_0045,unknown,0,unknown,3,1,0,0,0,0,1,false,true,true,false,false,P3_METADATA_ONLY_OR_UNKNOWN,CLASSIFY_ASSET_TYPE_BEFORE_TEMPORAL_USE,MISSING_ACQUISITION_DATE;MISSING_REGION;UNKNOWN_ASSET_TYPE,false
PP_v2al_0046,unknown,0,unknown,3,1,0,0,0,0,1,false,true,true,false,false,P3_METADATA_ONLY_OR_UNKNOWN,CLASSIFY_ASSET_TYPE_BEFORE_TEMPORAL_USE,MISSING_ACQUISITION_DATE;MISSING_REGION;UNKNOWN_ASSET_TYPE,false
PP_v2al_0047,unknown,0,unknown,3,1,0,0,0,0,0,false,true,true,false,false,P2_HAS_ASSETS_NO_CLEAN_DATES,RECOVER_REGION_FROM_CANONICAL_PATCH_REGISTRY,MISSING_ACQUISITION_DATE;MISSING_REGION,true
PP_v2al_0048,unknown,0,unknown,3,1,0,0,0,0,1,false,true,true,false,false,P3_METADATA_ONLY_OR_UNKNOWN,CLASSIFY_ASSET_TYPE_BEFORE_TEMPORAL_USE,MISSING_ACQUISITION_DATE;MISSING_REGION;UNKNOWN_ASSET_TYPE,false
PP_v2al_0049,unknown,0,unknown,3,1,0,0,0,0,1,false,true,true,false,false,P3_METADATA_ONLY_OR_UNKNOWN,CLASSIFY_ASSET_TYPE_BEFORE_TEMPORAL_USE,MISSING_ACQUISITION_DATE;MISSING_REGION;UNKNOWN_ASSET_TYPE,false
PP_v2al_0050,unknown,0,unknown,3,1,0,0,0,0,1,false,true,true,false,false,P3_METADATA_ONLY_OR_UNKNOWN,CLASSIFY_ASSET_TYPE_BEFORE_TEMPORAL_USE,MISSING_ACQUISITION_DATE;MISSING_REGION;UNKNOWN_ASSET_TYPE,false
PP_v2al_0051,unknown,0,unknown,3,1,0,0,0,0,1,false,true,true,false,false,P3_METADATA_ONLY_OR_UNKNOWN,CLASSIFY_ASSET_TYPE_BEFORE_TEMPORAL_USE,MISSING_ACQUISITION_DATE;MISSING_REGION;UNKNOWN_ASSET_TYPE,false
PP_v2al_0052,unknown,0,unknown,3,1,0,0,0,0,1,false,true,true,false,false,P3_METADATA_ONLY_OR_UNKNOWN,CLASSIFY_ASSET_TYPE_BEFORE_TEMPORAL_USE,MISSING_ACQUISITION_DATE;MISSING_REGION;UNKNOWN_ASSET_TYPE,false
PP_v2al_0053,unknown,0,unknown,3,1,0,0,0,0,1,false,true,true,false,false,P3_METADATA_ONLY_OR_UNKNOWN,CLASSIFY_ASSET_TYPE_BEFORE_TEMPORAL_USE,MISSING_ACQUISITION_DATE;MISSING_REGION;UNKNOWN_ASSET_TYPE,false
PP_v2al_0054,unknown,0,unknown,3,1,0,0,0,0,1,false,true,true,false,false,P3_METADATA_ONLY_OR_UNKNOWN,CLASSIFY_ASSET_TYPE_BEFORE_TEMPORAL_USE,MISSING_ACQUISITION_DATE;MISSING_REGION;UNKNOWN_ASSET_TYPE,false
PP_v2al_0055,unknown,0,unknown,3,1,0,0,0,0,1,false,true,true,false,false,P3_METADATA_ONLY_OR_UNKNOWN,CLASSIFY_ASSET_TYPE_BEFORE_TEMPORAL_USE,MISSING_ACQUISITION_DATE;MISSING_REGION;UNKNOWN_ASSET_TYPE,false
PP_v2al_0056,unknown,0,unknown,3,1,0,0,0,0,1,false,true,true,false,false,P3_METADATA_ONLY_OR_UNKNOWN,CLASSIFY_ASSET_TYPE_BEFORE_TEMPORAL_USE,MISSING_ACQUISITION_DATE;MISSING_REGION;UNKNOWN_ASSET_TYPE,false
PP_v2al_0057,unknown,0,unknown,3,1,0,0,0,0,1,false,true,true,false,false,P3_METADATA_ONLY_OR_UNKNOWN,CLASSIFY_ASSET_TYPE_BEFORE_TEMPORAL_USE,MISSING_ACQUISITION_DATE;MISSING_REGION;UNKNOWN_ASSET_TYPE,false
PP_v2al_0058,unknown,0,unknown,3,1,0,0,0,0,1,false,true,true,false,false,P3_METADATA_ONLY_OR_UNKNOWN,CLASSIFY_ASSET_TYPE_BEFORE_TEMPORAL_USE,MISSING_ACQUISITION_DATE;MISSING_REGION;UNKNOWN_ASSET_TYPE,false
PP_v2al_0059,unknown,0,unknown,3,1,0,0,0,0,1,false,true,true,false,false,P3_METADATA_ONLY_OR_UNKNOWN,CLASSIFY_ASSET_TYPE_BEFORE_TEMPORAL_USE,MISSING_ACQUISITION_DATE;MISSING_REGION;UNKNOWN_ASSET_TYPE,false
PP_v2al_0060,unknown,0,unknown,3,1,0,0,0,0,1,false,true,true,false,false,P3_METADATA_ONLY_OR_UNKNOWN,CLASSIFY_ASSET_TYPE_BEFORE_TEMPORAL_USE,MISSING_ACQUISITION_DATE;MISSING_REGION;UNKNOWN_ASSET_TYPE,false
PP_v2al_0061,unknown,0,unknown,3,1,0,0,0,0,1,false,true,true,false,false,P3_METADATA_ONLY_OR_UNKNOWN,CLASSIFY_ASSET_TYPE_BEFORE_TEMPORAL_USE,MISSING_ACQUISITION_DATE;MISSING_REGION;UNKNOWN_ASSET_TYPE,false
PP_v2al_0062,unknown,0,unknown,3,1,0,0,0,0,0,false,true,true,false,false,P2_HAS_ASSETS_NO_CLEAN_DATES,RECOVER_REGION_FROM_CANONICAL_PATCH_REGISTRY,MISSING_ACQUISITION_DATE;MISSING_REGION,true
PP_v2al_0063,unknown,0,unknown,3,1,0,0,0,0,1,false,true,true,false,false,P3_METADATA_ONLY_OR_UNKNOWN,CLASSIFY_ASSET_TYPE_BEFORE_TEMPORAL_USE,MISSING_ACQUISITION_DATE;MISSING_REGION;UNKNOWN_ASSET_TYPE,false
PP_v2al_0064,unknown,0,unknown,3,1,0,0,0,0,1,false,true,true,false,false,P3_METADATA_ONLY_OR_UNKNOWN,CLASSIFY_ASSET_TYPE_BEFORE_TEMPORAL_USE,MISSING_ACQUISITION_DATE;MISSING_REGION;UNKNOWN_ASSET_TYPE,false
PP_v2al_0065,unknown,0,unknown,3,1,0,0,0,0,1,false,true,true,false,false,P3_METADATA_ONLY_OR_UNKNOWN,CLASSIFY_ASSET_TYPE_BEFORE_TEMPORAL_USE,MISSING_ACQUISITION_DATE;MISSING_REGION;UNKNOWN_ASSET_TYPE,false
PP_v2al_0066,unknown,0,unknown,3,1,0,0,0,0,1,false,true,true,false,false,P3_METADATA_ONLY_OR_UNKNOWN,CLASSIFY_ASSET_TYPE_BEFORE_TEMPORAL_USE,MISSING_ACQUISITION_DATE;MISSING_REGION;UNKNOWN_ASSET_TYPE,false
PP_v2al_0067,unknown,0,unknown,3,1,0,0,0,0,1,false,true,true,false,false,P3_METADATA_ONLY_OR_UNKNOWN,CLASSIFY_ASSET_TYPE_BEFORE_TEMPORAL_USE,MISSING_ACQUISITION_DATE;MISSING_REGION;UNKNOWN_ASSET_TYPE,false
PP_v2al_0068,unknown,0,unknown,3,1,0,0,0,0,1,false,true,true,false,false,P3_METADATA_ONLY_OR_UNKNOWN,CLASSIFY_ASSET_TYPE_BEFORE_TEMPORAL_USE,MISSING_ACQUISITION_DATE;MISSING_REGION;UNKNOWN_ASSET_TYPE,false
PP_v2al_0069,unknown,0,unknown,3,1,0,0,0,0,1,false,true,true,false,false,P3_METADATA_ONLY_OR_UNKNOWN,CLASSIFY_ASSET_TYPE_BEFORE_TEMPORAL_USE,MISSING_ACQUISITION_DATE;MISSING_REGION;UNKNOWN_ASSET_TYPE,false
PP_v2al_0070,unknown,0,unknown,3,1,0,0,0,0,1,false,true,true,false,false,P3_METADATA_ONLY_OR_UNKNOWN,CLASSIFY_ASSET_TYPE_BEFORE_TEMPORAL_USE,MISSING_ACQUISITION_DATE;MISSING_REGION;UNKNOWN_ASSET_TYPE,false
PP_v2al_0071,unknown,0,unknown,3,1,0,0,0,0,1,false,true,true,false,false,P3_METADATA_ONLY_OR_UNKNOWN,CLASSIFY_ASSET_TYPE_BEFORE_TEMPORAL_USE,MISSING_ACQUISITION_DATE;MISSING_REGION;UNKNOWN_ASSET_TYPE,false
PP_v2al_0072,unknown,0,unknown,3,1,0,0,0,0,1,false,true,true,false,false,P3_METADATA_ONLY_OR_UNKNOWN,CLASSIFY_ASSET_TYPE_BEFORE_TEMPORAL_USE,MISSING_ACQUISITION_DATE;MISSING_REGION;UNKNOWN_ASSET_TYPE,false
PP_v2al_0073,unknown,0,unknown,3,1,0,0,0,0,1,false,true,true,false,false,P3_METADATA_ONLY_OR_UNKNOWN,CLASSIFY_ASSET_TYPE_BEFORE_TEMPORAL_USE,MISSING_ACQUISITION_DATE;MISSING_REGION;UNKNOWN_ASSET_TYPE,false
PP_v2al_0074,unknown,0,unknown,3,1,0,0,0,0,1,false,true,true,false,false,P3_METADATA_ONLY_OR_UNKNOWN,CLASSIFY_ASSET_TYPE_BEFORE_TEMPORAL_USE,MISSING_ACQUISITION_DATE;MISSING_REGION;UNKNOWN_ASSET_TYPE,false
PP_v2al_0075,unknown,0,unknown,3,1,0,0,0,0,1,false,true,true,false,false,P3_METADATA_ONLY_OR_UNKNOWN,CLASSIFY_ASSET_TYPE_BEFORE_TEMPORAL_USE,MISSING_ACQUISITION_DATE;MISSING_REGION;UNKNOWN_ASSET_TYPE,false
PP_v2al_0076,unknown,0,unknown,3,1,0,0,0,0,1,false,true,true,false,false,P3_METADATA_ONLY_OR_UNKNOWN,CLASSIFY_ASSET_TYPE_BEFORE_TEMPORAL_USE,MISSING_ACQUISITION_DATE;MISSING_REGION;UNKNOWN_ASSET_TYPE,false
PP_v2al_0077,unknown,0,unknown,3,1,0,0,0,0,1,false,true,true,false,false,P3_METADATA_ONLY_OR_UNKNOWN,CLASSIFY_ASSET_TYPE_BEFORE_TEMPORAL_USE,MISSING_ACQUISITION_DATE;MISSING_REGION;UNKNOWN_ASSET_TYPE,false
PP_v2al_0078,unknown,0,unknown,3,1,0,0,0,0,1,false,true,true,false,false,P3_METADATA_ONLY_OR_UNKNOWN,CLASSIFY_ASSET_TYPE_BEFORE_TEMPORAL_USE,MISSING_ACQUISITION_DATE;MISSING_REGION;UNKNOWN_ASSET_TYPE,false
PP_v2al_0079,unknown,0,unknown,3,1,0,0,0,0,1,false,true,true,false,false,P3_METADATA_ONLY_OR_UNKNOWN,CLASSIFY_ASSET_TYPE_BEFORE_TEMPORAL_USE,MISSING_ACQUISITION_DATE;MISSING_REGION;UNKNOWN_ASSET_TYPE,false
PP_v2al_0080,unknown,0,unknown,3,1,0,0,0,0,1,false,true,true,false,false,P3_METADATA_ONLY_OR_UNKNOWN,CLASSIFY_ASSET_TYPE_BEFORE_TEMPORAL_USE,MISSING_ACQUISITION_DATE;MISSING_REGION;UNKNOWN_ASSET_TYPE,false
PP_v2al_0081,unknown,0,unknown,3,1,0,0,0,0,1,false,true,true,false,false,P3_METADATA_ONLY_OR_UNKNOWN,CLASSIFY_ASSET_TYPE_BEFORE_TEMPORAL_USE,MISSING_ACQUISITION_DATE;MISSING_REGION;UNKNOWN_ASSET_TYPE,false
PP_v2al_0082,unknown,0,unknown,3,1,0,0,0,0,1,false,true,true,false,false,P3_METADATA_ONLY_OR_UNKNOWN,CLASSIFY_ASSET_TYPE_BEFORE_TEMPORAL_USE,MISSING_ACQUISITION_DATE;MISSING_REGION;UNKNOWN_ASSET_TYPE,false
PP_v2al_0083,unknown,0,unknown,3,1,0,0,0,0,1,false,true,true,false,false,P3_METADATA_ONLY_OR_UNKNOWN,CLASSIFY_ASSET_TYPE_BEFORE_TEMPORAL_USE,MISSING_ACQUISITION_DATE;MISSING_REGION;UNKNOWN_ASSET_TYPE,false
PP_v2al_0084,unknown,0,unknown,3,1,0,0,0,0,1,false,true,true,false,false,P3_METADATA_ONLY_OR_UNKNOWN,CLASSIFY_ASSET_TYPE_BEFORE_TEMPORAL_USE,MISSING_ACQUISITION_DATE;MISSING_REGION;UNKNOWN_ASSET_TYPE,false
PP_v2al_0085,unknown,0,unknown,3,1,0,0,0,1,0,false,true,true,false,false,P2_HAS_ASSETS_NO_CLEAN_DATES,RECOVER_REGION_FROM_CANONICAL_PATCH_REGISTRY,MISSING_ACQUISITION_DATE;MISSING_REGION,true
PP_v2al_0086,unknown,0,unknown,3,1,0,0,0,1,0,false,true,true,false,false,P2_HAS_ASSETS_NO_CLEAN_DATES,RECOVER_REGION_FROM_CANONICAL_PATCH_REGISTRY,MISSING_ACQUISITION_DATE;MISSING_REGION,true
PP_v2al_0087,unknown,0,unknown,3,1,0,0,0,0,1,false,true,true,false,false,P3_METADATA_ONLY_OR_UNKNOWN,CLASSIFY_ASSET_TYPE_BEFORE_TEMPORAL_USE,MISSING_ACQUISITION_DATE;MISSING_REGION;UNKNOWN_ASSET_TYPE,false
PP_v2al_0088,unknown,0,unknown,3,1,0,0,0,0,1,false,true,true,false,false,P3_METADATA_ONLY_OR_UNKNOWN,CLASSIFY_ASSET_TYPE_BEFORE_TEMPORAL_USE,MISSING_ACQUISITION_DATE;MISSING_REGION;UNKNOWN_ASSET_TYPE,false
PP_v2al_0089,unknown,0,unknown,3,1,0,0,0,0,1,false,true,true,false,false,P3_METADATA_ONLY_OR_UNKNOWN,CLASSIFY_ASSET_TYPE_BEFORE_TEMPORAL_USE,MISSING_ACQUISITION_DATE;MISSING_REGION;UNKNOWN_ASSET_TYPE,false
PP_v2al_0090,unknown,0,unknown,3,1,0,0,0,0,1,false,true,true,false,false,P3_METADATA_ONLY_OR_UNKNOWN,CLASSIFY_ASSET_TYPE_BEFORE_TEMPORAL_USE,MISSING_ACQUISITION_DATE;MISSING_REGION;UNKNOWN_ASSET_TYPE,false
PP_v2al_0091,unknown,0,unknown,3,1,0,0,0,0,1,false,true,true,false,false,P3_METADATA_ONLY_OR_UNKNOWN,CLASSIFY_ASSET_TYPE_BEFORE_TEMPORAL_USE,MISSING_ACQUISITION_DATE;MISSING_REGION;UNKNOWN_ASSET_TYPE,false
PP_v2al_0092,unknown,0,unknown,3,1,0,0,0,0,1,false,true,true,false,false,P3_METADATA_ONLY_OR_UNKNOWN,CLASSIFY_ASSET_TYPE_BEFORE_TEMPORAL_USE,MISSING_ACQUISITION_DATE;MISSING_REGION;UNKNOWN_ASSET_TYPE,false
PP_v2al_0093,unknown,0,unknown,3,1,0,0,0,0,1,false,true,true,false,false,P3_METADATA_ONLY_OR_UNKNOWN,CLASSIFY_ASSET_TYPE_BEFORE_TEMPORAL_USE,MISSING_ACQUISITION_DATE;MISSING_REGION;UNKNOWN_ASSET_TYPE,false
PP_v2al_0094,unknown,0,unknown,3,1,0,0,0,0,1,false,true,true,false,false,P3_METADATA_ONLY_OR_UNKNOWN,CLASSIFY_ASSET_TYPE_BEFORE_TEMPORAL_USE,MISSING_ACQUISITION_DATE;MISSING_REGION;UNKNOWN_ASSET_TYPE,false
PP_v2al_0095,unknown,0,unknown,3,1,0,0,0,0,1,false,true,true,false,false,P3_METADATA_ONLY_OR_UNKNOWN,CLASSIFY_ASSET_TYPE_BEFORE_TEMPORAL_USE,MISSING_ACQUISITION_DATE;MISSING_REGION;UNKNOWN_ASSET_TYPE,false
PP_v2al_0096,unknown,0,unknown,3,1,0,0,0,0,1,false,true,true,false,false,P3_METADATA_ONLY_OR_UNKNOWN,CLASSIFY_ASSET_TYPE_BEFORE_TEMPORAL_USE,MISSING_ACQUISITION_DATE;MISSING_REGION;UNKNOWN_ASSET_TYPE,false
PP_v2al_0097,unknown,0,unknown,3,1,0,0,0,0,1,false,true,true,false,false,P3_METADATA_ONLY_OR_UNKNOWN,CLASSIFY_ASSET_TYPE_BEFORE_TEMPORAL_USE,MISSING_ACQUISITION_DATE;MISSING_REGION;UNKNOWN_ASSET_TYPE,false
PP_v2al_0098,unknown,0,unknown,3,1,0,0,0,0,1,false,true,true,false,false,P3_METADATA_ONLY_OR_UNKNOWN,CLASSIFY_ASSET_TYPE_BEFORE_TEMPORAL_USE,MISSING_ACQUISITION_DATE;MISSING_REGION;UNKNOWN_ASSET_TYPE,false
PP_v2al_0099,unknown,0,unknown,3,1,0,0,0,0,1,false,true,true,false,false,P3_METADATA_ONLY_OR_UNKNOWN,CLASSIFY_ASSET_TYPE_BEFORE_TEMPORAL_USE,MISSING_ACQUISITION_DATE;MISSING_REGION;UNKNOWN_ASSET_TYPE,false
PP_v2al_0100,unknown,0,unknown,3,1,0,0,0,0,1,false,true,true,false,false,P3_METADATA_ONLY_OR_UNKNOWN,CLASSIFY_ASSET_TYPE_BEFORE_TEMPORAL_USE,MISSING_ACQUISITION_DATE;MISSING_REGION;UNKNOWN_ASSET_TYPE,false
PP_v2al_0101,unknown,0,unknown,3,1,0,0,0,0,1,false,true,true,false,false,P3_METADATA_ONLY_OR_UNKNOWN,CLASSIFY_ASSET_TYPE_BEFORE_TEMPORAL_USE,MISSING_ACQUISITION_DATE;MISSING_REGION;UNKNOWN_ASSET_TYPE,false
PP_v2al_0102,unknown,0,unknown,3,1,0,0,0,1,0,false,true,true,false,false,P2_HAS_ASSETS_NO_CLEAN_DATES,RECOVER_REGION_FROM_CANONICAL_PATCH_REGISTRY,MISSING_ACQUISITION_DATE;MISSING_REGION,true
PP_v2al_0103,unknown,0,unknown,3,1,0,0,0,0,1,false,true,true,false,false,P3_METADATA_ONLY_OR_UNKNOWN,CLASSIFY_ASSET_TYPE_BEFORE_TEMPORAL_USE,MISSING_ACQUISITION_DATE;MISSING_REGION;UNKNOWN_ASSET_TYPE,false
PP_v2al_0104,unknown,0,unknown,3,1,0,0,0,0,1,false,true,true,false,false,P3_METADATA_ONLY_OR_UNKNOWN,CLASSIFY_ASSET_TYPE_BEFORE_TEMPORAL_USE,MISSING_ACQUISITION_DATE;MISSING_REGION;UNKNOWN_ASSET_TYPE,false
PP_v2al_0105,unknown,0,unknown,3,1,0,0,0,0,1,false,true,true,false,false,P3_METADATA_ONLY_OR_UNKNOWN,CLASSIFY_ASSET_TYPE_BEFORE_TEMPORAL_USE,MISSING_ACQUISITION_DATE;MISSING_REGION;UNKNOWN_ASSET_TYPE,false
PP_v2al_0106,unknown,0,unknown,3,1,0,0,0,0,1,false,true,true,false,false,P3_METADATA_ONLY_OR_UNKNOWN,CLASSIFY_ASSET_TYPE_BEFORE_TEMPORAL_USE,MISSING_ACQUISITION_DATE;MISSING_REGION;UNKNOWN_ASSET_TYPE,false
PP_v2al_0107,unknown,0,unknown,3,1,0,0,0,0,1,false,true,true,false,false,P3_METADATA_ONLY_OR_UNKNOWN,CLASSIFY_ASSET_TYPE_BEFORE_TEMPORAL_USE,MISSING_ACQUISITION_DATE;MISSING_REGION;UNKNOWN_ASSET_TYPE,false
PP_v2al_0108,unknown,0,unknown,3,1,0,0,0,0,1,false,true,true,false,false,P3_METADATA_ONLY_OR_UNKNOWN,CLASSIFY_ASSET_TYPE_BEFORE_TEMPORAL_USE,MISSING_ACQUISITION_DATE;MISSING_REGION;UNKNOWN_ASSET_TYPE,false
PP_v2al_0109,unknown,0,unknown,3,1,0,0,0,0,1,false,true,true,false,false,P3_METADATA_ONLY_OR_UNKNOWN,CLASSIFY_ASSET_TYPE_BEFORE_TEMPORAL_USE,MISSING_ACQUISITION_DATE;MISSING_REGION;UNKNOWN_ASSET_TYPE,false
PP_v2al_0110,unknown,0,unknown,3,1,0,0,0,0,1,false,true,true,false,false,P3_METADATA_ONLY_OR_UNKNOWN,CLASSIFY_ASSET_TYPE_BEFORE_TEMPORAL_USE,MISSING_ACQUISITION_DATE;MISSING_REGION;UNKNOWN_ASSET_TYPE,false
PP_v2al_0111,unknown,0,unknown,3,1,0,0,0,0,1,false,true,true,false,false,P3_METADATA_ONLY_OR_UNKNOWN,CLASSIFY_ASSET_TYPE_BEFORE_TEMPORAL_USE,MISSING_ACQUISITION_DATE;MISSING_REGION;UNKNOWN_ASSET_TYPE,false
PP_v2al_0112,unknown,0,unknown,3,1,0,0,0,0,1,false,true,true,false,false,P3_METADATA_ONLY_OR_UNKNOWN,CLASSIFY_ASSET_TYPE_BEFORE_TEMPORAL_USE,MISSING_ACQUISITION_DATE;MISSING_REGION;UNKNOWN_ASSET_TYPE,false
PP_v2al_0113,unknown,0,unknown,3,1,0,0,0,0,1,false,true,true,false,false,P3_METADATA_ONLY_OR_UNKNOWN,CLASSIFY_ASSET_TYPE_BEFORE_TEMPORAL_USE,MISSING_ACQUISITION_DATE;MISSING_REGION;UNKNOWN_ASSET_TYPE,false
PP_v2al_0114,unknown,0,unknown,3,1,0,0,0,0,1,false,true,true,false,false,P3_METADATA_ONLY_OR_UNKNOWN,CLASSIFY_ASSET_TYPE_BEFORE_TEMPORAL_USE,MISSING_ACQUISITION_DATE;MISSING_REGION;UNKNOWN_ASSET_TYPE,false
PP_v2al_0115,unknown,0,unknown,3,1,0,0,0,0,1,false,true,true,false,false,P3_METADATA_ONLY_OR_UNKNOWN,CLASSIFY_ASSET_TYPE_BEFORE_TEMPORAL_USE,MISSING_ACQUISITION_DATE;MISSING_REGION;UNKNOWN_ASSET_TYPE,false
PP_v2al_0116,unknown,0,unknown,3,1,0,0,0,0,1,false,true,true,false,false,P3_METADATA_ONLY_OR_UNKNOWN,CLASSIFY_ASSET_TYPE_BEFORE_TEMPORAL_USE,MISSING_ACQUISITION_DATE;MISSING_REGION;UNKNOWN_ASSET_TYPE,false
PP_v2al_0117,unknown,0,unknown,3,1,0,0,0,0,1,false,true,true,false,false,P3_METADATA_ONLY_OR_UNKNOWN,CLASSIFY_ASSET_TYPE_BEFORE_TEMPORAL_USE,MISSING_ACQUISITION_DATE;MISSING_REGION;UNKNOWN_ASSET_TYPE,false
PP_v2al_0118,unknown,0,unknown,3,1,0,0,0,0,1,false,true,true,false,false,P3_METADATA_ONLY_OR_UNKNOWN,CLASSIFY_ASSET_TYPE_BEFORE_TEMPORAL_USE,MISSING_ACQUISITION_DATE;MISSING_REGION;UNKNOWN_ASSET_TYPE,false
PP_v2al_0119,unknown,0,unknown,3,1,0,0,0,0,1,false,true,true,false,false,P3_METADATA_ONLY_OR_UNKNOWN,CLASSIFY_ASSET_TYPE_BEFORE_TEMPORAL_USE,MISSING_ACQUISITION_DATE;MISSING_REGION;UNKNOWN_ASSET_TYPE,false
PP_v2al_0120,unknown,0,unknown,3,1,0,0,0,0,1,false,true,true,false,false,P3_METADATA_ONLY_OR_UNKNOWN,CLASSIFY_ASSET_TYPE_BEFORE_TEMPORAL_USE,MISSING_ACQUISITION_DATE;MISSING_REGION;UNKNOWN_ASSET_TYPE,false
PP_v2al_0121,unknown,0,unknown,3,1,0,0,0,0,1,false,true,true,false,false,P3_METADATA_ONLY_OR_UNKNOWN,CLASSIFY_ASSET_TYPE_BEFORE_TEMPORAL_USE,MISSING_ACQUISITION_DATE;MISSING_REGION;UNKNOWN_ASSET_TYPE,false
PP_v2al_0122,unknown,0,unknown,3,1,0,0,0,0,1,false,true,true,false,false,P3_METADATA_ONLY_OR_UNKNOWN,CLASSIFY_ASSET_TYPE_BEFORE_TEMPORAL_USE,MISSING_ACQUISITION_DATE;MISSING_REGION;UNKNOWN_ASSET_TYPE,false
PP_v2al_0123,unknown,0,unknown,3,1,0,0,0,0,1,false,true,true,false,false,P3_METADATA_ONLY_OR_UNKNOWN,CLASSIFY_ASSET_TYPE_BEFORE_TEMPORAL_USE,MISSING_ACQUISITION_DATE;MISSING_REGION;UNKNOWN_ASSET_TYPE,false
PP_v2al_0124,unknown,0,unknown,3,1,0,0,0,0,1,false,true,true,false,false,P3_METADATA_ONLY_OR_UNKNOWN,CLASSIFY_ASSET_TYPE_BEFORE_TEMPORAL_USE,MISSING_ACQUISITION_DATE;MISSING_REGION;UNKNOWN_ASSET_TYPE,false
PP_v2al_0125,unknown,0,unknown,3,1,0,0,0,0,1,false,true,true,false,false,P3_METADATA_ONLY_OR_UNKNOWN,CLASSIFY_ASSET_TYPE_BEFORE_TEMPORAL_USE,MISSING_ACQUISITION_DATE;MISSING_REGION;UNKNOWN_ASSET_TYPE,false
PP_v2al_0126,unknown,0,unknown,3,1,0,0,0,0,1,false,true,true,false,false,P3_METADATA_ONLY_OR_UNKNOWN,CLASSIFY_ASSET_TYPE_BEFORE_TEMPORAL_USE,MISSING_ACQUISITION_DATE;MISSING_REGION;UNKNOWN_ASSET_TYPE,false
PP_v2al_0127,unknown,0,unknown,3,1,0,0,0,1,0,false,true,true,false,false,P2_HAS_ASSETS_NO_CLEAN_DATES,RECOVER_REGION_FROM_CANONICAL_PATCH_REGISTRY,MISSING_ACQUISITION_DATE;MISSING_REGION,true
PP_v2al_0128,unknown,0,unknown,3,1,0,0,0,0,1,false,true,true,false,false,P3_METADATA_ONLY_OR_UNKNOWN,CLASSIFY_ASSET_TYPE_BEFORE_TEMPORAL_USE,MISSING_ACQUISITION_DATE;MISSING_REGION;UNKNOWN_ASSET_TYPE,false
PP_v2al_0129,unknown,0,unknown,3,1,0,0,0,0,1,false,true,true,false,false,P3_METADATA_ONLY_OR_UNKNOWN,CLASSIFY_ASSET_TYPE_BEFORE_TEMPORAL_USE,MISSING_ACQUISITION_DATE;MISSING_REGION;UNKNOWN_ASSET_TYPE,false
PP_v2al_0130,unknown,0,unknown,3,1,0,0,0,0,1,false,true,true,false,false,P3_METADATA_ONLY_OR_UNKNOWN,CLASSIFY_ASSET_TYPE_BEFORE_TEMPORAL_USE,MISSING_ACQUISITION_DATE;MISSING_REGION;UNKNOWN_ASSET_TYPE,false
PP_v2al_0131,unknown,0,unknown,3,1,0,0,0,0,1,false,true,true,false,false,P3_METADATA_ONLY_OR_UNKNOWN,CLASSIFY_ASSET_TYPE_BEFORE_TEMPORAL_USE,MISSING_ACQUISITION_DATE;MISSING_REGION;UNKNOWN_ASSET_TYPE,false
PP_v2al_0132,unknown,0,unknown,3,1,0,0,0,0,1,false,true,true,false,false,P3_METADATA_ONLY_OR_UNKNOWN,CLASSIFY_ASSET_TYPE_BEFORE_TEMPORAL_USE,MISSING_ACQUISITION_DATE;MISSING_REGION;UNKNOWN_ASSET_TYPE,false
PP_v2al_0133,unknown,0,unknown,3,1,0,0,0,0,1,false,true,true,false,false,P3_METADATA_ONLY_OR_UNKNOWN,CLASSIFY_ASSET_TYPE_BEFORE_TEMPORAL_USE,MISSING_ACQUISITION_DATE;MISSING_REGION;UNKNOWN_ASSET_TYPE,false
PP_v2al_0134,unknown,0,unknown,3,1,0,0,0,0,1,false,true,true,false,false,P3_METADATA_ONLY_OR_UNKNOWN,CLASSIFY_ASSET_TYPE_BEFORE_TEMPORAL_USE,MISSING_ACQUISITION_DATE;MISSING_REGION;UNKNOWN_ASSET_TYPE,false
PP_v2al_0135,unknown,0,unknown,3,1,0,0,0,0,1,false,true,true,false,false,P3_METADATA_ONLY_OR_UNKNOWN,CLASSIFY_ASSET_TYPE_BEFORE_TEMPORAL_USE,MISSING_ACQUISITION_DATE;MISSING_REGION;UNKNOWN_ASSET_TYPE,false
PP_v2al_0136,unknown,0,unknown,3,1,0,0,0,0,1,false,true,true,false,false,P3_METADATA_ONLY_OR_UNKNOWN,CLASSIFY_ASSET_TYPE_BEFORE_TEMPORAL_USE,MISSING_ACQUISITION_DATE;MISSING_REGION;UNKNOWN_ASSET_TYPE,false
PP_v2al_0137,unknown,0,unknown,3,1,0,0,0,0,1,false,true,true,false,false,P3_METADATA_ONLY_OR_UNKNOWN,CLASSIFY_ASSET_TYPE_BEFORE_TEMPORAL_USE,MISSING_ACQUISITION_DATE;MISSING_REGION;UNKNOWN_ASSET_TYPE,false
PP_v2al_0138,unknown,0,unknown,3,1,0,0,0,0,1,false,true,true,false,false,P3_METADATA_ONLY_OR_UNKNOWN,CLASSIFY_ASSET_TYPE_BEFORE_TEMPORAL_USE,MISSING_ACQUISITION_DATE;MISSING_REGION;UNKNOWN_ASSET_TYPE,false
PP_v2al_0139,unknown,0,unknown,3,1,0,0,0,0,1,false,true,true,false,false,P3_METADATA_ONLY_OR_UNKNOWN,CLASSIFY_ASSET_TYPE_BEFORE_TEMPORAL_USE,MISSING_ACQUISITION_DATE;MISSING_REGION;UNKNOWN_ASSET_TYPE,false
PP_v2al_0140,unknown,0,unknown,3,1,0,0,0,0,1,false,true,true,false,false,P3_METADATA_ONLY_OR_UNKNOWN,CLASSIFY_ASSET_TYPE_BEFORE_TEMPORAL_USE,MISSING_ACQUISITION_DATE;MISSING_REGION;UNKNOWN_ASSET_TYPE,false
PP_v2al_0141,unknown,0,unknown,3,1,0,0,0,0,1,false,true,true,false,false,P3_METADATA_ONLY_OR_UNKNOWN,CLASSIFY_ASSET_TYPE_BEFORE_TEMPORAL_USE,MISSING_ACQUISITION_DATE;MISSING_REGION;UNKNOWN_ASSET_TYPE,false
PP_v2al_0142,unknown,0,unknown,3,1,0,0,0,0,1,false,true,true,false,false,P3_METADATA_ONLY_OR_UNKNOWN,CLASSIFY_ASSET_TYPE_BEFORE_TEMPORAL_USE,MISSING_ACQUISITION_DATE;MISSING_REGION;UNKNOWN_ASSET_TYPE,false
PP_v2al_0143,unknown,0,unknown,3,1,0,0,0,0,1,false,true,true,false,false,P3_METADATA_ONLY_OR_UNKNOWN,CLASSIFY_ASSET_TYPE_BEFORE_TEMPORAL_USE,MISSING_ACQUISITION_DATE;MISSING_REGION;UNKNOWN_ASSET_TYPE,false
PP_v2al_0144,unknown,0,unknown,3,1,0,0,0,0,1,false,true,true,false,false,P3_METADATA_ONLY_OR_UNKNOWN,CLASSIFY_ASSET_TYPE_BEFORE_TEMPORAL_USE,MISSING_ACQUISITION_DATE;MISSING_REGION;UNKNOWN_ASSET_TYPE,false
PP_v2al_0145,unknown,0,unknown,3,1,0,0,0,0,1,false,true,true,false,false,P3_METADATA_ONLY_OR_UNKNOWN,CLASSIFY_ASSET_TYPE_BEFORE_TEMPORAL_USE,MISSING_ACQUISITION_DATE;MISSING_REGION;UNKNOWN_ASSET_TYPE,false
PP_v2al_0146,unknown,0,unknown,3,1,0,0,0,0,1,false,true,true,false,false,P3_METADATA_ONLY_OR_UNKNOWN,CLASSIFY_ASSET_TYPE_BEFORE_TEMPORAL_USE,MISSING_ACQUISITION_DATE;MISSING_REGION;UNKNOWN_ASSET_TYPE,false
PP_v2al_0147,unknown,0,unknown,3,1,0,0,0,0,1,false,true,true,false,false,P3_METADATA_ONLY_OR_UNKNOWN,CLASSIFY_ASSET_TYPE_BEFORE_TEMPORAL_USE,MISSING_ACQUISITION_DATE;MISSING_REGION;UNKNOWN_ASSET_TYPE,false
PP_v2al_0148,unknown,0,unknown,3,1,0,0,0,0,1,false,true,true,false,false,P3_METADATA_ONLY_OR_UNKNOWN,CLASSIFY_ASSET_TYPE_BEFORE_TEMPORAL_USE,MISSING_ACQUISITION_DATE;MISSING_REGION;UNKNOWN_ASSET_TYPE,false
PP_v2al_0149,unknown,0,unknown,3,1,0,0,0,0,1,false,true,true,false,false,P3_METADATA_ONLY_OR_UNKNOWN,CLASSIFY_ASSET_TYPE_BEFORE_TEMPORAL_USE,MISSING_ACQUISITION_DATE;MISSING_REGION;UNKNOWN_ASSET_TYPE,false
PP_v2al_0150,unknown,0,unknown,3,1,0,0,0,0,1,false,true,true,false,false,P3_METADATA_ONLY_OR_UNKNOWN,CLASSIFY_ASSET_TYPE_BEFORE_TEMPORAL_USE,MISSING_ACQUISITION_DATE;MISSING_REGION;UNKNOWN_ASSET_TYPE,false
PP_v2al_0151,unknown,0,unknown,3,1,0,0,0,0,1,false,true,true,false,false,P3_METADATA_ONLY_OR_UNKNOWN,CLASSIFY_ASSET_TYPE_BEFORE_TEMPORAL_USE,MISSING_ACQUISITION_DATE;MISSING_REGION;UNKNOWN_ASSET_TYPE,false
PP_v2al_0152,unknown,0,unknown,3,1,0,0,0,0,1,false,true,true,false,false,P3_METADATA_ONLY_OR_UNKNOWN,CLASSIFY_ASSET_TYPE_BEFORE_TEMPORAL_USE,MISSING_ACQUISITION_DATE;MISSING_REGION;UNKNOWN_ASSET_TYPE,false
PP_v2al_0153,unknown,0,unknown,3,1,0,0,0,0,1,false,true,true,false,false,P3_METADATA_ONLY_OR_UNKNOWN,CLASSIFY_ASSET_TYPE_BEFORE_TEMPORAL_USE,MISSING_ACQUISITION_DATE;MISSING_REGION;UNKNOWN_ASSET_TYPE,false
PP_v2al_0154,unknown,0,unknown,3,1,0,0,0,0,1,false,true,true,false,false,P3_METADATA_ONLY_OR_UNKNOWN,CLASSIFY_ASSET_TYPE_BEFORE_TEMPORAL_USE,MISSING_ACQUISITION_DATE;MISSING_REGION;UNKNOWN_ASSET_TYPE,false
PP_v2al_0155,unknown,0,unknown,3,1,0,0,0,1,0,false,true,true,false,false,P2_HAS_ASSETS_NO_CLEAN_DATES,RECOVER_REGION_FROM_CANONICAL_PATCH_REGISTRY,MISSING_ACQUISITION_DATE;MISSING_REGION,true
PP_v2al_0156,unknown,0,unknown,3,1,0,0,0,0,1,false,true,true,false,false,P3_METADATA_ONLY_OR_UNKNOWN,CLASSIFY_ASSET_TYPE_BEFORE_TEMPORAL_USE,MISSING_ACQUISITION_DATE;MISSING_REGION;UNKNOWN_ASSET_TYPE,false
PP_v2al_0157,unknown,0,unknown,3,1,0,0,0,0,1,false,true,true,false,false,P3_METADATA_ONLY_OR_UNKNOWN,CLASSIFY_ASSET_TYPE_BEFORE_TEMPORAL_USE,MISSING_ACQUISITION_DATE;MISSING_REGION;UNKNOWN_ASSET_TYPE,false
PP_v2al_0158,unknown,0,unknown,3,1,0,0,0,0,1,false,true,true,false,false,P3_METADATA_ONLY_OR_UNKNOWN,CLASSIFY_ASSET_TYPE_BEFORE_TEMPORAL_USE,MISSING_ACQUISITION_DATE;MISSING_REGION;UNKNOWN_ASSET_TYPE,false
PP_v2al_0159,unknown,0,unknown,3,1,0,0,0,0,1,false,true,true,false,false,P3_METADATA_ONLY_OR_UNKNOWN,CLASSIFY_ASSET_TYPE_BEFORE_TEMPORAL_USE,MISSING_ACQUISITION_DATE;MISSING_REGION;UNKNOWN_ASSET_TYPE,false
PP_v2al_0160,unknown,0,unknown,3,1,0,0,0,0,1,false,true,true,false,false,P3_METADATA_ONLY_OR_UNKNOWN,CLASSIFY_ASSET_TYPE_BEFORE_TEMPORAL_USE,MISSING_ACQUISITION_DATE;MISSING_REGION;UNKNOWN_ASSET_TYPE,false
PP_v2al_0161,unknown,0,unknown,3,1,0,0,0,0,1,false,true,true,false,false,P3_METADATA_ONLY_OR_UNKNOWN,CLASSIFY_ASSET_TYPE_BEFORE_TEMPORAL_USE,MISSING_ACQUISITION_DATE;MISSING_REGION;UNKNOWN_ASSET_TYPE,false
PP_v2al_0162,unknown,0,unknown,3,1,0,0,0,0,1,false,true,true,false,false,P3_METADATA_ONLY_OR_UNKNOWN,CLASSIFY_ASSET_TYPE_BEFORE_TEMPORAL_USE,MISSING_ACQUISITION_DATE;MISSING_REGION;UNKNOWN_ASSET_TYPE,false
PP_v2al_0163,unknown,0,unknown,3,1,0,0,0,0,1,false,true,true,false,false,P3_METADATA_ONLY_OR_UNKNOWN,CLASSIFY_ASSET_TYPE_BEFORE_TEMPORAL_USE,MISSING_ACQUISITION_DATE;MISSING_REGION;UNKNOWN_ASSET_TYPE,false
PP_v2al_0164,unknown,0,unknown,3,1,0,0,0,0,1,false,true,true,false,false,P3_METADATA_ONLY_OR_UNKNOWN,CLASSIFY_ASSET_TYPE_BEFORE_TEMPORAL_USE,MISSING_ACQUISITION_DATE;MISSING_REGION;UNKNOWN_ASSET_TYPE,false
PP_v2al_0165,unknown,0,unknown,3,1,0,0,0,0,1,false,true,true,false,false,P3_METADATA_ONLY_OR_UNKNOWN,CLASSIFY_ASSET_TYPE_BEFORE_TEMPORAL_USE,MISSING_ACQUISITION_DATE;MISSING_REGION;UNKNOWN_ASSET_TYPE,false
PP_v2al_0166,unknown,0,unknown,3,1,0,0,0,0,1,false,true,true,false,false,P3_METADATA_ONLY_OR_UNKNOWN,CLASSIFY_ASSET_TYPE_BEFORE_TEMPORAL_USE,MISSING_ACQUISITION_DATE;MISSING_REGION;UNKNOWN_ASSET_TYPE,false
PP_v2al_0167,unknown,0,unknown,3,1,0,0,0,0,1,false,true,true,false,false,P3_METADATA_ONLY_OR_UNKNOWN,CLASSIFY_ASSET_TYPE_BEFORE_TEMPORAL_USE,MISSING_ACQUISITION_DATE;MISSING_REGION;UNKNOWN_ASSET_TYPE,false
PP_v2al_0168,unknown,0,unknown,3,1,0,0,0,0,1,false,true,true,false,false,P3_METADATA_ONLY_OR_UNKNOWN,CLASSIFY_ASSET_TYPE_BEFORE_TEMPORAL_USE,MISSING_ACQUISITION_DATE;MISSING_REGION;UNKNOWN_ASSET_TYPE,false
PP_v2al_0169,unknown,0,unknown,3,1,0,0,0,0,1,false,true,true,false,false,P3_METADATA_ONLY_OR_UNKNOWN,CLASSIFY_ASSET_TYPE_BEFORE_TEMPORAL_USE,MISSING_ACQUISITION_DATE;MISSING_REGION;UNKNOWN_ASSET_TYPE,false
PP_v2al_0170,unknown,0,unknown,3,1,0,0,0,0,1,false,true,true,false,false,P3_METADATA_ONLY_OR_UNKNOWN,CLASSIFY_ASSET_TYPE_BEFORE_TEMPORAL_USE,MISSING_ACQUISITION_DATE;MISSING_REGION;UNKNOWN_ASSET_TYPE,false
PP_v2al_0171,unknown,0,unknown,3,1,0,0,0,0,0,false,true,true,false,false,P2_HAS_ASSETS_NO_CLEAN_DATES,RECOVER_REGION_FROM_CANONICAL_PATCH_REGISTRY,MISSING_ACQUISITION_DATE;MISSING_REGION,true
PP_v2al_0172,unknown,0,unknown,3,1,0,0,0,0,1,false,true,true,false,false,P3_METADATA_ONLY_OR_UNKNOWN,CLASSIFY_ASSET_TYPE_BEFORE_TEMPORAL_USE,MISSING_ACQUISITION_DATE;MISSING_REGION;UNKNOWN_ASSET_TYPE,false
PP_v2al_0173,unknown,0,unknown,3,1,0,0,0,0,1,false,true,true,false,false,P3_METADATA_ONLY_OR_UNKNOWN,CLASSIFY_ASSET_TYPE_BEFORE_TEMPORAL_USE,MISSING_ACQUISITION_DATE;MISSING_REGION;UNKNOWN_ASSET_TYPE,false
PP_v2al_0174,unknown,0,unknown,3,1,0,0,0,0,1,false,true,true,false,false,P3_METADATA_ONLY_OR_UNKNOWN,CLASSIFY_ASSET_TYPE_BEFORE_TEMPORAL_USE,MISSING_ACQUISITION_DATE;MISSING_REGION;UNKNOWN_ASSET_TYPE,false
PP_v2al_0175,unknown,0,unknown,3,1,0,0,0,1,0,false,true,true,false,false,P2_HAS_ASSETS_NO_CLEAN_DATES,RECOVER_REGION_FROM_CANONICAL_PATCH_REGISTRY,MISSING_ACQUISITION_DATE;MISSING_REGION,true
PP_v2al_0176,unknown,0,unknown,3,1,0,0,0,0,1,false,true,true,false,false,P3_METADATA_ONLY_OR_UNKNOWN,CLASSIFY_ASSET_TYPE_BEFORE_TEMPORAL_USE,MISSING_ACQUISITION_DATE;MISSING_REGION;UNKNOWN_ASSET_TYPE,false
PP_v2al_0177,unknown,0,unknown,3,1,0,0,0,0,1,false,true,true,false,false,P3_METADATA_ONLY_OR_UNKNOWN,CLASSIFY_ASSET_TYPE_BEFORE_TEMPORAL_USE,MISSING_ACQUISITION_DATE;MISSING_REGION;UNKNOWN_ASSET_TYPE,false
PP_v2al_0178,unknown,0,unknown,3,1,0,0,0,0,1,false,true,true,false,false,P3_METADATA_ONLY_OR_UNKNOWN,CLASSIFY_ASSET_TYPE_BEFORE_TEMPORAL_USE,MISSING_ACQUISITION_DATE;MISSING_REGION;UNKNOWN_ASSET_TYPE,false
PP_v2al_0179,unknown,0,unknown,3,1,0,0,0,0,1,false,true,true,false,false,P3_METADATA_ONLY_OR_UNKNOWN,CLASSIFY_ASSET_TYPE_BEFORE_TEMPORAL_USE,MISSING_ACQUISITION_DATE;MISSING_REGION;UNKNOWN_ASSET_TYPE,false
PP_v2al_0180,unknown,0,unknown,3,1,0,0,0,0,1,false,true,true,false,false,P3_METADATA_ONLY_OR_UNKNOWN,CLASSIFY_ASSET_TYPE_BEFORE_TEMPORAL_USE,MISSING_ACQUISITION_DATE;MISSING_REGION;UNKNOWN_ASSET_TYPE,false
PP_v2al_0181,unknown,0,unknown,3,1,0,0,0,1,0,false,true,true,false,false,P2_HAS_ASSETS_NO_CLEAN_DATES,RECOVER_REGION_FROM_CANONICAL_PATCH_REGISTRY,MISSING_ACQUISITION_DATE;MISSING_REGION,true
PP_v2al_0182,unknown,0,unknown,3,1,0,0,0,1,0,false,true,true,false,false,P2_HAS_ASSETS_NO_CLEAN_DATES,RECOVER_REGION_FROM_CANONICAL_PATCH_REGISTRY,MISSING_ACQUISITION_DATE;MISSING_REGION,true
PP_v2al_0183,unknown,0,unknown,3,1,0,0,0,1,0,false,true,true,false,false,P2_HAS_ASSETS_NO_CLEAN_DATES,RECOVER_REGION_FROM_CANONICAL_PATCH_REGISTRY,MISSING_ACQUISITION_DATE;MISSING_REGION,true
PP_v2al_0184,unknown,0,unknown,3,1,0,0,0,1,0,false,true,true,false,false,P2_HAS_ASSETS_NO_CLEAN_DATES,RECOVER_REGION_FROM_CANONICAL_PATCH_REGISTRY,MISSING_ACQUISITION_DATE;MISSING_REGION,true
PP_v2al_0185,unknown,0,unknown,3,1,0,0,0,1,0,false,true,true,false,false,P2_HAS_ASSETS_NO_CLEAN_DATES,RECOVER_REGION_FROM_CANONICAL_PATCH_REGISTRY,MISSING_ACQUISITION_DATE;MISSING_REGION,true
PP_v2al_0186,unknown,0,unknown,3,1,0,0,0,1,0,false,true,true,false,false,P2_HAS_ASSETS_NO_CLEAN_DATES,RECOVER_REGION_FROM_CANONICAL_PATCH_REGISTRY,MISSING_ACQUISITION_DATE;MISSING_REGION,true
PP_v2al_0187,unknown,0,unknown,3,1,0,0,0,1,0,false,true,true,false,false,P2_HAS_ASSETS_NO_CLEAN_DATES,RECOVER_REGION_FROM_CANONICAL_PATCH_REGISTRY,MISSING_ACQUISITION_DATE;MISSING_REGION,true
PP_v2al_0188,unknown,0,unknown,3,1,0,0,0,0,1,false,true,true,false,false,P3_METADATA_ONLY_OR_UNKNOWN,CLASSIFY_ASSET_TYPE_BEFORE_TEMPORAL_USE,MISSING_ACQUISITION_DATE;MISSING_REGION;UNKNOWN_ASSET_TYPE,false
PP_v2al_0189,unknown,0,unknown,3,1,0,0,0,1,0,false,true,true,false,false,P2_HAS_ASSETS_NO_CLEAN_DATES,RECOVER_REGION_FROM_CANONICAL_PATCH_REGISTRY,MISSING_ACQUISITION_DATE;MISSING_REGION,true
PP_v2al_0190,unknown,0,unknown,3,1,0,0,0,1,0,false,true,true,false,false,P2_HAS_ASSETS_NO_CLEAN_DATES,RECOVER_REGION_FROM_CANONICAL_PATCH_REGISTRY,MISSING_ACQUISITION_DATE;MISSING_REGION,true
PP_v2al_0191,unknown,0,unknown,3,1,0,0,0,1,0,false,true,true,false,false,P2_HAS_ASSETS_NO_CLEAN_DATES,RECOVER_REGION_FROM_CANONICAL_PATCH_REGISTRY,MISSING_ACQUISITION_DATE;MISSING_REGION,true
PP_v2al_0192,unknown,0,unknown,3,1,0,0,0,1,0,false,true,true,false,false,P2_HAS_ASSETS_NO_CLEAN_DATES,RECOVER_REGION_FROM_CANONICAL_PATCH_REGISTRY,MISSING_ACQUISITION_DATE;MISSING_REGION,true
PP_v2al_0193,unknown,0,unknown,3,1,0,0,0,1,0,false,true,true,false,false,P2_HAS_ASSETS_NO_CLEAN_DATES,RECOVER_REGION_FROM_CANONICAL_PATCH_REGISTRY,MISSING_ACQUISITION_DATE;MISSING_REGION,true
PP_v2al_0194,unknown,0,unknown,3,1,0,0,0,1,0,false,true,true,false,false,P2_HAS_ASSETS_NO_CLEAN_DATES,RECOVER_REGION_FROM_CANONICAL_PATCH_REGISTRY,MISSING_ACQUISITION_DATE;MISSING_REGION,true
PP_v2al_0195,unknown,0,unknown,3,1,0,0,0,0,1,false,true,true,false,false,P3_METADATA_ONLY_OR_UNKNOWN,CLASSIFY_ASSET_TYPE_BEFORE_TEMPORAL_USE,MISSING_ACQUISITION_DATE;MISSING_REGION;UNKNOWN_ASSET_TYPE,false
PP_v2al_0196,unknown,0,unknown,3,1,0,0,0,0,1,false,true,true,false,false,P3_METADATA_ONLY_OR_UNKNOWN,CLASSIFY_ASSET_TYPE_BEFORE_TEMPORAL_USE,MISSING_ACQUISITION_DATE;MISSING_REGION;UNKNOWN_ASSET_TYPE,false
PP_v2al_0197,unknown,0,unknown,3,1,0,0,0,1,0,false,true,true,false,false,P2_HAS_ASSETS_NO_CLEAN_DATES,RECOVER_REGION_FROM_CANONICAL_PATCH_REGISTRY,MISSING_ACQUISITION_DATE;MISSING_REGION,true
PP_v2al_0198,unknown,0,unknown,3,1,0,0,0,1,0,false,true,true,false,false,P2_HAS_ASSETS_NO_CLEAN_DATES,RECOVER_REGION_FROM_CANONICAL_PATCH_REGISTRY,MISSING_ACQUISITION_DATE;MISSING_REGION,true
PP_v2al_0199,unknown,0,unknown,3,1,0,0,0,1,0,false,true,true,false,false,P2_HAS_ASSETS_NO_CLEAN_DATES,RECOVER_REGION_FROM_CANONICAL_PATCH_REGISTRY,MISSING_ACQUISITION_DATE;MISSING_REGION,true
PP_v2al_0200,unknown,0,unknown,3,1,0,0,0,0,1,false,true,true,false,false,P3_METADATA_ONLY_OR_UNKNOWN,CLASSIFY_ASSET_TYPE_BEFORE_TEMPORAL_USE,MISSING_ACQUISITION_DATE;MISSING_REGION;UNKNOWN_ASSET_TYPE,false
PP_v2al_0201,unknown,0,unknown,3,1,0,0,0,1,0,false,true,true,false,false,P2_HAS_ASSETS_NO_CLEAN_DATES,RECOVER_REGION_FROM_CANONICAL_PATCH_REGISTRY,MISSING_ACQUISITION_DATE;MISSING_REGION,true
PP_v2al_0202,unknown,0,unknown,3,1,0,0,0,1,0,false,true,true,false,false,P2_HAS_ASSETS_NO_CLEAN_DATES,RECOVER_REGION_FROM_CANONICAL_PATCH_REGISTRY,MISSING_ACQUISITION_DATE;MISSING_REGION,true
PP_v2al_0203,unknown,0,unknown,3,1,0,0,0,0,1,false,true,true,false,false,P3_METADATA_ONLY_OR_UNKNOWN,CLASSIFY_ASSET_TYPE_BEFORE_TEMPORAL_USE,MISSING_ACQUISITION_DATE;MISSING_REGION;UNKNOWN_ASSET_TYPE,false
PP_v2al_0204,unknown,0,unknown,3,1,0,0,0,1,0,false,true,true,false,false,P2_HAS_ASSETS_NO_CLEAN_DATES,RECOVER_REGION_FROM_CANONICAL_PATCH_REGISTRY,MISSING_ACQUISITION_DATE;MISSING_REGION,true
PP_v2al_0205,unknown,0,unknown,3,1,0,0,0,1,0,false,true,true,false,false,P2_HAS_ASSETS_NO_CLEAN_DATES,RECOVER_REGION_FROM_CANONICAL_PATCH_REGISTRY,MISSING_ACQUISITION_DATE;MISSING_REGION,true
PP_v2al_0206,unknown,0,unknown,3,1,0,0,0,0,0,false,true,true,false,false,P2_HAS_ASSETS_NO_CLEAN_DATES,RECOVER_REGION_FROM_CANONICAL_PATCH_REGISTRY,MISSING_ACQUISITION_DATE;MISSING_REGION,true
PP_v2al_0207,unknown,0,unknown,3,1,0,0,0,0,1,false,true,true,false,false,P3_METADATA_ONLY_OR_UNKNOWN,CLASSIFY_ASSET_TYPE_BEFORE_TEMPORAL_USE,MISSING_ACQUISITION_DATE;MISSING_REGION;UNKNOWN_ASSET_TYPE,false
PP_v2al_0208,unknown,0,unknown,3,1,0,0,0,0,1,false,true,true,false,false,P3_METADATA_ONLY_OR_UNKNOWN,CLASSIFY_ASSET_TYPE_BEFORE_TEMPORAL_USE,MISSING_ACQUISITION_DATE;MISSING_REGION;UNKNOWN_ASSET_TYPE,false
PP_v2al_0209,unknown,0,unknown,3,1,0,0,0,0,1,false,true,true,false,false,P3_METADATA_ONLY_OR_UNKNOWN,CLASSIFY_ASSET_TYPE_BEFORE_TEMPORAL_USE,MISSING_ACQUISITION_DATE;MISSING_REGION;UNKNOWN_ASSET_TYPE,false
PP_v2al_0210,unknown,0,unknown,3,1,0,0,0,0,1,false,true,true,false,false,P3_METADATA_ONLY_OR_UNKNOWN,CLASSIFY_ASSET_TYPE_BEFORE_TEMPORAL_USE,MISSING_ACQUISITION_DATE;MISSING_REGION;UNKNOWN_ASSET_TYPE,false
PP_v2al_0211,unknown,0,unknown,3,1,0,0,0,0,1,false,true,true,false,false,P3_METADATA_ONLY_OR_UNKNOWN,CLASSIFY_ASSET_TYPE_BEFORE_TEMPORAL_USE,MISSING_ACQUISITION_DATE;MISSING_REGION;UNKNOWN_ASSET_TYPE,false
PP_v2al_0212,unknown,0,unknown,3,1,0,0,0,0,1,false,true,true,false,false,P3_METADATA_ONLY_OR_UNKNOWN,CLASSIFY_ASSET_TYPE_BEFORE_TEMPORAL_USE,MISSING_ACQUISITION_DATE;MISSING_REGION;UNKNOWN_ASSET_TYPE,false
PP_v2al_0213,unknown,0,unknown,3,1,0,0,0,0,1,false,true,true,false,false,P3_METADATA_ONLY_OR_UNKNOWN,CLASSIFY_ASSET_TYPE_BEFORE_TEMPORAL_USE,MISSING_ACQUISITION_DATE;MISSING_REGION;UNKNOWN_ASSET_TYPE,false
PP_v2al_0214,unknown,0,unknown,3,1,0,0,0,0,1,false,true,true,false,false,P3_METADATA_ONLY_OR_UNKNOWN,CLASSIFY_ASSET_TYPE_BEFORE_TEMPORAL_USE,MISSING_ACQUISITION_DATE;MISSING_REGION;UNKNOWN_ASSET_TYPE,false
PP_v2al_0215,unknown,0,unknown,3,1,0,0,0,0,1,false,true,true,false,false,P3_METADATA_ONLY_OR_UNKNOWN,CLASSIFY_ASSET_TYPE_BEFORE_TEMPORAL_USE,MISSING_ACQUISITION_DATE;MISSING_REGION;UNKNOWN_ASSET_TYPE,false
PP_v2al_0216,unknown,0,unknown,3,1,0,0,0,0,1,false,true,true,false,false,P3_METADATA_ONLY_OR_UNKNOWN,CLASSIFY_ASSET_TYPE_BEFORE_TEMPORAL_USE,MISSING_ACQUISITION_DATE;MISSING_REGION;UNKNOWN_ASSET_TYPE,false
PP_v2al_0217,unknown,0,unknown,3,1,0,0,0,0,1,false,true,true,false,false,P3_METADATA_ONLY_OR_UNKNOWN,CLASSIFY_ASSET_TYPE_BEFORE_TEMPORAL_USE,MISSING_ACQUISITION_DATE;MISSING_REGION;UNKNOWN_ASSET_TYPE,false
PP_v2al_0218,unknown,0,unknown,3,1,0,0,0,0,1,false,true,true,false,false,P3_METADATA_ONLY_OR_UNKNOWN,CLASSIFY_ASSET_TYPE_BEFORE_TEMPORAL_USE,MISSING_ACQUISITION_DATE;MISSING_REGION;UNKNOWN_ASSET_TYPE,false
PP_v2al_0219,unknown,0,unknown,3,1,0,0,0,0,1,false,true,true,false,false,P3_METADATA_ONLY_OR_UNKNOWN,CLASSIFY_ASSET_TYPE_BEFORE_TEMPORAL_USE,MISSING_ACQUISITION_DATE;MISSING_REGION;UNKNOWN_ASSET_TYPE,false
PP_v2al_0220,unknown,0,unknown,3,1,0,0,0,0,1,false,true,true,false,false,P3_METADATA_ONLY_OR_UNKNOWN,CLASSIFY_ASSET_TYPE_BEFORE_TEMPORAL_USE,MISSING_ACQUISITION_DATE;MISSING_REGION;UNKNOWN_ASSET_TYPE,false
PP_v2al_0221,unknown,0,unknown,3,1,0,0,0,0,1,false,true,true,false,false,P3_METADATA_ONLY_OR_UNKNOWN,CLASSIFY_ASSET_TYPE_BEFORE_TEMPORAL_USE,MISSING_ACQUISITION_DATE;MISSING_REGION;UNKNOWN_ASSET_TYPE,false
PP_v2al_0222,unknown,0,unknown,3,1,0,0,0,0,1,false,true,true,false,false,P3_METADATA_ONLY_OR_UNKNOWN,CLASSIFY_ASSET_TYPE_BEFORE_TEMPORAL_USE,MISSING_ACQUISITION_DATE;MISSING_REGION;UNKNOWN_ASSET_TYPE,false
PP_v2al_0223,unknown,0,unknown,3,1,0,0,0,0,1,false,true,true,false,false,P3_METADATA_ONLY_OR_UNKNOWN,CLASSIFY_ASSET_TYPE_BEFORE_TEMPORAL_USE,MISSING_ACQUISITION_DATE;MISSING_REGION;UNKNOWN_ASSET_TYPE,false
PP_v2al_0224,unknown,0,unknown,3,1,0,0,0,0,1,false,true,true,false,false,P3_METADATA_ONLY_OR_UNKNOWN,CLASSIFY_ASSET_TYPE_BEFORE_TEMPORAL_USE,MISSING_ACQUISITION_DATE;MISSING_REGION;UNKNOWN_ASSET_TYPE,false
PP_v2al_0225,unknown,0,unknown,3,1,0,0,0,0,1,false,true,true,false,false,P3_METADATA_ONLY_OR_UNKNOWN,CLASSIFY_ASSET_TYPE_BEFORE_TEMPORAL_USE,MISSING_ACQUISITION_DATE;MISSING_REGION;UNKNOWN_ASSET_TYPE,false
PP_v2al_0226,unknown,0,unknown,3,1,0,0,0,0,1,false,true,true,false,false,P3_METADATA_ONLY_OR_UNKNOWN,CLASSIFY_ASSET_TYPE_BEFORE_TEMPORAL_USE,MISSING_ACQUISITION_DATE;MISSING_REGION;UNKNOWN_ASSET_TYPE,false
PP_v2al_0227,unknown,0,unknown,3,1,0,0,0,0,1,false,true,true,false,false,P3_METADATA_ONLY_OR_UNKNOWN,CLASSIFY_ASSET_TYPE_BEFORE_TEMPORAL_USE,MISSING_ACQUISITION_DATE;MISSING_REGION;UNKNOWN_ASSET_TYPE,false
PP_v2al_0228,unknown,0,unknown,3,1,0,0,0,0,1,false,true,true,false,false,P3_METADATA_ONLY_OR_UNKNOWN,CLASSIFY_ASSET_TYPE_BEFORE_TEMPORAL_USE,MISSING_ACQUISITION_DATE;MISSING_REGION;UNKNOWN_ASSET_TYPE,false
PP_v2al_0229,unknown,0,unknown,3,1,0,0,0,0,0,false,true,true,false,false,P2_HAS_ASSETS_NO_CLEAN_DATES,RECOVER_REGION_FROM_CANONICAL_PATCH_REGISTRY,MISSING_ACQUISITION_DATE;MISSING_REGION,true
PP_v2al_0230,unknown,0,unknown,3,1,0,0,0,0,1,false,true,true,false,false,P3_METADATA_ONLY_OR_UNKNOWN,CLASSIFY_ASSET_TYPE_BEFORE_TEMPORAL_USE,MISSING_ACQUISITION_DATE;MISSING_REGION;UNKNOWN_ASSET_TYPE,false
PP_v2al_0231,unknown,0,unknown,3,1,0,0,0,0,1,false,true,true,false,false,P3_METADATA_ONLY_OR_UNKNOWN,CLASSIFY_ASSET_TYPE_BEFORE_TEMPORAL_USE,MISSING_ACQUISITION_DATE;MISSING_REGION;UNKNOWN_ASSET_TYPE,false
PP_v2al_0232,unknown,0,unknown,3,1,0,0,0,0,1,false,true,true,false,false,P3_METADATA_ONLY_OR_UNKNOWN,CLASSIFY_ASSET_TYPE_BEFORE_TEMPORAL_USE,MISSING_ACQUISITION_DATE;MISSING_REGION;UNKNOWN_ASSET_TYPE,false
PP_v2al_0233,unknown,0,unknown,3,1,0,0,0,0,1,false,true,true,false,false,P3_METADATA_ONLY_OR_UNKNOWN,CLASSIFY_ASSET_TYPE_BEFORE_TEMPORAL_USE,MISSING_ACQUISITION_DATE;MISSING_REGION;UNKNOWN_ASSET_TYPE,false
PP_v2al_0234,unknown,0,unknown,3,1,0,0,0,0,0,false,true,true,false,false,P2_HAS_ASSETS_NO_CLEAN_DATES,RECOVER_REGION_FROM_CANONICAL_PATCH_REGISTRY,MISSING_ACQUISITION_DATE;MISSING_REGION,true
PP_v2al_0235,unknown,0,unknown,3,1,0,0,0,0,1,false,true,true,false,false,P3_METADATA_ONLY_OR_UNKNOWN,CLASSIFY_ASSET_TYPE_BEFORE_TEMPORAL_USE,MISSING_ACQUISITION_DATE;MISSING_REGION;UNKNOWN_ASSET_TYPE,false
PP_v2al_0236,unknown,0,unknown,3,1,0,0,0,0,0,false,true,true,false,false,P2_HAS_ASSETS_NO_CLEAN_DATES,RECOVER_REGION_FROM_CANONICAL_PATCH_REGISTRY,MISSING_ACQUISITION_DATE;MISSING_REGION,true
PP_v2al_0237,unknown,0,unknown,3,1,0,0,0,0,0,false,true,true,false,false,P2_HAS_ASSETS_NO_CLEAN_DATES,RECOVER_REGION_FROM_CANONICAL_PATCH_REGISTRY,MISSING_ACQUISITION_DATE;MISSING_REGION,true
PP_v2al_0238,unknown,0,unknown,3,1,0,0,0,0,0,false,true,true,false,false,P2_HAS_ASSETS_NO_CLEAN_DATES,RECOVER_REGION_FROM_CANONICAL_PATCH_REGISTRY,MISSING_ACQUISITION_DATE;MISSING_REGION,true
PP_v2al_0239,unknown,0,unknown,3,1,0,0,0,0,1,false,true,true,false,false,P3_METADATA_ONLY_OR_UNKNOWN,CLASSIFY_ASSET_TYPE_BEFORE_TEMPORAL_USE,MISSING_ACQUISITION_DATE;MISSING_REGION;UNKNOWN_ASSET_TYPE,false
PP_v2al_0240,unknown,0,unknown,3,1,0,0,0,0,1,false,true,true,false,false,P3_METADATA_ONLY_OR_UNKNOWN,CLASSIFY_ASSET_TYPE_BEFORE_TEMPORAL_USE,MISSING_ACQUISITION_DATE;MISSING_REGION;UNKNOWN_ASSET_TYPE,false
PP_v2al_0241,unknown,0,unknown,3,1,0,0,0,0,1,false,true,true,false,false,P3_METADATA_ONLY_OR_UNKNOWN,CLASSIFY_ASSET_TYPE_BEFORE_TEMPORAL_USE,MISSING_ACQUISITION_DATE;MISSING_REGION;UNKNOWN_ASSET_TYPE,false
PP_v2al_0242,unknown,0,unknown,3,1,0,0,0,0,1,false,true,true,false,false,P3_METADATA_ONLY_OR_UNKNOWN,CLASSIFY_ASSET_TYPE_BEFORE_TEMPORAL_USE,MISSING_ACQUISITION_DATE;MISSING_REGION;UNKNOWN_ASSET_TYPE,false
PP_v2al_0243,unknown,0,unknown,3,1,0,0,0,0,1,false,true,true,false,false,P3_METADATA_ONLY_OR_UNKNOWN,CLASSIFY_ASSET_TYPE_BEFORE_TEMPORAL_USE,MISSING_ACQUISITION_DATE;MISSING_REGION;UNKNOWN_ASSET_TYPE,false
PP_v2al_0244,unknown,0,unknown,3,1,0,0,0,0,0,false,true,true,false,false,P2_HAS_ASSETS_NO_CLEAN_DATES,RECOVER_REGION_FROM_CANONICAL_PATCH_REGISTRY,MISSING_ACQUISITION_DATE;MISSING_REGION,true
PP_v2al_0245,unknown,0,unknown,3,1,0,0,0,0,1,false,true,true,false,false,P3_METADATA_ONLY_OR_UNKNOWN,CLASSIFY_ASSET_TYPE_BEFORE_TEMPORAL_USE,MISSING_ACQUISITION_DATE;MISSING_REGION;UNKNOWN_ASSET_TYPE,false
PP_v2al_0246,unknown,0,unknown,3,1,0,0,0,0,1,false,true,true,false,false,P3_METADATA_ONLY_OR_UNKNOWN,CLASSIFY_ASSET_TYPE_BEFORE_TEMPORAL_USE,MISSING_ACQUISITION_DATE;MISSING_REGION;UNKNOWN_ASSET_TYPE,false
PP_v2al_0247,unknown,0,unknown,3,1,0,0,0,0,1,false,true,true,false,false,P3_METADATA_ONLY_OR_UNKNOWN,CLASSIFY_ASSET_TYPE_BEFORE_TEMPORAL_USE,MISSING_ACQUISITION_DATE;MISSING_REGION;UNKNOWN_ASSET_TYPE,false
PP_v2al_0248,unknown,0,unknown,3,1,0,0,0,0,1,false,true,true,false,false,P3_METADATA_ONLY_OR_UNKNOWN,CLASSIFY_ASSET_TYPE_BEFORE_TEMPORAL_USE,MISSING_ACQUISITION_DATE;MISSING_REGION;UNKNOWN_ASSET_TYPE,false
PP_v2al_0249,unknown,0,unknown,3,1,0,0,0,0,1,false,true,true,false,false,P3_METADATA_ONLY_OR_UNKNOWN,CLASSIFY_ASSET_TYPE_BEFORE_TEMPORAL_USE,MISSING_ACQUISITION_DATE;MISSING_REGION;UNKNOWN_ASSET_TYPE,false
PP_v2al_0250,unknown,0,unknown,3,1,0,0,0,0,1,false,true,true,false,false,P3_METADATA_ONLY_OR_UNKNOWN,CLASSIFY_ASSET_TYPE_BEFORE_TEMPORAL_USE,MISSING_ACQUISITION_DATE;MISSING_REGION;UNKNOWN_ASSET_TYPE,false
PP_v2al_0251,unknown,0,unknown,3,1,0,0,0,0,1,false,true,true,false,false,P3_METADATA_ONLY_OR_UNKNOWN,CLASSIFY_ASSET_TYPE_BEFORE_TEMPORAL_USE,MISSING_ACQUISITION_DATE;MISSING_REGION;UNKNOWN_ASSET_TYPE,false
PP_v2al_0252,unknown,0,unknown,3,1,0,0,0,0,1,false,true,true,false,false,P3_METADATA_ONLY_OR_UNKNOWN,CLASSIFY_ASSET_TYPE_BEFORE_TEMPORAL_USE,MISSING_ACQUISITION_DATE;MISSING_REGION;UNKNOWN_ASSET_TYPE,false
PP_v2al_0253,unknown,0,unknown,3,1,0,0,0,0,1,false,true,true,false,false,P3_METADATA_ONLY_OR_UNKNOWN,CLASSIFY_ASSET_TYPE_BEFORE_TEMPORAL_USE,MISSING_ACQUISITION_DATE;MISSING_REGION;UNKNOWN_ASSET_TYPE,false
PP_v2al_0254,unknown,0,unknown,3,1,0,0,0,0,1,false,true,true,false,false,P3_METADATA_ONLY_OR_UNKNOWN,CLASSIFY_ASSET_TYPE_BEFORE_TEMPORAL_USE,MISSING_ACQUISITION_DATE;MISSING_REGION;UNKNOWN_ASSET_TYPE,false
PP_v2al_0255,unknown,0,unknown,3,1,0,0,0,0,1,false,true,true,false,false,P3_METADATA_ONLY_OR_UNKNOWN,CLASSIFY_ASSET_TYPE_BEFORE_TEMPORAL_USE,MISSING_ACQUISITION_DATE;MISSING_REGION;UNKNOWN_ASSET_TYPE,false
PP_v2al_0256,unknown,0,unknown,3,1,0,0,0,0,1,false,true,true,false,false,P3_METADATA_ONLY_OR_UNKNOWN,CLASSIFY_ASSET_TYPE_BEFORE_TEMPORAL_USE,MISSING_ACQUISITION_DATE;MISSING_REGION;UNKNOWN_ASSET_TYPE,false
PP_v2al_0257,unknown,0,unknown,3,1,0,0,0,0,1,false,true,true,false,false,P3_METADATA_ONLY_OR_UNKNOWN,CLASSIFY_ASSET_TYPE_BEFORE_TEMPORAL_USE,MISSING_ACQUISITION_DATE;MISSING_REGION;UNKNOWN_ASSET_TYPE,false
PP_v2al_0258,unknown,0,unknown,3,1,0,0,0,0,1,false,true,true,false,false,P3_METADATA_ONLY_OR_UNKNOWN,CLASSIFY_ASSET_TYPE_BEFORE_TEMPORAL_USE,MISSING_ACQUISITION_DATE;MISSING_REGION;UNKNOWN_ASSET_TYPE,false
PP_v2al_0259,unknown,0,unknown,3,1,0,0,0,0,1,false,true,true,false,false,P3_METADATA_ONLY_OR_UNKNOWN,CLASSIFY_ASSET_TYPE_BEFORE_TEMPORAL_USE,MISSING_ACQUISITION_DATE;MISSING_REGION;UNKNOWN_ASSET_TYPE,false
PP_v2al_0260,unknown,0,unknown,3,1,0,0,0,0,1,false,true,true,false,false,P3_METADATA_ONLY_OR_UNKNOWN,CLASSIFY_ASSET_TYPE_BEFORE_TEMPORAL_USE,MISSING_ACQUISITION_DATE;MISSING_REGION;UNKNOWN_ASSET_TYPE,false
PP_v2al_0261,unknown,0,unknown,3,1,0,0,0,0,1,false,true,true,false,false,P3_METADATA_ONLY_OR_UNKNOWN,CLASSIFY_ASSET_TYPE_BEFORE_TEMPORAL_USE,MISSING_ACQUISITION_DATE;MISSING_REGION;UNKNOWN_ASSET_TYPE,false
PP_v2al_0262,unknown,0,unknown,3,1,0,0,0,0,1,false,true,true,false,false,P3_METADATA_ONLY_OR_UNKNOWN,CLASSIFY_ASSET_TYPE_BEFORE_TEMPORAL_USE,MISSING_ACQUISITION_DATE;MISSING_REGION;UNKNOWN_ASSET_TYPE,false
PP_v2al_0263,unknown,0,unknown,3,1,0,0,0,0,1,false,true,true,false,false,P3_METADATA_ONLY_OR_UNKNOWN,CLASSIFY_ASSET_TYPE_BEFORE_TEMPORAL_USE,MISSING_ACQUISITION_DATE;MISSING_REGION;UNKNOWN_ASSET_TYPE,false
PP_v2al_0264,unknown,0,unknown,3,1,0,0,0,0,1,false,true,true,false,false,P3_METADATA_ONLY_OR_UNKNOWN,CLASSIFY_ASSET_TYPE_BEFORE_TEMPORAL_USE,MISSING_ACQUISITION_DATE;MISSING_REGION;UNKNOWN_ASSET_TYPE,false
PP_v2al_0265,unknown,0,unknown,3,1,0,0,0,0,1,false,true,true,false,false,P3_METADATA_ONLY_OR_UNKNOWN,CLASSIFY_ASSET_TYPE_BEFORE_TEMPORAL_USE,MISSING_ACQUISITION_DATE;MISSING_REGION;UNKNOWN_ASSET_TYPE,false
PP_v2al_0266,unknown,0,unknown,3,1,0,0,0,0,1,false,true,true,false,false,P3_METADATA_ONLY_OR_UNKNOWN,CLASSIFY_ASSET_TYPE_BEFORE_TEMPORAL_USE,MISSING_ACQUISITION_DATE;MISSING_REGION;UNKNOWN_ASSET_TYPE,false
PP_v2al_0267,unknown,0,unknown,3,1,0,0,0,0,1,false,true,true,false,false,P3_METADATA_ONLY_OR_UNKNOWN,CLASSIFY_ASSET_TYPE_BEFORE_TEMPORAL_USE,MISSING_ACQUISITION_DATE;MISSING_REGION;UNKNOWN_ASSET_TYPE,false
PP_v2al_0268,unknown,0,unknown,3,1,0,0,0,0,1,false,true,true,false,false,P3_METADATA_ONLY_OR_UNKNOWN,CLASSIFY_ASSET_TYPE_BEFORE_TEMPORAL_USE,MISSING_ACQUISITION_DATE;MISSING_REGION;UNKNOWN_ASSET_TYPE,false
PP_v2al_0269,unknown,0,unknown,3,1,0,0,0,0,1,false,true,true,false,false,P3_METADATA_ONLY_OR_UNKNOWN,CLASSIFY_ASSET_TYPE_BEFORE_TEMPORAL_USE,MISSING_ACQUISITION_DATE;MISSING_REGION;UNKNOWN_ASSET_TYPE,false
PP_v2al_0270,unknown,0,unknown,3,1,0,0,0,0,1,false,true,true,false,false,P3_METADATA_ONLY_OR_UNKNOWN,CLASSIFY_ASSET_TYPE_BEFORE_TEMPORAL_USE,MISSING_ACQUISITION_DATE;MISSING_REGION;UNKNOWN_ASSET_TYPE,false
PP_v2al_0271,unknown,0,unknown,3,1,0,0,0,0,1,false,true,true,false,false,P3_METADATA_ONLY_OR_UNKNOWN,CLASSIFY_ASSET_TYPE_BEFORE_TEMPORAL_USE,MISSING_ACQUISITION_DATE;MISSING_REGION;UNKNOWN_ASSET_TYPE,false
PP_v2al_0272,unknown,0,unknown,3,1,0,0,0,0,1,false,true,true,false,false,P3_METADATA_ONLY_OR_UNKNOWN,CLASSIFY_ASSET_TYPE_BEFORE_TEMPORAL_USE,MISSING_ACQUISITION_DATE;MISSING_REGION;UNKNOWN_ASSET_TYPE,false
PP_v2al_0273,unknown,0,unknown,3,1,0,0,0,0,1,false,true,true,false,false,P3_METADATA_ONLY_OR_UNKNOWN,CLASSIFY_ASSET_TYPE_BEFORE_TEMPORAL_USE,MISSING_ACQUISITION_DATE;MISSING_REGION;UNKNOWN_ASSET_TYPE,false
PP_v2al_0274,unknown,0,unknown,3,1,0,0,0,0,1,false,true,true,false,false,P3_METADATA_ONLY_OR_UNKNOWN,CLASSIFY_ASSET_TYPE_BEFORE_TEMPORAL_USE,MISSING_ACQUISITION_DATE;MISSING_REGION;UNKNOWN_ASSET_TYPE,false
PP_v2al_0275,unknown,0,unknown,3,1,0,0,0,0,1,false,true,true,false,false,P3_METADATA_ONLY_OR_UNKNOWN,CLASSIFY_ASSET_TYPE_BEFORE_TEMPORAL_USE,MISSING_ACQUISITION_DATE;MISSING_REGION;UNKNOWN_ASSET_TYPE,false
PP_v2al_0276,unknown,0,unknown,3,1,0,0,0,0,1,false,true,true,false,false,P3_METADATA_ONLY_OR_UNKNOWN,CLASSIFY_ASSET_TYPE_BEFORE_TEMPORAL_USE,MISSING_ACQUISITION_DATE;MISSING_REGION;UNKNOWN_ASSET_TYPE,false
PP_v2al_0277,unknown,0,unknown,3,1,0,0,0,0,1,false,true,true,false,false,P3_METADATA_ONLY_OR_UNKNOWN,CLASSIFY_ASSET_TYPE_BEFORE_TEMPORAL_USE,MISSING_ACQUISITION_DATE;MISSING_REGION;UNKNOWN_ASSET_TYPE,false
PP_v2al_0278,unknown,0,unknown,3,1,0,0,0,0,1,false,true,true,false,false,P3_METADATA_ONLY_OR_UNKNOWN,CLASSIFY_ASSET_TYPE_BEFORE_TEMPORAL_USE,MISSING_ACQUISITION_DATE;MISSING_REGION;UNKNOWN_ASSET_TYPE,false
PP_v2al_0279,unknown,0,unknown,3,1,0,0,0,0,1,false,true,true,false,false,P3_METADATA_ONLY_OR_UNKNOWN,CLASSIFY_ASSET_TYPE_BEFORE_TEMPORAL_USE,MISSING_ACQUISITION_DATE;MISSING_REGION;UNKNOWN_ASSET_TYPE,false
PP_v2al_0280,unknown,0,unknown,3,1,0,0,0,0,1,false,true,true,false,false,P3_METADATA_ONLY_OR_UNKNOWN,CLASSIFY_ASSET_TYPE_BEFORE_TEMPORAL_USE,MISSING_ACQUISITION_DATE;MISSING_REGION;UNKNOWN_ASSET_TYPE,false
PP_v2al_0281,unknown,0,unknown,3,1,0,0,0,0,1,false,true,true,false,false,P3_METADATA_ONLY_OR_UNKNOWN,CLASSIFY_ASSET_TYPE_BEFORE_TEMPORAL_USE,MISSING_ACQUISITION_DATE;MISSING_REGION;UNKNOWN_ASSET_TYPE,false
PP_v2al_0282,unknown,0,unknown,3,1,0,0,0,0,1,false,true,true,false,false,P3_METADATA_ONLY_OR_UNKNOWN,CLASSIFY_ASSET_TYPE_BEFORE_TEMPORAL_USE,MISSING_ACQUISITION_DATE;MISSING_REGION;UNKNOWN_ASSET_TYPE,false
PP_v2al_0283,unknown,0,unknown,3,1,0,0,0,0,1,false,true,true,false,false,P3_METADATA_ONLY_OR_UNKNOWN,CLASSIFY_ASSET_TYPE_BEFORE_TEMPORAL_USE,MISSING_ACQUISITION_DATE;MISSING_REGION;UNKNOWN_ASSET_TYPE,false
PP_v2al_0284,unknown,0,unknown,3,1,0,0,0,0,1,false,true,true,false,false,P3_METADATA_ONLY_OR_UNKNOWN,CLASSIFY_ASSET_TYPE_BEFORE_TEMPORAL_USE,MISSING_ACQUISITION_DATE;MISSING_REGION;UNKNOWN_ASSET_TYPE,false
PP_v2al_0285,unknown,0,unknown,3,1,0,0,0,0,1,false,true,true,false,false,P3_METADATA_ONLY_OR_UNKNOWN,CLASSIFY_ASSET_TYPE_BEFORE_TEMPORAL_USE,MISSING_ACQUISITION_DATE;MISSING_REGION;UNKNOWN_ASSET_TYPE,false
PP_v2al_0286,unknown,0,unknown,3,1,0,0,0,0,1,false,true,true,false,false,P3_METADATA_ONLY_OR_UNKNOWN,CLASSIFY_ASSET_TYPE_BEFORE_TEMPORAL_USE,MISSING_ACQUISITION_DATE;MISSING_REGION;UNKNOWN_ASSET_TYPE,false
PP_v2al_0287,unknown,0,unknown,3,1,0,0,0,0,1,false,true,true,false,false,P3_METADATA_ONLY_OR_UNKNOWN,CLASSIFY_ASSET_TYPE_BEFORE_TEMPORAL_USE,MISSING_ACQUISITION_DATE;MISSING_REGION;UNKNOWN_ASSET_TYPE,false
PP_v2al_0288,unknown,0,unknown,3,1,0,0,0,0,1,false,true,true,false,false,P3_METADATA_ONLY_OR_UNKNOWN,CLASSIFY_ASSET_TYPE_BEFORE_TEMPORAL_USE,MISSING_ACQUISITION_DATE;MISSING_REGION;UNKNOWN_ASSET_TYPE,false
PP_v2al_0289,unknown,0,unknown,3,1,0,0,0,0,1,false,true,true,false,false,P3_METADATA_ONLY_OR_UNKNOWN,CLASSIFY_ASSET_TYPE_BEFORE_TEMPORAL_USE,MISSING_ACQUISITION_DATE;MISSING_REGION;UNKNOWN_ASSET_TYPE,false
PP_v2al_0290,unknown,0,unknown,3,1,0,0,0,0,1,false,true,true,false,false,P3_METADATA_ONLY_OR_UNKNOWN,CLASSIFY_ASSET_TYPE_BEFORE_TEMPORAL_USE,MISSING_ACQUISITION_DATE;MISSING_REGION;UNKNOWN_ASSET_TYPE,false
PP_v2al_0291,unknown,0,unknown,3,1,0,0,0,0,1,false,true,true,false,false,P3_METADATA_ONLY_OR_UNKNOWN,CLASSIFY_ASSET_TYPE_BEFORE_TEMPORAL_USE,MISSING_ACQUISITION_DATE;MISSING_REGION;UNKNOWN_ASSET_TYPE,false
PP_v2al_0292,unknown,0,unknown,3,1,0,0,0,0,1,false,true,true,false,false,P3_METADATA_ONLY_OR_UNKNOWN,CLASSIFY_ASSET_TYPE_BEFORE_TEMPORAL_USE,MISSING_ACQUISITION_DATE;MISSING_REGION;UNKNOWN_ASSET_TYPE,false
PP_v2al_0293,unknown,0,unknown,3,1,0,0,0,0,1,false,true,true,false,false,P3_METADATA_ONLY_OR_UNKNOWN,CLASSIFY_ASSET_TYPE_BEFORE_TEMPORAL_USE,MISSING_ACQUISITION_DATE;MISSING_REGION;UNKNOWN_ASSET_TYPE,false
PP_v2al_0294,unknown,0,unknown,3,1,0,0,0,0,1,false,true,true,false,false,P3_METADATA_ONLY_OR_UNKNOWN,CLASSIFY_ASSET_TYPE_BEFORE_TEMPORAL_USE,MISSING_ACQUISITION_DATE;MISSING_REGION;UNKNOWN_ASSET_TYPE,false
PP_v2al_0295,unknown,0,unknown,3,1,0,0,0,0,1,false,true,true,false,false,P3_METADATA_ONLY_OR_UNKNOWN,CLASSIFY_ASSET_TYPE_BEFORE_TEMPORAL_USE,MISSING_ACQUISITION_DATE;MISSING_REGION;UNKNOWN_ASSET_TYPE,false
PP_v2al_0296,unknown,0,unknown,3,1,0,0,0,0,1,false,true,true,false,false,P3_METADATA_ONLY_OR_UNKNOWN,CLASSIFY_ASSET_TYPE_BEFORE_TEMPORAL_USE,MISSING_ACQUISITION_DATE;MISSING_REGION;UNKNOWN_ASSET_TYPE,false
PP_v2al_0297,unknown,0,unknown,3,1,0,0,0,0,1,false,true,true,false,false,P3_METADATA_ONLY_OR_UNKNOWN,CLASSIFY_ASSET_TYPE_BEFORE_TEMPORAL_USE,MISSING_ACQUISITION_DATE;MISSING_REGION;UNKNOWN_ASSET_TYPE,false
PP_v2al_0298,unknown,0,unknown,3,1,0,0,0,0,1,false,true,true,false,false,P3_METADATA_ONLY_OR_UNKNOWN,CLASSIFY_ASSET_TYPE_BEFORE_TEMPORAL_USE,MISSING_ACQUISITION_DATE;MISSING_REGION;UNKNOWN_ASSET_TYPE,false
PP_v2al_0299,unknown,0,unknown,3,1,0,0,0,0,1,false,true,true,false,false,P3_METADATA_ONLY_OR_UNKNOWN,CLASSIFY_ASSET_TYPE_BEFORE_TEMPORAL_USE,MISSING_ACQUISITION_DATE;MISSING_REGION;UNKNOWN_ASSET_TYPE,false
PP_v2al_0300,unknown,0,unknown,3,1,0,0,0,0,1,false,true,true,false,false,P3_METADATA_ONLY_OR_UNKNOWN,CLASSIFY_ASSET_TYPE_BEFORE_TEMPORAL_USE,MISSING_ACQUISITION_DATE;MISSING_REGION;UNKNOWN_ASSET_TYPE,false
PP_v2al_0301,unknown,0,unknown,3,1,0,0,0,0,1,false,true,true,false,false,P3_METADATA_ONLY_OR_UNKNOWN,CLASSIFY_ASSET_TYPE_BEFORE_TEMPORAL_USE,MISSING_ACQUISITION_DATE;MISSING_REGION;UNKNOWN_ASSET_TYPE,false
PP_v2al_0302,unknown,0,unknown,3,1,0,0,0,0,1,false,true,true,false,false,P3_METADATA_ONLY_OR_UNKNOWN,CLASSIFY_ASSET_TYPE_BEFORE_TEMPORAL_USE,MISSING_ACQUISITION_DATE;MISSING_REGION;UNKNOWN_ASSET_TYPE,false
PP_v2al_0303,unknown,0,unknown,3,1,0,0,0,0,1,false,true,true,false,false,P3_METADATA_ONLY_OR_UNKNOWN,CLASSIFY_ASSET_TYPE_BEFORE_TEMPORAL_USE,MISSING_ACQUISITION_DATE;MISSING_REGION;UNKNOWN_ASSET_TYPE,false
PP_v2al_0304,unknown,0,unknown,3,1,0,0,0,0,1,false,true,true,false,false,P3_METADATA_ONLY_OR_UNKNOWN,CLASSIFY_ASSET_TYPE_BEFORE_TEMPORAL_USE,MISSING_ACQUISITION_DATE;MISSING_REGION;UNKNOWN_ASSET_TYPE,false
PP_v2al_0305,unknown,0,unknown,3,1,0,0,0,0,1,false,true,true,false,false,P3_METADATA_ONLY_OR_UNKNOWN,CLASSIFY_ASSET_TYPE_BEFORE_TEMPORAL_USE,MISSING_ACQUISITION_DATE;MISSING_REGION;UNKNOWN_ASSET_TYPE,false
PP_v2al_0306,unknown,0,unknown,3,1,0,0,0,0,1,false,true,true,false,false,P3_METADATA_ONLY_OR_UNKNOWN,CLASSIFY_ASSET_TYPE_BEFORE_TEMPORAL_USE,MISSING_ACQUISITION_DATE;MISSING_REGION;UNKNOWN_ASSET_TYPE,false
PP_v2al_0307,unknown,0,unknown,3,1,0,0,0,0,1,false,true,true,false,false,P3_METADATA_ONLY_OR_UNKNOWN,CLASSIFY_ASSET_TYPE_BEFORE_TEMPORAL_USE,MISSING_ACQUISITION_DATE;MISSING_REGION;UNKNOWN_ASSET_TYPE,false
PP_v2al_0308,unknown,0,unknown,3,1,0,0,0,0,1,false,true,true,false,false,P3_METADATA_ONLY_OR_UNKNOWN,CLASSIFY_ASSET_TYPE_BEFORE_TEMPORAL_USE,MISSING_ACQUISITION_DATE;MISSING_REGION;UNKNOWN_ASSET_TYPE,false
PP_v2al_0309,unknown,0,unknown,3,1,0,0,0,0,1,false,true,true,false,false,P3_METADATA_ONLY_OR_UNKNOWN,CLASSIFY_ASSET_TYPE_BEFORE_TEMPORAL_USE,MISSING_ACQUISITION_DATE;MISSING_REGION;UNKNOWN_ASSET_TYPE,false
PP_v2al_0310,unknown,0,unknown,3,1,0,0,0,0,1,false,true,true,false,false,P3_METADATA_ONLY_OR_UNKNOWN,CLASSIFY_ASSET_TYPE_BEFORE_TEMPORAL_USE,MISSING_ACQUISITION_DATE;MISSING_REGION;UNKNOWN_ASSET_TYPE,false
PP_v2al_0311,unknown,0,unknown,3,1,0,0,0,0,1,false,true,true,false,false,P3_METADATA_ONLY_OR_UNKNOWN,CLASSIFY_ASSET_TYPE_BEFORE_TEMPORAL_USE,MISSING_ACQUISITION_DATE;MISSING_REGION;UNKNOWN_ASSET_TYPE,false
PP_v2al_0312,unknown,0,unknown,3,1,0,0,0,0,1,false,true,true,false,false,P3_METADATA_ONLY_OR_UNKNOWN,CLASSIFY_ASSET_TYPE_BEFORE_TEMPORAL_USE,MISSING_ACQUISITION_DATE;MISSING_REGION;UNKNOWN_ASSET_TYPE,false
PP_v2al_0313,unknown,0,unknown,3,1,0,0,0,0,1,false,true,true,false,false,P3_METADATA_ONLY_OR_UNKNOWN,CLASSIFY_ASSET_TYPE_BEFORE_TEMPORAL_USE,MISSING_ACQUISITION_DATE;MISSING_REGION;UNKNOWN_ASSET_TYPE,false
PP_v2al_0314,unknown,0,unknown,3,1,0,0,0,0,1,false,true,true,false,false,P3_METADATA_ONLY_OR_UNKNOWN,CLASSIFY_ASSET_TYPE_BEFORE_TEMPORAL_USE,MISSING_ACQUISITION_DATE;MISSING_REGION;UNKNOWN_ASSET_TYPE,false
PP_v2al_0315,unknown,0,unknown,3,1,0,0,0,0,1,false,true,true,false,false,P3_METADATA_ONLY_OR_UNKNOWN,CLASSIFY_ASSET_TYPE_BEFORE_TEMPORAL_USE,MISSING_ACQUISITION_DATE;MISSING_REGION;UNKNOWN_ASSET_TYPE,false
PP_v2al_0316,unknown,0,unknown,3,1,0,0,0,0,1,false,true,true,false,false,P3_METADATA_ONLY_OR_UNKNOWN,CLASSIFY_ASSET_TYPE_BEFORE_TEMPORAL_USE,MISSING_ACQUISITION_DATE;MISSING_REGION;UNKNOWN_ASSET_TYPE,false
PP_v2al_0317,unknown,0,unknown,3,1,0,0,0,0,1,false,true,true,false,false,P3_METADATA_ONLY_OR_UNKNOWN,CLASSIFY_ASSET_TYPE_BEFORE_TEMPORAL_USE,MISSING_ACQUISITION_DATE;MISSING_REGION;UNKNOWN_ASSET_TYPE,false
PP_v2al_0318,unknown,0,unknown,3,1,0,0,0,0,1,false,true,true,false,false,P3_METADATA_ONLY_OR_UNKNOWN,CLASSIFY_ASSET_TYPE_BEFORE_TEMPORAL_USE,MISSING_ACQUISITION_DATE;MISSING_REGION;UNKNOWN_ASSET_TYPE,false
PP_v2al_0319,unknown,0,unknown,3,1,0,0,0,0,1,false,true,true,false,false,P3_METADATA_ONLY_OR_UNKNOWN,CLASSIFY_ASSET_TYPE_BEFORE_TEMPORAL_USE,MISSING_ACQUISITION_DATE;MISSING_REGION;UNKNOWN_ASSET_TYPE,false
PP_v2al_0320,unknown,0,unknown,3,1,0,0,0,0,1,false,true,true,false,false,P3_METADATA_ONLY_OR_UNKNOWN,CLASSIFY_ASSET_TYPE_BEFORE_TEMPORAL_USE,MISSING_ACQUISITION_DATE;MISSING_REGION;UNKNOWN_ASSET_TYPE,false
PP_v2al_0321,unknown,0,unknown,3,1,0,0,0,0,1,false,true,true,false,false,P3_METADATA_ONLY_OR_UNKNOWN,CLASSIFY_ASSET_TYPE_BEFORE_TEMPORAL_USE,MISSING_ACQUISITION_DATE;MISSING_REGION;UNKNOWN_ASSET_TYPE,false
PP_v2al_0322,unknown,0,unknown,3,1,0,0,0,0,1,false,true,true,false,false,P3_METADATA_ONLY_OR_UNKNOWN,CLASSIFY_ASSET_TYPE_BEFORE_TEMPORAL_USE,MISSING_ACQUISITION_DATE;MISSING_REGION;UNKNOWN_ASSET_TYPE,false
PP_v2al_0323,unknown,0,unknown,3,1,0,0,0,0,1,false,true,true,false,false,P3_METADATA_ONLY_OR_UNKNOWN,CLASSIFY_ASSET_TYPE_BEFORE_TEMPORAL_USE,MISSING_ACQUISITION_DATE;MISSING_REGION;UNKNOWN_ASSET_TYPE,false
PP_v2al_0324,unknown,0,unknown,3,1,0,0,0,0,1,false,true,true,false,false,P3_METADATA_ONLY_OR_UNKNOWN,CLASSIFY_ASSET_TYPE_BEFORE_TEMPORAL_USE,MISSING_ACQUISITION_DATE;MISSING_REGION;UNKNOWN_ASSET_TYPE,false
PP_v2al_0325,unknown,0,unknown,3,1,0,0,0,0,1,false,true,true,false,false,P3_METADATA_ONLY_OR_UNKNOWN,CLASSIFY_ASSET_TYPE_BEFORE_TEMPORAL_USE,MISSING_ACQUISITION_DATE;MISSING_REGION;UNKNOWN_ASSET_TYPE,false
PP_v2al_0326,unknown,0,unknown,3,1,0,0,0,0,0,false,true,true,false,false,P2_HAS_ASSETS_NO_CLEAN_DATES,RECOVER_REGION_FROM_CANONICAL_PATCH_REGISTRY,MISSING_ACQUISITION_DATE;MISSING_REGION,true
PP_v2al_0327,unknown,0,unknown,3,1,0,0,0,0,0,false,true,true,false,false,P2_HAS_ASSETS_NO_CLEAN_DATES,RECOVER_REGION_FROM_CANONICAL_PATCH_REGISTRY,MISSING_ACQUISITION_DATE;MISSING_REGION,true
PP_v2al_0328,unknown,0,unknown,3,1,0,0,0,0,1,false,true,true,false,false,P3_METADATA_ONLY_OR_UNKNOWN,CLASSIFY_ASSET_TYPE_BEFORE_TEMPORAL_USE,MISSING_ACQUISITION_DATE;MISSING_REGION;UNKNOWN_ASSET_TYPE,false
PP_v2al_0329,unknown,0,unknown,3,1,0,0,0,0,1,false,true,true,false,false,P3_METADATA_ONLY_OR_UNKNOWN,CLASSIFY_ASSET_TYPE_BEFORE_TEMPORAL_USE,MISSING_ACQUISITION_DATE;MISSING_REGION;UNKNOWN_ASSET_TYPE,false
PP_v2al_0330,unknown,0,unknown,3,1,0,0,0,0,1,false,true,true,false,false,P3_METADATA_ONLY_OR_UNKNOWN,CLASSIFY_ASSET_TYPE_BEFORE_TEMPORAL_USE,MISSING_ACQUISITION_DATE;MISSING_REGION;UNKNOWN_ASSET_TYPE,false
PP_v2al_0331,unknown,0,unknown,3,1,0,0,0,0,1,false,true,true,false,false,P3_METADATA_ONLY_OR_UNKNOWN,CLASSIFY_ASSET_TYPE_BEFORE_TEMPORAL_USE,MISSING_ACQUISITION_DATE;MISSING_REGION;UNKNOWN_ASSET_TYPE,false
PP_v2al_0332,unknown,0,unknown,3,1,0,0,0,0,0,false,true,true,false,false,P2_HAS_ASSETS_NO_CLEAN_DATES,RECOVER_REGION_FROM_CANONICAL_PATCH_REGISTRY,MISSING_ACQUISITION_DATE;MISSING_REGION,true
PP_v2al_0333,unknown,0,unknown,3,1,0,0,0,0,1,false,true,true,false,false,P3_METADATA_ONLY_OR_UNKNOWN,CLASSIFY_ASSET_TYPE_BEFORE_TEMPORAL_USE,MISSING_ACQUISITION_DATE;MISSING_REGION;UNKNOWN_ASSET_TYPE,false
PP_v2al_0334,unknown,0,unknown,3,1,0,0,0,0,1,false,true,true,false,false,P3_METADATA_ONLY_OR_UNKNOWN,CLASSIFY_ASSET_TYPE_BEFORE_TEMPORAL_USE,MISSING_ACQUISITION_DATE;MISSING_REGION;UNKNOWN_ASSET_TYPE,false
PP_v2al_0335,unknown,0,unknown,3,1,0,0,0,0,1,false,true,true,false,false,P3_METADATA_ONLY_OR_UNKNOWN,CLASSIFY_ASSET_TYPE_BEFORE_TEMPORAL_USE,MISSING_ACQUISITION_DATE;MISSING_REGION;UNKNOWN_ASSET_TYPE,false
PP_v2al_0336,unknown,0,unknown,3,1,0,0,0,0,1,false,true,true,false,false,P3_METADATA_ONLY_OR_UNKNOWN,CLASSIFY_ASSET_TYPE_BEFORE_TEMPORAL_USE,MISSING_ACQUISITION_DATE;MISSING_REGION;UNKNOWN_ASSET_TYPE,false
PP_v2al_0337,unknown,0,unknown,3,1,0,0,0,0,1,false,true,true,false,false,P3_METADATA_ONLY_OR_UNKNOWN,CLASSIFY_ASSET_TYPE_BEFORE_TEMPORAL_USE,MISSING_ACQUISITION_DATE;MISSING_REGION;UNKNOWN_ASSET_TYPE,false
PP_v2al_0338,unknown,0,unknown,3,1,0,0,0,0,1,false,true,true,false,false,P3_METADATA_ONLY_OR_UNKNOWN,CLASSIFY_ASSET_TYPE_BEFORE_TEMPORAL_USE,MISSING_ACQUISITION_DATE;MISSING_REGION;UNKNOWN_ASSET_TYPE,false
PP_v2al_0339,unknown,0,unknown,3,1,0,0,0,0,1,false,true,true,false,false,P3_METADATA_ONLY_OR_UNKNOWN,CLASSIFY_ASSET_TYPE_BEFORE_TEMPORAL_USE,MISSING_ACQUISITION_DATE;MISSING_REGION;UNKNOWN_ASSET_TYPE,false
PP_v2al_0340,unknown,0,unknown,3,1,0,0,0,0,1,false,true,true,false,false,P3_METADATA_ONLY_OR_UNKNOWN,CLASSIFY_ASSET_TYPE_BEFORE_TEMPORAL_USE,MISSING_ACQUISITION_DATE;MISSING_REGION;UNKNOWN_ASSET_TYPE,false
PP_v2al_0341,unknown,0,unknown,3,1,0,0,0,0,1,false,true,true,false,false,P3_METADATA_ONLY_OR_UNKNOWN,CLASSIFY_ASSET_TYPE_BEFORE_TEMPORAL_USE,MISSING_ACQUISITION_DATE;MISSING_REGION;UNKNOWN_ASSET_TYPE,false
PP_v2al_0342,unknown,0,unknown,3,1,0,0,0,0,1,false,true,true,false,false,P3_METADATA_ONLY_OR_UNKNOWN,CLASSIFY_ASSET_TYPE_BEFORE_TEMPORAL_USE,MISSING_ACQUISITION_DATE;MISSING_REGION;UNKNOWN_ASSET_TYPE,false
PP_v2al_0343,unknown,0,unknown,3,1,0,0,0,0,1,false,true,true,false,false,P3_METADATA_ONLY_OR_UNKNOWN,CLASSIFY_ASSET_TYPE_BEFORE_TEMPORAL_USE,MISSING_ACQUISITION_DATE;MISSING_REGION;UNKNOWN_ASSET_TYPE,false
PP_v2al_0344,unknown,0,unknown,3,1,0,0,0,0,1,false,true,true,false,false,P3_METADATA_ONLY_OR_UNKNOWN,CLASSIFY_ASSET_TYPE_BEFORE_TEMPORAL_USE,MISSING_ACQUISITION_DATE;MISSING_REGION;UNKNOWN_ASSET_TYPE,false
PP_v2al_0345,unknown,0,unknown,3,1,0,0,0,0,1,false,true,true,false,false,P3_METADATA_ONLY_OR_UNKNOWN,CLASSIFY_ASSET_TYPE_BEFORE_TEMPORAL_USE,MISSING_ACQUISITION_DATE;MISSING_REGION;UNKNOWN_ASSET_TYPE,false
PP_v2al_0346,unknown,0,unknown,3,1,0,0,0,0,1,false,true,true,false,false,P3_METADATA_ONLY_OR_UNKNOWN,CLASSIFY_ASSET_TYPE_BEFORE_TEMPORAL_USE,MISSING_ACQUISITION_DATE;MISSING_REGION;UNKNOWN_ASSET_TYPE,false
PP_v2al_0347,unknown,0,unknown,3,1,0,0,0,0,1,false,true,true,false,false,P3_METADATA_ONLY_OR_UNKNOWN,CLASSIFY_ASSET_TYPE_BEFORE_TEMPORAL_USE,MISSING_ACQUISITION_DATE;MISSING_REGION;UNKNOWN_ASSET_TYPE,false
PP_v2al_0348,unknown,0,unknown,3,1,0,0,0,0,1,false,true,true,false,false,P3_METADATA_ONLY_OR_UNKNOWN,CLASSIFY_ASSET_TYPE_BEFORE_TEMPORAL_USE,MISSING_ACQUISITION_DATE;MISSING_REGION;UNKNOWN_ASSET_TYPE,false
PP_v2al_0349,unknown,0,unknown,3,1,0,0,0,0,1,false,true,true,false,false,P3_METADATA_ONLY_OR_UNKNOWN,CLASSIFY_ASSET_TYPE_BEFORE_TEMPORAL_USE,MISSING_ACQUISITION_DATE;MISSING_REGION;UNKNOWN_ASSET_TYPE,false
REC-00019,Recife,0,unknown,3,1,0,1,0,0,0,true,true,false,false,true,P2_HAS_ASSETS_NO_CLEAN_DATES,RECOVER_S2_CLOUD_COVER_METADATA,MISSING_ACQUISITION_DATE;MISSING_NUMERIC_CLOUD_COVER_S2_ONLY,true
REC-00183,Recife,0,unknown,3,1,0,1,0,0,0,true,true,false,false,true,P2_HAS_ASSETS_NO_CLEAN_DATES,RECOVER_S2_CLOUD_COVER_METADATA,MISSING_ACQUISITION_DATE;MISSING_NUMERIC_CLOUD_COVER_S2_ONLY,true
REC-00205,Recife,0,unknown,3,1,0,0,0,1,0,false,true,false,false,false,P2_HAS_ASSETS_NO_CLEAN_DATES,RECOVER_ACQUISITION_DATE_FROM_MANIFEST_OR_FILENAME_ONLY_IF_UNAMBIGUOUS,MISSING_ACQUISITION_DATE,true
REC_00019,Recife,0,unknown,3,125,0,8,0,221,11,true,true,false,false,true,P2_HAS_ASSETS_NO_CLEAN_DATES,RECOVER_S2_CLOUD_COVER_METADATA,MISSING_ACQUISITION_DATE;MISSING_NUMERIC_CLOUD_COVER_S2_ONLY;UNKNOWN_ASSET_TYPE,true
REC_00183,Recife,0,unknown,3,109,0,8,0,78,21,true,true,false,false,true,P2_HAS_ASSETS_NO_CLEAN_DATES,RECOVER_S2_CLOUD_COVER_METADATA,MISSING_ACQUISITION_DATE;MISSING_NUMERIC_CLOUD_COVER_S2_ONLY;UNKNOWN_ASSET_TYPE,true
REC_00204,Recife,0,unknown,3,108,0,8,0,77,21,true,true,false,false,true,P2_HAS_ASSETS_NO_CLEAN_DATES,RECOVER_S2_CLOUD_COVER_METADATA,MISSING_ACQUISITION_DATE;MISSING_NUMERIC_CLOUD_COVER_S2_ONLY;UNKNOWN_ASSET_TYPE,true
REC_00205,Recife,0,unknown,3,118,0,8,0,87,21,true,true,false,false,true,P2_HAS_ASSETS_NO_CLEAN_DATES,RECOVER_S2_CLOUD_COVER_METADATA,MISSING_ACQUISITION_DATE;MISSING_NUMERIC_CLOUD_COVER_S2_ONLY;UNKNOWN_ASSET_TYPE,true
REC_00227,Recife,0,unknown,3,102,0,8,0,67,25,true,true,false,false,true,P2_HAS_ASSETS_NO_CLEAN_DATES,RECOVER_S2_CLOUD_COVER_METADATA,MISSING_ACQUISITION_DATE;MISSING_NUMERIC_CLOUD_COVER_S2_ONLY;UNKNOWN_ASSET_TYPE,true
REC_00260,Recife,0,unknown,3,97,0,8,0,61,26,true,true,false,false,true,P2_HAS_ASSETS_NO_CLEAN_DATES,RECOVER_S2_CLOUD_COVER_METADATA,MISSING_ACQUISITION_DATE;MISSING_NUMERIC_CLOUD_COVER_S2_ONLY;UNKNOWN_ASSET_TYPE,true
REC_00276,Recife,0,unknown,3,97,0,8,0,61,26,true,true,false,false,true,P2_HAS_ASSETS_NO_CLEAN_DATES,RECOVER_S2_CLOUD_COVER_METADATA,MISSING_ACQUISITION_DATE;MISSING_NUMERIC_CLOUD_COVER_S2_ONLY;UNKNOWN_ASSET_TYPE,true
REC_00279,Recife,0,unknown,3,97,0,8,0,61,26,true,true,false,false,true,P2_HAS_ASSETS_NO_CLEAN_DATES,RECOVER_S2_CLOUD_COVER_METADATA,MISSING_ACQUISITION_DATE;MISSING_NUMERIC_CLOUD_COVER_S2_ONLY;UNKNOWN_ASSET_TYPE,true
REC_00289,Recife,0,unknown,3,97,0,8,0,61,26,true,true,false,false,true,P2_HAS_ASSETS_NO_CLEAN_DATES,RECOVER_S2_CLOUD_COVER_METADATA,MISSING_ACQUISITION_DATE;MISSING_NUMERIC_CLOUD_COVER_S2_ONLY;UNKNOWN_ASSET_TYPE,true
REC_00290,Recife,0,unknown,3,92,0,8,0,56,26,true,true,false,false,true,P2_HAS_ASSETS_NO_CLEAN_DATES,RECOVER_S2_CLOUD_COVER_METADATA,MISSING_ACQUISITION_DATE;MISSING_NUMERIC_CLOUD_COVER_S2_ONLY;UNKNOWN_ASSET_TYPE,true
REC_00291,Recife,0,unknown,3,92,0,8,0,56,26,true,true,false,false,true,P2_HAS_ASSETS_NO_CLEAN_DATES,RECOVER_S2_CLOUD_COVER_METADATA,MISSING_ACQUISITION_DATE;MISSING_NUMERIC_CLOUD_COVER_S2_ONLY;UNKNOWN_ASSET_TYPE,true
REC_00292,Recife,0,unknown,3,92,0,8,0,56,26,true,true,false,false,true,P2_HAS_ASSETS_NO_CLEAN_DATES,RECOVER_S2_CLOUD_COVER_METADATA,MISSING_ACQUISITION_DATE;MISSING_NUMERIC_CLOUD_COVER_S2_ONLY;UNKNOWN_ASSET_TYPE,true
REC_00294,Recife,0,unknown,3,92,0,8,0,56,26,true,true,false,false,true,P2_HAS_ASSETS_NO_CLEAN_DATES,RECOVER_S2_CLOUD_COVER_METADATA,MISSING_ACQUISITION_DATE;MISSING_NUMERIC_CLOUD_COVER_S2_ONLY;UNKNOWN_ASSET_TYPE,true
REC_00296,Recife,0,unknown,3,92,0,8,0,56,26,true,true,false,false,true,P2_HAS_ASSETS_NO_CLEAN_DATES,RECOVER_S2_CLOUD_COVER_METADATA,MISSING_ACQUISITION_DATE;MISSING_NUMERIC_CLOUD_COVER_S2_ONLY;UNKNOWN_ASSET_TYPE,true
REC_00299,Recife,0,unknown,3,93,0,8,0,56,27,true,true,false,false,true,P2_HAS_ASSETS_NO_CLEAN_DATES,RECOVER_S2_CLOUD_COVER_METADATA,MISSING_ACQUISITION_DATE;MISSING_NUMERIC_CLOUD_COVER_S2_ONLY;UNKNOWN_ASSET_TYPE,true
REC_00302,Recife,0,unknown,3,92,0,8,0,56,26,true,true,false,false,true,P2_HAS_ASSETS_NO_CLEAN_DATES,RECOVER_S2_CLOUD_COVER_METADATA,MISSING_ACQUISITION_DATE;MISSING_NUMERIC_CLOUD_COVER_S2_ONLY;UNKNOWN_ASSET_TYPE,true
REC_00313,Recife,0,unknown,3,92,0,8,0,56,26,true,true,false,false,true,P2_HAS_ASSETS_NO_CLEAN_DATES,RECOVER_S2_CLOUD_COVER_METADATA,MISSING_ACQUISITION_DATE;MISSING_NUMERIC_CLOUD_COVER_S2_ONLY;UNKNOWN_ASSET_TYPE,true
REC_00314,Recife,0,unknown,3,92,0,8,0,56,26,true,true,false,false,true,P2_HAS_ASSETS_NO_CLEAN_DATES,RECOVER_S2_CLOUD_COVER_METADATA,MISSING_ACQUISITION_DATE;MISSING_NUMERIC_CLOUD_COVER_S2_ONLY;UNKNOWN_ASSET_TYPE,true
REC_00354,Recife,0,unknown,3,92,0,8,0,56,26,true,true,false,false,true,P2_HAS_ASSETS_NO_CLEAN_DATES,RECOVER_S2_CLOUD_COVER_METADATA,MISSING_ACQUISITION_DATE;MISSING_NUMERIC_CLOUD_COVER_S2_ONLY;UNKNOWN_ASSET_TYPE,true
REC_00355,Recife,0,unknown,3,92,0,8,0,56,26,true,true,false,false,true,P2_HAS_ASSETS_NO_CLEAN_DATES,RECOVER_S2_CLOUD_COVER_METADATA,MISSING_ACQUISITION_DATE;MISSING_NUMERIC_CLOUD_COVER_S2_ONLY;UNKNOWN_ASSET_TYPE,true
REC_00364,Recife,0,unknown,3,92,0,8,0,56,26,true,true,false,false,true,P2_HAS_ASSETS_NO_CLEAN_DATES,RECOVER_S2_CLOUD_COVER_METADATA,MISSING_ACQUISITION_DATE;MISSING_NUMERIC_CLOUD_COVER_S2_ONLY;UNKNOWN_ASSET_TYPE,true
REC_00388,Recife,0,unknown,3,92,0,8,0,56,26,true,true,false,false,true,P2_HAS_ASSETS_NO_CLEAN_DATES,RECOVER_S2_CLOUD_COVER_METADATA,MISSING_ACQUISITION_DATE;MISSING_NUMERIC_CLOUD_COVER_S2_ONLY;UNKNOWN_ASSET_TYPE,true
REC_00458,Recife,0,unknown,3,92,0,8,0,56,26,true,true,false,false,true,P2_HAS_ASSETS_NO_CLEAN_DATES,RECOVER_S2_CLOUD_COVER_METADATA,MISSING_ACQUISITION_DATE;MISSING_NUMERIC_CLOUD_COVER_S2_ONLY;UNKNOWN_ASSET_TYPE,true
REC_00460,Recife,0,unknown,3,92,0,8,0,56,26,true,true,false,false,true,P2_HAS_ASSETS_NO_CLEAN_DATES,RECOVER_S2_CLOUD_COVER_METADATA,MISSING_ACQUISITION_DATE;MISSING_NUMERIC_CLOUD_COVER_S2_ONLY;UNKNOWN_ASSET_TYPE,true
REC_00481,Recife,0,unknown,3,92,0,8,0,56,26,true,true,false,false,true,P2_HAS_ASSETS_NO_CLEAN_DATES,RECOVER_S2_CLOUD_COVER_METADATA,MISSING_ACQUISITION_DATE;MISSING_NUMERIC_CLOUD_COVER_S2_ONLY;UNKNOWN_ASSET_TYPE,true
REC_00482,Recife,0,unknown,3,92,0,8,0,56,26,true,true,false,false,true,P2_HAS_ASSETS_NO_CLEAN_DATES,RECOVER_S2_CLOUD_COVER_METADATA,MISSING_ACQUISITION_DATE;MISSING_NUMERIC_CLOUD_COVER_S2_ONLY;UNKNOWN_ASSET_TYPE,true
REC_00483,Recife,0,unknown,3,92,0,8,0,56,26,true,true,false,false,true,P2_HAS_ASSETS_NO_CLEAN_DATES,RECOVER_S2_CLOUD_COVER_METADATA,MISSING_ACQUISITION_DATE;MISSING_NUMERIC_CLOUD_COVER_S2_ONLY;UNKNOWN_ASSET_TYPE,true
REC_00501,Recife,0,unknown,3,92,0,8,0,56,26,true,true,false,false,true,P2_HAS_ASSETS_NO_CLEAN_DATES,RECOVER_S2_CLOUD_COVER_METADATA,MISSING_ACQUISITION_DATE;MISSING_NUMERIC_CLOUD_COVER_S2_ONLY;UNKNOWN_ASSET_TYPE,true
REC_00502,Recife,0,unknown,3,92,0,8,0,56,26,true,true,false,false,true,P2_HAS_ASSETS_NO_CLEAN_DATES,RECOVER_S2_CLOUD_COVER_METADATA,MISSING_ACQUISITION_DATE;MISSING_NUMERIC_CLOUD_COVER_S2_ONLY;UNKNOWN_ASSET_TYPE,true
REC_00503,Recife,0,unknown,3,92,0,8,0,56,26,true,true,false,false,true,P2_HAS_ASSETS_NO_CLEAN_DATES,RECOVER_S2_CLOUD_COVER_METADATA,MISSING_ACQUISITION_DATE;MISSING_NUMERIC_CLOUD_COVER_S2_ONLY;UNKNOWN_ASSET_TYPE,true
REC_00505,Recife,0,unknown,3,92,0,8,0,56,26,true,true,false,false,true,P2_HAS_ASSETS_NO_CLEAN_DATES,RECOVER_S2_CLOUD_COVER_METADATA,MISSING_ACQUISITION_DATE;MISSING_NUMERIC_CLOUD_COVER_S2_ONLY;UNKNOWN_ASSET_TYPE,true
REC_00506,Recife,0,unknown,3,92,0,8,0,56,26,true,true,false,false,true,P2_HAS_ASSETS_NO_CLEAN_DATES,RECOVER_S2_CLOUD_COVER_METADATA,MISSING_ACQUISITION_DATE;MISSING_NUMERIC_CLOUD_COVER_S2_ONLY;UNKNOWN_ASSET_TYPE,true
REC_00525,Recife,0,unknown,3,92,0,8,0,56,26,true,true,false,false,true,P2_HAS_ASSETS_NO_CLEAN_DATES,RECOVER_S2_CLOUD_COVER_METADATA,MISSING_ACQUISITION_DATE;MISSING_NUMERIC_CLOUD_COVER_S2_ONLY;UNKNOWN_ASSET_TYPE,true
REC_00526,Recife,0,unknown,3,92,0,8,0,56,26,true,true,false,false,true,P2_HAS_ASSETS_NO_CLEAN_DATES,RECOVER_S2_CLOUD_COVER_METADATA,MISSING_ACQUISITION_DATE;MISSING_NUMERIC_CLOUD_COVER_S2_ONLY;UNKNOWN_ASSET_TYPE,true
REC_00529,Recife,0,unknown,3,92,0,8,0,56,26,true,true,false,false,true,P2_HAS_ASSETS_NO_CLEAN_DATES,RECOVER_S2_CLOUD_COVER_METADATA,MISSING_ACQUISITION_DATE;MISSING_NUMERIC_CLOUD_COVER_S2_ONLY;UNKNOWN_ASSET_TYPE,true
REC_00548,Recife,0,unknown,3,92,0,8,0,56,26,true,true,false,false,true,P2_HAS_ASSETS_NO_CLEAN_DATES,RECOVER_S2_CLOUD_COVER_METADATA,MISSING_ACQUISITION_DATE;MISSING_NUMERIC_CLOUD_COVER_S2_ONLY;UNKNOWN_ASSET_TYPE,true
REC_00550,Recife,0,unknown,3,92,0,8,0,56,26,true,true,false,false,true,P2_HAS_ASSETS_NO_CLEAN_DATES,RECOVER_S2_CLOUD_COVER_METADATA,MISSING_ACQUISITION_DATE;MISSING_NUMERIC_CLOUD_COVER_S2_ONLY;UNKNOWN_ASSET_TYPE,true
REC_01,Recife,0,unknown,3,53,0,0,0,47,2,false,true,false,false,false,P2_HAS_ASSETS_NO_CLEAN_DATES,RECOVER_ACQUISITION_DATE_FROM_MANIFEST_OR_FILENAME_ONLY_IF_UNAMBIGUOUS,MISSING_ACQUISITION_DATE;UNKNOWN_ASSET_TYPE,true
REC_02,Recife,0,unknown,3,47,0,0,0,19,24,false,true,false,false,false,P2_HAS_ASSETS_NO_CLEAN_DATES,RECOVER_ACQUISITION_DATE_FROM_MANIFEST_OR_FILENAME_ONLY_IF_UNAMBIGUOUS,MISSING_ACQUISITION_DATE;UNKNOWN_ASSET_TYPE,true
REC_03,Recife,0,unknown,3,47,0,0,0,19,24,false,true,false,false,false,P2_HAS_ASSETS_NO_CLEAN_DATES,RECOVER_ACQUISITION_DATE_FROM_MANIFEST_OR_FILENAME_ONLY_IF_UNAMBIGUOUS,MISSING_ACQUISITION_DATE;UNKNOWN_ASSET_TYPE,true
REC_04,Recife,0,unknown,3,47,0,0,0,19,24,false,true,false,false,false,P2_HAS_ASSETS_NO_CLEAN_DATES,RECOVER_ACQUISITION_DATE_FROM_MANIFEST_OR_FILENAME_ONLY_IF_UNAMBIGUOUS,MISSING_ACQUISITION_DATE;UNKNOWN_ASSET_TYPE,true
REC_05,Recife,0,unknown,3,52,0,0,0,40,8,false,true,false,false,false,P2_HAS_ASSETS_NO_CLEAN_DATES,RECOVER_ACQUISITION_DATE_FROM_MANIFEST_OR_FILENAME_ONLY_IF_UNAMBIGUOUS,MISSING_ACQUISITION_DATE;UNKNOWN_ASSET_TYPE,true
REC_06,Recife,0,unknown,3,47,0,0,0,19,24,false,true,false,false,false,P2_HAS_ASSETS_NO_CLEAN_DATES,RECOVER_ACQUISITION_DATE_FROM_MANIFEST_OR_FILENAME_ONLY_IF_UNAMBIGUOUS,MISSING_ACQUISITION_DATE;UNKNOWN_ASSET_TYPE,true
REC_07,Recife,0,unknown,3,47,0,0,0,19,24,false,true,false,false,false,P2_HAS_ASSETS_NO_CLEAN_DATES,RECOVER_ACQUISITION_DATE_FROM_MANIFEST_OR_FILENAME_ONLY_IF_UNAMBIGUOUS,MISSING_ACQUISITION_DATE;UNKNOWN_ASSET_TYPE,true
REC_08,Recife,0,unknown,3,47,0,0,0,19,24,false,true,false,false,false,P2_HAS_ASSETS_NO_CLEAN_DATES,RECOVER_ACQUISITION_DATE_FROM_MANIFEST_OR_FILENAME_ONLY_IF_UNAMBIGUOUS,MISSING_ACQUISITION_DATE;UNKNOWN_ASSET_TYPE,true
REC_09,Recife,0,unknown,3,47,0,0,0,19,24,false,true,false,false,false,P2_HAS_ASSETS_NO_CLEAN_DATES,RECOVER_ACQUISITION_DATE_FROM_MANIFEST_OR_FILENAME_ONLY_IF_UNAMBIGUOUS,MISSING_ACQUISITION_DATE;UNKNOWN_ASSET_TYPE,true
REC_10,Recife,0,unknown,3,47,0,0,0,19,24,false,true,false,false,false,P2_HAS_ASSETS_NO_CLEAN_DATES,RECOVER_ACQUISITION_DATE_FROM_MANIFEST_OR_FILENAME_ONLY_IF_UNAMBIGUOUS,MISSING_ACQUISITION_DATE;UNKNOWN_ASSET_TYPE,true
REC_11,Recife,0,unknown,3,47,0,0,0,19,24,false,true,false,false,false,P2_HAS_ASSETS_NO_CLEAN_DATES,RECOVER_ACQUISITION_DATE_FROM_MANIFEST_OR_FILENAME_ONLY_IF_UNAMBIGUOUS,MISSING_ACQUISITION_DATE;UNKNOWN_ASSET_TYPE,true
REC_12,Recife,0,unknown,3,47,0,0,0,19,24,false,true,false,false,false,P2_HAS_ASSETS_NO_CLEAN_DATES,RECOVER_ACQUISITION_DATE_FROM_MANIFEST_OR_FILENAME_ONLY_IF_UNAMBIGUOUS,MISSING_ACQUISITION_DATE;UNKNOWN_ASSET_TYPE,true
REC_13,Recife,0,unknown,3,47,0,0,0,19,24,false,true,false,false,false,P2_HAS_ASSETS_NO_CLEAN_DATES,RECOVER_ACQUISITION_DATE_FROM_MANIFEST_OR_FILENAME_ONLY_IF_UNAMBIGUOUS,MISSING_ACQUISITION_DATE;UNKNOWN_ASSET_TYPE,true
REC_14,Recife,0,unknown,3,47,0,0,0,19,24,false,true,false,false,false,P2_HAS_ASSETS_NO_CLEAN_DATES,RECOVER_ACQUISITION_DATE_FROM_MANIFEST_OR_FILENAME_ONLY_IF_UNAMBIGUOUS,MISSING_ACQUISITION_DATE;UNKNOWN_ASSET_TYPE,true
REC_15,Recife,0,unknown,3,47,0,0,0,19,24,false,true,false,false,false,P2_HAS_ASSETS_NO_CLEAN_DATES,RECOVER_ACQUISITION_DATE_FROM_MANIFEST_OR_FILENAME_ONLY_IF_UNAMBIGUOUS,MISSING_ACQUISITION_DATE;UNKNOWN_ASSET_TYPE,true
REC_16,Recife,0,unknown,3,47,0,0,0,19,24,false,true,false,false,false,P2_HAS_ASSETS_NO_CLEAN_DATES,RECOVER_ACQUISITION_DATE_FROM_MANIFEST_OR_FILENAME_ONLY_IF_UNAMBIGUOUS,MISSING_ACQUISITION_DATE;UNKNOWN_ASSET_TYPE,true
REC_17,Recife,0,unknown,3,47,0,0,0,19,24,false,true,false,false,false,P2_HAS_ASSETS_NO_CLEAN_DATES,RECOVER_ACQUISITION_DATE_FROM_MANIFEST_OR_FILENAME_ONLY_IF_UNAMBIGUOUS,MISSING_ACQUISITION_DATE;UNKNOWN_ASSET_TYPE,true
REC_18,Recife,0,unknown,3,47,0,0,0,19,24,false,true,false,false,false,P2_HAS_ASSETS_NO_CLEAN_DATES,RECOVER_ACQUISITION_DATE_FROM_MANIFEST_OR_FILENAME_ONLY_IF_UNAMBIGUOUS,MISSING_ACQUISITION_DATE;UNKNOWN_ASSET_TYPE,true
REC_2022_05_24_30,Recife;Recife;desconhecido;Unspecified,1,2022-05-24,2,8,3,0,0,1,7,false,true,false,false,false,P1_PARTIAL_TEMPORAL,ADD_TEMPORAL_ACQUISITION_CANDIDATE,MISSING_ACQUISITION_DATE;UNKNOWN_ASSET_TYPE,true
REC_2023_02_05_06,unknown,0,unknown,3,3,0,0,0,1,2,false,true,true,false,false,P2_HAS_ASSETS_NO_CLEAN_DATES,RECOVER_REGION_FROM_CANONICAL_PATCH_REGISTRY,MISSING_ACQUISITION_DATE;MISSING_REGION;UNKNOWN_ASSET_TYPE,true
REC_2024_06_14_16,unknown,0,unknown,3,3,0,0,0,1,2,false,true,true,false,false,P2_HAS_ASSETS_NO_CLEAN_DATES,RECOVER_REGION_FROM_CANONICAL_PATCH_REGISTRY,MISSING_ACQUISITION_DATE;MISSING_REGION;UNKNOWN_ASSET_TYPE,true
REC_P001,Recife,0,unknown,3,1,0,0,0,2,0,false,true,false,false,false,P2_HAS_ASSETS_NO_CLEAN_DATES,RECOVER_ACQUISITION_DATE_FROM_MANIFEST_OR_FILENAME_ONLY_IF_UNAMBIGUOUS,MISSING_ACQUISITION_DATE,true
REC_P002,Recife,0,unknown,3,1,0,0,0,2,0,false,true,false,false,false,P2_HAS_ASSETS_NO_CLEAN_DATES,RECOVER_ACQUISITION_DATE_FROM_MANIFEST_OR_FILENAME_ONLY_IF_UNAMBIGUOUS,MISSING_ACQUISITION_DATE,true
REC_P003,Recife,0,unknown,3,1,0,0,0,2,0,false,true,false,false,false,P2_HAS_ASSETS_NO_CLEAN_DATES,RECOVER_ACQUISITION_DATE_FROM_MANIFEST_OR_FILENAME_ONLY_IF_UNAMBIGUOUS,MISSING_ACQUISITION_DATE,true
REC_P004,Recife,0,unknown,3,1,0,0,0,2,0,false,true,false,false,false,P2_HAS_ASSETS_NO_CLEAN_DATES,RECOVER_ACQUISITION_DATE_FROM_MANIFEST_OR_FILENAME_ONLY_IF_UNAMBIGUOUS,MISSING_ACQUISITION_DATE,true
REC_PATCH,Recife,1,2022-05-26,2,4,2,0,0,0,4,false,true,false,false,false,P1_PARTIAL_TEMPORAL,CLASSIFY_ASSET_TYPE_BEFORE_TEMPORAL_USE,MISSING_ACQUISITION_DATE;UNKNOWN_ASSET_TYPE,true
REC_PATCH_A,Recife;Recife;desconhecido;Unspecified,2,2022-05-25;2022-05-29,1,7,4,0,0,0,7,false,true,false,false,false,P0_NEAR_READY,CLASSIFY_ASSET_TYPE_BEFORE_TEMPORAL_USE,MISSING_ACQUISITION_DATE;UNKNOWN_ASSET_TYPE,true
REC_PATCH_WITH_DATE,Recife,1,2022-05-25,2,8,3,0,0,0,8,false,true,false,false,false,P1_PARTIAL_TEMPORAL,CLASSIFY_ASSET_TYPE_BEFORE_TEMPORAL_USE,MISSING_ACQUISITION_DATE;UNKNOWN_ASSET_TYPE,true
REFPATCH_ANCHOR_PET2022_CPRM_ANEXOII_19022022_POST_EVENT_OR_SURVEY_WINDOW_V1JA,Petropolis;Petrópolis,1,2022-03-04,2,6,4,0,0,2,4,false,true,false,false,false,P1_PARTIAL_TEMPORAL,ADD_TEMPORAL_ACQUISITION_CANDIDATE,MISSING_ACQUISITION_DATE;UNKNOWN_ASSET_TYPE,true
REFPATCH_ANCHOR_PET2022_CPRM_ANEXOII_19022022_PRE_EVENT_V1JA,Petropolis;Petrópolis,1,2022-01-18,2,6,4,0,0,2,4,false,true,false,false,false,P1_PARTIAL_TEMPORAL,ADD_TEMPORAL_ACQUISITION_CANDIDATE,MISSING_ACQUISITION_DATE;UNKNOWN_ASSET_TYPE,true
REFPATCH_PET2022_CPRM_MOINHO_PRETO_S2_V1IX_POST_EVENT_SURVEY,Petropolis;Petrópolis;desconhecido;Unspecified,1,2022-03-04,2,15,10,4,0,0,1,true,true,false,false,true,P1_PARTIAL_TEMPORAL,RECOVER_S2_CLOUD_COVER_METADATA,MISSING_ACQUISITION_DATE;MISSING_NUMERIC_CLOUD_COVER_S2_ONLY;UNKNOWN_ASSET_TYPE,true
REFPATCH_PET2022_CPRM_MOINHO_PRETO_S2_V1IX_PRE_EVENT,Petropolis;Petrópolis;desconhecido;Unspecified,1,2022-02-02,2,13,10,4,0,0,6,true,true,false,false,true,P1_PARTIAL_TEMPORAL,RECOVER_S2_CLOUD_COVER_METADATA,MISSING_ACQUISITION_DATE;MISSING_NUMERIC_CLOUD_COVER_S2_ONLY;UNKNOWN_ASSET_TYPE,true
SYNTHETIC_PATCH_001,Example,0,unknown,3,3,0,0,0,0,3,false,true,false,false,false,P3_METADATA_ONLY_OR_UNKNOWN,CLASSIFY_ASSET_TYPE_BEFORE_TEMPORAL_USE,MISSING_ACQUISITION_DATE;UNKNOWN_ASSET_TYPE,false
TINEL_00001,unknown,0,unknown,3,1,0,0,0,2,0,false,true,true,false,false,P2_HAS_ASSETS_NO_CLEAN_DATES,RECOVER_REGION_FROM_CANONICAL_PATCH_REGISTRY,MISSING_ACQUISITION_DATE;MISSING_REGION,true
TINEL_00002,unknown,0,unknown,3,1,0,0,0,2,0,false,true,true,false,false,P2_HAS_ASSETS_NO_CLEAN_DATES,RECOVER_REGION_FROM_CANONICAL_PATCH_REGISTRY,MISSING_ACQUISITION_DATE;MISSING_REGION,true
TINEL_00003,unknown,0,unknown,3,1,0,0,0,2,0,false,true,true,false,false,P2_HAS_ASSETS_NO_CLEAN_DATES,RECOVER_REGION_FROM_CANONICAL_PATCH_REGISTRY,MISSING_ACQUISITION_DATE;MISSING_REGION,true
TINEL_00004,unknown,0,unknown,3,1,0,0,0,2,0,false,true,true,false,false,P2_HAS_ASSETS_NO_CLEAN_DATES,RECOVER_REGION_FROM_CANONICAL_PATCH_REGISTRY,MISSING_ACQUISITION_DATE;MISSING_REGION,true
TINEL_00044,unknown,0,unknown,3,1,0,0,0,2,0,false,true,true,false,false,P2_HAS_ASSETS_NO_CLEAN_DATES,RECOVER_REGION_FROM_CANONICAL_PATCH_REGISTRY,MISSING_ACQUISITION_DATE;MISSING_REGION,true
TINEL_00045,unknown,0,unknown,3,1,0,0,0,2,0,false,true,true,false,false,P2_HAS_ASSETS_NO_CLEAN_DATES,RECOVER_REGION_FROM_CANONICAL_PATCH_REGISTRY,MISSING_ACQUISITION_DATE;MISSING_REGION,true
TINEL_00046,unknown,0,unknown,3,1,0,0,0,2,0,false,true,true,false,false,P2_HAS_ASSETS_NO_CLEAN_DATES,RECOVER_REGION_FROM_CANONICAL_PATCH_REGISTRY,MISSING_ACQUISITION_DATE;MISSING_REGION,true
TINEL_00047,unknown,0,unknown,3,1,0,0,0,2,0,false,true,true,false,false,P2_HAS_ASSETS_NO_CLEAN_DATES,RECOVER_REGION_FROM_CANONICAL_PATCH_REGISTRY,MISSING_ACQUISITION_DATE;MISSING_REGION,true
TINEL_00092,unknown,0,unknown,3,1,0,0,0,2,0,false,true,true,false,false,P2_HAS_ASSETS_NO_CLEAN_DATES,RECOVER_REGION_FROM_CANONICAL_PATCH_REGISTRY,MISSING_ACQUISITION_DATE;MISSING_REGION,true
TINEL_00093,unknown,0,unknown,3,1,0,0,0,2,0,false,true,true,false,false,P2_HAS_ASSETS_NO_CLEAN_DATES,RECOVER_REGION_FROM_CANONICAL_PATCH_REGISTRY,MISSING_ACQUISITION_DATE;MISSING_REGION,true
TINEL_00094,unknown,0,unknown,3,1,0,0,0,2,0,false,true,true,false,false,P2_HAS_ASSETS_NO_CLEAN_DATES,RECOVER_REGION_FROM_CANONICAL_PATCH_REGISTRY,MISSING_ACQUISITION_DATE;MISSING_REGION,true
TINEL_00095,unknown,0,unknown,3,1,0,0,0,2,0,false,true,true,false,false,P2_HAS_ASSETS_NO_CLEAN_DATES,RECOVER_REGION_FROM_CANONICAL_PATCH_REGISTRY,MISSING_ACQUISITION_DATE;MISSING_REGION,true
UNKNOWN_PATCH,Curitiba;Petropolis;Recife,0,unknown,3,7,0,0,0,74,0,false,true,false,false,false,P2_HAS_ASSETS_NO_CLEAN_DATES,RECOVER_ACQUISITION_DATE_FROM_MANIFEST_OR_FILENAME_ONLY_IF_UNAMBIGUOUS,MISSING_ACQUISITION_DATE,true
asset_id,multiple_or_none,0,unknown,3,20,0,0,0,0,18,false,true,false,false,false,P2_HAS_ASSETS_NO_CLEAN_DATES,RECOVER_ACQUISITION_DATE_FROM_MANIFEST_OR_FILENAME_ONLY_IF_UNAMBIGUOUS,MISSING_ACQUISITION_DATE;UNKNOWN_ASSET_TYPE,true
curitiba_00249__sentinel__B3B8B11__10m__v1,Curitiba,0,unknown,3,1,0,1,0,0,0,true,true,false,false,true,P2_HAS_ASSETS_NO_CLEAN_DATES,RECOVER_S2_CLOUD_COVER_METADATA,MISSING_ACQUISITION_DATE;MISSING_NUMERIC_CLOUD_COVER_S2_ONLY,true
curitiba_00350__sentinel__B3B8B11__10m__v1,Curitiba,0,unknown,3,1,0,1,0,0,0,true,true,false,false,true,P2_HAS_ASSETS_NO_CLEAN_DATES,RECOVER_S2_CLOUD_COVER_METADATA,MISSING_ACQUISITION_DATE;MISSING_NUMERIC_CLOUD_COVER_S2_ONLY,true
curitiba_00357__sentinel__B3B8B11__10m__v1,Curitiba,0,unknown,3,1,0,1,0,0,0,true,true,false,false,true,P2_HAS_ASSETS_NO_CLEAN_DATES,RECOVER_S2_CLOUD_COVER_METADATA,MISSING_ACQUISITION_DATE;MISSING_NUMERIC_CLOUD_COVER_S2_ONLY,true
curitiba_00367__sentinel__B3B8B11__10m__v1,Curitiba,0,unknown,3,1,0,1,0,0,0,true,true,false,false,true,P2_HAS_ASSETS_NO_CLEAN_DATES,RECOVER_S2_CLOUD_COVER_METADATA,MISSING_ACQUISITION_DATE;MISSING_NUMERIC_CLOUD_COVER_S2_ONLY,true
curitiba_00402__sentinel__B3B8B11__10m__v1,Curitiba,0,unknown,3,1,0,1,0,0,0,true,true,false,false,true,P2_HAS_ASSETS_NO_CLEAN_DATES,RECOVER_S2_CLOUD_COVER_METADATA,MISSING_ACQUISITION_DATE;MISSING_NUMERIC_CLOUD_COVER_S2_ONLY,true
curitiba_00409__sentinel__B3B8B11__10m__v1,Curitiba,0,unknown,3,1,0,1,0,0,0,true,true,false,false,true,P2_HAS_ASSETS_NO_CLEAN_DATES,RECOVER_S2_CLOUD_COVER_METADATA,MISSING_ACQUISITION_DATE;MISSING_NUMERIC_CLOUD_COVER_S2_ONLY,true
curitiba_00410__sentinel__B3B8B11__10m__v1,Curitiba,0,unknown,3,1,0,1,0,0,0,true,true,false,false,true,P2_HAS_ASSETS_NO_CLEAN_DATES,RECOVER_S2_CLOUD_COVER_METADATA,MISSING_ACQUISITION_DATE;MISSING_NUMERIC_CLOUD_COVER_S2_ONLY,true
curitiba_00413__sentinel__B3B8B11__10m__v1,Curitiba,0,unknown,3,1,0,1,0,0,0,true,true,false,false,true,P2_HAS_ASSETS_NO_CLEAN_DATES,RECOVER_S2_CLOUD_COVER_METADATA,MISSING_ACQUISITION_DATE;MISSING_NUMERIC_CLOUD_COVER_S2_ONLY,true
curitiba_00416__sentinel__B3B8B11__10m__v1,Curitiba,0,unknown,3,1,0,1,0,0,0,true,true,false,false,true,P2_HAS_ASSETS_NO_CLEAN_DATES,RECOVER_S2_CLOUD_COVER_METADATA,MISSING_ACQUISITION_DATE;MISSING_NUMERIC_CLOUD_COVER_S2_ONLY,true
curitiba_00445__sentinel__B3B8B11__10m__v1,Curitiba,0,unknown,3,1,0,1,0,0,0,true,true,false,false,true,P2_HAS_ASSETS_NO_CLEAN_DATES,RECOVER_S2_CLOUD_COVER_METADATA,MISSING_ACQUISITION_DATE;MISSING_NUMERIC_CLOUD_COVER_S2_ONLY,true
curitiba_00446__sentinel__B3B8B11__10m__v1,Curitiba,0,unknown,3,1,0,1,0,0,0,true,true,false,false,true,P2_HAS_ASSETS_NO_CLEAN_DATES,RECOVER_S2_CLOUD_COVER_METADATA,MISSING_ACQUISITION_DATE;MISSING_NUMERIC_CLOUD_COVER_S2_ONLY,true
curitiba_00597__sentinel__B3B8B11__10m__v1,Curitiba,0,unknown,3,1,0,1,0,0,0,true,true,false,false,true,P2_HAS_ASSETS_NO_CLEAN_DATES,RECOVER_S2_CLOUD_COVER_METADATA,MISSING_ACQUISITION_DATE;MISSING_NUMERIC_CLOUD_COVER_S2_ONLY,true
curitiba_00661__sentinel__B3B8B11__10m__v1,Curitiba,0,unknown,3,1,0,1,0,0,0,true,true,false,false,true,P2_HAS_ASSETS_NO_CLEAN_DATES,RECOVER_S2_CLOUD_COVER_METADATA,MISSING_ACQUISITION_DATE;MISSING_NUMERIC_CLOUD_COVER_S2_ONLY,true
curitiba_00662__sentinel__B3B8B11__10m__v1,Curitiba,0,unknown,3,1,0,1,0,0,0,true,true,false,false,true,P2_HAS_ASSETS_NO_CLEAN_DATES,RECOVER_S2_CLOUD_COVER_METADATA,MISSING_ACQUISITION_DATE;MISSING_NUMERIC_CLOUD_COVER_S2_ONLY,true
curitiba_00695__sentinel__B3B8B11__10m__v1,Curitiba,0,unknown,3,1,0,1,0,0,0,true,true,false,false,true,P2_HAS_ASSETS_NO_CLEAN_DATES,RECOVER_S2_CLOUD_COVER_METADATA,MISSING_ACQUISITION_DATE;MISSING_NUMERIC_CLOUD_COVER_S2_ONLY,true
curitiba_00728__sentinel__B3B8B11__10m__v1,Curitiba,0,unknown,3,1,0,1,0,0,0,true,true,false,false,true,P2_HAS_ASSETS_NO_CLEAN_DATES,RECOVER_S2_CLOUD_COVER_METADATA,MISSING_ACQUISITION_DATE;MISSING_NUMERIC_CLOUD_COVER_S2_ONLY,true
curitiba_00740__sentinel__B3B8B11__10m__v1,Curitiba,0,unknown,3,1,0,1,0,0,0,true,true,false,false,true,P2_HAS_ASSETS_NO_CLEAN_DATES,RECOVER_S2_CLOUD_COVER_METADATA,MISSING_ACQUISITION_DATE;MISSING_NUMERIC_CLOUD_COVER_S2_ONLY,true
curitiba_00887__sentinel__B3B8B11__10m__v1,Curitiba,0,unknown,3,1,0,1,0,0,0,true,true,false,false,true,P2_HAS_ASSETS_NO_CLEAN_DATES,RECOVER_S2_CLOUD_COVER_METADATA,MISSING_ACQUISITION_DATE;MISSING_NUMERIC_CLOUD_COVER_S2_ONLY,true
curitiba_00888__sentinel__B3B8B11__10m__v1,Curitiba,0,unknown,3,1,0,1,0,0,0,true,true,false,false,true,P2_HAS_ASSETS_NO_CLEAN_DATES,RECOVER_S2_CLOUD_COVER_METADATA,MISSING_ACQUISITION_DATE;MISSING_NUMERIC_CLOUD_COVER_S2_ONLY,true
curitiba_00889__sentinel__B3B8B11__10m__v1,Curitiba,0,unknown,3,1,0,1,0,0,0,true,true,false,false,true,P2_HAS_ASSETS_NO_CLEAN_DATES,RECOVER_S2_CLOUD_COVER_METADATA,MISSING_ACQUISITION_DATE;MISSING_NUMERIC_CLOUD_COVER_S2_ONLY,true
curitiba_00895__sentinel__B3B8B11__10m__v1,Curitiba,0,unknown,3,1,0,1,0,0,0,true,true,false,false,true,P2_HAS_ASSETS_NO_CLEAN_DATES,RECOVER_S2_CLOUD_COVER_METADATA,MISSING_ACQUISITION_DATE;MISSING_NUMERIC_CLOUD_COVER_S2_ONLY,true
curitiba_00899__sentinel__B3B8B11__10m__v1,Curitiba,0,unknown,3,1,0,1,0,0,0,true,true,false,false,true,P2_HAS_ASSETS_NO_CLEAN_DATES,RECOVER_S2_CLOUD_COVER_METADATA,MISSING_ACQUISITION_DATE;MISSING_NUMERIC_CLOUD_COVER_S2_ONLY,true
curitiba_00924__sentinel__B3B8B11__10m__v1,Curitiba,0,unknown,3,1,0,1,0,0,0,true,true,false,false,true,P2_HAS_ASSETS_NO_CLEAN_DATES,RECOVER_S2_CLOUD_COVER_METADATA,MISSING_ACQUISITION_DATE;MISSING_NUMERIC_CLOUD_COVER_S2_ONLY,true
curitiba_00930__sentinel__B3B8B11__10m__v1,Curitiba,0,unknown,3,1,0,1,0,0,0,true,true,false,false,true,P2_HAS_ASSETS_NO_CLEAN_DATES,RECOVER_S2_CLOUD_COVER_METADATA,MISSING_ACQUISITION_DATE;MISSING_NUMERIC_CLOUD_COVER_S2_ONLY,true
curitiba_00934__sentinel__B3B8B11__10m__v1,Curitiba,0,unknown,3,1,0,1,0,0,0,true,true,false,false,true,P2_HAS_ASSETS_NO_CLEAN_DATES,RECOVER_S2_CLOUD_COVER_METADATA,MISSING_ACQUISITION_DATE;MISSING_NUMERIC_CLOUD_COVER_S2_ONLY,true
curitiba_00936__sentinel__B3B8B11__10m__v1,Curitiba,0,unknown,3,1,0,1,0,0,0,true,true,false,false,true,P2_HAS_ASSETS_NO_CLEAN_DATES,RECOVER_S2_CLOUD_COVER_METADATA,MISSING_ACQUISITION_DATE;MISSING_NUMERIC_CLOUD_COVER_S2_ONLY,true
curitiba_00960__sentinel__B3B8B11__10m__v1,Curitiba,0,unknown,3,1,0,1,0,0,0,true,true,false,false,true,P2_HAS_ASSETS_NO_CLEAN_DATES,RECOVER_S2_CLOUD_COVER_METADATA,MISSING_ACQUISITION_DATE;MISSING_NUMERIC_CLOUD_COVER_S2_ONLY,true
curitiba_00969__sentinel__B3B8B11__10m__v1,Curitiba,0,unknown,3,1,0,1,0,0,0,true,true,false,false,true,P2_HAS_ASSETS_NO_CLEAN_DATES,RECOVER_S2_CLOUD_COVER_METADATA,MISSING_ACQUISITION_DATE;MISSING_NUMERIC_CLOUD_COVER_S2_ONLY,true
curitiba_00977__sentinel__B3B8B11__10m__v1,Curitiba,0,unknown,3,1,0,1,0,0,0,true,true,false,false,true,P2_HAS_ASSETS_NO_CLEAN_DATES,RECOVER_S2_CLOUD_COVER_METADATA,MISSING_ACQUISITION_DATE;MISSING_NUMERIC_CLOUD_COVER_S2_ONLY,true
curitiba_00992__sentinel__B3B8B11__10m__v1,Curitiba,0,unknown,3,1,0,1,0,0,0,true,true,false,false,true,P2_HAS_ASSETS_NO_CLEAN_DATES,RECOVER_S2_CLOUD_COVER_METADATA,MISSING_ACQUISITION_DATE;MISSING_NUMERIC_CLOUD_COVER_S2_ONLY,true
curitiba_00995__sentinel__B3B8B11__10m__v1,Curitiba,0,unknown,3,1,0,1,0,0,0,true,true,false,false,true,P2_HAS_ASSETS_NO_CLEAN_DATES,RECOVER_S2_CLOUD_COVER_METADATA,MISSING_ACQUISITION_DATE;MISSING_NUMERIC_CLOUD_COVER_S2_ONLY,true
curitiba_01012__sentinel__B3B8B11__10m__v1,Curitiba,0,unknown,3,1,0,1,0,0,0,true,true,false,false,true,P2_HAS_ASSETS_NO_CLEAN_DATES,RECOVER_S2_CLOUD_COVER_METADATA,MISSING_ACQUISITION_DATE;MISSING_NUMERIC_CLOUD_COVER_S2_ONLY,true
curitiba_01015__sentinel__B3B8B11__10m__v1,Curitiba,0,unknown,3,1,0,1,0,0,0,true,true,false,false,true,P2_HAS_ASSETS_NO_CLEAN_DATES,RECOVER_S2_CLOUD_COVER_METADATA,MISSING_ACQUISITION_DATE;MISSING_NUMERIC_CLOUD_COVER_S2_ONLY,true
curitiba_01030__sentinel__B3B8B11__10m__v1,Curitiba,0,unknown,3,1,0,1,0,0,0,true,true,false,false,true,P2_HAS_ASSETS_NO_CLEAN_DATES,RECOVER_S2_CLOUD_COVER_METADATA,MISSING_ACQUISITION_DATE;MISSING_NUMERIC_CLOUD_COVER_S2_ONLY,true
curitiba_01040__sentinel__B3B8B11__10m__v1,Curitiba,0,unknown,3,1,0,1,0,0,0,true,true,false,false,true,P2_HAS_ASSETS_NO_CLEAN_DATES,RECOVER_S2_CLOUD_COVER_METADATA,MISSING_ACQUISITION_DATE;MISSING_NUMERIC_CLOUD_COVER_S2_ONLY,true
curitiba_01050__sentinel__B3B8B11__10m__v1,Curitiba,0,unknown,3,1,0,1,0,0,0,true,true,false,false,true,P2_HAS_ASSETS_NO_CLEAN_DATES,RECOVER_S2_CLOUD_COVER_METADATA,MISSING_ACQUISITION_DATE;MISSING_NUMERIC_CLOUD_COVER_S2_ONLY,true
curitiba_01059__sentinel__B3B8B11__10m__v1,Curitiba,0,unknown,3,1,0,1,0,0,0,true,true,false,false,true,P2_HAS_ASSETS_NO_CLEAN_DATES,RECOVER_S2_CLOUD_COVER_METADATA,MISSING_ACQUISITION_DATE;MISSING_NUMERIC_CLOUD_COVER_S2_ONLY,true
curitiba_01065__sentinel__B3B8B11__10m__v1,Curitiba,0,unknown,3,1,0,1,0,0,0,true,true,false,false,true,P2_HAS_ASSETS_NO_CLEAN_DATES,RECOVER_S2_CLOUD_COVER_METADATA,MISSING_ACQUISITION_DATE;MISSING_NUMERIC_CLOUD_COVER_S2_ONLY,true
curitiba_01075__sentinel__B3B8B11__10m__v1,Curitiba,0,unknown,3,1,0,1,0,0,0,true,true,false,false,true,P2_HAS_ASSETS_NO_CLEAN_DATES,RECOVER_S2_CLOUD_COVER_METADATA,MISSING_ACQUISITION_DATE;MISSING_NUMERIC_CLOUD_COVER_S2_ONLY,true
curitiba_01101__sentinel__B3B8B11__10m__v1,Curitiba,0,unknown,3,1,0,1,0,0,0,true,true,false,false,true,P2_HAS_ASSETS_NO_CLEAN_DATES,RECOVER_S2_CLOUD_COVER_METADATA,MISSING_ACQUISITION_DATE;MISSING_NUMERIC_CLOUD_COVER_S2_ONLY,true
curitiba_01145__sentinel__B3B8B11__10m__v1,Curitiba,0,unknown,3,1,0,1,0,0,0,true,true,false,false,true,P2_HAS_ASSETS_NO_CLEAN_DATES,RECOVER_S2_CLOUD_COVER_METADATA,MISSING_ACQUISITION_DATE;MISSING_NUMERIC_CLOUD_COVER_S2_ONLY,true
curitiba_01324__sentinel__B3B8B11__10m__v1,Curitiba,0,unknown,3,1,0,1,0,0,0,true,true,false,false,true,P2_HAS_ASSETS_NO_CLEAN_DATES,RECOVER_S2_CLOUD_COVER_METADATA,MISSING_ACQUISITION_DATE;MISSING_NUMERIC_CLOUD_COVER_S2_ONLY,true
patch_curitiba_00038,Curitiba,0,unknown,3,2,0,1,0,0,1,true,true,false,false,true,P2_HAS_ASSETS_NO_CLEAN_DATES,RECOVER_S2_CLOUD_COVER_METADATA,MISSING_ACQUISITION_DATE;MISSING_NUMERIC_CLOUD_COVER_S2_ONLY;UNKNOWN_ASSET_TYPE,true
patch_curitiba_00249,Curitiba,0,unknown,3,2,0,1,0,0,1,true,true,false,false,true,P2_HAS_ASSETS_NO_CLEAN_DATES,RECOVER_S2_CLOUD_COVER_METADATA,MISSING_ACQUISITION_DATE;MISSING_NUMERIC_CLOUD_COVER_S2_ONLY;UNKNOWN_ASSET_TYPE,true
patch_curitiba_00350,Curitiba,0,unknown,3,2,0,1,0,0,1,true,true,false,false,true,P2_HAS_ASSETS_NO_CLEAN_DATES,RECOVER_S2_CLOUD_COVER_METADATA,MISSING_ACQUISITION_DATE;MISSING_NUMERIC_CLOUD_COVER_S2_ONLY;UNKNOWN_ASSET_TYPE,true
patch_curitiba_00357,Curitiba,0,unknown,3,2,0,1,0,0,1,true,true,false,false,true,P2_HAS_ASSETS_NO_CLEAN_DATES,RECOVER_S2_CLOUD_COVER_METADATA,MISSING_ACQUISITION_DATE;MISSING_NUMERIC_CLOUD_COVER_S2_ONLY;UNKNOWN_ASSET_TYPE,true
patch_curitiba_00367,Curitiba,0,unknown,3,2,0,1,0,0,1,true,true,false,false,true,P2_HAS_ASSETS_NO_CLEAN_DATES,RECOVER_S2_CLOUD_COVER_METADATA,MISSING_ACQUISITION_DATE;MISSING_NUMERIC_CLOUD_COVER_S2_ONLY;UNKNOWN_ASSET_TYPE,true
patch_curitiba_00402,Curitiba,0,unknown,3,2,0,1,0,0,1,true,true,false,false,true,P2_HAS_ASSETS_NO_CLEAN_DATES,RECOVER_S2_CLOUD_COVER_METADATA,MISSING_ACQUISITION_DATE;MISSING_NUMERIC_CLOUD_COVER_S2_ONLY;UNKNOWN_ASSET_TYPE,true
patch_curitiba_00409,Curitiba,0,unknown,3,2,0,1,0,0,1,true,true,false,false,true,P2_HAS_ASSETS_NO_CLEAN_DATES,RECOVER_S2_CLOUD_COVER_METADATA,MISSING_ACQUISITION_DATE;MISSING_NUMERIC_CLOUD_COVER_S2_ONLY;UNKNOWN_ASSET_TYPE,true
patch_curitiba_00410,Curitiba,0,unknown,3,2,0,1,0,0,1,true,true,false,false,true,P2_HAS_ASSETS_NO_CLEAN_DATES,RECOVER_S2_CLOUD_COVER_METADATA,MISSING_ACQUISITION_DATE;MISSING_NUMERIC_CLOUD_COVER_S2_ONLY;UNKNOWN_ASSET_TYPE,true
patch_curitiba_00413,Curitiba,0,unknown,3,2,0,1,0,0,1,true,true,false,false,true,P2_HAS_ASSETS_NO_CLEAN_DATES,RECOVER_S2_CLOUD_COVER_METADATA,MISSING_ACQUISITION_DATE;MISSING_NUMERIC_CLOUD_COVER_S2_ONLY;UNKNOWN_ASSET_TYPE,true
patch_curitiba_00416,Curitiba,0,unknown,3,2,0,1,0,0,1,true,true,false,false,true,P2_HAS_ASSETS_NO_CLEAN_DATES,RECOVER_S2_CLOUD_COVER_METADATA,MISSING_ACQUISITION_DATE;MISSING_NUMERIC_CLOUD_COVER_S2_ONLY;UNKNOWN_ASSET_TYPE,true
patch_curitiba_00445,Curitiba,0,unknown,3,2,0,1,0,0,1,true,true,false,false,true,P2_HAS_ASSETS_NO_CLEAN_DATES,RECOVER_S2_CLOUD_COVER_METADATA,MISSING_ACQUISITION_DATE;MISSING_NUMERIC_CLOUD_COVER_S2_ONLY;UNKNOWN_ASSET_TYPE,true
patch_curitiba_00446,Curitiba,0,unknown,3,2,0,1,0,0,1,true,true,false,false,true,P2_HAS_ASSETS_NO_CLEAN_DATES,RECOVER_S2_CLOUD_COVER_METADATA,MISSING_ACQUISITION_DATE;MISSING_NUMERIC_CLOUD_COVER_S2_ONLY;UNKNOWN_ASSET_TYPE,true
patch_curitiba_00597,Curitiba,0,unknown,3,2,0,1,0,0,1,true,true,false,false,true,P2_HAS_ASSETS_NO_CLEAN_DATES,RECOVER_S2_CLOUD_COVER_METADATA,MISSING_ACQUISITION_DATE;MISSING_NUMERIC_CLOUD_COVER_S2_ONLY;UNKNOWN_ASSET_TYPE,true
patch_curitiba_00661,Curitiba,0,unknown,3,2,0,1,0,0,1,true,true,false,false,true,P2_HAS_ASSETS_NO_CLEAN_DATES,RECOVER_S2_CLOUD_COVER_METADATA,MISSING_ACQUISITION_DATE;MISSING_NUMERIC_CLOUD_COVER_S2_ONLY;UNKNOWN_ASSET_TYPE,true
patch_curitiba_00662,Curitiba,0,unknown,3,2,0,1,0,0,1,true,true,false,false,true,P2_HAS_ASSETS_NO_CLEAN_DATES,RECOVER_S2_CLOUD_COVER_METADATA,MISSING_ACQUISITION_DATE;MISSING_NUMERIC_CLOUD_COVER_S2_ONLY;UNKNOWN_ASSET_TYPE,true
patch_curitiba_00695,Curitiba,0,unknown,3,2,0,1,0,0,1,true,true,false,false,true,P2_HAS_ASSETS_NO_CLEAN_DATES,RECOVER_S2_CLOUD_COVER_METADATA,MISSING_ACQUISITION_DATE;MISSING_NUMERIC_CLOUD_COVER_S2_ONLY;UNKNOWN_ASSET_TYPE,true
patch_curitiba_00728,Curitiba,0,unknown,3,2,0,1,0,0,1,true,true,false,false,true,P2_HAS_ASSETS_NO_CLEAN_DATES,RECOVER_S2_CLOUD_COVER_METADATA,MISSING_ACQUISITION_DATE;MISSING_NUMERIC_CLOUD_COVER_S2_ONLY;UNKNOWN_ASSET_TYPE,true
patch_curitiba_00740,Curitiba,0,unknown,3,2,0,1,0,0,1,true,true,false,false,true,P2_HAS_ASSETS_NO_CLEAN_DATES,RECOVER_S2_CLOUD_COVER_METADATA,MISSING_ACQUISITION_DATE;MISSING_NUMERIC_CLOUD_COVER_S2_ONLY;UNKNOWN_ASSET_TYPE,true
patch_curitiba_00887,Curitiba,0,unknown,3,2,0,1,0,0,1,true,true,false,false,true,P2_HAS_ASSETS_NO_CLEAN_DATES,RECOVER_S2_CLOUD_COVER_METADATA,MISSING_ACQUISITION_DATE;MISSING_NUMERIC_CLOUD_COVER_S2_ONLY;UNKNOWN_ASSET_TYPE,true
patch_curitiba_00888,Curitiba,0,unknown,3,2,0,1,0,0,1,true,true,false,false,true,P2_HAS_ASSETS_NO_CLEAN_DATES,RECOVER_S2_CLOUD_COVER_METADATA,MISSING_ACQUISITION_DATE;MISSING_NUMERIC_CLOUD_COVER_S2_ONLY;UNKNOWN_ASSET_TYPE,true
patch_curitiba_00889,Curitiba,0,unknown,3,2,0,1,0,0,1,true,true,false,false,true,P2_HAS_ASSETS_NO_CLEAN_DATES,RECOVER_S2_CLOUD_COVER_METADATA,MISSING_ACQUISITION_DATE;MISSING_NUMERIC_CLOUD_COVER_S2_ONLY;UNKNOWN_ASSET_TYPE,true
patch_curitiba_00895,Curitiba,0,unknown,3,2,0,1,0,0,1,true,true,false,false,true,P2_HAS_ASSETS_NO_CLEAN_DATES,RECOVER_S2_CLOUD_COVER_METADATA,MISSING_ACQUISITION_DATE;MISSING_NUMERIC_CLOUD_COVER_S2_ONLY;UNKNOWN_ASSET_TYPE,true
patch_curitiba_00899,Curitiba,0,unknown,3,2,0,1,0,0,1,true,true,false,false,true,P2_HAS_ASSETS_NO_CLEAN_DATES,RECOVER_S2_CLOUD_COVER_METADATA,MISSING_ACQUISITION_DATE;MISSING_NUMERIC_CLOUD_COVER_S2_ONLY;UNKNOWN_ASSET_TYPE,true
patch_curitiba_00924,Curitiba,0,unknown,3,2,0,1,0,0,1,true,true,false,false,true,P2_HAS_ASSETS_NO_CLEAN_DATES,RECOVER_S2_CLOUD_COVER_METADATA,MISSING_ACQUISITION_DATE;MISSING_NUMERIC_CLOUD_COVER_S2_ONLY;UNKNOWN_ASSET_TYPE,true
patch_curitiba_00930,Curitiba,0,unknown,3,2,0,1,0,0,1,true,true,false,false,true,P2_HAS_ASSETS_NO_CLEAN_DATES,RECOVER_S2_CLOUD_COVER_METADATA,MISSING_ACQUISITION_DATE;MISSING_NUMERIC_CLOUD_COVER_S2_ONLY;UNKNOWN_ASSET_TYPE,true
patch_curitiba_00934,Curitiba,0,unknown,3,2,0,1,0,0,1,true,true,false,false,true,P2_HAS_ASSETS_NO_CLEAN_DATES,RECOVER_S2_CLOUD_COVER_METADATA,MISSING_ACQUISITION_DATE;MISSING_NUMERIC_CLOUD_COVER_S2_ONLY;UNKNOWN_ASSET_TYPE,true
patch_curitiba_00936,Curitiba,0,unknown,3,2,0,1,0,0,1,true,true,false,false,true,P2_HAS_ASSETS_NO_CLEAN_DATES,RECOVER_S2_CLOUD_COVER_METADATA,MISSING_ACQUISITION_DATE;MISSING_NUMERIC_CLOUD_COVER_S2_ONLY;UNKNOWN_ASSET_TYPE,true
patch_curitiba_00960,Curitiba,0,unknown,3,2,0,1,0,0,1,true,true,false,false,true,P2_HAS_ASSETS_NO_CLEAN_DATES,RECOVER_S2_CLOUD_COVER_METADATA,MISSING_ACQUISITION_DATE;MISSING_NUMERIC_CLOUD_COVER_S2_ONLY;UNKNOWN_ASSET_TYPE,true
patch_curitiba_00969,Curitiba,0,unknown,3,2,0,1,0,0,1,true,true,false,false,true,P2_HAS_ASSETS_NO_CLEAN_DATES,RECOVER_S2_CLOUD_COVER_METADATA,MISSING_ACQUISITION_DATE;MISSING_NUMERIC_CLOUD_COVER_S2_ONLY;UNKNOWN_ASSET_TYPE,true
patch_curitiba_00977,Curitiba,0,unknown,3,2,0,1,0,0,1,true,true,false,false,true,P2_HAS_ASSETS_NO_CLEAN_DATES,RECOVER_S2_CLOUD_COVER_METADATA,MISSING_ACQUISITION_DATE;MISSING_NUMERIC_CLOUD_COVER_S2_ONLY;UNKNOWN_ASSET_TYPE,true
patch_curitiba_00992,Curitiba,0,unknown,3,2,0,1,0,0,1,true,true,false,false,true,P2_HAS_ASSETS_NO_CLEAN_DATES,RECOVER_S2_CLOUD_COVER_METADATA,MISSING_ACQUISITION_DATE;MISSING_NUMERIC_CLOUD_COVER_S2_ONLY;UNKNOWN_ASSET_TYPE,true
patch_curitiba_00995,Curitiba,0,unknown,3,2,0,1,0,0,1,true,true,false,false,true,P2_HAS_ASSETS_NO_CLEAN_DATES,RECOVER_S2_CLOUD_COVER_METADATA,MISSING_ACQUISITION_DATE;MISSING_NUMERIC_CLOUD_COVER_S2_ONLY;UNKNOWN_ASSET_TYPE,true
patch_curitiba_01012,Curitiba,0,unknown,3,2,0,1,0,0,1,true,true,false,false,true,P2_HAS_ASSETS_NO_CLEAN_DATES,RECOVER_S2_CLOUD_COVER_METADATA,MISSING_ACQUISITION_DATE;MISSING_NUMERIC_CLOUD_COVER_S2_ONLY;UNKNOWN_ASSET_TYPE,true
patch_curitiba_01015,Curitiba,0,unknown,3,2,0,1,0,0,1,true,true,false,false,true,P2_HAS_ASSETS_NO_CLEAN_DATES,RECOVER_S2_CLOUD_COVER_METADATA,MISSING_ACQUISITION_DATE;MISSING_NUMERIC_CLOUD_COVER_S2_ONLY;UNKNOWN_ASSET_TYPE,true
patch_curitiba_01030,Curitiba,0,unknown,3,2,0,1,0,0,1,true,true,false,false,true,P2_HAS_ASSETS_NO_CLEAN_DATES,RECOVER_S2_CLOUD_COVER_METADATA,MISSING_ACQUISITION_DATE;MISSING_NUMERIC_CLOUD_COVER_S2_ONLY;UNKNOWN_ASSET_TYPE,true
patch_curitiba_01040,Curitiba,0,unknown,3,2,0,1,0,0,1,true,true,false,false,true,P2_HAS_ASSETS_NO_CLEAN_DATES,RECOVER_S2_CLOUD_COVER_METADATA,MISSING_ACQUISITION_DATE;MISSING_NUMERIC_CLOUD_COVER_S2_ONLY;UNKNOWN_ASSET_TYPE,true
patch_curitiba_01050,Curitiba,0,unknown,3,2,0,1,0,0,1,true,true,false,false,true,P2_HAS_ASSETS_NO_CLEAN_DATES,RECOVER_S2_CLOUD_COVER_METADATA,MISSING_ACQUISITION_DATE;MISSING_NUMERIC_CLOUD_COVER_S2_ONLY;UNKNOWN_ASSET_TYPE,true
patch_curitiba_01059,Curitiba,0,unknown,3,2,0,1,0,0,1,true,true,false,false,true,P2_HAS_ASSETS_NO_CLEAN_DATES,RECOVER_S2_CLOUD_COVER_METADATA,MISSING_ACQUISITION_DATE;MISSING_NUMERIC_CLOUD_COVER_S2_ONLY;UNKNOWN_ASSET_TYPE,true
patch_curitiba_01065,Curitiba,0,unknown,3,2,0,1,0,0,1,true,true,false,false,true,P2_HAS_ASSETS_NO_CLEAN_DATES,RECOVER_S2_CLOUD_COVER_METADATA,MISSING_ACQUISITION_DATE;MISSING_NUMERIC_CLOUD_COVER_S2_ONLY;UNKNOWN_ASSET_TYPE,true
patch_curitiba_01075,Curitiba,0,unknown,3,2,0,1,0,0,1,true,true,false,false,true,P2_HAS_ASSETS_NO_CLEAN_DATES,RECOVER_S2_CLOUD_COVER_METADATA,MISSING_ACQUISITION_DATE;MISSING_NUMERIC_CLOUD_COVER_S2_ONLY;UNKNOWN_ASSET_TYPE,true
patch_curitiba_01101,Curitiba,0,unknown,3,2,0,1,0,0,1,true,true,false,false,true,P2_HAS_ASSETS_NO_CLEAN_DATES,RECOVER_S2_CLOUD_COVER_METADATA,MISSING_ACQUISITION_DATE;MISSING_NUMERIC_CLOUD_COVER_S2_ONLY;UNKNOWN_ASSET_TYPE,true
patch_curitiba_01145,Curitiba,0,unknown,3,2,0,1,0,0,1,true,true,false,false,true,P2_HAS_ASSETS_NO_CLEAN_DATES,RECOVER_S2_CLOUD_COVER_METADATA,MISSING_ACQUISITION_DATE;MISSING_NUMERIC_CLOUD_COVER_S2_ONLY;UNKNOWN_ASSET_TYPE,true
patch_curitiba_01324,Curitiba,0,unknown,3,2,0,1,0,0,1,true,true,false,false,true,P2_HAS_ASSETS_NO_CLEAN_DATES,RECOVER_S2_CLOUD_COVER_METADATA,MISSING_ACQUISITION_DATE;MISSING_NUMERIC_CLOUD_COVER_S2_ONLY;UNKNOWN_ASSET_TYPE,true
patch_id,Curitiba;Petropolis;Recife;multiple_or_none;region,0,unknown,3,60,0,0,0,3,53,false,true,false,false,false,P2_HAS_ASSETS_NO_CLEAN_DATES,RECOVER_ACQUISITION_DATE_FROM_MANIFEST_OR_FILENAME_ONLY_IF_UNAMBIGUOUS,MISSING_ACQUISITION_DATE;UNKNOWN_ASSET_TYPE,true
patch_petropolis_00016,Petropolis,0,unknown,3,2,0,1,0,0,1,true,true,false,false,true,P2_HAS_ASSETS_NO_CLEAN_DATES,RECOVER_S2_CLOUD_COVER_METADATA,MISSING_ACQUISITION_DATE;MISSING_NUMERIC_CLOUD_COVER_S2_ONLY;UNKNOWN_ASSET_TYPE,true
patch_petropolis_00104,Petropolis,0,unknown,3,2,0,1,0,0,1,true,true,false,false,true,P2_HAS_ASSETS_NO_CLEAN_DATES,RECOVER_S2_CLOUD_COVER_METADATA,MISSING_ACQUISITION_DATE;MISSING_NUMERIC_CLOUD_COVER_S2_ONLY;UNKNOWN_ASSET_TYPE,true
patch_petropolis_00119,Petropolis,0,unknown,3,2,0,1,0,0,1,true,true,false,false,true,P2_HAS_ASSETS_NO_CLEAN_DATES,RECOVER_S2_CLOUD_COVER_METADATA,MISSING_ACQUISITION_DATE;MISSING_NUMERIC_CLOUD_COVER_S2_ONLY;UNKNOWN_ASSET_TYPE,true
patch_petropolis_00140,Petropolis,0,unknown,3,2,0,1,0,0,1,true,true,false,false,true,P2_HAS_ASSETS_NO_CLEAN_DATES,RECOVER_S2_CLOUD_COVER_METADATA,MISSING_ACQUISITION_DATE;MISSING_NUMERIC_CLOUD_COVER_S2_ONLY;UNKNOWN_ASSET_TYPE,true
patch_petropolis_00240,Petropolis,0,unknown,3,2,0,1,0,0,1,true,true,false,false,true,P2_HAS_ASSETS_NO_CLEAN_DATES,RECOVER_S2_CLOUD_COVER_METADATA,MISSING_ACQUISITION_DATE;MISSING_NUMERIC_CLOUD_COVER_S2_ONLY;UNKNOWN_ASSET_TYPE,true
patch_petropolis_00257,Petropolis,0,unknown,3,2,0,1,0,0,1,true,true,false,false,true,P2_HAS_ASSETS_NO_CLEAN_DATES,RECOVER_S2_CLOUD_COVER_METADATA,MISSING_ACQUISITION_DATE;MISSING_NUMERIC_CLOUD_COVER_S2_ONLY;UNKNOWN_ASSET_TYPE,true
patch_petropolis_00275,Petropolis,0,unknown,3,2,0,1,0,0,1,true,true,false,false,true,P2_HAS_ASSETS_NO_CLEAN_DATES,RECOVER_S2_CLOUD_COVER_METADATA,MISSING_ACQUISITION_DATE;MISSING_NUMERIC_CLOUD_COVER_S2_ONLY;UNKNOWN_ASSET_TYPE,true
patch_petropolis_00291,Petropolis,0,unknown,3,2,0,1,0,0,1,true,true,false,false,true,P2_HAS_ASSETS_NO_CLEAN_DATES,RECOVER_S2_CLOUD_COVER_METADATA,MISSING_ACQUISITION_DATE;MISSING_NUMERIC_CLOUD_COVER_S2_ONLY;UNKNOWN_ASSET_TYPE,true
patch_petropolis_00315,Petropolis,0,unknown,3,2,0,1,0,0,1,true,true,false,false,true,P2_HAS_ASSETS_NO_CLEAN_DATES,RECOVER_S2_CLOUD_COVER_METADATA,MISSING_ACQUISITION_DATE;MISSING_NUMERIC_CLOUD_COVER_S2_ONLY;UNKNOWN_ASSET_TYPE,true
patch_petropolis_00360,Petropolis,0,unknown,3,2,0,1,0,0,1,true,true,false,false,true,P2_HAS_ASSETS_NO_CLEAN_DATES,RECOVER_S2_CLOUD_COVER_METADATA,MISSING_ACQUISITION_DATE;MISSING_NUMERIC_CLOUD_COVER_S2_ONLY;UNKNOWN_ASSET_TYPE,true
patch_petropolis_00362,Petropolis,0,unknown,3,2,0,1,0,0,1,true,true,false,false,true,P2_HAS_ASSETS_NO_CLEAN_DATES,RECOVER_S2_CLOUD_COVER_METADATA,MISSING_ACQUISITION_DATE;MISSING_NUMERIC_CLOUD_COVER_S2_ONLY;UNKNOWN_ASSET_TYPE,true
patch_petropolis_00396,Petropolis,0,unknown,3,2,0,1,0,0,1,true,true,false,false,true,P2_HAS_ASSETS_NO_CLEAN_DATES,RECOVER_S2_CLOUD_COVER_METADATA,MISSING_ACQUISITION_DATE;MISSING_NUMERIC_CLOUD_COVER_S2_ONLY;UNKNOWN_ASSET_TYPE,true
patch_petropolis_00397,Petropolis,0,unknown,3,2,0,1,0,0,1,true,true,false,false,true,P2_HAS_ASSETS_NO_CLEAN_DATES,RECOVER_S2_CLOUD_COVER_METADATA,MISSING_ACQUISITION_DATE;MISSING_NUMERIC_CLOUD_COVER_S2_ONLY;UNKNOWN_ASSET_TYPE,true
patch_petropolis_00404,Petropolis,0,unknown,3,2,0,1,0,0,1,true,true,false,false,true,P2_HAS_ASSETS_NO_CLEAN_DATES,RECOVER_S2_CLOUD_COVER_METADATA,MISSING_ACQUISITION_DATE;MISSING_NUMERIC_CLOUD_COVER_S2_ONLY;UNKNOWN_ASSET_TYPE,true
patch_petropolis_00431,Petropolis,0,unknown,3,2,0,1,0,0,1,true,true,false,false,true,P2_HAS_ASSETS_NO_CLEAN_DATES,RECOVER_S2_CLOUD_COVER_METADATA,MISSING_ACQUISITION_DATE;MISSING_NUMERIC_CLOUD_COVER_S2_ONLY;UNKNOWN_ASSET_TYPE,true
patch_petropolis_00467,Petropolis,0,unknown,3,2,0,1,0,0,1,true,true,false,false,true,P2_HAS_ASSETS_NO_CLEAN_DATES,RECOVER_S2_CLOUD_COVER_METADATA,MISSING_ACQUISITION_DATE;MISSING_NUMERIC_CLOUD_COVER_S2_ONLY;UNKNOWN_ASSET_TYPE,true
patch_petropolis_00506,Petropolis,0,unknown,3,2,0,1,0,0,1,true,true,false,false,true,P2_HAS_ASSETS_NO_CLEAN_DATES,RECOVER_S2_CLOUD_COVER_METADATA,MISSING_ACQUISITION_DATE;MISSING_NUMERIC_CLOUD_COVER_S2_ONLY;UNKNOWN_ASSET_TYPE,true
patch_petropolis_00507,Petropolis,0,unknown,3,2,0,1,0,0,1,true,true,false,false,true,P2_HAS_ASSETS_NO_CLEAN_DATES,RECOVER_S2_CLOUD_COVER_METADATA,MISSING_ACQUISITION_DATE;MISSING_NUMERIC_CLOUD_COVER_S2_ONLY;UNKNOWN_ASSET_TYPE,true
patch_petropolis_00579,Petropolis,0,unknown,3,2,0,1,0,0,1,true,true,false,false,true,P2_HAS_ASSETS_NO_CLEAN_DATES,RECOVER_S2_CLOUD_COVER_METADATA,MISSING_ACQUISITION_DATE;MISSING_NUMERIC_CLOUD_COVER_S2_ONLY;UNKNOWN_ASSET_TYPE,true
patch_petropolis_00614,Petropolis,0,unknown,3,2,0,1,0,0,1,true,true,false,false,true,P2_HAS_ASSETS_NO_CLEAN_DATES,RECOVER_S2_CLOUD_COVER_METADATA,MISSING_ACQUISITION_DATE;MISSING_NUMERIC_CLOUD_COVER_S2_ONLY;UNKNOWN_ASSET_TYPE,true
patch_petropolis_00615,Petropolis,0,unknown,3,2,0,1,0,0,1,true,true,false,false,true,P2_HAS_ASSETS_NO_CLEAN_DATES,RECOVER_S2_CLOUD_COVER_METADATA,MISSING_ACQUISITION_DATE;MISSING_NUMERIC_CLOUD_COVER_S2_ONLY;UNKNOWN_ASSET_TYPE,true
patch_petropolis_00617,Petropolis,0,unknown,3,2,0,1,0,0,1,true,true,false,false,true,P2_HAS_ASSETS_NO_CLEAN_DATES,RECOVER_S2_CLOUD_COVER_METADATA,MISSING_ACQUISITION_DATE;MISSING_NUMERIC_CLOUD_COVER_S2_ONLY;UNKNOWN_ASSET_TYPE,true
patch_petropolis_00618,Petropolis,0,unknown,3,2,0,1,0,0,1,true,true,false,false,true,P2_HAS_ASSETS_NO_CLEAN_DATES,RECOVER_S2_CLOUD_COVER_METADATA,MISSING_ACQUISITION_DATE;MISSING_NUMERIC_CLOUD_COVER_S2_ONLY;UNKNOWN_ASSET_TYPE,true
patch_petropolis_00641,Petropolis,0,unknown,3,2,0,1,0,0,1,true,true,false,false,true,P2_HAS_ASSETS_NO_CLEAN_DATES,RECOVER_S2_CLOUD_COVER_METADATA,MISSING_ACQUISITION_DATE;MISSING_NUMERIC_CLOUD_COVER_S2_ONLY;UNKNOWN_ASSET_TYPE,true
patch_petropolis_00649,Petropolis,0,unknown,3,2,0,1,0,0,1,true,true,false,false,true,P2_HAS_ASSETS_NO_CLEAN_DATES,RECOVER_S2_CLOUD_COVER_METADATA,MISSING_ACQUISITION_DATE;MISSING_NUMERIC_CLOUD_COVER_S2_ONLY;UNKNOWN_ASSET_TYPE,true
patch_petropolis_00652,Petropolis,0,unknown,3,2,0,1,0,0,1,true,true,false,false,true,P2_HAS_ASSETS_NO_CLEAN_DATES,RECOVER_S2_CLOUD_COVER_METADATA,MISSING_ACQUISITION_DATE;MISSING_NUMERIC_CLOUD_COVER_S2_ONLY;UNKNOWN_ASSET_TYPE,true
patch_petropolis_00720,Petropolis,0,unknown,3,2,0,1,0,0,1,true,true,false,false,true,P2_HAS_ASSETS_NO_CLEAN_DATES,RECOVER_S2_CLOUD_COVER_METADATA,MISSING_ACQUISITION_DATE;MISSING_NUMERIC_CLOUD_COVER_S2_ONLY;UNKNOWN_ASSET_TYPE,true
patch_petropolis_00756,Petropolis,0,unknown,3,2,0,1,0,0,1,true,true,false,false,true,P2_HAS_ASSETS_NO_CLEAN_DATES,RECOVER_S2_CLOUD_COVER_METADATA,MISSING_ACQUISITION_DATE;MISSING_NUMERIC_CLOUD_COVER_S2_ONLY;UNKNOWN_ASSET_TYPE,true
patch_petropolis_00789,Petropolis,0,unknown,3,2,0,1,0,0,1,true,true,false,false,true,P2_HAS_ASSETS_NO_CLEAN_DATES,RECOVER_S2_CLOUD_COVER_METADATA,MISSING_ACQUISITION_DATE;MISSING_NUMERIC_CLOUD_COVER_S2_ONLY;UNKNOWN_ASSET_TYPE,true
patch_petropolis_00823,Petropolis,0,unknown,3,2,0,1,0,0,1,true,true,false,false,true,P2_HAS_ASSETS_NO_CLEAN_DATES,RECOVER_S2_CLOUD_COVER_METADATA,MISSING_ACQUISITION_DATE;MISSING_NUMERIC_CLOUD_COVER_S2_ONLY;UNKNOWN_ASSET_TYPE,true
patch_petropolis_00825,Petropolis,0,unknown,3,2,0,1,0,0,1,true,true,false,false,true,P2_HAS_ASSETS_NO_CLEAN_DATES,RECOVER_S2_CLOUD_COVER_METADATA,MISSING_ACQUISITION_DATE;MISSING_NUMERIC_CLOUD_COVER_S2_ONLY;UNKNOWN_ASSET_TYPE,true
patch_petropolis_00829,Petropolis,0,unknown,3,2,0,1,0,0,1,true,true,false,false,true,P2_HAS_ASSETS_NO_CLEAN_DATES,RECOVER_S2_CLOUD_COVER_METADATA,MISSING_ACQUISITION_DATE;MISSING_NUMERIC_CLOUD_COVER_S2_ONLY;UNKNOWN_ASSET_TYPE,true
patch_petropolis_00860,Petropolis,0,unknown,3,2,0,1,0,0,1,true,true,false,false,true,P2_HAS_ASSETS_NO_CLEAN_DATES,RECOVER_S2_CLOUD_COVER_METADATA,MISSING_ACQUISITION_DATE;MISSING_NUMERIC_CLOUD_COVER_S2_ONLY;UNKNOWN_ASSET_TYPE,true
patch_petropolis_00863,Petropolis,0,unknown,3,2,0,1,0,0,1,true,true,false,false,true,P2_HAS_ASSETS_NO_CLEAN_DATES,RECOVER_S2_CLOUD_COVER_METADATA,MISSING_ACQUISITION_DATE;MISSING_NUMERIC_CLOUD_COVER_S2_ONLY;UNKNOWN_ASSET_TYPE,true
patch_petropolis_00865,Petropolis,0,unknown,3,2,0,1,0,0,1,true,true,false,false,true,P2_HAS_ASSETS_NO_CLEAN_DATES,RECOVER_S2_CLOUD_COVER_METADATA,MISSING_ACQUISITION_DATE;MISSING_NUMERIC_CLOUD_COVER_S2_ONLY;UNKNOWN_ASSET_TYPE,true
patch_petropolis_00916,Petropolis,0,unknown,3,2,0,1,0,0,1,true,true,false,false,true,P2_HAS_ASSETS_NO_CLEAN_DATES,RECOVER_S2_CLOUD_COVER_METADATA,MISSING_ACQUISITION_DATE;MISSING_NUMERIC_CLOUD_COVER_S2_ONLY;UNKNOWN_ASSET_TYPE,true
patch_petropolis_00986,Petropolis,0,unknown,3,2,0,1,0,0,1,true,true,false,false,true,P2_HAS_ASSETS_NO_CLEAN_DATES,RECOVER_S2_CLOUD_COVER_METADATA,MISSING_ACQUISITION_DATE;MISSING_NUMERIC_CLOUD_COVER_S2_ONLY;UNKNOWN_ASSET_TYPE,true
patch_petropolis_01307,Petropolis,0,unknown,3,2,0,1,0,0,1,true,true,false,false,true,P2_HAS_ASSETS_NO_CLEAN_DATES,RECOVER_S2_CLOUD_COVER_METADATA,MISSING_ACQUISITION_DATE;MISSING_NUMERIC_CLOUD_COVER_S2_ONLY;UNKNOWN_ASSET_TYPE,true
patch_petropolis_01323,Petropolis,0,unknown,3,2,0,1,0,0,1,true,true,false,false,true,P2_HAS_ASSETS_NO_CLEAN_DATES,RECOVER_S2_CLOUD_COVER_METADATA,MISSING_ACQUISITION_DATE;MISSING_NUMERIC_CLOUD_COVER_S2_ONLY;UNKNOWN_ASSET_TYPE,true
patch_petropolis_01349,Petropolis,0,unknown,3,2,0,1,0,0,1,true,true,false,false,true,P2_HAS_ASSETS_NO_CLEAN_DATES,RECOVER_S2_CLOUD_COVER_METADATA,MISSING_ACQUISITION_DATE;MISSING_NUMERIC_CLOUD_COVER_S2_ONLY;UNKNOWN_ASSET_TYPE,true
patch_petropolis_01352,Petropolis,0,unknown,3,2,0,1,0,0,1,true,true,false,false,true,P2_HAS_ASSETS_NO_CLEAN_DATES,RECOVER_S2_CLOUD_COVER_METADATA,MISSING_ACQUISITION_DATE;MISSING_NUMERIC_CLOUD_COVER_S2_ONLY;UNKNOWN_ASSET_TYPE,true
patch_petropolis_01386,Petropolis,0,unknown,3,2,0,1,0,0,1,true,true,false,false,true,P2_HAS_ASSETS_NO_CLEAN_DATES,RECOVER_S2_CLOUD_COVER_METADATA,MISSING_ACQUISITION_DATE;MISSING_NUMERIC_CLOUD_COVER_S2_ONLY;UNKNOWN_ASSET_TYPE,true
patch_petropolis_01403,Petropolis,0,unknown,3,2,0,1,0,0,1,true,true,false,false,true,P2_HAS_ASSETS_NO_CLEAN_DATES,RECOVER_S2_CLOUD_COVER_METADATA,MISSING_ACQUISITION_DATE;MISSING_NUMERIC_CLOUD_COVER_S2_ONLY;UNKNOWN_ASSET_TYPE,true
patch_petropolis_01458,Petropolis,0,unknown,3,2,0,1,0,0,1,true,true,false,false,true,P2_HAS_ASSETS_NO_CLEAN_DATES,RECOVER_S2_CLOUD_COVER_METADATA,MISSING_ACQUISITION_DATE;MISSING_NUMERIC_CLOUD_COVER_S2_ONLY;UNKNOWN_ASSET_TYPE,true
patch_petropolis_01478,Petropolis,0,unknown,3,2,0,1,0,0,1,true,true,false,false,true,P2_HAS_ASSETS_NO_CLEAN_DATES,RECOVER_S2_CLOUD_COVER_METADATA,MISSING_ACQUISITION_DATE;MISSING_NUMERIC_CLOUD_COVER_S2_ONLY;UNKNOWN_ASSET_TYPE,true
patch_petropolis_01483,Petropolis,0,unknown,3,2,0,1,0,0,1,true,true,false,false,true,P2_HAS_ASSETS_NO_CLEAN_DATES,RECOVER_S2_CLOUD_COVER_METADATA,MISSING_ACQUISITION_DATE;MISSING_NUMERIC_CLOUD_COVER_S2_ONLY;UNKNOWN_ASSET_TYPE,true
patch_petropolis_01488,Petropolis,0,unknown,3,2,0,1,0,0,1,true,true,false,false,true,P2_HAS_ASSETS_NO_CLEAN_DATES,RECOVER_S2_CLOUD_COVER_METADATA,MISSING_ACQUISITION_DATE;MISSING_NUMERIC_CLOUD_COVER_S2_ONLY;UNKNOWN_ASSET_TYPE,true
patch_petropolis_01495,Petropolis,0,unknown,3,2,0,1,0,0,1,true,true,false,false,true,P2_HAS_ASSETS_NO_CLEAN_DATES,RECOVER_S2_CLOUD_COVER_METADATA,MISSING_ACQUISITION_DATE;MISSING_NUMERIC_CLOUD_COVER_S2_ONLY;UNKNOWN_ASSET_TYPE,true
patch_recife_00019,Recife,0,unknown,3,2,0,1,0,0,1,true,true,false,false,true,P2_HAS_ASSETS_NO_CLEAN_DATES,RECOVER_S2_CLOUD_COVER_METADATA,MISSING_ACQUISITION_DATE;MISSING_NUMERIC_CLOUD_COVER_S2_ONLY;UNKNOWN_ASSET_TYPE,true
patch_recife_00183,Recife,0,unknown,3,2,0,1,0,0,1,true,true,false,false,true,P2_HAS_ASSETS_NO_CLEAN_DATES,RECOVER_S2_CLOUD_COVER_METADATA,MISSING_ACQUISITION_DATE;MISSING_NUMERIC_CLOUD_COVER_S2_ONLY;UNKNOWN_ASSET_TYPE,true
patch_recife_00204,Recife,0,unknown,3,2,0,1,0,0,1,true,true,false,false,true,P2_HAS_ASSETS_NO_CLEAN_DATES,RECOVER_S2_CLOUD_COVER_METADATA,MISSING_ACQUISITION_DATE;MISSING_NUMERIC_CLOUD_COVER_S2_ONLY;UNKNOWN_ASSET_TYPE,true
patch_recife_00205,Recife,0,unknown,3,2,0,1,0,0,1,true,true,false,false,true,P2_HAS_ASSETS_NO_CLEAN_DATES,RECOVER_S2_CLOUD_COVER_METADATA,MISSING_ACQUISITION_DATE;MISSING_NUMERIC_CLOUD_COVER_S2_ONLY;UNKNOWN_ASSET_TYPE,true
patch_recife_00227,Recife,0,unknown,3,2,0,1,0,0,1,true,true,false,false,true,P2_HAS_ASSETS_NO_CLEAN_DATES,RECOVER_S2_CLOUD_COVER_METADATA,MISSING_ACQUISITION_DATE;MISSING_NUMERIC_CLOUD_COVER_S2_ONLY;UNKNOWN_ASSET_TYPE,true
patch_recife_00260,Recife,0,unknown,3,2,0,1,0,0,1,true,true,false,false,true,P2_HAS_ASSETS_NO_CLEAN_DATES,RECOVER_S2_CLOUD_COVER_METADATA,MISSING_ACQUISITION_DATE;MISSING_NUMERIC_CLOUD_COVER_S2_ONLY;UNKNOWN_ASSET_TYPE,true
patch_recife_00276,Recife,0,unknown,3,2,0,1,0,0,1,true,true,false,false,true,P2_HAS_ASSETS_NO_CLEAN_DATES,RECOVER_S2_CLOUD_COVER_METADATA,MISSING_ACQUISITION_DATE;MISSING_NUMERIC_CLOUD_COVER_S2_ONLY;UNKNOWN_ASSET_TYPE,true
patch_recife_00279,Recife,0,unknown,3,2,0,1,0,0,1,true,true,false,false,true,P2_HAS_ASSETS_NO_CLEAN_DATES,RECOVER_S2_CLOUD_COVER_METADATA,MISSING_ACQUISITION_DATE;MISSING_NUMERIC_CLOUD_COVER_S2_ONLY;UNKNOWN_ASSET_TYPE,true
patch_recife_00289,Recife,0,unknown,3,2,0,1,0,0,1,true,true,false,false,true,P2_HAS_ASSETS_NO_CLEAN_DATES,RECOVER_S2_CLOUD_COVER_METADATA,MISSING_ACQUISITION_DATE;MISSING_NUMERIC_CLOUD_COVER_S2_ONLY;UNKNOWN_ASSET_TYPE,true
patch_recife_00290,Recife,0,unknown,3,2,0,1,0,0,1,true,true,false,false,true,P2_HAS_ASSETS_NO_CLEAN_DATES,RECOVER_S2_CLOUD_COVER_METADATA,MISSING_ACQUISITION_DATE;MISSING_NUMERIC_CLOUD_COVER_S2_ONLY;UNKNOWN_ASSET_TYPE,true
patch_recife_00291,Recife,0,unknown,3,2,0,1,0,0,1,true,true,false,false,true,P2_HAS_ASSETS_NO_CLEAN_DATES,RECOVER_S2_CLOUD_COVER_METADATA,MISSING_ACQUISITION_DATE;MISSING_NUMERIC_CLOUD_COVER_S2_ONLY;UNKNOWN_ASSET_TYPE,true
patch_recife_00292,Recife,0,unknown,3,2,0,1,0,0,1,true,true,false,false,true,P2_HAS_ASSETS_NO_CLEAN_DATES,RECOVER_S2_CLOUD_COVER_METADATA,MISSING_ACQUISITION_DATE;MISSING_NUMERIC_CLOUD_COVER_S2_ONLY;UNKNOWN_ASSET_TYPE,true
patch_recife_00294,Recife,0,unknown,3,2,0,1,0,0,1,true,true,false,false,true,P2_HAS_ASSETS_NO_CLEAN_DATES,RECOVER_S2_CLOUD_COVER_METADATA,MISSING_ACQUISITION_DATE;MISSING_NUMERIC_CLOUD_COVER_S2_ONLY;UNKNOWN_ASSET_TYPE,true
patch_recife_00296,Recife,0,unknown,3,2,0,1,0,0,1,true,true,false,false,true,P2_HAS_ASSETS_NO_CLEAN_DATES,RECOVER_S2_CLOUD_COVER_METADATA,MISSING_ACQUISITION_DATE;MISSING_NUMERIC_CLOUD_COVER_S2_ONLY;UNKNOWN_ASSET_TYPE,true
patch_recife_00299,Recife,0,unknown,3,2,0,1,0,0,1,true,true,false,false,true,P2_HAS_ASSETS_NO_CLEAN_DATES,RECOVER_S2_CLOUD_COVER_METADATA,MISSING_ACQUISITION_DATE;MISSING_NUMERIC_CLOUD_COVER_S2_ONLY;UNKNOWN_ASSET_TYPE,true
patch_recife_00302,Recife,0,unknown,3,2,0,1,0,0,1,true,true,false,false,true,P2_HAS_ASSETS_NO_CLEAN_DATES,RECOVER_S2_CLOUD_COVER_METADATA,MISSING_ACQUISITION_DATE;MISSING_NUMERIC_CLOUD_COVER_S2_ONLY;UNKNOWN_ASSET_TYPE,true
patch_recife_00313,Recife,0,unknown,3,2,0,1,0,0,1,true,true,false,false,true,P2_HAS_ASSETS_NO_CLEAN_DATES,RECOVER_S2_CLOUD_COVER_METADATA,MISSING_ACQUISITION_DATE;MISSING_NUMERIC_CLOUD_COVER_S2_ONLY;UNKNOWN_ASSET_TYPE,true
patch_recife_00314,Recife,0,unknown,3,2,0,1,0,0,1,true,true,false,false,true,P2_HAS_ASSETS_NO_CLEAN_DATES,RECOVER_S2_CLOUD_COVER_METADATA,MISSING_ACQUISITION_DATE;MISSING_NUMERIC_CLOUD_COVER_S2_ONLY;UNKNOWN_ASSET_TYPE,true
patch_recife_00354,Recife,0,unknown,3,2,0,1,0,0,1,true,true,false,false,true,P2_HAS_ASSETS_NO_CLEAN_DATES,RECOVER_S2_CLOUD_COVER_METADATA,MISSING_ACQUISITION_DATE;MISSING_NUMERIC_CLOUD_COVER_S2_ONLY;UNKNOWN_ASSET_TYPE,true
patch_recife_00355,Recife,0,unknown,3,2,0,1,0,0,1,true,true,false,false,true,P2_HAS_ASSETS_NO_CLEAN_DATES,RECOVER_S2_CLOUD_COVER_METADATA,MISSING_ACQUISITION_DATE;MISSING_NUMERIC_CLOUD_COVER_S2_ONLY;UNKNOWN_ASSET_TYPE,true
patch_recife_00364,Recife,0,unknown,3,2,0,1,0,0,1,true,true,false,false,true,P2_HAS_ASSETS_NO_CLEAN_DATES,RECOVER_S2_CLOUD_COVER_METADATA,MISSING_ACQUISITION_DATE;MISSING_NUMERIC_CLOUD_COVER_S2_ONLY;UNKNOWN_ASSET_TYPE,true
patch_recife_00388,Recife,0,unknown,3,2,0,1,0,0,1,true,true,false,false,true,P2_HAS_ASSETS_NO_CLEAN_DATES,RECOVER_S2_CLOUD_COVER_METADATA,MISSING_ACQUISITION_DATE;MISSING_NUMERIC_CLOUD_COVER_S2_ONLY;UNKNOWN_ASSET_TYPE,true
patch_recife_00458,Recife,0,unknown,3,2,0,1,0,0,1,true,true,false,false,true,P2_HAS_ASSETS_NO_CLEAN_DATES,RECOVER_S2_CLOUD_COVER_METADATA,MISSING_ACQUISITION_DATE;MISSING_NUMERIC_CLOUD_COVER_S2_ONLY;UNKNOWN_ASSET_TYPE,true
patch_recife_00460,Recife,0,unknown,3,2,0,1,0,0,1,true,true,false,false,true,P2_HAS_ASSETS_NO_CLEAN_DATES,RECOVER_S2_CLOUD_COVER_METADATA,MISSING_ACQUISITION_DATE;MISSING_NUMERIC_CLOUD_COVER_S2_ONLY;UNKNOWN_ASSET_TYPE,true
patch_recife_00481,Recife,0,unknown,3,2,0,1,0,0,1,true,true,false,false,true,P2_HAS_ASSETS_NO_CLEAN_DATES,RECOVER_S2_CLOUD_COVER_METADATA,MISSING_ACQUISITION_DATE;MISSING_NUMERIC_CLOUD_COVER_S2_ONLY;UNKNOWN_ASSET_TYPE,true
patch_recife_00482,Recife,0,unknown,3,2,0,1,0,0,1,true,true,false,false,true,P2_HAS_ASSETS_NO_CLEAN_DATES,RECOVER_S2_CLOUD_COVER_METADATA,MISSING_ACQUISITION_DATE;MISSING_NUMERIC_CLOUD_COVER_S2_ONLY;UNKNOWN_ASSET_TYPE,true
patch_recife_00483,Recife,0,unknown,3,2,0,1,0,0,1,true,true,false,false,true,P2_HAS_ASSETS_NO_CLEAN_DATES,RECOVER_S2_CLOUD_COVER_METADATA,MISSING_ACQUISITION_DATE;MISSING_NUMERIC_CLOUD_COVER_S2_ONLY;UNKNOWN_ASSET_TYPE,true
patch_recife_00501,Recife,0,unknown,3,2,0,1,0,0,1,true,true,false,false,true,P2_HAS_ASSETS_NO_CLEAN_DATES,RECOVER_S2_CLOUD_COVER_METADATA,MISSING_ACQUISITION_DATE;MISSING_NUMERIC_CLOUD_COVER_S2_ONLY;UNKNOWN_ASSET_TYPE,true
patch_recife_00502,Recife,0,unknown,3,2,0,1,0,0,1,true,true,false,false,true,P2_HAS_ASSETS_NO_CLEAN_DATES,RECOVER_S2_CLOUD_COVER_METADATA,MISSING_ACQUISITION_DATE;MISSING_NUMERIC_CLOUD_COVER_S2_ONLY;UNKNOWN_ASSET_TYPE,true
patch_recife_00503,Recife,0,unknown,3,2,0,1,0,0,1,true,true,false,false,true,P2_HAS_ASSETS_NO_CLEAN_DATES,RECOVER_S2_CLOUD_COVER_METADATA,MISSING_ACQUISITION_DATE;MISSING_NUMERIC_CLOUD_COVER_S2_ONLY;UNKNOWN_ASSET_TYPE,true
patch_recife_00505,Recife,0,unknown,3,2,0,1,0,0,1,true,true,false,false,true,P2_HAS_ASSETS_NO_CLEAN_DATES,RECOVER_S2_CLOUD_COVER_METADATA,MISSING_ACQUISITION_DATE;MISSING_NUMERIC_CLOUD_COVER_S2_ONLY;UNKNOWN_ASSET_TYPE,true
patch_recife_00506,Recife,0,unknown,3,2,0,1,0,0,1,true,true,false,false,true,P2_HAS_ASSETS_NO_CLEAN_DATES,RECOVER_S2_CLOUD_COVER_METADATA,MISSING_ACQUISITION_DATE;MISSING_NUMERIC_CLOUD_COVER_S2_ONLY;UNKNOWN_ASSET_TYPE,true
patch_recife_00525,Recife,0,unknown,3,2,0,1,0,0,1,true,true,false,false,true,P2_HAS_ASSETS_NO_CLEAN_DATES,RECOVER_S2_CLOUD_COVER_METADATA,MISSING_ACQUISITION_DATE;MISSING_NUMERIC_CLOUD_COVER_S2_ONLY;UNKNOWN_ASSET_TYPE,true
patch_recife_00526,Recife,0,unknown,3,2,0,1,0,0,1,true,true,false,false,true,P2_HAS_ASSETS_NO_CLEAN_DATES,RECOVER_S2_CLOUD_COVER_METADATA,MISSING_ACQUISITION_DATE;MISSING_NUMERIC_CLOUD_COVER_S2_ONLY;UNKNOWN_ASSET_TYPE,true
patch_recife_00529,Recife,0,unknown,3,2,0,1,0,0,1,true,true,false,false,true,P2_HAS_ASSETS_NO_CLEAN_DATES,RECOVER_S2_CLOUD_COVER_METADATA,MISSING_ACQUISITION_DATE;MISSING_NUMERIC_CLOUD_COVER_S2_ONLY;UNKNOWN_ASSET_TYPE,true
patch_recife_00548,Recife,0,unknown,3,2,0,1,0,0,1,true,true,false,false,true,P2_HAS_ASSETS_NO_CLEAN_DATES,RECOVER_S2_CLOUD_COVER_METADATA,MISSING_ACQUISITION_DATE;MISSING_NUMERIC_CLOUD_COVER_S2_ONLY;UNKNOWN_ASSET_TYPE,true
patch_recife_00550,Recife,0,unknown,3,2,0,1,0,0,1,true,true,false,false,true,P2_HAS_ASSETS_NO_CLEAN_DATES,RECOVER_S2_CLOUD_COVER_METADATA,MISSING_ACQUISITION_DATE;MISSING_NUMERIC_CLOUD_COVER_S2_ONLY;UNKNOWN_ASSET_TYPE,true
petropolis_00104__sentinel__B3B8B11__10m__v1,Petropolis,0,unknown,3,1,0,1,0,0,0,true,true,false,false,true,P2_HAS_ASSETS_NO_CLEAN_DATES,RECOVER_S2_CLOUD_COVER_METADATA,MISSING_ACQUISITION_DATE;MISSING_NUMERIC_CLOUD_COVER_S2_ONLY,true
petropolis_00119__sentinel__B3B8B11__10m__v1,Petropolis,0,unknown,3,1,0,1,0,0,0,true,true,false,false,true,P2_HAS_ASSETS_NO_CLEAN_DATES,RECOVER_S2_CLOUD_COVER_METADATA,MISSING_ACQUISITION_DATE;MISSING_NUMERIC_CLOUD_COVER_S2_ONLY,true
petropolis_00140__sentinel__B3B8B11__10m__v1,Petropolis,0,unknown,3,1,0,1,0,0,0,true,true,false,false,true,P2_HAS_ASSETS_NO_CLEAN_DATES,RECOVER_S2_CLOUD_COVER_METADATA,MISSING_ACQUISITION_DATE;MISSING_NUMERIC_CLOUD_COVER_S2_ONLY,true
petropolis_00240__sentinel__B3B8B11__10m__v1,Petropolis,0,unknown,3,1,0,1,0,0,0,true,true,false,false,true,P2_HAS_ASSETS_NO_CLEAN_DATES,RECOVER_S2_CLOUD_COVER_METADATA,MISSING_ACQUISITION_DATE;MISSING_NUMERIC_CLOUD_COVER_S2_ONLY,true
petropolis_00257__sentinel__B3B8B11__10m__v1,Petropolis,0,unknown,3,1,0,1,0,0,0,true,true,false,false,true,P2_HAS_ASSETS_NO_CLEAN_DATES,RECOVER_S2_CLOUD_COVER_METADATA,MISSING_ACQUISITION_DATE;MISSING_NUMERIC_CLOUD_COVER_S2_ONLY,true
petropolis_00275__sentinel__B3B8B11__10m__v1,Petropolis,0,unknown,3,1,0,1,0,0,0,true,true,false,false,true,P2_HAS_ASSETS_NO_CLEAN_DATES,RECOVER_S2_CLOUD_COVER_METADATA,MISSING_ACQUISITION_DATE;MISSING_NUMERIC_CLOUD_COVER_S2_ONLY,true
petropolis_00291__sentinel__B3B8B11__10m__v1,Petropolis,0,unknown,3,1,0,1,0,0,0,true,true,false,false,true,P2_HAS_ASSETS_NO_CLEAN_DATES,RECOVER_S2_CLOUD_COVER_METADATA,MISSING_ACQUISITION_DATE;MISSING_NUMERIC_CLOUD_COVER_S2_ONLY,true
petropolis_00315__sentinel__B3B8B11__10m__v1,Petropolis,0,unknown,3,1,0,1,0,0,0,true,true,false,false,true,P2_HAS_ASSETS_NO_CLEAN_DATES,RECOVER_S2_CLOUD_COVER_METADATA,MISSING_ACQUISITION_DATE;MISSING_NUMERIC_CLOUD_COVER_S2_ONLY,true
petropolis_00360__sentinel__B3B8B11__10m__v1,Petropolis,0,unknown,3,1,0,1,0,0,0,true,true,false,false,true,P2_HAS_ASSETS_NO_CLEAN_DATES,RECOVER_S2_CLOUD_COVER_METADATA,MISSING_ACQUISITION_DATE;MISSING_NUMERIC_CLOUD_COVER_S2_ONLY,true
petropolis_00362__sentinel__B3B8B11__10m__v1,Petropolis,0,unknown,3,1,0,1,0,0,0,true,true,false,false,true,P2_HAS_ASSETS_NO_CLEAN_DATES,RECOVER_S2_CLOUD_COVER_METADATA,MISSING_ACQUISITION_DATE;MISSING_NUMERIC_CLOUD_COVER_S2_ONLY,true
petropolis_00396__sentinel__B3B8B11__10m__v1,Petropolis,0,unknown,3,1,0,1,0,0,0,true,true,false,false,true,P2_HAS_ASSETS_NO_CLEAN_DATES,RECOVER_S2_CLOUD_COVER_METADATA,MISSING_ACQUISITION_DATE;MISSING_NUMERIC_CLOUD_COVER_S2_ONLY,true
petropolis_00397__sentinel__B3B8B11__10m__v1,Petropolis,0,unknown,3,1,0,1,0,0,0,true,true,false,false,true,P2_HAS_ASSETS_NO_CLEAN_DATES,RECOVER_S2_CLOUD_COVER_METADATA,MISSING_ACQUISITION_DATE;MISSING_NUMERIC_CLOUD_COVER_S2_ONLY,true
petropolis_00404__sentinel__B3B8B11__10m__v1,Petropolis,0,unknown,3,1,0,1,0,0,0,true,true,false,false,true,P2_HAS_ASSETS_NO_CLEAN_DATES,RECOVER_S2_CLOUD_COVER_METADATA,MISSING_ACQUISITION_DATE;MISSING_NUMERIC_CLOUD_COVER_S2_ONLY,true
petropolis_00431__sentinel__B3B8B11__10m__v1,Petropolis,0,unknown,3,1,0,1,0,0,0,true,true,false,false,true,P2_HAS_ASSETS_NO_CLEAN_DATES,RECOVER_S2_CLOUD_COVER_METADATA,MISSING_ACQUISITION_DATE;MISSING_NUMERIC_CLOUD_COVER_S2_ONLY,true
petropolis_00467__sentinel__B3B8B11__10m__v1,Petropolis,0,unknown,3,1,0,1,0,0,0,true,true,false,false,true,P2_HAS_ASSETS_NO_CLEAN_DATES,RECOVER_S2_CLOUD_COVER_METADATA,MISSING_ACQUISITION_DATE;MISSING_NUMERIC_CLOUD_COVER_S2_ONLY,true
petropolis_00506__sentinel__B3B8B11__10m__v1,Petropolis,0,unknown,3,1,0,1,0,0,0,true,true,false,false,true,P2_HAS_ASSETS_NO_CLEAN_DATES,RECOVER_S2_CLOUD_COVER_METADATA,MISSING_ACQUISITION_DATE;MISSING_NUMERIC_CLOUD_COVER_S2_ONLY,true
petropolis_00507__sentinel__B3B8B11__10m__v1,Petropolis,0,unknown,3,1,0,1,0,0,0,true,true,false,false,true,P2_HAS_ASSETS_NO_CLEAN_DATES,RECOVER_S2_CLOUD_COVER_METADATA,MISSING_ACQUISITION_DATE;MISSING_NUMERIC_CLOUD_COVER_S2_ONLY,true
petropolis_00579__sentinel__B3B8B11__10m__v1,Petropolis,0,unknown,3,1,0,1,0,0,0,true,true,false,false,true,P2_HAS_ASSETS_NO_CLEAN_DATES,RECOVER_S2_CLOUD_COVER_METADATA,MISSING_ACQUISITION_DATE;MISSING_NUMERIC_CLOUD_COVER_S2_ONLY,true
petropolis_00614__sentinel__B3B8B11__10m__v1,Petropolis,0,unknown,3,1,0,1,0,0,0,true,true,false,false,true,P2_HAS_ASSETS_NO_CLEAN_DATES,RECOVER_S2_CLOUD_COVER_METADATA,MISSING_ACQUISITION_DATE;MISSING_NUMERIC_CLOUD_COVER_S2_ONLY,true
petropolis_00615__sentinel__B3B8B11__10m__v1,Petropolis,0,unknown,3,1,0,1,0,0,0,true,true,false,false,true,P2_HAS_ASSETS_NO_CLEAN_DATES,RECOVER_S2_CLOUD_COVER_METADATA,MISSING_ACQUISITION_DATE;MISSING_NUMERIC_CLOUD_COVER_S2_ONLY,true
petropolis_00617__sentinel__B3B8B11__10m__v1,Petropolis,0,unknown,3,1,0,1,0,0,0,true,true,false,false,true,P2_HAS_ASSETS_NO_CLEAN_DATES,RECOVER_S2_CLOUD_COVER_METADATA,MISSING_ACQUISITION_DATE;MISSING_NUMERIC_CLOUD_COVER_S2_ONLY,true
petropolis_00618__sentinel__B3B8B11__10m__v1,Petropolis,0,unknown,3,1,0,1,0,0,0,true,true,false,false,true,P2_HAS_ASSETS_NO_CLEAN_DATES,RECOVER_S2_CLOUD_COVER_METADATA,MISSING_ACQUISITION_DATE;MISSING_NUMERIC_CLOUD_COVER_S2_ONLY,true
petropolis_00641__sentinel__B3B8B11__10m__v1,Petropolis,0,unknown,3,1,0,1,0,0,0,true,true,false,false,true,P2_HAS_ASSETS_NO_CLEAN_DATES,RECOVER_S2_CLOUD_COVER_METADATA,MISSING_ACQUISITION_DATE;MISSING_NUMERIC_CLOUD_COVER_S2_ONLY,true
petropolis_00649__sentinel__B3B8B11__10m__v1,Petropolis,0,unknown,3,1,0,1,0,0,0,true,true,false,false,true,P2_HAS_ASSETS_NO_CLEAN_DATES,RECOVER_S2_CLOUD_COVER_METADATA,MISSING_ACQUISITION_DATE;MISSING_NUMERIC_CLOUD_COVER_S2_ONLY,true
petropolis_00652__sentinel__B3B8B11__10m__v1,Petropolis,0,unknown,3,1,0,1,0,0,0,true,true,false,false,true,P2_HAS_ASSETS_NO_CLEAN_DATES,RECOVER_S2_CLOUD_COVER_METADATA,MISSING_ACQUISITION_DATE;MISSING_NUMERIC_CLOUD_COVER_S2_ONLY,true
petropolis_00720__sentinel__B3B8B11__10m__v1,Petropolis,0,unknown,3,1,0,1,0,0,0,true,true,false,false,true,P2_HAS_ASSETS_NO_CLEAN_DATES,RECOVER_S2_CLOUD_COVER_METADATA,MISSING_ACQUISITION_DATE;MISSING_NUMERIC_CLOUD_COVER_S2_ONLY,true
petropolis_00756__sentinel__B3B8B11__10m__v1,Petropolis,0,unknown,3,1,0,1,0,0,0,true,true,false,false,true,P2_HAS_ASSETS_NO_CLEAN_DATES,RECOVER_S2_CLOUD_COVER_METADATA,MISSING_ACQUISITION_DATE;MISSING_NUMERIC_CLOUD_COVER_S2_ONLY,true
petropolis_00789__sentinel__B3B8B11__10m__v1,Petropolis,0,unknown,3,1,0,1,0,0,0,true,true,false,false,true,P2_HAS_ASSETS_NO_CLEAN_DATES,RECOVER_S2_CLOUD_COVER_METADATA,MISSING_ACQUISITION_DATE;MISSING_NUMERIC_CLOUD_COVER_S2_ONLY,true
petropolis_00823__sentinel__B3B8B11__10m__v1,Petropolis,0,unknown,3,1,0,1,0,0,0,true,true,false,false,true,P2_HAS_ASSETS_NO_CLEAN_DATES,RECOVER_S2_CLOUD_COVER_METADATA,MISSING_ACQUISITION_DATE;MISSING_NUMERIC_CLOUD_COVER_S2_ONLY,true
petropolis_00825__sentinel__B3B8B11__10m__v1,Petropolis,0,unknown,3,1,0,1,0,0,0,true,true,false,false,true,P2_HAS_ASSETS_NO_CLEAN_DATES,RECOVER_S2_CLOUD_COVER_METADATA,MISSING_ACQUISITION_DATE;MISSING_NUMERIC_CLOUD_COVER_S2_ONLY,true
petropolis_00829__sentinel__B3B8B11__10m__v1,Petropolis,0,unknown,3,1,0,1,0,0,0,true,true,false,false,true,P2_HAS_ASSETS_NO_CLEAN_DATES,RECOVER_S2_CLOUD_COVER_METADATA,MISSING_ACQUISITION_DATE;MISSING_NUMERIC_CLOUD_COVER_S2_ONLY,true
petropolis_00860__sentinel__B3B8B11__10m__v1,Petropolis,0,unknown,3,1,0,1,0,0,0,true,true,false,false,true,P2_HAS_ASSETS_NO_CLEAN_DATES,RECOVER_S2_CLOUD_COVER_METADATA,MISSING_ACQUISITION_DATE;MISSING_NUMERIC_CLOUD_COVER_S2_ONLY,true
petropolis_00863__sentinel__B3B8B11__10m__v1,Petropolis,0,unknown,3,1,0,1,0,0,0,true,true,false,false,true,P2_HAS_ASSETS_NO_CLEAN_DATES,RECOVER_S2_CLOUD_COVER_METADATA,MISSING_ACQUISITION_DATE;MISSING_NUMERIC_CLOUD_COVER_S2_ONLY,true
petropolis_00865__sentinel__B3B8B11__10m__v1,Petropolis,0,unknown,3,1,0,1,0,0,0,true,true,false,false,true,P2_HAS_ASSETS_NO_CLEAN_DATES,RECOVER_S2_CLOUD_COVER_METADATA,MISSING_ACQUISITION_DATE;MISSING_NUMERIC_CLOUD_COVER_S2_ONLY,true
petropolis_00916__sentinel__B3B8B11__10m__v1,Petropolis,0,unknown,3,1,0,1,0,0,0,true,true,false,false,true,P2_HAS_ASSETS_NO_CLEAN_DATES,RECOVER_S2_CLOUD_COVER_METADATA,MISSING_ACQUISITION_DATE;MISSING_NUMERIC_CLOUD_COVER_S2_ONLY,true
petropolis_00986__sentinel__B3B8B11__10m__v1,Petropolis,0,unknown,3,1,0,1,0,0,0,true,true,false,false,true,P2_HAS_ASSETS_NO_CLEAN_DATES,RECOVER_S2_CLOUD_COVER_METADATA,MISSING_ACQUISITION_DATE;MISSING_NUMERIC_CLOUD_COVER_S2_ONLY,true
petropolis_01307__sentinel__B3B8B11__10m__v1,Petropolis,0,unknown,3,1,0,1,0,0,0,true,true,false,false,true,P2_HAS_ASSETS_NO_CLEAN_DATES,RECOVER_S2_CLOUD_COVER_METADATA,MISSING_ACQUISITION_DATE;MISSING_NUMERIC_CLOUD_COVER_S2_ONLY,true
petropolis_01323__sentinel__B3B8B11__10m__v1,Petropolis,0,unknown,3,1,0,1,0,0,0,true,true,false,false,true,P2_HAS_ASSETS_NO_CLEAN_DATES,RECOVER_S2_CLOUD_COVER_METADATA,MISSING_ACQUISITION_DATE;MISSING_NUMERIC_CLOUD_COVER_S2_ONLY,true
reference_patch_id,multiple_or_none;region,0,unknown,3,3,0,0,0,1,0,false,true,false,false,false,P2_HAS_ASSETS_NO_CLEAN_DATES,RECOVER_ACQUISITION_DATE_FROM_MANIFEST_OR_FILENAME_ONLY_IF_UNAMBIGUOUS,MISSING_ACQUISITION_DATE,true
