sar_target_id,geometry_target_id,target_id,source_replay_id,source_decision_id,event_id,patch_id,city,region,phenomenon_type,resolved_event_date,temporal_precision,pre_event_window_start,pre_event_window_end,post_event_window_start,post_event_window_end,window_status,source_authority,geometry_acquisition_status,geometry_priority_class,geometry_type,patch_link_quality,qa_status,uncertainty_m,sar_canary_eligibility,sar_canary_priority_score,sar_canary_priority_class,canary_selection_rank,selected_for_canary_pack,expected_future_sar_artifact_pt,expected_future_qa_artifact_pt,remains_review_only,trainable,eligible_for_training,eligible_for_ground_truth,score_v7_candidate,rationale_pt
SAR_0001,GEO_0001,TGT_0001,RP_0001,DEC_0001,S16ALOCG_00070,not_available,Petropolis,petropolis,flood,not_available,unknown,,,,,blocked_temporal_resolution_insufficient,local_project_official_artifact,geometria_parcial_resolvivel,bloqueado_por_geometria_insuficiente,not_available,not_available,not_available,not_available,bloqueado_temporalmente,0,bloqueado_para_sar,not_selected,false,"poligono candidato SAR pos-evento (referencia de avaliacao futura, nunca feature pre-evento)","QA humano do canario (aceite review-only, sem treino)",true,false,false,false,false,sem data ou sem janela operacional; nao ha base temporal para SAR
SAR_0002,GEO_0002,TGT_0002,RP_0002,DEC_0002,S16ALOCG_00072,not_available,Petropolis,petropolis,flood,not_available,unknown,,,,,blocked_temporal_resolution_insufficient,local_project_official_artifact,geometria_parcial_resolvivel,bloqueado_por_geometria_insuficiente,not_available,not_available,not_available,not_available,bloqueado_temporalmente,0,bloqueado_para_sar,not_selected,false,"poligono candidato SAR pos-evento (referencia de avaliacao futura, nunca feature pre-evento)","QA humano do canario (aceite review-only, sem treino)",true,false,false,false,false,sem data ou sem janela operacional; nao ha base temporal para SAR
SAR_0003,GEO_0003,TGT_0003,RP_0003,DEC_0003,S16ALOCG_00153,not_available,Petropolis,petropolis,flood,not_available,unknown,,,,,blocked_temporal_resolution_insufficient,local_project_official_artifact,geometria_parcial_resolvivel,bloqueado_por_geometria_insuficiente,not_available,not_available,not_available,not_available,bloqueado_temporalmente,0,bloqueado_para_sar,not_selected,false,"poligono candidato SAR pos-evento (referencia de avaliacao futura, nunca feature pre-evento)","QA humano do canario (aceite review-only, sem treino)",true,false,false,false,false,sem data ou sem janela operacional; nao ha base temporal para SAR
SAR_0004,GEO_0004,TGT_0004,RP_0004,DEC_0004,S16ALOCG_00155,not_available,Petropolis,petropolis,flood,not_available,unknown,,,,,blocked_temporal_resolution_insufficient,local_project_official_artifact,geometria_parcial_resolvivel,bloqueado_por_geometria_insuficiente,not_available,not_available,not_available,not_available,bloqueado_temporalmente,0,bloqueado_para_sar,not_selected,false,"poligono candidato SAR pos-evento (referencia de avaliacao futura, nunca feature pre-evento)","QA humano do canario (aceite review-only, sem treino)",true,false,false,false,false,sem data ou sem janela operacional; nao ha base temporal para SAR
SAR_0005,GEO_0005,TGT_0005,RP_0005,DEC_0005,S16ALOCG_00231,not_available,Recife,recife,flood,not_available,unknown,,,,,blocked_temporal_resolution_insufficient,local_project_official_artifact,geometria_parcial_resolvivel,bloqueado_por_geometria_insuficiente,not_available,not_available,not_available,not_available,bloqueado_temporalmente,0,bloqueado_para_sar,not_selected,false,"poligono candidato SAR pos-evento (referencia de avaliacao futura, nunca feature pre-evento)","QA humano do canario (aceite review-only, sem treino)",true,false,false,false,false,sem data ou sem janela operacional; nao ha base temporal para SAR
SAR_0006,GEO_0006,TGT_0006,RP_0006,DEC_0006,S16ALOCG_00244,not_available,Recife,recife,flood,not_available,unknown,,,,,blocked_temporal_resolution_insufficient,local_project_official_artifact,geometria_parcial_resolvivel,bloqueado_por_geometria_insuficiente,not_available,not_available,not_available,not_available,bloqueado_temporalmente,0,bloqueado_para_sar,not_selected,false,"poligono candidato SAR pos-evento (referencia de avaliacao futura, nunca feature pre-evento)","QA humano do canario (aceite review-only, sem treino)",true,false,false,false,false,sem data ou sem janela operacional; nao ha base temporal para SAR
SAR_0007,GEO_0007,TGT_0007,RP_0007,DEC_0007,S16ALOCG_00310,not_available,Recife,recife,flood,not_available,unknown,,,,,blocked_temporal_resolution_insufficient,local_project_official_artifact,geometria_parcial_resolvivel,prioridade_geometrica_baixa,Polygon,not_available,not_available,not_available,bloqueado_temporalmente,0,bloqueado_para_sar,not_selected,false,"poligono candidato SAR pos-evento (referencia de avaliacao futura, nunca feature pre-evento)","QA humano do canario (aceite review-only, sem treino)",true,false,false,false,false,sem data ou sem janela operacional; nao ha base temporal para SAR
SAR_0008,GEO_0008,TGT_0008,RP_0008,DEC_0008,S16ALOCG_00311,not_available,Recife,recife,flood,not_available,unknown,,,,,blocked_temporal_resolution_insufficient,local_project_official_artifact,geometria_parcial_resolvivel,prioridade_geometrica_baixa,point_set,not_available,not_available,not_available,bloqueado_temporalmente,0,bloqueado_para_sar,not_selected,false,"poligono candidato SAR pos-evento (referencia de avaliacao futura, nunca feature pre-evento)","QA humano do canario (aceite review-only, sem treino)",true,false,false,false,false,sem data ou sem janela operacional; nao ha base temporal para SAR
SAR_0009,GEO_0009,TGT_0009,RP_0009,DEC_0009,S16ALOCG_00316,not_available,Recife,recife,flood,not_available,unknown,,,,,blocked_temporal_resolution_insufficient,local_project_official_artifact,geometria_parcial_resolvivel,prioridade_geometrica_baixa,point_set,not_available,not_available,not_available,bloqueado_temporalmente,0,bloqueado_para_sar,not_selected,false,"poligono candidato SAR pos-evento (referencia de avaliacao futura, nunca feature pre-evento)","QA humano do canario (aceite review-only, sem treino)",true,false,false,false,false,sem data ou sem janela operacional; nao ha base temporal para SAR
SAR_0010,GEO_0010,TGT_0010,RP_0010,DEC_0010,S16ALOCG_00317,not_available,Recife,recife,flood,not_available,unknown,,,,,blocked_temporal_resolution_insufficient,local_project_official_artifact,geometria_parcial_resolvivel,prioridade_geometrica_baixa,point_set,not_available,not_available,not_available,bloqueado_temporalmente,0,bloqueado_para_sar,not_selected,false,"poligono candidato SAR pos-evento (referencia de avaliacao futura, nunca feature pre-evento)","QA humano do canario (aceite review-only, sem treino)",true,false,false,false,false,sem data ou sem janela operacional; nao ha base temporal para SAR
SAR_0011,GEO_0011,TGT_0011,RP_0011,DEC_0011,S16ALOCG_00003,curitiba_00038,Curitiba,curitiba,flood,not_available,unknown,,,,,blocked_temporal_resolution_insufficient,local_project_official_artifact,geometria_parcial_resolvivel,prioridade_geometrica_baixa,Polygon,high_spatial_overlap,not_available,not_available,bloqueado_temporalmente,17,bloqueado_para_sar,not_selected,false,"poligono candidato SAR pos-evento (referencia de avaliacao futura, nunca feature pre-evento)","QA humano do canario (aceite review-only, sem treino)",true,false,false,false,false,sem data ou sem janela operacional; nao ha base temporal para SAR
SAR_0012,GEO_0012,TGT_0012,RP_0012,DEC_0012,S16ALOCG_00003,curitiba_00073,Curitiba,curitiba,flood,not_available,unknown,,,,,blocked_temporal_resolution_insufficient,local_project_official_artifact,geometria_parcial_resolvivel,prioridade_geometrica_baixa,Polygon,high_spatial_overlap,not_available,not_available,bloqueado_temporalmente,17,bloqueado_para_sar,not_selected,false,"poligono candidato SAR pos-evento (referencia de avaliacao futura, nunca feature pre-evento)","QA humano do canario (aceite review-only, sem treino)",true,false,false,false,false,sem data ou sem janela operacional; nao ha base temporal para SAR
SAR_0013,GEO_0013,TGT_0013,RP_0013,DEC_0013,S16ALOCG_00003,curitiba_00163,Curitiba,curitiba,flood,not_available,unknown,,,,,blocked_temporal_resolution_insufficient,local_project_official_artifact,geometria_parcial_resolvivel,prioridade_geometrica_baixa,Polygon,high_spatial_overlap,not_available,not_available,bloqueado_temporalmente,17,bloqueado_para_sar,not_selected,false,"poligono candidato SAR pos-evento (referencia de avaliacao futura, nunca feature pre-evento)","QA humano do canario (aceite review-only, sem treino)",true,false,false,false,false,sem data ou sem janela operacional; nao ha base temporal para SAR
SAR_0014,GEO_0014,TGT_0014,RP_0014,DEC_0014,S16ALOCG_00106,curitiba_00038,Curitiba,curitiba,flood,not_available,unknown,,,,,blocked_temporal_resolution_insufficient,local_project_official_artifact,geometria_parcial_resolvivel,prioridade_geometrica_baixa,Polygon,high_spatial_overlap,not_available,not_available,bloqueado_temporalmente,17,bloqueado_para_sar,not_selected,false,"poligono candidato SAR pos-evento (referencia de avaliacao futura, nunca feature pre-evento)","QA humano do canario (aceite review-only, sem treino)",true,false,false,false,false,sem data ou sem janela operacional; nao ha base temporal para SAR
SAR_0015,GEO_0015,TGT_0015,RP_0015,DEC_0015,S16ALOCG_00106,curitiba_00073,Curitiba,curitiba,flood,not_available,unknown,,,,,blocked_temporal_resolution_insufficient,local_project_official_artifact,geometria_parcial_resolvivel,prioridade_geometrica_baixa,Polygon,high_spatial_overlap,not_available,not_available,bloqueado_temporalmente,17,bloqueado_para_sar,not_selected,false,"poligono candidato SAR pos-evento (referencia de avaliacao futura, nunca feature pre-evento)","QA humano do canario (aceite review-only, sem treino)",true,false,false,false,false,sem data ou sem janela operacional; nao ha base temporal para SAR
SAR_0016,GEO_0016,TGT_0016,RP_0016,DEC_0016,S16ALOCG_00106,curitiba_00163,Curitiba,curitiba,flood,not_available,unknown,,,,,blocked_temporal_resolution_insufficient,local_project_official_artifact,geometria_parcial_resolvivel,prioridade_geometrica_baixa,Polygon,high_spatial_overlap,not_available,not_available,bloqueado_temporalmente,17,bloqueado_para_sar,not_selected,false,"poligono candidato SAR pos-evento (referencia de avaliacao futura, nunca feature pre-evento)","QA humano do canario (aceite review-only, sem treino)",true,false,false,false,false,sem data ou sem janela operacional; nao ha base temporal para SAR
SAR_0017,GEO_0017,TGT_0017,RP_0017,DEC_0017,S16ALOCG_00106,curitiba_00249,Curitiba,curitiba,flood,not_available,unknown,,,,,blocked_temporal_resolution_insufficient,local_project_official_artifact,geometria_parcial_resolvivel,prioridade_geometrica_baixa,Polygon,high_spatial_overlap,not_available,not_available,bloqueado_temporalmente,17,bloqueado_para_sar,not_selected,false,"poligono candidato SAR pos-evento (referencia de avaliacao futura, nunca feature pre-evento)","QA humano do canario (aceite review-only, sem treino)",true,false,false,false,false,sem data ou sem janela operacional; nao ha base temporal para SAR
SAR_0018,GEO_0018,TGT_0018,RP_0018,DEC_0018,S16ALOCG_00106,curitiba_00289,Curitiba,curitiba,flood,not_available,unknown,,,,,blocked_temporal_resolution_insufficient,local_project_official_artifact,geometria_parcial_resolvivel,prioridade_geometrica_baixa,Polygon,high_spatial_overlap,not_available,not_available,bloqueado_temporalmente,17,bloqueado_para_sar,not_selected,false,"poligono candidato SAR pos-evento (referencia de avaliacao futura, nunca feature pre-evento)","QA humano do canario (aceite review-only, sem treino)",true,false,false,false,false,sem data ou sem janela operacional; nao ha base temporal para SAR
SAR_0019,GEO_0019,TGT_0019,RP_0019,DEC_0019,S16ALOCG_00106,curitiba_00293,Curitiba,curitiba,flood,not_available,unknown,,,,,blocked_temporal_resolution_insufficient,local_project_official_artifact,geometria_parcial_resolvivel,prioridade_geometrica_baixa,Polygon,high_spatial_overlap,not_available,not_available,bloqueado_temporalmente,17,bloqueado_para_sar,not_selected,false,"poligono candidato SAR pos-evento (referencia de avaliacao futura, nunca feature pre-evento)","QA humano do canario (aceite review-only, sem treino)",true,false,false,false,false,sem data ou sem janela operacional; nao ha base temporal para SAR
SAR_0020,GEO_0020,TGT_0020,RP_0020,DEC_0020,S16ALOCG_00106,curitiba_00305,Curitiba,curitiba,flood,not_available,unknown,,,,,blocked_temporal_resolution_insufficient,local_project_official_artifact,geometria_parcial_resolvivel,prioridade_geometrica_baixa,Polygon,moderate_spatial_overlap,not_available,not_available,bloqueado_temporalmente,17,bloqueado_para_sar,not_selected,false,"poligono candidato SAR pos-evento (referencia de avaliacao futura, nunca feature pre-evento)","QA humano do canario (aceite review-only, sem treino)",true,false,false,false,false,sem data ou sem janela operacional; nao ha base temporal para SAR
SAR_0021,GEO_0021,TGT_0021,RP_0021,DEC_0021,S16ALOCG_00106,curitiba_00339,Curitiba,curitiba,flood,not_available,unknown,,,,,blocked_temporal_resolution_insufficient,local_project_official_artifact,geometria_parcial_resolvivel,prioridade_geometrica_baixa,Polygon,high_spatial_overlap,not_available,not_available,bloqueado_temporalmente,17,bloqueado_para_sar,not_selected,false,"poligono candidato SAR pos-evento (referencia de avaliacao futura, nunca feature pre-evento)","QA humano do canario (aceite review-only, sem treino)",true,false,false,false,false,sem data ou sem janela operacional; nao ha base temporal para SAR
SAR_0022,GEO_0022,TGT_0022,RP_0022,DEC_0022,S16ALOCG_00106,curitiba_00340,Curitiba,curitiba,flood,not_available,unknown,,,,,blocked_temporal_resolution_insufficient,local_project_official_artifact,geometria_parcial_resolvivel,prioridade_geometrica_baixa,Polygon,moderate_spatial_overlap,not_available,not_available,bloqueado_temporalmente,17,bloqueado_para_sar,not_selected,false,"poligono candidato SAR pos-evento (referencia de avaliacao futura, nunca feature pre-evento)","QA humano do canario (aceite review-only, sem treino)",true,false,false,false,false,sem data ou sem janela operacional; nao ha base temporal para SAR
SAR_0023,GEO_0023,TGT_0023,RP_0023,DEC_0023,S16ALOCG_00106,curitiba_00357,Curitiba,curitiba,flood,not_available,unknown,,,,,blocked_temporal_resolution_insufficient,local_project_official_artifact,geometria_parcial_resolvivel,prioridade_geometrica_baixa,Polygon,high_spatial_overlap,not_available,not_available,bloqueado_temporalmente,17,bloqueado_para_sar,not_selected,false,"poligono candidato SAR pos-evento (referencia de avaliacao futura, nunca feature pre-evento)","QA humano do canario (aceite review-only, sem treino)",true,false,false,false,false,sem data ou sem janela operacional; nao ha base temporal para SAR
SAR_0024,GEO_0024,TGT_0024,RP_0024,DEC_0024,S16ALOCG_00106,curitiba_00365,Curitiba,curitiba,flood,not_available,unknown,,,,,blocked_temporal_resolution_insufficient,local_project_official_artifact,geometria_parcial_resolvivel,prioridade_geometrica_baixa,Polygon,high_spatial_overlap,not_available,not_available,bloqueado_temporalmente,17,bloqueado_para_sar,not_selected,false,"poligono candidato SAR pos-evento (referencia de avaliacao futura, nunca feature pre-evento)","QA humano do canario (aceite review-only, sem treino)",true,false,false,false,false,sem data ou sem janela operacional; nao ha base temporal para SAR
SAR_0025,GEO_0025,TGT_0025,RP_0025,DEC_0025,S16ALOCG_00106,curitiba_00367,Curitiba,curitiba,flood,not_available,unknown,,,,,blocked_temporal_resolution_insufficient,local_project_official_artifact,geometria_parcial_resolvivel,prioridade_geometrica_baixa,Polygon,high_spatial_overlap,not_available,not_available,bloqueado_temporalmente,17,bloqueado_para_sar,not_selected,false,"poligono candidato SAR pos-evento (referencia de avaliacao futura, nunca feature pre-evento)","QA humano do canario (aceite review-only, sem treino)",true,false,false,false,false,sem data ou sem janela operacional; nao ha base temporal para SAR
SAR_0026,GEO_0026,TGT_0026,RP_0026,DEC_0026,S16ALOCG_00106,curitiba_00374,Curitiba,curitiba,flood,not_available,unknown,,,,,blocked_temporal_resolution_insufficient,local_project_official_artifact,geometria_parcial_resolvivel,prioridade_geometrica_baixa,Polygon,high_spatial_overlap,not_available,not_available,bloqueado_temporalmente,17,bloqueado_para_sar,not_selected,false,"poligono candidato SAR pos-evento (referencia de avaliacao futura, nunca feature pre-evento)","QA humano do canario (aceite review-only, sem treino)",true,false,false,false,false,sem data ou sem janela operacional; nao ha base temporal para SAR
SAR_0027,GEO_0027,TGT_0027,RP_0027,DEC_0027,S16ALOCG_00106,curitiba_00392,Curitiba,curitiba,flood,not_available,unknown,,,,,blocked_temporal_resolution_insufficient,local_project_official_artifact,geometria_parcial_resolvivel,prioridade_geometrica_baixa,Polygon,high_spatial_overlap,not_available,not_available,bloqueado_temporalmente,17,bloqueado_para_sar,not_selected,false,"poligono candidato SAR pos-evento (referencia de avaliacao futura, nunca feature pre-evento)","QA humano do canario (aceite review-only, sem treino)",true,false,false,false,false,sem data ou sem janela operacional; nao ha base temporal para SAR
SAR_0028,GEO_0028,TGT_0028,RP_0028,DEC_0028,S16ALOCG_00106,curitiba_00399,Curitiba,curitiba,flood,not_available,unknown,,,,,blocked_temporal_resolution_insufficient,local_project_official_artifact,geometria_parcial_resolvivel,prioridade_geometrica_baixa,Polygon,high_spatial_overlap,not_available,not_available,bloqueado_temporalmente,17,bloqueado_para_sar,not_selected,false,"poligono candidato SAR pos-evento (referencia de avaliacao futura, nunca feature pre-evento)","QA humano do canario (aceite review-only, sem treino)",true,false,false,false,false,sem data ou sem janela operacional; nao ha base temporal para SAR
SAR_0029,GEO_0029,TGT_0029,RP_0029,DEC_0029,S16ALOCG_00106,curitiba_00402,Curitiba,curitiba,flood,not_available,unknown,,,,,blocked_temporal_resolution_insufficient,local_project_official_artifact,geometria_parcial_resolvivel,prioridade_geometrica_baixa,Polygon,high_spatial_overlap,not_available,not_available,bloqueado_temporalmente,17,bloqueado_para_sar,not_selected,false,"poligono candidato SAR pos-evento (referencia de avaliacao futura, nunca feature pre-evento)","QA humano do canario (aceite review-only, sem treino)",true,false,false,false,false,sem data ou sem janela operacional; nao ha base temporal para SAR
SAR_0030,GEO_0030,TGT_0030,RP_0030,DEC_0030,S16ALOCG_00106,curitiba_00409,Curitiba,curitiba,flood,not_available,unknown,,,,,blocked_temporal_resolution_insufficient,local_project_official_artifact,geometria_parcial_resolvivel,prioridade_geometrica_baixa,Polygon,high_spatial_overlap,not_available,not_available,bloqueado_temporalmente,17,bloqueado_para_sar,not_selected,false,"poligono candidato SAR pos-evento (referencia de avaliacao futura, nunca feature pre-evento)","QA humano do canario (aceite review-only, sem treino)",true,false,false,false,false,sem data ou sem janela operacional; nao ha base temporal para SAR
SAR_0031,GEO_0031,TGT_0031,RP_0031,DEC_0031,S16ALOCG_00106,curitiba_00410,Curitiba,curitiba,flood,not_available,unknown,,,,,blocked_temporal_resolution_insufficient,local_project_official_artifact,geometria_parcial_resolvivel,prioridade_geometrica_baixa,Polygon,moderate_spatial_overlap,not_available,not_available,bloqueado_temporalmente,17,bloqueado_para_sar,not_selected,false,"poligono candidato SAR pos-evento (referencia de avaliacao futura, nunca feature pre-evento)","QA humano do canario (aceite review-only, sem treino)",true,false,false,false,false,sem data ou sem janela operacional; nao ha base temporal para SAR
SAR_0032,GEO_0032,TGT_0032,RP_0032,DEC_0032,S16ALOCG_00106,curitiba_00436,Curitiba,curitiba,flood,not_available,unknown,,,,,blocked_temporal_resolution_insufficient,local_project_official_artifact,geometria_parcial_resolvivel,prioridade_geometrica_baixa,Polygon,high_spatial_overlap,not_available,not_available,bloqueado_temporalmente,17,bloqueado_para_sar,not_selected,false,"poligono candidato SAR pos-evento (referencia de avaliacao futura, nunca feature pre-evento)","QA humano do canario (aceite review-only, sem treino)",true,false,false,false,false,sem data ou sem janela operacional; nao ha base temporal para SAR
SAR_0033,GEO_0033,TGT_0033,RP_0033,DEC_0033,S16ALOCG_00106,curitiba_00445,Curitiba,curitiba,flood,not_available,unknown,,,,,blocked_temporal_resolution_insufficient,local_project_official_artifact,geometria_parcial_resolvivel,prioridade_geometrica_baixa,Polygon,moderate_spatial_overlap,not_available,not_available,bloqueado_temporalmente,17,bloqueado_para_sar,not_selected,false,"poligono candidato SAR pos-evento (referencia de avaliacao futura, nunca feature pre-evento)","QA humano do canario (aceite review-only, sem treino)",true,false,false,false,false,sem data ou sem janela operacional; nao ha base temporal para SAR
SAR_0034,GEO_0034,TGT_0034,RP_0034,DEC_0034,S16ALOCG_00106,curitiba_00466,Curitiba,curitiba,flood,not_available,unknown,,,,,blocked_temporal_resolution_insufficient,local_project_official_artifact,geometria_parcial_resolvivel,prioridade_geometrica_baixa,Polygon,high_spatial_overlap,not_available,not_available,bloqueado_temporalmente,17,bloqueado_para_sar,not_selected,false,"poligono candidato SAR pos-evento (referencia de avaliacao futura, nunca feature pre-evento)","QA humano do canario (aceite review-only, sem treino)",true,false,false,false,false,sem data ou sem janela operacional; nao ha base temporal para SAR
SAR_0035,GEO_0035,TGT_0035,RP_0035,DEC_0035,S16ALOCG_00106,curitiba_00469,Curitiba,curitiba,flood,not_available,unknown,,,,,blocked_temporal_resolution_insufficient,local_project_official_artifact,geometria_parcial_resolvivel,prioridade_geometrica_baixa,Polygon,high_spatial_overlap,not_available,not_available,bloqueado_temporalmente,17,bloqueado_para_sar,not_selected,false,"poligono candidato SAR pos-evento (referencia de avaliacao futura, nunca feature pre-evento)","QA humano do canario (aceite review-only, sem treino)",true,false,false,false,false,sem data ou sem janela operacional; nao ha base temporal para SAR
SAR_0036,GEO_0036,TGT_0036,RP_0036,DEC_0036,S16ALOCG_00106,curitiba_00471,Curitiba,curitiba,flood,not_available,unknown,,,,,blocked_temporal_resolution_insufficient,local_project_official_artifact,geometria_parcial_resolvivel,prioridade_geometrica_baixa,Polygon,high_spatial_overlap,not_available,not_available,bloqueado_temporalmente,17,bloqueado_para_sar,not_selected,false,"poligono candidato SAR pos-evento (referencia de avaliacao futura, nunca feature pre-evento)","QA humano do canario (aceite review-only, sem treino)",true,false,false,false,false,sem data ou sem janela operacional; nao ha base temporal para SAR
SAR_0037,GEO_0037,TGT_0037,RP_0037,DEC_0037,S16ALOCG_00106,curitiba_00531,Curitiba,curitiba,flood,not_available,unknown,,,,,blocked_temporal_resolution_insufficient,local_project_official_artifact,geometria_parcial_resolvivel,prioridade_geometrica_baixa,Polygon,high_spatial_overlap,not_available,not_available,bloqueado_temporalmente,17,bloqueado_para_sar,not_selected,false,"poligono candidato SAR pos-evento (referencia de avaliacao futura, nunca feature pre-evento)","QA humano do canario (aceite review-only, sem treino)",true,false,false,false,false,sem data ou sem janela operacional; nao ha base temporal para SAR
SAR_0038,GEO_0038,TGT_0038,RP_0038,DEC_0038,S16ALOCG_00106,curitiba_00537,Curitiba,curitiba,flood,not_available,unknown,,,,,blocked_temporal_resolution_insufficient,local_project_official_artifact,geometria_parcial_resolvivel,prioridade_geometrica_baixa,Polygon,high_spatial_overlap,not_available,not_available,bloqueado_temporalmente,17,bloqueado_para_sar,not_selected,false,"poligono candidato SAR pos-evento (referencia de avaliacao futura, nunca feature pre-evento)","QA humano do canario (aceite review-only, sem treino)",true,false,false,false,false,sem data ou sem janela operacional; nao ha base temporal para SAR
SAR_0039,GEO_0039,TGT_0039,RP_0039,DEC_0039,S16ALOCG_00106,curitiba_00566,Curitiba,curitiba,flood,not_available,unknown,,,,,blocked_temporal_resolution_insufficient,local_project_official_artifact,geometria_parcial_resolvivel,prioridade_geometrica_baixa,Polygon,high_spatial_overlap,not_available,not_available,bloqueado_temporalmente,17,bloqueado_para_sar,not_selected,false,"poligono candidato SAR pos-evento (referencia de avaliacao futura, nunca feature pre-evento)","QA humano do canario (aceite review-only, sem treino)",true,false,false,false,false,sem data ou sem janela operacional; nao ha base temporal para SAR
SAR_0040,GEO_0040,TGT_0040,RP_0040,DEC_0040,S16ALOCG_00106,curitiba_00597,Curitiba,curitiba,flood,not_available,unknown,,,,,blocked_temporal_resolution_insufficient,local_project_official_artifact,geometria_parcial_resolvivel,prioridade_geometrica_baixa,Polygon,low_spatial_overlap,not_available,not_available,bloqueado_temporalmente,17,bloqueado_para_sar,not_selected,false,"poligono candidato SAR pos-evento (referencia de avaliacao futura, nunca feature pre-evento)","QA humano do canario (aceite review-only, sem treino)",true,false,false,false,false,sem data ou sem janela operacional; nao ha base temporal para SAR
SAR_0041,GEO_0041,TGT_0041,RP_0041,DEC_0041,S16ALOCG_00106,curitiba_00612,Curitiba,curitiba,flood,not_available,unknown,,,,,blocked_temporal_resolution_insufficient,local_project_official_artifact,geometria_parcial_resolvivel,prioridade_geometrica_baixa,Polygon,high_spatial_overlap,not_available,not_available,bloqueado_temporalmente,17,bloqueado_para_sar,not_selected,false,"poligono candidato SAR pos-evento (referencia de avaliacao futura, nunca feature pre-evento)","QA humano do canario (aceite review-only, sem treino)",true,false,false,false,false,sem data ou sem janela operacional; nao ha base temporal para SAR
SAR_0042,GEO_0042,TGT_0042,RP_0042,DEC_0042,S16ALOCG_00106,curitiba_00740,Curitiba,curitiba,flood,not_available,unknown,,,,,blocked_temporal_resolution_insufficient,local_project_official_artifact,geometria_parcial_resolvivel,prioridade_geometrica_baixa,Polygon,high_spatial_overlap,not_available,not_available,bloqueado_temporalmente,17,bloqueado_para_sar,not_selected,false,"poligono candidato SAR pos-evento (referencia de avaliacao futura, nunca feature pre-evento)","QA humano do canario (aceite review-only, sem treino)",true,false,false,false,false,sem data ou sem janela operacional; nao ha base temporal para SAR
SAR_0043,GEO_0043,TGT_0043,RP_0043,DEC_0043,S16ALOCG_00106,curitiba_00779,Curitiba,curitiba,flood,not_available,unknown,,,,,blocked_temporal_resolution_insufficient,local_project_official_artifact,geometria_parcial_resolvivel,prioridade_geometrica_baixa,Polygon,high_spatial_overlap,not_available,not_available,bloqueado_temporalmente,17,bloqueado_para_sar,not_selected,false,"poligono candidato SAR pos-evento (referencia de avaliacao futura, nunca feature pre-evento)","QA humano do canario (aceite review-only, sem treino)",true,false,false,false,false,sem data ou sem janela operacional; nao ha base temporal para SAR
SAR_0044,GEO_0044,TGT_0044,RP_0044,DEC_0044,S16ALOCG_00106,curitiba_00887,Curitiba,curitiba,flood,not_available,unknown,,,,,blocked_temporal_resolution_insufficient,local_project_official_artifact,geometria_parcial_resolvivel,prioridade_geometrica_baixa,Polygon,high_spatial_overlap,not_available,not_available,bloqueado_temporalmente,17,bloqueado_para_sar,not_selected,false,"poligono candidato SAR pos-evento (referencia de avaliacao futura, nunca feature pre-evento)","QA humano do canario (aceite review-only, sem treino)",true,false,false,false,false,sem data ou sem janela operacional; nao ha base temporal para SAR
SAR_0045,GEO_0045,TGT_0045,RP_0045,DEC_0045,S16ALOCG_00106,curitiba_00888,Curitiba,curitiba,flood,not_available,unknown,,,,,blocked_temporal_resolution_insufficient,local_project_official_artifact,geometria_parcial_resolvivel,prioridade_geometrica_baixa,Polygon,high_spatial_overlap,not_available,not_available,bloqueado_temporalmente,17,bloqueado_para_sar,not_selected,false,"poligono candidato SAR pos-evento (referencia de avaliacao futura, nunca feature pre-evento)","QA humano do canario (aceite review-only, sem treino)",true,false,false,false,false,sem data ou sem janela operacional; nao ha base temporal para SAR
SAR_0046,GEO_0046,TGT_0046,RP_0046,DEC_0046,S16ALOCG_00106,curitiba_00889,Curitiba,curitiba,flood,not_available,unknown,,,,,blocked_temporal_resolution_insufficient,local_project_official_artifact,geometria_parcial_resolvivel,prioridade_geometrica_baixa,Polygon,high_spatial_overlap,not_available,not_available,bloqueado_temporalmente,17,bloqueado_para_sar,not_selected,false,"poligono candidato SAR pos-evento (referencia de avaliacao futura, nunca feature pre-evento)","QA humano do canario (aceite review-only, sem treino)",true,false,false,false,false,sem data ou sem janela operacional; nao ha base temporal para SAR
SAR_0047,GEO_0047,TGT_0047,RP_0047,DEC_0047,S16ALOCG_00106,curitiba_00891,Curitiba,curitiba,flood,not_available,unknown,,,,,blocked_temporal_resolution_insufficient,local_project_official_artifact,geometria_parcial_resolvivel,prioridade_geometrica_baixa,Polygon,high_spatial_overlap,not_available,not_available,bloqueado_temporalmente,17,bloqueado_para_sar,not_selected,false,"poligono candidato SAR pos-evento (referencia de avaliacao futura, nunca feature pre-evento)","QA humano do canario (aceite review-only, sem treino)",true,false,false,false,false,sem data ou sem janela operacional; nao ha base temporal para SAR
SAR_0048,GEO_0048,TGT_0048,RP_0048,DEC_0048,S16ALOCG_00106,curitiba_00895,Curitiba,curitiba,flood,not_available,unknown,,,,,blocked_temporal_resolution_insufficient,local_project_official_artifact,geometria_parcial_resolvivel,prioridade_geometrica_baixa,Polygon,high_spatial_overlap,not_available,not_available,bloqueado_temporalmente,17,bloqueado_para_sar,not_selected,false,"poligono candidato SAR pos-evento (referencia de avaliacao futura, nunca feature pre-evento)","QA humano do canario (aceite review-only, sem treino)",true,false,false,false,false,sem data ou sem janela operacional; nao ha base temporal para SAR
SAR_0049,GEO_0049,TGT_0049,RP_0049,DEC_0049,S16ALOCG_00106,curitiba_00896,Curitiba,curitiba,flood,not_available,unknown,,,,,blocked_temporal_resolution_insufficient,local_project_official_artifact,geometria_parcial_resolvivel,prioridade_geometrica_baixa,Polygon,high_spatial_overlap,not_available,not_available,bloqueado_temporalmente,17,bloqueado_para_sar,not_selected,false,"poligono candidato SAR pos-evento (referencia de avaliacao futura, nunca feature pre-evento)","QA humano do canario (aceite review-only, sem treino)",true,false,false,false,false,sem data ou sem janela operacional; nao ha base temporal para SAR
SAR_0050,GEO_0050,TGT_0050,RP_0050,DEC_0050,S16ALOCG_00106,curitiba_00899,Curitiba,curitiba,flood,not_available,unknown,,,,,blocked_temporal_resolution_insufficient,local_project_official_artifact,geometria_parcial_resolvivel,prioridade_geometrica_baixa,Polygon,high_spatial_overlap,not_available,not_available,bloqueado_temporalmente,17,bloqueado_para_sar,not_selected,false,"poligono candidato SAR pos-evento (referencia de avaliacao futura, nunca feature pre-evento)","QA humano do canario (aceite review-only, sem treino)",true,false,false,false,false,sem data ou sem janela operacional; nao ha base temporal para SAR
SAR_0051,GEO_0051,TGT_0051,RP_0051,DEC_0051,S16ALOCG_00106,curitiba_00918,Curitiba,curitiba,flood,not_available,unknown,,,,,blocked_temporal_resolution_insufficient,local_project_official_artifact,geometria_parcial_resolvivel,prioridade_geometrica_baixa,Polygon,high_spatial_overlap,not_available,not_available,bloqueado_temporalmente,17,bloqueado_para_sar,not_selected,false,"poligono candidato SAR pos-evento (referencia de avaliacao futura, nunca feature pre-evento)","QA humano do canario (aceite review-only, sem treino)",true,false,false,false,false,sem data ou sem janela operacional; nao ha base temporal para SAR
SAR_0052,GEO_0052,TGT_0052,RP_0052,DEC_0052,S16ALOCG_00106,curitiba_00924,Curitiba,curitiba,flood,not_available,unknown,,,,,blocked_temporal_resolution_insufficient,local_project_official_artifact,geometria_parcial_resolvivel,prioridade_geometrica_baixa,Polygon,high_spatial_overlap,not_available,not_available,bloqueado_temporalmente,17,bloqueado_para_sar,not_selected,false,"poligono candidato SAR pos-evento (referencia de avaliacao futura, nunca feature pre-evento)","QA humano do canario (aceite review-only, sem treino)",true,false,false,false,false,sem data ou sem janela operacional; nao ha base temporal para SAR
SAR_0053,GEO_0053,TGT_0053,RP_0053,DEC_0053,S16ALOCG_00106,curitiba_00926,Curitiba,curitiba,flood,not_available,unknown,,,,,blocked_temporal_resolution_insufficient,local_project_official_artifact,geometria_parcial_resolvivel,prioridade_geometrica_baixa,Polygon,high_spatial_overlap,not_available,not_available,bloqueado_temporalmente,17,bloqueado_para_sar,not_selected,false,"poligono candidato SAR pos-evento (referencia de avaliacao futura, nunca feature pre-evento)","QA humano do canario (aceite review-only, sem treino)",true,false,false,false,false,sem data ou sem janela operacional; nao ha base temporal para SAR
SAR_0054,GEO_0054,TGT_0054,RP_0054,DEC_0054,S16ALOCG_00106,curitiba_00929,Curitiba,curitiba,flood,not_available,unknown,,,,,blocked_temporal_resolution_insufficient,local_project_official_artifact,geometria_parcial_resolvivel,prioridade_geometrica_baixa,Polygon,high_spatial_overlap,not_available,not_available,bloqueado_temporalmente,17,bloqueado_para_sar,not_selected,false,"poligono candidato SAR pos-evento (referencia de avaliacao futura, nunca feature pre-evento)","QA humano do canario (aceite review-only, sem treino)",true,false,false,false,false,sem data ou sem janela operacional; nao ha base temporal para SAR
SAR_0055,GEO_0055,TGT_0055,RP_0055,DEC_0055,S16ALOCG_00106,curitiba_00930,Curitiba,curitiba,flood,not_available,unknown,,,,,blocked_temporal_resolution_insufficient,local_project_official_artifact,geometria_parcial_resolvivel,prioridade_geometrica_baixa,Polygon,high_spatial_overlap,not_available,not_available,bloqueado_temporalmente,17,bloqueado_para_sar,not_selected,false,"poligono candidato SAR pos-evento (referencia de avaliacao futura, nunca feature pre-evento)","QA humano do canario (aceite review-only, sem treino)",true,false,false,false,false,sem data ou sem janela operacional; nao ha base temporal para SAR
SAR_0056,GEO_0056,TGT_0056,RP_0056,DEC_0056,S16ALOCG_00106,curitiba_00931,Curitiba,curitiba,flood,not_available,unknown,,,,,blocked_temporal_resolution_insufficient,local_project_official_artifact,geometria_parcial_resolvivel,prioridade_geometrica_baixa,Polygon,high_spatial_overlap,not_available,not_available,bloqueado_temporalmente,17,bloqueado_para_sar,not_selected,false,"poligono candidato SAR pos-evento (referencia de avaliacao futura, nunca feature pre-evento)","QA humano do canario (aceite review-only, sem treino)",true,false,false,false,false,sem data ou sem janela operacional; nao ha base temporal para SAR
SAR_0057,GEO_0057,TGT_0057,RP_0057,DEC_0057,S16ALOCG_00106,curitiba_00934,Curitiba,curitiba,flood,not_available,unknown,,,,,blocked_temporal_resolution_insufficient,local_project_official_artifact,geometria_parcial_resolvivel,prioridade_geometrica_baixa,Polygon,high_spatial_overlap,not_available,not_available,bloqueado_temporalmente,17,bloqueado_para_sar,not_selected,false,"poligono candidato SAR pos-evento (referencia de avaliacao futura, nunca feature pre-evento)","QA humano do canario (aceite review-only, sem treino)",true,false,false,false,false,sem data ou sem janela operacional; nao ha base temporal para SAR
SAR_0058,GEO_0058,TGT_0058,RP_0058,DEC_0058,S16ALOCG_00106,curitiba_00960,Curitiba,curitiba,flood,not_available,unknown,,,,,blocked_temporal_resolution_insufficient,local_project_official_artifact,geometria_parcial_resolvivel,prioridade_geometrica_baixa,Polygon,high_spatial_overlap,not_available,not_available,bloqueado_temporalmente,17,bloqueado_para_sar,not_selected,false,"poligono candidato SAR pos-evento (referencia de avaliacao futura, nunca feature pre-evento)","QA humano do canario (aceite review-only, sem treino)",true,false,false,false,false,sem data ou sem janela operacional; nao ha base temporal para SAR
SAR_0059,GEO_0059,TGT_0059,RP_0059,DEC_0059,S16ALOCG_00106,curitiba_00969,Curitiba,curitiba,flood,not_available,unknown,,,,,blocked_temporal_resolution_insufficient,local_project_official_artifact,geometria_parcial_resolvivel,prioridade_geometrica_baixa,Polygon,high_spatial_overlap,not_available,not_available,bloqueado_temporalmente,17,bloqueado_para_sar,not_selected,false,"poligono candidato SAR pos-evento (referencia de avaliacao futura, nunca feature pre-evento)","QA humano do canario (aceite review-only, sem treino)",true,false,false,false,false,sem data ou sem janela operacional; nao ha base temporal para SAR
SAR_0060,GEO_0060,TGT_0060,RP_0060,DEC_0060,S16ALOCG_00106,curitiba_00990,Curitiba,curitiba,flood,not_available,unknown,,,,,blocked_temporal_resolution_insufficient,local_project_official_artifact,geometria_parcial_resolvivel,prioridade_geometrica_baixa,Polygon,high_spatial_overlap,not_available,not_available,bloqueado_temporalmente,17,bloqueado_para_sar,not_selected,false,"poligono candidato SAR pos-evento (referencia de avaliacao futura, nunca feature pre-evento)","QA humano do canario (aceite review-only, sem treino)",true,false,false,false,false,sem data ou sem janela operacional; nao ha base temporal para SAR
SAR_0061,GEO_0061,TGT_0061,RP_0061,DEC_0061,S16ALOCG_00106,curitiba_00991,Curitiba,curitiba,flood,not_available,unknown,,,,,blocked_temporal_resolution_insufficient,local_project_official_artifact,geometria_parcial_resolvivel,prioridade_geometrica_baixa,Polygon,high_spatial_overlap,not_available,not_available,bloqueado_temporalmente,17,bloqueado_para_sar,not_selected,false,"poligono candidato SAR pos-evento (referencia de avaliacao futura, nunca feature pre-evento)","QA humano do canario (aceite review-only, sem treino)",true,false,false,false,false,sem data ou sem janela operacional; nao ha base temporal para SAR
SAR_0062,GEO_0062,TGT_0062,RP_0062,DEC_0062,S16ALOCG_00106,curitiba_00992,Curitiba,curitiba,flood,not_available,unknown,,,,,blocked_temporal_resolution_insufficient,local_project_official_artifact,geometria_parcial_resolvivel,prioridade_geometrica_baixa,Polygon,high_spatial_overlap,not_available,not_available,bloqueado_temporalmente,17,bloqueado_para_sar,not_selected,false,"poligono candidato SAR pos-evento (referencia de avaliacao futura, nunca feature pre-evento)","QA humano do canario (aceite review-only, sem treino)",true,false,false,false,false,sem data ou sem janela operacional; nao ha base temporal para SAR
SAR_0063,GEO_0063,TGT_0063,RP_0063,DEC_0063,S16ALOCG_00106,curitiba_00995,Curitiba,curitiba,flood,not_available,unknown,,,,,blocked_temporal_resolution_insufficient,local_project_official_artifact,geometria_parcial_resolvivel,prioridade_geometrica_baixa,Polygon,high_spatial_overlap,not_available,not_available,bloqueado_temporalmente,17,bloqueado_para_sar,not_selected,false,"poligono candidato SAR pos-evento (referencia de avaliacao futura, nunca feature pre-evento)","QA humano do canario (aceite review-only, sem treino)",true,false,false,false,false,sem data ou sem janela operacional; nao ha base temporal para SAR
SAR_0064,GEO_0064,TGT_0064,RP_0064,DEC_0064,S16ALOCG_00106,curitiba_01000,Curitiba,curitiba,flood,not_available,unknown,,,,,blocked_temporal_resolution_insufficient,local_project_official_artifact,geometria_parcial_resolvivel,prioridade_geometrica_baixa,Polygon,high_spatial_overlap,not_available,not_available,bloqueado_temporalmente,17,bloqueado_para_sar,not_selected,false,"poligono candidato SAR pos-evento (referencia de avaliacao futura, nunca feature pre-evento)","QA humano do canario (aceite review-only, sem treino)",true,false,false,false,false,sem data ou sem janela operacional; nao ha base temporal para SAR
SAR_0065,GEO_0065,TGT_0065,RP_0065,DEC_0065,S16ALOCG_00106,curitiba_01001,Curitiba,curitiba,flood,not_available,unknown,,,,,blocked_temporal_resolution_insufficient,local_project_official_artifact,geometria_parcial_resolvivel,prioridade_geometrica_baixa,Polygon,high_spatial_overlap,not_available,not_available,bloqueado_temporalmente,17,bloqueado_para_sar,not_selected,false,"poligono candidato SAR pos-evento (referencia de avaliacao futura, nunca feature pre-evento)","QA humano do canario (aceite review-only, sem treino)",true,false,false,false,false,sem data ou sem janela operacional; nao ha base temporal para SAR
SAR_0066,GEO_0066,TGT_0066,RP_0066,DEC_0066,S16ALOCG_00106,curitiba_01024,Curitiba,curitiba,flood,not_available,unknown,,,,,blocked_temporal_resolution_insufficient,local_project_official_artifact,geometria_parcial_resolvivel,prioridade_geometrica_baixa,Polygon,high_spatial_overlap,not_available,not_available,bloqueado_temporalmente,17,bloqueado_para_sar,not_selected,false,"poligono candidato SAR pos-evento (referencia de avaliacao futura, nunca feature pre-evento)","QA humano do canario (aceite review-only, sem treino)",true,false,false,false,false,sem data ou sem janela operacional; nao ha base temporal para SAR
SAR_0067,GEO_0067,TGT_0067,RP_0067,DEC_0067,S16ALOCG_00106,curitiba_01030,Curitiba,curitiba,flood,not_available,unknown,,,,,blocked_temporal_resolution_insufficient,local_project_official_artifact,geometria_parcial_resolvivel,prioridade_geometrica_baixa,Polygon,high_spatial_overlap,not_available,not_available,bloqueado_temporalmente,17,bloqueado_para_sar,not_selected,false,"poligono candidato SAR pos-evento (referencia de avaliacao futura, nunca feature pre-evento)","QA humano do canario (aceite review-only, sem treino)",true,false,false,false,false,sem data ou sem janela operacional; nao ha base temporal para SAR
SAR_0068,GEO_0068,TGT_0068,RP_0068,DEC_0068,S16ALOCG_00106,curitiba_01040,Curitiba,curitiba,flood,not_available,unknown,,,,,blocked_temporal_resolution_insufficient,local_project_official_artifact,geometria_parcial_resolvivel,prioridade_geometrica_baixa,Polygon,moderate_spatial_overlap,not_available,not_available,bloqueado_temporalmente,17,bloqueado_para_sar,not_selected,false,"poligono candidato SAR pos-evento (referencia de avaliacao futura, nunca feature pre-evento)","QA humano do canario (aceite review-only, sem treino)",true,false,false,false,false,sem data ou sem janela operacional; nao ha base temporal para SAR
SAR_0069,GEO_0069,TGT_0069,RP_0069,DEC_0069,S16ALOCG_00106,curitiba_01059,Curitiba,curitiba,flood,not_available,unknown,,,,,blocked_temporal_resolution_insufficient,local_project_official_artifact,geometria_parcial_resolvivel,prioridade_geometrica_baixa,Polygon,high_spatial_overlap,not_available,not_available,bloqueado_temporalmente,17,bloqueado_para_sar,not_selected,false,"poligono candidato SAR pos-evento (referencia de avaliacao futura, nunca feature pre-evento)","QA humano do canario (aceite review-only, sem treino)",true,false,false,false,false,sem data ou sem janela operacional; nao ha base temporal para SAR
SAR_0070,GEO_0070,TGT_0070,RP_0070,DEC_0070,S16ALOCG_00106,curitiba_01060,Curitiba,curitiba,flood,not_available,unknown,,,,,blocked_temporal_resolution_insufficient,local_project_official_artifact,geometria_parcial_resolvivel,prioridade_geometrica_baixa,Polygon,high_spatial_overlap,not_available,not_available,bloqueado_temporalmente,17,bloqueado_para_sar,not_selected,false,"poligono candidato SAR pos-evento (referencia de avaliacao futura, nunca feature pre-evento)","QA humano do canario (aceite review-only, sem treino)",true,false,false,false,false,sem data ou sem janela operacional; nao ha base temporal para SAR
SAR_0071,GEO_0071,TGT_0071,RP_0071,DEC_0071,S16ALOCG_00106,curitiba_01065,Curitiba,curitiba,flood,not_available,unknown,,,,,blocked_temporal_resolution_insufficient,local_project_official_artifact,geometria_parcial_resolvivel,prioridade_geometrica_baixa,Polygon,high_spatial_overlap,not_available,not_available,bloqueado_temporalmente,17,bloqueado_para_sar,not_selected,false,"poligono candidato SAR pos-evento (referencia de avaliacao futura, nunca feature pre-evento)","QA humano do canario (aceite review-only, sem treino)",true,false,false,false,false,sem data ou sem janela operacional; nao ha base temporal para SAR
SAR_0072,GEO_0072,TGT_0072,RP_0072,DEC_0072,S16ALOCG_00106,curitiba_01068,Curitiba,curitiba,flood,not_available,unknown,,,,,blocked_temporal_resolution_insufficient,local_project_official_artifact,geometria_parcial_resolvivel,prioridade_geometrica_baixa,Polygon,high_spatial_overlap,not_available,not_available,bloqueado_temporalmente,17,bloqueado_para_sar,not_selected,false,"poligono candidato SAR pos-evento (referencia de avaliacao futura, nunca feature pre-evento)","QA humano do canario (aceite review-only, sem treino)",true,false,false,false,false,sem data ou sem janela operacional; nao ha base temporal para SAR
SAR_0073,GEO_0073,TGT_0073,RP_0073,DEC_0073,S16ALOCG_00106,curitiba_01075,Curitiba,curitiba,flood,not_available,unknown,,,,,blocked_temporal_resolution_insufficient,local_project_official_artifact,geometria_parcial_resolvivel,prioridade_geometrica_baixa,Polygon,moderate_spatial_overlap,not_available,not_available,bloqueado_temporalmente,17,bloqueado_para_sar,not_selected,false,"poligono candidato SAR pos-evento (referencia de avaliacao futura, nunca feature pre-evento)","QA humano do canario (aceite review-only, sem treino)",true,false,false,false,false,sem data ou sem janela operacional; nao ha base temporal para SAR
SAR_0074,GEO_0074,TGT_0074,RP_0074,DEC_0074,S16ALOCG_00106,curitiba_01101,Curitiba,curitiba,flood,not_available,unknown,,,,,blocked_temporal_resolution_insufficient,local_project_official_artifact,geometria_parcial_resolvivel,prioridade_geometrica_baixa,Polygon,moderate_spatial_overlap,not_available,not_available,bloqueado_temporalmente,17,bloqueado_para_sar,not_selected,false,"poligono candidato SAR pos-evento (referencia de avaliacao futura, nunca feature pre-evento)","QA humano do canario (aceite review-only, sem treino)",true,false,false,false,false,sem data ou sem janela operacional; nao ha base temporal para SAR
SAR_0075,GEO_0075,TGT_0075,RP_0075,DEC_0075,S16ALOCG_00106,curitiba_01109,Curitiba,curitiba,flood,not_available,unknown,,,,,blocked_temporal_resolution_insufficient,local_project_official_artifact,geometria_parcial_resolvivel,prioridade_geometrica_baixa,Polygon,moderate_spatial_overlap,not_available,not_available,bloqueado_temporalmente,17,bloqueado_para_sar,not_selected,false,"poligono candidato SAR pos-evento (referencia de avaliacao futura, nunca feature pre-evento)","QA humano do canario (aceite review-only, sem treino)",true,false,false,false,false,sem data ou sem janela operacional; nao ha base temporal para SAR
SAR_0076,GEO_0076,TGT_0076,RP_0076,DEC_0076,REC_2022_05_24_30,not_available,not_available,not_available,not_available,2022-05-24,inferred_from_event_id,2022-04-24,2022-05-23,2022-05-24,2022-05-31,usable,not_available,requer_footprint_tecnico_futuro,bloqueado_por_geometria_insuficiente,not_available,not_available,not_available,not_available,requer_geometria_antes_do_sar,16,bloqueado_para_sar,not_selected,false,"poligono candidato SAR pos-evento (referencia de avaliacao futura, nunca feature pre-evento)","QA humano do canario (aceite review-only, sem treino)",true,false,false,false,false,"datado, mas sem patch/AOI minima; precisa de geometria antes de preparar SAR"
SAR_0077,GEO_0077,TGT_0077,RP_0077,DEC_0077,REC_2022_05_24_30,not_available,not_available,not_available,not_available,2022-05-24,inferred_from_event_id,2022-04-24,2022-05-23,2022-05-24,2022-05-31,usable,not_available,requer_footprint_tecnico_futuro,bloqueado_por_geometria_insuficiente,not_available,not_available,not_available,not_available,requer_geometria_antes_do_sar,16,bloqueado_para_sar,not_selected,false,"poligono candidato SAR pos-evento (referencia de avaliacao futura, nunca feature pre-evento)","QA humano do canario (aceite review-only, sem treino)",true,false,false,false,false,"datado, mas sem patch/AOI minima; precisa de geometria antes de preparar SAR"
SAR_0078,GEO_0078,TGT_0078,RP_0078,DEC_0078,REC_2022_05_24_30,not_available,not_available,not_available,not_available,2022-05-24,inferred_from_event_id,2022-04-24,2022-05-23,2022-05-24,2022-05-31,usable,not_available,requer_footprint_tecnico_futuro,bloqueado_por_geometria_insuficiente,not_available,not_available,not_available,not_available,requer_geometria_antes_do_sar,16,bloqueado_para_sar,not_selected,false,"poligono candidato SAR pos-evento (referencia de avaliacao futura, nunca feature pre-evento)","QA humano do canario (aceite review-only, sem treino)",true,false,false,false,false,"datado, mas sem patch/AOI minima; precisa de geometria antes de preparar SAR"
SAR_0079,GEO_0079,TGT_0079,RP_0079,DEC_0079,REC_2022_05_24_30,not_available,not_available,not_available,not_available,2022-05-24,inferred_from_event_id,2022-04-24,2022-05-23,2022-05-24,2022-05-31,usable,not_available,requer_footprint_tecnico_futuro,bloqueado_por_geometria_insuficiente,not_available,not_available,not_available,not_available,requer_geometria_antes_do_sar,16,bloqueado_para_sar,not_selected,false,"poligono candidato SAR pos-evento (referencia de avaliacao futura, nunca feature pre-evento)","QA humano do canario (aceite review-only, sem treino)",true,false,false,false,false,"datado, mas sem patch/AOI minima; precisa de geometria antes de preparar SAR"
SAR_0080,GEO_0080,TGT_0080,RP_0080,DEC_0080,REC_2022_05_24_30,not_available,not_available,not_available,not_available,2022-05-24,inferred_from_event_id,2022-04-24,2022-05-23,2022-05-24,2022-05-31,usable,not_available,requer_footprint_tecnico_futuro,bloqueado_por_geometria_insuficiente,not_available,not_available,not_available,not_available,requer_geometria_antes_do_sar,16,bloqueado_para_sar,not_selected,false,"poligono candidato SAR pos-evento (referencia de avaliacao futura, nunca feature pre-evento)","QA humano do canario (aceite review-only, sem treino)",true,false,false,false,false,"datado, mas sem patch/AOI minima; precisa de geometria antes de preparar SAR"
SAR_0081,GEO_0081,TGT_0081,RP_0081,DEC_0081,REC_2022_05_24_30,not_available,not_available,not_available,not_available,2022-05-24,inferred_from_event_id,2022-04-24,2022-05-23,2022-05-24,2022-05-31,usable,not_available,requer_footprint_tecnico_futuro,bloqueado_por_geometria_insuficiente,not_available,not_available,not_available,not_available,requer_geometria_antes_do_sar,16,bloqueado_para_sar,not_selected,false,"poligono candidato SAR pos-evento (referencia de avaliacao futura, nunca feature pre-evento)","QA humano do canario (aceite review-only, sem treino)",true,false,false,false,false,"datado, mas sem patch/AOI minima; precisa de geometria antes de preparar SAR"
SAR_0082,GEO_0082,TGT_0082,RP_0082,DEC_0082,REC_2022_05_24_30,not_available,not_available,not_available,not_available,2022-05-24,inferred_from_event_id,2022-04-24,2022-05-23,2022-05-24,2022-05-31,usable,not_available,requer_footprint_tecnico_futuro,bloqueado_por_geometria_insuficiente,not_available,not_available,not_available,not_available,requer_geometria_antes_do_sar,16,bloqueado_para_sar,not_selected,false,"poligono candidato SAR pos-evento (referencia de avaliacao futura, nunca feature pre-evento)","QA humano do canario (aceite review-only, sem treino)",true,false,false,false,false,"datado, mas sem patch/AOI minima; precisa de geometria antes de preparar SAR"
SAR_0083,GEO_0083,TGT_0083,RP_0083,DEC_0083,REC_2022_05_24_30,not_available,not_available,not_available,not_available,2022-05-24,inferred_from_event_id,2022-04-24,2022-05-23,2022-05-24,2022-05-31,usable,not_available,requer_footprint_tecnico_futuro,bloqueado_por_geometria_insuficiente,not_available,not_available,not_available,not_available,requer_geometria_antes_do_sar,16,bloqueado_para_sar,not_selected,false,"poligono candidato SAR pos-evento (referencia de avaliacao futura, nunca feature pre-evento)","QA humano do canario (aceite review-only, sem treino)",true,false,false,false,false,"datado, mas sem patch/AOI minima; precisa de geometria antes de preparar SAR"
SAR_0084,GEO_0084,TGT_0084,RP_0084,DEC_0084,REC_2022_05_24_30,not_available,not_available,not_available,not_available,2022-05-24,inferred_from_event_id,2022-04-24,2022-05-23,2022-05-24,2022-05-31,usable,not_available,requer_footprint_tecnico_futuro,bloqueado_por_geometria_insuficiente,not_available,not_available,not_available,not_available,requer_geometria_antes_do_sar,16,bloqueado_para_sar,not_selected,false,"poligono candidato SAR pos-evento (referencia de avaliacao futura, nunca feature pre-evento)","QA humano do canario (aceite review-only, sem treino)",true,false,false,false,false,"datado, mas sem patch/AOI minima; precisa de geometria antes de preparar SAR"
SAR_0085,GEO_0085,TGT_0085,RP_0085,DEC_0085,REC_2022_05_24_30,not_available,not_available,not_available,not_available,2022-05-24,inferred_from_event_id,2022-04-24,2022-05-23,2022-05-24,2022-05-31,usable,not_available,requer_footprint_tecnico_futuro,bloqueado_por_geometria_insuficiente,not_available,not_available,not_available,not_available,requer_geometria_antes_do_sar,16,bloqueado_para_sar,not_selected,false,"poligono candidato SAR pos-evento (referencia de avaliacao futura, nunca feature pre-evento)","QA humano do canario (aceite review-only, sem treino)",true,false,false,false,false,"datado, mas sem patch/AOI minima; precisa de geometria antes de preparar SAR"
SAR_0086,GEO_0086,TGT_0086,RP_0086,DEC_0086,REC_2022_05_24_30,not_available,not_available,not_available,not_available,2022-05-24,inferred_from_event_id,2022-04-24,2022-05-23,2022-05-24,2022-05-31,usable,not_available,requer_footprint_tecnico_futuro,bloqueado_por_geometria_insuficiente,not_available,not_available,not_available,not_available,requer_geometria_antes_do_sar,16,bloqueado_para_sar,not_selected,false,"poligono candidato SAR pos-evento (referencia de avaliacao futura, nunca feature pre-evento)","QA humano do canario (aceite review-only, sem treino)",true,false,false,false,false,"datado, mas sem patch/AOI minima; precisa de geometria antes de preparar SAR"
SAR_0087,GEO_0087,TGT_0087,RP_0087,DEC_0087,REC_2022_05_24_30,not_available,not_available,not_available,not_available,2022-05-24,inferred_from_event_id,2022-04-24,2022-05-23,2022-05-24,2022-05-31,usable,not_available,requer_footprint_tecnico_futuro,bloqueado_por_geometria_insuficiente,not_available,not_available,not_available,not_available,requer_geometria_antes_do_sar,16,bloqueado_para_sar,not_selected,false,"poligono candidato SAR pos-evento (referencia de avaliacao futura, nunca feature pre-evento)","QA humano do canario (aceite review-only, sem treino)",true,false,false,false,false,"datado, mas sem patch/AOI minima; precisa de geometria antes de preparar SAR"
SAR_0088,GEO_0088,TGT_0088,RP_0088,DEC_0088,S17C_E_SUSC13A_00001,not_available,Recife,not_available,not_available,2022-05-24,exact_day,2022-04-24,2022-05-23,2022-05-24,2022-05-31,usable,not_available,requer_footprint_tecnico_futuro,bloqueado_por_geometria_insuficiente,not_available,not_available,not_available,not_available,requer_geometria_antes_do_sar,40,canario_sar_prioridade_baixa,not_selected,false,"poligono candidato SAR pos-evento (referencia de avaliacao futura, nunca feature pre-evento)","QA humano do canario (aceite review-only, sem treino)",true,false,false,false,false,"datado, mas sem patch/AOI minima; precisa de geometria antes de preparar SAR"
SAR_0089,GEO_0089,TGT_0089,RP_0089,DEC_0089,S17C_W_S16AWIN_00003,not_available,recife,not_available,not_available,2014-01-15,exact_day,2013-12-16,2014-01-14,2014-01-15,2014-01-22,usable,not_available,requer_footprint_tecnico_futuro,bloqueado_por_geometria_insuficiente,not_available,not_available,not_available,not_available,requer_geometria_antes_do_sar,40,canario_sar_prioridade_baixa,not_selected,false,"poligono candidato SAR pos-evento (referencia de avaliacao futura, nunca feature pre-evento)","QA humano do canario (aceite review-only, sem treino)",true,false,false,false,false,"datado, mas sem patch/AOI minima; precisa de geometria antes de preparar SAR"
SAR_0090,GEO_0090,TGT_0090,RP_0090,DEC_0090,S17C_W_S16AWIN_00004,not_available,recife,not_available,not_available,2014-01-16,exact_day,2013-12-17,2014-01-15,2014-01-16,2014-01-23,usable,not_available,requer_footprint_tecnico_futuro,bloqueado_por_geometria_insuficiente,not_available,not_available,not_available,not_available,requer_geometria_antes_do_sar,40,canario_sar_prioridade_baixa,not_selected,false,"poligono candidato SAR pos-evento (referencia de avaliacao futura, nunca feature pre-evento)","QA humano do canario (aceite review-only, sem treino)",true,false,false,false,false,"datado, mas sem patch/AOI minima; precisa de geometria antes de preparar SAR"
SAR_0091,GEO_0091,TGT_0091,RP_0091,DEC_0091,S17C_W_S16AWIN_00005,not_available,recife,not_available,not_available,2014-01-21,exact_day,2013-12-22,2014-01-20,2014-01-21,2014-01-28,usable,not_available,requer_footprint_tecnico_futuro,bloqueado_por_geometria_insuficiente,not_available,not_available,not_available,not_available,requer_geometria_antes_do_sar,40,canario_sar_prioridade_baixa,not_selected,false,"poligono candidato SAR pos-evento (referencia de avaliacao futura, nunca feature pre-evento)","QA humano do canario (aceite review-only, sem treino)",true,false,false,false,false,"datado, mas sem patch/AOI minima; precisa de geometria antes de preparar SAR"
SAR_0092,GEO_0092,TGT_0092,RP_0092,DEC_0092,S17C_W_S16AWIN_00006,not_available,recife,not_available,not_available,2014-01-23,exact_day,2013-12-24,2014-01-22,2014-01-23,2014-01-30,usable,not_available,requer_footprint_tecnico_futuro,bloqueado_por_geometria_insuficiente,not_available,not_available,not_available,not_available,requer_geometria_antes_do_sar,40,canario_sar_prioridade_baixa,not_selected,false,"poligono candidato SAR pos-evento (referencia de avaliacao futura, nunca feature pre-evento)","QA humano do canario (aceite review-only, sem treino)",true,false,false,false,false,"datado, mas sem patch/AOI minima; precisa de geometria antes de preparar SAR"
SAR_0093,GEO_0093,TGT_0093,RP_0093,DEC_0093,S17C_E_SUSC13A_00001,not_available,not_available,not_available,not_available,2022-05-24,exact_day,2022-04-24,2022-05-23,2022-05-24,2022-05-31,usable,international_charter_space_and_major_disasters_official_remote_sensing,geometria_parcial_resolvivel,prioridade_geometrica_media,Polygon,not_available,needs_review,not_available,elegivel_canario_sar_secundario,30,canario_sar_prioridade_baixa,not_selected,false,"poligono candidato SAR pos-evento (referencia de avaliacao futura, nunca feature pre-evento)","QA humano do canario (aceite review-only, sem treino)",true,false,false,false,false,"elegivel secundario: datado e plausivel, mas com lacunas de geometria/patch/fenomeno"
SAR_0094,GEO_0094,TGT_0094,RP_0094,DEC_0094,REC_2022_05_24_30,not_available,not_available,not_available,not_available,2022-05-24,inferred_from_event_id,2022-04-24,2022-05-23,2022-05-24,2022-05-31,usable,institutional_public,requer_footprint_tecnico_futuro,bloqueado_por_geometria_insuficiente,not_available,not_available,not_available,not_available,requer_geometria_antes_do_sar,16,bloqueado_para_sar,not_selected,false,"poligono candidato SAR pos-evento (referencia de avaliacao futura, nunca feature pre-evento)","QA humano do canario (aceite review-only, sem treino)",true,false,false,false,false,"datado, mas sem patch/AOI minima; precisa de geometria antes de preparar SAR"
SAR_0095,GEO_0095,TGT_0095,RP_0095,DEC_0095,REC_2022_05_24_30,not_available,not_available,not_available,not_available,2022-05-24,inferred_from_event_id,2022-04-24,2022-05-23,2022-05-24,2022-05-31,usable,institutional_public,requer_footprint_tecnico_futuro,bloqueado_por_geometria_insuficiente,not_available,not_available,not_available,not_available,requer_geometria_antes_do_sar,16,bloqueado_para_sar,not_selected,false,"poligono candidato SAR pos-evento (referencia de avaliacao futura, nunca feature pre-evento)","QA humano do canario (aceite review-only, sem treino)",true,false,false,false,false,"datado, mas sem patch/AOI minima; precisa de geometria antes de preparar SAR"
SAR_0096,GEO_0096,TGT_0096,RP_0096,DEC_0096,REC_2022_05_24_30,not_available,not_available,not_available,not_available,2022-05-24,inferred_from_event_id,2022-04-24,2022-05-23,2022-05-24,2022-05-31,usable,institutional_public,requer_footprint_tecnico_futuro,bloqueado_por_geometria_insuficiente,not_available,not_available,not_available,not_available,requer_geometria_antes_do_sar,16,bloqueado_para_sar,not_selected,false,"poligono candidato SAR pos-evento (referencia de avaliacao futura, nunca feature pre-evento)","QA humano do canario (aceite review-only, sem treino)",true,false,false,false,false,"datado, mas sem patch/AOI minima; precisa de geometria antes de preparar SAR"
SAR_0097,GEO_0097,TGT_0097,RP_0097,DEC_0097,REC_2022_05_24_30,not_available,not_available,not_available,not_available,2022-05-24,inferred_from_event_id,2022-04-24,2022-05-23,2022-05-24,2022-05-31,usable,institutional_public,requer_footprint_tecnico_futuro,bloqueado_por_geometria_insuficiente,not_available,not_available,not_available,not_available,requer_geometria_antes_do_sar,16,bloqueado_para_sar,not_selected,false,"poligono candidato SAR pos-evento (referencia de avaliacao futura, nunca feature pre-evento)","QA humano do canario (aceite review-only, sem treino)",true,false,false,false,false,"datado, mas sem patch/AOI minima; precisa de geometria antes de preparar SAR"
SAR_0098,GEO_0098,TGT_0098,RP_0098,DEC_0098,REC_2022_05_24_30,not_available,not_available,not_available,not_available,2022-05-24,inferred_from_event_id,2022-04-24,2022-05-23,2022-05-24,2022-05-31,usable,institutional_public,requer_footprint_tecnico_futuro,bloqueado_por_geometria_insuficiente,not_available,not_available,not_available,not_available,requer_geometria_antes_do_sar,16,bloqueado_para_sar,not_selected,false,"poligono candidato SAR pos-evento (referencia de avaliacao futura, nunca feature pre-evento)","QA humano do canario (aceite review-only, sem treino)",true,false,false,false,false,"datado, mas sem patch/AOI minima; precisa de geometria antes de preparar SAR"
SAR_0099,GEO_0099,TGT_0099,RP_0099,DEC_0099,REC_2022_05_24_30,not_available,not_available,not_available,not_available,2022-05-24,inferred_from_event_id,2022-04-24,2022-05-23,2022-05-24,2022-05-31,usable,institutional_public,requer_footprint_tecnico_futuro,bloqueado_por_geometria_insuficiente,not_available,not_available,not_available,not_available,requer_geometria_antes_do_sar,16,bloqueado_para_sar,not_selected,false,"poligono candidato SAR pos-evento (referencia de avaliacao futura, nunca feature pre-evento)","QA humano do canario (aceite review-only, sem treino)",true,false,false,false,false,"datado, mas sem patch/AOI minima; precisa de geometria antes de preparar SAR"
SAR_0100,GEO_0100,TGT_0100,RP_0100,DEC_0100,REC_2022_05_24_30,not_available,not_available,not_available,not_available,2022-05-24,inferred_from_event_id,2022-04-24,2022-05-23,2022-05-24,2022-05-31,usable,institutional_public,requer_footprint_tecnico_futuro,bloqueado_por_geometria_insuficiente,not_available,not_available,not_available,not_available,requer_geometria_antes_do_sar,16,bloqueado_para_sar,not_selected,false,"poligono candidato SAR pos-evento (referencia de avaliacao futura, nunca feature pre-evento)","QA humano do canario (aceite review-only, sem treino)",true,false,false,false,false,"datado, mas sem patch/AOI minima; precisa de geometria antes de preparar SAR"
SAR_0101,GEO_0101,TGT_0101,RP_0101,DEC_0101,REC_2022_05_24_30,not_available,not_available,not_available,not_available,2022-05-24,inferred_from_event_id,2022-04-24,2022-05-23,2022-05-24,2022-05-31,usable,institutional_public,requer_footprint_tecnico_futuro,bloqueado_por_geometria_insuficiente,not_available,not_available,not_available,not_available,requer_geometria_antes_do_sar,16,bloqueado_para_sar,not_selected,false,"poligono candidato SAR pos-evento (referencia de avaliacao futura, nunca feature pre-evento)","QA humano do canario (aceite review-only, sem treino)",true,false,false,false,false,"datado, mas sem patch/AOI minima; precisa de geometria antes de preparar SAR"
SAR_0102,GEO_0102,TGT_0102,RP_0102,DEC_0102,REC_2022_05_24_30,not_available,not_available,not_available,not_available,2022-05-24,inferred_from_event_id,2022-04-24,2022-05-23,2022-05-24,2022-05-31,usable,institutional_public,requer_footprint_tecnico_futuro,bloqueado_por_geometria_insuficiente,not_available,not_available,not_available,not_available,requer_geometria_antes_do_sar,16,bloqueado_para_sar,not_selected,false,"poligono candidato SAR pos-evento (referencia de avaliacao futura, nunca feature pre-evento)","QA humano do canario (aceite review-only, sem treino)",true,false,false,false,false,"datado, mas sem patch/AOI minima; precisa de geometria antes de preparar SAR"
SAR_0103,GEO_0103,TGT_0103,RP_0103,DEC_0103,REC_2022_05_24_30,not_available,not_available,not_available,not_available,2022-05-24,inferred_from_event_id,2022-04-24,2022-05-23,2022-05-24,2022-05-31,usable,institutional_public,requer_footprint_tecnico_futuro,bloqueado_por_geometria_insuficiente,not_available,not_available,not_available,not_available,requer_geometria_antes_do_sar,16,bloqueado_para_sar,not_selected,false,"poligono candidato SAR pos-evento (referencia de avaliacao futura, nunca feature pre-evento)","QA humano do canario (aceite review-only, sem treino)",true,false,false,false,false,"datado, mas sem patch/AOI minima; precisa de geometria antes de preparar SAR"
SAR_0104,GEO_0104,TGT_0104,RP_0104,DEC_0104,REC_2022_05_24_30,not_available,not_available,not_available,not_available,2022-05-24,inferred_from_event_id,2022-04-24,2022-05-23,2022-05-24,2022-05-31,usable,institutional_public,requer_footprint_tecnico_futuro,bloqueado_por_geometria_insuficiente,not_available,not_available,not_available,not_available,requer_geometria_antes_do_sar,16,bloqueado_para_sar,not_selected,false,"poligono candidato SAR pos-evento (referencia de avaliacao futura, nunca feature pre-evento)","QA humano do canario (aceite review-only, sem treino)",true,false,false,false,false,"datado, mas sem patch/AOI minima; precisa de geometria antes de preparar SAR"
SAR_0105,GEO_0105,TGT_0105,RP_0105,DEC_0105,REC_2022_05_24_30,not_available,not_available,not_available,not_available,2022-05-24,inferred_from_event_id,2022-04-24,2022-05-23,2022-05-24,2022-05-31,usable,not_available,requer_footprint_tecnico_futuro,bloqueado_por_geometria_insuficiente,not_available,not_available,not_available,10000_or_more_city_level,requer_geometria_antes_do_sar,16,bloqueado_para_sar,not_selected,false,"poligono candidato SAR pos-evento (referencia de avaliacao futura, nunca feature pre-evento)","QA humano do canario (aceite review-only, sem treino)",true,false,false,false,false,"datado, mas sem patch/AOI minima; precisa de geometria antes de preparar SAR"
SAR_0106,GEO_0106,TGT_0106,RP_0106,DEC_0106,REC_2022_05_24_30,not_available,not_available,not_available,not_available,2022-05-24,inferred_from_event_id,2022-04-24,2022-05-23,2022-05-24,2022-05-31,usable,not_available,requer_footprint_tecnico_futuro,bloqueado_por_geometria_insuficiente,not_available,not_available,not_available,3000_or_more_bairro_level,requer_geometria_antes_do_sar,16,bloqueado_para_sar,not_selected,false,"poligono candidato SAR pos-evento (referencia de avaliacao futura, nunca feature pre-evento)","QA humano do canario (aceite review-only, sem treino)",true,false,false,false,false,"datado, mas sem patch/AOI minima; precisa de geometria antes de preparar SAR"
SAR_0107,GEO_0107,TGT_0107,RP_0107,DEC_0107,REC_2022_05_24_30,not_available,not_available,not_available,not_available,2022-05-24,inferred_from_event_id,2022-04-24,2022-05-23,2022-05-24,2022-05-31,usable,not_available,requer_footprint_tecnico_futuro,bloqueado_por_geometria_insuficiente,not_available,not_available,not_available,10000_or_more_city_level,requer_geometria_antes_do_sar,16,bloqueado_para_sar,not_selected,false,"poligono candidato SAR pos-evento (referencia de avaliacao futura, nunca feature pre-evento)","QA humano do canario (aceite review-only, sem treino)",true,false,false,false,false,"datado, mas sem patch/AOI minima; precisa de geometria antes de preparar SAR"
SAR_0108,GEO_0108,TGT_0108,RP_0108,DEC_0108,REC_2022_05_24_30,not_available,not_available,not_available,not_available,2022-05-24,inferred_from_event_id,2022-04-24,2022-05-23,2022-05-24,2022-05-31,usable,not_available,requer_footprint_tecnico_futuro,bloqueado_por_geometria_insuficiente,not_available,not_available,not_available,3000_or_more_bairro_level,requer_geometria_antes_do_sar,16,bloqueado_para_sar,not_selected,false,"poligono candidato SAR pos-evento (referencia de avaliacao futura, nunca feature pre-evento)","QA humano do canario (aceite review-only, sem treino)",true,false,false,false,false,"datado, mas sem patch/AOI minima; precisa de geometria antes de preparar SAR"
SAR_0109,GEO_0109,TGT_0109,RP_0109,DEC_0109,REC_2022_05_24_30,not_available,not_available,not_available,not_available,2022-05-24,inferred_from_event_id,2022-04-24,2022-05-23,2022-05-24,2022-05-31,usable,not_available,requer_footprint_tecnico_futuro,bloqueado_por_geometria_insuficiente,not_available,not_available,not_available,10000_or_more_city_level,requer_geometria_antes_do_sar,16,bloqueado_para_sar,not_selected,false,"poligono candidato SAR pos-evento (referencia de avaliacao futura, nunca feature pre-evento)","QA humano do canario (aceite review-only, sem treino)",true,false,false,false,false,"datado, mas sem patch/AOI minima; precisa de geometria antes de preparar SAR"
SAR_0110,GEO_0110,TGT_0110,RP_0110,DEC_0110,REC_2022_05_24_30,not_available,not_available,not_available,not_available,2022-05-24,inferred_from_event_id,2022-04-24,2022-05-23,2022-05-24,2022-05-31,usable,not_available,requer_footprint_tecnico_futuro,bloqueado_por_geometria_insuficiente,not_available,not_available,not_available,3000_or_more_bairro_level,requer_geometria_antes_do_sar,16,bloqueado_para_sar,not_selected,false,"poligono candidato SAR pos-evento (referencia de avaliacao futura, nunca feature pre-evento)","QA humano do canario (aceite review-only, sem treino)",true,false,false,false,false,"datado, mas sem patch/AOI minima; precisa de geometria antes de preparar SAR"
SAR_0111,GEO_0111,TGT_0111,RP_0111,DEC_0111,REC_2022_05_24_30,not_available,not_available,not_available,not_available,2022-05-24,inferred_from_event_id,2022-04-24,2022-05-23,2022-05-24,2022-05-31,usable,not_available,requer_footprint_tecnico_futuro,bloqueado_por_geometria_insuficiente,not_available,not_available,not_available,3000_or_more_bairro_level,requer_geometria_antes_do_sar,16,bloqueado_para_sar,not_selected,false,"poligono candidato SAR pos-evento (referencia de avaliacao futura, nunca feature pre-evento)","QA humano do canario (aceite review-only, sem treino)",true,false,false,false,false,"datado, mas sem patch/AOI minima; precisa de geometria antes de preparar SAR"
SAR_0112,GEO_0112,TGT_0112,RP_0112,DEC_0112,REC_2022_05_24_30,not_available,not_available,not_available,not_available,2022-05-24,inferred_from_event_id,2022-04-24,2022-05-23,2022-05-24,2022-05-31,usable,not_available,requer_footprint_tecnico_futuro,bloqueado_por_geometria_insuficiente,not_available,not_available,not_available,3000_or_more_bairro_level,requer_geometria_antes_do_sar,16,bloqueado_para_sar,not_selected,false,"poligono candidato SAR pos-evento (referencia de avaliacao futura, nunca feature pre-evento)","QA humano do canario (aceite review-only, sem treino)",true,false,false,false,false,"datado, mas sem patch/AOI minima; precisa de geometria antes de preparar SAR"
SAR_0113,GEO_0113,TGT_0113,RP_0113,DEC_0113,REC_2022_05_24_30,not_available,not_available,not_available,not_available,2022-05-24,inferred_from_event_id,2022-04-24,2022-05-23,2022-05-24,2022-05-31,usable,not_available,requer_footprint_tecnico_futuro,bloqueado_por_geometria_insuficiente,not_available,not_available,not_available,3000_or_more_bairro_level,requer_geometria_antes_do_sar,16,bloqueado_para_sar,not_selected,false,"poligono candidato SAR pos-evento (referencia de avaliacao futura, nunca feature pre-evento)","QA humano do canario (aceite review-only, sem treino)",true,false,false,false,false,"datado, mas sem patch/AOI minima; precisa de geometria antes de preparar SAR"
SAR_0114,GEO_0114,TGT_0114,RP_0114,DEC_0114,REC_2022_05_24_30,not_available,not_available,not_available,not_available,2022-05-24,inferred_from_event_id,2022-04-24,2022-05-23,2022-05-24,2022-05-31,usable,not_available,requer_footprint_tecnico_futuro,bloqueado_por_geometria_insuficiente,not_available,not_available,not_available,3000_or_more_bairro_level,requer_geometria_antes_do_sar,16,bloqueado_para_sar,not_selected,false,"poligono candidato SAR pos-evento (referencia de avaliacao futura, nunca feature pre-evento)","QA humano do canario (aceite review-only, sem treino)",true,false,false,false,false,"datado, mas sem patch/AOI minima; precisa de geometria antes de preparar SAR"
SAR_0115,GEO_0115,TGT_0115,RP_0115,DEC_0115,REC_2022_05_24_30,not_available,not_available,not_available,not_available,2022-05-24,inferred_from_event_id,2022-04-24,2022-05-23,2022-05-24,2022-05-31,usable,not_available,requer_footprint_tecnico_futuro,bloqueado_por_geometria_insuficiente,not_available,not_available,not_available,3000_or_more_bairro_level,requer_geometria_antes_do_sar,16,bloqueado_para_sar,not_selected,false,"poligono candidato SAR pos-evento (referencia de avaliacao futura, nunca feature pre-evento)","QA humano do canario (aceite review-only, sem treino)",true,false,false,false,false,"datado, mas sem patch/AOI minima; precisa de geometria antes de preparar SAR"
SAR_0116,GEO_0116,TGT_0116,RP_0116,DEC_0116,REC_2022_05_24_30,not_available,not_available,not_available,not_available,2022-05-24,inferred_from_event_id,2022-04-24,2022-05-23,2022-05-24,2022-05-31,usable,not_available,requer_footprint_tecnico_futuro,bloqueado_por_geometria_insuficiente,not_available,not_available,not_available,3000_or_more_bairro_level,requer_geometria_antes_do_sar,16,bloqueado_para_sar,not_selected,false,"poligono candidato SAR pos-evento (referencia de avaliacao futura, nunca feature pre-evento)","QA humano do canario (aceite review-only, sem treino)",true,false,false,false,false,"datado, mas sem patch/AOI minima; precisa de geometria antes de preparar SAR"
SAR_0117,GEO_0117,TGT_0117,RP_0117,DEC_0117,REC_2022_05_24_30,not_available,not_available,not_available,not_available,2022-05-24,inferred_from_event_id,2022-04-24,2022-05-23,2022-05-24,2022-05-31,usable,not_available,requer_footprint_tecnico_futuro,bloqueado_por_geometria_insuficiente,not_available,not_available,not_available,3000_or_more_bairro_level,requer_geometria_antes_do_sar,16,bloqueado_para_sar,not_selected,false,"poligono candidato SAR pos-evento (referencia de avaliacao futura, nunca feature pre-evento)","QA humano do canario (aceite review-only, sem treino)",true,false,false,false,false,"datado, mas sem patch/AOI minima; precisa de geometria antes de preparar SAR"
SAR_0118,GEO_0118,TGT_0118,RP_0118,DEC_0118,REC_2022_05_24_30,not_available,not_available,not_available,not_available,2022-05-24,inferred_from_event_id,2022-04-24,2022-05-23,2022-05-24,2022-05-31,usable,not_available,requer_footprint_tecnico_futuro,bloqueado_por_geometria_insuficiente,not_available,not_available,not_available,3000_or_more_bairro_level,requer_geometria_antes_do_sar,16,bloqueado_para_sar,not_selected,false,"poligono candidato SAR pos-evento (referencia de avaliacao futura, nunca feature pre-evento)","QA humano do canario (aceite review-only, sem treino)",true,false,false,false,false,"datado, mas sem patch/AOI minima; precisa de geometria antes de preparar SAR"
SAR_0119,GEO_0119,TGT_0119,RP_0119,DEC_0119,REC_2022_05_24_30,not_available,not_available,not_available,not_available,2022-05-24,inferred_from_event_id,2022-04-24,2022-05-23,2022-05-24,2022-05-31,usable,not_available,requer_footprint_tecnico_futuro,bloqueado_por_geometria_insuficiente,not_available,not_available,not_available,800,requer_geometria_antes_do_sar,16,bloqueado_para_sar,not_selected,false,"poligono candidato SAR pos-evento (referencia de avaliacao futura, nunca feature pre-evento)","QA humano do canario (aceite review-only, sem treino)",true,false,false,false,false,"datado, mas sem patch/AOI minima; precisa de geometria antes de preparar SAR"
SAR_0120,GEO_0120,TGT_0120,RP_0120,DEC_0120,REC_2022_05_24_30,not_available,not_available,not_available,not_available,2022-05-24,inferred_from_event_id,2022-04-24,2022-05-23,2022-05-24,2022-05-31,usable,not_available,requer_footprint_tecnico_futuro,bloqueado_por_geometria_insuficiente,not_available,not_available,not_available,800,requer_geometria_antes_do_sar,16,bloqueado_para_sar,not_selected,false,"poligono candidato SAR pos-evento (referencia de avaliacao futura, nunca feature pre-evento)","QA humano do canario (aceite review-only, sem treino)",true,false,false,false,false,"datado, mas sem patch/AOI minima; precisa de geometria antes de preparar SAR"
SAR_0121,GEO_0121,TGT_0121,RP_0121,DEC_0121,REC_2022_05_24_30,not_available,not_available,not_available,not_available,2022-05-24,inferred_from_event_id,2022-04-24,2022-05-23,2022-05-24,2022-05-31,usable,not_available,requer_footprint_tecnico_futuro,bloqueado_por_geometria_insuficiente,not_available,not_available,not_available,800,requer_geometria_antes_do_sar,16,bloqueado_para_sar,not_selected,false,"poligono candidato SAR pos-evento (referencia de avaliacao futura, nunca feature pre-evento)","QA humano do canario (aceite review-only, sem treino)",true,false,false,false,false,"datado, mas sem patch/AOI minima; precisa de geometria antes de preparar SAR"
SAR_0122,GEO_0122,TGT_0122,RP_0122,DEC_0122,REC_2022_05_24_30,not_available,not_available,not_available,not_available,2022-05-24,inferred_from_event_id,2022-04-24,2022-05-23,2022-05-24,2022-05-31,usable,not_available,requer_footprint_tecnico_futuro,bloqueado_por_geometria_insuficiente,not_available,not_available,not_available,800,requer_geometria_antes_do_sar,16,bloqueado_para_sar,not_selected,false,"poligono candidato SAR pos-evento (referencia de avaliacao futura, nunca feature pre-evento)","QA humano do canario (aceite review-only, sem treino)",true,false,false,false,false,"datado, mas sem patch/AOI minima; precisa de geometria antes de preparar SAR"
SAR_0123,GEO_0123,TGT_0123,RP_0123,DEC_0123,REC_2022_05_24_30,not_available,not_available,not_available,not_available,2022-05-24,inferred_from_event_id,2022-04-24,2022-05-23,2022-05-24,2022-05-31,usable,not_available,requer_footprint_tecnico_futuro,bloqueado_por_geometria_insuficiente,not_available,not_available,not_available,800,requer_geometria_antes_do_sar,16,bloqueado_para_sar,not_selected,false,"poligono candidato SAR pos-evento (referencia de avaliacao futura, nunca feature pre-evento)","QA humano do canario (aceite review-only, sem treino)",true,false,false,false,false,"datado, mas sem patch/AOI minima; precisa de geometria antes de preparar SAR"
SAR_0124,GEO_0124,TGT_0124,RP_0124,DEC_0124,REC_2022_05_24_30,not_available,not_available,not_available,not_available,2022-05-24,inferred_from_event_id,2022-04-24,2022-05-23,2022-05-24,2022-05-31,usable,not_available,requer_footprint_tecnico_futuro,bloqueado_por_geometria_insuficiente,not_available,not_available,not_available,800,requer_geometria_antes_do_sar,16,bloqueado_para_sar,not_selected,false,"poligono candidato SAR pos-evento (referencia de avaliacao futura, nunca feature pre-evento)","QA humano do canario (aceite review-only, sem treino)",true,false,false,false,false,"datado, mas sem patch/AOI minima; precisa de geometria antes de preparar SAR"
SAR_0125,GEO_0125,TGT_0125,RP_0125,DEC_0125,REC_2022_05_24_30,not_available,not_available,not_available,not_available,2022-05-24,inferred_from_event_id,2022-04-24,2022-05-23,2022-05-24,2022-05-31,usable,not_available,requer_footprint_tecnico_futuro,bloqueado_por_geometria_insuficiente,not_available,not_available,not_available,800,requer_geometria_antes_do_sar,16,bloqueado_para_sar,not_selected,false,"poligono candidato SAR pos-evento (referencia de avaliacao futura, nunca feature pre-evento)","QA humano do canario (aceite review-only, sem treino)",true,false,false,false,false,"datado, mas sem patch/AOI minima; precisa de geometria antes de preparar SAR"
SAR_0126,GEO_0126,TGT_0126,RP_0126,DEC_0126,REC_2022_05_24_30,not_available,not_available,not_available,not_available,2022-05-24,inferred_from_event_id,2022-04-24,2022-05-23,2022-05-24,2022-05-31,usable,not_available,requer_footprint_tecnico_futuro,bloqueado_por_geometria_insuficiente,not_available,not_available,not_available,800,requer_geometria_antes_do_sar,16,bloqueado_para_sar,not_selected,false,"poligono candidato SAR pos-evento (referencia de avaliacao futura, nunca feature pre-evento)","QA humano do canario (aceite review-only, sem treino)",true,false,false,false,false,"datado, mas sem patch/AOI minima; precisa de geometria antes de preparar SAR"
SAR_0127,GEO_0127,TGT_0127,RP_0127,DEC_0127,REC_2022_05_24_30,not_available,not_available,not_available,not_available,2022-05-24,inferred_from_event_id,2022-04-24,2022-05-23,2022-05-24,2022-05-31,usable,not_available,requer_footprint_tecnico_futuro,bloqueado_por_geometria_insuficiente,not_available,not_available,not_available,800,requer_geometria_antes_do_sar,16,bloqueado_para_sar,not_selected,false,"poligono candidato SAR pos-evento (referencia de avaliacao futura, nunca feature pre-evento)","QA humano do canario (aceite review-only, sem treino)",true,false,false,false,false,"datado, mas sem patch/AOI minima; precisa de geometria antes de preparar SAR"
SAR_0128,GEO_0128,TGT_0128,RP_0128,DEC_0128,REC_2022_05_24_30,not_available,not_available,not_available,not_available,2022-05-24,inferred_from_event_id,2022-04-24,2022-05-23,2022-05-24,2022-05-31,usable,not_available,requer_footprint_tecnico_futuro,bloqueado_por_geometria_insuficiente,not_available,not_available,not_available,800,requer_geometria_antes_do_sar,16,bloqueado_para_sar,not_selected,false,"poligono candidato SAR pos-evento (referencia de avaliacao futura, nunca feature pre-evento)","QA humano do canario (aceite review-only, sem treino)",true,false,false,false,false,"datado, mas sem patch/AOI minima; precisa de geometria antes de preparar SAR"
SAR_0129,GEO_0129,TGT_0129,RP_0129,DEC_0129,REC_2022_05_24_30,not_available,not_available,not_available,not_available,2022-05-24,inferred_from_event_id,2022-04-24,2022-05-23,2022-05-24,2022-05-31,usable,not_available,requer_footprint_tecnico_futuro,bloqueado_por_geometria_insuficiente,not_available,not_available,not_available,800,requer_geometria_antes_do_sar,16,bloqueado_para_sar,not_selected,false,"poligono candidato SAR pos-evento (referencia de avaliacao futura, nunca feature pre-evento)","QA humano do canario (aceite review-only, sem treino)",true,false,false,false,false,"datado, mas sem patch/AOI minima; precisa de geometria antes de preparar SAR"
SAR_0130,GEO_0130,TGT_0130,RP_0130,DEC_0130,REC_2022_05_24_30,not_available,not_available,not_available,not_available,2022-05-24,inferred_from_event_id,2022-04-24,2022-05-23,2022-05-24,2022-05-31,usable,not_available,requer_footprint_tecnico_futuro,bloqueado_por_geometria_insuficiente,not_available,not_available,not_available,800,requer_geometria_antes_do_sar,16,bloqueado_para_sar,not_selected,false,"poligono candidato SAR pos-evento (referencia de avaliacao futura, nunca feature pre-evento)","QA humano do canario (aceite review-only, sem treino)",true,false,false,false,false,"datado, mas sem patch/AOI minima; precisa de geometria antes de preparar SAR"
SAR_0131,GEO_0131,TGT_0131,RP_0131,DEC_0131,REC_2022_05_24_30,not_available,not_available,not_available,not_available,2022-05-24,inferred_from_event_id,2022-04-24,2022-05-23,2022-05-24,2022-05-31,usable,not_available,requer_footprint_tecnico_futuro,bloqueado_por_geometria_insuficiente,not_available,not_available,not_available,800,requer_geometria_antes_do_sar,16,bloqueado_para_sar,not_selected,false,"poligono candidato SAR pos-evento (referencia de avaliacao futura, nunca feature pre-evento)","QA humano do canario (aceite review-only, sem treino)",true,false,false,false,false,"datado, mas sem patch/AOI minima; precisa de geometria antes de preparar SAR"
SAR_0132,GEO_0132,TGT_0132,RP_0132,DEC_0132,REC_2022_05_24_30,not_available,not_available,not_available,not_available,2022-05-24,inferred_from_event_id,2022-04-24,2022-05-23,2022-05-24,2022-05-31,usable,not_available,requer_footprint_tecnico_futuro,bloqueado_por_geometria_insuficiente,not_available,not_available,not_available,800,requer_geometria_antes_do_sar,16,bloqueado_para_sar,not_selected,false,"poligono candidato SAR pos-evento (referencia de avaliacao futura, nunca feature pre-evento)","QA humano do canario (aceite review-only, sem treino)",true,false,false,false,false,"datado, mas sem patch/AOI minima; precisa de geometria antes de preparar SAR"
SAR_0133,GEO_0133,TGT_0133,RP_0133,DEC_0133,REC_2022_05_24_30,not_available,not_available,not_available,not_available,2022-05-24,inferred_from_event_id,2022-04-24,2022-05-23,2022-05-24,2022-05-31,usable,not_available,requer_footprint_tecnico_futuro,bloqueado_por_geometria_insuficiente,not_available,not_available,not_available,800,requer_geometria_antes_do_sar,16,bloqueado_para_sar,not_selected,false,"poligono candidato SAR pos-evento (referencia de avaliacao futura, nunca feature pre-evento)","QA humano do canario (aceite review-only, sem treino)",true,false,false,false,false,"datado, mas sem patch/AOI minima; precisa de geometria antes de preparar SAR"
SAR_0134,GEO_0134,TGT_0134,RP_0134,DEC_0134,REC_2022_05_24_30,not_available,not_available,not_available,not_available,2022-05-24,inferred_from_event_id,2022-04-24,2022-05-23,2022-05-24,2022-05-31,usable,not_available,requer_footprint_tecnico_futuro,bloqueado_por_geometria_insuficiente,not_available,not_available,not_available,800,requer_geometria_antes_do_sar,16,bloqueado_para_sar,not_selected,false,"poligono candidato SAR pos-evento (referencia de avaliacao futura, nunca feature pre-evento)","QA humano do canario (aceite review-only, sem treino)",true,false,false,false,false,"datado, mas sem patch/AOI minima; precisa de geometria antes de preparar SAR"
SAR_0135,GEO_0135,TGT_0135,RP_0135,DEC_0135,REC_2022_05_24_30,not_available,not_available,not_available,not_available,2022-05-24,inferred_from_event_id,2022-04-24,2022-05-23,2022-05-24,2022-05-31,usable,not_available,requer_footprint_tecnico_futuro,bloqueado_por_geometria_insuficiente,not_available,not_available,not_available,800,requer_geometria_antes_do_sar,16,bloqueado_para_sar,not_selected,false,"poligono candidato SAR pos-evento (referencia de avaliacao futura, nunca feature pre-evento)","QA humano do canario (aceite review-only, sem treino)",true,false,false,false,false,"datado, mas sem patch/AOI minima; precisa de geometria antes de preparar SAR"
SAR_0136,GEO_0136,TGT_0136,RP_0136,DEC_0136,REC_2022_05_24_30,not_available,not_available,not_available,not_available,2022-05-24,inferred_from_event_id,2022-04-24,2022-05-23,2022-05-24,2022-05-31,usable,not_available,requer_footprint_tecnico_futuro,bloqueado_por_geometria_insuficiente,not_available,not_available,not_available,800,requer_geometria_antes_do_sar,16,bloqueado_para_sar,not_selected,false,"poligono candidato SAR pos-evento (referencia de avaliacao futura, nunca feature pre-evento)","QA humano do canario (aceite review-only, sem treino)",true,false,false,false,false,"datado, mas sem patch/AOI minima; precisa de geometria antes de preparar SAR"
SAR_0137,GEO_0137,TGT_0137,RP_0137,DEC_0137,REC_2022_05_24_30,not_available,not_available,not_available,not_available,2022-05-24,inferred_from_event_id,2022-04-24,2022-05-23,2022-05-24,2022-05-31,usable,not_available,requer_footprint_tecnico_futuro,bloqueado_por_geometria_insuficiente,not_available,not_available,not_available,800,requer_geometria_antes_do_sar,16,bloqueado_para_sar,not_selected,false,"poligono candidato SAR pos-evento (referencia de avaliacao futura, nunca feature pre-evento)","QA humano do canario (aceite review-only, sem treino)",true,false,false,false,false,"datado, mas sem patch/AOI minima; precisa de geometria antes de preparar SAR"
SAR_0138,GEO_0138,TGT_0138,RP_0138,DEC_0138,REC_2022_05_24_30,not_available,not_available,not_available,not_available,2022-05-24,inferred_from_event_id,2022-04-24,2022-05-23,2022-05-24,2022-05-31,usable,not_available,requer_footprint_tecnico_futuro,bloqueado_por_geometria_insuficiente,not_available,not_available,not_available,800,requer_geometria_antes_do_sar,16,bloqueado_para_sar,not_selected,false,"poligono candidato SAR pos-evento (referencia de avaliacao futura, nunca feature pre-evento)","QA humano do canario (aceite review-only, sem treino)",true,false,false,false,false,"datado, mas sem patch/AOI minima; precisa de geometria antes de preparar SAR"
SAR_0139,GEO_0139,TGT_0139,RP_0139,DEC_0139,REC_2022_05_24_30,not_available,not_available,not_available,not_available,2022-05-24,inferred_from_event_id,2022-04-24,2022-05-23,2022-05-24,2022-05-31,usable,not_available,requer_footprint_tecnico_futuro,bloqueado_por_geometria_insuficiente,not_available,not_available,not_available,800,requer_geometria_antes_do_sar,16,bloqueado_para_sar,not_selected,false,"poligono candidato SAR pos-evento (referencia de avaliacao futura, nunca feature pre-evento)","QA humano do canario (aceite review-only, sem treino)",true,false,false,false,false,"datado, mas sem patch/AOI minima; precisa de geometria antes de preparar SAR"
SAR_0140,GEO_0140,TGT_0140,RP_0140,DEC_0140,REC_2022_05_24_30,not_available,not_available,not_available,not_available,2022-05-24,inferred_from_event_id,2022-04-24,2022-05-23,2022-05-24,2022-05-31,usable,not_available,requer_footprint_tecnico_futuro,bloqueado_por_geometria_insuficiente,not_available,not_available,not_available,800,requer_geometria_antes_do_sar,16,bloqueado_para_sar,not_selected,false,"poligono candidato SAR pos-evento (referencia de avaliacao futura, nunca feature pre-evento)","QA humano do canario (aceite review-only, sem treino)",true,false,false,false,false,"datado, mas sem patch/AOI minima; precisa de geometria antes de preparar SAR"
SAR_0141,GEO_0141,TGT_0141,RP_0141,DEC_0141,REC_2022_05_24_30,not_available,not_available,not_available,not_available,2022-05-24,inferred_from_event_id,2022-04-24,2022-05-23,2022-05-24,2022-05-31,usable,not_available,requer_footprint_tecnico_futuro,bloqueado_por_geometria_insuficiente,not_available,not_available,not_available,800,requer_geometria_antes_do_sar,16,bloqueado_para_sar,not_selected,false,"poligono candidato SAR pos-evento (referencia de avaliacao futura, nunca feature pre-evento)","QA humano do canario (aceite review-only, sem treino)",true,false,false,false,false,"datado, mas sem patch/AOI minima; precisa de geometria antes de preparar SAR"
SAR_0142,GEO_0142,TGT_0142,RP_0142,DEC_0142,REC_2022_05_24_30,not_available,not_available,not_available,not_available,2022-05-24,inferred_from_event_id,2022-04-24,2022-05-23,2022-05-24,2022-05-31,usable,not_available,requer_footprint_tecnico_futuro,bloqueado_por_geometria_insuficiente,not_available,not_available,not_available,800,requer_geometria_antes_do_sar,16,bloqueado_para_sar,not_selected,false,"poligono candidato SAR pos-evento (referencia de avaliacao futura, nunca feature pre-evento)","QA humano do canario (aceite review-only, sem treino)",true,false,false,false,false,"datado, mas sem patch/AOI minima; precisa de geometria antes de preparar SAR"
SAR_0143,GEO_0143,TGT_0143,RP_0143,DEC_0143,REC_2022_05_24_30,not_available,not_available,not_available,not_available,2022-05-24,inferred_from_event_id,2022-04-24,2022-05-23,2022-05-24,2022-05-31,usable,not_available,requer_footprint_tecnico_futuro,bloqueado_por_geometria_insuficiente,not_available,not_available,not_available,800,requer_geometria_antes_do_sar,16,bloqueado_para_sar,not_selected,false,"poligono candidato SAR pos-evento (referencia de avaliacao futura, nunca feature pre-evento)","QA humano do canario (aceite review-only, sem treino)",true,false,false,false,false,"datado, mas sem patch/AOI minima; precisa de geometria antes de preparar SAR"
SAR_0144,GEO_0144,TGT_0144,RP_0144,DEC_0144,REC_2022_05_24_30,not_available,not_available,not_available,not_available,2022-05-24,inferred_from_event_id,2022-04-24,2022-05-23,2022-05-24,2022-05-31,usable,not_available,requer_footprint_tecnico_futuro,bloqueado_por_geometria_insuficiente,not_available,not_available,not_available,800,requer_geometria_antes_do_sar,16,bloqueado_para_sar,not_selected,false,"poligono candidato SAR pos-evento (referencia de avaliacao futura, nunca feature pre-evento)","QA humano do canario (aceite review-only, sem treino)",true,false,false,false,false,"datado, mas sem patch/AOI minima; precisa de geometria antes de preparar SAR"
SAR_0145,GEO_0145,TGT_0145,RP_0145,DEC_0145,REC_2022_05_24_30,not_available,not_available,not_available,not_available,2022-05-24,inferred_from_event_id,2022-04-24,2022-05-23,2022-05-24,2022-05-31,usable,not_available,requer_footprint_tecnico_futuro,bloqueado_por_geometria_insuficiente,not_available,not_available,not_available,800,requer_geometria_antes_do_sar,16,bloqueado_para_sar,not_selected,false,"poligono candidato SAR pos-evento (referencia de avaliacao futura, nunca feature pre-evento)","QA humano do canario (aceite review-only, sem treino)",true,false,false,false,false,"datado, mas sem patch/AOI minima; precisa de geometria antes de preparar SAR"
SAR_0146,GEO_0146,TGT_0146,RP_0146,DEC_0146,REC_2022_05_24_30,not_available,not_available,not_available,not_available,2022-05-24,inferred_from_event_id,2022-04-24,2022-05-23,2022-05-24,2022-05-31,usable,not_available,requer_footprint_tecnico_futuro,bloqueado_por_geometria_insuficiente,not_available,not_available,not_available,800,requer_geometria_antes_do_sar,16,bloqueado_para_sar,not_selected,false,"poligono candidato SAR pos-evento (referencia de avaliacao futura, nunca feature pre-evento)","QA humano do canario (aceite review-only, sem treino)",true,false,false,false,false,"datado, mas sem patch/AOI minima; precisa de geometria antes de preparar SAR"
SAR_0147,GEO_0147,TGT_0147,RP_0147,DEC_0147,REC_2022_05_24_30,not_available,not_available,not_available,not_available,2022-05-24,inferred_from_event_id,2022-04-24,2022-05-23,2022-05-24,2022-05-31,usable,not_available,requer_footprint_tecnico_futuro,bloqueado_por_geometria_insuficiente,not_available,not_available,not_available,800,requer_geometria_antes_do_sar,16,bloqueado_para_sar,not_selected,false,"poligono candidato SAR pos-evento (referencia de avaliacao futura, nunca feature pre-evento)","QA humano do canario (aceite review-only, sem treino)",true,false,false,false,false,"datado, mas sem patch/AOI minima; precisa de geometria antes de preparar SAR"
SAR_0148,GEO_0148,TGT_0148,RP_0148,DEC_0148,REC_2022_05_24_30,not_available,not_available,not_available,not_available,2022-05-24,inferred_from_event_id,2022-04-24,2022-05-23,2022-05-24,2022-05-31,usable,not_available,requer_footprint_tecnico_futuro,bloqueado_por_geometria_insuficiente,not_available,not_available,not_available,800,requer_geometria_antes_do_sar,16,bloqueado_para_sar,not_selected,false,"poligono candidato SAR pos-evento (referencia de avaliacao futura, nunca feature pre-evento)","QA humano do canario (aceite review-only, sem treino)",true,false,false,false,false,"datado, mas sem patch/AOI minima; precisa de geometria antes de preparar SAR"
SAR_0149,GEO_0149,TGT_0149,RP_0149,DEC_0149,REC_2022_05_24_30,not_available,not_available,not_available,not_available,2022-05-24,inferred_from_event_id,2022-04-24,2022-05-23,2022-05-24,2022-05-31,usable,not_available,requer_footprint_tecnico_futuro,bloqueado_por_geometria_insuficiente,not_available,not_available,not_available,800,requer_geometria_antes_do_sar,16,bloqueado_para_sar,not_selected,false,"poligono candidato SAR pos-evento (referencia de avaliacao futura, nunca feature pre-evento)","QA humano do canario (aceite review-only, sem treino)",true,false,false,false,false,"datado, mas sem patch/AOI minima; precisa de geometria antes de preparar SAR"
SAR_0150,GEO_0150,TGT_0150,RP_0150,DEC_0150,REC_2022_05_24_30,not_available,not_available,not_available,not_available,2022-05-24,inferred_from_event_id,2022-04-24,2022-05-23,2022-05-24,2022-05-31,usable,not_available,requer_footprint_tecnico_futuro,bloqueado_por_geometria_insuficiente,not_available,not_available,not_available,800,requer_geometria_antes_do_sar,16,bloqueado_para_sar,not_selected,false,"poligono candidato SAR pos-evento (referencia de avaliacao futura, nunca feature pre-evento)","QA humano do canario (aceite review-only, sem treino)",true,false,false,false,false,"datado, mas sem patch/AOI minima; precisa de geometria antes de preparar SAR"
SAR_0151,GEO_0151,TGT_0151,RP_0151,DEC_0151,REC_2022_05_24_30,not_available,not_available,not_available,not_available,2022-05-24,inferred_from_event_id,2022-04-24,2022-05-23,2022-05-24,2022-05-31,usable,not_available,requer_footprint_tecnico_futuro,bloqueado_por_geometria_insuficiente,not_available,not_available,not_available,800,requer_geometria_antes_do_sar,16,bloqueado_para_sar,not_selected,false,"poligono candidato SAR pos-evento (referencia de avaliacao futura, nunca feature pre-evento)","QA humano do canario (aceite review-only, sem treino)",true,false,false,false,false,"datado, mas sem patch/AOI minima; precisa de geometria antes de preparar SAR"
SAR_0152,GEO_0152,TGT_0152,RP_0152,DEC_0152,REC_2022_05_24_30,not_available,not_available,not_available,not_available,2022-05-24,inferred_from_event_id,2022-04-24,2022-05-23,2022-05-24,2022-05-31,usable,not_available,requer_footprint_tecnico_futuro,bloqueado_por_geometria_insuficiente,not_available,not_available,not_available,800,requer_geometria_antes_do_sar,16,bloqueado_para_sar,not_selected,false,"poligono candidato SAR pos-evento (referencia de avaliacao futura, nunca feature pre-evento)","QA humano do canario (aceite review-only, sem treino)",true,false,false,false,false,"datado, mas sem patch/AOI minima; precisa de geometria antes de preparar SAR"
SAR_0153,GEO_0153,TGT_0153,RP_0153,DEC_0153,REC_2022_05_24_30,not_available,not_available,not_available,not_available,2022-05-24,inferred_from_event_id,2022-04-24,2022-05-23,2022-05-24,2022-05-31,usable,not_available,requer_footprint_tecnico_futuro,bloqueado_por_geometria_insuficiente,not_available,not_available,not_available,800,requer_geometria_antes_do_sar,16,bloqueado_para_sar,not_selected,false,"poligono candidato SAR pos-evento (referencia de avaliacao futura, nunca feature pre-evento)","QA humano do canario (aceite review-only, sem treino)",true,false,false,false,false,"datado, mas sem patch/AOI minima; precisa de geometria antes de preparar SAR"
SAR_0154,GEO_0154,TGT_0154,RP_0154,DEC_0154,REC_2022_05_24_30,not_available,not_available,not_available,not_available,2022-05-24,inferred_from_event_id,2022-04-24,2022-05-23,2022-05-24,2022-05-31,usable,not_available,requer_footprint_tecnico_futuro,bloqueado_por_geometria_insuficiente,not_available,not_available,not_available,800,requer_geometria_antes_do_sar,16,bloqueado_para_sar,not_selected,false,"poligono candidato SAR pos-evento (referencia de avaliacao futura, nunca feature pre-evento)","QA humano do canario (aceite review-only, sem treino)",true,false,false,false,false,"datado, mas sem patch/AOI minima; precisa de geometria antes de preparar SAR"
SAR_0155,GEO_0155,TGT_0155,RP_0155,DEC_0155,REC_2022_05_24_30,not_available,not_available,not_available,not_available,2022-05-24,inferred_from_event_id,2022-04-24,2022-05-23,2022-05-24,2022-05-31,usable,not_available,requer_footprint_tecnico_futuro,bloqueado_por_geometria_insuficiente,not_available,not_available,not_available,800,requer_geometria_antes_do_sar,16,bloqueado_para_sar,not_selected,false,"poligono candidato SAR pos-evento (referencia de avaliacao futura, nunca feature pre-evento)","QA humano do canario (aceite review-only, sem treino)",true,false,false,false,false,"datado, mas sem patch/AOI minima; precisa de geometria antes de preparar SAR"
SAR_0156,GEO_0156,TGT_0156,RP_0156,DEC_0156,REC_2022_05_24_30,not_available,not_available,not_available,not_available,2022-05-24,inferred_from_event_id,2022-04-24,2022-05-23,2022-05-24,2022-05-31,usable,not_available,requer_footprint_tecnico_futuro,bloqueado_por_geometria_insuficiente,not_available,not_available,not_available,800,requer_geometria_antes_do_sar,16,bloqueado_para_sar,not_selected,false,"poligono candidato SAR pos-evento (referencia de avaliacao futura, nunca feature pre-evento)","QA humano do canario (aceite review-only, sem treino)",true,false,false,false,false,"datado, mas sem patch/AOI minima; precisa de geometria antes de preparar SAR"
SAR_0157,GEO_0157,TGT_0157,RP_0157,DEC_0157,REC_2022_05_24_30,not_available,not_available,not_available,not_available,2022-05-24,inferred_from_event_id,2022-04-24,2022-05-23,2022-05-24,2022-05-31,usable,not_available,requer_footprint_tecnico_futuro,bloqueado_por_geometria_insuficiente,not_available,not_available,not_available,800,requer_geometria_antes_do_sar,16,bloqueado_para_sar,not_selected,false,"poligono candidato SAR pos-evento (referencia de avaliacao futura, nunca feature pre-evento)","QA humano do canario (aceite review-only, sem treino)",true,false,false,false,false,"datado, mas sem patch/AOI minima; precisa de geometria antes de preparar SAR"
SAR_0158,GEO_0158,TGT_0158,RP_0158,DEC_0158,REC_2022_05_24_30,not_available,not_available,not_available,not_available,2022-05-24,inferred_from_event_id,2022-04-24,2022-05-23,2022-05-24,2022-05-31,usable,not_available,requer_footprint_tecnico_futuro,bloqueado_por_geometria_insuficiente,not_available,not_available,not_available,800,requer_geometria_antes_do_sar,16,bloqueado_para_sar,not_selected,false,"poligono candidato SAR pos-evento (referencia de avaliacao futura, nunca feature pre-evento)","QA humano do canario (aceite review-only, sem treino)",true,false,false,false,false,"datado, mas sem patch/AOI minima; precisa de geometria antes de preparar SAR"
SAR_0159,GEO_0159,TGT_0159,RP_0159,DEC_0159,REC_2022_05_24_30,not_available,not_available,not_available,not_available,2022-05-24,inferred_from_event_id,2022-04-24,2022-05-23,2022-05-24,2022-05-31,usable,not_available,requer_footprint_tecnico_futuro,bloqueado_por_geometria_insuficiente,not_available,not_available,not_available,800,requer_geometria_antes_do_sar,16,bloqueado_para_sar,not_selected,false,"poligono candidato SAR pos-evento (referencia de avaliacao futura, nunca feature pre-evento)","QA humano do canario (aceite review-only, sem treino)",true,false,false,false,false,"datado, mas sem patch/AOI minima; precisa de geometria antes de preparar SAR"
SAR_0160,GEO_0160,TGT_0160,RP_0160,DEC_0160,REC_2022_05_24_30,not_available,not_available,not_available,not_available,2022-05-24,inferred_from_event_id,2022-04-24,2022-05-23,2022-05-24,2022-05-31,usable,not_available,requer_footprint_tecnico_futuro,bloqueado_por_geometria_insuficiente,not_available,not_available,not_available,800,requer_geometria_antes_do_sar,16,bloqueado_para_sar,not_selected,false,"poligono candidato SAR pos-evento (referencia de avaliacao futura, nunca feature pre-evento)","QA humano do canario (aceite review-only, sem treino)",true,false,false,false,false,"datado, mas sem patch/AOI minima; precisa de geometria antes de preparar SAR"
SAR_0161,GEO_0161,TGT_0161,RP_0161,DEC_0161,REC_2022_05_24_30,not_available,not_available,not_available,not_available,2022-05-24,inferred_from_event_id,2022-04-24,2022-05-23,2022-05-24,2022-05-31,usable,not_available,requer_footprint_tecnico_futuro,bloqueado_por_geometria_insuficiente,not_available,not_available,not_available,800,requer_geometria_antes_do_sar,16,bloqueado_para_sar,not_selected,false,"poligono candidato SAR pos-evento (referencia de avaliacao futura, nunca feature pre-evento)","QA humano do canario (aceite review-only, sem treino)",true,false,false,false,false,"datado, mas sem patch/AOI minima; precisa de geometria antes de preparar SAR"
SAR_0162,GEO_0162,TGT_0162,RP_0162,DEC_0162,REC_2022_05_24_30,not_available,not_available,not_available,not_available,2022-05-24,inferred_from_event_id,2022-04-24,2022-05-23,2022-05-24,2022-05-31,usable,not_available,requer_footprint_tecnico_futuro,bloqueado_por_geometria_insuficiente,not_available,not_available,not_available,800,requer_geometria_antes_do_sar,16,bloqueado_para_sar,not_selected,false,"poligono candidato SAR pos-evento (referencia de avaliacao futura, nunca feature pre-evento)","QA humano do canario (aceite review-only, sem treino)",true,false,false,false,false,"datado, mas sem patch/AOI minima; precisa de geometria antes de preparar SAR"
SAR_0163,GEO_0163,TGT_0163,RP_0163,DEC_0163,REC_2022_05_24_30,not_available,not_available,not_available,not_available,2022-05-24,inferred_from_event_id,2022-04-24,2022-05-23,2022-05-24,2022-05-31,usable,not_available,requer_footprint_tecnico_futuro,bloqueado_por_geometria_insuficiente,not_available,not_available,not_available,800,requer_geometria_antes_do_sar,16,bloqueado_para_sar,not_selected,false,"poligono candidato SAR pos-evento (referencia de avaliacao futura, nunca feature pre-evento)","QA humano do canario (aceite review-only, sem treino)",true,false,false,false,false,"datado, mas sem patch/AOI minima; precisa de geometria antes de preparar SAR"
SAR_0164,GEO_0164,TGT_0164,RP_0164,DEC_0164,REC_2022_05_24_30,not_available,not_available,not_available,not_available,2022-05-24,inferred_from_event_id,2022-04-24,2022-05-23,2022-05-24,2022-05-31,usable,not_available,requer_footprint_tecnico_futuro,bloqueado_por_geometria_insuficiente,not_available,not_available,not_available,800,requer_geometria_antes_do_sar,16,bloqueado_para_sar,not_selected,false,"poligono candidato SAR pos-evento (referencia de avaliacao futura, nunca feature pre-evento)","QA humano do canario (aceite review-only, sem treino)",true,false,false,false,false,"datado, mas sem patch/AOI minima; precisa de geometria antes de preparar SAR"
SAR_0165,GEO_0165,TGT_0165,RP_0165,DEC_0165,REC_2022_05_24_30,not_available,not_available,not_available,not_available,2022-05-24,inferred_from_event_id,2022-04-24,2022-05-23,2022-05-24,2022-05-31,usable,not_available,requer_footprint_tecnico_futuro,bloqueado_por_geometria_insuficiente,not_available,not_available,not_available,800,requer_geometria_antes_do_sar,16,bloqueado_para_sar,not_selected,false,"poligono candidato SAR pos-evento (referencia de avaliacao futura, nunca feature pre-evento)","QA humano do canario (aceite review-only, sem treino)",true,false,false,false,false,"datado, mas sem patch/AOI minima; precisa de geometria antes de preparar SAR"
SAR_0166,GEO_0166,TGT_0166,RP_0166,DEC_0166,REC_2022_05_24_30,not_available,not_available,not_available,not_available,2022-05-24,inferred_from_event_id,2022-04-24,2022-05-23,2022-05-24,2022-05-31,usable,not_available,requer_footprint_tecnico_futuro,bloqueado_por_geometria_insuficiente,not_available,not_available,not_available,800,requer_geometria_antes_do_sar,16,bloqueado_para_sar,not_selected,false,"poligono candidato SAR pos-evento (referencia de avaliacao futura, nunca feature pre-evento)","QA humano do canario (aceite review-only, sem treino)",true,false,false,false,false,"datado, mas sem patch/AOI minima; precisa de geometria antes de preparar SAR"
SAR_0167,GEO_0167,TGT_0167,RP_0167,DEC_0167,REC_2022_05_24_30,not_available,not_available,not_available,not_available,2022-05-24,inferred_from_event_id,2022-04-24,2022-05-23,2022-05-24,2022-05-31,usable,not_available,requer_footprint_tecnico_futuro,bloqueado_por_geometria_insuficiente,not_available,not_available,not_available,800,requer_geometria_antes_do_sar,16,bloqueado_para_sar,not_selected,false,"poligono candidato SAR pos-evento (referencia de avaliacao futura, nunca feature pre-evento)","QA humano do canario (aceite review-only, sem treino)",true,false,false,false,false,"datado, mas sem patch/AOI minima; precisa de geometria antes de preparar SAR"
SAR_0168,GEO_0168,TGT_0168,RP_0168,DEC_0168,REC_2022_05_24_30,not_available,not_available,not_available,not_available,2022-05-24,inferred_from_event_id,2022-04-24,2022-05-23,2022-05-24,2022-05-31,usable,not_available,requer_footprint_tecnico_futuro,bloqueado_por_geometria_insuficiente,not_available,not_available,not_available,800,requer_geometria_antes_do_sar,16,bloqueado_para_sar,not_selected,false,"poligono candidato SAR pos-evento (referencia de avaliacao futura, nunca feature pre-evento)","QA humano do canario (aceite review-only, sem treino)",true,false,false,false,false,"datado, mas sem patch/AOI minima; precisa de geometria antes de preparar SAR"
SAR_0169,GEO_0169,TGT_0169,RP_0169,DEC_0169,REC_2022_05_24_30,not_available,not_available,not_available,not_available,2022-05-24,inferred_from_event_id,2022-04-24,2022-05-23,2022-05-24,2022-05-31,usable,not_available,requer_footprint_tecnico_futuro,bloqueado_por_geometria_insuficiente,not_available,not_available,not_available,800,requer_geometria_antes_do_sar,16,bloqueado_para_sar,not_selected,false,"poligono candidato SAR pos-evento (referencia de avaliacao futura, nunca feature pre-evento)","QA humano do canario (aceite review-only, sem treino)",true,false,false,false,false,"datado, mas sem patch/AOI minima; precisa de geometria antes de preparar SAR"
SAR_0170,GEO_0170,TGT_0170,RP_0170,DEC_0170,REC_2022_05_24_30,not_available,not_available,not_available,not_available,2022-05-24,inferred_from_event_id,2022-04-24,2022-05-23,2022-05-24,2022-05-31,usable,not_available,requer_footprint_tecnico_futuro,bloqueado_por_geometria_insuficiente,not_available,not_available,not_available,800,requer_geometria_antes_do_sar,16,bloqueado_para_sar,not_selected,false,"poligono candidato SAR pos-evento (referencia de avaliacao futura, nunca feature pre-evento)","QA humano do canario (aceite review-only, sem treino)",true,false,false,false,false,"datado, mas sem patch/AOI minima; precisa de geometria antes de preparar SAR"
SAR_0171,GEO_0171,TGT_0171,RP_0171,DEC_0171,REC_2022_05_24_30,not_available,not_available,not_available,not_available,2022-05-24,inferred_from_event_id,2022-04-24,2022-05-23,2022-05-24,2022-05-31,usable,not_available,requer_footprint_tecnico_futuro,bloqueado_por_geometria_insuficiente,not_available,not_available,not_available,800,requer_geometria_antes_do_sar,16,bloqueado_para_sar,not_selected,false,"poligono candidato SAR pos-evento (referencia de avaliacao futura, nunca feature pre-evento)","QA humano do canario (aceite review-only, sem treino)",true,false,false,false,false,"datado, mas sem patch/AOI minima; precisa de geometria antes de preparar SAR"
SAR_0172,GEO_0172,TGT_0172,RP_0172,DEC_0172,REC_2022_05_24_30,not_available,not_available,not_available,not_available,2022-05-24,inferred_from_event_id,2022-04-24,2022-05-23,2022-05-24,2022-05-31,usable,not_available,requer_footprint_tecnico_futuro,bloqueado_por_geometria_insuficiente,not_available,not_available,not_available,800,requer_geometria_antes_do_sar,16,bloqueado_para_sar,not_selected,false,"poligono candidato SAR pos-evento (referencia de avaliacao futura, nunca feature pre-evento)","QA humano do canario (aceite review-only, sem treino)",true,false,false,false,false,"datado, mas sem patch/AOI minima; precisa de geometria antes de preparar SAR"
SAR_0173,GEO_0173,TGT_0173,RP_0173,DEC_0173,REC_2022_05_24_30,not_available,not_available,not_available,not_available,2022-05-24,inferred_from_event_id,2022-04-24,2022-05-23,2022-05-24,2022-05-31,usable,not_available,requer_footprint_tecnico_futuro,bloqueado_por_geometria_insuficiente,not_available,not_available,not_available,800,requer_geometria_antes_do_sar,16,bloqueado_para_sar,not_selected,false,"poligono candidato SAR pos-evento (referencia de avaliacao futura, nunca feature pre-evento)","QA humano do canario (aceite review-only, sem treino)",true,false,false,false,false,"datado, mas sem patch/AOI minima; precisa de geometria antes de preparar SAR"
SAR_0174,GEO_0174,TGT_0174,RP_0174,DEC_0174,CUR_HISTORICAL,not_available,Curitiba,CUR,flood_or_mass_movement,not_available,unknown,,,,,blocked_temporal_resolution_insufficient,Prefeitura Curitiba/IPPUC,geometria_ausente,bloqueado_por_geometria_insuficiente,not_available,not_available,not_available,not_available,bloqueado_temporalmente,0,bloqueado_para_sar,not_selected,false,"poligono candidato SAR pos-evento (referencia de avaliacao futura, nunca feature pre-evento)","QA humano do canario (aceite review-only, sem treino)",true,false,false,false,false,sem data ou sem janela operacional; nao ha base temporal para SAR
SAR_0175,GEO_0175,TGT_0175,RP_0175,DEC_0175,PET_2022_02_15,not_available,Petropolis,PET,flood_or_mass_movement,2022-02-15,inferred_from_event_id,2022-01-16,2022-02-14,2022-02-15,2022-02-22,usable,Defesa Civil Municipal Petropolis,requer_footprint_tecnico_futuro,bloqueado_por_geometria_insuficiente,not_available,not_available,not_available,not_available,requer_separacao_fenomenologica,36,bloqueado_para_sar,not_selected,false,"poligono candidato SAR pos-evento (referencia de avaliacao futura, nunca feature pre-evento)","QA humano do canario (aceite review-only, sem treino)",true,false,false,false,false,fenomeno misto/deslizamento sem separacao; separar antes de qualquer canario
SAR_0176,GEO_0176,TGT_0176,RP_0176,DEC_0176,PET_2022_02_15,not_available,Petropolis,PET,flood_or_mass_movement,2022-02-15,inferred_from_event_id,2022-01-16,2022-02-14,2022-02-15,2022-02-22,usable,DRM-RJ/NADE,requer_footprint_tecnico_futuro,bloqueado_por_geometria_insuficiente,not_available,not_available,not_available,not_available,requer_separacao_fenomenologica,36,bloqueado_para_sar,not_selected,false,"poligono candidato SAR pos-evento (referencia de avaliacao futura, nunca feature pre-evento)","QA humano do canario (aceite review-only, sem treino)",true,false,false,false,false,fenomeno misto/deslizamento sem separacao; separar antes de qualquer canario
SAR_0177,GEO_0177,TGT_0177,RP_0177,DEC_0177,PET_2022_02_15,not_available,Petropolis,PET,flood_or_mass_movement,2022-02-15,inferred_from_event_id,2022-01-16,2022-02-14,2022-02-15,2022-02-22,usable,SGB/CPRM,requer_footprint_tecnico_futuro,bloqueado_por_geometria_insuficiente,not_available,not_available,not_available,not_available,requer_separacao_fenomenologica,36,bloqueado_para_sar,not_selected,false,"poligono candidato SAR pos-evento (referencia de avaliacao futura, nunca feature pre-evento)","QA humano do canario (aceite review-only, sem treino)",true,false,false,false,false,fenomeno misto/deslizamento sem separacao; separar antes de qualquer canario
SAR_0178,GEO_0178,TGT_0178,RP_0178,DEC_0178,PET_2022_02_15,not_available,Petropolis,PET,flood_or_mass_movement,2022-02-15,inferred_from_event_id,2022-01-16,2022-02-14,2022-02-15,2022-02-22,usable,SGB/CPRM,requer_footprint_tecnico_futuro,bloqueado_por_geometria_insuficiente,not_available,not_available,not_available,not_available,requer_separacao_fenomenologica,36,bloqueado_para_sar,not_selected,false,"poligono candidato SAR pos-evento (referencia de avaliacao futura, nunca feature pre-evento)","QA humano do canario (aceite review-only, sem treino)",true,false,false,false,false,fenomeno misto/deslizamento sem separacao; separar antes de qualquer canario
SAR_0179,GEO_0179,TGT_0179,RP_0179,DEC_0179,PET_2024_03_21_28,not_available,Petropolis,PET,flash_flood_landslide,2024-03-21,inferred_from_event_id,2024-02-20,2024-03-20,2024-03-21,2024-03-28,usable,Defesa Civil Petropolis / DRM-RJ (a confirmar),requer_footprint_tecnico_futuro,bloqueado_por_geometria_insuficiente,not_available,not_available,not_available,not_available,requer_separacao_fenomenologica,36,bloqueado_para_sar,not_selected,false,"poligono candidato SAR pos-evento (referencia de avaliacao futura, nunca feature pre-evento)","QA humano do canario (aceite review-only, sem treino)",true,false,false,false,false,fenomeno misto/deslizamento sem separacao; separar antes de qualquer canario
SAR_0180,GEO_0180,TGT_0180,RP_0180,DEC_0180,REC_2022_05_24_30,not_available,Recife,REC,flood_or_mass_movement,2022-05-24,inferred_from_event_id,2022-04-24,2022-05-23,2022-05-24,2022-05-31,usable,COMPDEC/Defesa Civil PE,requer_footprint_tecnico_futuro,bloqueado_por_geometria_insuficiente,not_available,not_available,not_available,not_available,requer_separacao_fenomenologica,36,bloqueado_para_sar,not_selected,false,"poligono candidato SAR pos-evento (referencia de avaliacao futura, nunca feature pre-evento)","QA humano do canario (aceite review-only, sem treino)",true,false,false,false,false,fenomeno misto/deslizamento sem separacao; separar antes de qualquer canario
SAR_0181,GEO_0181,TGT_0181,RP_0181,DEC_0181,REC_2022_05_24_30,not_available,Recife,REC,urban_flooding,2022-05-24,inferred_from_event_id,2022-04-24,2022-05-23,2022-05-24,2022-05-31,usable,International Charter Space and Major Disasters,requer_footprint_tecnico_futuro,bloqueado_por_geometria_insuficiente,not_available,not_available,not_available,not_available,requer_geometria_antes_do_sar,44,canario_sar_prioridade_baixa,not_selected,false,"poligono candidato SAR pos-evento (referencia de avaliacao futura, nunca feature pre-evento)","QA humano do canario (aceite review-only, sem treino)",true,false,false,false,false,"datado, mas sem patch/AOI minima; precisa de geometria antes de preparar SAR"
SAR_0182,GEO_0182,TGT_0182,RP_0182,DEC_0182,REC_CONTEXT_PE3D,not_available,Recife,REC,topographic_context,not_available,unknown,,,,,blocked_temporal_resolution_insufficient,Programa PE3D Pernambuco 3D,geometria_ausente,bloqueado_por_geometria_insuficiente,not_available,not_available,not_available,not_available,bloqueado_temporalmente,0,bloqueado_para_sar,not_selected,false,"poligono candidato SAR pos-evento (referencia de avaliacao futura, nunca feature pre-evento)","QA humano do canario (aceite review-only, sem treino)",true,false,false,false,false,sem data ou sem janela operacional; nao ha base temporal para SAR
SAR_0183,GEO_0183,TGT_0183,RP_0183,DEC_0183,CUR_HISTORICAL,not_available,Curitiba,not_available,not_available,not_available,unknown,,,,,blocked_temporal_resolution_insufficient,not_available,geometria_ausente,bloqueado_por_geometria_insuficiente,not_available,not_available,not_available,not_available,bloqueado_temporalmente,0,bloqueado_para_sar,not_selected,false,"poligono candidato SAR pos-evento (referencia de avaliacao futura, nunca feature pre-evento)","QA humano do canario (aceite review-only, sem treino)",true,false,false,false,false,sem data ou sem janela operacional; nao ha base temporal para SAR
SAR_0184,GEO_0184,TGT_0184,RP_0184,DEC_0184,PET_2022_02_15,not_available,Petropolis,not_available,not_available,2022-02-15,inferred_from_event_id,2022-01-16,2022-02-14,2022-02-15,2022-02-22,usable,not_available,geometria_rejeitada,bloqueado_por_geometria_insuficiente,not_available,not_available,not_available,not_available,requer_separacao_fenomenologica,0,bloqueado_para_sar,not_selected,false,"poligono candidato SAR pos-evento (referencia de avaliacao futura, nunca feature pre-evento)","QA humano do canario (aceite review-only, sem treino)",true,false,false,false,false,fenomeno misto/deslizamento sem separacao; separar antes de qualquer canario
SAR_0185,GEO_0185,TGT_0185,RP_0185,DEC_0185,PET_2024_03_21_28,not_available,Petropolis,not_available,not_available,2024-03-21,inferred_from_event_id,2024-02-20,2024-03-20,2024-03-21,2024-03-28,usable,not_available,geometria_rejeitada,bloqueado_por_geometria_insuficiente,not_available,not_available,not_available,not_available,requer_separacao_fenomenologica,0,bloqueado_para_sar,not_selected,false,"poligono candidato SAR pos-evento (referencia de avaliacao futura, nunca feature pre-evento)","QA humano do canario (aceite review-only, sem treino)",true,false,false,false,false,fenomeno misto/deslizamento sem separacao; separar antes de qualquer canario
SAR_0186,GEO_0186,TGT_0186,RP_0186,DEC_0186,REC_2022_05_24_30,not_available,Recife,not_available,not_available,2022-05-24,inferred_from_event_id,2022-04-24,2022-05-23,2022-05-24,2022-05-31,usable,not_available,geometria_parcial_resolvivel,bloqueado_por_geometria_insuficiente,Polygon_bbox,not_available,not_available,not_available,elegivel_canario_sar_prioritario,42,canario_sar_prioridade_media,not_selected,false,"poligono candidato SAR pos-evento (referencia de avaliacao futura, nunca feature pre-evento)","QA humano do canario (aceite review-only, sem treino)",true,false,false,false,false,elegivel prioritario (nao selecionado no top-5); segue review-only
SAR_0187,GEO_0187,TGT_0187,RP_0187,DEC_0187,REC_2022_05_24_30,not_available,Recife,REC,urban_flooding,2022-05-24,inferred_from_event_id,2022-04-24,2022-05-23,2022-05-24,2022-05-31,usable,not_available,geometria_parcial_resolvivel,bloqueado_por_geometria_insuficiente,MultiPolygon,not_available,needs_review,not_available,elegivel_canario_sar_prioritario,50,canario_sar_prioridade_media,not_selected,false,"poligono candidato SAR pos-evento (referencia de avaliacao futura, nunca feature pre-evento)","QA humano do canario (aceite review-only, sem treino)",true,false,false,false,false,elegivel prioritario (nao selecionado no top-5); segue review-only
SAR_0188,GEO_0188,TGT_0188,RP_0188,DEC_0188,REC_2022_05_24_30,not_available,not_available,not_available,not_available,2022-05-24,inferred_from_event_id,2022-04-24,2022-05-23,2022-05-24,2022-05-31,usable,not_available,geometria_parcial_resolvivel,bloqueado_por_geometria_insuficiente,MultiPolygon,not_available,not_available,not_available,elegivel_canario_sar_secundario,22,canario_sar_prioridade_baixa,not_selected,false,"poligono candidato SAR pos-evento (referencia de avaliacao futura, nunca feature pre-evento)","QA humano do canario (aceite review-only, sem treino)",true,false,false,false,false,"elegivel secundario: datado e plausivel, mas com lacunas de geometria/patch/fenomeno"
SAR_0189,GEO_0189,TGT_0189,RP_0189,DEC_0189,REC_2022_05_24_30,not_available,not_available,not_available,not_available,2022-05-24,inferred_from_event_id,2022-04-24,2022-05-23,2022-05-24,2022-05-31,usable,not_available,requer_footprint_tecnico_futuro,bloqueado_por_geometria_insuficiente,not_available,candidate_spatial_intersection_needs_human_qa,needs_review,not_available,requer_geometria_antes_do_sar,16,bloqueado_para_sar,not_selected,false,"poligono candidato SAR pos-evento (referencia de avaliacao futura, nunca feature pre-evento)","QA humano do canario (aceite review-only, sem treino)",true,false,false,false,false,"datado, mas sem patch/AOI minima; precisa de geometria antes de preparar SAR"
SAR_0190,GEO_0190,TGT_0190,RP_0190,DEC_0190,REC_2022_05_24_30,not_available,not_available,not_available,not_available,2022-05-24,inferred_from_event_id,2022-04-24,2022-05-23,2022-05-24,2022-05-31,usable,not_available,requer_footprint_tecnico_futuro,bloqueado_por_geometria_insuficiente,not_available,candidate_spatial_intersection_needs_human_qa,needs_review,not_available,requer_geometria_antes_do_sar,16,bloqueado_para_sar,not_selected,false,"poligono candidato SAR pos-evento (referencia de avaliacao futura, nunca feature pre-evento)","QA humano do canario (aceite review-only, sem treino)",true,false,false,false,false,"datado, mas sem patch/AOI minima; precisa de geometria antes de preparar SAR"
SAR_0191,GEO_0191,TGT_0191,RP_0191,DEC_0191,REC_2022_05_24_30,not_available,not_available,not_available,not_available,2022-05-24,inferred_from_event_id,2022-04-24,2022-05-23,2022-05-24,2022-05-31,usable,not_available,requer_footprint_tecnico_futuro,bloqueado_por_geometria_insuficiente,not_available,candidate_spatial_intersection_needs_human_qa,needs_review,not_available,requer_geometria_antes_do_sar,16,bloqueado_para_sar,not_selected,false,"poligono candidato SAR pos-evento (referencia de avaliacao futura, nunca feature pre-evento)","QA humano do canario (aceite review-only, sem treino)",true,false,false,false,false,"datado, mas sem patch/AOI minima; precisa de geometria antes de preparar SAR"
SAR_0192,GEO_0192,TGT_0192,RP_0192,DEC_0192,REC_2022_05_24_30,not_available,not_available,not_available,not_available,2022-05-24,inferred_from_event_id,2022-04-24,2022-05-23,2022-05-24,2022-05-31,usable,not_available,requer_footprint_tecnico_futuro,bloqueado_por_geometria_insuficiente,not_available,candidate_spatial_intersection_needs_human_qa,needs_review,not_available,requer_geometria_antes_do_sar,16,bloqueado_para_sar,not_selected,false,"poligono candidato SAR pos-evento (referencia de avaliacao futura, nunca feature pre-evento)","QA humano do canario (aceite review-only, sem treino)",true,false,false,false,false,"datado, mas sem patch/AOI minima; precisa de geometria antes de preparar SAR"
SAR_0193,GEO_0193,TGT_0193,RP_0193,DEC_0193,REC_2022_05_24_30,not_available,not_available,not_available,not_available,2022-05-24,inferred_from_event_id,2022-04-24,2022-05-23,2022-05-24,2022-05-31,usable,not_available,requer_footprint_tecnico_futuro,bloqueado_por_geometria_insuficiente,not_available,candidate_spatial_intersection_needs_human_qa,needs_review,not_available,requer_geometria_antes_do_sar,16,bloqueado_para_sar,not_selected,false,"poligono candidato SAR pos-evento (referencia de avaliacao futura, nunca feature pre-evento)","QA humano do canario (aceite review-only, sem treino)",true,false,false,false,false,"datado, mas sem patch/AOI minima; precisa de geometria antes de preparar SAR"
SAR_0194,GEO_0194,TGT_0194,RP_0194,DEC_0194,S17C_E_SUSC13A_00000,not_available,Recife,recife,not_available,not_available,unknown,,,,,blocked_temporal_resolution_insufficient,not_available,geometria_parcial_resolvivel,bloqueado_por_geometria_insuficiente,polygon,not_available,not_available,not_available,bloqueado_temporalmente,0,bloqueado_para_sar,not_selected,false,"poligono candidato SAR pos-evento (referencia de avaliacao futura, nunca feature pre-evento)","QA humano do canario (aceite review-only, sem treino)",true,false,false,false,false,sem data ou sem janela operacional; nao ha base temporal para SAR
SAR_0195,GEO_0195,TGT_0195,RP_0195,DEC_0195,S17C_E_SUSC13A_00001,not_available,Recife,recife,urban_flooding,not_available,unknown,,,,,blocked_temporal_resolution_insufficient,not_available,geometria_parcial_resolvivel,bloqueado_por_geometria_insuficiente,polygon,not_available,not_available,not_available,bloqueado_temporalmente,0,bloqueado_para_sar,not_selected,false,"poligono candidato SAR pos-evento (referencia de avaliacao futura, nunca feature pre-evento)","QA humano do canario (aceite review-only, sem treino)",true,false,false,false,false,sem data ou sem janela operacional; nao ha base temporal para SAR
SAR_0196,GEO_0196,TGT_0196,RP_0196,DEC_0196,S17C_E_SUSC13A_00002,not_available,Recife,recife,not_available,not_available,unknown,,,,,blocked_temporal_resolution_insufficient,not_available,geometria_parcial_resolvivel,bloqueado_por_geometria_insuficiente,point_set,not_available,not_available,not_available,bloqueado_temporalmente,0,bloqueado_para_sar,not_selected,false,"poligono candidato SAR pos-evento (referencia de avaliacao futura, nunca feature pre-evento)","QA humano do canario (aceite review-only, sem treino)",true,false,false,false,false,sem data ou sem janela operacional; nao ha base temporal para SAR
SAR_0197,GEO_0197,TGT_0197,RP_0197,DEC_0197,S17C_E_SUSC13A_00003,not_available,Recife,recife,not_available,not_available,unknown,,,,,blocked_temporal_resolution_insufficient,not_available,geometria_parcial_resolvivel,bloqueado_por_geometria_insuficiente,point_set,not_available,not_available,not_available,bloqueado_temporalmente,0,bloqueado_para_sar,not_selected,false,"poligono candidato SAR pos-evento (referencia de avaliacao futura, nunca feature pre-evento)","QA humano do canario (aceite review-only, sem treino)",true,false,false,false,false,sem data ou sem janela operacional; nao ha base temporal para SAR
SAR_0198,GEO_0198,TGT_0198,RP_0198,DEC_0198,S17C_E_SUSC13A_00004,not_available,Recife,recife,not_available,not_available,unknown,,,,,blocked_temporal_resolution_insufficient,not_available,geometria_parcial_resolvivel,bloqueado_por_geometria_insuficiente,polygon,not_available,not_available,not_available,bloqueado_temporalmente,0,bloqueado_para_sar,not_selected,false,"poligono candidato SAR pos-evento (referencia de avaliacao futura, nunca feature pre-evento)","QA humano do canario (aceite review-only, sem treino)",true,false,false,false,false,sem data ou sem janela operacional; nao ha base temporal para SAR
SAR_0199,GEO_0199,TGT_0199,RP_0199,DEC_0199,S17C_E_SUSC13A_00005,not_available,Recife,recife,not_available,not_available,unknown,,,,,blocked_temporal_resolution_insufficient,not_available,geometria_parcial_resolvivel,bloqueado_por_geometria_insuficiente,point_set,not_available,not_available,not_available,bloqueado_temporalmente,0,bloqueado_para_sar,not_selected,false,"poligono candidato SAR pos-evento (referencia de avaliacao futura, nunca feature pre-evento)","QA humano do canario (aceite review-only, sem treino)",true,false,false,false,false,sem data ou sem janela operacional; nao ha base temporal para SAR
SAR_0200,GEO_0200,TGT_0200,RP_0200,DEC_0200,S17C_E_SUSC13A_00006,not_available,Petropolis,petropolis,flash_flood,not_available,unknown,,,,,blocked_temporal_resolution_insufficient,not_available,geometria_parcial_resolvivel,bloqueado_por_geometria_insuficiente,point_set,not_available,not_available,not_available,bloqueado_temporalmente,0,bloqueado_para_sar,not_selected,false,"poligono candidato SAR pos-evento (referencia de avaliacao futura, nunca feature pre-evento)","QA humano do canario (aceite review-only, sem treino)",true,false,false,false,false,sem data ou sem janela operacional; nao ha base temporal para SAR
SAR_0201,GEO_0201,TGT_0201,RP_0201,DEC_0201,S17C_E_SUSC13A_00007,not_available,Petropolis,petropolis,flash_flood,not_available,unknown,,,,,blocked_temporal_resolution_insufficient,not_available,geometria_parcial_resolvivel,bloqueado_por_geometria_insuficiente,point_set,not_available,not_available,not_available,bloqueado_temporalmente,0,bloqueado_para_sar,not_selected,false,"poligono candidato SAR pos-evento (referencia de avaliacao futura, nunca feature pre-evento)","QA humano do canario (aceite review-only, sem treino)",true,false,false,false,false,sem data ou sem janela operacional; nao ha base temporal para SAR
SAR_0202,GEO_0202,TGT_0202,RP_0202,DEC_0202,S17C_E_SUSC13A_00008,not_available,Petropolis,petropolis,flash_flood,not_available,unknown,,,,,blocked_temporal_resolution_insufficient,not_available,geometria_parcial_resolvivel,bloqueado_por_geometria_insuficiente,point_set,not_available,not_available,not_available,bloqueado_temporalmente,0,bloqueado_para_sar,not_selected,false,"poligono candidato SAR pos-evento (referencia de avaliacao futura, nunca feature pre-evento)","QA humano do canario (aceite review-only, sem treino)",true,false,false,false,false,sem data ou sem janela operacional; nao ha base temporal para SAR
SAR_0203,GEO_0203,TGT_0203,RP_0203,DEC_0203,S17C_E_SUSC13A_00009,not_available,Petropolis,petropolis,flash_flood,not_available,unknown,,,,,blocked_temporal_resolution_insufficient,not_available,geometria_parcial_resolvivel,bloqueado_por_geometria_insuficiente,point_set,not_available,not_available,not_available,bloqueado_temporalmente,0,bloqueado_para_sar,not_selected,false,"poligono candidato SAR pos-evento (referencia de avaliacao futura, nunca feature pre-evento)","QA humano do canario (aceite review-only, sem treino)",true,false,false,false,false,sem data ou sem janela operacional; nao ha base temporal para SAR
SAR_0204,GEO_0204,TGT_0204,RP_0204,DEC_0204,S17C_E_SUSC13A_00010,not_available,Recife,recife,not_available,not_available,unknown,,,,,blocked_temporal_resolution_insufficient,not_available,geometria_parcial_resolvivel,bloqueado_por_geometria_insuficiente,point_set,not_available,not_available,not_available,bloqueado_temporalmente,0,bloqueado_para_sar,not_selected,false,"poligono candidato SAR pos-evento (referencia de avaliacao futura, nunca feature pre-evento)","QA humano do canario (aceite review-only, sem treino)",true,false,false,false,false,sem data ou sem janela operacional; nao ha base temporal para SAR
SAR_0205,GEO_0205,TGT_0205,RP_0205,DEC_0205,S17C_E_SUSC13A_00011,not_available,Recife,recife,not_available,not_available,unknown,,,,,blocked_temporal_resolution_insufficient,not_available,geometria_parcial_resolvivel,bloqueado_por_geometria_insuficiente,point_set,not_available,not_available,not_available,bloqueado_temporalmente,0,bloqueado_para_sar,not_selected,false,"poligono candidato SAR pos-evento (referencia de avaliacao futura, nunca feature pre-evento)","QA humano do canario (aceite review-only, sem treino)",true,false,false,false,false,sem data ou sem janela operacional; nao ha base temporal para SAR
SAR_0206,GEO_0206,TGT_0206,RP_0206,DEC_0206,S17C_E_SUSC13A_00012,not_available,Petropolis,petropolis,not_available,not_available,unknown,,,,,blocked_temporal_resolution_insufficient,not_available,geometria_rejeitada,bloqueado_por_geometria_insuficiente,point_set,not_available,not_available,not_available,bloqueado_temporalmente,0,bloqueado_para_sar,not_selected,false,"poligono candidato SAR pos-evento (referencia de avaliacao futura, nunca feature pre-evento)","QA humano do canario (aceite review-only, sem treino)",true,false,false,false,false,sem data ou sem janela operacional; nao ha base temporal para SAR
SAR_0207,GEO_0207,TGT_0207,RP_0207,DEC_0207,S17C_W_S16AWIN_00001,not_available,recife,recife,urban_flooding,not_available,unknown,,,,,blocked_temporal_resolution_insufficient,not_available,geometria_parcial_resolvivel,bloqueado_por_geometria_insuficiente,bbox,not_available,not_available,not_available,bloqueado_temporalmente,0,bloqueado_para_sar,not_selected,false,"poligono candidato SAR pos-evento (referencia de avaliacao futura, nunca feature pre-evento)","QA humano do canario (aceite review-only, sem treino)",true,false,false,false,false,sem data ou sem janela operacional; nao ha base temporal para SAR
SAR_0208,GEO_0208,TGT_0208,RP_0208,DEC_0208,S17C_W_S16AWIN_00002,not_available,recife,recife,urban_flooding,not_available,unknown,,,,,blocked_temporal_resolution_insufficient,not_available,geometria_parcial_resolvivel,bloqueado_por_geometria_insuficiente,bbox,not_available,not_available,not_available,bloqueado_temporalmente,0,bloqueado_para_sar,not_selected,false,"poligono candidato SAR pos-evento (referencia de avaliacao futura, nunca feature pre-evento)","QA humano do canario (aceite review-only, sem treino)",true,false,false,false,false,sem data ou sem janela operacional; nao ha base temporal para SAR
SAR_0209,GEO_0209,TGT_0209,RP_0209,DEC_0209,S17C_W_S16AWIN_00003,not_available,recife,recife,urban_flooding,not_available,unknown,,,,,blocked_temporal_resolution_insufficient,not_available,geometria_parcial_resolvivel,bloqueado_por_geometria_insuficiente,bbox,not_available,not_available,not_available,bloqueado_temporalmente,0,bloqueado_para_sar,not_selected,false,"poligono candidato SAR pos-evento (referencia de avaliacao futura, nunca feature pre-evento)","QA humano do canario (aceite review-only, sem treino)",true,false,false,false,false,sem data ou sem janela operacional; nao ha base temporal para SAR
SAR_0210,GEO_0210,TGT_0210,RP_0210,DEC_0210,S17C_W_S16AWIN_00004,not_available,recife,recife,urban_flooding,not_available,unknown,,,,,blocked_temporal_resolution_insufficient,not_available,geometria_parcial_resolvivel,bloqueado_por_geometria_insuficiente,bbox,not_available,not_available,not_available,bloqueado_temporalmente,0,bloqueado_para_sar,not_selected,false,"poligono candidato SAR pos-evento (referencia de avaliacao futura, nunca feature pre-evento)","QA humano do canario (aceite review-only, sem treino)",true,false,false,false,false,sem data ou sem janela operacional; nao ha base temporal para SAR
SAR_0211,GEO_0211,TGT_0211,RP_0211,DEC_0211,S17C_W_S16AWIN_00005,not_available,recife,recife,urban_flooding,not_available,unknown,,,,,blocked_temporal_resolution_insufficient,not_available,geometria_parcial_resolvivel,bloqueado_por_geometria_insuficiente,bbox,not_available,not_available,not_available,bloqueado_temporalmente,0,bloqueado_para_sar,not_selected,false,"poligono candidato SAR pos-evento (referencia de avaliacao futura, nunca feature pre-evento)","QA humano do canario (aceite review-only, sem treino)",true,false,false,false,false,sem data ou sem janela operacional; nao ha base temporal para SAR
SAR_0212,GEO_0212,TGT_0212,RP_0212,DEC_0212,S17C_W_S16AWIN_00006,not_available,recife,recife,urban_flooding,not_available,unknown,,,,,blocked_temporal_resolution_insufficient,not_available,geometria_parcial_resolvivel,bloqueado_por_geometria_insuficiente,bbox,not_available,not_available,not_available,bloqueado_temporalmente,0,bloqueado_para_sar,not_selected,false,"poligono candidato SAR pos-evento (referencia de avaliacao futura, nunca feature pre-evento)","QA humano do canario (aceite review-only, sem treino)",true,false,false,false,false,sem data ou sem janela operacional; nao ha base temporal para SAR
SAR_0213,GEO_0213,TGT_0213,RP_0213,DEC_0213,S17C_W_S16AWIN_00007,not_available,recife,recife,urban_flooding,not_available,unknown,,,,,blocked_temporal_resolution_insufficient,not_available,geometria_parcial_resolvivel,bloqueado_por_geometria_insuficiente,bbox,not_available,not_available,not_available,bloqueado_temporalmente,0,bloqueado_para_sar,not_selected,false,"poligono candidato SAR pos-evento (referencia de avaliacao futura, nunca feature pre-evento)","QA humano do canario (aceite review-only, sem treino)",true,false,false,false,false,sem data ou sem janela operacional; nao ha base temporal para SAR
SAR_0214,GEO_0214,TGT_0214,RP_0214,DEC_0214,S17C_W_S16AWIN_00008,not_available,recife,recife,urban_flooding,not_available,unknown,,,,,blocked_temporal_resolution_insufficient,not_available,geometria_parcial_resolvivel,bloqueado_por_geometria_insuficiente,bbox,not_available,not_available,not_available,bloqueado_temporalmente,0,bloqueado_para_sar,not_selected,false,"poligono candidato SAR pos-evento (referencia de avaliacao futura, nunca feature pre-evento)","QA humano do canario (aceite review-only, sem treino)",true,false,false,false,false,sem data ou sem janela operacional; nao ha base temporal para SAR
SAR_0215,GEO_0215,TGT_0215,RP_0215,DEC_0215,S17C_W_S16AWIN_00009,not_available,recife,recife,urban_flooding,not_available,unknown,,,,,blocked_temporal_resolution_insufficient,not_available,geometria_parcial_resolvivel,bloqueado_por_geometria_insuficiente,bbox,not_available,not_available,not_available,bloqueado_temporalmente,0,bloqueado_para_sar,not_selected,false,"poligono candidato SAR pos-evento (referencia de avaliacao futura, nunca feature pre-evento)","QA humano do canario (aceite review-only, sem treino)",true,false,false,false,false,sem data ou sem janela operacional; nao ha base temporal para SAR
SAR_0216,GEO_0216,TGT_0216,RP_0216,DEC_0216,S17C_W_S16AWIN_00010,not_available,recife,recife,urban_flooding,not_available,unknown,,,,,blocked_temporal_resolution_insufficient,not_available,geometria_parcial_resolvivel,bloqueado_por_geometria_insuficiente,bbox,not_available,not_available,not_available,bloqueado_temporalmente,0,bloqueado_para_sar,not_selected,false,"poligono candidato SAR pos-evento (referencia de avaliacao futura, nunca feature pre-evento)","QA humano do canario (aceite review-only, sem treino)",true,false,false,false,false,sem data ou sem janela operacional; nao ha base temporal para SAR
SAR_0217,GEO_0217,TGT_0217,RP_0217,DEC_0217,S17C_W_S16AWIN_00011,not_available,recife,recife,urban_flooding,not_available,unknown,,,,,blocked_temporal_resolution_insufficient,not_available,geometria_parcial_resolvivel,bloqueado_por_geometria_insuficiente,bbox,not_available,not_available,not_available,bloqueado_temporalmente,0,bloqueado_para_sar,not_selected,false,"poligono candidato SAR pos-evento (referencia de avaliacao futura, nunca feature pre-evento)","QA humano do canario (aceite review-only, sem treino)",true,false,false,false,false,sem data ou sem janela operacional; nao ha base temporal para SAR
SAR_0218,GEO_0218,TGT_0218,RP_0218,DEC_0218,S17C_W_S16AWIN_00012,not_available,recife,recife,urban_flooding,not_available,unknown,,,,,blocked_temporal_resolution_insufficient,not_available,geometria_parcial_resolvivel,bloqueado_por_geometria_insuficiente,bbox,not_available,not_available,not_available,bloqueado_temporalmente,0,bloqueado_para_sar,not_selected,false,"poligono candidato SAR pos-evento (referencia de avaliacao futura, nunca feature pre-evento)","QA humano do canario (aceite review-only, sem treino)",true,false,false,false,false,sem data ou sem janela operacional; nao ha base temporal para SAR
SAR_0219,GEO_0219,TGT_0219,RP_0219,DEC_0219,S17C_W_S16AWIN_00013,not_available,recife,recife,urban_flooding,not_available,unknown,,,,,blocked_temporal_resolution_insufficient,not_available,geometria_parcial_resolvivel,bloqueado_por_geometria_insuficiente,bbox,not_available,not_available,not_available,bloqueado_temporalmente,0,bloqueado_para_sar,not_selected,false,"poligono candidato SAR pos-evento (referencia de avaliacao futura, nunca feature pre-evento)","QA humano do canario (aceite review-only, sem treino)",true,false,false,false,false,sem data ou sem janela operacional; nao ha base temporal para SAR
SAR_0220,GEO_0220,TGT_0220,RP_0220,DEC_0220,S17C_W_S16AWIN_00014,not_available,recife,recife,urban_flooding,not_available,unknown,,,,,blocked_temporal_resolution_insufficient,not_available,geometria_parcial_resolvivel,bloqueado_por_geometria_insuficiente,bbox,not_available,not_available,not_available,bloqueado_temporalmente,0,bloqueado_para_sar,not_selected,false,"poligono candidato SAR pos-evento (referencia de avaliacao futura, nunca feature pre-evento)","QA humano do canario (aceite review-only, sem treino)",true,false,false,false,false,sem data ou sem janela operacional; nao ha base temporal para SAR
SAR_0221,GEO_0221,TGT_0221,RP_0221,DEC_0221,S17C_W_S16AWIN_00015,not_available,recife,recife,urban_flooding,not_available,unknown,,,,,blocked_temporal_resolution_insufficient,not_available,geometria_parcial_resolvivel,bloqueado_por_geometria_insuficiente,bbox,not_available,not_available,not_available,bloqueado_temporalmente,0,bloqueado_para_sar,not_selected,false,"poligono candidato SAR pos-evento (referencia de avaliacao futura, nunca feature pre-evento)","QA humano do canario (aceite review-only, sem treino)",true,false,false,false,false,sem data ou sem janela operacional; nao ha base temporal para SAR
SAR_0222,GEO_0222,TGT_0222,RP_0222,DEC_0222,S17C_W_S16AWIN_00016,not_available,recife,recife,urban_flooding,not_available,unknown,,,,,blocked_temporal_resolution_insufficient,not_available,geometria_parcial_resolvivel,bloqueado_por_geometria_insuficiente,bbox,not_available,not_available,not_available,bloqueado_temporalmente,0,bloqueado_para_sar,not_selected,false,"poligono candidato SAR pos-evento (referencia de avaliacao futura, nunca feature pre-evento)","QA humano do canario (aceite review-only, sem treino)",true,false,false,false,false,sem data ou sem janela operacional; nao ha base temporal para SAR
SAR_0223,GEO_0223,TGT_0223,RP_0223,DEC_0223,S17C_W_S16AWIN_00017,not_available,recife,recife,urban_flooding,not_available,unknown,,,,,blocked_temporal_resolution_insufficient,not_available,geometria_parcial_resolvivel,bloqueado_por_geometria_insuficiente,bbox,not_available,not_available,not_available,bloqueado_temporalmente,0,bloqueado_para_sar,not_selected,false,"poligono candidato SAR pos-evento (referencia de avaliacao futura, nunca feature pre-evento)","QA humano do canario (aceite review-only, sem treino)",true,false,false,false,false,sem data ou sem janela operacional; nao ha base temporal para SAR
SAR_0224,GEO_0224,TGT_0224,RP_0224,DEC_0224,S17C_W_S16AWIN_00018,not_available,recife,recife,urban_flooding,not_available,unknown,,,,,blocked_temporal_resolution_insufficient,not_available,geometria_parcial_resolvivel,bloqueado_por_geometria_insuficiente,bbox,not_available,not_available,not_available,bloqueado_temporalmente,0,bloqueado_para_sar,not_selected,false,"poligono candidato SAR pos-evento (referencia de avaliacao futura, nunca feature pre-evento)","QA humano do canario (aceite review-only, sem treino)",true,false,false,false,false,sem data ou sem janela operacional; nao ha base temporal para SAR
SAR_0225,GEO_0225,TGT_0225,RP_0225,DEC_0225,S17C_W_S16AWIN_00019,not_available,recife,recife,urban_flooding,not_available,unknown,,,,,blocked_temporal_resolution_insufficient,not_available,geometria_parcial_resolvivel,bloqueado_por_geometria_insuficiente,bbox,not_available,not_available,not_available,bloqueado_temporalmente,0,bloqueado_para_sar,not_selected,false,"poligono candidato SAR pos-evento (referencia de avaliacao futura, nunca feature pre-evento)","QA humano do canario (aceite review-only, sem treino)",true,false,false,false,false,sem data ou sem janela operacional; nao ha base temporal para SAR
SAR_0226,GEO_0226,TGT_0226,RP_0226,DEC_0226,S17C_W_S16AWIN_00020,not_available,recife,recife,urban_flooding,not_available,unknown,,,,,blocked_temporal_resolution_insufficient,not_available,geometria_parcial_resolvivel,bloqueado_por_geometria_insuficiente,bbox,not_available,not_available,not_available,bloqueado_temporalmente,0,bloqueado_para_sar,not_selected,false,"poligono candidato SAR pos-evento (referencia de avaliacao futura, nunca feature pre-evento)","QA humano do canario (aceite review-only, sem treino)",true,false,false,false,false,sem data ou sem janela operacional; nao ha base temporal para SAR
SAR_0227,GEO_0227,TGT_0227,RP_0227,DEC_0227,S17C_W_S16AWIN_00021,not_available,recife,recife,urban_flooding,not_available,unknown,,,,,blocked_temporal_resolution_insufficient,not_available,geometria_parcial_resolvivel,bloqueado_por_geometria_insuficiente,bbox,not_available,not_available,not_available,bloqueado_temporalmente,0,bloqueado_para_sar,not_selected,false,"poligono candidato SAR pos-evento (referencia de avaliacao futura, nunca feature pre-evento)","QA humano do canario (aceite review-only, sem treino)",true,false,false,false,false,sem data ou sem janela operacional; nao ha base temporal para SAR
SAR_0228,GEO_0228,TGT_0228,RP_0228,DEC_0228,S17C_W_S16AWIN_00022,not_available,recife,recife,urban_flooding,not_available,unknown,,,,,blocked_temporal_resolution_insufficient,not_available,geometria_parcial_resolvivel,bloqueado_por_geometria_insuficiente,bbox,not_available,not_available,not_available,bloqueado_temporalmente,0,bloqueado_para_sar,not_selected,false,"poligono candidato SAR pos-evento (referencia de avaliacao futura, nunca feature pre-evento)","QA humano do canario (aceite review-only, sem treino)",true,false,false,false,false,sem data ou sem janela operacional; nao ha base temporal para SAR
SAR_0229,GEO_0229,TGT_0229,RP_0229,DEC_0229,S17C_W_S16AWIN_00023,not_available,recife,recife,urban_flooding,not_available,unknown,,,,,blocked_temporal_resolution_insufficient,not_available,geometria_parcial_resolvivel,bloqueado_por_geometria_insuficiente,bbox,not_available,not_available,not_available,bloqueado_temporalmente,0,bloqueado_para_sar,not_selected,false,"poligono candidato SAR pos-evento (referencia de avaliacao futura, nunca feature pre-evento)","QA humano do canario (aceite review-only, sem treino)",true,false,false,false,false,sem data ou sem janela operacional; nao ha base temporal para SAR
SAR_0230,GEO_0230,TGT_0230,RP_0230,DEC_0230,S17C_W_S16AWIN_00024,not_available,recife,recife,urban_flooding,not_available,unknown,,,,,blocked_temporal_resolution_insufficient,not_available,geometria_parcial_resolvivel,bloqueado_por_geometria_insuficiente,bbox,not_available,not_available,not_available,bloqueado_temporalmente,0,bloqueado_para_sar,not_selected,false,"poligono candidato SAR pos-evento (referencia de avaliacao futura, nunca feature pre-evento)","QA humano do canario (aceite review-only, sem treino)",true,false,false,false,false,sem data ou sem janela operacional; nao ha base temporal para SAR
SAR_0231,GEO_0231,TGT_0231,RP_0231,DEC_0231,S17C_W_S16AWIN_00025,not_available,recife,recife,urban_flooding,not_available,unknown,,,,,blocked_temporal_resolution_insufficient,not_available,geometria_parcial_resolvivel,bloqueado_por_geometria_insuficiente,bbox,not_available,not_available,not_available,bloqueado_temporalmente,0,bloqueado_para_sar,not_selected,false,"poligono candidato SAR pos-evento (referencia de avaliacao futura, nunca feature pre-evento)","QA humano do canario (aceite review-only, sem treino)",true,false,false,false,false,sem data ou sem janela operacional; nao ha base temporal para SAR
SAR_0232,GEO_0232,TGT_0232,RP_0232,DEC_0232,S17C_W_S16AWIN_00026,not_available,recife,recife,urban_flooding,not_available,unknown,,,,,blocked_temporal_resolution_insufficient,not_available,geometria_parcial_resolvivel,bloqueado_por_geometria_insuficiente,bbox,not_available,not_available,not_available,bloqueado_temporalmente,0,bloqueado_para_sar,not_selected,false,"poligono candidato SAR pos-evento (referencia de avaliacao futura, nunca feature pre-evento)","QA humano do canario (aceite review-only, sem treino)",true,false,false,false,false,sem data ou sem janela operacional; nao ha base temporal para SAR
SAR_0233,GEO_0233,TGT_0233,RP_0233,DEC_0233,S17C_W_S16AWIN_00027,not_available,recife,recife,urban_flooding,not_available,unknown,,,,,blocked_temporal_resolution_insufficient,not_available,geometria_parcial_resolvivel,bloqueado_por_geometria_insuficiente,bbox,not_available,not_available,not_available,bloqueado_temporalmente,0,bloqueado_para_sar,not_selected,false,"poligono candidato SAR pos-evento (referencia de avaliacao futura, nunca feature pre-evento)","QA humano do canario (aceite review-only, sem treino)",true,false,false,false,false,sem data ou sem janela operacional; nao ha base temporal para SAR
SAR_0234,GEO_0234,TGT_0234,RP_0234,DEC_0234,S17C_W_S16AWIN_00028,not_available,recife,recife,urban_flooding,not_available,unknown,,,,,blocked_temporal_resolution_insufficient,not_available,geometria_parcial_resolvivel,bloqueado_por_geometria_insuficiente,bbox,not_available,not_available,not_available,bloqueado_temporalmente,0,bloqueado_para_sar,not_selected,false,"poligono candidato SAR pos-evento (referencia de avaliacao futura, nunca feature pre-evento)","QA humano do canario (aceite review-only, sem treino)",true,false,false,false,false,sem data ou sem janela operacional; nao ha base temporal para SAR
SAR_0235,GEO_0235,TGT_0235,RP_0235,DEC_0235,S17C_W_S16AWIN_00029,not_available,recife,recife,urban_flooding,not_available,unknown,,,,,blocked_temporal_resolution_insufficient,not_available,geometria_parcial_resolvivel,bloqueado_por_geometria_insuficiente,bbox,not_available,not_available,not_available,bloqueado_temporalmente,0,bloqueado_para_sar,not_selected,false,"poligono candidato SAR pos-evento (referencia de avaliacao futura, nunca feature pre-evento)","QA humano do canario (aceite review-only, sem treino)",true,false,false,false,false,sem data ou sem janela operacional; nao ha base temporal para SAR
SAR_0236,GEO_0236,TGT_0236,RP_0236,DEC_0236,S17C_W_S16AWIN_00030,not_available,recife,recife,urban_flooding,not_available,unknown,,,,,blocked_temporal_resolution_insufficient,not_available,geometria_parcial_resolvivel,bloqueado_por_geometria_insuficiente,bbox,not_available,not_available,not_available,bloqueado_temporalmente,0,bloqueado_para_sar,not_selected,false,"poligono candidato SAR pos-evento (referencia de avaliacao futura, nunca feature pre-evento)","QA humano do canario (aceite review-only, sem treino)",true,false,false,false,false,sem data ou sem janela operacional; nao ha base temporal para SAR
SAR_0237,GEO_0237,TGT_0237,RP_0237,DEC_0237,S17C_W_S16AWIN_00031,not_available,recife,recife,urban_flooding,not_available,unknown,,,,,blocked_temporal_resolution_insufficient,not_available,geometria_parcial_resolvivel,bloqueado_por_geometria_insuficiente,bbox,not_available,not_available,not_available,bloqueado_temporalmente,0,bloqueado_para_sar,not_selected,false,"poligono candidato SAR pos-evento (referencia de avaliacao futura, nunca feature pre-evento)","QA humano do canario (aceite review-only, sem treino)",true,false,false,false,false,sem data ou sem janela operacional; nao ha base temporal para SAR
SAR_0238,GEO_0238,TGT_0238,RP_0238,DEC_0238,S17C_W_S16AWIN_00032,not_available,recife,recife,urban_flooding,not_available,unknown,,,,,blocked_temporal_resolution_insufficient,not_available,geometria_parcial_resolvivel,bloqueado_por_geometria_insuficiente,bbox,not_available,not_available,not_available,bloqueado_temporalmente,0,bloqueado_para_sar,not_selected,false,"poligono candidato SAR pos-evento (referencia de avaliacao futura, nunca feature pre-evento)","QA humano do canario (aceite review-only, sem treino)",true,false,false,false,false,sem data ou sem janela operacional; nao ha base temporal para SAR
SAR_0239,GEO_0239,TGT_0239,RP_0239,DEC_0239,S17C_W_S16AWIN_00033,not_available,recife,recife,urban_flooding,not_available,unknown,,,,,blocked_temporal_resolution_insufficient,not_available,geometria_parcial_resolvivel,bloqueado_por_geometria_insuficiente,bbox,not_available,not_available,not_available,bloqueado_temporalmente,0,bloqueado_para_sar,not_selected,false,"poligono candidato SAR pos-evento (referencia de avaliacao futura, nunca feature pre-evento)","QA humano do canario (aceite review-only, sem treino)",true,false,false,false,false,sem data ou sem janela operacional; nao ha base temporal para SAR
SAR_0240,GEO_0240,TGT_0240,RP_0240,DEC_0240,S17C_W_S16AWIN_00034,not_available,recife,recife,urban_flooding,not_available,unknown,,,,,blocked_temporal_resolution_insufficient,not_available,geometria_parcial_resolvivel,bloqueado_por_geometria_insuficiente,bbox,not_available,not_available,not_available,bloqueado_temporalmente,0,bloqueado_para_sar,not_selected,false,"poligono candidato SAR pos-evento (referencia de avaliacao futura, nunca feature pre-evento)","QA humano do canario (aceite review-only, sem treino)",true,false,false,false,false,sem data ou sem janela operacional; nao ha base temporal para SAR
SAR_0241,GEO_0241,TGT_0241,RP_0241,DEC_0241,S17C_W_S16AWIN_00035,not_available,recife,recife,urban_flooding,not_available,unknown,,,,,blocked_temporal_resolution_insufficient,not_available,geometria_parcial_resolvivel,bloqueado_por_geometria_insuficiente,bbox,not_available,not_available,not_available,bloqueado_temporalmente,0,bloqueado_para_sar,not_selected,false,"poligono candidato SAR pos-evento (referencia de avaliacao futura, nunca feature pre-evento)","QA humano do canario (aceite review-only, sem treino)",true,false,false,false,false,sem data ou sem janela operacional; nao ha base temporal para SAR
SAR_0242,GEO_0242,TGT_0242,RP_0242,DEC_0242,S17C_W_S16AWIN_00036,not_available,recife,recife,urban_flooding,not_available,unknown,,,,,blocked_temporal_resolution_insufficient,not_available,geometria_parcial_resolvivel,bloqueado_por_geometria_insuficiente,bbox,not_available,not_available,not_available,bloqueado_temporalmente,0,bloqueado_para_sar,not_selected,false,"poligono candidato SAR pos-evento (referencia de avaliacao futura, nunca feature pre-evento)","QA humano do canario (aceite review-only, sem treino)",true,false,false,false,false,sem data ou sem janela operacional; nao ha base temporal para SAR
SAR_0243,GEO_0243,TGT_0243,RP_0243,DEC_0243,S17C_W_S16AWIN_00037,not_available,recife,recife,urban_flooding,not_available,unknown,,,,,blocked_temporal_resolution_insufficient,not_available,geometria_parcial_resolvivel,bloqueado_por_geometria_insuficiente,bbox,not_available,not_available,not_available,bloqueado_temporalmente,0,bloqueado_para_sar,not_selected,false,"poligono candidato SAR pos-evento (referencia de avaliacao futura, nunca feature pre-evento)","QA humano do canario (aceite review-only, sem treino)",true,false,false,false,false,sem data ou sem janela operacional; nao ha base temporal para SAR
SAR_0244,GEO_0244,TGT_0244,RP_0244,DEC_0244,S17C_W_S16AWIN_00038,not_available,recife,recife,urban_flooding,not_available,unknown,,,,,blocked_temporal_resolution_insufficient,not_available,geometria_parcial_resolvivel,bloqueado_por_geometria_insuficiente,bbox,not_available,not_available,not_available,bloqueado_temporalmente,0,bloqueado_para_sar,not_selected,false,"poligono candidato SAR pos-evento (referencia de avaliacao futura, nunca feature pre-evento)","QA humano do canario (aceite review-only, sem treino)",true,false,false,false,false,sem data ou sem janela operacional; nao ha base temporal para SAR
SAR_0245,GEO_0245,TGT_0245,RP_0245,DEC_0245,S17C_W_S16AWIN_00039,not_available,recife,recife,urban_flooding,not_available,unknown,,,,,blocked_temporal_resolution_insufficient,not_available,geometria_parcial_resolvivel,bloqueado_por_geometria_insuficiente,bbox,not_available,not_available,not_available,bloqueado_temporalmente,0,bloqueado_para_sar,not_selected,false,"poligono candidato SAR pos-evento (referencia de avaliacao futura, nunca feature pre-evento)","QA humano do canario (aceite review-only, sem treino)",true,false,false,false,false,sem data ou sem janela operacional; nao ha base temporal para SAR
SAR_0246,GEO_0246,TGT_0246,RP_0246,DEC_0246,S17C_W_S16AWIN_00040,not_available,recife,recife,urban_flooding,not_available,unknown,,,,,blocked_temporal_resolution_insufficient,not_available,geometria_parcial_resolvivel,bloqueado_por_geometria_insuficiente,bbox,not_available,not_available,not_available,bloqueado_temporalmente,0,bloqueado_para_sar,not_selected,false,"poligono candidato SAR pos-evento (referencia de avaliacao futura, nunca feature pre-evento)","QA humano do canario (aceite review-only, sem treino)",true,false,false,false,false,sem data ou sem janela operacional; nao ha base temporal para SAR
SAR_0247,GEO_0247,TGT_0247,RP_0247,DEC_0247,S17C_W_S16AWIN_00041,not_available,recife,recife,urban_flooding,not_available,unknown,,,,,blocked_temporal_resolution_insufficient,not_available,geometria_parcial_resolvivel,bloqueado_por_geometria_insuficiente,bbox,not_available,not_available,not_available,bloqueado_temporalmente,0,bloqueado_para_sar,not_selected,false,"poligono candidato SAR pos-evento (referencia de avaliacao futura, nunca feature pre-evento)","QA humano do canario (aceite review-only, sem treino)",true,false,false,false,false,sem data ou sem janela operacional; nao ha base temporal para SAR
SAR_0248,GEO_0248,TGT_0248,RP_0248,DEC_0248,S17C_W_S16AWIN_00042,not_available,recife,recife,urban_flooding,not_available,unknown,,,,,blocked_temporal_resolution_insufficient,not_available,geometria_parcial_resolvivel,bloqueado_por_geometria_insuficiente,bbox,not_available,not_available,not_available,bloqueado_temporalmente,0,bloqueado_para_sar,not_selected,false,"poligono candidato SAR pos-evento (referencia de avaliacao futura, nunca feature pre-evento)","QA humano do canario (aceite review-only, sem treino)",true,false,false,false,false,sem data ou sem janela operacional; nao ha base temporal para SAR
SAR_0249,GEO_0249,TGT_0249,RP_0249,DEC_0249,S17C_W_S16AWIN_00043,not_available,recife,recife,urban_flooding,not_available,unknown,,,,,blocked_temporal_resolution_insufficient,not_available,geometria_parcial_resolvivel,bloqueado_por_geometria_insuficiente,bbox,not_available,not_available,not_available,bloqueado_temporalmente,0,bloqueado_para_sar,not_selected,false,"poligono candidato SAR pos-evento (referencia de avaliacao futura, nunca feature pre-evento)","QA humano do canario (aceite review-only, sem treino)",true,false,false,false,false,sem data ou sem janela operacional; nao ha base temporal para SAR
SAR_0250,GEO_0250,TGT_0250,RP_0250,DEC_0250,S17C_W_S16AWIN_00044,not_available,recife,recife,urban_flooding,not_available,unknown,,,,,blocked_temporal_resolution_insufficient,not_available,geometria_parcial_resolvivel,bloqueado_por_geometria_insuficiente,bbox,not_available,not_available,not_available,bloqueado_temporalmente,0,bloqueado_para_sar,not_selected,false,"poligono candidato SAR pos-evento (referencia de avaliacao futura, nunca feature pre-evento)","QA humano do canario (aceite review-only, sem treino)",true,false,false,false,false,sem data ou sem janela operacional; nao ha base temporal para SAR
SAR_0251,GEO_0251,TGT_0251,RP_0251,DEC_0251,S17C_W_S16AWIN_00045,not_available,recife,recife,urban_flooding,not_available,unknown,,,,,blocked_temporal_resolution_insufficient,not_available,geometria_parcial_resolvivel,bloqueado_por_geometria_insuficiente,bbox,not_available,not_available,not_available,bloqueado_temporalmente,0,bloqueado_para_sar,not_selected,false,"poligono candidato SAR pos-evento (referencia de avaliacao futura, nunca feature pre-evento)","QA humano do canario (aceite review-only, sem treino)",true,false,false,false,false,sem data ou sem janela operacional; nao ha base temporal para SAR
SAR_0252,GEO_0252,TGT_0252,RP_0252,DEC_0252,S17C_W_S16AWIN_00046,not_available,recife,recife,urban_flooding,not_available,unknown,,,,,blocked_temporal_resolution_insufficient,not_available,geometria_parcial_resolvivel,bloqueado_por_geometria_insuficiente,bbox,not_available,not_available,not_available,bloqueado_temporalmente,0,bloqueado_para_sar,not_selected,false,"poligono candidato SAR pos-evento (referencia de avaliacao futura, nunca feature pre-evento)","QA humano do canario (aceite review-only, sem treino)",true,false,false,false,false,sem data ou sem janela operacional; nao ha base temporal para SAR
SAR_0253,GEO_0253,TGT_0253,RP_0253,DEC_0253,S17C_W_S16AWIN_00047,not_available,recife,recife,urban_flooding,not_available,unknown,,,,,blocked_temporal_resolution_insufficient,not_available,geometria_parcial_resolvivel,bloqueado_por_geometria_insuficiente,bbox,not_available,not_available,not_available,bloqueado_temporalmente,0,bloqueado_para_sar,not_selected,false,"poligono candidato SAR pos-evento (referencia de avaliacao futura, nunca feature pre-evento)","QA humano do canario (aceite review-only, sem treino)",true,false,false,false,false,sem data ou sem janela operacional; nao ha base temporal para SAR
SAR_0254,GEO_0254,TGT_0254,RP_0254,DEC_0254,S17C_W_S16AWIN_00048,not_available,recife,recife,urban_flooding,not_available,unknown,,,,,blocked_temporal_resolution_insufficient,not_available,geometria_parcial_resolvivel,bloqueado_por_geometria_insuficiente,bbox,not_available,not_available,not_available,bloqueado_temporalmente,0,bloqueado_para_sar,not_selected,false,"poligono candidato SAR pos-evento (referencia de avaliacao futura, nunca feature pre-evento)","QA humano do canario (aceite review-only, sem treino)",true,false,false,false,false,sem data ou sem janela operacional; nao ha base temporal para SAR
SAR_0255,GEO_0255,TGT_0255,RP_0255,DEC_0255,S17C_W_S16AWIN_00049,not_available,recife,recife,urban_flooding,not_available,unknown,,,,,blocked_temporal_resolution_insufficient,not_available,geometria_parcial_resolvivel,bloqueado_por_geometria_insuficiente,bbox,not_available,not_available,not_available,bloqueado_temporalmente,0,bloqueado_para_sar,not_selected,false,"poligono candidato SAR pos-evento (referencia de avaliacao futura, nunca feature pre-evento)","QA humano do canario (aceite review-only, sem treino)",true,false,false,false,false,sem data ou sem janela operacional; nao ha base temporal para SAR
SAR_0256,GEO_0256,TGT_0256,RP_0256,DEC_0256,S17C_W_S16AWIN_00050,not_available,recife,recife,urban_flooding,not_available,unknown,,,,,blocked_temporal_resolution_insufficient,not_available,geometria_parcial_resolvivel,bloqueado_por_geometria_insuficiente,bbox,not_available,not_available,not_available,bloqueado_temporalmente,0,bloqueado_para_sar,not_selected,false,"poligono candidato SAR pos-evento (referencia de avaliacao futura, nunca feature pre-evento)","QA humano do canario (aceite review-only, sem treino)",true,false,false,false,false,sem data ou sem janela operacional; nao ha base temporal para SAR
SAR_0257,GEO_0257,TGT_0257,RP_0257,DEC_0257,S17C_W_S16AWIN_00051,not_available,recife,recife,urban_flooding,not_available,unknown,,,,,blocked_temporal_resolution_insufficient,not_available,geometria_parcial_resolvivel,bloqueado_por_geometria_insuficiente,bbox,not_available,not_available,not_available,bloqueado_temporalmente,0,bloqueado_para_sar,not_selected,false,"poligono candidato SAR pos-evento (referencia de avaliacao futura, nunca feature pre-evento)","QA humano do canario (aceite review-only, sem treino)",true,false,false,false,false,sem data ou sem janela operacional; nao ha base temporal para SAR
SAR_0258,GEO_0258,TGT_0258,RP_0258,DEC_0258,S17C_W_S16AWIN_00052,not_available,recife,recife,urban_flooding,not_available,unknown,,,,,blocked_temporal_resolution_insufficient,not_available,geometria_parcial_resolvivel,bloqueado_por_geometria_insuficiente,bbox,not_available,not_available,not_available,bloqueado_temporalmente,0,bloqueado_para_sar,not_selected,false,"poligono candidato SAR pos-evento (referencia de avaliacao futura, nunca feature pre-evento)","QA humano do canario (aceite review-only, sem treino)",true,false,false,false,false,sem data ou sem janela operacional; nao ha base temporal para SAR
SAR_0259,GEO_0259,TGT_0259,RP_0259,DEC_0259,S17C_W_S16AWIN_00053,not_available,recife,recife,urban_flooding,not_available,unknown,,,,,blocked_temporal_resolution_insufficient,not_available,geometria_parcial_resolvivel,bloqueado_por_geometria_insuficiente,bbox,not_available,not_available,not_available,bloqueado_temporalmente,0,bloqueado_para_sar,not_selected,false,"poligono candidato SAR pos-evento (referencia de avaliacao futura, nunca feature pre-evento)","QA humano do canario (aceite review-only, sem treino)",true,false,false,false,false,sem data ou sem janela operacional; nao ha base temporal para SAR
SAR_0260,GEO_0260,TGT_0260,RP_0260,DEC_0260,S17C_W_S16AWIN_00054,not_available,recife,recife,urban_flooding,not_available,unknown,,,,,blocked_temporal_resolution_insufficient,not_available,geometria_parcial_resolvivel,bloqueado_por_geometria_insuficiente,bbox,not_available,not_available,not_available,bloqueado_temporalmente,0,bloqueado_para_sar,not_selected,false,"poligono candidato SAR pos-evento (referencia de avaliacao futura, nunca feature pre-evento)","QA humano do canario (aceite review-only, sem treino)",true,false,false,false,false,sem data ou sem janela operacional; nao ha base temporal para SAR
SAR_0261,GEO_0261,TGT_0261,RP_0261,DEC_0261,S17C_W_S16AWIN_00055,not_available,recife,recife,urban_flooding,not_available,unknown,,,,,blocked_temporal_resolution_insufficient,not_available,geometria_parcial_resolvivel,bloqueado_por_geometria_insuficiente,bbox,not_available,not_available,not_available,bloqueado_temporalmente,0,bloqueado_para_sar,not_selected,false,"poligono candidato SAR pos-evento (referencia de avaliacao futura, nunca feature pre-evento)","QA humano do canario (aceite review-only, sem treino)",true,false,false,false,false,sem data ou sem janela operacional; nao ha base temporal para SAR
SAR_0262,GEO_0262,TGT_0262,RP_0262,DEC_0262,S17C_W_S16AWIN_00056,not_available,recife,recife,urban_flooding,not_available,unknown,,,,,blocked_temporal_resolution_insufficient,not_available,geometria_parcial_resolvivel,bloqueado_por_geometria_insuficiente,bbox,not_available,not_available,not_available,bloqueado_temporalmente,0,bloqueado_para_sar,not_selected,false,"poligono candidato SAR pos-evento (referencia de avaliacao futura, nunca feature pre-evento)","QA humano do canario (aceite review-only, sem treino)",true,false,false,false,false,sem data ou sem janela operacional; nao ha base temporal para SAR
SAR_0263,GEO_0263,TGT_0263,RP_0263,DEC_0263,S17C_W_S16AWIN_00057,not_available,recife,recife,urban_flooding,not_available,unknown,,,,,blocked_temporal_resolution_insufficient,not_available,geometria_parcial_resolvivel,bloqueado_por_geometria_insuficiente,bbox,not_available,not_available,not_available,bloqueado_temporalmente,0,bloqueado_para_sar,not_selected,false,"poligono candidato SAR pos-evento (referencia de avaliacao futura, nunca feature pre-evento)","QA humano do canario (aceite review-only, sem treino)",true,false,false,false,false,sem data ou sem janela operacional; nao ha base temporal para SAR
SAR_0264,GEO_0264,TGT_0264,RP_0264,DEC_0264,S17C_W_S16AWIN_00058,not_available,recife,recife,urban_flooding,not_available,unknown,,,,,blocked_temporal_resolution_insufficient,not_available,geometria_parcial_resolvivel,bloqueado_por_geometria_insuficiente,bbox,not_available,not_available,not_available,bloqueado_temporalmente,0,bloqueado_para_sar,not_selected,false,"poligono candidato SAR pos-evento (referencia de avaliacao futura, nunca feature pre-evento)","QA humano do canario (aceite review-only, sem treino)",true,false,false,false,false,sem data ou sem janela operacional; nao ha base temporal para SAR
SAR_0265,GEO_0265,TGT_0265,RP_0265,DEC_0265,S17C_W_S16AWIN_00059,not_available,recife,recife,urban_flooding,not_available,unknown,,,,,blocked_temporal_resolution_insufficient,not_available,geometria_parcial_resolvivel,bloqueado_por_geometria_insuficiente,bbox,not_available,not_available,not_available,bloqueado_temporalmente,0,bloqueado_para_sar,not_selected,false,"poligono candidato SAR pos-evento (referencia de avaliacao futura, nunca feature pre-evento)","QA humano do canario (aceite review-only, sem treino)",true,false,false,false,false,sem data ou sem janela operacional; nao ha base temporal para SAR
SAR_0266,GEO_0266,TGT_0266,RP_0266,DEC_0266,S17C_W_S16AWIN_00060,not_available,recife,recife,urban_flooding,not_available,unknown,,,,,blocked_temporal_resolution_insufficient,not_available,geometria_parcial_resolvivel,bloqueado_por_geometria_insuficiente,bbox,not_available,not_available,not_available,bloqueado_temporalmente,0,bloqueado_para_sar,not_selected,false,"poligono candidato SAR pos-evento (referencia de avaliacao futura, nunca feature pre-evento)","QA humano do canario (aceite review-only, sem treino)",true,false,false,false,false,sem data ou sem janela operacional; nao ha base temporal para SAR
SAR_0267,GEO_0267,TGT_0267,RP_0267,DEC_0267,S17C_W_S16AWIN_00061,not_available,recife,recife,urban_flooding,not_available,unknown,,,,,blocked_temporal_resolution_insufficient,not_available,geometria_parcial_resolvivel,bloqueado_por_geometria_insuficiente,bbox,not_available,not_available,not_available,bloqueado_temporalmente,0,bloqueado_para_sar,not_selected,false,"poligono candidato SAR pos-evento (referencia de avaliacao futura, nunca feature pre-evento)","QA humano do canario (aceite review-only, sem treino)",true,false,false,false,false,sem data ou sem janela operacional; nao ha base temporal para SAR
SAR_0268,GEO_0268,TGT_0268,RP_0268,DEC_0268,S17C_W_S16AWIN_00062,not_available,recife,recife,urban_flooding,not_available,unknown,,,,,blocked_temporal_resolution_insufficient,not_available,geometria_parcial_resolvivel,bloqueado_por_geometria_insuficiente,bbox,not_available,not_available,not_available,bloqueado_temporalmente,0,bloqueado_para_sar,not_selected,false,"poligono candidato SAR pos-evento (referencia de avaliacao futura, nunca feature pre-evento)","QA humano do canario (aceite review-only, sem treino)",true,false,false,false,false,sem data ou sem janela operacional; nao ha base temporal para SAR
SAR_0269,GEO_0269,TGT_0269,RP_0269,DEC_0269,S17C_W_S16AWIN_00063,not_available,recife,recife,urban_flooding,not_available,unknown,,,,,blocked_temporal_resolution_insufficient,not_available,geometria_parcial_resolvivel,bloqueado_por_geometria_insuficiente,bbox,not_available,not_available,not_available,bloqueado_temporalmente,0,bloqueado_para_sar,not_selected,false,"poligono candidato SAR pos-evento (referencia de avaliacao futura, nunca feature pre-evento)","QA humano do canario (aceite review-only, sem treino)",true,false,false,false,false,sem data ou sem janela operacional; nao ha base temporal para SAR
SAR_0270,GEO_0270,TGT_0270,RP_0270,DEC_0270,S17C_W_S16AWIN_00064,not_available,recife,recife,urban_flooding,not_available,unknown,,,,,blocked_temporal_resolution_insufficient,not_available,geometria_parcial_resolvivel,bloqueado_por_geometria_insuficiente,bbox,not_available,not_available,not_available,bloqueado_temporalmente,0,bloqueado_para_sar,not_selected,false,"poligono candidato SAR pos-evento (referencia de avaliacao futura, nunca feature pre-evento)","QA humano do canario (aceite review-only, sem treino)",true,false,false,false,false,sem data ou sem janela operacional; nao ha base temporal para SAR
SAR_0271,GEO_0271,TGT_0271,RP_0271,DEC_0271,S17C_W_S16AWIN_00065,not_available,recife,recife,urban_flooding,not_available,unknown,,,,,blocked_temporal_resolution_insufficient,not_available,geometria_parcial_resolvivel,bloqueado_por_geometria_insuficiente,bbox,not_available,not_available,not_available,bloqueado_temporalmente,0,bloqueado_para_sar,not_selected,false,"poligono candidato SAR pos-evento (referencia de avaliacao futura, nunca feature pre-evento)","QA humano do canario (aceite review-only, sem treino)",true,false,false,false,false,sem data ou sem janela operacional; nao ha base temporal para SAR
SAR_0272,GEO_0272,TGT_0272,RP_0272,DEC_0272,S17C_W_S16AWIN_00066,not_available,recife,recife,urban_flooding,not_available,unknown,,,,,blocked_temporal_resolution_insufficient,not_available,geometria_parcial_resolvivel,bloqueado_por_geometria_insuficiente,bbox,not_available,not_available,not_available,bloqueado_temporalmente,0,bloqueado_para_sar,not_selected,false,"poligono candidato SAR pos-evento (referencia de avaliacao futura, nunca feature pre-evento)","QA humano do canario (aceite review-only, sem treino)",true,false,false,false,false,sem data ou sem janela operacional; nao ha base temporal para SAR
SAR_0273,GEO_0273,TGT_0273,RP_0273,DEC_0273,S17C_W_S16AWIN_00067,not_available,recife,recife,urban_flooding,not_available,unknown,,,,,blocked_temporal_resolution_insufficient,not_available,geometria_parcial_resolvivel,bloqueado_por_geometria_insuficiente,bbox,not_available,not_available,not_available,bloqueado_temporalmente,0,bloqueado_para_sar,not_selected,false,"poligono candidato SAR pos-evento (referencia de avaliacao futura, nunca feature pre-evento)","QA humano do canario (aceite review-only, sem treino)",true,false,false,false,false,sem data ou sem janela operacional; nao ha base temporal para SAR
SAR_0274,GEO_0274,TGT_0274,RP_0274,DEC_0274,S17C_W_S16AWIN_00068,not_available,recife,recife,urban_flooding,not_available,unknown,,,,,blocked_temporal_resolution_insufficient,not_available,geometria_parcial_resolvivel,bloqueado_por_geometria_insuficiente,bbox,not_available,not_available,not_available,bloqueado_temporalmente,0,bloqueado_para_sar,not_selected,false,"poligono candidato SAR pos-evento (referencia de avaliacao futura, nunca feature pre-evento)","QA humano do canario (aceite review-only, sem treino)",true,false,false,false,false,sem data ou sem janela operacional; nao ha base temporal para SAR
SAR_0275,GEO_0275,TGT_0275,RP_0275,DEC_0275,S17C_W_S16AWIN_00069,not_available,recife,recife,urban_flooding,not_available,unknown,,,,,blocked_temporal_resolution_insufficient,not_available,geometria_parcial_resolvivel,bloqueado_por_geometria_insuficiente,bbox,not_available,not_available,not_available,bloqueado_temporalmente,0,bloqueado_para_sar,not_selected,false,"poligono candidato SAR pos-evento (referencia de avaliacao futura, nunca feature pre-evento)","QA humano do canario (aceite review-only, sem treino)",true,false,false,false,false,sem data ou sem janela operacional; nao ha base temporal para SAR
SAR_0276,GEO_0276,TGT_0276,RP_0276,DEC_0276,S17C_W_S16AWIN_00070,not_available,recife,recife,urban_flooding,not_available,unknown,,,,,blocked_temporal_resolution_insufficient,not_available,geometria_parcial_resolvivel,bloqueado_por_geometria_insuficiente,bbox,not_available,not_available,not_available,bloqueado_temporalmente,0,bloqueado_para_sar,not_selected,false,"poligono candidato SAR pos-evento (referencia de avaliacao futura, nunca feature pre-evento)","QA humano do canario (aceite review-only, sem treino)",true,false,false,false,false,sem data ou sem janela operacional; nao ha base temporal para SAR
SAR_0277,GEO_0277,TGT_0277,RP_0277,DEC_0277,S17C_W_S16AWIN_00071,not_available,recife,recife,urban_flooding,not_available,unknown,,,,,blocked_temporal_resolution_insufficient,not_available,geometria_parcial_resolvivel,bloqueado_por_geometria_insuficiente,bbox,not_available,not_available,not_available,bloqueado_temporalmente,0,bloqueado_para_sar,not_selected,false,"poligono candidato SAR pos-evento (referencia de avaliacao futura, nunca feature pre-evento)","QA humano do canario (aceite review-only, sem treino)",true,false,false,false,false,sem data ou sem janela operacional; nao ha base temporal para SAR
SAR_0278,GEO_0278,TGT_0278,RP_0278,DEC_0278,S17C_W_S16AWIN_00072,not_available,recife,recife,urban_flooding,not_available,unknown,,,,,blocked_temporal_resolution_insufficient,not_available,geometria_parcial_resolvivel,bloqueado_por_geometria_insuficiente,bbox,not_available,not_available,not_available,bloqueado_temporalmente,0,bloqueado_para_sar,not_selected,false,"poligono candidato SAR pos-evento (referencia de avaliacao futura, nunca feature pre-evento)","QA humano do canario (aceite review-only, sem treino)",true,false,false,false,false,sem data ou sem janela operacional; nao ha base temporal para SAR
SAR_0279,GEO_0279,TGT_0279,RP_0279,DEC_0279,S17C_W_S16AWIN_00073,not_available,recife,recife,urban_flooding,not_available,unknown,,,,,blocked_temporal_resolution_insufficient,not_available,geometria_parcial_resolvivel,bloqueado_por_geometria_insuficiente,bbox,not_available,not_available,not_available,bloqueado_temporalmente,0,bloqueado_para_sar,not_selected,false,"poligono candidato SAR pos-evento (referencia de avaliacao futura, nunca feature pre-evento)","QA humano do canario (aceite review-only, sem treino)",true,false,false,false,false,sem data ou sem janela operacional; nao ha base temporal para SAR
SAR_0280,GEO_0280,TGT_0280,RP_0280,DEC_0280,S17C_W_S16AWIN_00074,not_available,recife,recife,urban_flooding,not_available,unknown,,,,,blocked_temporal_resolution_insufficient,not_available,geometria_parcial_resolvivel,bloqueado_por_geometria_insuficiente,bbox,not_available,not_available,not_available,bloqueado_temporalmente,0,bloqueado_para_sar,not_selected,false,"poligono candidato SAR pos-evento (referencia de avaliacao futura, nunca feature pre-evento)","QA humano do canario (aceite review-only, sem treino)",true,false,false,false,false,sem data ou sem janela operacional; nao ha base temporal para SAR
SAR_0281,GEO_0281,TGT_0281,RP_0281,DEC_0281,S17C_W_S16AWIN_00075,not_available,recife,recife,urban_flooding,not_available,unknown,,,,,blocked_temporal_resolution_insufficient,not_available,geometria_parcial_resolvivel,bloqueado_por_geometria_insuficiente,bbox,not_available,not_available,not_available,bloqueado_temporalmente,0,bloqueado_para_sar,not_selected,false,"poligono candidato SAR pos-evento (referencia de avaliacao futura, nunca feature pre-evento)","QA humano do canario (aceite review-only, sem treino)",true,false,false,false,false,sem data ou sem janela operacional; nao ha base temporal para SAR
SAR_0282,GEO_0282,TGT_0282,RP_0282,DEC_0282,S17C_W_S16AWIN_00076,not_available,recife,recife,urban_flooding,not_available,unknown,,,,,blocked_temporal_resolution_insufficient,not_available,geometria_parcial_resolvivel,bloqueado_por_geometria_insuficiente,bbox,not_available,not_available,not_available,bloqueado_temporalmente,0,bloqueado_para_sar,not_selected,false,"poligono candidato SAR pos-evento (referencia de avaliacao futura, nunca feature pre-evento)","QA humano do canario (aceite review-only, sem treino)",true,false,false,false,false,sem data ou sem janela operacional; nao ha base temporal para SAR
SAR_0283,GEO_0283,TGT_0283,RP_0283,DEC_0283,S17C_W_S16AWIN_00077,not_available,recife,recife,urban_flooding,not_available,unknown,,,,,blocked_temporal_resolution_insufficient,not_available,geometria_parcial_resolvivel,bloqueado_por_geometria_insuficiente,bbox,not_available,not_available,not_available,bloqueado_temporalmente,0,bloqueado_para_sar,not_selected,false,"poligono candidato SAR pos-evento (referencia de avaliacao futura, nunca feature pre-evento)","QA humano do canario (aceite review-only, sem treino)",true,false,false,false,false,sem data ou sem janela operacional; nao ha base temporal para SAR
SAR_0284,GEO_0284,TGT_0284,RP_0284,DEC_0284,S17C_W_S16AWIN_00078,not_available,recife,recife,urban_flooding,not_available,unknown,,,,,blocked_temporal_resolution_insufficient,not_available,geometria_parcial_resolvivel,bloqueado_por_geometria_insuficiente,bbox,not_available,not_available,not_available,bloqueado_temporalmente,0,bloqueado_para_sar,not_selected,false,"poligono candidato SAR pos-evento (referencia de avaliacao futura, nunca feature pre-evento)","QA humano do canario (aceite review-only, sem treino)",true,false,false,false,false,sem data ou sem janela operacional; nao ha base temporal para SAR
SAR_0285,GEO_0285,TGT_0285,RP_0285,DEC_0285,S17C_W_S16AWIN_00079,not_available,recife,recife,urban_flooding,not_available,unknown,,,,,blocked_temporal_resolution_insufficient,not_available,geometria_parcial_resolvivel,bloqueado_por_geometria_insuficiente,bbox,not_available,not_available,not_available,bloqueado_temporalmente,0,bloqueado_para_sar,not_selected,false,"poligono candidato SAR pos-evento (referencia de avaliacao futura, nunca feature pre-evento)","QA humano do canario (aceite review-only, sem treino)",true,false,false,false,false,sem data ou sem janela operacional; nao ha base temporal para SAR
SAR_0286,GEO_0286,TGT_0286,RP_0286,DEC_0286,S17C_W_S16AWIN_00080,not_available,recife,recife,urban_flooding,not_available,unknown,,,,,blocked_temporal_resolution_insufficient,not_available,geometria_parcial_resolvivel,bloqueado_por_geometria_insuficiente,bbox,not_available,not_available,not_available,bloqueado_temporalmente,0,bloqueado_para_sar,not_selected,false,"poligono candidato SAR pos-evento (referencia de avaliacao futura, nunca feature pre-evento)","QA humano do canario (aceite review-only, sem treino)",true,false,false,false,false,sem data ou sem janela operacional; nao ha base temporal para SAR
SAR_0287,GEO_0287,TGT_0287,RP_0287,DEC_0287,S17C_W_S16AWIN_00081,not_available,recife,recife,urban_flooding,not_available,unknown,,,,,blocked_temporal_resolution_insufficient,not_available,geometria_parcial_resolvivel,bloqueado_por_geometria_insuficiente,bbox,not_available,not_available,not_available,bloqueado_temporalmente,0,bloqueado_para_sar,not_selected,false,"poligono candidato SAR pos-evento (referencia de avaliacao futura, nunca feature pre-evento)","QA humano do canario (aceite review-only, sem treino)",true,false,false,false,false,sem data ou sem janela operacional; nao ha base temporal para SAR
SAR_0288,GEO_0288,TGT_0288,RP_0288,DEC_0288,S17C_W_S16AWIN_00082,not_available,recife,recife,urban_flooding,not_available,unknown,,,,,blocked_temporal_resolution_insufficient,not_available,geometria_parcial_resolvivel,bloqueado_por_geometria_insuficiente,bbox,not_available,not_available,not_available,bloqueado_temporalmente,0,bloqueado_para_sar,not_selected,false,"poligono candidato SAR pos-evento (referencia de avaliacao futura, nunca feature pre-evento)","QA humano do canario (aceite review-only, sem treino)",true,false,false,false,false,sem data ou sem janela operacional; nao ha base temporal para SAR
SAR_0289,GEO_0289,TGT_0289,RP_0289,DEC_0289,S17C_W_S16AWIN_00083,not_available,recife,recife,urban_flooding,not_available,unknown,,,,,blocked_temporal_resolution_insufficient,not_available,geometria_parcial_resolvivel,bloqueado_por_geometria_insuficiente,bbox,not_available,not_available,not_available,bloqueado_temporalmente,0,bloqueado_para_sar,not_selected,false,"poligono candidato SAR pos-evento (referencia de avaliacao futura, nunca feature pre-evento)","QA humano do canario (aceite review-only, sem treino)",true,false,false,false,false,sem data ou sem janela operacional; nao ha base temporal para SAR
SAR_0290,GEO_0290,TGT_0290,RP_0290,DEC_0290,S17C_W_S16AWIN_00084,not_available,recife,recife,urban_flooding,not_available,unknown,,,,,blocked_temporal_resolution_insufficient,not_available,geometria_parcial_resolvivel,bloqueado_por_geometria_insuficiente,bbox,not_available,not_available,not_available,bloqueado_temporalmente,0,bloqueado_para_sar,not_selected,false,"poligono candidato SAR pos-evento (referencia de avaliacao futura, nunca feature pre-evento)","QA humano do canario (aceite review-only, sem treino)",true,false,false,false,false,sem data ou sem janela operacional; nao ha base temporal para SAR
SAR_0291,GEO_0291,TGT_0291,RP_0291,DEC_0291,S17C_W_S16AWIN_00085,not_available,recife,recife,urban_flooding,not_available,unknown,,,,,blocked_temporal_resolution_insufficient,not_available,geometria_parcial_resolvivel,bloqueado_por_geometria_insuficiente,bbox,not_available,not_available,not_available,bloqueado_temporalmente,0,bloqueado_para_sar,not_selected,false,"poligono candidato SAR pos-evento (referencia de avaliacao futura, nunca feature pre-evento)","QA humano do canario (aceite review-only, sem treino)",true,false,false,false,false,sem data ou sem janela operacional; nao ha base temporal para SAR
SAR_0292,GEO_0292,TGT_0292,RP_0292,DEC_0292,S17C_W_S16AWIN_00086,not_available,recife,recife,urban_flooding,not_available,unknown,,,,,blocked_temporal_resolution_insufficient,not_available,geometria_parcial_resolvivel,bloqueado_por_geometria_insuficiente,bbox,not_available,not_available,not_available,bloqueado_temporalmente,0,bloqueado_para_sar,not_selected,false,"poligono candidato SAR pos-evento (referencia de avaliacao futura, nunca feature pre-evento)","QA humano do canario (aceite review-only, sem treino)",true,false,false,false,false,sem data ou sem janela operacional; nao ha base temporal para SAR
SAR_0293,GEO_0293,TGT_0293,RP_0293,DEC_0293,S17C_W_S16AWIN_00087,not_available,recife,recife,urban_flooding,not_available,unknown,,,,,blocked_temporal_resolution_insufficient,not_available,geometria_parcial_resolvivel,bloqueado_por_geometria_insuficiente,bbox,not_available,not_available,not_available,bloqueado_temporalmente,0,bloqueado_para_sar,not_selected,false,"poligono candidato SAR pos-evento (referencia de avaliacao futura, nunca feature pre-evento)","QA humano do canario (aceite review-only, sem treino)",true,false,false,false,false,sem data ou sem janela operacional; nao ha base temporal para SAR
SAR_0294,GEO_0294,TGT_0294,RP_0294,DEC_0294,S17C_W_S16AWIN_00088,not_available,recife,recife,urban_flooding,not_available,unknown,,,,,blocked_temporal_resolution_insufficient,not_available,geometria_parcial_resolvivel,bloqueado_por_geometria_insuficiente,bbox,not_available,not_available,not_available,bloqueado_temporalmente,0,bloqueado_para_sar,not_selected,false,"poligono candidato SAR pos-evento (referencia de avaliacao futura, nunca feature pre-evento)","QA humano do canario (aceite review-only, sem treino)",true,false,false,false,false,sem data ou sem janela operacional; nao ha base temporal para SAR
SAR_0295,GEO_0295,TGT_0295,RP_0295,DEC_0295,S17C_W_S16AWIN_00089,not_available,recife,recife,urban_flooding,not_available,unknown,,,,,blocked_temporal_resolution_insufficient,not_available,geometria_parcial_resolvivel,bloqueado_por_geometria_insuficiente,bbox,not_available,not_available,not_available,bloqueado_temporalmente,0,bloqueado_para_sar,not_selected,false,"poligono candidato SAR pos-evento (referencia de avaliacao futura, nunca feature pre-evento)","QA humano do canario (aceite review-only, sem treino)",true,false,false,false,false,sem data ou sem janela operacional; nao ha base temporal para SAR
SAR_0296,GEO_0296,TGT_0296,RP_0296,DEC_0296,S17C_W_S16AWIN_00090,not_available,recife,recife,urban_flooding,not_available,unknown,,,,,blocked_temporal_resolution_insufficient,not_available,geometria_parcial_resolvivel,bloqueado_por_geometria_insuficiente,bbox,not_available,not_available,not_available,bloqueado_temporalmente,0,bloqueado_para_sar,not_selected,false,"poligono candidato SAR pos-evento (referencia de avaliacao futura, nunca feature pre-evento)","QA humano do canario (aceite review-only, sem treino)",true,false,false,false,false,sem data ou sem janela operacional; nao ha base temporal para SAR
SAR_0297,GEO_0297,TGT_0297,RP_0297,DEC_0297,S17C_W_S16AWIN_00091,not_available,recife,recife,urban_flooding,not_available,unknown,,,,,blocked_temporal_resolution_insufficient,not_available,geometria_parcial_resolvivel,bloqueado_por_geometria_insuficiente,bbox,not_available,not_available,not_available,bloqueado_temporalmente,0,bloqueado_para_sar,not_selected,false,"poligono candidato SAR pos-evento (referencia de avaliacao futura, nunca feature pre-evento)","QA humano do canario (aceite review-only, sem treino)",true,false,false,false,false,sem data ou sem janela operacional; nao ha base temporal para SAR
SAR_0298,GEO_0298,TGT_0298,RP_0298,DEC_0298,S17C_W_S16AWIN_00092,not_available,recife,recife,urban_flooding,not_available,unknown,,,,,blocked_temporal_resolution_insufficient,not_available,geometria_parcial_resolvivel,bloqueado_por_geometria_insuficiente,bbox,not_available,not_available,not_available,bloqueado_temporalmente,0,bloqueado_para_sar,not_selected,false,"poligono candidato SAR pos-evento (referencia de avaliacao futura, nunca feature pre-evento)","QA humano do canario (aceite review-only, sem treino)",true,false,false,false,false,sem data ou sem janela operacional; nao ha base temporal para SAR
SAR_0299,GEO_0299,TGT_0299,RP_0299,DEC_0299,S17C_W_S16AWIN_00093,not_available,recife,recife,urban_flooding,not_available,unknown,,,,,blocked_temporal_resolution_insufficient,not_available,geometria_parcial_resolvivel,bloqueado_por_geometria_insuficiente,bbox,not_available,not_available,not_available,bloqueado_temporalmente,0,bloqueado_para_sar,not_selected,false,"poligono candidato SAR pos-evento (referencia de avaliacao futura, nunca feature pre-evento)","QA humano do canario (aceite review-only, sem treino)",true,false,false,false,false,sem data ou sem janela operacional; nao ha base temporal para SAR
SAR_0300,GEO_0300,TGT_0300,RP_0300,DEC_0300,S17C_W_S16AWIN_00094,not_available,recife,recife,urban_flooding,not_available,unknown,,,,,blocked_temporal_resolution_insufficient,not_available,geometria_parcial_resolvivel,bloqueado_por_geometria_insuficiente,bbox,not_available,not_available,not_available,bloqueado_temporalmente,0,bloqueado_para_sar,not_selected,false,"poligono candidato SAR pos-evento (referencia de avaliacao futura, nunca feature pre-evento)","QA humano do canario (aceite review-only, sem treino)",true,false,false,false,false,sem data ou sem janela operacional; nao ha base temporal para SAR
SAR_0301,GEO_0301,TGT_0301,RP_0301,DEC_0301,S17C_W_S16AWIN_00095,not_available,recife,recife,urban_flooding,not_available,unknown,,,,,blocked_temporal_resolution_insufficient,not_available,geometria_parcial_resolvivel,bloqueado_por_geometria_insuficiente,bbox,not_available,not_available,not_available,bloqueado_temporalmente,0,bloqueado_para_sar,not_selected,false,"poligono candidato SAR pos-evento (referencia de avaliacao futura, nunca feature pre-evento)","QA humano do canario (aceite review-only, sem treino)",true,false,false,false,false,sem data ou sem janela operacional; nao ha base temporal para SAR
SAR_0302,GEO_0302,TGT_0302,RP_0302,DEC_0302,S17C_W_S16AWIN_00096,not_available,recife,recife,urban_flooding,not_available,unknown,,,,,blocked_temporal_resolution_insufficient,not_available,geometria_parcial_resolvivel,bloqueado_por_geometria_insuficiente,bbox,not_available,not_available,not_available,bloqueado_temporalmente,0,bloqueado_para_sar,not_selected,false,"poligono candidato SAR pos-evento (referencia de avaliacao futura, nunca feature pre-evento)","QA humano do canario (aceite review-only, sem treino)",true,false,false,false,false,sem data ou sem janela operacional; nao ha base temporal para SAR
SAR_0303,GEO_0303,TGT_0303,RP_0303,DEC_0303,S17C_W_S16AWIN_00097,not_available,recife,recife,urban_flooding,not_available,unknown,,,,,blocked_temporal_resolution_insufficient,not_available,geometria_parcial_resolvivel,bloqueado_por_geometria_insuficiente,bbox,not_available,not_available,not_available,bloqueado_temporalmente,0,bloqueado_para_sar,not_selected,false,"poligono candidato SAR pos-evento (referencia de avaliacao futura, nunca feature pre-evento)","QA humano do canario (aceite review-only, sem treino)",true,false,false,false,false,sem data ou sem janela operacional; nao ha base temporal para SAR
SAR_0304,GEO_0304,TGT_0304,RP_0304,DEC_0304,S17C_W_S16AWIN_00098,not_available,recife,recife,urban_flooding,not_available,unknown,,,,,blocked_temporal_resolution_insufficient,not_available,geometria_parcial_resolvivel,bloqueado_por_geometria_insuficiente,bbox,not_available,not_available,not_available,bloqueado_temporalmente,0,bloqueado_para_sar,not_selected,false,"poligono candidato SAR pos-evento (referencia de avaliacao futura, nunca feature pre-evento)","QA humano do canario (aceite review-only, sem treino)",true,false,false,false,false,sem data ou sem janela operacional; nao ha base temporal para SAR
SAR_0305,GEO_0305,TGT_0305,RP_0305,DEC_0305,S17C_W_S16AWIN_00099,not_available,recife,recife,urban_flooding,not_available,unknown,,,,,blocked_temporal_resolution_insufficient,not_available,geometria_parcial_resolvivel,bloqueado_por_geometria_insuficiente,bbox,not_available,not_available,not_available,bloqueado_temporalmente,0,bloqueado_para_sar,not_selected,false,"poligono candidato SAR pos-evento (referencia de avaliacao futura, nunca feature pre-evento)","QA humano do canario (aceite review-only, sem treino)",true,false,false,false,false,sem data ou sem janela operacional; nao ha base temporal para SAR
SAR_0306,GEO_0306,TGT_0306,RP_0306,DEC_0306,S17C_W_S16AWIN_00100,not_available,recife,recife,urban_flooding,not_available,unknown,,,,,blocked_temporal_resolution_insufficient,not_available,geometria_parcial_resolvivel,bloqueado_por_geometria_insuficiente,bbox,not_available,not_available,not_available,bloqueado_temporalmente,0,bloqueado_para_sar,not_selected,false,"poligono candidato SAR pos-evento (referencia de avaliacao futura, nunca feature pre-evento)","QA humano do canario (aceite review-only, sem treino)",true,false,false,false,false,sem data ou sem janela operacional; nao ha base temporal para SAR
SAR_0307,GEO_0307,TGT_0307,RP_0307,DEC_0307,S17C_W_S16AWIN_00101,not_available,recife,recife,urban_flooding,not_available,unknown,,,,,blocked_temporal_resolution_insufficient,not_available,geometria_parcial_resolvivel,bloqueado_por_geometria_insuficiente,bbox,not_available,not_available,not_available,bloqueado_temporalmente,0,bloqueado_para_sar,not_selected,false,"poligono candidato SAR pos-evento (referencia de avaliacao futura, nunca feature pre-evento)","QA humano do canario (aceite review-only, sem treino)",true,false,false,false,false,sem data ou sem janela operacional; nao ha base temporal para SAR
SAR_0308,GEO_0308,TGT_0308,RP_0308,DEC_0308,S17C_W_S16AWIN_00102,not_available,recife,recife,urban_flooding,not_available,unknown,,,,,blocked_temporal_resolution_insufficient,not_available,geometria_parcial_resolvivel,bloqueado_por_geometria_insuficiente,bbox,not_available,not_available,not_available,bloqueado_temporalmente,0,bloqueado_para_sar,not_selected,false,"poligono candidato SAR pos-evento (referencia de avaliacao futura, nunca feature pre-evento)","QA humano do canario (aceite review-only, sem treino)",true,false,false,false,false,sem data ou sem janela operacional; nao ha base temporal para SAR
SAR_0309,GEO_0309,TGT_0309,RP_0309,DEC_0309,S17C_W_S16AWIN_00103,not_available,recife,recife,urban_flooding,not_available,unknown,,,,,blocked_temporal_resolution_insufficient,not_available,geometria_parcial_resolvivel,bloqueado_por_geometria_insuficiente,bbox,not_available,not_available,not_available,bloqueado_temporalmente,0,bloqueado_para_sar,not_selected,false,"poligono candidato SAR pos-evento (referencia de avaliacao futura, nunca feature pre-evento)","QA humano do canario (aceite review-only, sem treino)",true,false,false,false,false,sem data ou sem janela operacional; nao ha base temporal para SAR
SAR_0310,GEO_0310,TGT_0310,RP_0310,DEC_0310,S17C_W_S16AWIN_00104,not_available,recife,recife,urban_flooding,not_available,unknown,,,,,blocked_temporal_resolution_insufficient,not_available,geometria_parcial_resolvivel,bloqueado_por_geometria_insuficiente,bbox,not_available,not_available,not_available,bloqueado_temporalmente,0,bloqueado_para_sar,not_selected,false,"poligono candidato SAR pos-evento (referencia de avaliacao futura, nunca feature pre-evento)","QA humano do canario (aceite review-only, sem treino)",true,false,false,false,false,sem data ou sem janela operacional; nao ha base temporal para SAR
SAR_0311,GEO_0311,TGT_0311,RP_0311,DEC_0311,S17C_W_S16AWIN_00105,not_available,recife,recife,urban_flooding,not_available,unknown,,,,,blocked_temporal_resolution_insufficient,not_available,geometria_parcial_resolvivel,bloqueado_por_geometria_insuficiente,bbox,not_available,not_available,not_available,bloqueado_temporalmente,0,bloqueado_para_sar,not_selected,false,"poligono candidato SAR pos-evento (referencia de avaliacao futura, nunca feature pre-evento)","QA humano do canario (aceite review-only, sem treino)",true,false,false,false,false,sem data ou sem janela operacional; nao ha base temporal para SAR
SAR_0312,GEO_0312,TGT_0312,RP_0312,DEC_0312,S17C_W_S16AWIN_00106,not_available,recife,recife,urban_flooding,not_available,unknown,,,,,blocked_temporal_resolution_insufficient,not_available,geometria_parcial_resolvivel,bloqueado_por_geometria_insuficiente,bbox,not_available,not_available,not_available,bloqueado_temporalmente,0,bloqueado_para_sar,not_selected,false,"poligono candidato SAR pos-evento (referencia de avaliacao futura, nunca feature pre-evento)","QA humano do canario (aceite review-only, sem treino)",true,false,false,false,false,sem data ou sem janela operacional; nao ha base temporal para SAR
SAR_0313,GEO_0313,TGT_0313,RP_0313,DEC_0313,S17C_W_S16AWIN_00107,not_available,recife,recife,urban_flooding,not_available,unknown,,,,,blocked_temporal_resolution_insufficient,not_available,geometria_parcial_resolvivel,bloqueado_por_geometria_insuficiente,bbox,not_available,not_available,not_available,bloqueado_temporalmente,0,bloqueado_para_sar,not_selected,false,"poligono candidato SAR pos-evento (referencia de avaliacao futura, nunca feature pre-evento)","QA humano do canario (aceite review-only, sem treino)",true,false,false,false,false,sem data ou sem janela operacional; nao ha base temporal para SAR
SAR_0314,GEO_0314,TGT_0314,RP_0314,DEC_0314,S17C_W_S16AWIN_00108,not_available,recife,recife,urban_flooding,not_available,unknown,,,,,blocked_temporal_resolution_insufficient,not_available,geometria_parcial_resolvivel,bloqueado_por_geometria_insuficiente,bbox,not_available,not_available,not_available,bloqueado_temporalmente,0,bloqueado_para_sar,not_selected,false,"poligono candidato SAR pos-evento (referencia de avaliacao futura, nunca feature pre-evento)","QA humano do canario (aceite review-only, sem treino)",true,false,false,false,false,sem data ou sem janela operacional; nao ha base temporal para SAR
SAR_0315,GEO_0315,TGT_0315,RP_0315,DEC_0315,S17C_W_S16AWIN_00109,not_available,recife,recife,urban_flooding,not_available,unknown,,,,,blocked_temporal_resolution_insufficient,not_available,geometria_parcial_resolvivel,bloqueado_por_geometria_insuficiente,bbox,not_available,not_available,not_available,bloqueado_temporalmente,0,bloqueado_para_sar,not_selected,false,"poligono candidato SAR pos-evento (referencia de avaliacao futura, nunca feature pre-evento)","QA humano do canario (aceite review-only, sem treino)",true,false,false,false,false,sem data ou sem janela operacional; nao ha base temporal para SAR
SAR_0316,GEO_0316,TGT_0316,RP_0316,DEC_0316,S17C_W_S16AWIN_00110,not_available,recife,recife,urban_flooding,not_available,unknown,,,,,blocked_temporal_resolution_insufficient,not_available,geometria_parcial_resolvivel,bloqueado_por_geometria_insuficiente,bbox,not_available,not_available,not_available,bloqueado_temporalmente,0,bloqueado_para_sar,not_selected,false,"poligono candidato SAR pos-evento (referencia de avaliacao futura, nunca feature pre-evento)","QA humano do canario (aceite review-only, sem treino)",true,false,false,false,false,sem data ou sem janela operacional; nao ha base temporal para SAR
SAR_0317,GEO_0317,TGT_0317,RP_0317,DEC_0317,S17C_W_S16AWIN_00111,not_available,recife,recife,urban_flooding,not_available,unknown,,,,,blocked_temporal_resolution_insufficient,not_available,geometria_parcial_resolvivel,bloqueado_por_geometria_insuficiente,bbox,not_available,not_available,not_available,bloqueado_temporalmente,0,bloqueado_para_sar,not_selected,false,"poligono candidato SAR pos-evento (referencia de avaliacao futura, nunca feature pre-evento)","QA humano do canario (aceite review-only, sem treino)",true,false,false,false,false,sem data ou sem janela operacional; nao ha base temporal para SAR
SAR_0318,GEO_0318,TGT_0318,RP_0318,DEC_0318,S17C_W_S16AWIN_00112,not_available,recife,recife,urban_flooding,not_available,unknown,,,,,blocked_temporal_resolution_insufficient,not_available,geometria_parcial_resolvivel,bloqueado_por_geometria_insuficiente,bbox,not_available,not_available,not_available,bloqueado_temporalmente,0,bloqueado_para_sar,not_selected,false,"poligono candidato SAR pos-evento (referencia de avaliacao futura, nunca feature pre-evento)","QA humano do canario (aceite review-only, sem treino)",true,false,false,false,false,sem data ou sem janela operacional; nao ha base temporal para SAR
SAR_0319,GEO_0319,TGT_0319,RP_0319,DEC_0319,S17C_W_S16AWIN_00113,not_available,recife,recife,urban_flooding,not_available,unknown,,,,,blocked_temporal_resolution_insufficient,not_available,geometria_parcial_resolvivel,bloqueado_por_geometria_insuficiente,bbox,not_available,not_available,not_available,bloqueado_temporalmente,0,bloqueado_para_sar,not_selected,false,"poligono candidato SAR pos-evento (referencia de avaliacao futura, nunca feature pre-evento)","QA humano do canario (aceite review-only, sem treino)",true,false,false,false,false,sem data ou sem janela operacional; nao ha base temporal para SAR
SAR_0320,GEO_0320,TGT_0320,RP_0320,DEC_0320,S17C_W_S16AWIN_00114,not_available,recife,recife,urban_flooding,not_available,unknown,,,,,blocked_temporal_resolution_insufficient,not_available,geometria_parcial_resolvivel,bloqueado_por_geometria_insuficiente,bbox,not_available,not_available,not_available,bloqueado_temporalmente,0,bloqueado_para_sar,not_selected,false,"poligono candidato SAR pos-evento (referencia de avaliacao futura, nunca feature pre-evento)","QA humano do canario (aceite review-only, sem treino)",true,false,false,false,false,sem data ou sem janela operacional; nao ha base temporal para SAR
SAR_0321,GEO_0321,TGT_0321,RP_0321,DEC_0321,S17C_W_S16AWIN_00115,not_available,recife,recife,urban_flooding,not_available,unknown,,,,,blocked_temporal_resolution_insufficient,not_available,geometria_parcial_resolvivel,bloqueado_por_geometria_insuficiente,bbox,not_available,not_available,not_available,bloqueado_temporalmente,0,bloqueado_para_sar,not_selected,false,"poligono candidato SAR pos-evento (referencia de avaliacao futura, nunca feature pre-evento)","QA humano do canario (aceite review-only, sem treino)",true,false,false,false,false,sem data ou sem janela operacional; nao ha base temporal para SAR
SAR_0322,GEO_0322,TGT_0322,RP_0322,DEC_0322,S17C_W_S16AWIN_00116,not_available,recife,recife,urban_flooding,not_available,unknown,,,,,blocked_temporal_resolution_insufficient,not_available,geometria_parcial_resolvivel,bloqueado_por_geometria_insuficiente,bbox,not_available,not_available,not_available,bloqueado_temporalmente,0,bloqueado_para_sar,not_selected,false,"poligono candidato SAR pos-evento (referencia de avaliacao futura, nunca feature pre-evento)","QA humano do canario (aceite review-only, sem treino)",true,false,false,false,false,sem data ou sem janela operacional; nao ha base temporal para SAR
SAR_0323,GEO_0323,TGT_0323,RP_0323,DEC_0323,S17C_W_S16AWIN_00117,not_available,recife,recife,urban_flooding,not_available,unknown,,,,,blocked_temporal_resolution_insufficient,not_available,geometria_parcial_resolvivel,bloqueado_por_geometria_insuficiente,bbox,not_available,not_available,not_available,bloqueado_temporalmente,0,bloqueado_para_sar,not_selected,false,"poligono candidato SAR pos-evento (referencia de avaliacao futura, nunca feature pre-evento)","QA humano do canario (aceite review-only, sem treino)",true,false,false,false,false,sem data ou sem janela operacional; nao ha base temporal para SAR
SAR_0324,GEO_0324,TGT_0324,RP_0324,DEC_0324,S17C_W_S16AWIN_00118,not_available,recife,recife,urban_flooding,not_available,unknown,,,,,blocked_temporal_resolution_insufficient,not_available,geometria_parcial_resolvivel,bloqueado_por_geometria_insuficiente,bbox,not_available,not_available,not_available,bloqueado_temporalmente,0,bloqueado_para_sar,not_selected,false,"poligono candidato SAR pos-evento (referencia de avaliacao futura, nunca feature pre-evento)","QA humano do canario (aceite review-only, sem treino)",true,false,false,false,false,sem data ou sem janela operacional; nao ha base temporal para SAR
SAR_0325,GEO_0325,TGT_0325,RP_0325,DEC_0325,S17C_W_S16AWIN_00119,not_available,recife,recife,urban_flooding,not_available,unknown,,,,,blocked_temporal_resolution_insufficient,not_available,geometria_parcial_resolvivel,bloqueado_por_geometria_insuficiente,bbox,not_available,not_available,not_available,bloqueado_temporalmente,0,bloqueado_para_sar,not_selected,false,"poligono candidato SAR pos-evento (referencia de avaliacao futura, nunca feature pre-evento)","QA humano do canario (aceite review-only, sem treino)",true,false,false,false,false,sem data ou sem janela operacional; nao ha base temporal para SAR
SAR_0326,GEO_0326,TGT_0326,RP_0326,DEC_0326,S17C_W_S16AWIN_00120,not_available,recife,recife,urban_flooding,not_available,unknown,,,,,blocked_temporal_resolution_insufficient,not_available,geometria_parcial_resolvivel,bloqueado_por_geometria_insuficiente,bbox,not_available,not_available,not_available,bloqueado_temporalmente,0,bloqueado_para_sar,not_selected,false,"poligono candidato SAR pos-evento (referencia de avaliacao futura, nunca feature pre-evento)","QA humano do canario (aceite review-only, sem treino)",true,false,false,false,false,sem data ou sem janela operacional; nao ha base temporal para SAR
SAR_0327,GEO_0327,TGT_0327,RP_0327,DEC_0327,S17C_W_S16AWIN_00121,not_available,recife,recife,urban_flooding,not_available,unknown,,,,,blocked_temporal_resolution_insufficient,not_available,geometria_parcial_resolvivel,bloqueado_por_geometria_insuficiente,bbox,not_available,not_available,not_available,bloqueado_temporalmente,0,bloqueado_para_sar,not_selected,false,"poligono candidato SAR pos-evento (referencia de avaliacao futura, nunca feature pre-evento)","QA humano do canario (aceite review-only, sem treino)",true,false,false,false,false,sem data ou sem janela operacional; nao ha base temporal para SAR
SAR_0328,GEO_0328,TGT_0328,RP_0328,DEC_0328,S17C_W_S16AWIN_00122,not_available,recife,recife,urban_flooding,not_available,unknown,,,,,blocked_temporal_resolution_insufficient,not_available,geometria_parcial_resolvivel,bloqueado_por_geometria_insuficiente,bbox,not_available,not_available,not_available,bloqueado_temporalmente,0,bloqueado_para_sar,not_selected,false,"poligono candidato SAR pos-evento (referencia de avaliacao futura, nunca feature pre-evento)","QA humano do canario (aceite review-only, sem treino)",true,false,false,false,false,sem data ou sem janela operacional; nao ha base temporal para SAR
SAR_0329,GEO_0329,TGT_0329,RP_0329,DEC_0329,S17C_W_S16AWIN_00123,not_available,recife,recife,urban_flooding,not_available,unknown,,,,,blocked_temporal_resolution_insufficient,not_available,geometria_parcial_resolvivel,bloqueado_por_geometria_insuficiente,bbox,not_available,not_available,not_available,bloqueado_temporalmente,0,bloqueado_para_sar,not_selected,false,"poligono candidato SAR pos-evento (referencia de avaliacao futura, nunca feature pre-evento)","QA humano do canario (aceite review-only, sem treino)",true,false,false,false,false,sem data ou sem janela operacional; nao ha base temporal para SAR
SAR_0330,GEO_0330,TGT_0330,RP_0330,DEC_0330,S17C_W_S16AWIN_00124,not_available,recife,recife,urban_flooding,not_available,unknown,,,,,blocked_temporal_resolution_insufficient,not_available,geometria_parcial_resolvivel,bloqueado_por_geometria_insuficiente,bbox,not_available,not_available,not_available,bloqueado_temporalmente,0,bloqueado_para_sar,not_selected,false,"poligono candidato SAR pos-evento (referencia de avaliacao futura, nunca feature pre-evento)","QA humano do canario (aceite review-only, sem treino)",true,false,false,false,false,sem data ou sem janela operacional; nao ha base temporal para SAR
SAR_0331,GEO_0331,TGT_0331,RP_0331,DEC_0331,S17C_W_S16AWIN_00125,not_available,recife,recife,urban_flooding,not_available,unknown,,,,,blocked_temporal_resolution_insufficient,not_available,geometria_parcial_resolvivel,bloqueado_por_geometria_insuficiente,bbox,not_available,not_available,not_available,bloqueado_temporalmente,0,bloqueado_para_sar,not_selected,false,"poligono candidato SAR pos-evento (referencia de avaliacao futura, nunca feature pre-evento)","QA humano do canario (aceite review-only, sem treino)",true,false,false,false,false,sem data ou sem janela operacional; nao ha base temporal para SAR
SAR_0332,GEO_0332,TGT_0332,RP_0332,DEC_0332,S17C_W_S16AWIN_00126,not_available,recife,recife,urban_flooding,not_available,unknown,,,,,blocked_temporal_resolution_insufficient,not_available,geometria_parcial_resolvivel,bloqueado_por_geometria_insuficiente,bbox,not_available,not_available,not_available,bloqueado_temporalmente,0,bloqueado_para_sar,not_selected,false,"poligono candidato SAR pos-evento (referencia de avaliacao futura, nunca feature pre-evento)","QA humano do canario (aceite review-only, sem treino)",true,false,false,false,false,sem data ou sem janela operacional; nao ha base temporal para SAR
SAR_0333,GEO_0333,TGT_0333,RP_0333,DEC_0333,S17C_W_S16AWIN_00127,not_available,recife,recife,urban_flooding,not_available,unknown,,,,,blocked_temporal_resolution_insufficient,not_available,geometria_parcial_resolvivel,bloqueado_por_geometria_insuficiente,bbox,not_available,not_available,not_available,bloqueado_temporalmente,0,bloqueado_para_sar,not_selected,false,"poligono candidato SAR pos-evento (referencia de avaliacao futura, nunca feature pre-evento)","QA humano do canario (aceite review-only, sem treino)",true,false,false,false,false,sem data ou sem janela operacional; nao ha base temporal para SAR
SAR_0334,GEO_0334,TGT_0334,RP_0334,DEC_0334,S17C_W_S16AWIN_00128,not_available,recife,recife,urban_flooding,not_available,unknown,,,,,blocked_temporal_resolution_insufficient,not_available,geometria_parcial_resolvivel,bloqueado_por_geometria_insuficiente,bbox,not_available,not_available,not_available,bloqueado_temporalmente,0,bloqueado_para_sar,not_selected,false,"poligono candidato SAR pos-evento (referencia de avaliacao futura, nunca feature pre-evento)","QA humano do canario (aceite review-only, sem treino)",true,false,false,false,false,sem data ou sem janela operacional; nao ha base temporal para SAR
SAR_0335,GEO_0335,TGT_0335,RP_0335,DEC_0335,S17C_W_S16AWIN_00129,not_available,recife,recife,urban_flooding,not_available,unknown,,,,,blocked_temporal_resolution_insufficient,not_available,geometria_parcial_resolvivel,bloqueado_por_geometria_insuficiente,bbox,not_available,not_available,not_available,bloqueado_temporalmente,0,bloqueado_para_sar,not_selected,false,"poligono candidato SAR pos-evento (referencia de avaliacao futura, nunca feature pre-evento)","QA humano do canario (aceite review-only, sem treino)",true,false,false,false,false,sem data ou sem janela operacional; nao ha base temporal para SAR
SAR_0336,GEO_0336,TGT_0336,RP_0336,DEC_0336,S17C_W_S16AWIN_00130,not_available,recife,recife,urban_flooding,not_available,unknown,,,,,blocked_temporal_resolution_insufficient,not_available,geometria_parcial_resolvivel,bloqueado_por_geometria_insuficiente,bbox,not_available,not_available,not_available,bloqueado_temporalmente,0,bloqueado_para_sar,not_selected,false,"poligono candidato SAR pos-evento (referencia de avaliacao futura, nunca feature pre-evento)","QA humano do canario (aceite review-only, sem treino)",true,false,false,false,false,sem data ou sem janela operacional; nao ha base temporal para SAR
SAR_0337,GEO_0337,TGT_0337,RP_0337,DEC_0337,S17C_W_S16AWIN_00131,not_available,recife,recife,urban_flooding,not_available,unknown,,,,,blocked_temporal_resolution_insufficient,not_available,geometria_parcial_resolvivel,bloqueado_por_geometria_insuficiente,bbox,not_available,not_available,not_available,bloqueado_temporalmente,0,bloqueado_para_sar,not_selected,false,"poligono candidato SAR pos-evento (referencia de avaliacao futura, nunca feature pre-evento)","QA humano do canario (aceite review-only, sem treino)",true,false,false,false,false,sem data ou sem janela operacional; nao ha base temporal para SAR
SAR_0338,GEO_0338,TGT_0338,RP_0338,DEC_0338,S17C_W_S16AWIN_00132,not_available,recife,recife,urban_flooding,not_available,unknown,,,,,blocked_temporal_resolution_insufficient,not_available,geometria_parcial_resolvivel,bloqueado_por_geometria_insuficiente,bbox,not_available,not_available,not_available,bloqueado_temporalmente,0,bloqueado_para_sar,not_selected,false,"poligono candidato SAR pos-evento (referencia de avaliacao futura, nunca feature pre-evento)","QA humano do canario (aceite review-only, sem treino)",true,false,false,false,false,sem data ou sem janela operacional; nao ha base temporal para SAR
SAR_0339,GEO_0339,TGT_0339,RP_0339,DEC_0339,S17C_W_S16AWIN_00133,not_available,recife,recife,urban_flooding,not_available,unknown,,,,,blocked_temporal_resolution_insufficient,not_available,geometria_parcial_resolvivel,bloqueado_por_geometria_insuficiente,bbox,not_available,not_available,not_available,bloqueado_temporalmente,0,bloqueado_para_sar,not_selected,false,"poligono candidato SAR pos-evento (referencia de avaliacao futura, nunca feature pre-evento)","QA humano do canario (aceite review-only, sem treino)",true,false,false,false,false,sem data ou sem janela operacional; nao ha base temporal para SAR
SAR_0340,GEO_0340,TGT_0340,RP_0340,DEC_0340,S17C_W_S16AWIN_00134,not_available,recife,recife,urban_flooding,not_available,unknown,,,,,blocked_temporal_resolution_insufficient,not_available,geometria_parcial_resolvivel,bloqueado_por_geometria_insuficiente,bbox,not_available,not_available,not_available,bloqueado_temporalmente,0,bloqueado_para_sar,not_selected,false,"poligono candidato SAR pos-evento (referencia de avaliacao futura, nunca feature pre-evento)","QA humano do canario (aceite review-only, sem treino)",true,false,false,false,false,sem data ou sem janela operacional; nao ha base temporal para SAR
SAR_0341,GEO_0341,TGT_0341,RP_0341,DEC_0341,S17C_W_S16AWIN_00135,not_available,recife,recife,urban_flooding,not_available,unknown,,,,,blocked_temporal_resolution_insufficient,not_available,geometria_parcial_resolvivel,bloqueado_por_geometria_insuficiente,bbox,not_available,not_available,not_available,bloqueado_temporalmente,0,bloqueado_para_sar,not_selected,false,"poligono candidato SAR pos-evento (referencia de avaliacao futura, nunca feature pre-evento)","QA humano do canario (aceite review-only, sem treino)",true,false,false,false,false,sem data ou sem janela operacional; nao ha base temporal para SAR
SAR_0342,GEO_0342,TGT_0342,RP_0342,DEC_0342,S17C_W_S16AWIN_00136,not_available,recife,recife,urban_flooding,not_available,unknown,,,,,blocked_temporal_resolution_insufficient,not_available,geometria_parcial_resolvivel,bloqueado_por_geometria_insuficiente,bbox,not_available,not_available,not_available,bloqueado_temporalmente,0,bloqueado_para_sar,not_selected,false,"poligono candidato SAR pos-evento (referencia de avaliacao futura, nunca feature pre-evento)","QA humano do canario (aceite review-only, sem treino)",true,false,false,false,false,sem data ou sem janela operacional; nao ha base temporal para SAR
SAR_0343,GEO_0343,TGT_0343,RP_0343,DEC_0343,S17C_W_S16AWIN_00137,not_available,recife,recife,urban_flooding,not_available,unknown,,,,,blocked_temporal_resolution_insufficient,not_available,geometria_parcial_resolvivel,bloqueado_por_geometria_insuficiente,bbox,not_available,not_available,not_available,bloqueado_temporalmente,0,bloqueado_para_sar,not_selected,false,"poligono candidato SAR pos-evento (referencia de avaliacao futura, nunca feature pre-evento)","QA humano do canario (aceite review-only, sem treino)",true,false,false,false,false,sem data ou sem janela operacional; nao ha base temporal para SAR
SAR_0344,GEO_0344,TGT_0344,RP_0344,DEC_0344,S17C_W_S16AWIN_00138,not_available,recife,recife,urban_flooding,not_available,unknown,,,,,blocked_temporal_resolution_insufficient,not_available,geometria_parcial_resolvivel,bloqueado_por_geometria_insuficiente,bbox,not_available,not_available,not_available,bloqueado_temporalmente,0,bloqueado_para_sar,not_selected,false,"poligono candidato SAR pos-evento (referencia de avaliacao futura, nunca feature pre-evento)","QA humano do canario (aceite review-only, sem treino)",true,false,false,false,false,sem data ou sem janela operacional; nao ha base temporal para SAR
SAR_0345,GEO_0345,TGT_0345,RP_0345,DEC_0345,S17C_W_S16AWIN_00139,not_available,recife,recife,urban_flooding,not_available,unknown,,,,,blocked_temporal_resolution_insufficient,not_available,geometria_parcial_resolvivel,bloqueado_por_geometria_insuficiente,bbox,not_available,not_available,not_available,bloqueado_temporalmente,0,bloqueado_para_sar,not_selected,false,"poligono candidato SAR pos-evento (referencia de avaliacao futura, nunca feature pre-evento)","QA humano do canario (aceite review-only, sem treino)",true,false,false,false,false,sem data ou sem janela operacional; nao ha base temporal para SAR
SAR_0346,GEO_0346,TGT_0346,RP_0346,DEC_0346,S17C_W_S16AWIN_00140,not_available,recife,recife,urban_flooding,not_available,unknown,,,,,blocked_temporal_resolution_insufficient,not_available,geometria_parcial_resolvivel,bloqueado_por_geometria_insuficiente,bbox,not_available,not_available,not_available,bloqueado_temporalmente,0,bloqueado_para_sar,not_selected,false,"poligono candidato SAR pos-evento (referencia de avaliacao futura, nunca feature pre-evento)","QA humano do canario (aceite review-only, sem treino)",true,false,false,false,false,sem data ou sem janela operacional; nao ha base temporal para SAR
SAR_0347,GEO_0347,TGT_0347,RP_0347,DEC_0347,S17C_W_S16AWIN_00141,not_available,recife,recife,urban_flooding,not_available,unknown,,,,,blocked_temporal_resolution_insufficient,not_available,geometria_parcial_resolvivel,bloqueado_por_geometria_insuficiente,bbox,not_available,not_available,not_available,bloqueado_temporalmente,0,bloqueado_para_sar,not_selected,false,"poligono candidato SAR pos-evento (referencia de avaliacao futura, nunca feature pre-evento)","QA humano do canario (aceite review-only, sem treino)",true,false,false,false,false,sem data ou sem janela operacional; nao ha base temporal para SAR
SAR_0348,GEO_0348,TGT_0348,RP_0348,DEC_0348,S17C_W_S16AWIN_00142,not_available,recife,recife,urban_flooding,not_available,unknown,,,,,blocked_temporal_resolution_insufficient,not_available,geometria_parcial_resolvivel,bloqueado_por_geometria_insuficiente,bbox,not_available,not_available,not_available,bloqueado_temporalmente,0,bloqueado_para_sar,not_selected,false,"poligono candidato SAR pos-evento (referencia de avaliacao futura, nunca feature pre-evento)","QA humano do canario (aceite review-only, sem treino)",true,false,false,false,false,sem data ou sem janela operacional; nao ha base temporal para SAR
SAR_0349,GEO_0349,TGT_0349,RP_0349,DEC_0349,S17C_W_S16AWIN_00143,not_available,recife,recife,urban_flooding,not_available,unknown,,,,,blocked_temporal_resolution_insufficient,not_available,geometria_parcial_resolvivel,bloqueado_por_geometria_insuficiente,bbox,not_available,not_available,not_available,bloqueado_temporalmente,0,bloqueado_para_sar,not_selected,false,"poligono candidato SAR pos-evento (referencia de avaliacao futura, nunca feature pre-evento)","QA humano do canario (aceite review-only, sem treino)",true,false,false,false,false,sem data ou sem janela operacional; nao ha base temporal para SAR
SAR_0350,GEO_0350,TGT_0350,RP_0350,DEC_0350,S17C_W_S16AWIN_00144,not_available,recife,recife,urban_flooding,not_available,unknown,,,,,blocked_temporal_resolution_insufficient,not_available,geometria_parcial_resolvivel,bloqueado_por_geometria_insuficiente,bbox,not_available,not_available,not_available,bloqueado_temporalmente,0,bloqueado_para_sar,not_selected,false,"poligono candidato SAR pos-evento (referencia de avaliacao futura, nunca feature pre-evento)","QA humano do canario (aceite review-only, sem treino)",true,false,false,false,false,sem data ou sem janela operacional; nao ha base temporal para SAR
SAR_0351,GEO_0351,TGT_0351,RP_0351,DEC_0351,S17C_W_S16AWIN_00145,not_available,recife,recife,urban_flooding,not_available,unknown,,,,,blocked_temporal_resolution_insufficient,not_available,geometria_parcial_resolvivel,bloqueado_por_geometria_insuficiente,bbox,not_available,not_available,not_available,bloqueado_temporalmente,0,bloqueado_para_sar,not_selected,false,"poligono candidato SAR pos-evento (referencia de avaliacao futura, nunca feature pre-evento)","QA humano do canario (aceite review-only, sem treino)",true,false,false,false,false,sem data ou sem janela operacional; nao ha base temporal para SAR
SAR_0352,GEO_0352,TGT_0352,RP_0352,DEC_0352,S17C_W_S16AWIN_00146,not_available,recife,recife,urban_flooding,not_available,unknown,,,,,blocked_temporal_resolution_insufficient,not_available,geometria_parcial_resolvivel,bloqueado_por_geometria_insuficiente,bbox,not_available,not_available,not_available,bloqueado_temporalmente,0,bloqueado_para_sar,not_selected,false,"poligono candidato SAR pos-evento (referencia de avaliacao futura, nunca feature pre-evento)","QA humano do canario (aceite review-only, sem treino)",true,false,false,false,false,sem data ou sem janela operacional; nao ha base temporal para SAR
SAR_0353,GEO_0353,TGT_0353,RP_0353,DEC_0353,S17C_W_S16AWIN_00147,not_available,recife,recife,urban_flooding,not_available,unknown,,,,,blocked_temporal_resolution_insufficient,not_available,geometria_parcial_resolvivel,bloqueado_por_geometria_insuficiente,bbox,not_available,not_available,not_available,bloqueado_temporalmente,0,bloqueado_para_sar,not_selected,false,"poligono candidato SAR pos-evento (referencia de avaliacao futura, nunca feature pre-evento)","QA humano do canario (aceite review-only, sem treino)",true,false,false,false,false,sem data ou sem janela operacional; nao ha base temporal para SAR
SAR_0354,GEO_0354,TGT_0354,RP_0354,DEC_0354,S17C_W_S16AWIN_00148,not_available,recife,recife,urban_flooding,not_available,unknown,,,,,blocked_temporal_resolution_insufficient,not_available,geometria_parcial_resolvivel,bloqueado_por_geometria_insuficiente,bbox,not_available,not_available,not_available,bloqueado_temporalmente,0,bloqueado_para_sar,not_selected,false,"poligono candidato SAR pos-evento (referencia de avaliacao futura, nunca feature pre-evento)","QA humano do canario (aceite review-only, sem treino)",true,false,false,false,false,sem data ou sem janela operacional; nao ha base temporal para SAR
SAR_0355,GEO_0355,TGT_0355,RP_0355,DEC_0355,S17C_W_S16AWIN_00149,not_available,recife,recife,urban_flooding,not_available,unknown,,,,,blocked_temporal_resolution_insufficient,not_available,geometria_parcial_resolvivel,bloqueado_por_geometria_insuficiente,bbox,not_available,not_available,not_available,bloqueado_temporalmente,0,bloqueado_para_sar,not_selected,false,"poligono candidato SAR pos-evento (referencia de avaliacao futura, nunca feature pre-evento)","QA humano do canario (aceite review-only, sem treino)",true,false,false,false,false,sem data ou sem janela operacional; nao ha base temporal para SAR
SAR_0356,GEO_0356,TGT_0356,RP_0356,DEC_0356,S17C_W_S16AWIN_00150,not_available,recife,recife,urban_flooding,not_available,unknown,,,,,blocked_temporal_resolution_insufficient,not_available,geometria_parcial_resolvivel,bloqueado_por_geometria_insuficiente,bbox,not_available,not_available,not_available,bloqueado_temporalmente,0,bloqueado_para_sar,not_selected,false,"poligono candidato SAR pos-evento (referencia de avaliacao futura, nunca feature pre-evento)","QA humano do canario (aceite review-only, sem treino)",true,false,false,false,false,sem data ou sem janela operacional; nao ha base temporal para SAR
SAR_0357,GEO_0357,TGT_0357,RP_0357,DEC_0357,S17C_W_S16AWIN_00151,not_available,recife,recife,urban_flooding,not_available,unknown,,,,,blocked_temporal_resolution_insufficient,not_available,geometria_parcial_resolvivel,bloqueado_por_geometria_insuficiente,bbox,not_available,not_available,not_available,bloqueado_temporalmente,0,bloqueado_para_sar,not_selected,false,"poligono candidato SAR pos-evento (referencia de avaliacao futura, nunca feature pre-evento)","QA humano do canario (aceite review-only, sem treino)",true,false,false,false,false,sem data ou sem janela operacional; nao ha base temporal para SAR
SAR_0358,GEO_0358,TGT_0358,RP_0358,DEC_0358,S17C_W_S16AWIN_00152,not_available,recife,recife,urban_flooding,not_available,unknown,,,,,blocked_temporal_resolution_insufficient,not_available,geometria_parcial_resolvivel,bloqueado_por_geometria_insuficiente,bbox,not_available,not_available,not_available,bloqueado_temporalmente,0,bloqueado_para_sar,not_selected,false,"poligono candidato SAR pos-evento (referencia de avaliacao futura, nunca feature pre-evento)","QA humano do canario (aceite review-only, sem treino)",true,false,false,false,false,sem data ou sem janela operacional; nao ha base temporal para SAR
SAR_0359,GEO_0359,TGT_0359,RP_0359,DEC_0359,S17C_W_S16AWIN_00153,not_available,recife,recife,urban_flooding,not_available,unknown,,,,,blocked_temporal_resolution_insufficient,not_available,geometria_parcial_resolvivel,bloqueado_por_geometria_insuficiente,bbox,not_available,not_available,not_available,bloqueado_temporalmente,0,bloqueado_para_sar,not_selected,false,"poligono candidato SAR pos-evento (referencia de avaliacao futura, nunca feature pre-evento)","QA humano do canario (aceite review-only, sem treino)",true,false,false,false,false,sem data ou sem janela operacional; nao ha base temporal para SAR
SAR_0360,GEO_0360,TGT_0360,RP_0360,DEC_0360,S17C_W_S16AWIN_00154,not_available,recife,recife,urban_flooding,not_available,unknown,,,,,blocked_temporal_resolution_insufficient,not_available,geometria_parcial_resolvivel,bloqueado_por_geometria_insuficiente,bbox,not_available,not_available,not_available,bloqueado_temporalmente,0,bloqueado_para_sar,not_selected,false,"poligono candidato SAR pos-evento (referencia de avaliacao futura, nunca feature pre-evento)","QA humano do canario (aceite review-only, sem treino)",true,false,false,false,false,sem data ou sem janela operacional; nao ha base temporal para SAR
SAR_0361,GEO_0361,TGT_0361,RP_0361,DEC_0361,S17C_W_S16AWIN_00155,not_available,recife,recife,urban_flooding,not_available,unknown,,,,,blocked_temporal_resolution_insufficient,not_available,geometria_parcial_resolvivel,bloqueado_por_geometria_insuficiente,bbox,not_available,not_available,not_available,bloqueado_temporalmente,0,bloqueado_para_sar,not_selected,false,"poligono candidato SAR pos-evento (referencia de avaliacao futura, nunca feature pre-evento)","QA humano do canario (aceite review-only, sem treino)",true,false,false,false,false,sem data ou sem janela operacional; nao ha base temporal para SAR
SAR_0362,GEO_0362,TGT_0362,RP_0362,DEC_0362,S17C_W_S16AWIN_00156,not_available,recife,recife,urban_flooding,not_available,unknown,,,,,blocked_temporal_resolution_insufficient,not_available,geometria_parcial_resolvivel,bloqueado_por_geometria_insuficiente,bbox,not_available,not_available,not_available,bloqueado_temporalmente,0,bloqueado_para_sar,not_selected,false,"poligono candidato SAR pos-evento (referencia de avaliacao futura, nunca feature pre-evento)","QA humano do canario (aceite review-only, sem treino)",true,false,false,false,false,sem data ou sem janela operacional; nao ha base temporal para SAR
SAR_0363,GEO_0363,TGT_0363,RP_0363,DEC_0363,S17C_W_S16AWIN_00157,not_available,recife,recife,urban_flooding,not_available,unknown,,,,,blocked_temporal_resolution_insufficient,not_available,geometria_parcial_resolvivel,bloqueado_por_geometria_insuficiente,bbox,not_available,not_available,not_available,bloqueado_temporalmente,0,bloqueado_para_sar,not_selected,false,"poligono candidato SAR pos-evento (referencia de avaliacao futura, nunca feature pre-evento)","QA humano do canario (aceite review-only, sem treino)",true,false,false,false,false,sem data ou sem janela operacional; nao ha base temporal para SAR
SAR_0364,GEO_0364,TGT_0364,RP_0364,DEC_0364,S17C_W_S16AWIN_00158,not_available,recife,recife,urban_flooding,not_available,unknown,,,,,blocked_temporal_resolution_insufficient,not_available,geometria_parcial_resolvivel,bloqueado_por_geometria_insuficiente,bbox,not_available,not_available,not_available,bloqueado_temporalmente,0,bloqueado_para_sar,not_selected,false,"poligono candidato SAR pos-evento (referencia de avaliacao futura, nunca feature pre-evento)","QA humano do canario (aceite review-only, sem treino)",true,false,false,false,false,sem data ou sem janela operacional; nao ha base temporal para SAR
SAR_0365,GEO_0365,TGT_0365,RP_0365,DEC_0365,S17C_W_S16AWIN_00159,not_available,recife,recife,urban_flooding,not_available,unknown,,,,,blocked_temporal_resolution_insufficient,not_available,geometria_parcial_resolvivel,bloqueado_por_geometria_insuficiente,bbox,not_available,not_available,not_available,bloqueado_temporalmente,0,bloqueado_para_sar,not_selected,false,"poligono candidato SAR pos-evento (referencia de avaliacao futura, nunca feature pre-evento)","QA humano do canario (aceite review-only, sem treino)",true,false,false,false,false,sem data ou sem janela operacional; nao ha base temporal para SAR
SAR_0366,GEO_0366,TGT_0366,RP_0366,DEC_0366,S17C_W_S16AWIN_00160,not_available,recife,recife,urban_flooding,not_available,unknown,,,,,blocked_temporal_resolution_insufficient,not_available,geometria_parcial_resolvivel,bloqueado_por_geometria_insuficiente,bbox,not_available,not_available,not_available,bloqueado_temporalmente,0,bloqueado_para_sar,not_selected,false,"poligono candidato SAR pos-evento (referencia de avaliacao futura, nunca feature pre-evento)","QA humano do canario (aceite review-only, sem treino)",true,false,false,false,false,sem data ou sem janela operacional; nao ha base temporal para SAR
SAR_0367,GEO_0367,TGT_0367,RP_0367,DEC_0367,S17C_W_S16AWIN_00161,not_available,recife,recife,urban_flooding,not_available,unknown,,,,,blocked_temporal_resolution_insufficient,not_available,geometria_parcial_resolvivel,bloqueado_por_geometria_insuficiente,bbox,not_available,not_available,not_available,bloqueado_temporalmente,0,bloqueado_para_sar,not_selected,false,"poligono candidato SAR pos-evento (referencia de avaliacao futura, nunca feature pre-evento)","QA humano do canario (aceite review-only, sem treino)",true,false,false,false,false,sem data ou sem janela operacional; nao ha base temporal para SAR
SAR_0368,GEO_0368,TGT_0368,RP_0368,DEC_0368,S17C_E_SUSC13A_00001,not_available,Recife,not_available,not_available,2022-05-24,exact_day,2022-04-24,2022-05-23,2022-05-24,2022-05-31,usable,not_available,requer_footprint_tecnico_futuro,bloqueado_por_geometria_insuficiente,not_available,not_available,not_available,not_available,requer_geometria_antes_do_sar,40,canario_sar_prioridade_baixa,not_selected,false,"poligono candidato SAR pos-evento (referencia de avaliacao futura, nunca feature pre-evento)","QA humano do canario (aceite review-only, sem treino)",true,false,false,false,false,"datado, mas sem patch/AOI minima; precisa de geometria antes de preparar SAR"
SAR_0369,GEO_0369,TGT_0369,RP_0369,DEC_0369,S17C_W_S16AWIN_00003,not_available,recife,not_available,not_available,2014-01-15,exact_day,2013-12-16,2014-01-14,2014-01-15,2014-01-22,usable,not_available,requer_footprint_tecnico_futuro,bloqueado_por_geometria_insuficiente,not_available,not_available,not_available,not_available,requer_geometria_antes_do_sar,40,canario_sar_prioridade_baixa,not_selected,false,"poligono candidato SAR pos-evento (referencia de avaliacao futura, nunca feature pre-evento)","QA humano do canario (aceite review-only, sem treino)",true,false,false,false,false,"datado, mas sem patch/AOI minima; precisa de geometria antes de preparar SAR"
SAR_0370,GEO_0370,TGT_0370,RP_0370,DEC_0370,S17C_W_S16AWIN_00004,not_available,recife,not_available,not_available,2014-01-16,exact_day,2013-12-17,2014-01-15,2014-01-16,2014-01-23,usable,not_available,requer_footprint_tecnico_futuro,bloqueado_por_geometria_insuficiente,not_available,not_available,not_available,not_available,requer_geometria_antes_do_sar,40,canario_sar_prioridade_baixa,not_selected,false,"poligono candidato SAR pos-evento (referencia de avaliacao futura, nunca feature pre-evento)","QA humano do canario (aceite review-only, sem treino)",true,false,false,false,false,"datado, mas sem patch/AOI minima; precisa de geometria antes de preparar SAR"
SAR_0371,GEO_0371,TGT_0371,RP_0371,DEC_0371,S17C_W_S16AWIN_00005,not_available,recife,not_available,not_available,2014-01-21,exact_day,2013-12-22,2014-01-20,2014-01-21,2014-01-28,usable,not_available,requer_footprint_tecnico_futuro,bloqueado_por_geometria_insuficiente,not_available,not_available,not_available,not_available,requer_geometria_antes_do_sar,40,canario_sar_prioridade_baixa,not_selected,false,"poligono candidato SAR pos-evento (referencia de avaliacao futura, nunca feature pre-evento)","QA humano do canario (aceite review-only, sem treino)",true,false,false,false,false,"datado, mas sem patch/AOI minima; precisa de geometria antes de preparar SAR"
SAR_0372,GEO_0372,TGT_0372,RP_0372,DEC_0372,S17C_W_S16AWIN_00006,not_available,recife,not_available,not_available,2014-01-23,exact_day,2013-12-24,2014-01-22,2014-01-23,2014-01-30,usable,not_available,requer_footprint_tecnico_futuro,bloqueado_por_geometria_insuficiente,not_available,not_available,not_available,not_available,requer_geometria_antes_do_sar,40,canario_sar_prioridade_baixa,not_selected,false,"poligono candidato SAR pos-evento (referencia de avaliacao futura, nunca feature pre-evento)","QA humano do canario (aceite review-only, sem treino)",true,false,false,false,false,"datado, mas sem patch/AOI minima; precisa de geometria antes de preparar SAR"
SAR_0373,GEO_0373,TGT_0373,RP_0373,DEC_0373,S17C_E_SUSC13A_00000,not_available,Recife,not_available,not_available,not_available,unknown,,,,,blocked_temporal_resolution_insufficient,not_available,geometria_ausente,bloqueado_por_geometria_insuficiente,not_available,not_available,not_available,not_available,bloqueado_temporalmente,0,bloqueado_para_sar,not_selected,false,"poligono candidato SAR pos-evento (referencia de avaliacao futura, nunca feature pre-evento)","QA humano do canario (aceite review-only, sem treino)",true,false,false,false,false,sem data ou sem janela operacional; nao ha base temporal para SAR
SAR_0374,GEO_0374,TGT_0374,RP_0374,DEC_0374,S17C_E_SUSC13A_00001,not_available,Recife,not_available,not_available,2022-05-24,exact_day,2022-04-24,2022-05-23,2022-05-24,2022-05-31,usable,not_available,requer_footprint_tecnico_futuro,bloqueado_por_geometria_insuficiente,not_available,not_available,not_available,not_available,requer_geometria_antes_do_sar,40,canario_sar_prioridade_baixa,not_selected,false,"poligono candidato SAR pos-evento (referencia de avaliacao futura, nunca feature pre-evento)","QA humano do canario (aceite review-only, sem treino)",true,false,false,false,false,"datado, mas sem patch/AOI minima; precisa de geometria antes de preparar SAR"
SAR_0375,GEO_0375,TGT_0375,RP_0375,DEC_0375,S17C_E_SUSC13A_00002,not_available,Recife,not_available,not_available,2022-05-24,exact_day,2022-04-24,2022-05-23,2022-05-24,2022-05-31,usable,not_available,requer_footprint_tecnico_futuro,bloqueado_por_geometria_insuficiente,not_available,not_available,not_available,not_available,requer_geometria_antes_do_sar,40,canario_sar_prioridade_baixa,not_selected,false,"poligono candidato SAR pos-evento (referencia de avaliacao futura, nunca feature pre-evento)","QA humano do canario (aceite review-only, sem treino)",true,false,false,false,false,"datado, mas sem patch/AOI minima; precisa de geometria antes de preparar SAR"
SAR_0376,GEO_0376,TGT_0376,RP_0376,DEC_0376,S17C_E_SUSC13A_00003,not_available,Recife,not_available,not_available,not_available,unknown,,,,,blocked_temporal_resolution_insufficient,not_available,geometria_ausente,bloqueado_por_geometria_insuficiente,not_available,not_available,not_available,not_available,bloqueado_temporalmente,0,bloqueado_para_sar,not_selected,false,"poligono candidato SAR pos-evento (referencia de avaliacao futura, nunca feature pre-evento)","QA humano do canario (aceite review-only, sem treino)",true,false,false,false,false,sem data ou sem janela operacional; nao ha base temporal para SAR
SAR_0377,GEO_0377,TGT_0377,RP_0377,DEC_0377,S17C_E_SUSC13A_00004,not_available,Recife,not_available,not_available,not_available,unknown,,,,,blocked_temporal_resolution_insufficient,not_available,geometria_ausente,bloqueado_por_geometria_insuficiente,not_available,not_available,not_available,not_available,bloqueado_temporalmente,0,bloqueado_para_sar,not_selected,false,"poligono candidato SAR pos-evento (referencia de avaliacao futura, nunca feature pre-evento)","QA humano do canario (aceite review-only, sem treino)",true,false,false,false,false,sem data ou sem janela operacional; nao ha base temporal para SAR
SAR_0378,GEO_0378,TGT_0378,RP_0378,DEC_0378,S17C_E_SUSC13A_00005,not_available,Recife,not_available,not_available,not_available,unknown,,,,,blocked_temporal_resolution_insufficient,not_available,geometria_ausente,bloqueado_por_geometria_insuficiente,not_available,not_available,not_available,not_available,bloqueado_temporalmente,0,bloqueado_para_sar,not_selected,false,"poligono candidato SAR pos-evento (referencia de avaliacao futura, nunca feature pre-evento)","QA humano do canario (aceite review-only, sem treino)",true,false,false,false,false,sem data ou sem janela operacional; nao ha base temporal para SAR
SAR_0379,GEO_0379,TGT_0379,RP_0379,DEC_0379,S17C_E_SUSC13A_00006,not_available,Petropolis,not_available,not_available,not_available,unknown,,,,,blocked_temporal_resolution_insufficient,not_available,geometria_rejeitada,bloqueado_por_geometria_insuficiente,not_available,not_available,not_available,not_available,bloqueado_temporalmente,0,bloqueado_para_sar,not_selected,false,"poligono candidato SAR pos-evento (referencia de avaliacao futura, nunca feature pre-evento)","QA humano do canario (aceite review-only, sem treino)",true,false,false,false,false,sem data ou sem janela operacional; nao ha base temporal para SAR
SAR_0380,GEO_0380,TGT_0380,RP_0380,DEC_0380,S17C_E_SUSC13A_00007,not_available,Petropolis,not_available,not_available,not_available,unknown,,,,,blocked_temporal_resolution_insufficient,not_available,geometria_rejeitada,bloqueado_por_geometria_insuficiente,not_available,not_available,not_available,not_available,bloqueado_temporalmente,0,bloqueado_para_sar,not_selected,false,"poligono candidato SAR pos-evento (referencia de avaliacao futura, nunca feature pre-evento)","QA humano do canario (aceite review-only, sem treino)",true,false,false,false,false,sem data ou sem janela operacional; nao ha base temporal para SAR
SAR_0381,GEO_0381,TGT_0381,RP_0381,DEC_0381,S17C_E_SUSC13A_00008,not_available,Petropolis,not_available,not_available,not_available,unknown,,,,,blocked_temporal_resolution_insufficient,not_available,geometria_rejeitada,bloqueado_por_geometria_insuficiente,not_available,not_available,not_available,not_available,bloqueado_temporalmente,0,bloqueado_para_sar,not_selected,false,"poligono candidato SAR pos-evento (referencia de avaliacao futura, nunca feature pre-evento)","QA humano do canario (aceite review-only, sem treino)",true,false,false,false,false,sem data ou sem janela operacional; nao ha base temporal para SAR
SAR_0382,GEO_0382,TGT_0382,RP_0382,DEC_0382,S17C_E_SUSC13A_00009,not_available,Petropolis,not_available,not_available,not_available,unknown,,,,,blocked_temporal_resolution_insufficient,not_available,geometria_rejeitada,bloqueado_por_geometria_insuficiente,not_available,not_available,not_available,not_available,bloqueado_temporalmente,0,bloqueado_para_sar,not_selected,false,"poligono candidato SAR pos-evento (referencia de avaliacao futura, nunca feature pre-evento)","QA humano do canario (aceite review-only, sem treino)",true,false,false,false,false,sem data ou sem janela operacional; nao ha base temporal para SAR
SAR_0383,GEO_0383,TGT_0383,RP_0383,DEC_0383,S17C_E_SUSC13A_00010,not_available,Recife,not_available,not_available,not_available,unknown,,,,,blocked_temporal_resolution_insufficient,not_available,geometria_ausente,bloqueado_por_geometria_insuficiente,not_available,not_available,not_available,not_available,bloqueado_temporalmente,0,bloqueado_para_sar,not_selected,false,"poligono candidato SAR pos-evento (referencia de avaliacao futura, nunca feature pre-evento)","QA humano do canario (aceite review-only, sem treino)",true,false,false,false,false,sem data ou sem janela operacional; nao ha base temporal para SAR
SAR_0384,GEO_0384,TGT_0384,RP_0384,DEC_0384,S17C_E_SUSC13A_00011,not_available,Recife,not_available,not_available,not_available,unknown,,,,,blocked_temporal_resolution_insufficient,not_available,geometria_ausente,bloqueado_por_geometria_insuficiente,not_available,not_available,not_available,not_available,bloqueado_temporalmente,0,bloqueado_para_sar,not_selected,false,"poligono candidato SAR pos-evento (referencia de avaliacao futura, nunca feature pre-evento)","QA humano do canario (aceite review-only, sem treino)",true,false,false,false,false,sem data ou sem janela operacional; nao ha base temporal para SAR
SAR_0385,GEO_0385,TGT_0385,RP_0385,DEC_0385,S17C_E_SUSC13A_00012,not_available,Petropolis,not_available,not_available,not_available,unknown,,,,,blocked_temporal_resolution_insufficient,not_available,geometria_rejeitada,bloqueado_por_geometria_insuficiente,not_available,not_available,not_available,not_available,bloqueado_temporalmente,0,bloqueado_para_sar,not_selected,false,"poligono candidato SAR pos-evento (referencia de avaliacao futura, nunca feature pre-evento)","QA humano do canario (aceite review-only, sem treino)",true,false,false,false,false,sem data ou sem janela operacional; nao ha base temporal para SAR
SAR_0386,GEO_0386,TGT_0386,RP_0386,DEC_0386,S17C_W_S16AWIN_00001,not_available,recife,not_available,not_available,2014-01-09,exact_day,2013-12-10,2014-01-08,2014-01-09,2014-01-16,usable,not_available,requer_footprint_tecnico_futuro,bloqueado_por_geometria_insuficiente,not_available,not_available,not_available,not_available,requer_geometria_antes_do_sar,40,canario_sar_prioridade_baixa,not_selected,false,"poligono candidato SAR pos-evento (referencia de avaliacao futura, nunca feature pre-evento)","QA humano do canario (aceite review-only, sem treino)",true,false,false,false,false,"datado, mas sem patch/AOI minima; precisa de geometria antes de preparar SAR"
SAR_0387,GEO_0387,TGT_0387,RP_0387,DEC_0387,S17C_W_S16AWIN_00002,not_available,recife,not_available,not_available,2014-01-14,exact_day,2013-12-15,2014-01-13,2014-01-14,2014-01-21,usable,not_available,requer_footprint_tecnico_futuro,bloqueado_por_geometria_insuficiente,not_available,not_available,not_available,not_available,requer_geometria_antes_do_sar,40,canario_sar_prioridade_baixa,not_selected,false,"poligono candidato SAR pos-evento (referencia de avaliacao futura, nunca feature pre-evento)","QA humano do canario (aceite review-only, sem treino)",true,false,false,false,false,"datado, mas sem patch/AOI minima; precisa de geometria antes de preparar SAR"
SAR_0388,GEO_0388,TGT_0388,RP_0388,DEC_0388,S17C_W_S16AWIN_00003,not_available,recife,not_available,not_available,2014-01-15,exact_day,2013-12-16,2014-01-14,2014-01-15,2014-01-22,usable,not_available,requer_footprint_tecnico_futuro,bloqueado_por_geometria_insuficiente,not_available,not_available,not_available,not_available,requer_geometria_antes_do_sar,40,canario_sar_prioridade_baixa,not_selected,false,"poligono candidato SAR pos-evento (referencia de avaliacao futura, nunca feature pre-evento)","QA humano do canario (aceite review-only, sem treino)",true,false,false,false,false,"datado, mas sem patch/AOI minima; precisa de geometria antes de preparar SAR"
SAR_0389,GEO_0389,TGT_0389,RP_0389,DEC_0389,S17C_W_S16AWIN_00004,not_available,recife,not_available,not_available,2014-01-16,exact_day,2013-12-17,2014-01-15,2014-01-16,2014-01-23,usable,not_available,requer_footprint_tecnico_futuro,bloqueado_por_geometria_insuficiente,not_available,not_available,not_available,not_available,requer_geometria_antes_do_sar,40,canario_sar_prioridade_baixa,not_selected,false,"poligono candidato SAR pos-evento (referencia de avaliacao futura, nunca feature pre-evento)","QA humano do canario (aceite review-only, sem treino)",true,false,false,false,false,"datado, mas sem patch/AOI minima; precisa de geometria antes de preparar SAR"
SAR_0390,GEO_0390,TGT_0390,RP_0390,DEC_0390,S17C_W_S16AWIN_00005,not_available,recife,not_available,not_available,2014-01-21,exact_day,2013-12-22,2014-01-20,2014-01-21,2014-01-28,usable,not_available,requer_footprint_tecnico_futuro,bloqueado_por_geometria_insuficiente,not_available,not_available,not_available,not_available,requer_geometria_antes_do_sar,40,canario_sar_prioridade_baixa,not_selected,false,"poligono candidato SAR pos-evento (referencia de avaliacao futura, nunca feature pre-evento)","QA humano do canario (aceite review-only, sem treino)",true,false,false,false,false,"datado, mas sem patch/AOI minima; precisa de geometria antes de preparar SAR"
SAR_0391,GEO_0391,TGT_0391,RP_0391,DEC_0391,S17C_W_S16AWIN_00006,not_available,recife,not_available,not_available,2014-01-23,exact_day,2013-12-24,2014-01-22,2014-01-23,2014-01-30,usable,not_available,requer_footprint_tecnico_futuro,bloqueado_por_geometria_insuficiente,not_available,not_available,not_available,not_available,requer_geometria_antes_do_sar,40,canario_sar_prioridade_baixa,not_selected,false,"poligono candidato SAR pos-evento (referencia de avaliacao futura, nunca feature pre-evento)","QA humano do canario (aceite review-only, sem treino)",true,false,false,false,false,"datado, mas sem patch/AOI minima; precisa de geometria antes de preparar SAR"
SAR_0392,GEO_0392,TGT_0392,RP_0392,DEC_0392,S17C_W_S16AWIN_00007,not_available,recife,not_available,not_available,2014-01-27,exact_day,2013-12-28,2014-01-26,2014-01-27,2014-02-03,usable,not_available,requer_footprint_tecnico_futuro,bloqueado_por_geometria_insuficiente,not_available,not_available,not_available,not_available,requer_geometria_antes_do_sar,40,canario_sar_prioridade_baixa,not_selected,false,"poligono candidato SAR pos-evento (referencia de avaliacao futura, nunca feature pre-evento)","QA humano do canario (aceite review-only, sem treino)",true,false,false,false,false,"datado, mas sem patch/AOI minima; precisa de geometria antes de preparar SAR"
SAR_0393,GEO_0393,TGT_0393,RP_0393,DEC_0393,S17C_W_S16AWIN_00008,not_available,recife,not_available,not_available,2014-01-28,exact_day,2013-12-29,2014-01-27,2014-01-28,2014-02-04,usable,not_available,requer_footprint_tecnico_futuro,bloqueado_por_geometria_insuficiente,not_available,not_available,not_available,not_available,requer_geometria_antes_do_sar,40,canario_sar_prioridade_baixa,not_selected,false,"poligono candidato SAR pos-evento (referencia de avaliacao futura, nunca feature pre-evento)","QA humano do canario (aceite review-only, sem treino)",true,false,false,false,false,"datado, mas sem patch/AOI minima; precisa de geometria antes de preparar SAR"
SAR_0394,GEO_0394,TGT_0394,RP_0394,DEC_0394,S17C_W_S16AWIN_00009,not_available,recife,not_available,not_available,2014-01-30,exact_day,2013-12-31,2014-01-29,2014-01-30,2014-02-06,usable,not_available,requer_footprint_tecnico_futuro,bloqueado_por_geometria_insuficiente,not_available,not_available,not_available,not_available,requer_geometria_antes_do_sar,40,canario_sar_prioridade_baixa,not_selected,false,"poligono candidato SAR pos-evento (referencia de avaliacao futura, nunca feature pre-evento)","QA humano do canario (aceite review-only, sem treino)",true,false,false,false,false,"datado, mas sem patch/AOI minima; precisa de geometria antes de preparar SAR"
SAR_0395,GEO_0395,TGT_0395,RP_0395,DEC_0395,S17C_W_S16AWIN_00010,not_available,recife,not_available,not_available,2014-02-06,exact_day,2014-01-07,2014-02-05,2014-02-06,2014-02-13,usable,not_available,requer_footprint_tecnico_futuro,bloqueado_por_geometria_insuficiente,not_available,not_available,not_available,not_available,requer_geometria_antes_do_sar,40,canario_sar_prioridade_baixa,not_selected,false,"poligono candidato SAR pos-evento (referencia de avaliacao futura, nunca feature pre-evento)","QA humano do canario (aceite review-only, sem treino)",true,false,false,false,false,"datado, mas sem patch/AOI minima; precisa de geometria antes de preparar SAR"
SAR_0396,GEO_0396,TGT_0396,RP_0396,DEC_0396,S17C_W_S16AWIN_00011,not_available,recife,not_available,not_available,2014-02-10,exact_day,2014-01-11,2014-02-09,2014-02-10,2014-02-17,usable,not_available,requer_footprint_tecnico_futuro,bloqueado_por_geometria_insuficiente,not_available,not_available,not_available,not_available,requer_geometria_antes_do_sar,40,canario_sar_prioridade_baixa,not_selected,false,"poligono candidato SAR pos-evento (referencia de avaliacao futura, nunca feature pre-evento)","QA humano do canario (aceite review-only, sem treino)",true,false,false,false,false,"datado, mas sem patch/AOI minima; precisa de geometria antes de preparar SAR"
SAR_0397,GEO_0397,TGT_0397,RP_0397,DEC_0397,S17C_W_S16AWIN_00012,not_available,recife,not_available,not_available,2014-02-15,exact_day,2014-01-16,2014-02-14,2014-02-15,2014-02-22,usable,not_available,requer_footprint_tecnico_futuro,bloqueado_por_geometria_insuficiente,not_available,not_available,not_available,not_available,requer_geometria_antes_do_sar,40,canario_sar_prioridade_baixa,not_selected,false,"poligono candidato SAR pos-evento (referencia de avaliacao futura, nunca feature pre-evento)","QA humano do canario (aceite review-only, sem treino)",true,false,false,false,false,"datado, mas sem patch/AOI minima; precisa de geometria antes de preparar SAR"
SAR_0398,GEO_0398,TGT_0398,RP_0398,DEC_0398,S17C_W_S16AWIN_00013,not_available,recife,not_available,not_available,2014-03-17,exact_day,2014-02-15,2014-03-16,2014-03-17,2014-03-24,usable,not_available,requer_footprint_tecnico_futuro,bloqueado_por_geometria_insuficiente,not_available,not_available,not_available,not_available,requer_geometria_antes_do_sar,40,canario_sar_prioridade_baixa,not_selected,false,"poligono candidato SAR pos-evento (referencia de avaliacao futura, nunca feature pre-evento)","QA humano do canario (aceite review-only, sem treino)",true,false,false,false,false,"datado, mas sem patch/AOI minima; precisa de geometria antes de preparar SAR"
SAR_0399,GEO_0399,TGT_0399,RP_0399,DEC_0399,S17C_W_S16AWIN_00014,not_available,recife,not_available,not_available,2014-03-19,exact_day,2014-02-17,2014-03-18,2014-03-19,2014-03-26,usable,not_available,requer_footprint_tecnico_futuro,bloqueado_por_geometria_insuficiente,not_available,not_available,not_available,not_available,requer_geometria_antes_do_sar,40,canario_sar_prioridade_baixa,not_selected,false,"poligono candidato SAR pos-evento (referencia de avaliacao futura, nunca feature pre-evento)","QA humano do canario (aceite review-only, sem treino)",true,false,false,false,false,"datado, mas sem patch/AOI minima; precisa de geometria antes de preparar SAR"
SAR_0400,GEO_0400,TGT_0400,RP_0400,DEC_0400,S17C_W_S16AWIN_00015,not_available,recife,not_available,not_available,2014-03-20,exact_day,2014-02-18,2014-03-19,2014-03-20,2014-03-27,usable,not_available,requer_footprint_tecnico_futuro,bloqueado_por_geometria_insuficiente,not_available,not_available,not_available,not_available,requer_geometria_antes_do_sar,40,canario_sar_prioridade_baixa,not_selected,false,"poligono candidato SAR pos-evento (referencia de avaliacao futura, nunca feature pre-evento)","QA humano do canario (aceite review-only, sem treino)",true,false,false,false,false,"datado, mas sem patch/AOI minima; precisa de geometria antes de preparar SAR"
SAR_0401,GEO_0401,TGT_0401,RP_0401,DEC_0401,S17C_W_S16AWIN_00016,not_available,recife,not_available,not_available,2014-03-25,exact_day,2014-02-23,2014-03-24,2014-03-25,2014-04-01,usable,not_available,requer_footprint_tecnico_futuro,bloqueado_por_geometria_insuficiente,not_available,not_available,not_available,not_available,requer_geometria_antes_do_sar,40,canario_sar_prioridade_baixa,not_selected,false,"poligono candidato SAR pos-evento (referencia de avaliacao futura, nunca feature pre-evento)","QA humano do canario (aceite review-only, sem treino)",true,false,false,false,false,"datado, mas sem patch/AOI minima; precisa de geometria antes de preparar SAR"
SAR_0402,GEO_0402,TGT_0402,RP_0402,DEC_0402,S17C_W_S16AWIN_00017,not_available,recife,not_available,not_available,2014-03-27,exact_day,2014-02-25,2014-03-26,2014-03-27,2014-04-03,usable,not_available,requer_footprint_tecnico_futuro,bloqueado_por_geometria_insuficiente,not_available,not_available,not_available,not_available,requer_geometria_antes_do_sar,40,canario_sar_prioridade_baixa,not_selected,false,"poligono candidato SAR pos-evento (referencia de avaliacao futura, nunca feature pre-evento)","QA humano do canario (aceite review-only, sem treino)",true,false,false,false,false,"datado, mas sem patch/AOI minima; precisa de geometria antes de preparar SAR"
SAR_0403,GEO_0403,TGT_0403,RP_0403,DEC_0403,S17C_W_S16AWIN_00018,not_available,recife,not_available,not_available,2014-04-01,exact_day,2014-03-02,2014-03-31,2014-04-01,2014-04-08,usable,not_available,requer_footprint_tecnico_futuro,bloqueado_por_geometria_insuficiente,not_available,not_available,not_available,not_available,requer_geometria_antes_do_sar,40,canario_sar_prioridade_baixa,not_selected,false,"poligono candidato SAR pos-evento (referencia de avaliacao futura, nunca feature pre-evento)","QA humano do canario (aceite review-only, sem treino)",true,false,false,false,false,"datado, mas sem patch/AOI minima; precisa de geometria antes de preparar SAR"
SAR_0404,GEO_0404,TGT_0404,RP_0404,DEC_0404,S17C_W_S16AWIN_00019,not_available,recife,not_available,not_available,2014-04-03,exact_day,2014-03-04,2014-04-02,2014-04-03,2014-04-10,usable,not_available,requer_footprint_tecnico_futuro,bloqueado_por_geometria_insuficiente,not_available,not_available,not_available,not_available,requer_geometria_antes_do_sar,40,canario_sar_prioridade_baixa,not_selected,false,"poligono candidato SAR pos-evento (referencia de avaliacao futura, nunca feature pre-evento)","QA humano do canario (aceite review-only, sem treino)",true,false,false,false,false,"datado, mas sem patch/AOI minima; precisa de geometria antes de preparar SAR"
SAR_0405,GEO_0405,TGT_0405,RP_0405,DEC_0405,S17C_W_S16AWIN_00020,not_available,recife,not_available,not_available,2014-04-07,exact_day,2014-03-08,2014-04-06,2014-04-07,2014-04-14,usable,not_available,requer_footprint_tecnico_futuro,bloqueado_por_geometria_insuficiente,not_available,not_available,not_available,not_available,requer_geometria_antes_do_sar,40,canario_sar_prioridade_baixa,not_selected,false,"poligono candidato SAR pos-evento (referencia de avaliacao futura, nunca feature pre-evento)","QA humano do canario (aceite review-only, sem treino)",true,false,false,false,false,"datado, mas sem patch/AOI minima; precisa de geometria antes de preparar SAR"
SAR_0406,GEO_0406,TGT_0406,RP_0406,DEC_0406,S17C_W_S16AWIN_00021,not_available,recife,not_available,not_available,2014-04-08,exact_day,2014-03-09,2014-04-07,2014-04-08,2014-04-15,usable,not_available,requer_footprint_tecnico_futuro,bloqueado_por_geometria_insuficiente,not_available,not_available,not_available,not_available,requer_geometria_antes_do_sar,40,canario_sar_prioridade_baixa,not_selected,false,"poligono candidato SAR pos-evento (referencia de avaliacao futura, nunca feature pre-evento)","QA humano do canario (aceite review-only, sem treino)",true,false,false,false,false,"datado, mas sem patch/AOI minima; precisa de geometria antes de preparar SAR"
SAR_0407,GEO_0407,TGT_0407,RP_0407,DEC_0407,S17C_W_S16AWIN_00022,not_available,recife,not_available,not_available,2014-04-10,exact_day,2014-03-11,2014-04-09,2014-04-10,2014-04-17,usable,not_available,requer_footprint_tecnico_futuro,bloqueado_por_geometria_insuficiente,not_available,not_available,not_available,not_available,requer_geometria_antes_do_sar,40,canario_sar_prioridade_baixa,not_selected,false,"poligono candidato SAR pos-evento (referencia de avaliacao futura, nunca feature pre-evento)","QA humano do canario (aceite review-only, sem treino)",true,false,false,false,false,"datado, mas sem patch/AOI minima; precisa de geometria antes de preparar SAR"
SAR_0408,GEO_0408,TGT_0408,RP_0408,DEC_0408,S17C_W_S16AWIN_00023,not_available,recife,not_available,not_available,2014-04-15,exact_day,2014-03-16,2014-04-14,2014-04-15,2014-04-22,usable,not_available,requer_footprint_tecnico_futuro,bloqueado_por_geometria_insuficiente,not_available,not_available,not_available,not_available,requer_geometria_antes_do_sar,40,canario_sar_prioridade_baixa,not_selected,false,"poligono candidato SAR pos-evento (referencia de avaliacao futura, nunca feature pre-evento)","QA humano do canario (aceite review-only, sem treino)",true,false,false,false,false,"datado, mas sem patch/AOI minima; precisa de geometria antes de preparar SAR"
SAR_0409,GEO_0409,TGT_0409,RP_0409,DEC_0409,S17C_W_S16AWIN_00024,not_available,recife,not_available,not_available,2014-04-16,exact_day,2014-03-17,2014-04-15,2014-04-16,2014-04-23,usable,not_available,requer_footprint_tecnico_futuro,bloqueado_por_geometria_insuficiente,not_available,not_available,not_available,not_available,requer_geometria_antes_do_sar,40,canario_sar_prioridade_baixa,not_selected,false,"poligono candidato SAR pos-evento (referencia de avaliacao futura, nunca feature pre-evento)","QA humano do canario (aceite review-only, sem treino)",true,false,false,false,false,"datado, mas sem patch/AOI minima; precisa de geometria antes de preparar SAR"
SAR_0410,GEO_0410,TGT_0410,RP_0410,DEC_0410,S17C_W_S16AWIN_00025,not_available,recife,not_available,not_available,2014-04-22,exact_day,2014-03-23,2014-04-21,2014-04-22,2014-04-29,usable,not_available,requer_footprint_tecnico_futuro,bloqueado_por_geometria_insuficiente,not_available,not_available,not_available,not_available,requer_geometria_antes_do_sar,40,canario_sar_prioridade_baixa,not_selected,false,"poligono candidato SAR pos-evento (referencia de avaliacao futura, nunca feature pre-evento)","QA humano do canario (aceite review-only, sem treino)",true,false,false,false,false,"datado, mas sem patch/AOI minima; precisa de geometria antes de preparar SAR"
SAR_0411,GEO_0411,TGT_0411,RP_0411,DEC_0411,S17C_W_S16AWIN_00026,not_available,recife,not_available,not_available,2014-04-30,exact_day,2014-03-31,2014-04-29,2014-04-30,2014-05-07,usable,not_available,requer_footprint_tecnico_futuro,bloqueado_por_geometria_insuficiente,not_available,not_available,not_available,not_available,requer_geometria_antes_do_sar,40,canario_sar_prioridade_baixa,not_selected,false,"poligono candidato SAR pos-evento (referencia de avaliacao futura, nunca feature pre-evento)","QA humano do canario (aceite review-only, sem treino)",true,false,false,false,false,"datado, mas sem patch/AOI minima; precisa de geometria antes de preparar SAR"
SAR_0412,GEO_0412,TGT_0412,RP_0412,DEC_0412,S17C_W_S16AWIN_00027,not_available,recife,not_available,not_available,2014-05-06,exact_day,2014-04-06,2014-05-05,2014-05-06,2014-05-13,usable,not_available,requer_footprint_tecnico_futuro,bloqueado_por_geometria_insuficiente,not_available,not_available,not_available,not_available,requer_geometria_antes_do_sar,40,canario_sar_prioridade_baixa,not_selected,false,"poligono candidato SAR pos-evento (referencia de avaliacao futura, nunca feature pre-evento)","QA humano do canario (aceite review-only, sem treino)",true,false,false,false,false,"datado, mas sem patch/AOI minima; precisa de geometria antes de preparar SAR"
SAR_0413,GEO_0413,TGT_0413,RP_0413,DEC_0413,S17C_W_S16AWIN_00028,not_available,recife,not_available,not_available,2014-05-12,exact_day,2014-04-12,2014-05-11,2014-05-12,2014-05-19,usable,not_available,requer_footprint_tecnico_futuro,bloqueado_por_geometria_insuficiente,not_available,not_available,not_available,not_available,requer_geometria_antes_do_sar,40,canario_sar_prioridade_baixa,not_selected,false,"poligono candidato SAR pos-evento (referencia de avaliacao futura, nunca feature pre-evento)","QA humano do canario (aceite review-only, sem treino)",true,false,false,false,false,"datado, mas sem patch/AOI minima; precisa de geometria antes de preparar SAR"
SAR_0414,GEO_0414,TGT_0414,RP_0414,DEC_0414,S17C_W_S16AWIN_00029,not_available,recife,not_available,not_available,2014-05-13,exact_day,2014-04-13,2014-05-12,2014-05-13,2014-05-20,usable,not_available,requer_footprint_tecnico_futuro,bloqueado_por_geometria_insuficiente,not_available,not_available,not_available,not_available,requer_geometria_antes_do_sar,40,canario_sar_prioridade_baixa,not_selected,false,"poligono candidato SAR pos-evento (referencia de avaliacao futura, nunca feature pre-evento)","QA humano do canario (aceite review-only, sem treino)",true,false,false,false,false,"datado, mas sem patch/AOI minima; precisa de geometria antes de preparar SAR"
SAR_0415,GEO_0415,TGT_0415,RP_0415,DEC_0415,S17C_W_S16AWIN_00030,not_available,recife,not_available,not_available,2014-05-14,exact_day,2014-04-14,2014-05-13,2014-05-14,2014-05-21,usable,not_available,requer_footprint_tecnico_futuro,bloqueado_por_geometria_insuficiente,not_available,not_available,not_available,not_available,requer_geometria_antes_do_sar,40,canario_sar_prioridade_baixa,not_selected,false,"poligono candidato SAR pos-evento (referencia de avaliacao futura, nunca feature pre-evento)","QA humano do canario (aceite review-only, sem treino)",true,false,false,false,false,"datado, mas sem patch/AOI minima; precisa de geometria antes de preparar SAR"
SAR_0416,GEO_0416,TGT_0416,RP_0416,DEC_0416,S17C_W_S16AWIN_00031,not_available,recife,not_available,not_available,2014-05-15,exact_day,2014-04-15,2014-05-14,2014-05-15,2014-05-22,usable,not_available,requer_footprint_tecnico_futuro,bloqueado_por_geometria_insuficiente,not_available,not_available,not_available,not_available,requer_geometria_antes_do_sar,40,canario_sar_prioridade_baixa,not_selected,false,"poligono candidato SAR pos-evento (referencia de avaliacao futura, nunca feature pre-evento)","QA humano do canario (aceite review-only, sem treino)",true,false,false,false,false,"datado, mas sem patch/AOI minima; precisa de geometria antes de preparar SAR"
SAR_0417,GEO_0417,TGT_0417,RP_0417,DEC_0417,S17C_W_S16AWIN_00032,not_available,recife,not_available,not_available,2014-05-22,exact_day,2014-04-22,2014-05-21,2014-05-22,2014-05-29,usable,not_available,requer_footprint_tecnico_futuro,bloqueado_por_geometria_insuficiente,not_available,not_available,not_available,not_available,requer_geometria_antes_do_sar,40,canario_sar_prioridade_baixa,not_selected,false,"poligono candidato SAR pos-evento (referencia de avaliacao futura, nunca feature pre-evento)","QA humano do canario (aceite review-only, sem treino)",true,false,false,false,false,"datado, mas sem patch/AOI minima; precisa de geometria antes de preparar SAR"
SAR_0418,GEO_0418,TGT_0418,RP_0418,DEC_0418,S17C_W_S16AWIN_00033,not_available,recife,not_available,not_available,2014-05-29,exact_day,2014-04-29,2014-05-28,2014-05-29,2014-06-05,usable,not_available,requer_footprint_tecnico_futuro,bloqueado_por_geometria_insuficiente,not_available,not_available,not_available,not_available,requer_geometria_antes_do_sar,40,canario_sar_prioridade_baixa,not_selected,false,"poligono candidato SAR pos-evento (referencia de avaliacao futura, nunca feature pre-evento)","QA humano do canario (aceite review-only, sem treino)",true,false,false,false,false,"datado, mas sem patch/AOI minima; precisa de geometria antes de preparar SAR"
SAR_0419,GEO_0419,TGT_0419,RP_0419,DEC_0419,S17C_W_S16AWIN_00034,not_available,recife,not_available,not_available,2014-06-03,exact_day,2014-05-04,2014-06-02,2014-06-03,2014-06-10,usable,not_available,requer_footprint_tecnico_futuro,bloqueado_por_geometria_insuficiente,not_available,not_available,not_available,not_available,requer_geometria_antes_do_sar,40,canario_sar_prioridade_baixa,not_selected,false,"poligono candidato SAR pos-evento (referencia de avaliacao futura, nunca feature pre-evento)","QA humano do canario (aceite review-only, sem treino)",true,false,false,false,false,"datado, mas sem patch/AOI minima; precisa de geometria antes de preparar SAR"
SAR_0420,GEO_0420,TGT_0420,RP_0420,DEC_0420,S17C_W_S16AWIN_00035,not_available,recife,not_available,not_available,2014-06-05,exact_day,2014-05-06,2014-06-04,2014-06-05,2014-06-12,usable,not_available,requer_footprint_tecnico_futuro,bloqueado_por_geometria_insuficiente,not_available,not_available,not_available,not_available,requer_geometria_antes_do_sar,40,canario_sar_prioridade_baixa,not_selected,false,"poligono candidato SAR pos-evento (referencia de avaliacao futura, nunca feature pre-evento)","QA humano do canario (aceite review-only, sem treino)",true,false,false,false,false,"datado, mas sem patch/AOI minima; precisa de geometria antes de preparar SAR"
SAR_0421,GEO_0421,TGT_0421,RP_0421,DEC_0421,S17C_W_S16AWIN_00036,not_available,recife,not_available,not_available,2014-06-06,exact_day,2014-05-07,2014-06-05,2014-06-06,2014-06-13,usable,not_available,requer_footprint_tecnico_futuro,bloqueado_por_geometria_insuficiente,not_available,not_available,not_available,not_available,requer_geometria_antes_do_sar,40,canario_sar_prioridade_baixa,not_selected,false,"poligono candidato SAR pos-evento (referencia de avaliacao futura, nunca feature pre-evento)","QA humano do canario (aceite review-only, sem treino)",true,false,false,false,false,"datado, mas sem patch/AOI minima; precisa de geometria antes de preparar SAR"
SAR_0422,GEO_0422,TGT_0422,RP_0422,DEC_0422,S17C_W_S16AWIN_00037,not_available,recife,not_available,not_available,2014-06-26,exact_day,2014-05-27,2014-06-25,2014-06-26,2014-07-03,usable,not_available,requer_footprint_tecnico_futuro,bloqueado_por_geometria_insuficiente,not_available,not_available,not_available,not_available,requer_geometria_antes_do_sar,40,canario_sar_prioridade_baixa,not_selected,false,"poligono candidato SAR pos-evento (referencia de avaliacao futura, nunca feature pre-evento)","QA humano do canario (aceite review-only, sem treino)",true,false,false,false,false,"datado, mas sem patch/AOI minima; precisa de geometria antes de preparar SAR"
SAR_0423,GEO_0423,TGT_0423,RP_0423,DEC_0423,S17C_W_S16AWIN_00038,not_available,recife,not_available,not_available,2014-06-27,exact_day,2014-05-28,2014-06-26,2014-06-27,2014-07-04,usable,not_available,requer_footprint_tecnico_futuro,bloqueado_por_geometria_insuficiente,not_available,not_available,not_available,not_available,requer_geometria_antes_do_sar,40,canario_sar_prioridade_baixa,not_selected,false,"poligono candidato SAR pos-evento (referencia de avaliacao futura, nunca feature pre-evento)","QA humano do canario (aceite review-only, sem treino)",true,false,false,false,false,"datado, mas sem patch/AOI minima; precisa de geometria antes de preparar SAR"
SAR_0424,GEO_0424,TGT_0424,RP_0424,DEC_0424,S17C_W_S16AWIN_00039,not_available,recife,not_available,not_available,2014-07-02,exact_day,2014-06-02,2014-07-01,2014-07-02,2014-07-09,usable,not_available,requer_footprint_tecnico_futuro,bloqueado_por_geometria_insuficiente,not_available,not_available,not_available,not_available,requer_geometria_antes_do_sar,40,canario_sar_prioridade_baixa,not_selected,false,"poligono candidato SAR pos-evento (referencia de avaliacao futura, nunca feature pre-evento)","QA humano do canario (aceite review-only, sem treino)",true,false,false,false,false,"datado, mas sem patch/AOI minima; precisa de geometria antes de preparar SAR"
SAR_0425,GEO_0425,TGT_0425,RP_0425,DEC_0425,S17C_W_S16AWIN_00040,not_available,recife,not_available,not_available,2014-07-13,exact_day,2014-06-13,2014-07-12,2014-07-13,2014-07-20,usable,not_available,requer_footprint_tecnico_futuro,bloqueado_por_geometria_insuficiente,not_available,not_available,not_available,not_available,requer_geometria_antes_do_sar,40,canario_sar_prioridade_baixa,not_selected,false,"poligono candidato SAR pos-evento (referencia de avaliacao futura, nunca feature pre-evento)","QA humano do canario (aceite review-only, sem treino)",true,false,false,false,false,"datado, mas sem patch/AOI minima; precisa de geometria antes de preparar SAR"
SAR_0426,GEO_0426,TGT_0426,RP_0426,DEC_0426,S17C_W_S16AWIN_00041,not_available,recife,not_available,not_available,2014-07-14,exact_day,2014-06-14,2014-07-13,2014-07-14,2014-07-21,usable,not_available,requer_footprint_tecnico_futuro,bloqueado_por_geometria_insuficiente,not_available,not_available,not_available,not_available,requer_geometria_antes_do_sar,40,canario_sar_prioridade_baixa,not_selected,false,"poligono candidato SAR pos-evento (referencia de avaliacao futura, nunca feature pre-evento)","QA humano do canario (aceite review-only, sem treino)",true,false,false,false,false,"datado, mas sem patch/AOI minima; precisa de geometria antes de preparar SAR"
SAR_0427,GEO_0427,TGT_0427,RP_0427,DEC_0427,S17C_W_S16AWIN_00042,not_available,recife,not_available,not_available,2014-08-05,exact_day,2014-07-06,2014-08-04,2014-08-05,2014-08-12,usable,not_available,requer_footprint_tecnico_futuro,bloqueado_por_geometria_insuficiente,not_available,not_available,not_available,not_available,requer_geometria_antes_do_sar,40,canario_sar_prioridade_baixa,not_selected,false,"poligono candidato SAR pos-evento (referencia de avaliacao futura, nunca feature pre-evento)","QA humano do canario (aceite review-only, sem treino)",true,false,false,false,false,"datado, mas sem patch/AOI minima; precisa de geometria antes de preparar SAR"
SAR_0428,GEO_0428,TGT_0428,RP_0428,DEC_0428,S17C_W_S16AWIN_00043,not_available,recife,not_available,not_available,2014-08-06,exact_day,2014-07-07,2014-08-05,2014-08-06,2014-08-13,usable,not_available,requer_footprint_tecnico_futuro,bloqueado_por_geometria_insuficiente,not_available,not_available,not_available,not_available,requer_geometria_antes_do_sar,40,canario_sar_prioridade_baixa,not_selected,false,"poligono candidato SAR pos-evento (referencia de avaliacao futura, nunca feature pre-evento)","QA humano do canario (aceite review-only, sem treino)",true,false,false,false,false,"datado, mas sem patch/AOI minima; precisa de geometria antes de preparar SAR"
SAR_0429,GEO_0429,TGT_0429,RP_0429,DEC_0429,S17C_W_S16AWIN_00044,not_available,recife,not_available,not_available,2014-08-07,exact_day,2014-07-08,2014-08-06,2014-08-07,2014-08-14,usable,not_available,requer_footprint_tecnico_futuro,bloqueado_por_geometria_insuficiente,not_available,not_available,not_available,not_available,requer_geometria_antes_do_sar,40,canario_sar_prioridade_baixa,not_selected,false,"poligono candidato SAR pos-evento (referencia de avaliacao futura, nunca feature pre-evento)","QA humano do canario (aceite review-only, sem treino)",true,false,false,false,false,"datado, mas sem patch/AOI minima; precisa de geometria antes de preparar SAR"
SAR_0430,GEO_0430,TGT_0430,RP_0430,DEC_0430,S17C_W_S16AWIN_00045,not_available,recife,not_available,not_available,2014-08-20,exact_day,2014-07-21,2014-08-19,2014-08-20,2014-08-27,usable,not_available,requer_footprint_tecnico_futuro,bloqueado_por_geometria_insuficiente,not_available,not_available,not_available,not_available,requer_geometria_antes_do_sar,40,canario_sar_prioridade_baixa,not_selected,false,"poligono candidato SAR pos-evento (referencia de avaliacao futura, nunca feature pre-evento)","QA humano do canario (aceite review-only, sem treino)",true,false,false,false,false,"datado, mas sem patch/AOI minima; precisa de geometria antes de preparar SAR"
SAR_0431,GEO_0431,TGT_0431,RP_0431,DEC_0431,S17C_W_S16AWIN_00046,not_available,recife,not_available,not_available,2014-09-08,exact_day,2014-08-09,2014-09-07,2014-09-08,2014-09-15,usable,not_available,requer_footprint_tecnico_futuro,bloqueado_por_geometria_insuficiente,not_available,not_available,not_available,not_available,requer_geometria_antes_do_sar,40,canario_sar_prioridade_baixa,not_selected,false,"poligono candidato SAR pos-evento (referencia de avaliacao futura, nunca feature pre-evento)","QA humano do canario (aceite review-only, sem treino)",true,false,false,false,false,"datado, mas sem patch/AOI minima; precisa de geometria antes de preparar SAR"
SAR_0432,GEO_0432,TGT_0432,RP_0432,DEC_0432,S17C_W_S16AWIN_00047,not_available,recife,not_available,not_available,2014-09-09,exact_day,2014-08-10,2014-09-08,2014-09-09,2014-09-16,usable,not_available,requer_footprint_tecnico_futuro,bloqueado_por_geometria_insuficiente,not_available,not_available,not_available,not_available,requer_geometria_antes_do_sar,40,canario_sar_prioridade_baixa,not_selected,false,"poligono candidato SAR pos-evento (referencia de avaliacao futura, nunca feature pre-evento)","QA humano do canario (aceite review-only, sem treino)",true,false,false,false,false,"datado, mas sem patch/AOI minima; precisa de geometria antes de preparar SAR"
SAR_0433,GEO_0433,TGT_0433,RP_0433,DEC_0433,S17C_W_S16AWIN_00048,not_available,recife,not_available,not_available,2014-10-21,exact_day,2014-09-21,2014-10-20,2014-10-21,2014-10-28,usable,not_available,requer_footprint_tecnico_futuro,bloqueado_por_geometria_insuficiente,not_available,not_available,not_available,not_available,requer_geometria_antes_do_sar,40,canario_sar_prioridade_baixa,not_selected,false,"poligono candidato SAR pos-evento (referencia de avaliacao futura, nunca feature pre-evento)","QA humano do canario (aceite review-only, sem treino)",true,false,false,false,false,"datado, mas sem patch/AOI minima; precisa de geometria antes de preparar SAR"
SAR_0434,GEO_0434,TGT_0434,RP_0434,DEC_0434,S17C_W_S16AWIN_00049,not_available,recife,not_available,not_available,2014-10-23,exact_day,2014-09-23,2014-10-22,2014-10-23,2014-10-30,usable,not_available,requer_footprint_tecnico_futuro,bloqueado_por_geometria_insuficiente,not_available,not_available,not_available,not_available,requer_geometria_antes_do_sar,40,canario_sar_prioridade_baixa,not_selected,false,"poligono candidato SAR pos-evento (referencia de avaliacao futura, nunca feature pre-evento)","QA humano do canario (aceite review-only, sem treino)",true,false,false,false,false,"datado, mas sem patch/AOI minima; precisa de geometria antes de preparar SAR"
SAR_0435,GEO_0435,TGT_0435,RP_0435,DEC_0435,S17C_W_S16AWIN_00050,not_available,recife,not_available,not_available,2016-01-11,exact_day,2015-12-12,2016-01-10,2016-01-11,2016-01-18,usable,not_available,requer_footprint_tecnico_futuro,bloqueado_por_geometria_insuficiente,not_available,not_available,not_available,not_available,requer_geometria_antes_do_sar,40,canario_sar_prioridade_baixa,not_selected,false,"poligono candidato SAR pos-evento (referencia de avaliacao futura, nunca feature pre-evento)","QA humano do canario (aceite review-only, sem treino)",true,false,false,false,false,"datado, mas sem patch/AOI minima; precisa de geometria antes de preparar SAR"
SAR_0436,GEO_0436,TGT_0436,RP_0436,DEC_0436,S17C_W_S16AWIN_00051,not_available,recife,not_available,not_available,2016-03-14,exact_day,2016-02-13,2016-03-13,2016-03-14,2016-03-21,usable,not_available,requer_footprint_tecnico_futuro,bloqueado_por_geometria_insuficiente,not_available,not_available,not_available,not_available,requer_geometria_antes_do_sar,40,canario_sar_prioridade_baixa,not_selected,false,"poligono candidato SAR pos-evento (referencia de avaliacao futura, nunca feature pre-evento)","QA humano do canario (aceite review-only, sem treino)",true,false,false,false,false,"datado, mas sem patch/AOI minima; precisa de geometria antes de preparar SAR"
SAR_0437,GEO_0437,TGT_0437,RP_0437,DEC_0437,S17C_W_S16AWIN_00052,not_available,recife,not_available,not_available,2016-03-24,exact_day,2016-02-23,2016-03-23,2016-03-24,2016-03-31,usable,not_available,requer_footprint_tecnico_futuro,bloqueado_por_geometria_insuficiente,not_available,not_available,not_available,not_available,requer_geometria_antes_do_sar,40,canario_sar_prioridade_baixa,not_selected,false,"poligono candidato SAR pos-evento (referencia de avaliacao futura, nunca feature pre-evento)","QA humano do canario (aceite review-only, sem treino)",true,false,false,false,false,"datado, mas sem patch/AOI minima; precisa de geometria antes de preparar SAR"
SAR_0438,GEO_0438,TGT_0438,RP_0438,DEC_0438,S17C_W_S16AWIN_00053,not_available,recife,not_available,not_available,2016-04-16,exact_day,2016-03-17,2016-04-15,2016-04-16,2016-04-23,usable,not_available,requer_footprint_tecnico_futuro,bloqueado_por_geometria_insuficiente,not_available,not_available,not_available,not_available,requer_geometria_antes_do_sar,40,canario_sar_prioridade_baixa,not_selected,false,"poligono candidato SAR pos-evento (referencia de avaliacao futura, nunca feature pre-evento)","QA humano do canario (aceite review-only, sem treino)",true,false,false,false,false,"datado, mas sem patch/AOI minima; precisa de geometria antes de preparar SAR"
SAR_0439,GEO_0439,TGT_0439,RP_0439,DEC_0439,S17C_W_S16AWIN_00054,not_available,recife,not_available,not_available,2016-04-17,exact_day,2016-03-18,2016-04-16,2016-04-17,2016-04-24,usable,not_available,requer_footprint_tecnico_futuro,bloqueado_por_geometria_insuficiente,not_available,not_available,not_available,not_available,requer_geometria_antes_do_sar,40,canario_sar_prioridade_baixa,not_selected,false,"poligono candidato SAR pos-evento (referencia de avaliacao futura, nunca feature pre-evento)","QA humano do canario (aceite review-only, sem treino)",true,false,false,false,false,"datado, mas sem patch/AOI minima; precisa de geometria antes de preparar SAR"
SAR_0440,GEO_0440,TGT_0440,RP_0440,DEC_0440,S17C_W_S16AWIN_00055,not_available,recife,not_available,not_available,2016-04-18,exact_day,2016-03-19,2016-04-17,2016-04-18,2016-04-25,usable,not_available,requer_footprint_tecnico_futuro,bloqueado_por_geometria_insuficiente,not_available,not_available,not_available,not_available,requer_geometria_antes_do_sar,40,canario_sar_prioridade_baixa,not_selected,false,"poligono candidato SAR pos-evento (referencia de avaliacao futura, nunca feature pre-evento)","QA humano do canario (aceite review-only, sem treino)",true,false,false,false,false,"datado, mas sem patch/AOI minima; precisa de geometria antes de preparar SAR"
SAR_0441,GEO_0441,TGT_0441,RP_0441,DEC_0441,S17C_W_S16AWIN_00056,not_available,recife,not_available,not_available,2016-04-29,exact_day,2016-03-30,2016-04-28,2016-04-29,2016-05-06,usable,not_available,requer_footprint_tecnico_futuro,bloqueado_por_geometria_insuficiente,not_available,not_available,not_available,not_available,requer_geometria_antes_do_sar,40,canario_sar_prioridade_baixa,not_selected,false,"poligono candidato SAR pos-evento (referencia de avaliacao futura, nunca feature pre-evento)","QA humano do canario (aceite review-only, sem treino)",true,false,false,false,false,"datado, mas sem patch/AOI minima; precisa de geometria antes de preparar SAR"
SAR_0442,GEO_0442,TGT_0442,RP_0442,DEC_0442,S17C_W_S16AWIN_00057,not_available,recife,not_available,not_available,2016-05-06,exact_day,2016-04-06,2016-05-05,2016-05-06,2016-05-13,usable,not_available,requer_footprint_tecnico_futuro,bloqueado_por_geometria_insuficiente,not_available,not_available,not_available,not_available,requer_geometria_antes_do_sar,40,canario_sar_prioridade_baixa,not_selected,false,"poligono candidato SAR pos-evento (referencia de avaliacao futura, nunca feature pre-evento)","QA humano do canario (aceite review-only, sem treino)",true,false,false,false,false,"datado, mas sem patch/AOI minima; precisa de geometria antes de preparar SAR"
SAR_0443,GEO_0443,TGT_0443,RP_0443,DEC_0443,S17C_W_S16AWIN_00058,not_available,recife,not_available,not_available,2016-05-09,exact_day,2016-04-09,2016-05-08,2016-05-09,2016-05-16,usable,not_available,requer_footprint_tecnico_futuro,bloqueado_por_geometria_insuficiente,not_available,not_available,not_available,not_available,requer_geometria_antes_do_sar,40,canario_sar_prioridade_baixa,not_selected,false,"poligono candidato SAR pos-evento (referencia de avaliacao futura, nunca feature pre-evento)","QA humano do canario (aceite review-only, sem treino)",true,false,false,false,false,"datado, mas sem patch/AOI minima; precisa de geometria antes de preparar SAR"
SAR_0444,GEO_0444,TGT_0444,RP_0444,DEC_0444,S17C_W_S16AWIN_00059,not_available,recife,not_available,not_available,2016-05-10,exact_day,2016-04-10,2016-05-09,2016-05-10,2016-05-17,usable,not_available,requer_footprint_tecnico_futuro,bloqueado_por_geometria_insuficiente,not_available,not_available,not_available,not_available,requer_geometria_antes_do_sar,40,canario_sar_prioridade_baixa,not_selected,false,"poligono candidato SAR pos-evento (referencia de avaliacao futura, nunca feature pre-evento)","QA humano do canario (aceite review-only, sem treino)",true,false,false,false,false,"datado, mas sem patch/AOI minima; precisa de geometria antes de preparar SAR"
SAR_0445,GEO_0445,TGT_0445,RP_0445,DEC_0445,S17C_W_S16AWIN_00060,not_available,recife,not_available,not_available,2016-05-24,exact_day,2016-04-24,2016-05-23,2016-05-24,2016-05-31,usable,not_available,requer_footprint_tecnico_futuro,bloqueado_por_geometria_insuficiente,not_available,not_available,not_available,not_available,requer_geometria_antes_do_sar,40,canario_sar_prioridade_baixa,not_selected,false,"poligono candidato SAR pos-evento (referencia de avaliacao futura, nunca feature pre-evento)","QA humano do canario (aceite review-only, sem treino)",true,false,false,false,false,"datado, mas sem patch/AOI minima; precisa de geometria antes de preparar SAR"
SAR_0446,GEO_0446,TGT_0446,RP_0446,DEC_0446,S17C_W_S16AWIN_00061,not_available,recife,not_available,not_available,2016-05-30,exact_day,2016-04-30,2016-05-29,2016-05-30,2016-06-06,usable,not_available,requer_footprint_tecnico_futuro,bloqueado_por_geometria_insuficiente,not_available,not_available,not_available,not_available,requer_geometria_antes_do_sar,40,canario_sar_prioridade_baixa,not_selected,false,"poligono candidato SAR pos-evento (referencia de avaliacao futura, nunca feature pre-evento)","QA humano do canario (aceite review-only, sem treino)",true,false,false,false,false,"datado, mas sem patch/AOI minima; precisa de geometria antes de preparar SAR"
SAR_0447,GEO_0447,TGT_0447,RP_0447,DEC_0447,S17C_W_S16AWIN_00062,not_available,recife,not_available,not_available,2016-06-03,exact_day,2016-05-04,2016-06-02,2016-06-03,2016-06-10,usable,not_available,requer_footprint_tecnico_futuro,bloqueado_por_geometria_insuficiente,not_available,not_available,not_available,not_available,requer_geometria_antes_do_sar,40,canario_sar_prioridade_baixa,not_selected,false,"poligono candidato SAR pos-evento (referencia de avaliacao futura, nunca feature pre-evento)","QA humano do canario (aceite review-only, sem treino)",true,false,false,false,false,"datado, mas sem patch/AOI minima; precisa de geometria antes de preparar SAR"
SAR_0448,GEO_0448,TGT_0448,RP_0448,DEC_0448,S17C_W_S16AWIN_00063,not_available,recife,not_available,not_available,2017-03-21,exact_day,2017-02-19,2017-03-20,2017-03-21,2017-03-28,usable,not_available,requer_footprint_tecnico_futuro,bloqueado_por_geometria_insuficiente,not_available,not_available,not_available,not_available,requer_geometria_antes_do_sar,40,canario_sar_prioridade_baixa,not_selected,false,"poligono candidato SAR pos-evento (referencia de avaliacao futura, nunca feature pre-evento)","QA humano do canario (aceite review-only, sem treino)",true,false,false,false,false,"datado, mas sem patch/AOI minima; precisa de geometria antes de preparar SAR"
SAR_0449,GEO_0449,TGT_0449,RP_0449,DEC_0449,S17C_W_S16AWIN_00064,not_available,recife,not_available,not_available,2017-03-31,exact_day,2017-03-01,2017-03-30,2017-03-31,2017-04-07,usable,not_available,requer_footprint_tecnico_futuro,bloqueado_por_geometria_insuficiente,not_available,not_available,not_available,not_available,requer_geometria_antes_do_sar,40,canario_sar_prioridade_baixa,not_selected,false,"poligono candidato SAR pos-evento (referencia de avaliacao futura, nunca feature pre-evento)","QA humano do canario (aceite review-only, sem treino)",true,false,false,false,false,"datado, mas sem patch/AOI minima; precisa de geometria antes de preparar SAR"
SAR_0450,GEO_0450,TGT_0450,RP_0450,DEC_0450,S17C_W_S16AWIN_00065,not_available,recife,not_available,not_available,2017-04-05,exact_day,2017-03-06,2017-04-04,2017-04-05,2017-04-12,usable,not_available,requer_footprint_tecnico_futuro,bloqueado_por_geometria_insuficiente,not_available,not_available,not_available,not_available,requer_geometria_antes_do_sar,40,canario_sar_prioridade_baixa,not_selected,false,"poligono candidato SAR pos-evento (referencia de avaliacao futura, nunca feature pre-evento)","QA humano do canario (aceite review-only, sem treino)",true,false,false,false,false,"datado, mas sem patch/AOI minima; precisa de geometria antes de preparar SAR"
SAR_0451,GEO_0451,TGT_0451,RP_0451,DEC_0451,S17C_W_S16AWIN_00066,not_available,recife,not_available,not_available,2017-04-11,exact_day,2017-03-12,2017-04-10,2017-04-11,2017-04-18,usable,not_available,requer_footprint_tecnico_futuro,bloqueado_por_geometria_insuficiente,not_available,not_available,not_available,not_available,requer_geometria_antes_do_sar,40,canario_sar_prioridade_baixa,not_selected,false,"poligono candidato SAR pos-evento (referencia de avaliacao futura, nunca feature pre-evento)","QA humano do canario (aceite review-only, sem treino)",true,false,false,false,false,"datado, mas sem patch/AOI minima; precisa de geometria antes de preparar SAR"
SAR_0452,GEO_0452,TGT_0452,RP_0452,DEC_0452,S17C_W_S16AWIN_00067,not_available,recife,not_available,not_available,2017-04-12,exact_day,2017-03-13,2017-04-11,2017-04-12,2017-04-19,usable,not_available,requer_footprint_tecnico_futuro,bloqueado_por_geometria_insuficiente,not_available,not_available,not_available,not_available,requer_geometria_antes_do_sar,40,canario_sar_prioridade_baixa,not_selected,false,"poligono candidato SAR pos-evento (referencia de avaliacao futura, nunca feature pre-evento)","QA humano do canario (aceite review-only, sem treino)",true,false,false,false,false,"datado, mas sem patch/AOI minima; precisa de geometria antes de preparar SAR"
SAR_0453,GEO_0453,TGT_0453,RP_0453,DEC_0453,S17C_W_S16AWIN_00068,not_available,recife,not_available,not_available,2017-04-13,exact_day,2017-03-14,2017-04-12,2017-04-13,2017-04-20,usable,not_available,requer_footprint_tecnico_futuro,bloqueado_por_geometria_insuficiente,not_available,not_available,not_available,not_available,requer_geometria_antes_do_sar,40,canario_sar_prioridade_baixa,not_selected,false,"poligono candidato SAR pos-evento (referencia de avaliacao futura, nunca feature pre-evento)","QA humano do canario (aceite review-only, sem treino)",true,false,false,false,false,"datado, mas sem patch/AOI minima; precisa de geometria antes de preparar SAR"
SAR_0454,GEO_0454,TGT_0454,RP_0454,DEC_0454,S17C_W_S16AWIN_00069,not_available,recife,not_available,not_available,2017-04-19,exact_day,2017-03-20,2017-04-18,2017-04-19,2017-04-26,usable,not_available,requer_footprint_tecnico_futuro,bloqueado_por_geometria_insuficiente,not_available,not_available,not_available,not_available,requer_geometria_antes_do_sar,40,canario_sar_prioridade_baixa,not_selected,false,"poligono candidato SAR pos-evento (referencia de avaliacao futura, nunca feature pre-evento)","QA humano do canario (aceite review-only, sem treino)",true,false,false,false,false,"datado, mas sem patch/AOI minima; precisa de geometria antes de preparar SAR"
SAR_0455,GEO_0455,TGT_0455,RP_0455,DEC_0455,S17C_W_S16AWIN_00070,not_available,recife,not_available,not_available,2017-04-25,exact_day,2017-03-26,2017-04-24,2017-04-25,2017-05-02,usable,not_available,requer_footprint_tecnico_futuro,bloqueado_por_geometria_insuficiente,not_available,not_available,not_available,not_available,requer_geometria_antes_do_sar,40,canario_sar_prioridade_baixa,not_selected,false,"poligono candidato SAR pos-evento (referencia de avaliacao futura, nunca feature pre-evento)","QA humano do canario (aceite review-only, sem treino)",true,false,false,false,false,"datado, mas sem patch/AOI minima; precisa de geometria antes de preparar SAR"
SAR_0456,GEO_0456,TGT_0456,RP_0456,DEC_0456,S17C_W_S16AWIN_00071,not_available,recife,not_available,not_available,2017-05-06,exact_day,2017-04-06,2017-05-05,2017-05-06,2017-05-13,usable,not_available,requer_footprint_tecnico_futuro,bloqueado_por_geometria_insuficiente,not_available,not_available,not_available,not_available,requer_geometria_antes_do_sar,40,canario_sar_prioridade_baixa,not_selected,false,"poligono candidato SAR pos-evento (referencia de avaliacao futura, nunca feature pre-evento)","QA humano do canario (aceite review-only, sem treino)",true,false,false,false,false,"datado, mas sem patch/AOI minima; precisa de geometria antes de preparar SAR"
SAR_0457,GEO_0457,TGT_0457,RP_0457,DEC_0457,S17C_W_S16AWIN_00072,not_available,recife,not_available,not_available,2017-05-08,exact_day,2017-04-08,2017-05-07,2017-05-08,2017-05-15,usable,not_available,requer_footprint_tecnico_futuro,bloqueado_por_geometria_insuficiente,not_available,not_available,not_available,not_available,requer_geometria_antes_do_sar,40,canario_sar_prioridade_baixa,not_selected,false,"poligono candidato SAR pos-evento (referencia de avaliacao futura, nunca feature pre-evento)","QA humano do canario (aceite review-only, sem treino)",true,false,false,false,false,"datado, mas sem patch/AOI minima; precisa de geometria antes de preparar SAR"
SAR_0458,GEO_0458,TGT_0458,RP_0458,DEC_0458,S17C_W_S16AWIN_00073,not_available,recife,not_available,not_available,2017-05-10,exact_day,2017-04-10,2017-05-09,2017-05-10,2017-05-17,usable,not_available,requer_footprint_tecnico_futuro,bloqueado_por_geometria_insuficiente,not_available,not_available,not_available,not_available,requer_geometria_antes_do_sar,40,canario_sar_prioridade_baixa,not_selected,false,"poligono candidato SAR pos-evento (referencia de avaliacao futura, nunca feature pre-evento)","QA humano do canario (aceite review-only, sem treino)",true,false,false,false,false,"datado, mas sem patch/AOI minima; precisa de geometria antes de preparar SAR"
SAR_0459,GEO_0459,TGT_0459,RP_0459,DEC_0459,S17C_W_S16AWIN_00074,not_available,recife,not_available,not_available,2017-05-17,exact_day,2017-04-17,2017-05-16,2017-05-17,2017-05-24,usable,not_available,requer_footprint_tecnico_futuro,bloqueado_por_geometria_insuficiente,not_available,not_available,not_available,not_available,requer_geometria_antes_do_sar,40,canario_sar_prioridade_baixa,not_selected,false,"poligono candidato SAR pos-evento (referencia de avaliacao futura, nunca feature pre-evento)","QA humano do canario (aceite review-only, sem treino)",true,false,false,false,false,"datado, mas sem patch/AOI minima; precisa de geometria antes de preparar SAR"
SAR_0460,GEO_0460,TGT_0460,RP_0460,DEC_0460,S17C_W_S16AWIN_00075,not_available,recife,not_available,not_available,2017-05-24,exact_day,2017-04-24,2017-05-23,2017-05-24,2017-05-31,usable,not_available,requer_footprint_tecnico_futuro,bloqueado_por_geometria_insuficiente,not_available,not_available,not_available,not_available,requer_geometria_antes_do_sar,40,canario_sar_prioridade_baixa,not_selected,false,"poligono candidato SAR pos-evento (referencia de avaliacao futura, nunca feature pre-evento)","QA humano do canario (aceite review-only, sem treino)",true,false,false,false,false,"datado, mas sem patch/AOI minima; precisa de geometria antes de preparar SAR"
SAR_0461,GEO_0461,TGT_0461,RP_0461,DEC_0461,S17C_W_S16AWIN_00076,not_available,recife,not_available,not_available,2017-05-31,exact_day,2017-05-01,2017-05-30,2017-05-31,2017-06-07,usable,not_available,requer_footprint_tecnico_futuro,bloqueado_por_geometria_insuficiente,not_available,not_available,not_available,not_available,requer_geometria_antes_do_sar,40,canario_sar_prioridade_baixa,not_selected,false,"poligono candidato SAR pos-evento (referencia de avaliacao futura, nunca feature pre-evento)","QA humano do canario (aceite review-only, sem treino)",true,false,false,false,false,"datado, mas sem patch/AOI minima; precisa de geometria antes de preparar SAR"
SAR_0462,GEO_0462,TGT_0462,RP_0462,DEC_0462,S17C_W_S16AWIN_00077,not_available,recife,not_available,not_available,2017-06-07,exact_day,2017-05-08,2017-06-06,2017-06-07,2017-06-14,usable,not_available,requer_footprint_tecnico_futuro,bloqueado_por_geometria_insuficiente,not_available,not_available,not_available,not_available,requer_geometria_antes_do_sar,40,canario_sar_prioridade_baixa,not_selected,false,"poligono candidato SAR pos-evento (referencia de avaliacao futura, nunca feature pre-evento)","QA humano do canario (aceite review-only, sem treino)",true,false,false,false,false,"datado, mas sem patch/AOI minima; precisa de geometria antes de preparar SAR"
SAR_0463,GEO_0463,TGT_0463,RP_0463,DEC_0463,S17C_W_S16AWIN_00078,not_available,recife,not_available,not_available,2017-06-14,exact_day,2017-05-15,2017-06-13,2017-06-14,2017-06-21,usable,not_available,requer_footprint_tecnico_futuro,bloqueado_por_geometria_insuficiente,not_available,not_available,not_available,not_available,requer_geometria_antes_do_sar,40,canario_sar_prioridade_baixa,not_selected,false,"poligono candidato SAR pos-evento (referencia de avaliacao futura, nunca feature pre-evento)","QA humano do canario (aceite review-only, sem treino)",true,false,false,false,false,"datado, mas sem patch/AOI minima; precisa de geometria antes de preparar SAR"
SAR_0464,GEO_0464,TGT_0464,RP_0464,DEC_0464,S17C_W_S16AWIN_00079,not_available,recife,not_available,not_available,2017-06-15,exact_day,2017-05-16,2017-06-14,2017-06-15,2017-06-22,usable,not_available,requer_footprint_tecnico_futuro,bloqueado_por_geometria_insuficiente,not_available,not_available,not_available,not_available,requer_geometria_antes_do_sar,40,canario_sar_prioridade_baixa,not_selected,false,"poligono candidato SAR pos-evento (referencia de avaliacao futura, nunca feature pre-evento)","QA humano do canario (aceite review-only, sem treino)",true,false,false,false,false,"datado, mas sem patch/AOI minima; precisa de geometria antes de preparar SAR"
SAR_0465,GEO_0465,TGT_0465,RP_0465,DEC_0465,S17C_W_S16AWIN_00080,not_available,recife,not_available,not_available,2017-06-21,exact_day,2017-05-22,2017-06-20,2017-06-21,2017-06-28,usable,not_available,requer_footprint_tecnico_futuro,bloqueado_por_geometria_insuficiente,not_available,not_available,not_available,not_available,requer_geometria_antes_do_sar,40,canario_sar_prioridade_baixa,not_selected,false,"poligono candidato SAR pos-evento (referencia de avaliacao futura, nunca feature pre-evento)","QA humano do canario (aceite review-only, sem treino)",true,false,false,false,false,"datado, mas sem patch/AOI minima; precisa de geometria antes de preparar SAR"
SAR_0466,GEO_0466,TGT_0466,RP_0466,DEC_0466,S17C_W_S16AWIN_00081,not_available,recife,not_available,not_available,2017-07-11,exact_day,2017-06-11,2017-07-10,2017-07-11,2017-07-18,usable,not_available,requer_footprint_tecnico_futuro,bloqueado_por_geometria_insuficiente,not_available,not_available,not_available,not_available,requer_geometria_antes_do_sar,40,canario_sar_prioridade_baixa,not_selected,false,"poligono candidato SAR pos-evento (referencia de avaliacao futura, nunca feature pre-evento)","QA humano do canario (aceite review-only, sem treino)",true,false,false,false,false,"datado, mas sem patch/AOI minima; precisa de geometria antes de preparar SAR"
SAR_0467,GEO_0467,TGT_0467,RP_0467,DEC_0467,S17C_W_S16AWIN_00082,not_available,recife,not_available,not_available,2017-07-13,exact_day,2017-06-13,2017-07-12,2017-07-13,2017-07-20,usable,not_available,requer_footprint_tecnico_futuro,bloqueado_por_geometria_insuficiente,not_available,not_available,not_available,not_available,requer_geometria_antes_do_sar,40,canario_sar_prioridade_baixa,not_selected,false,"poligono candidato SAR pos-evento (referencia de avaliacao futura, nunca feature pre-evento)","QA humano do canario (aceite review-only, sem treino)",true,false,false,false,false,"datado, mas sem patch/AOI minima; precisa de geometria antes de preparar SAR"
SAR_0468,GEO_0468,TGT_0468,RP_0468,DEC_0468,S17C_W_S16AWIN_00083,not_available,recife,not_available,not_available,2017-07-14,exact_day,2017-06-14,2017-07-13,2017-07-14,2017-07-21,usable,not_available,requer_footprint_tecnico_futuro,bloqueado_por_geometria_insuficiente,not_available,not_available,not_available,not_available,requer_geometria_antes_do_sar,40,canario_sar_prioridade_baixa,not_selected,false,"poligono candidato SAR pos-evento (referencia de avaliacao futura, nunca feature pre-evento)","QA humano do canario (aceite review-only, sem treino)",true,false,false,false,false,"datado, mas sem patch/AOI minima; precisa de geometria antes de preparar SAR"
SAR_0469,GEO_0469,TGT_0469,RP_0469,DEC_0469,S17C_W_S16AWIN_00084,not_available,recife,not_available,not_available,2018-01-02,exact_day,2017-12-03,2018-01-01,2018-01-02,2018-01-09,usable,not_available,requer_footprint_tecnico_futuro,bloqueado_por_geometria_insuficiente,not_available,not_available,not_available,not_available,requer_geometria_antes_do_sar,40,canario_sar_prioridade_baixa,not_selected,false,"poligono candidato SAR pos-evento (referencia de avaliacao futura, nunca feature pre-evento)","QA humano do canario (aceite review-only, sem treino)",true,false,false,false,false,"datado, mas sem patch/AOI minima; precisa de geometria antes de preparar SAR"
SAR_0470,GEO_0470,TGT_0470,RP_0470,DEC_0470,S17C_W_S16AWIN_00085,not_available,recife,not_available,not_available,2018-01-03,exact_day,2017-12-04,2018-01-02,2018-01-03,2018-01-10,usable,not_available,requer_footprint_tecnico_futuro,bloqueado_por_geometria_insuficiente,not_available,not_available,not_available,not_available,requer_geometria_antes_do_sar,40,canario_sar_prioridade_baixa,not_selected,false,"poligono candidato SAR pos-evento (referencia de avaliacao futura, nunca feature pre-evento)","QA humano do canario (aceite review-only, sem treino)",true,false,false,false,false,"datado, mas sem patch/AOI minima; precisa de geometria antes de preparar SAR"
SAR_0471,GEO_0471,TGT_0471,RP_0471,DEC_0471,S17C_W_S16AWIN_00086,not_available,recife,not_available,not_available,2018-01-04,exact_day,2017-12-05,2018-01-03,2018-01-04,2018-01-11,usable,not_available,requer_footprint_tecnico_futuro,bloqueado_por_geometria_insuficiente,not_available,not_available,not_available,not_available,requer_geometria_antes_do_sar,40,canario_sar_prioridade_baixa,not_selected,false,"poligono candidato SAR pos-evento (referencia de avaliacao futura, nunca feature pre-evento)","QA humano do canario (aceite review-only, sem treino)",true,false,false,false,false,"datado, mas sem patch/AOI minima; precisa de geometria antes de preparar SAR"
SAR_0472,GEO_0472,TGT_0472,RP_0472,DEC_0472,S17C_W_S16AWIN_00087,not_available,recife,not_available,not_available,2018-01-10,exact_day,2017-12-11,2018-01-09,2018-01-10,2018-01-17,usable,not_available,requer_footprint_tecnico_futuro,bloqueado_por_geometria_insuficiente,not_available,not_available,not_available,not_available,requer_geometria_antes_do_sar,40,canario_sar_prioridade_baixa,not_selected,false,"poligono candidato SAR pos-evento (referencia de avaliacao futura, nunca feature pre-evento)","QA humano do canario (aceite review-only, sem treino)",true,false,false,false,false,"datado, mas sem patch/AOI minima; precisa de geometria antes de preparar SAR"
SAR_0473,GEO_0473,TGT_0473,RP_0473,DEC_0473,S17C_W_S16AWIN_00088,not_available,recife,not_available,not_available,2018-01-11,exact_day,2017-12-12,2018-01-10,2018-01-11,2018-01-18,usable,not_available,requer_footprint_tecnico_futuro,bloqueado_por_geometria_insuficiente,not_available,not_available,not_available,not_available,requer_geometria_antes_do_sar,40,canario_sar_prioridade_baixa,not_selected,false,"poligono candidato SAR pos-evento (referencia de avaliacao futura, nunca feature pre-evento)","QA humano do canario (aceite review-only, sem treino)",true,false,false,false,false,"datado, mas sem patch/AOI minima; precisa de geometria antes de preparar SAR"
SAR_0474,GEO_0474,TGT_0474,RP_0474,DEC_0474,S17C_W_S16AWIN_00089,not_available,recife,not_available,not_available,2018-01-12,exact_day,2017-12-13,2018-01-11,2018-01-12,2018-01-19,usable,not_available,requer_footprint_tecnico_futuro,bloqueado_por_geometria_insuficiente,not_available,not_available,not_available,not_available,requer_geometria_antes_do_sar,40,canario_sar_prioridade_baixa,not_selected,false,"poligono candidato SAR pos-evento (referencia de avaliacao futura, nunca feature pre-evento)","QA humano do canario (aceite review-only, sem treino)",true,false,false,false,false,"datado, mas sem patch/AOI minima; precisa de geometria antes de preparar SAR"
SAR_0475,GEO_0475,TGT_0475,RP_0475,DEC_0475,S17C_W_S16AWIN_00090,not_available,recife,not_available,not_available,2018-01-15,exact_day,2017-12-16,2018-01-14,2018-01-15,2018-01-22,usable,not_available,requer_footprint_tecnico_futuro,bloqueado_por_geometria_insuficiente,not_available,not_available,not_available,not_available,requer_geometria_antes_do_sar,40,canario_sar_prioridade_baixa,not_selected,false,"poligono candidato SAR pos-evento (referencia de avaliacao futura, nunca feature pre-evento)","QA humano do canario (aceite review-only, sem treino)",true,false,false,false,false,"datado, mas sem patch/AOI minima; precisa de geometria antes de preparar SAR"
SAR_0476,GEO_0476,TGT_0476,RP_0476,DEC_0476,S17C_W_S16AWIN_00091,not_available,recife,not_available,not_available,2018-01-16,exact_day,2017-12-17,2018-01-15,2018-01-16,2018-01-23,usable,not_available,requer_footprint_tecnico_futuro,bloqueado_por_geometria_insuficiente,not_available,not_available,not_available,not_available,requer_geometria_antes_do_sar,40,canario_sar_prioridade_baixa,not_selected,false,"poligono candidato SAR pos-evento (referencia de avaliacao futura, nunca feature pre-evento)","QA humano do canario (aceite review-only, sem treino)",true,false,false,false,false,"datado, mas sem patch/AOI minima; precisa de geometria antes de preparar SAR"
SAR_0477,GEO_0477,TGT_0477,RP_0477,DEC_0477,S17C_W_S16AWIN_00092,not_available,recife,not_available,not_available,2018-01-17,exact_day,2017-12-18,2018-01-16,2018-01-17,2018-01-24,usable,not_available,requer_footprint_tecnico_futuro,bloqueado_por_geometria_insuficiente,not_available,not_available,not_available,not_available,requer_geometria_antes_do_sar,40,canario_sar_prioridade_baixa,not_selected,false,"poligono candidato SAR pos-evento (referencia de avaliacao futura, nunca feature pre-evento)","QA humano do canario (aceite review-only, sem treino)",true,false,false,false,false,"datado, mas sem patch/AOI minima; precisa de geometria antes de preparar SAR"
SAR_0478,GEO_0478,TGT_0478,RP_0478,DEC_0478,S17C_W_S16AWIN_00093,not_available,recife,not_available,not_available,2018-01-18,exact_day,2017-12-19,2018-01-17,2018-01-18,2018-01-25,usable,not_available,requer_footprint_tecnico_futuro,bloqueado_por_geometria_insuficiente,not_available,not_available,not_available,not_available,requer_geometria_antes_do_sar,40,canario_sar_prioridade_baixa,not_selected,false,"poligono candidato SAR pos-evento (referencia de avaliacao futura, nunca feature pre-evento)","QA humano do canario (aceite review-only, sem treino)",true,false,false,false,false,"datado, mas sem patch/AOI minima; precisa de geometria antes de preparar SAR"
SAR_0479,GEO_0479,TGT_0479,RP_0479,DEC_0479,S17C_W_S16AWIN_00094,not_available,recife,not_available,not_available,2018-01-19,exact_day,2017-12-20,2018-01-18,2018-01-19,2018-01-26,usable,not_available,requer_footprint_tecnico_futuro,bloqueado_por_geometria_insuficiente,not_available,not_available,not_available,not_available,requer_geometria_antes_do_sar,40,canario_sar_prioridade_baixa,not_selected,false,"poligono candidato SAR pos-evento (referencia de avaliacao futura, nunca feature pre-evento)","QA humano do canario (aceite review-only, sem treino)",true,false,false,false,false,"datado, mas sem patch/AOI minima; precisa de geometria antes de preparar SAR"
SAR_0480,GEO_0480,TGT_0480,RP_0480,DEC_0480,S17C_W_S16AWIN_00095,not_available,recife,not_available,not_available,2018-01-22,exact_day,2017-12-23,2018-01-21,2018-01-22,2018-01-29,usable,not_available,requer_footprint_tecnico_futuro,bloqueado_por_geometria_insuficiente,not_available,not_available,not_available,not_available,requer_geometria_antes_do_sar,40,canario_sar_prioridade_baixa,not_selected,false,"poligono candidato SAR pos-evento (referencia de avaliacao futura, nunca feature pre-evento)","QA humano do canario (aceite review-only, sem treino)",true,false,false,false,false,"datado, mas sem patch/AOI minima; precisa de geometria antes de preparar SAR"
SAR_0481,GEO_0481,TGT_0481,RP_0481,DEC_0481,S17C_W_S16AWIN_00096,not_available,recife,not_available,not_available,2018-01-24,exact_day,2017-12-25,2018-01-23,2018-01-24,2018-01-31,usable,not_available,requer_footprint_tecnico_futuro,bloqueado_por_geometria_insuficiente,not_available,not_available,not_available,not_available,requer_geometria_antes_do_sar,40,canario_sar_prioridade_baixa,not_selected,false,"poligono candidato SAR pos-evento (referencia de avaliacao futura, nunca feature pre-evento)","QA humano do canario (aceite review-only, sem treino)",true,false,false,false,false,"datado, mas sem patch/AOI minima; precisa de geometria antes de preparar SAR"
SAR_0482,GEO_0482,TGT_0482,RP_0482,DEC_0482,S17C_W_S16AWIN_00097,not_available,recife,not_available,not_available,2018-01-25,exact_day,2017-12-26,2018-01-24,2018-01-25,2018-02-01,usable,not_available,requer_footprint_tecnico_futuro,bloqueado_por_geometria_insuficiente,not_available,not_available,not_available,not_available,requer_geometria_antes_do_sar,40,canario_sar_prioridade_baixa,not_selected,false,"poligono candidato SAR pos-evento (referencia de avaliacao futura, nunca feature pre-evento)","QA humano do canario (aceite review-only, sem treino)",true,false,false,false,false,"datado, mas sem patch/AOI minima; precisa de geometria antes de preparar SAR"
SAR_0483,GEO_0483,TGT_0483,RP_0483,DEC_0483,S17C_W_S16AWIN_00098,not_available,recife,not_available,not_available,2018-01-26,exact_day,2017-12-27,2018-01-25,2018-01-26,2018-02-02,usable,not_available,requer_footprint_tecnico_futuro,bloqueado_por_geometria_insuficiente,not_available,not_available,not_available,not_available,requer_geometria_antes_do_sar,40,canario_sar_prioridade_baixa,not_selected,false,"poligono candidato SAR pos-evento (referencia de avaliacao futura, nunca feature pre-evento)","QA humano do canario (aceite review-only, sem treino)",true,false,false,false,false,"datado, mas sem patch/AOI minima; precisa de geometria antes de preparar SAR"
SAR_0484,GEO_0484,TGT_0484,RP_0484,DEC_0484,S17C_W_S16AWIN_00099,not_available,recife,not_available,not_available,2018-01-30,exact_day,2017-12-31,2018-01-29,2018-01-30,2018-02-06,usable,not_available,requer_footprint_tecnico_futuro,bloqueado_por_geometria_insuficiente,not_available,not_available,not_available,not_available,requer_geometria_antes_do_sar,40,canario_sar_prioridade_baixa,not_selected,false,"poligono candidato SAR pos-evento (referencia de avaliacao futura, nunca feature pre-evento)","QA humano do canario (aceite review-only, sem treino)",true,false,false,false,false,"datado, mas sem patch/AOI minima; precisa de geometria antes de preparar SAR"
SAR_0485,GEO_0485,TGT_0485,RP_0485,DEC_0485,S17C_W_S16AWIN_00100,not_available,recife,not_available,not_available,2018-02-01,exact_day,2018-01-02,2018-01-31,2018-02-01,2018-02-08,usable,not_available,requer_footprint_tecnico_futuro,bloqueado_por_geometria_insuficiente,not_available,not_available,not_available,not_available,requer_geometria_antes_do_sar,40,canario_sar_prioridade_baixa,not_selected,false,"poligono candidato SAR pos-evento (referencia de avaliacao futura, nunca feature pre-evento)","QA humano do canario (aceite review-only, sem treino)",true,false,false,false,false,"datado, mas sem patch/AOI minima; precisa de geometria antes de preparar SAR"
SAR_0486,GEO_0486,TGT_0486,RP_0486,DEC_0486,S17C_W_S16AWIN_00101,not_available,recife,not_available,not_available,2018-02-02,exact_day,2018-01-03,2018-02-01,2018-02-02,2018-02-09,usable,not_available,requer_footprint_tecnico_futuro,bloqueado_por_geometria_insuficiente,not_available,not_available,not_available,not_available,requer_geometria_antes_do_sar,40,canario_sar_prioridade_baixa,not_selected,false,"poligono candidato SAR pos-evento (referencia de avaliacao futura, nunca feature pre-evento)","QA humano do canario (aceite review-only, sem treino)",true,false,false,false,false,"datado, mas sem patch/AOI minima; precisa de geometria antes de preparar SAR"
SAR_0487,GEO_0487,TGT_0487,RP_0487,DEC_0487,S17C_W_S16AWIN_00102,not_available,recife,not_available,not_available,2018-02-05,exact_day,2018-01-06,2018-02-04,2018-02-05,2018-02-12,usable,not_available,requer_footprint_tecnico_futuro,bloqueado_por_geometria_insuficiente,not_available,not_available,not_available,not_available,requer_geometria_antes_do_sar,40,canario_sar_prioridade_baixa,not_selected,false,"poligono candidato SAR pos-evento (referencia de avaliacao futura, nunca feature pre-evento)","QA humano do canario (aceite review-only, sem treino)",true,false,false,false,false,"datado, mas sem patch/AOI minima; precisa de geometria antes de preparar SAR"
SAR_0488,GEO_0488,TGT_0488,RP_0488,DEC_0488,S17C_W_S16AWIN_00103,not_available,recife,not_available,not_available,2018-02-06,exact_day,2018-01-07,2018-02-05,2018-02-06,2018-02-13,usable,not_available,requer_footprint_tecnico_futuro,bloqueado_por_geometria_insuficiente,not_available,not_available,not_available,not_available,requer_geometria_antes_do_sar,40,canario_sar_prioridade_baixa,not_selected,false,"poligono candidato SAR pos-evento (referencia de avaliacao futura, nunca feature pre-evento)","QA humano do canario (aceite review-only, sem treino)",true,false,false,false,false,"datado, mas sem patch/AOI minima; precisa de geometria antes de preparar SAR"
SAR_0489,GEO_0489,TGT_0489,RP_0489,DEC_0489,S17C_W_S16AWIN_00104,not_available,recife,not_available,not_available,2018-02-07,exact_day,2018-01-08,2018-02-06,2018-02-07,2018-02-14,usable,not_available,requer_footprint_tecnico_futuro,bloqueado_por_geometria_insuficiente,not_available,not_available,not_available,not_available,requer_geometria_antes_do_sar,40,canario_sar_prioridade_baixa,not_selected,false,"poligono candidato SAR pos-evento (referencia de avaliacao futura, nunca feature pre-evento)","QA humano do canario (aceite review-only, sem treino)",true,false,false,false,false,"datado, mas sem patch/AOI minima; precisa de geometria antes de preparar SAR"
SAR_0490,GEO_0490,TGT_0490,RP_0490,DEC_0490,S17C_W_S16AWIN_00105,not_available,recife,not_available,not_available,2018-02-09,exact_day,2018-01-10,2018-02-08,2018-02-09,2018-02-16,usable,not_available,requer_footprint_tecnico_futuro,bloqueado_por_geometria_insuficiente,not_available,not_available,not_available,not_available,requer_geometria_antes_do_sar,40,canario_sar_prioridade_baixa,not_selected,false,"poligono candidato SAR pos-evento (referencia de avaliacao futura, nunca feature pre-evento)","QA humano do canario (aceite review-only, sem treino)",true,false,false,false,false,"datado, mas sem patch/AOI minima; precisa de geometria antes de preparar SAR"
SAR_0491,GEO_0491,TGT_0491,RP_0491,DEC_0491,S17C_W_S16AWIN_00106,not_available,recife,not_available,not_available,2018-02-15,exact_day,2018-01-16,2018-02-14,2018-02-15,2018-02-22,usable,not_available,requer_footprint_tecnico_futuro,bloqueado_por_geometria_insuficiente,not_available,not_available,not_available,not_available,requer_geometria_antes_do_sar,40,canario_sar_prioridade_baixa,not_selected,false,"poligono candidato SAR pos-evento (referencia de avaliacao futura, nunca feature pre-evento)","QA humano do canario (aceite review-only, sem treino)",true,false,false,false,false,"datado, mas sem patch/AOI minima; precisa de geometria antes de preparar SAR"
SAR_0492,GEO_0492,TGT_0492,RP_0492,DEC_0492,S17C_W_S16AWIN_00107,not_available,recife,not_available,not_available,2018-02-16,exact_day,2018-01-17,2018-02-15,2018-02-16,2018-02-23,usable,not_available,requer_footprint_tecnico_futuro,bloqueado_por_geometria_insuficiente,not_available,not_available,not_available,not_available,requer_geometria_antes_do_sar,40,canario_sar_prioridade_baixa,not_selected,false,"poligono candidato SAR pos-evento (referencia de avaliacao futura, nunca feature pre-evento)","QA humano do canario (aceite review-only, sem treino)",true,false,false,false,false,"datado, mas sem patch/AOI minima; precisa de geometria antes de preparar SAR"
SAR_0493,GEO_0493,TGT_0493,RP_0493,DEC_0493,S17C_W_S16AWIN_00108,not_available,recife,not_available,not_available,2018-02-19,exact_day,2018-01-20,2018-02-18,2018-02-19,2018-02-26,usable,not_available,requer_footprint_tecnico_futuro,bloqueado_por_geometria_insuficiente,not_available,not_available,not_available,not_available,requer_geometria_antes_do_sar,40,canario_sar_prioridade_baixa,not_selected,false,"poligono candidato SAR pos-evento (referencia de avaliacao futura, nunca feature pre-evento)","QA humano do canario (aceite review-only, sem treino)",true,false,false,false,false,"datado, mas sem patch/AOI minima; precisa de geometria antes de preparar SAR"
SAR_0494,GEO_0494,TGT_0494,RP_0494,DEC_0494,S17C_W_S16AWIN_00109,not_available,recife,not_available,not_available,2018-02-20,exact_day,2018-01-21,2018-02-19,2018-02-20,2018-02-27,usable,not_available,requer_footprint_tecnico_futuro,bloqueado_por_geometria_insuficiente,not_available,not_available,not_available,not_available,requer_geometria_antes_do_sar,40,canario_sar_prioridade_baixa,not_selected,false,"poligono candidato SAR pos-evento (referencia de avaliacao futura, nunca feature pre-evento)","QA humano do canario (aceite review-only, sem treino)",true,false,false,false,false,"datado, mas sem patch/AOI minima; precisa de geometria antes de preparar SAR"
SAR_0495,GEO_0495,TGT_0495,RP_0495,DEC_0495,S17C_W_S16AWIN_00110,not_available,recife,not_available,not_available,2018-02-21,exact_day,2018-01-22,2018-02-20,2018-02-21,2018-02-28,usable,not_available,requer_footprint_tecnico_futuro,bloqueado_por_geometria_insuficiente,not_available,not_available,not_available,not_available,requer_geometria_antes_do_sar,40,canario_sar_prioridade_baixa,not_selected,false,"poligono candidato SAR pos-evento (referencia de avaliacao futura, nunca feature pre-evento)","QA humano do canario (aceite review-only, sem treino)",true,false,false,false,false,"datado, mas sem patch/AOI minima; precisa de geometria antes de preparar SAR"
SAR_0496,GEO_0496,TGT_0496,RP_0496,DEC_0496,S17C_W_S16AWIN_00111,not_available,recife,not_available,not_available,2018-02-28,exact_day,2018-01-29,2018-02-27,2018-02-28,2018-03-07,usable,not_available,requer_footprint_tecnico_futuro,bloqueado_por_geometria_insuficiente,not_available,not_available,not_available,not_available,requer_geometria_antes_do_sar,40,canario_sar_prioridade_baixa,not_selected,false,"poligono candidato SAR pos-evento (referencia de avaliacao futura, nunca feature pre-evento)","QA humano do canario (aceite review-only, sem treino)",true,false,false,false,false,"datado, mas sem patch/AOI minima; precisa de geometria antes de preparar SAR"
SAR_0497,GEO_0497,TGT_0497,RP_0497,DEC_0497,S17C_W_S16AWIN_00112,not_available,recife,not_available,not_available,2018-03-01,exact_day,2018-01-30,2018-02-28,2018-03-01,2018-03-08,usable,not_available,requer_footprint_tecnico_futuro,bloqueado_por_geometria_insuficiente,not_available,not_available,not_available,not_available,requer_geometria_antes_do_sar,40,canario_sar_prioridade_baixa,not_selected,false,"poligono candidato SAR pos-evento (referencia de avaliacao futura, nunca feature pre-evento)","QA humano do canario (aceite review-only, sem treino)",true,false,false,false,false,"datado, mas sem patch/AOI minima; precisa de geometria antes de preparar SAR"
SAR_0498,GEO_0498,TGT_0498,RP_0498,DEC_0498,S17C_W_S16AWIN_00113,not_available,recife,not_available,not_available,2018-03-07,exact_day,2018-02-05,2018-03-06,2018-03-07,2018-03-14,usable,not_available,requer_footprint_tecnico_futuro,bloqueado_por_geometria_insuficiente,not_available,not_available,not_available,not_available,requer_geometria_antes_do_sar,40,canario_sar_prioridade_baixa,not_selected,false,"poligono candidato SAR pos-evento (referencia de avaliacao futura, nunca feature pre-evento)","QA humano do canario (aceite review-only, sem treino)",true,false,false,false,false,"datado, mas sem patch/AOI minima; precisa de geometria antes de preparar SAR"
SAR_0499,GEO_0499,TGT_0499,RP_0499,DEC_0499,S17C_W_S16AWIN_00114,not_available,recife,not_available,not_available,2018-03-21,exact_day,2018-02-19,2018-03-20,2018-03-21,2018-03-28,usable,not_available,requer_footprint_tecnico_futuro,bloqueado_por_geometria_insuficiente,not_available,not_available,not_available,not_available,requer_geometria_antes_do_sar,40,canario_sar_prioridade_baixa,not_selected,false,"poligono candidato SAR pos-evento (referencia de avaliacao futura, nunca feature pre-evento)","QA humano do canario (aceite review-only, sem treino)",true,false,false,false,false,"datado, mas sem patch/AOI minima; precisa de geometria antes de preparar SAR"
SAR_0500,GEO_0500,TGT_0500,RP_0500,DEC_0500,S17C_W_S16AWIN_00115,not_available,recife,not_available,not_available,2018-04-11,exact_day,2018-03-12,2018-04-10,2018-04-11,2018-04-18,usable,not_available,requer_footprint_tecnico_futuro,bloqueado_por_geometria_insuficiente,not_available,not_available,not_available,not_available,requer_geometria_antes_do_sar,40,canario_sar_prioridade_baixa,not_selected,false,"poligono candidato SAR pos-evento (referencia de avaliacao futura, nunca feature pre-evento)","QA humano do canario (aceite review-only, sem treino)",true,false,false,false,false,"datado, mas sem patch/AOI minima; precisa de geometria antes de preparar SAR"
SAR_0501,GEO_0501,TGT_0501,RP_0501,DEC_0501,S17C_W_S16AWIN_00116,not_available,recife,not_available,not_available,2018-04-19,exact_day,2018-03-20,2018-04-18,2018-04-19,2018-04-26,usable,not_available,requer_footprint_tecnico_futuro,bloqueado_por_geometria_insuficiente,not_available,not_available,not_available,not_available,requer_geometria_antes_do_sar,40,canario_sar_prioridade_baixa,not_selected,false,"poligono candidato SAR pos-evento (referencia de avaliacao futura, nunca feature pre-evento)","QA humano do canario (aceite review-only, sem treino)",true,false,false,false,false,"datado, mas sem patch/AOI minima; precisa de geometria antes de preparar SAR"
SAR_0502,GEO_0502,TGT_0502,RP_0502,DEC_0502,S17C_W_S16AWIN_00117,not_available,recife,not_available,not_available,2018-04-23,exact_day,2018-03-24,2018-04-22,2018-04-23,2018-04-30,usable,not_available,requer_footprint_tecnico_futuro,bloqueado_por_geometria_insuficiente,not_available,not_available,not_available,not_available,requer_geometria_antes_do_sar,40,canario_sar_prioridade_baixa,not_selected,false,"poligono candidato SAR pos-evento (referencia de avaliacao futura, nunca feature pre-evento)","QA humano do canario (aceite review-only, sem treino)",true,false,false,false,false,"datado, mas sem patch/AOI minima; precisa de geometria antes de preparar SAR"
SAR_0503,GEO_0503,TGT_0503,RP_0503,DEC_0503,S17C_W_S16AWIN_00118,not_available,recife,not_available,not_available,2018-05-02,exact_day,2018-04-02,2018-05-01,2018-05-02,2018-05-09,usable,not_available,requer_footprint_tecnico_futuro,bloqueado_por_geometria_insuficiente,not_available,not_available,not_available,not_available,requer_geometria_antes_do_sar,40,canario_sar_prioridade_baixa,not_selected,false,"poligono candidato SAR pos-evento (referencia de avaliacao futura, nunca feature pre-evento)","QA humano do canario (aceite review-only, sem treino)",true,false,false,false,false,"datado, mas sem patch/AOI minima; precisa de geometria antes de preparar SAR"
SAR_0504,GEO_0504,TGT_0504,RP_0504,DEC_0504,S17C_W_S16AWIN_00119,not_available,recife,not_available,not_available,2019-06-14,exact_day,2019-05-15,2019-06-13,2019-06-14,2019-06-21,usable,not_available,requer_footprint_tecnico_futuro,bloqueado_por_geometria_insuficiente,not_available,not_available,not_available,not_available,requer_geometria_antes_do_sar,40,canario_sar_prioridade_baixa,not_selected,false,"poligono candidato SAR pos-evento (referencia de avaliacao futura, nunca feature pre-evento)","QA humano do canario (aceite review-only, sem treino)",true,false,false,false,false,"datado, mas sem patch/AOI minima; precisa de geometria antes de preparar SAR"
SAR_0505,GEO_0505,TGT_0505,RP_0505,DEC_0505,S17C_W_S16AWIN_00120,not_available,recife,not_available,not_available,2019-06-15,exact_day,2019-05-16,2019-06-14,2019-06-15,2019-06-22,usable,not_available,requer_footprint_tecnico_futuro,bloqueado_por_geometria_insuficiente,not_available,not_available,not_available,not_available,requer_geometria_antes_do_sar,40,canario_sar_prioridade_baixa,not_selected,false,"poligono candidato SAR pos-evento (referencia de avaliacao futura, nunca feature pre-evento)","QA humano do canario (aceite review-only, sem treino)",true,false,false,false,false,"datado, mas sem patch/AOI minima; precisa de geometria antes de preparar SAR"
SAR_0506,GEO_0506,TGT_0506,RP_0506,DEC_0506,S17C_W_S16AWIN_00121,not_available,recife,not_available,not_available,2019-08-27,exact_day,2019-07-28,2019-08-26,2019-08-27,2019-09-03,usable,not_available,requer_footprint_tecnico_futuro,bloqueado_por_geometria_insuficiente,not_available,not_available,not_available,not_available,requer_geometria_antes_do_sar,40,canario_sar_prioridade_baixa,not_selected,false,"poligono candidato SAR pos-evento (referencia de avaliacao futura, nunca feature pre-evento)","QA humano do canario (aceite review-only, sem treino)",true,false,false,false,false,"datado, mas sem patch/AOI minima; precisa de geometria antes de preparar SAR"
SAR_0507,GEO_0507,TGT_0507,RP_0507,DEC_0507,S17C_W_S16AWIN_00122,not_available,recife,not_available,not_available,2019-09-06,exact_day,2019-08-07,2019-09-05,2019-09-06,2019-09-13,usable,not_available,requer_footprint_tecnico_futuro,bloqueado_por_geometria_insuficiente,not_available,not_available,not_available,not_available,requer_geometria_antes_do_sar,40,canario_sar_prioridade_baixa,not_selected,false,"poligono candidato SAR pos-evento (referencia de avaliacao futura, nunca feature pre-evento)","QA humano do canario (aceite review-only, sem treino)",true,false,false,false,false,"datado, mas sem patch/AOI minima; precisa de geometria antes de preparar SAR"
SAR_0508,GEO_0508,TGT_0508,RP_0508,DEC_0508,S17C_W_S16AWIN_00123,not_available,recife,not_available,not_available,2019-09-09,exact_day,2019-08-10,2019-09-08,2019-09-09,2019-09-16,usable,not_available,requer_footprint_tecnico_futuro,bloqueado_por_geometria_insuficiente,not_available,not_available,not_available,not_available,requer_geometria_antes_do_sar,40,canario_sar_prioridade_baixa,not_selected,false,"poligono candidato SAR pos-evento (referencia de avaliacao futura, nunca feature pre-evento)","QA humano do canario (aceite review-only, sem treino)",true,false,false,false,false,"datado, mas sem patch/AOI minima; precisa de geometria antes de preparar SAR"
SAR_0509,GEO_0509,TGT_0509,RP_0509,DEC_0509,S17C_W_S16AWIN_00124,not_available,recife,not_available,not_available,2019-09-10,exact_day,2019-08-11,2019-09-09,2019-09-10,2019-09-17,usable,not_available,requer_footprint_tecnico_futuro,bloqueado_por_geometria_insuficiente,not_available,not_available,not_available,not_available,requer_geometria_antes_do_sar,40,canario_sar_prioridade_baixa,not_selected,false,"poligono candidato SAR pos-evento (referencia de avaliacao futura, nunca feature pre-evento)","QA humano do canario (aceite review-only, sem treino)",true,false,false,false,false,"datado, mas sem patch/AOI minima; precisa de geometria antes de preparar SAR"
SAR_0510,GEO_0510,TGT_0510,RP_0510,DEC_0510,S17C_W_S16AWIN_00125,not_available,recife,not_available,not_available,2019-09-12,exact_day,2019-08-13,2019-09-11,2019-09-12,2019-09-19,usable,not_available,requer_footprint_tecnico_futuro,bloqueado_por_geometria_insuficiente,not_available,not_available,not_available,not_available,requer_geometria_antes_do_sar,40,canario_sar_prioridade_baixa,not_selected,false,"poligono candidato SAR pos-evento (referencia de avaliacao futura, nunca feature pre-evento)","QA humano do canario (aceite review-only, sem treino)",true,false,false,false,false,"datado, mas sem patch/AOI minima; precisa de geometria antes de preparar SAR"
SAR_0511,GEO_0511,TGT_0511,RP_0511,DEC_0511,S17C_W_S16AWIN_00126,not_available,recife,not_available,not_available,2019-09-18,exact_day,2019-08-19,2019-09-17,2019-09-18,2019-09-25,usable,not_available,requer_footprint_tecnico_futuro,bloqueado_por_geometria_insuficiente,not_available,not_available,not_available,not_available,requer_geometria_antes_do_sar,40,canario_sar_prioridade_baixa,not_selected,false,"poligono candidato SAR pos-evento (referencia de avaliacao futura, nunca feature pre-evento)","QA humano do canario (aceite review-only, sem treino)",true,false,false,false,false,"datado, mas sem patch/AOI minima; precisa de geometria antes de preparar SAR"
SAR_0512,GEO_0512,TGT_0512,RP_0512,DEC_0512,S17C_W_S16AWIN_00127,not_available,recife,not_available,not_available,2019-09-19,exact_day,2019-08-20,2019-09-18,2019-09-19,2019-09-26,usable,not_available,requer_footprint_tecnico_futuro,bloqueado_por_geometria_insuficiente,not_available,not_available,not_available,not_available,requer_geometria_antes_do_sar,40,canario_sar_prioridade_baixa,not_selected,false,"poligono candidato SAR pos-evento (referencia de avaliacao futura, nunca feature pre-evento)","QA humano do canario (aceite review-only, sem treino)",true,false,false,false,false,"datado, mas sem patch/AOI minima; precisa de geometria antes de preparar SAR"
SAR_0513,GEO_0513,TGT_0513,RP_0513,DEC_0513,S17C_W_S16AWIN_00128,not_available,recife,not_available,not_available,2019-09-23,exact_day,2019-08-24,2019-09-22,2019-09-23,2019-09-30,usable,not_available,requer_footprint_tecnico_futuro,bloqueado_por_geometria_insuficiente,not_available,not_available,not_available,not_available,requer_geometria_antes_do_sar,40,canario_sar_prioridade_baixa,not_selected,false,"poligono candidato SAR pos-evento (referencia de avaliacao futura, nunca feature pre-evento)","QA humano do canario (aceite review-only, sem treino)",true,false,false,false,false,"datado, mas sem patch/AOI minima; precisa de geometria antes de preparar SAR"
SAR_0514,GEO_0514,TGT_0514,RP_0514,DEC_0514,S17C_W_S16AWIN_00129,not_available,recife,not_available,not_available,2019-09-24,exact_day,2019-08-25,2019-09-23,2019-09-24,2019-10-01,usable,not_available,requer_footprint_tecnico_futuro,bloqueado_por_geometria_insuficiente,not_available,not_available,not_available,not_available,requer_geometria_antes_do_sar,40,canario_sar_prioridade_baixa,not_selected,false,"poligono candidato SAR pos-evento (referencia de avaliacao futura, nunca feature pre-evento)","QA humano do canario (aceite review-only, sem treino)",true,false,false,false,false,"datado, mas sem patch/AOI minima; precisa de geometria antes de preparar SAR"
SAR_0515,GEO_0515,TGT_0515,RP_0515,DEC_0515,S17C_W_S16AWIN_00130,not_available,recife,not_available,not_available,2019-09-25,exact_day,2019-08-26,2019-09-24,2019-09-25,2019-10-02,usable,not_available,requer_footprint_tecnico_futuro,bloqueado_por_geometria_insuficiente,not_available,not_available,not_available,not_available,requer_geometria_antes_do_sar,40,canario_sar_prioridade_baixa,not_selected,false,"poligono candidato SAR pos-evento (referencia de avaliacao futura, nunca feature pre-evento)","QA humano do canario (aceite review-only, sem treino)",true,false,false,false,false,"datado, mas sem patch/AOI minima; precisa de geometria antes de preparar SAR"
SAR_0516,GEO_0516,TGT_0516,RP_0516,DEC_0516,S17C_W_S16AWIN_00131,not_available,recife,not_available,not_available,2019-10-02,exact_day,2019-09-02,2019-10-01,2019-10-02,2019-10-09,usable,not_available,requer_footprint_tecnico_futuro,bloqueado_por_geometria_insuficiente,not_available,not_available,not_available,not_available,requer_geometria_antes_do_sar,40,canario_sar_prioridade_baixa,not_selected,false,"poligono candidato SAR pos-evento (referencia de avaliacao futura, nunca feature pre-evento)","QA humano do canario (aceite review-only, sem treino)",true,false,false,false,false,"datado, mas sem patch/AOI minima; precisa de geometria antes de preparar SAR"
SAR_0517,GEO_0517,TGT_0517,RP_0517,DEC_0517,S17C_W_S16AWIN_00132,not_available,recife,not_available,not_available,2019-10-07,exact_day,2019-09-07,2019-10-06,2019-10-07,2019-10-14,usable,not_available,requer_footprint_tecnico_futuro,bloqueado_por_geometria_insuficiente,not_available,not_available,not_available,not_available,requer_geometria_antes_do_sar,40,canario_sar_prioridade_baixa,not_selected,false,"poligono candidato SAR pos-evento (referencia de avaliacao futura, nunca feature pre-evento)","QA humano do canario (aceite review-only, sem treino)",true,false,false,false,false,"datado, mas sem patch/AOI minima; precisa de geometria antes de preparar SAR"
SAR_0518,GEO_0518,TGT_0518,RP_0518,DEC_0518,S17C_W_S16AWIN_00133,not_available,recife,not_available,not_available,2019-10-08,exact_day,2019-09-08,2019-10-07,2019-10-08,2019-10-15,usable,not_available,requer_footprint_tecnico_futuro,bloqueado_por_geometria_insuficiente,not_available,not_available,not_available,not_available,requer_geometria_antes_do_sar,40,canario_sar_prioridade_baixa,not_selected,false,"poligono candidato SAR pos-evento (referencia de avaliacao futura, nunca feature pre-evento)","QA humano do canario (aceite review-only, sem treino)",true,false,false,false,false,"datado, mas sem patch/AOI minima; precisa de geometria antes de preparar SAR"
SAR_0519,GEO_0519,TGT_0519,RP_0519,DEC_0519,S17C_W_S16AWIN_00134,not_available,recife,not_available,not_available,2019-10-09,exact_day,2019-09-09,2019-10-08,2019-10-09,2019-10-16,usable,not_available,requer_footprint_tecnico_futuro,bloqueado_por_geometria_insuficiente,not_available,not_available,not_available,not_available,requer_geometria_antes_do_sar,40,canario_sar_prioridade_baixa,not_selected,false,"poligono candidato SAR pos-evento (referencia de avaliacao futura, nunca feature pre-evento)","QA humano do canario (aceite review-only, sem treino)",true,false,false,false,false,"datado, mas sem patch/AOI minima; precisa de geometria antes de preparar SAR"
SAR_0520,GEO_0520,TGT_0520,RP_0520,DEC_0520,S17C_W_S16AWIN_00135,not_available,recife,not_available,not_available,2019-10-22,exact_day,2019-09-22,2019-10-21,2019-10-22,2019-10-29,usable,not_available,requer_footprint_tecnico_futuro,bloqueado_por_geometria_insuficiente,not_available,not_available,not_available,not_available,requer_geometria_antes_do_sar,40,canario_sar_prioridade_baixa,not_selected,false,"poligono candidato SAR pos-evento (referencia de avaliacao futura, nunca feature pre-evento)","QA humano do canario (aceite review-only, sem treino)",true,false,false,false,false,"datado, mas sem patch/AOI minima; precisa de geometria antes de preparar SAR"
SAR_0521,GEO_0521,TGT_0521,RP_0521,DEC_0521,S17C_W_S16AWIN_00136,not_available,recife,not_available,not_available,2020-02-07,exact_day,2020-01-08,2020-02-06,2020-02-07,2020-02-14,usable,not_available,requer_footprint_tecnico_futuro,bloqueado_por_geometria_insuficiente,not_available,not_available,not_available,not_available,requer_geometria_antes_do_sar,40,canario_sar_prioridade_baixa,not_selected,false,"poligono candidato SAR pos-evento (referencia de avaliacao futura, nunca feature pre-evento)","QA humano do canario (aceite review-only, sem treino)",true,false,false,false,false,"datado, mas sem patch/AOI minima; precisa de geometria antes de preparar SAR"
SAR_0522,GEO_0522,TGT_0522,RP_0522,DEC_0522,S17C_W_S16AWIN_00137,not_available,recife,not_available,not_available,2020-02-19,exact_day,2020-01-20,2020-02-18,2020-02-19,2020-02-26,usable,not_available,requer_footprint_tecnico_futuro,bloqueado_por_geometria_insuficiente,not_available,not_available,not_available,not_available,requer_geometria_antes_do_sar,40,canario_sar_prioridade_baixa,not_selected,false,"poligono candidato SAR pos-evento (referencia de avaliacao futura, nunca feature pre-evento)","QA humano do canario (aceite review-only, sem treino)",true,false,false,false,false,"datado, mas sem patch/AOI minima; precisa de geometria antes de preparar SAR"
SAR_0523,GEO_0523,TGT_0523,RP_0523,DEC_0523,S17C_W_S16AWIN_00138,not_available,recife,not_available,not_available,2020-03-03,exact_day,2020-02-02,2020-03-02,2020-03-03,2020-03-10,usable,not_available,requer_footprint_tecnico_futuro,bloqueado_por_geometria_insuficiente,not_available,not_available,not_available,not_available,requer_geometria_antes_do_sar,40,canario_sar_prioridade_baixa,not_selected,false,"poligono candidato SAR pos-evento (referencia de avaliacao futura, nunca feature pre-evento)","QA humano do canario (aceite review-only, sem treino)",true,false,false,false,false,"datado, mas sem patch/AOI minima; precisa de geometria antes de preparar SAR"
SAR_0524,GEO_0524,TGT_0524,RP_0524,DEC_0524,S17C_W_S16AWIN_00139,not_available,recife,not_available,not_available,2020-03-09,exact_day,2020-02-08,2020-03-08,2020-03-09,2020-03-16,usable,not_available,requer_footprint_tecnico_futuro,bloqueado_por_geometria_insuficiente,not_available,not_available,not_available,not_available,requer_geometria_antes_do_sar,40,canario_sar_prioridade_baixa,not_selected,false,"poligono candidato SAR pos-evento (referencia de avaliacao futura, nunca feature pre-evento)","QA humano do canario (aceite review-only, sem treino)",true,false,false,false,false,"datado, mas sem patch/AOI minima; precisa de geometria antes de preparar SAR"
SAR_0525,GEO_0525,TGT_0525,RP_0525,DEC_0525,S17C_W_S16AWIN_00140,not_available,recife,not_available,not_available,2020-03-19,exact_day,2020-02-18,2020-03-18,2020-03-19,2020-03-26,usable,not_available,requer_footprint_tecnico_futuro,bloqueado_por_geometria_insuficiente,not_available,not_available,not_available,not_available,requer_geometria_antes_do_sar,40,canario_sar_prioridade_baixa,not_selected,false,"poligono candidato SAR pos-evento (referencia de avaliacao futura, nunca feature pre-evento)","QA humano do canario (aceite review-only, sem treino)",true,false,false,false,false,"datado, mas sem patch/AOI minima; precisa de geometria antes de preparar SAR"
SAR_0526,GEO_0526,TGT_0526,RP_0526,DEC_0526,S17C_W_S16AWIN_00141,not_available,recife,not_available,not_available,2020-05-12,exact_day,2020-04-12,2020-05-11,2020-05-12,2020-05-19,usable,not_available,requer_footprint_tecnico_futuro,bloqueado_por_geometria_insuficiente,not_available,not_available,not_available,not_available,requer_geometria_antes_do_sar,40,canario_sar_prioridade_baixa,not_selected,false,"poligono candidato SAR pos-evento (referencia de avaliacao futura, nunca feature pre-evento)","QA humano do canario (aceite review-only, sem treino)",true,false,false,false,false,"datado, mas sem patch/AOI minima; precisa de geometria antes de preparar SAR"
SAR_0527,GEO_0527,TGT_0527,RP_0527,DEC_0527,S17C_W_S16AWIN_00142,not_available,recife,not_available,not_available,2021-01-19,exact_day,2020-12-20,2021-01-18,2021-01-19,2021-01-26,usable,not_available,requer_footprint_tecnico_futuro,bloqueado_por_geometria_insuficiente,not_available,not_available,not_available,not_available,requer_geometria_antes_do_sar,40,canario_sar_prioridade_baixa,not_selected,false,"poligono candidato SAR pos-evento (referencia de avaliacao futura, nunca feature pre-evento)","QA humano do canario (aceite review-only, sem treino)",true,false,false,false,false,"datado, mas sem patch/AOI minima; precisa de geometria antes de preparar SAR"
SAR_0528,GEO_0528,TGT_0528,RP_0528,DEC_0528,S17C_W_S16AWIN_00143,not_available,recife,not_available,not_available,2021-03-01,exact_day,2021-01-30,2021-02-28,2021-03-01,2021-03-08,usable,not_available,requer_footprint_tecnico_futuro,bloqueado_por_geometria_insuficiente,not_available,not_available,not_available,not_available,requer_geometria_antes_do_sar,40,canario_sar_prioridade_baixa,not_selected,false,"poligono candidato SAR pos-evento (referencia de avaliacao futura, nunca feature pre-evento)","QA humano do canario (aceite review-only, sem treino)",true,false,false,false,false,"datado, mas sem patch/AOI minima; precisa de geometria antes de preparar SAR"
SAR_0529,GEO_0529,TGT_0529,RP_0529,DEC_0529,S17C_W_S16AWIN_00144,not_available,recife,not_available,not_available,2021-05-13,exact_day,2021-04-13,2021-05-12,2021-05-13,2021-05-20,usable,not_available,requer_footprint_tecnico_futuro,bloqueado_por_geometria_insuficiente,not_available,not_available,not_available,not_available,requer_geometria_antes_do_sar,40,canario_sar_prioridade_baixa,not_selected,false,"poligono candidato SAR pos-evento (referencia de avaliacao futura, nunca feature pre-evento)","QA humano do canario (aceite review-only, sem treino)",true,false,false,false,false,"datado, mas sem patch/AOI minima; precisa de geometria antes de preparar SAR"
SAR_0530,GEO_0530,TGT_0530,RP_0530,DEC_0530,S17C_W_S16AWIN_00145,not_available,recife,not_available,not_available,2023-02-06,exact_day,2023-01-07,2023-02-05,2023-02-06,2023-02-13,usable,not_available,requer_footprint_tecnico_futuro,bloqueado_por_geometria_insuficiente,not_available,not_available,not_available,not_available,requer_geometria_antes_do_sar,40,canario_sar_prioridade_baixa,not_selected,false,"poligono candidato SAR pos-evento (referencia de avaliacao futura, nunca feature pre-evento)","QA humano do canario (aceite review-only, sem treino)",true,false,false,false,false,"datado, mas sem patch/AOI minima; precisa de geometria antes de preparar SAR"
SAR_0531,GEO_0531,TGT_0531,RP_0531,DEC_0531,S17C_W_S16AWIN_00146,not_available,recife,not_available,not_available,2023-02-09,exact_day,2023-01-10,2023-02-08,2023-02-09,2023-02-16,usable,not_available,requer_footprint_tecnico_futuro,bloqueado_por_geometria_insuficiente,not_available,not_available,not_available,not_available,requer_geometria_antes_do_sar,40,canario_sar_prioridade_baixa,not_selected,false,"poligono candidato SAR pos-evento (referencia de avaliacao futura, nunca feature pre-evento)","QA humano do canario (aceite review-only, sem treino)",true,false,false,false,false,"datado, mas sem patch/AOI minima; precisa de geometria antes de preparar SAR"
SAR_0532,GEO_0532,TGT_0532,RP_0532,DEC_0532,S17C_W_S16AWIN_00147,not_available,recife,not_available,not_available,2023-05-24,exact_day,2023-04-24,2023-05-23,2023-05-24,2023-05-31,usable,not_available,requer_footprint_tecnico_futuro,bloqueado_por_geometria_insuficiente,not_available,not_available,not_available,not_available,requer_geometria_antes_do_sar,40,canario_sar_prioridade_baixa,not_selected,false,"poligono candidato SAR pos-evento (referencia de avaliacao futura, nunca feature pre-evento)","QA humano do canario (aceite review-only, sem treino)",true,false,false,false,false,"datado, mas sem patch/AOI minima; precisa de geometria antes de preparar SAR"
SAR_0533,GEO_0533,TGT_0533,RP_0533,DEC_0533,S17C_W_S16AWIN_00148,not_available,recife,not_available,not_available,2023-06-14,exact_day,2023-05-15,2023-06-13,2023-06-14,2023-06-21,usable,not_available,requer_footprint_tecnico_futuro,bloqueado_por_geometria_insuficiente,not_available,not_available,not_available,not_available,requer_geometria_antes_do_sar,40,canario_sar_prioridade_baixa,not_selected,false,"poligono candidato SAR pos-evento (referencia de avaliacao futura, nunca feature pre-evento)","QA humano do canario (aceite review-only, sem treino)",true,false,false,false,false,"datado, mas sem patch/AOI minima; precisa de geometria antes de preparar SAR"
SAR_0534,GEO_0534,TGT_0534,RP_0534,DEC_0534,S17C_W_S16AWIN_00149,not_available,recife,not_available,not_available,2023-06-27,exact_day,2023-05-28,2023-06-26,2023-06-27,2023-07-04,usable,not_available,requer_footprint_tecnico_futuro,bloqueado_por_geometria_insuficiente,not_available,not_available,not_available,not_available,requer_geometria_antes_do_sar,40,canario_sar_prioridade_baixa,not_selected,false,"poligono candidato SAR pos-evento (referencia de avaliacao futura, nunca feature pre-evento)","QA humano do canario (aceite review-only, sem treino)",true,false,false,false,false,"datado, mas sem patch/AOI minima; precisa de geometria antes de preparar SAR"
SAR_0535,GEO_0535,TGT_0535,RP_0535,DEC_0535,S17C_W_S16AWIN_00150,not_available,recife,not_available,not_available,2023-06-30,exact_day,2023-05-31,2023-06-29,2023-06-30,2023-07-07,usable,not_available,requer_footprint_tecnico_futuro,bloqueado_por_geometria_insuficiente,not_available,not_available,not_available,not_available,requer_geometria_antes_do_sar,40,canario_sar_prioridade_baixa,not_selected,false,"poligono candidato SAR pos-evento (referencia de avaliacao futura, nunca feature pre-evento)","QA humano do canario (aceite review-only, sem treino)",true,false,false,false,false,"datado, mas sem patch/AOI minima; precisa de geometria antes de preparar SAR"
SAR_0536,GEO_0536,TGT_0536,RP_0536,DEC_0536,S17C_W_S16AWIN_00151,not_available,recife,not_available,not_available,2023-07-07,exact_day,2023-06-07,2023-07-06,2023-07-07,2023-07-14,usable,not_available,requer_footprint_tecnico_futuro,bloqueado_por_geometria_insuficiente,not_available,not_available,not_available,not_available,requer_geometria_antes_do_sar,40,canario_sar_prioridade_baixa,not_selected,false,"poligono candidato SAR pos-evento (referencia de avaliacao futura, nunca feature pre-evento)","QA humano do canario (aceite review-only, sem treino)",true,false,false,false,false,"datado, mas sem patch/AOI minima; precisa de geometria antes de preparar SAR"
SAR_0537,GEO_0537,TGT_0537,RP_0537,DEC_0537,S17C_W_S16AWIN_00152,not_available,recife,not_available,not_available,2023-07-08,exact_day,2023-06-08,2023-07-07,2023-07-08,2023-07-15,usable,not_available,requer_footprint_tecnico_futuro,bloqueado_por_geometria_insuficiente,not_available,not_available,not_available,not_available,requer_geometria_antes_do_sar,40,canario_sar_prioridade_baixa,not_selected,false,"poligono candidato SAR pos-evento (referencia de avaliacao futura, nunca feature pre-evento)","QA humano do canario (aceite review-only, sem treino)",true,false,false,false,false,"datado, mas sem patch/AOI minima; precisa de geometria antes de preparar SAR"
SAR_0538,GEO_0538,TGT_0538,RP_0538,DEC_0538,S17C_W_S16AWIN_00153,not_available,recife,not_available,not_available,2023-11-29,exact_day,2023-10-30,2023-11-28,2023-11-29,2023-12-06,usable,not_available,requer_footprint_tecnico_futuro,bloqueado_por_geometria_insuficiente,not_available,not_available,not_available,not_available,requer_geometria_antes_do_sar,40,canario_sar_prioridade_baixa,not_selected,false,"poligono candidato SAR pos-evento (referencia de avaliacao futura, nunca feature pre-evento)","QA humano do canario (aceite review-only, sem treino)",true,false,false,false,false,"datado, mas sem patch/AOI minima; precisa de geometria antes de preparar SAR"
SAR_0539,GEO_0539,TGT_0539,RP_0539,DEC_0539,S17C_W_S16AWIN_00154,not_available,recife,not_available,not_available,2024-01-15,exact_day,2023-12-16,2024-01-14,2024-01-15,2024-01-22,usable,not_available,requer_footprint_tecnico_futuro,bloqueado_por_geometria_insuficiente,not_available,not_available,not_available,not_available,requer_geometria_antes_do_sar,40,canario_sar_prioridade_baixa,not_selected,false,"poligono candidato SAR pos-evento (referencia de avaliacao futura, nunca feature pre-evento)","QA humano do canario (aceite review-only, sem treino)",true,false,false,false,false,"datado, mas sem patch/AOI minima; precisa de geometria antes de preparar SAR"
SAR_0540,GEO_0540,TGT_0540,RP_0540,DEC_0540,S17C_W_S16AWIN_00155,not_available,recife,not_available,not_available,2024-02-16,exact_day,2024-01-17,2024-02-15,2024-02-16,2024-02-23,usable,not_available,requer_footprint_tecnico_futuro,bloqueado_por_geometria_insuficiente,not_available,not_available,not_available,not_available,requer_geometria_antes_do_sar,40,canario_sar_prioridade_baixa,not_selected,false,"poligono candidato SAR pos-evento (referencia de avaliacao futura, nunca feature pre-evento)","QA humano do canario (aceite review-only, sem treino)",true,false,false,false,false,"datado, mas sem patch/AOI minima; precisa de geometria antes de preparar SAR"
SAR_0541,GEO_0541,TGT_0541,RP_0541,DEC_0541,S17C_W_S16AWIN_00156,not_available,recife,not_available,not_available,2024-02-27,exact_day,2024-01-28,2024-02-26,2024-02-27,2024-03-05,usable,not_available,requer_footprint_tecnico_futuro,bloqueado_por_geometria_insuficiente,not_available,not_available,not_available,not_available,requer_geometria_antes_do_sar,40,canario_sar_prioridade_baixa,not_selected,false,"poligono candidato SAR pos-evento (referencia de avaliacao futura, nunca feature pre-evento)","QA humano do canario (aceite review-only, sem treino)",true,false,false,false,false,"datado, mas sem patch/AOI minima; precisa de geometria antes de preparar SAR"
SAR_0542,GEO_0542,TGT_0542,RP_0542,DEC_0542,S17C_W_S16AWIN_00157,not_available,recife,not_available,not_available,2024-04-04,exact_day,2024-03-05,2024-04-03,2024-04-04,2024-04-11,usable,not_available,requer_footprint_tecnico_futuro,bloqueado_por_geometria_insuficiente,not_available,not_available,not_available,not_available,requer_geometria_antes_do_sar,40,canario_sar_prioridade_baixa,not_selected,false,"poligono candidato SAR pos-evento (referencia de avaliacao futura, nunca feature pre-evento)","QA humano do canario (aceite review-only, sem treino)",true,false,false,false,false,"datado, mas sem patch/AOI minima; precisa de geometria antes de preparar SAR"
SAR_0543,GEO_0543,TGT_0543,RP_0543,DEC_0543,S17C_W_S16AWIN_00158,not_available,recife,not_available,not_available,2024-05-07,exact_day,2024-04-07,2024-05-06,2024-05-07,2024-05-14,usable,not_available,requer_footprint_tecnico_futuro,bloqueado_por_geometria_insuficiente,not_available,not_available,not_available,not_available,requer_geometria_antes_do_sar,40,canario_sar_prioridade_baixa,not_selected,false,"poligono candidato SAR pos-evento (referencia de avaliacao futura, nunca feature pre-evento)","QA humano do canario (aceite review-only, sem treino)",true,false,false,false,false,"datado, mas sem patch/AOI minima; precisa de geometria antes de preparar SAR"
SAR_0544,GEO_0544,TGT_0544,RP_0544,DEC_0544,S17C_W_S16AWIN_00159,not_available,recife,not_available,not_available,2024-05-28,exact_day,2024-04-28,2024-05-27,2024-05-28,2024-06-04,usable,not_available,requer_footprint_tecnico_futuro,bloqueado_por_geometria_insuficiente,not_available,not_available,not_available,not_available,requer_geometria_antes_do_sar,40,canario_sar_prioridade_baixa,not_selected,false,"poligono candidato SAR pos-evento (referencia de avaliacao futura, nunca feature pre-evento)","QA humano do canario (aceite review-only, sem treino)",true,false,false,false,false,"datado, mas sem patch/AOI minima; precisa de geometria antes de preparar SAR"
SAR_0545,GEO_0545,TGT_0545,RP_0545,DEC_0545,S17C_W_S16AWIN_00160,not_available,recife,not_available,not_available,2024-06-15,exact_day,2024-05-16,2024-06-14,2024-06-15,2024-06-22,usable,not_available,requer_footprint_tecnico_futuro,bloqueado_por_geometria_insuficiente,not_available,not_available,not_available,not_available,requer_geometria_antes_do_sar,40,canario_sar_prioridade_baixa,not_selected,false,"poligono candidato SAR pos-evento (referencia de avaliacao futura, nunca feature pre-evento)","QA humano do canario (aceite review-only, sem treino)",true,false,false,false,false,"datado, mas sem patch/AOI minima; precisa de geometria antes de preparar SAR"
SAR_0546,GEO_0546,TGT_0546,RP_0546,DEC_0546,S17C_W_S16AWIN_00161,not_available,recife,not_available,not_available,2024-06-25,exact_day,2024-05-26,2024-06-24,2024-06-25,2024-07-02,usable,not_available,requer_footprint_tecnico_futuro,bloqueado_por_geometria_insuficiente,not_available,not_available,not_available,not_available,requer_geometria_antes_do_sar,40,canario_sar_prioridade_baixa,not_selected,false,"poligono candidato SAR pos-evento (referencia de avaliacao futura, nunca feature pre-evento)","QA humano do canario (aceite review-only, sem treino)",true,false,false,false,false,"datado, mas sem patch/AOI minima; precisa de geometria antes de preparar SAR"
SAR_0547,GEO_0547,TGT_0547,RP_0547,DEC_0547,REC_2022_05_24_30,S18A_PATCH_0301,recife,Pina,hydrological_flood,2022-05-24,exact_day,2022-04-24,2022-05-23,2022-05-24,2022-05-31,usable,defesa_civil_recife_occurrence,geometria_parcial_resolvivel,prioridade_geometrica_alta,point,linked_to_canary_patch,pending,800,elegivel_canario_sar_prioritario,84,canario_sar_prioridade_alta,1,true,"poligono candidato SAR pos-evento (referencia de avaliacao futura, nunca feature pre-evento)","QA humano do canario (aceite review-only, sem treino)",true,false,false,false,false,"canario prioritario selecionado: datado, com janela, patch/AOI e fenomeno de inundacao; footprint SAR futuro sera referencia review-only, nunca treino"
SAR_0548,GEO_0548,TGT_0548,RP_0548,DEC_0548,REC_2022_05_24_30,S18A_PATCH_0302,recife,Imbiribeira,hydrological_flood,2022-05-24,exact_day,2022-04-24,2022-05-23,2022-05-24,2022-05-31,usable,defesa_civil_recife_occurrence,geometria_parcial_resolvivel,prioridade_geometrica_alta,point,linked_to_canary_patch,pending,800,elegivel_canario_sar_prioritario,84,canario_sar_prioridade_alta,2,true,"poligono candidato SAR pos-evento (referencia de avaliacao futura, nunca feature pre-evento)","QA humano do canario (aceite review-only, sem treino)",true,false,false,false,false,"canario prioritario selecionado: datado, com janela, patch/AOI e fenomeno de inundacao; footprint SAR futuro sera referencia review-only, nunca treino"
SAR_0549,GEO_0549,TGT_0549,RP_0549,DEC_0549,REC_2022_05_24_30,S18A_PATCH_0303,recife,Afogados,hydrological_flood,2022-05-24,exact_day,2022-04-24,2022-05-23,2022-05-24,2022-05-31,usable,defesa_civil_recife_occurrence,geometria_parcial_resolvivel,prioridade_geometrica_alta,point,linked_to_canary_patch,pending,800,elegivel_canario_sar_prioritario,84,canario_sar_prioridade_alta,3,true,"poligono candidato SAR pos-evento (referencia de avaliacao futura, nunca feature pre-evento)","QA humano do canario (aceite review-only, sem treino)",true,false,false,false,false,"canario prioritario selecionado: datado, com janela, patch/AOI e fenomeno de inundacao; footprint SAR futuro sera referencia review-only, nunca treino"
SAR_0550,GEO_0550,TGT_0550,RP_0550,DEC_0550,REC_2022_05_24_30,S18A_PATCH_0304,recife,Areias,hydrological_flood,2022-05-24,exact_day,2022-04-24,2022-05-23,2022-05-24,2022-05-31,usable,defesa_civil_recife_occurrence,geometria_parcial_resolvivel,prioridade_geometrica_alta,point,linked_to_canary_patch,pending,800,elegivel_canario_sar_prioritario,84,canario_sar_prioridade_alta,4,true,"poligono candidato SAR pos-evento (referencia de avaliacao futura, nunca feature pre-evento)","QA humano do canario (aceite review-only, sem treino)",true,false,false,false,false,"canario prioritario selecionado: datado, com janela, patch/AOI e fenomeno de inundacao; footprint SAR futuro sera referencia review-only, nunca treino"
SAR_0551,GEO_0551,TGT_0551,RP_0551,DEC_0551,REC_2022_05_24_30,S18A_PATCH_0305,recife,Areias,hydrological_flood,2022-05-24,exact_day,2022-04-24,2022-05-23,2022-05-24,2022-05-31,usable,defesa_civil_recife_occurrence,geometria_parcial_resolvivel,prioridade_geometrica_alta,point,linked_to_canary_patch,pending,800,elegivel_canario_sar_prioritario,84,canario_sar_prioridade_alta,5,true,"poligono candidato SAR pos-evento (referencia de avaliacao futura, nunca feature pre-evento)","QA humano do canario (aceite review-only, sem treino)",true,false,false,false,false,"canario prioritario selecionado: datado, com janela, patch/AOI e fenomeno de inundacao; footprint SAR futuro sera referencia review-only, nunca treino"
SAR_0552,GEO_0552,TGT_0552,RP_0552,DEC_0552,REC_2022_05_24_30,S18A_PATCH_0306,recife,Ipsep,hydrological_flood,2022-05-24,exact_day,2022-04-24,2022-05-23,2022-05-24,2022-05-31,usable,defesa_civil_recife_occurrence,geometria_parcial_resolvivel,prioridade_geometrica_alta,point,linked_to_canary_patch,pending,800,elegivel_canario_sar_prioritario,84,canario_sar_prioridade_alta,not_selected,false,"poligono candidato SAR pos-evento (referencia de avaliacao futura, nunca feature pre-evento)","QA humano do canario (aceite review-only, sem treino)",true,false,false,false,false,elegivel prioritario (nao selecionado no top-5); segue review-only
SAR_0553,GEO_0553,TGT_0553,RP_0553,DEC_0553,REC_2022_05_24_30,S18A_PATCH_0307,recife,Iputinga,hydrological_flood,2022-05-24,exact_day,2022-04-24,2022-05-23,2022-05-24,2022-05-31,usable,defesa_civil_recife_occurrence,geometria_parcial_resolvivel,prioridade_geometrica_alta,point,linked_to_canary_patch,pending,800,elegivel_canario_sar_prioritario,84,canario_sar_prioridade_alta,not_selected,false,"poligono candidato SAR pos-evento (referencia de avaliacao futura, nunca feature pre-evento)","QA humano do canario (aceite review-only, sem treino)",true,false,false,false,false,elegivel prioritario (nao selecionado no top-5); segue review-only
SAR_0554,GEO_0554,TGT_0554,RP_0554,DEC_0554,REC_2022_05_24_30,S18A_PATCH_0308,recife,Iputinga,hydrological_flood,2022-05-24,exact_day,2022-04-24,2022-05-23,2022-05-24,2022-05-31,usable,defesa_civil_recife_occurrence,geometria_parcial_resolvivel,prioridade_geometrica_alta,point,linked_to_canary_patch,pending,800,elegivel_canario_sar_prioritario,84,canario_sar_prioridade_alta,not_selected,false,"poligono candidato SAR pos-evento (referencia de avaliacao futura, nunca feature pre-evento)","QA humano do canario (aceite review-only, sem treino)",true,false,false,false,false,elegivel prioritario (nao selecionado no top-5); segue review-only
SAR_0555,GEO_0555,TGT_0555,RP_0555,DEC_0555,REC_2022_05_24_30,S18A_PATCH_0309,recife,Varzea,hydrological_flood,2022-05-24,exact_day,2022-04-24,2022-05-23,2022-05-24,2022-05-31,usable,defesa_civil_recife_occurrence,geometria_parcial_resolvivel,prioridade_geometrica_alta,point,linked_to_canary_patch,pending,800,elegivel_canario_sar_prioritario,84,canario_sar_prioridade_alta,not_selected,false,"poligono candidato SAR pos-evento (referencia de avaliacao futura, nunca feature pre-evento)","QA humano do canario (aceite review-only, sem treino)",true,false,false,false,false,elegivel prioritario (nao selecionado no top-5); segue review-only
SAR_0556,GEO_0556,TGT_0556,RP_0556,DEC_0556,REC_2022_05_24_30,S18A_PATCH_0310,recife,Varzea,hydrological_flood,2022-05-24,exact_day,2022-04-24,2022-05-23,2022-05-24,2022-05-31,usable,defesa_civil_recife_occurrence,geometria_parcial_resolvivel,prioridade_geometrica_alta,point,linked_to_canary_patch,pending,800,elegivel_canario_sar_prioritario,84,canario_sar_prioridade_alta,not_selected,false,"poligono candidato SAR pos-evento (referencia de avaliacao futura, nunca feature pre-evento)","QA humano do canario (aceite review-only, sem treino)",true,false,false,false,false,elegivel prioritario (nao selecionado no top-5); segue review-only
SAR_0557,GEO_0557,TGT_0557,RP_0557,DEC_0557,REC_2022_05_24_30,S18A_PATCH_0311,recife,Varzea,hydrological_flood,2022-05-24,exact_day,2022-04-24,2022-05-23,2022-05-24,2022-05-31,usable,defesa_civil_recife_occurrence,geometria_parcial_resolvivel,prioridade_geometrica_alta,point,linked_to_canary_patch,pending,800,elegivel_canario_sar_prioritario,84,canario_sar_prioridade_alta,not_selected,false,"poligono candidato SAR pos-evento (referencia de avaliacao futura, nunca feature pre-evento)","QA humano do canario (aceite review-only, sem treino)",true,false,false,false,false,elegivel prioritario (nao selecionado no top-5); segue review-only
