sar_plan_id,sar_target_id,step_order,action_pt,expected_artifact_pt,success_criteria_pt,fail_closed_outcome_pt,requires_network_future,requires_sentinel1_future,requires_dem_or_hand_future,requires_permanent_water_mask_future,requires_manual_qa_future,can_be_automated_future,no_execution_now
SPL_00001,SAR_0001,1,sem plano SAR neste marco; resolver bloqueio antes de preparar canario,nenhum artefato SAR neste marco,bloqueio resolvido em marco futuro,"permanece review-only, sem SAR e sem promocao",false,false,false,false,false,false,true
SPL_00002,SAR_0002,1,sem plano SAR neste marco; resolver bloqueio antes de preparar canario,nenhum artefato SAR neste marco,bloqueio resolvido em marco futuro,"permanece review-only, sem SAR e sem promocao",false,false,false,false,false,false,true
SPL_00003,SAR_0003,1,sem plano SAR neste marco; resolver bloqueio antes de preparar canario,nenhum artefato SAR neste marco,bloqueio resolvido em marco futuro,"permanece review-only, sem SAR e sem promocao",false,false,false,false,false,false,true
SPL_00004,SAR_0004,1,sem plano SAR neste marco; resolver bloqueio antes de preparar canario,nenhum artefato SAR neste marco,bloqueio resolvido em marco futuro,"permanece review-only, sem SAR e sem promocao",false,false,false,false,false,false,true
SPL_00005,SAR_0005,1,sem plano SAR neste marco; resolver bloqueio antes de preparar canario,nenhum artefato SAR neste marco,bloqueio resolvido em marco futuro,"permanece review-only, sem SAR e sem promocao",false,false,false,false,false,false,true
SPL_00006,SAR_0006,1,sem plano SAR neste marco; resolver bloqueio antes de preparar canario,nenhum artefato SAR neste marco,bloqueio resolvido em marco futuro,"permanece review-only, sem SAR e sem promocao",false,false,false,false,false,false,true
SPL_00007,SAR_0007,1,sem plano SAR neste marco; resolver bloqueio antes de preparar canario,nenhum artefato SAR neste marco,bloqueio resolvido em marco futuro,"permanece review-only, sem SAR e sem promocao",false,false,false,false,false,false,true
SPL_00008,SAR_0008,1,sem plano SAR neste marco; resolver bloqueio antes de preparar canario,nenhum artefato SAR neste marco,bloqueio resolvido em marco futuro,"permanece review-only, sem SAR e sem promocao",false,false,false,false,false,false,true
SPL_00009,SAR_0009,1,sem plano SAR neste marco; resolver bloqueio antes de preparar canario,nenhum artefato SAR neste marco,bloqueio resolvido em marco futuro,"permanece review-only, sem SAR e sem promocao",false,false,false,false,false,false,true
SPL_00010,SAR_0010,1,sem plano SAR neste marco; resolver bloqueio antes de preparar canario,nenhum artefato SAR neste marco,bloqueio resolvido em marco futuro,"permanece review-only, sem SAR e sem promocao",false,false,false,false,false,false,true
SPL_00011,SAR_0011,1,sem plano SAR neste marco; resolver bloqueio antes de preparar canario,nenhum artefato SAR neste marco,bloqueio resolvido em marco futuro,"permanece review-only, sem SAR e sem promocao",false,false,false,false,false,false,true
SPL_00012,SAR_0012,1,sem plano SAR neste marco; resolver bloqueio antes de preparar canario,nenhum artefato SAR neste marco,bloqueio resolvido em marco futuro,"permanece review-only, sem SAR e sem promocao",false,false,false,false,false,false,true
SPL_00013,SAR_0013,1,sem plano SAR neste marco; resolver bloqueio antes de preparar canario,nenhum artefato SAR neste marco,bloqueio resolvido em marco futuro,"permanece review-only, sem SAR e sem promocao",false,false,false,false,false,false,true
SPL_00014,SAR_0014,1,sem plano SAR neste marco; resolver bloqueio antes de preparar canario,nenhum artefato SAR neste marco,bloqueio resolvido em marco futuro,"permanece review-only, sem SAR e sem promocao",false,false,false,false,false,false,true
SPL_00015,SAR_0015,1,sem plano SAR neste marco; resolver bloqueio antes de preparar canario,nenhum artefato SAR neste marco,bloqueio resolvido em marco futuro,"permanece review-only, sem SAR e sem promocao",false,false,false,false,false,false,true
SPL_00016,SAR_0016,1,sem plano SAR neste marco; resolver bloqueio antes de preparar canario,nenhum artefato SAR neste marco,bloqueio resolvido em marco futuro,"permanece review-only, sem SAR e sem promocao",false,false,false,false,false,false,true
SPL_00017,SAR_0017,1,sem plano SAR neste marco; resolver bloqueio antes de preparar canario,nenhum artefato SAR neste marco,bloqueio resolvido em marco futuro,"permanece review-only, sem SAR e sem promocao",false,false,false,false,false,false,true
SPL_00018,SAR_0018,1,sem plano SAR neste marco; resolver bloqueio antes de preparar canario,nenhum artefato SAR neste marco,bloqueio resolvido em marco futuro,"permanece review-only, sem SAR e sem promocao",false,false,false,false,false,false,true
SPL_00019,SAR_0019,1,sem plano SAR neste marco; resolver bloqueio antes de preparar canario,nenhum artefato SAR neste marco,bloqueio resolvido em marco futuro,"permanece review-only, sem SAR e sem promocao",false,false,false,false,false,false,true
SPL_00020,SAR_0020,1,sem plano SAR neste marco; resolver bloqueio antes de preparar canario,nenhum artefato SAR neste marco,bloqueio resolvido em marco futuro,"permanece review-only, sem SAR e sem promocao",false,false,false,false,false,false,true
SPL_00021,SAR_0021,1,sem plano SAR neste marco; resolver bloqueio antes de preparar canario,nenhum artefato SAR neste marco,bloqueio resolvido em marco futuro,"permanece review-only, sem SAR e sem promocao",false,false,false,false,false,false,true
SPL_00022,SAR_0022,1,sem plano SAR neste marco; resolver bloqueio antes de preparar canario,nenhum artefato SAR neste marco,bloqueio resolvido em marco futuro,"permanece review-only, sem SAR e sem promocao",false,false,false,false,false,false,true
SPL_00023,SAR_0023,1,sem plano SAR neste marco; resolver bloqueio antes de preparar canario,nenhum artefato SAR neste marco,bloqueio resolvido em marco futuro,"permanece review-only, sem SAR e sem promocao",false,false,false,false,false,false,true
SPL_00024,SAR_0024,1,sem plano SAR neste marco; resolver bloqueio antes de preparar canario,nenhum artefato SAR neste marco,bloqueio resolvido em marco futuro,"permanece review-only, sem SAR e sem promocao",false,false,false,false,false,false,true
SPL_00025,SAR_0025,1,sem plano SAR neste marco; resolver bloqueio antes de preparar canario,nenhum artefato SAR neste marco,bloqueio resolvido em marco futuro,"permanece review-only, sem SAR e sem promocao",false,false,false,false,false,false,true
SPL_00026,SAR_0026,1,sem plano SAR neste marco; resolver bloqueio antes de preparar canario,nenhum artefato SAR neste marco,bloqueio resolvido em marco futuro,"permanece review-only, sem SAR e sem promocao",false,false,false,false,false,false,true
SPL_00027,SAR_0027,1,sem plano SAR neste marco; resolver bloqueio antes de preparar canario,nenhum artefato SAR neste marco,bloqueio resolvido em marco futuro,"permanece review-only, sem SAR e sem promocao",false,false,false,false,false,false,true
SPL_00028,SAR_0028,1,sem plano SAR neste marco; resolver bloqueio antes de preparar canario,nenhum artefato SAR neste marco,bloqueio resolvido em marco futuro,"permanece review-only, sem SAR e sem promocao",false,false,false,false,false,false,true
SPL_00029,SAR_0029,1,sem plano SAR neste marco; resolver bloqueio antes de preparar canario,nenhum artefato SAR neste marco,bloqueio resolvido em marco futuro,"permanece review-only, sem SAR e sem promocao",false,false,false,false,false,false,true
SPL_00030,SAR_0030,1,sem plano SAR neste marco; resolver bloqueio antes de preparar canario,nenhum artefato SAR neste marco,bloqueio resolvido em marco futuro,"permanece review-only, sem SAR e sem promocao",false,false,false,false,false,false,true
SPL_00031,SAR_0031,1,sem plano SAR neste marco; resolver bloqueio antes de preparar canario,nenhum artefato SAR neste marco,bloqueio resolvido em marco futuro,"permanece review-only, sem SAR e sem promocao",false,false,false,false,false,false,true
SPL_00032,SAR_0032,1,sem plano SAR neste marco; resolver bloqueio antes de preparar canario,nenhum artefato SAR neste marco,bloqueio resolvido em marco futuro,"permanece review-only, sem SAR e sem promocao",false,false,false,false,false,false,true
SPL_00033,SAR_0033,1,sem plano SAR neste marco; resolver bloqueio antes de preparar canario,nenhum artefato SAR neste marco,bloqueio resolvido em marco futuro,"permanece review-only, sem SAR e sem promocao",false,false,false,false,false,false,true
SPL_00034,SAR_0034,1,sem plano SAR neste marco; resolver bloqueio antes de preparar canario,nenhum artefato SAR neste marco,bloqueio resolvido em marco futuro,"permanece review-only, sem SAR e sem promocao",false,false,false,false,false,false,true
SPL_00035,SAR_0035,1,sem plano SAR neste marco; resolver bloqueio antes de preparar canario,nenhum artefato SAR neste marco,bloqueio resolvido em marco futuro,"permanece review-only, sem SAR e sem promocao",false,false,false,false,false,false,true
SPL_00036,SAR_0036,1,sem plano SAR neste marco; resolver bloqueio antes de preparar canario,nenhum artefato SAR neste marco,bloqueio resolvido em marco futuro,"permanece review-only, sem SAR e sem promocao",false,false,false,false,false,false,true
SPL_00037,SAR_0037,1,sem plano SAR neste marco; resolver bloqueio antes de preparar canario,nenhum artefato SAR neste marco,bloqueio resolvido em marco futuro,"permanece review-only, sem SAR e sem promocao",false,false,false,false,false,false,true
SPL_00038,SAR_0038,1,sem plano SAR neste marco; resolver bloqueio antes de preparar canario,nenhum artefato SAR neste marco,bloqueio resolvido em marco futuro,"permanece review-only, sem SAR e sem promocao",false,false,false,false,false,false,true
SPL_00039,SAR_0039,1,sem plano SAR neste marco; resolver bloqueio antes de preparar canario,nenhum artefato SAR neste marco,bloqueio resolvido em marco futuro,"permanece review-only, sem SAR e sem promocao",false,false,false,false,false,false,true
SPL_00040,SAR_0040,1,sem plano SAR neste marco; resolver bloqueio antes de preparar canario,nenhum artefato SAR neste marco,bloqueio resolvido em marco futuro,"permanece review-only, sem SAR e sem promocao",false,false,false,false,false,false,true
SPL_00041,SAR_0041,1,sem plano SAR neste marco; resolver bloqueio antes de preparar canario,nenhum artefato SAR neste marco,bloqueio resolvido em marco futuro,"permanece review-only, sem SAR e sem promocao",false,false,false,false,false,false,true
SPL_00042,SAR_0042,1,sem plano SAR neste marco; resolver bloqueio antes de preparar canario,nenhum artefato SAR neste marco,bloqueio resolvido em marco futuro,"permanece review-only, sem SAR e sem promocao",false,false,false,false,false,false,true
SPL_00043,SAR_0043,1,sem plano SAR neste marco; resolver bloqueio antes de preparar canario,nenhum artefato SAR neste marco,bloqueio resolvido em marco futuro,"permanece review-only, sem SAR e sem promocao",false,false,false,false,false,false,true
SPL_00044,SAR_0044,1,sem plano SAR neste marco; resolver bloqueio antes de preparar canario,nenhum artefato SAR neste marco,bloqueio resolvido em marco futuro,"permanece review-only, sem SAR e sem promocao",false,false,false,false,false,false,true
SPL_00045,SAR_0045,1,sem plano SAR neste marco; resolver bloqueio antes de preparar canario,nenhum artefato SAR neste marco,bloqueio resolvido em marco futuro,"permanece review-only, sem SAR e sem promocao",false,false,false,false,false,false,true
SPL_00046,SAR_0046,1,sem plano SAR neste marco; resolver bloqueio antes de preparar canario,nenhum artefato SAR neste marco,bloqueio resolvido em marco futuro,"permanece review-only, sem SAR e sem promocao",false,false,false,false,false,false,true
SPL_00047,SAR_0047,1,sem plano SAR neste marco; resolver bloqueio antes de preparar canario,nenhum artefato SAR neste marco,bloqueio resolvido em marco futuro,"permanece review-only, sem SAR e sem promocao",false,false,false,false,false,false,true
SPL_00048,SAR_0048,1,sem plano SAR neste marco; resolver bloqueio antes de preparar canario,nenhum artefato SAR neste marco,bloqueio resolvido em marco futuro,"permanece review-only, sem SAR e sem promocao",false,false,false,false,false,false,true
SPL_00049,SAR_0049,1,sem plano SAR neste marco; resolver bloqueio antes de preparar canario,nenhum artefato SAR neste marco,bloqueio resolvido em marco futuro,"permanece review-only, sem SAR e sem promocao",false,false,false,false,false,false,true
SPL_00050,SAR_0050,1,sem plano SAR neste marco; resolver bloqueio antes de preparar canario,nenhum artefato SAR neste marco,bloqueio resolvido em marco futuro,"permanece review-only, sem SAR e sem promocao",false,false,false,false,false,false,true
SPL_00051,SAR_0051,1,sem plano SAR neste marco; resolver bloqueio antes de preparar canario,nenhum artefato SAR neste marco,bloqueio resolvido em marco futuro,"permanece review-only, sem SAR e sem promocao",false,false,false,false,false,false,true
SPL_00052,SAR_0052,1,sem plano SAR neste marco; resolver bloqueio antes de preparar canario,nenhum artefato SAR neste marco,bloqueio resolvido em marco futuro,"permanece review-only, sem SAR e sem promocao",false,false,false,false,false,false,true
SPL_00053,SAR_0053,1,sem plano SAR neste marco; resolver bloqueio antes de preparar canario,nenhum artefato SAR neste marco,bloqueio resolvido em marco futuro,"permanece review-only, sem SAR e sem promocao",false,false,false,false,false,false,true
SPL_00054,SAR_0054,1,sem plano SAR neste marco; resolver bloqueio antes de preparar canario,nenhum artefato SAR neste marco,bloqueio resolvido em marco futuro,"permanece review-only, sem SAR e sem promocao",false,false,false,false,false,false,true
SPL_00055,SAR_0055,1,sem plano SAR neste marco; resolver bloqueio antes de preparar canario,nenhum artefato SAR neste marco,bloqueio resolvido em marco futuro,"permanece review-only, sem SAR e sem promocao",false,false,false,false,false,false,true
SPL_00056,SAR_0056,1,sem plano SAR neste marco; resolver bloqueio antes de preparar canario,nenhum artefato SAR neste marco,bloqueio resolvido em marco futuro,"permanece review-only, sem SAR e sem promocao",false,false,false,false,false,false,true
SPL_00057,SAR_0057,1,sem plano SAR neste marco; resolver bloqueio antes de preparar canario,nenhum artefato SAR neste marco,bloqueio resolvido em marco futuro,"permanece review-only, sem SAR e sem promocao",false,false,false,false,false,false,true
SPL_00058,SAR_0058,1,sem plano SAR neste marco; resolver bloqueio antes de preparar canario,nenhum artefato SAR neste marco,bloqueio resolvido em marco futuro,"permanece review-only, sem SAR e sem promocao",false,false,false,false,false,false,true
SPL_00059,SAR_0059,1,sem plano SAR neste marco; resolver bloqueio antes de preparar canario,nenhum artefato SAR neste marco,bloqueio resolvido em marco futuro,"permanece review-only, sem SAR e sem promocao",false,false,false,false,false,false,true
SPL_00060,SAR_0060,1,sem plano SAR neste marco; resolver bloqueio antes de preparar canario,nenhum artefato SAR neste marco,bloqueio resolvido em marco futuro,"permanece review-only, sem SAR e sem promocao",false,false,false,false,false,false,true
SPL_00061,SAR_0061,1,sem plano SAR neste marco; resolver bloqueio antes de preparar canario,nenhum artefato SAR neste marco,bloqueio resolvido em marco futuro,"permanece review-only, sem SAR e sem promocao",false,false,false,false,false,false,true
SPL_00062,SAR_0062,1,sem plano SAR neste marco; resolver bloqueio antes de preparar canario,nenhum artefato SAR neste marco,bloqueio resolvido em marco futuro,"permanece review-only, sem SAR e sem promocao",false,false,false,false,false,false,true
SPL_00063,SAR_0063,1,sem plano SAR neste marco; resolver bloqueio antes de preparar canario,nenhum artefato SAR neste marco,bloqueio resolvido em marco futuro,"permanece review-only, sem SAR e sem promocao",false,false,false,false,false,false,true
SPL_00064,SAR_0064,1,sem plano SAR neste marco; resolver bloqueio antes de preparar canario,nenhum artefato SAR neste marco,bloqueio resolvido em marco futuro,"permanece review-only, sem SAR e sem promocao",false,false,false,false,false,false,true
SPL_00065,SAR_0065,1,sem plano SAR neste marco; resolver bloqueio antes de preparar canario,nenhum artefato SAR neste marco,bloqueio resolvido em marco futuro,"permanece review-only, sem SAR e sem promocao",false,false,false,false,false,false,true
SPL_00066,SAR_0066,1,sem plano SAR neste marco; resolver bloqueio antes de preparar canario,nenhum artefato SAR neste marco,bloqueio resolvido em marco futuro,"permanece review-only, sem SAR e sem promocao",false,false,false,false,false,false,true
SPL_00067,SAR_0067,1,sem plano SAR neste marco; resolver bloqueio antes de preparar canario,nenhum artefato SAR neste marco,bloqueio resolvido em marco futuro,"permanece review-only, sem SAR e sem promocao",false,false,false,false,false,false,true
SPL_00068,SAR_0068,1,sem plano SAR neste marco; resolver bloqueio antes de preparar canario,nenhum artefato SAR neste marco,bloqueio resolvido em marco futuro,"permanece review-only, sem SAR e sem promocao",false,false,false,false,false,false,true
SPL_00069,SAR_0069,1,sem plano SAR neste marco; resolver bloqueio antes de preparar canario,nenhum artefato SAR neste marco,bloqueio resolvido em marco futuro,"permanece review-only, sem SAR e sem promocao",false,false,false,false,false,false,true
SPL_00070,SAR_0070,1,sem plano SAR neste marco; resolver bloqueio antes de preparar canario,nenhum artefato SAR neste marco,bloqueio resolvido em marco futuro,"permanece review-only, sem SAR e sem promocao",false,false,false,false,false,false,true
SPL_00071,SAR_0071,1,sem plano SAR neste marco; resolver bloqueio antes de preparar canario,nenhum artefato SAR neste marco,bloqueio resolvido em marco futuro,"permanece review-only, sem SAR e sem promocao",false,false,false,false,false,false,true
SPL_00072,SAR_0072,1,sem plano SAR neste marco; resolver bloqueio antes de preparar canario,nenhum artefato SAR neste marco,bloqueio resolvido em marco futuro,"permanece review-only, sem SAR e sem promocao",false,false,false,false,false,false,true
SPL_00073,SAR_0073,1,sem plano SAR neste marco; resolver bloqueio antes de preparar canario,nenhum artefato SAR neste marco,bloqueio resolvido em marco futuro,"permanece review-only, sem SAR e sem promocao",false,false,false,false,false,false,true
SPL_00074,SAR_0074,1,sem plano SAR neste marco; resolver bloqueio antes de preparar canario,nenhum artefato SAR neste marco,bloqueio resolvido em marco futuro,"permanece review-only, sem SAR e sem promocao",false,false,false,false,false,false,true
SPL_00075,SAR_0075,1,sem plano SAR neste marco; resolver bloqueio antes de preparar canario,nenhum artefato SAR neste marco,bloqueio resolvido em marco futuro,"permanece review-only, sem SAR e sem promocao",false,false,false,false,false,false,true
SPL_00076,SAR_0076,1,sem plano SAR neste marco; resolver bloqueio antes de preparar canario,nenhum artefato SAR neste marco,bloqueio resolvido em marco futuro,"permanece review-only, sem SAR e sem promocao",false,false,false,false,false,false,true
SPL_00077,SAR_0077,1,sem plano SAR neste marco; resolver bloqueio antes de preparar canario,nenhum artefato SAR neste marco,bloqueio resolvido em marco futuro,"permanece review-only, sem SAR e sem promocao",false,false,false,false,false,false,true
SPL_00078,SAR_0078,1,sem plano SAR neste marco; resolver bloqueio antes de preparar canario,nenhum artefato SAR neste marco,bloqueio resolvido em marco futuro,"permanece review-only, sem SAR e sem promocao",false,false,false,false,false,false,true
SPL_00079,SAR_0079,1,sem plano SAR neste marco; resolver bloqueio antes de preparar canario,nenhum artefato SAR neste marco,bloqueio resolvido em marco futuro,"permanece review-only, sem SAR e sem promocao",false,false,false,false,false,false,true
SPL_00080,SAR_0080,1,sem plano SAR neste marco; resolver bloqueio antes de preparar canario,nenhum artefato SAR neste marco,bloqueio resolvido em marco futuro,"permanece review-only, sem SAR e sem promocao",false,false,false,false,false,false,true
SPL_00081,SAR_0081,1,sem plano SAR neste marco; resolver bloqueio antes de preparar canario,nenhum artefato SAR neste marco,bloqueio resolvido em marco futuro,"permanece review-only, sem SAR e sem promocao",false,false,false,false,false,false,true
SPL_00082,SAR_0082,1,sem plano SAR neste marco; resolver bloqueio antes de preparar canario,nenhum artefato SAR neste marco,bloqueio resolvido em marco futuro,"permanece review-only, sem SAR e sem promocao",false,false,false,false,false,false,true
SPL_00083,SAR_0083,1,sem plano SAR neste marco; resolver bloqueio antes de preparar canario,nenhum artefato SAR neste marco,bloqueio resolvido em marco futuro,"permanece review-only, sem SAR e sem promocao",false,false,false,false,false,false,true
SPL_00084,SAR_0084,1,sem plano SAR neste marco; resolver bloqueio antes de preparar canario,nenhum artefato SAR neste marco,bloqueio resolvido em marco futuro,"permanece review-only, sem SAR e sem promocao",false,false,false,false,false,false,true
SPL_00085,SAR_0085,1,sem plano SAR neste marco; resolver bloqueio antes de preparar canario,nenhum artefato SAR neste marco,bloqueio resolvido em marco futuro,"permanece review-only, sem SAR e sem promocao",false,false,false,false,false,false,true
SPL_00086,SAR_0086,1,sem plano SAR neste marco; resolver bloqueio antes de preparar canario,nenhum artefato SAR neste marco,bloqueio resolvido em marco futuro,"permanece review-only, sem SAR e sem promocao",false,false,false,false,false,false,true
SPL_00087,SAR_0087,1,sem plano SAR neste marco; resolver bloqueio antes de preparar canario,nenhum artefato SAR neste marco,bloqueio resolvido em marco futuro,"permanece review-only, sem SAR e sem promocao",false,false,false,false,false,false,true
SPL_00088,SAR_0088,1,sem plano SAR neste marco; resolver bloqueio antes de preparar canario,nenhum artefato SAR neste marco,bloqueio resolvido em marco futuro,"permanece review-only, sem SAR e sem promocao",false,false,false,false,false,false,true
SPL_00089,SAR_0089,1,sem plano SAR neste marco; resolver bloqueio antes de preparar canario,nenhum artefato SAR neste marco,bloqueio resolvido em marco futuro,"permanece review-only, sem SAR e sem promocao",false,false,false,false,false,false,true
SPL_00090,SAR_0090,1,sem plano SAR neste marco; resolver bloqueio antes de preparar canario,nenhum artefato SAR neste marco,bloqueio resolvido em marco futuro,"permanece review-only, sem SAR e sem promocao",false,false,false,false,false,false,true
SPL_00091,SAR_0091,1,sem plano SAR neste marco; resolver bloqueio antes de preparar canario,nenhum artefato SAR neste marco,bloqueio resolvido em marco futuro,"permanece review-only, sem SAR e sem promocao",false,false,false,false,false,false,true
SPL_00092,SAR_0092,1,sem plano SAR neste marco; resolver bloqueio antes de preparar canario,nenhum artefato SAR neste marco,bloqueio resolvido em marco futuro,"permanece review-only, sem SAR e sem promocao",false,false,false,false,false,false,true
SPL_00093,SAR_0093,1,sem plano SAR neste marco; resolver bloqueio antes de preparar canario,nenhum artefato SAR neste marco,bloqueio resolvido em marco futuro,"permanece review-only, sem SAR e sem promocao",false,false,false,false,false,false,true
SPL_00094,SAR_0094,1,sem plano SAR neste marco; resolver bloqueio antes de preparar canario,nenhum artefato SAR neste marco,bloqueio resolvido em marco futuro,"permanece review-only, sem SAR e sem promocao",false,false,false,false,false,false,true
SPL_00095,SAR_0095,1,sem plano SAR neste marco; resolver bloqueio antes de preparar canario,nenhum artefato SAR neste marco,bloqueio resolvido em marco futuro,"permanece review-only, sem SAR e sem promocao",false,false,false,false,false,false,true
SPL_00096,SAR_0096,1,sem plano SAR neste marco; resolver bloqueio antes de preparar canario,nenhum artefato SAR neste marco,bloqueio resolvido em marco futuro,"permanece review-only, sem SAR e sem promocao",false,false,false,false,false,false,true
SPL_00097,SAR_0097,1,sem plano SAR neste marco; resolver bloqueio antes de preparar canario,nenhum artefato SAR neste marco,bloqueio resolvido em marco futuro,"permanece review-only, sem SAR e sem promocao",false,false,false,false,false,false,true
SPL_00098,SAR_0098,1,sem plano SAR neste marco; resolver bloqueio antes de preparar canario,nenhum artefato SAR neste marco,bloqueio resolvido em marco futuro,"permanece review-only, sem SAR e sem promocao",false,false,false,false,false,false,true
SPL_00099,SAR_0099,1,sem plano SAR neste marco; resolver bloqueio antes de preparar canario,nenhum artefato SAR neste marco,bloqueio resolvido em marco futuro,"permanece review-only, sem SAR e sem promocao",false,false,false,false,false,false,true
SPL_00100,SAR_0100,1,sem plano SAR neste marco; resolver bloqueio antes de preparar canario,nenhum artefato SAR neste marco,bloqueio resolvido em marco futuro,"permanece review-only, sem SAR e sem promocao",false,false,false,false,false,false,true
SPL_00101,SAR_0101,1,sem plano SAR neste marco; resolver bloqueio antes de preparar canario,nenhum artefato SAR neste marco,bloqueio resolvido em marco futuro,"permanece review-only, sem SAR e sem promocao",false,false,false,false,false,false,true
SPL_00102,SAR_0102,1,sem plano SAR neste marco; resolver bloqueio antes de preparar canario,nenhum artefato SAR neste marco,bloqueio resolvido em marco futuro,"permanece review-only, sem SAR e sem promocao",false,false,false,false,false,false,true
SPL_00103,SAR_0103,1,sem plano SAR neste marco; resolver bloqueio antes de preparar canario,nenhum artefato SAR neste marco,bloqueio resolvido em marco futuro,"permanece review-only, sem SAR e sem promocao",false,false,false,false,false,false,true
SPL_00104,SAR_0104,1,sem plano SAR neste marco; resolver bloqueio antes de preparar canario,nenhum artefato SAR neste marco,bloqueio resolvido em marco futuro,"permanece review-only, sem SAR e sem promocao",false,false,false,false,false,false,true
SPL_00105,SAR_0105,1,sem plano SAR neste marco; resolver bloqueio antes de preparar canario,nenhum artefato SAR neste marco,bloqueio resolvido em marco futuro,"permanece review-only, sem SAR e sem promocao",false,false,false,false,false,false,true
SPL_00106,SAR_0106,1,sem plano SAR neste marco; resolver bloqueio antes de preparar canario,nenhum artefato SAR neste marco,bloqueio resolvido em marco futuro,"permanece review-only, sem SAR e sem promocao",false,false,false,false,false,false,true
SPL_00107,SAR_0107,1,sem plano SAR neste marco; resolver bloqueio antes de preparar canario,nenhum artefato SAR neste marco,bloqueio resolvido em marco futuro,"permanece review-only, sem SAR e sem promocao",false,false,false,false,false,false,true
SPL_00108,SAR_0108,1,sem plano SAR neste marco; resolver bloqueio antes de preparar canario,nenhum artefato SAR neste marco,bloqueio resolvido em marco futuro,"permanece review-only, sem SAR e sem promocao",false,false,false,false,false,false,true
SPL_00109,SAR_0109,1,sem plano SAR neste marco; resolver bloqueio antes de preparar canario,nenhum artefato SAR neste marco,bloqueio resolvido em marco futuro,"permanece review-only, sem SAR e sem promocao",false,false,false,false,false,false,true
SPL_00110,SAR_0110,1,sem plano SAR neste marco; resolver bloqueio antes de preparar canario,nenhum artefato SAR neste marco,bloqueio resolvido em marco futuro,"permanece review-only, sem SAR e sem promocao",false,false,false,false,false,false,true
SPL_00111,SAR_0111,1,sem plano SAR neste marco; resolver bloqueio antes de preparar canario,nenhum artefato SAR neste marco,bloqueio resolvido em marco futuro,"permanece review-only, sem SAR e sem promocao",false,false,false,false,false,false,true
SPL_00112,SAR_0112,1,sem plano SAR neste marco; resolver bloqueio antes de preparar canario,nenhum artefato SAR neste marco,bloqueio resolvido em marco futuro,"permanece review-only, sem SAR e sem promocao",false,false,false,false,false,false,true
SPL_00113,SAR_0113,1,sem plano SAR neste marco; resolver bloqueio antes de preparar canario,nenhum artefato SAR neste marco,bloqueio resolvido em marco futuro,"permanece review-only, sem SAR e sem promocao",false,false,false,false,false,false,true
SPL_00114,SAR_0114,1,sem plano SAR neste marco; resolver bloqueio antes de preparar canario,nenhum artefato SAR neste marco,bloqueio resolvido em marco futuro,"permanece review-only, sem SAR e sem promocao",false,false,false,false,false,false,true
SPL_00115,SAR_0115,1,sem plano SAR neste marco; resolver bloqueio antes de preparar canario,nenhum artefato SAR neste marco,bloqueio resolvido em marco futuro,"permanece review-only, sem SAR e sem promocao",false,false,false,false,false,false,true
SPL_00116,SAR_0116,1,sem plano SAR neste marco; resolver bloqueio antes de preparar canario,nenhum artefato SAR neste marco,bloqueio resolvido em marco futuro,"permanece review-only, sem SAR e sem promocao",false,false,false,false,false,false,true
SPL_00117,SAR_0117,1,sem plano SAR neste marco; resolver bloqueio antes de preparar canario,nenhum artefato SAR neste marco,bloqueio resolvido em marco futuro,"permanece review-only, sem SAR e sem promocao",false,false,false,false,false,false,true
SPL_00118,SAR_0118,1,sem plano SAR neste marco; resolver bloqueio antes de preparar canario,nenhum artefato SAR neste marco,bloqueio resolvido em marco futuro,"permanece review-only, sem SAR e sem promocao",false,false,false,false,false,false,true
SPL_00119,SAR_0119,1,sem plano SAR neste marco; resolver bloqueio antes de preparar canario,nenhum artefato SAR neste marco,bloqueio resolvido em marco futuro,"permanece review-only, sem SAR e sem promocao",false,false,false,false,false,false,true
SPL_00120,SAR_0120,1,sem plano SAR neste marco; resolver bloqueio antes de preparar canario,nenhum artefato SAR neste marco,bloqueio resolvido em marco futuro,"permanece review-only, sem SAR e sem promocao",false,false,false,false,false,false,true
SPL_00121,SAR_0121,1,sem plano SAR neste marco; resolver bloqueio antes de preparar canario,nenhum artefato SAR neste marco,bloqueio resolvido em marco futuro,"permanece review-only, sem SAR e sem promocao",false,false,false,false,false,false,true
SPL_00122,SAR_0122,1,sem plano SAR neste marco; resolver bloqueio antes de preparar canario,nenhum artefato SAR neste marco,bloqueio resolvido em marco futuro,"permanece review-only, sem SAR e sem promocao",false,false,false,false,false,false,true
SPL_00123,SAR_0123,1,sem plano SAR neste marco; resolver bloqueio antes de preparar canario,nenhum artefato SAR neste marco,bloqueio resolvido em marco futuro,"permanece review-only, sem SAR e sem promocao",false,false,false,false,false,false,true
SPL_00124,SAR_0124,1,sem plano SAR neste marco; resolver bloqueio antes de preparar canario,nenhum artefato SAR neste marco,bloqueio resolvido em marco futuro,"permanece review-only, sem SAR e sem promocao",false,false,false,false,false,false,true
SPL_00125,SAR_0125,1,sem plano SAR neste marco; resolver bloqueio antes de preparar canario,nenhum artefato SAR neste marco,bloqueio resolvido em marco futuro,"permanece review-only, sem SAR e sem promocao",false,false,false,false,false,false,true
SPL_00126,SAR_0126,1,sem plano SAR neste marco; resolver bloqueio antes de preparar canario,nenhum artefato SAR neste marco,bloqueio resolvido em marco futuro,"permanece review-only, sem SAR e sem promocao",false,false,false,false,false,false,true
SPL_00127,SAR_0127,1,sem plano SAR neste marco; resolver bloqueio antes de preparar canario,nenhum artefato SAR neste marco,bloqueio resolvido em marco futuro,"permanece review-only, sem SAR e sem promocao",false,false,false,false,false,false,true
SPL_00128,SAR_0128,1,sem plano SAR neste marco; resolver bloqueio antes de preparar canario,nenhum artefato SAR neste marco,bloqueio resolvido em marco futuro,"permanece review-only, sem SAR e sem promocao",false,false,false,false,false,false,true
SPL_00129,SAR_0129,1,sem plano SAR neste marco; resolver bloqueio antes de preparar canario,nenhum artefato SAR neste marco,bloqueio resolvido em marco futuro,"permanece review-only, sem SAR e sem promocao",false,false,false,false,false,false,true
SPL_00130,SAR_0130,1,sem plano SAR neste marco; resolver bloqueio antes de preparar canario,nenhum artefato SAR neste marco,bloqueio resolvido em marco futuro,"permanece review-only, sem SAR e sem promocao",false,false,false,false,false,false,true
SPL_00131,SAR_0131,1,sem plano SAR neste marco; resolver bloqueio antes de preparar canario,nenhum artefato SAR neste marco,bloqueio resolvido em marco futuro,"permanece review-only, sem SAR e sem promocao",false,false,false,false,false,false,true
SPL_00132,SAR_0132,1,sem plano SAR neste marco; resolver bloqueio antes de preparar canario,nenhum artefato SAR neste marco,bloqueio resolvido em marco futuro,"permanece review-only, sem SAR e sem promocao",false,false,false,false,false,false,true
SPL_00133,SAR_0133,1,sem plano SAR neste marco; resolver bloqueio antes de preparar canario,nenhum artefato SAR neste marco,bloqueio resolvido em marco futuro,"permanece review-only, sem SAR e sem promocao",false,false,false,false,false,false,true
SPL_00134,SAR_0134,1,sem plano SAR neste marco; resolver bloqueio antes de preparar canario,nenhum artefato SAR neste marco,bloqueio resolvido em marco futuro,"permanece review-only, sem SAR e sem promocao",false,false,false,false,false,false,true
SPL_00135,SAR_0135,1,sem plano SAR neste marco; resolver bloqueio antes de preparar canario,nenhum artefato SAR neste marco,bloqueio resolvido em marco futuro,"permanece review-only, sem SAR e sem promocao",false,false,false,false,false,false,true
SPL_00136,SAR_0136,1,sem plano SAR neste marco; resolver bloqueio antes de preparar canario,nenhum artefato SAR neste marco,bloqueio resolvido em marco futuro,"permanece review-only, sem SAR e sem promocao",false,false,false,false,false,false,true
SPL_00137,SAR_0137,1,sem plano SAR neste marco; resolver bloqueio antes de preparar canario,nenhum artefato SAR neste marco,bloqueio resolvido em marco futuro,"permanece review-only, sem SAR e sem promocao",false,false,false,false,false,false,true
SPL_00138,SAR_0138,1,sem plano SAR neste marco; resolver bloqueio antes de preparar canario,nenhum artefato SAR neste marco,bloqueio resolvido em marco futuro,"permanece review-only, sem SAR e sem promocao",false,false,false,false,false,false,true
SPL_00139,SAR_0139,1,sem plano SAR neste marco; resolver bloqueio antes de preparar canario,nenhum artefato SAR neste marco,bloqueio resolvido em marco futuro,"permanece review-only, sem SAR e sem promocao",false,false,false,false,false,false,true
SPL_00140,SAR_0140,1,sem plano SAR neste marco; resolver bloqueio antes de preparar canario,nenhum artefato SAR neste marco,bloqueio resolvido em marco futuro,"permanece review-only, sem SAR e sem promocao",false,false,false,false,false,false,true
SPL_00141,SAR_0141,1,sem plano SAR neste marco; resolver bloqueio antes de preparar canario,nenhum artefato SAR neste marco,bloqueio resolvido em marco futuro,"permanece review-only, sem SAR e sem promocao",false,false,false,false,false,false,true
SPL_00142,SAR_0142,1,sem plano SAR neste marco; resolver bloqueio antes de preparar canario,nenhum artefato SAR neste marco,bloqueio resolvido em marco futuro,"permanece review-only, sem SAR e sem promocao",false,false,false,false,false,false,true
SPL_00143,SAR_0143,1,sem plano SAR neste marco; resolver bloqueio antes de preparar canario,nenhum artefato SAR neste marco,bloqueio resolvido em marco futuro,"permanece review-only, sem SAR e sem promocao",false,false,false,false,false,false,true
SPL_00144,SAR_0144,1,sem plano SAR neste marco; resolver bloqueio antes de preparar canario,nenhum artefato SAR neste marco,bloqueio resolvido em marco futuro,"permanece review-only, sem SAR e sem promocao",false,false,false,false,false,false,true
SPL_00145,SAR_0145,1,sem plano SAR neste marco; resolver bloqueio antes de preparar canario,nenhum artefato SAR neste marco,bloqueio resolvido em marco futuro,"permanece review-only, sem SAR e sem promocao",false,false,false,false,false,false,true
SPL_00146,SAR_0146,1,sem plano SAR neste marco; resolver bloqueio antes de preparar canario,nenhum artefato SAR neste marco,bloqueio resolvido em marco futuro,"permanece review-only, sem SAR e sem promocao",false,false,false,false,false,false,true
SPL_00147,SAR_0147,1,sem plano SAR neste marco; resolver bloqueio antes de preparar canario,nenhum artefato SAR neste marco,bloqueio resolvido em marco futuro,"permanece review-only, sem SAR e sem promocao",false,false,false,false,false,false,true
SPL_00148,SAR_0148,1,sem plano SAR neste marco; resolver bloqueio antes de preparar canario,nenhum artefato SAR neste marco,bloqueio resolvido em marco futuro,"permanece review-only, sem SAR e sem promocao",false,false,false,false,false,false,true
SPL_00149,SAR_0149,1,sem plano SAR neste marco; resolver bloqueio antes de preparar canario,nenhum artefato SAR neste marco,bloqueio resolvido em marco futuro,"permanece review-only, sem SAR e sem promocao",false,false,false,false,false,false,true
SPL_00150,SAR_0150,1,sem plano SAR neste marco; resolver bloqueio antes de preparar canario,nenhum artefato SAR neste marco,bloqueio resolvido em marco futuro,"permanece review-only, sem SAR e sem promocao",false,false,false,false,false,false,true
SPL_00151,SAR_0151,1,sem plano SAR neste marco; resolver bloqueio antes de preparar canario,nenhum artefato SAR neste marco,bloqueio resolvido em marco futuro,"permanece review-only, sem SAR e sem promocao",false,false,false,false,false,false,true
SPL_00152,SAR_0152,1,sem plano SAR neste marco; resolver bloqueio antes de preparar canario,nenhum artefato SAR neste marco,bloqueio resolvido em marco futuro,"permanece review-only, sem SAR e sem promocao",false,false,false,false,false,false,true
SPL_00153,SAR_0153,1,sem plano SAR neste marco; resolver bloqueio antes de preparar canario,nenhum artefato SAR neste marco,bloqueio resolvido em marco futuro,"permanece review-only, sem SAR e sem promocao",false,false,false,false,false,false,true
SPL_00154,SAR_0154,1,sem plano SAR neste marco; resolver bloqueio antes de preparar canario,nenhum artefato SAR neste marco,bloqueio resolvido em marco futuro,"permanece review-only, sem SAR e sem promocao",false,false,false,false,false,false,true
SPL_00155,SAR_0155,1,sem plano SAR neste marco; resolver bloqueio antes de preparar canario,nenhum artefato SAR neste marco,bloqueio resolvido em marco futuro,"permanece review-only, sem SAR e sem promocao",false,false,false,false,false,false,true
SPL_00156,SAR_0156,1,sem plano SAR neste marco; resolver bloqueio antes de preparar canario,nenhum artefato SAR neste marco,bloqueio resolvido em marco futuro,"permanece review-only, sem SAR e sem promocao",false,false,false,false,false,false,true
SPL_00157,SAR_0157,1,sem plano SAR neste marco; resolver bloqueio antes de preparar canario,nenhum artefato SAR neste marco,bloqueio resolvido em marco futuro,"permanece review-only, sem SAR e sem promocao",false,false,false,false,false,false,true
SPL_00158,SAR_0158,1,sem plano SAR neste marco; resolver bloqueio antes de preparar canario,nenhum artefato SAR neste marco,bloqueio resolvido em marco futuro,"permanece review-only, sem SAR e sem promocao",false,false,false,false,false,false,true
SPL_00159,SAR_0159,1,sem plano SAR neste marco; resolver bloqueio antes de preparar canario,nenhum artefato SAR neste marco,bloqueio resolvido em marco futuro,"permanece review-only, sem SAR e sem promocao",false,false,false,false,false,false,true
SPL_00160,SAR_0160,1,sem plano SAR neste marco; resolver bloqueio antes de preparar canario,nenhum artefato SAR neste marco,bloqueio resolvido em marco futuro,"permanece review-only, sem SAR e sem promocao",false,false,false,false,false,false,true
SPL_00161,SAR_0161,1,sem plano SAR neste marco; resolver bloqueio antes de preparar canario,nenhum artefato SAR neste marco,bloqueio resolvido em marco futuro,"permanece review-only, sem SAR e sem promocao",false,false,false,false,false,false,true
SPL_00162,SAR_0162,1,sem plano SAR neste marco; resolver bloqueio antes de preparar canario,nenhum artefato SAR neste marco,bloqueio resolvido em marco futuro,"permanece review-only, sem SAR e sem promocao",false,false,false,false,false,false,true
SPL_00163,SAR_0163,1,sem plano SAR neste marco; resolver bloqueio antes de preparar canario,nenhum artefato SAR neste marco,bloqueio resolvido em marco futuro,"permanece review-only, sem SAR e sem promocao",false,false,false,false,false,false,true
SPL_00164,SAR_0164,1,sem plano SAR neste marco; resolver bloqueio antes de preparar canario,nenhum artefato SAR neste marco,bloqueio resolvido em marco futuro,"permanece review-only, sem SAR e sem promocao",false,false,false,false,false,false,true
SPL_00165,SAR_0165,1,sem plano SAR neste marco; resolver bloqueio antes de preparar canario,nenhum artefato SAR neste marco,bloqueio resolvido em marco futuro,"permanece review-only, sem SAR e sem promocao",false,false,false,false,false,false,true
SPL_00166,SAR_0166,1,sem plano SAR neste marco; resolver bloqueio antes de preparar canario,nenhum artefato SAR neste marco,bloqueio resolvido em marco futuro,"permanece review-only, sem SAR e sem promocao",false,false,false,false,false,false,true
SPL_00167,SAR_0167,1,sem plano SAR neste marco; resolver bloqueio antes de preparar canario,nenhum artefato SAR neste marco,bloqueio resolvido em marco futuro,"permanece review-only, sem SAR e sem promocao",false,false,false,false,false,false,true
SPL_00168,SAR_0168,1,sem plano SAR neste marco; resolver bloqueio antes de preparar canario,nenhum artefato SAR neste marco,bloqueio resolvido em marco futuro,"permanece review-only, sem SAR e sem promocao",false,false,false,false,false,false,true
SPL_00169,SAR_0169,1,sem plano SAR neste marco; resolver bloqueio antes de preparar canario,nenhum artefato SAR neste marco,bloqueio resolvido em marco futuro,"permanece review-only, sem SAR e sem promocao",false,false,false,false,false,false,true
SPL_00170,SAR_0170,1,sem plano SAR neste marco; resolver bloqueio antes de preparar canario,nenhum artefato SAR neste marco,bloqueio resolvido em marco futuro,"permanece review-only, sem SAR e sem promocao",false,false,false,false,false,false,true
SPL_00171,SAR_0171,1,sem plano SAR neste marco; resolver bloqueio antes de preparar canario,nenhum artefato SAR neste marco,bloqueio resolvido em marco futuro,"permanece review-only, sem SAR e sem promocao",false,false,false,false,false,false,true
SPL_00172,SAR_0172,1,sem plano SAR neste marco; resolver bloqueio antes de preparar canario,nenhum artefato SAR neste marco,bloqueio resolvido em marco futuro,"permanece review-only, sem SAR e sem promocao",false,false,false,false,false,false,true
SPL_00173,SAR_0173,1,sem plano SAR neste marco; resolver bloqueio antes de preparar canario,nenhum artefato SAR neste marco,bloqueio resolvido em marco futuro,"permanece review-only, sem SAR e sem promocao",false,false,false,false,false,false,true
SPL_00174,SAR_0174,1,sem plano SAR neste marco; resolver bloqueio antes de preparar canario,nenhum artefato SAR neste marco,bloqueio resolvido em marco futuro,"permanece review-only, sem SAR e sem promocao",false,false,false,false,false,false,true
SPL_00175,SAR_0175,1,sem plano SAR neste marco; resolver bloqueio antes de preparar canario,nenhum artefato SAR neste marco,bloqueio resolvido em marco futuro,"permanece review-only, sem SAR e sem promocao",false,false,false,false,false,false,true
SPL_00176,SAR_0176,1,sem plano SAR neste marco; resolver bloqueio antes de preparar canario,nenhum artefato SAR neste marco,bloqueio resolvido em marco futuro,"permanece review-only, sem SAR e sem promocao",false,false,false,false,false,false,true
SPL_00177,SAR_0177,1,sem plano SAR neste marco; resolver bloqueio antes de preparar canario,nenhum artefato SAR neste marco,bloqueio resolvido em marco futuro,"permanece review-only, sem SAR e sem promocao",false,false,false,false,false,false,true
SPL_00178,SAR_0178,1,sem plano SAR neste marco; resolver bloqueio antes de preparar canario,nenhum artefato SAR neste marco,bloqueio resolvido em marco futuro,"permanece review-only, sem SAR e sem promocao",false,false,false,false,false,false,true
SPL_00179,SAR_0179,1,sem plano SAR neste marco; resolver bloqueio antes de preparar canario,nenhum artefato SAR neste marco,bloqueio resolvido em marco futuro,"permanece review-only, sem SAR e sem promocao",false,false,false,false,false,false,true
SPL_00180,SAR_0180,1,sem plano SAR neste marco; resolver bloqueio antes de preparar canario,nenhum artefato SAR neste marco,bloqueio resolvido em marco futuro,"permanece review-only, sem SAR e sem promocao",false,false,false,false,false,false,true
SPL_00181,SAR_0181,1,sem plano SAR neste marco; resolver bloqueio antes de preparar canario,nenhum artefato SAR neste marco,bloqueio resolvido em marco futuro,"permanece review-only, sem SAR e sem promocao",false,false,false,false,false,false,true
SPL_00182,SAR_0182,1,sem plano SAR neste marco; resolver bloqueio antes de preparar canario,nenhum artefato SAR neste marco,bloqueio resolvido em marco futuro,"permanece review-only, sem SAR e sem promocao",false,false,false,false,false,false,true
SPL_00183,SAR_0183,1,sem plano SAR neste marco; resolver bloqueio antes de preparar canario,nenhum artefato SAR neste marco,bloqueio resolvido em marco futuro,"permanece review-only, sem SAR e sem promocao",false,false,false,false,false,false,true
SPL_00184,SAR_0184,1,sem plano SAR neste marco; resolver bloqueio antes de preparar canario,nenhum artefato SAR neste marco,bloqueio resolvido em marco futuro,"permanece review-only, sem SAR e sem promocao",false,false,false,false,false,false,true
SPL_00185,SAR_0185,1,sem plano SAR neste marco; resolver bloqueio antes de preparar canario,nenhum artefato SAR neste marco,bloqueio resolvido em marco futuro,"permanece review-only, sem SAR e sem promocao",false,false,false,false,false,false,true
SPL_00186,SAR_0186,1,confirmar AOI/patch do alvo,AOI/patch confirmado,"AOI/patch confirmado registrado e auditavel, mantendo review_only","sem o artefato, o canario nao avanca; sem promocao e sem treino",false,false,false,false,false,false,true
SPL_00187,SAR_0186,2,buscar cenas Sentinel-1 futuras (sem executar agora),lista de cenas candidatas,"lista de cenas candidatas registrado e auditavel, mantendo review_only","sem o artefato, o canario nao avanca; sem promocao e sem treino",true,true,false,false,false,true,true
SPL_00188,SAR_0186,3,selecionar janela pre-evento,cena pre-evento selecionada,"cena pre-evento selecionada registrado e auditavel, mantendo review_only","sem o artefato, o canario nao avanca; sem promocao e sem treino",true,true,false,false,false,true,true
SPL_00189,SAR_0186,4,selecionar janela pos-evento,cena pos-evento selecionada,"cena pos-evento selecionada registrado e auditavel, mantendo review_only","sem o artefato, o canario nao avanca; sem promocao e sem treino",true,true,false,false,false,true,true
SPL_00190,SAR_0186,5,aplicar pre-processamento SAR futuro,SAR pre-processado,"SAR pre-processado registrado e auditavel, mantendo review_only","sem o artefato, o canario nao avanca; sem promocao e sem treino",false,true,false,false,false,true,true
SPL_00191,SAR_0186,6,aplicar mascara de agua permanente futura,mascara de agua aplicada,"mascara de agua aplicada registrado e auditavel, mantendo review_only","sem o artefato, o canario nao avanca; sem promocao e sem treino",false,true,true,false,false,true,true
SPL_00192,SAR_0186,7,aplicar filtros HAND/slope futuros,filtros topograficos aplicados,"filtros topograficos aplicados registrado e auditavel, mantendo review_only","sem o artefato, o canario nao avanca; sem promocao e sem treino",false,false,false,false,false,true,true
SPL_00193,SAR_0186,8,tratar ambiguidade urbana futura,ambiguidade urbana tratada,"ambiguidade urbana tratada registrado e auditavel, mantendo review_only","sem o artefato, o canario nao avanca; sem promocao e sem treino",false,true,false,false,false,true,true
SPL_00194,SAR_0186,9,gerar poligono candidato futuro,poligono candidato (referencia de avaliacao),"poligono candidato (referencia de avaliacao) registrado e auditavel, mantendo review_only","sem o artefato, o canario nao avanca; sem promocao e sem treino",false,true,false,false,false,true,true
SPL_00195,SAR_0186,10,executar QA humano futuro,QA humano concluido,"QA humano concluido registrado e auditavel, mantendo review_only","sem o artefato, o canario nao avanca; sem promocao e sem treino",false,false,false,true,true,false,true
SPL_00196,SAR_0187,1,confirmar AOI/patch do alvo,AOI/patch confirmado,"AOI/patch confirmado registrado e auditavel, mantendo review_only","sem o artefato, o canario nao avanca; sem promocao e sem treino",false,false,false,false,false,false,true
SPL_00197,SAR_0187,2,buscar cenas Sentinel-1 futuras (sem executar agora),lista de cenas candidatas,"lista de cenas candidatas registrado e auditavel, mantendo review_only","sem o artefato, o canario nao avanca; sem promocao e sem treino",true,true,false,false,false,true,true
SPL_00198,SAR_0187,3,selecionar janela pre-evento,cena pre-evento selecionada,"cena pre-evento selecionada registrado e auditavel, mantendo review_only","sem o artefato, o canario nao avanca; sem promocao e sem treino",true,true,false,false,false,true,true
SPL_00199,SAR_0187,4,selecionar janela pos-evento,cena pos-evento selecionada,"cena pos-evento selecionada registrado e auditavel, mantendo review_only","sem o artefato, o canario nao avanca; sem promocao e sem treino",true,true,false,false,false,true,true
SPL_00200,SAR_0187,5,aplicar pre-processamento SAR futuro,SAR pre-processado,"SAR pre-processado registrado e auditavel, mantendo review_only","sem o artefato, o canario nao avanca; sem promocao e sem treino",false,true,false,false,false,true,true
SPL_00201,SAR_0187,6,aplicar mascara de agua permanente futura,mascara de agua aplicada,"mascara de agua aplicada registrado e auditavel, mantendo review_only","sem o artefato, o canario nao avanca; sem promocao e sem treino",false,true,true,false,false,true,true
SPL_00202,SAR_0187,7,aplicar filtros HAND/slope futuros,filtros topograficos aplicados,"filtros topograficos aplicados registrado e auditavel, mantendo review_only","sem o artefato, o canario nao avanca; sem promocao e sem treino",false,false,false,false,false,true,true
SPL_00203,SAR_0187,8,tratar ambiguidade urbana futura,ambiguidade urbana tratada,"ambiguidade urbana tratada registrado e auditavel, mantendo review_only","sem o artefato, o canario nao avanca; sem promocao e sem treino",false,true,false,false,false,true,true
SPL_00204,SAR_0187,9,gerar poligono candidato futuro,poligono candidato (referencia de avaliacao),"poligono candidato (referencia de avaliacao) registrado e auditavel, mantendo review_only","sem o artefato, o canario nao avanca; sem promocao e sem treino",false,true,false,false,false,true,true
SPL_00205,SAR_0187,10,executar QA humano futuro,QA humano concluido,"QA humano concluido registrado e auditavel, mantendo review_only","sem o artefato, o canario nao avanca; sem promocao e sem treino",false,false,false,true,true,false,true
SPL_00206,SAR_0188,1,sem plano SAR neste marco; resolver bloqueio antes de preparar canario,nenhum artefato SAR neste marco,bloqueio resolvido em marco futuro,"permanece review-only, sem SAR e sem promocao",false,false,false,false,false,false,true
SPL_00207,SAR_0189,1,sem plano SAR neste marco; resolver bloqueio antes de preparar canario,nenhum artefato SAR neste marco,bloqueio resolvido em marco futuro,"permanece review-only, sem SAR e sem promocao",false,false,false,false,false,false,true
SPL_00208,SAR_0190,1,sem plano SAR neste marco; resolver bloqueio antes de preparar canario,nenhum artefato SAR neste marco,bloqueio resolvido em marco futuro,"permanece review-only, sem SAR e sem promocao",false,false,false,false,false,false,true
SPL_00209,SAR_0191,1,sem plano SAR neste marco; resolver bloqueio antes de preparar canario,nenhum artefato SAR neste marco,bloqueio resolvido em marco futuro,"permanece review-only, sem SAR e sem promocao",false,false,false,false,false,false,true
SPL_00210,SAR_0192,1,sem plano SAR neste marco; resolver bloqueio antes de preparar canario,nenhum artefato SAR neste marco,bloqueio resolvido em marco futuro,"permanece review-only, sem SAR e sem promocao",false,false,false,false,false,false,true
SPL_00211,SAR_0193,1,sem plano SAR neste marco; resolver bloqueio antes de preparar canario,nenhum artefato SAR neste marco,bloqueio resolvido em marco futuro,"permanece review-only, sem SAR e sem promocao",false,false,false,false,false,false,true
SPL_00212,SAR_0194,1,sem plano SAR neste marco; resolver bloqueio antes de preparar canario,nenhum artefato SAR neste marco,bloqueio resolvido em marco futuro,"permanece review-only, sem SAR e sem promocao",false,false,false,false,false,false,true
SPL_00213,SAR_0195,1,sem plano SAR neste marco; resolver bloqueio antes de preparar canario,nenhum artefato SAR neste marco,bloqueio resolvido em marco futuro,"permanece review-only, sem SAR e sem promocao",false,false,false,false,false,false,true
SPL_00214,SAR_0196,1,sem plano SAR neste marco; resolver bloqueio antes de preparar canario,nenhum artefato SAR neste marco,bloqueio resolvido em marco futuro,"permanece review-only, sem SAR e sem promocao",false,false,false,false,false,false,true
SPL_00215,SAR_0197,1,sem plano SAR neste marco; resolver bloqueio antes de preparar canario,nenhum artefato SAR neste marco,bloqueio resolvido em marco futuro,"permanece review-only, sem SAR e sem promocao",false,false,false,false,false,false,true
SPL_00216,SAR_0198,1,sem plano SAR neste marco; resolver bloqueio antes de preparar canario,nenhum artefato SAR neste marco,bloqueio resolvido em marco futuro,"permanece review-only, sem SAR e sem promocao",false,false,false,false,false,false,true
SPL_00217,SAR_0199,1,sem plano SAR neste marco; resolver bloqueio antes de preparar canario,nenhum artefato SAR neste marco,bloqueio resolvido em marco futuro,"permanece review-only, sem SAR e sem promocao",false,false,false,false,false,false,true
SPL_00218,SAR_0200,1,sem plano SAR neste marco; resolver bloqueio antes de preparar canario,nenhum artefato SAR neste marco,bloqueio resolvido em marco futuro,"permanece review-only, sem SAR e sem promocao",false,false,false,false,false,false,true
SPL_00219,SAR_0201,1,sem plano SAR neste marco; resolver bloqueio antes de preparar canario,nenhum artefato SAR neste marco,bloqueio resolvido em marco futuro,"permanece review-only, sem SAR e sem promocao",false,false,false,false,false,false,true
SPL_00220,SAR_0202,1,sem plano SAR neste marco; resolver bloqueio antes de preparar canario,nenhum artefato SAR neste marco,bloqueio resolvido em marco futuro,"permanece review-only, sem SAR e sem promocao",false,false,false,false,false,false,true
SPL_00221,SAR_0203,1,sem plano SAR neste marco; resolver bloqueio antes de preparar canario,nenhum artefato SAR neste marco,bloqueio resolvido em marco futuro,"permanece review-only, sem SAR e sem promocao",false,false,false,false,false,false,true
SPL_00222,SAR_0204,1,sem plano SAR neste marco; resolver bloqueio antes de preparar canario,nenhum artefato SAR neste marco,bloqueio resolvido em marco futuro,"permanece review-only, sem SAR e sem promocao",false,false,false,false,false,false,true
SPL_00223,SAR_0205,1,sem plano SAR neste marco; resolver bloqueio antes de preparar canario,nenhum artefato SAR neste marco,bloqueio resolvido em marco futuro,"permanece review-only, sem SAR e sem promocao",false,false,false,false,false,false,true
SPL_00224,SAR_0206,1,sem plano SAR neste marco; resolver bloqueio antes de preparar canario,nenhum artefato SAR neste marco,bloqueio resolvido em marco futuro,"permanece review-only, sem SAR e sem promocao",false,false,false,false,false,false,true
SPL_00225,SAR_0207,1,sem plano SAR neste marco; resolver bloqueio antes de preparar canario,nenhum artefato SAR neste marco,bloqueio resolvido em marco futuro,"permanece review-only, sem SAR e sem promocao",false,false,false,false,false,false,true
SPL_00226,SAR_0208,1,sem plano SAR neste marco; resolver bloqueio antes de preparar canario,nenhum artefato SAR neste marco,bloqueio resolvido em marco futuro,"permanece review-only, sem SAR e sem promocao",false,false,false,false,false,false,true
SPL_00227,SAR_0209,1,sem plano SAR neste marco; resolver bloqueio antes de preparar canario,nenhum artefato SAR neste marco,bloqueio resolvido em marco futuro,"permanece review-only, sem SAR e sem promocao",false,false,false,false,false,false,true
SPL_00228,SAR_0210,1,sem plano SAR neste marco; resolver bloqueio antes de preparar canario,nenhum artefato SAR neste marco,bloqueio resolvido em marco futuro,"permanece review-only, sem SAR e sem promocao",false,false,false,false,false,false,true
SPL_00229,SAR_0211,1,sem plano SAR neste marco; resolver bloqueio antes de preparar canario,nenhum artefato SAR neste marco,bloqueio resolvido em marco futuro,"permanece review-only, sem SAR e sem promocao",false,false,false,false,false,false,true
SPL_00230,SAR_0212,1,sem plano SAR neste marco; resolver bloqueio antes de preparar canario,nenhum artefato SAR neste marco,bloqueio resolvido em marco futuro,"permanece review-only, sem SAR e sem promocao",false,false,false,false,false,false,true
SPL_00231,SAR_0213,1,sem plano SAR neste marco; resolver bloqueio antes de preparar canario,nenhum artefato SAR neste marco,bloqueio resolvido em marco futuro,"permanece review-only, sem SAR e sem promocao",false,false,false,false,false,false,true
SPL_00232,SAR_0214,1,sem plano SAR neste marco; resolver bloqueio antes de preparar canario,nenhum artefato SAR neste marco,bloqueio resolvido em marco futuro,"permanece review-only, sem SAR e sem promocao",false,false,false,false,false,false,true
SPL_00233,SAR_0215,1,sem plano SAR neste marco; resolver bloqueio antes de preparar canario,nenhum artefato SAR neste marco,bloqueio resolvido em marco futuro,"permanece review-only, sem SAR e sem promocao",false,false,false,false,false,false,true
SPL_00234,SAR_0216,1,sem plano SAR neste marco; resolver bloqueio antes de preparar canario,nenhum artefato SAR neste marco,bloqueio resolvido em marco futuro,"permanece review-only, sem SAR e sem promocao",false,false,false,false,false,false,true
SPL_00235,SAR_0217,1,sem plano SAR neste marco; resolver bloqueio antes de preparar canario,nenhum artefato SAR neste marco,bloqueio resolvido em marco futuro,"permanece review-only, sem SAR e sem promocao",false,false,false,false,false,false,true
SPL_00236,SAR_0218,1,sem plano SAR neste marco; resolver bloqueio antes de preparar canario,nenhum artefato SAR neste marco,bloqueio resolvido em marco futuro,"permanece review-only, sem SAR e sem promocao",false,false,false,false,false,false,true
SPL_00237,SAR_0219,1,sem plano SAR neste marco; resolver bloqueio antes de preparar canario,nenhum artefato SAR neste marco,bloqueio resolvido em marco futuro,"permanece review-only, sem SAR e sem promocao",false,false,false,false,false,false,true
SPL_00238,SAR_0220,1,sem plano SAR neste marco; resolver bloqueio antes de preparar canario,nenhum artefato SAR neste marco,bloqueio resolvido em marco futuro,"permanece review-only, sem SAR e sem promocao",false,false,false,false,false,false,true
SPL_00239,SAR_0221,1,sem plano SAR neste marco; resolver bloqueio antes de preparar canario,nenhum artefato SAR neste marco,bloqueio resolvido em marco futuro,"permanece review-only, sem SAR e sem promocao",false,false,false,false,false,false,true
SPL_00240,SAR_0222,1,sem plano SAR neste marco; resolver bloqueio antes de preparar canario,nenhum artefato SAR neste marco,bloqueio resolvido em marco futuro,"permanece review-only, sem SAR e sem promocao",false,false,false,false,false,false,true
SPL_00241,SAR_0223,1,sem plano SAR neste marco; resolver bloqueio antes de preparar canario,nenhum artefato SAR neste marco,bloqueio resolvido em marco futuro,"permanece review-only, sem SAR e sem promocao",false,false,false,false,false,false,true
SPL_00242,SAR_0224,1,sem plano SAR neste marco; resolver bloqueio antes de preparar canario,nenhum artefato SAR neste marco,bloqueio resolvido em marco futuro,"permanece review-only, sem SAR e sem promocao",false,false,false,false,false,false,true
SPL_00243,SAR_0225,1,sem plano SAR neste marco; resolver bloqueio antes de preparar canario,nenhum artefato SAR neste marco,bloqueio resolvido em marco futuro,"permanece review-only, sem SAR e sem promocao",false,false,false,false,false,false,true
SPL_00244,SAR_0226,1,sem plano SAR neste marco; resolver bloqueio antes de preparar canario,nenhum artefato SAR neste marco,bloqueio resolvido em marco futuro,"permanece review-only, sem SAR e sem promocao",false,false,false,false,false,false,true
SPL_00245,SAR_0227,1,sem plano SAR neste marco; resolver bloqueio antes de preparar canario,nenhum artefato SAR neste marco,bloqueio resolvido em marco futuro,"permanece review-only, sem SAR e sem promocao",false,false,false,false,false,false,true
SPL_00246,SAR_0228,1,sem plano SAR neste marco; resolver bloqueio antes de preparar canario,nenhum artefato SAR neste marco,bloqueio resolvido em marco futuro,"permanece review-only, sem SAR e sem promocao",false,false,false,false,false,false,true
SPL_00247,SAR_0229,1,sem plano SAR neste marco; resolver bloqueio antes de preparar canario,nenhum artefato SAR neste marco,bloqueio resolvido em marco futuro,"permanece review-only, sem SAR e sem promocao",false,false,false,false,false,false,true
SPL_00248,SAR_0230,1,sem plano SAR neste marco; resolver bloqueio antes de preparar canario,nenhum artefato SAR neste marco,bloqueio resolvido em marco futuro,"permanece review-only, sem SAR e sem promocao",false,false,false,false,false,false,true
SPL_00249,SAR_0231,1,sem plano SAR neste marco; resolver bloqueio antes de preparar canario,nenhum artefato SAR neste marco,bloqueio resolvido em marco futuro,"permanece review-only, sem SAR e sem promocao",false,false,false,false,false,false,true
SPL_00250,SAR_0232,1,sem plano SAR neste marco; resolver bloqueio antes de preparar canario,nenhum artefato SAR neste marco,bloqueio resolvido em marco futuro,"permanece review-only, sem SAR e sem promocao",false,false,false,false,false,false,true
SPL_00251,SAR_0233,1,sem plano SAR neste marco; resolver bloqueio antes de preparar canario,nenhum artefato SAR neste marco,bloqueio resolvido em marco futuro,"permanece review-only, sem SAR e sem promocao",false,false,false,false,false,false,true
SPL_00252,SAR_0234,1,sem plano SAR neste marco; resolver bloqueio antes de preparar canario,nenhum artefato SAR neste marco,bloqueio resolvido em marco futuro,"permanece review-only, sem SAR e sem promocao",false,false,false,false,false,false,true
SPL_00253,SAR_0235,1,sem plano SAR neste marco; resolver bloqueio antes de preparar canario,nenhum artefato SAR neste marco,bloqueio resolvido em marco futuro,"permanece review-only, sem SAR e sem promocao",false,false,false,false,false,false,true
SPL_00254,SAR_0236,1,sem plano SAR neste marco; resolver bloqueio antes de preparar canario,nenhum artefato SAR neste marco,bloqueio resolvido em marco futuro,"permanece review-only, sem SAR e sem promocao",false,false,false,false,false,false,true
SPL_00255,SAR_0237,1,sem plano SAR neste marco; resolver bloqueio antes de preparar canario,nenhum artefato SAR neste marco,bloqueio resolvido em marco futuro,"permanece review-only, sem SAR e sem promocao",false,false,false,false,false,false,true
SPL_00256,SAR_0238,1,sem plano SAR neste marco; resolver bloqueio antes de preparar canario,nenhum artefato SAR neste marco,bloqueio resolvido em marco futuro,"permanece review-only, sem SAR e sem promocao",false,false,false,false,false,false,true
SPL_00257,SAR_0239,1,sem plano SAR neste marco; resolver bloqueio antes de preparar canario,nenhum artefato SAR neste marco,bloqueio resolvido em marco futuro,"permanece review-only, sem SAR e sem promocao",false,false,false,false,false,false,true
SPL_00258,SAR_0240,1,sem plano SAR neste marco; resolver bloqueio antes de preparar canario,nenhum artefato SAR neste marco,bloqueio resolvido em marco futuro,"permanece review-only, sem SAR e sem promocao",false,false,false,false,false,false,true
SPL_00259,SAR_0241,1,sem plano SAR neste marco; resolver bloqueio antes de preparar canario,nenhum artefato SAR neste marco,bloqueio resolvido em marco futuro,"permanece review-only, sem SAR e sem promocao",false,false,false,false,false,false,true
SPL_00260,SAR_0242,1,sem plano SAR neste marco; resolver bloqueio antes de preparar canario,nenhum artefato SAR neste marco,bloqueio resolvido em marco futuro,"permanece review-only, sem SAR e sem promocao",false,false,false,false,false,false,true
SPL_00261,SAR_0243,1,sem plano SAR neste marco; resolver bloqueio antes de preparar canario,nenhum artefato SAR neste marco,bloqueio resolvido em marco futuro,"permanece review-only, sem SAR e sem promocao",false,false,false,false,false,false,true
SPL_00262,SAR_0244,1,sem plano SAR neste marco; resolver bloqueio antes de preparar canario,nenhum artefato SAR neste marco,bloqueio resolvido em marco futuro,"permanece review-only, sem SAR e sem promocao",false,false,false,false,false,false,true
SPL_00263,SAR_0245,1,sem plano SAR neste marco; resolver bloqueio antes de preparar canario,nenhum artefato SAR neste marco,bloqueio resolvido em marco futuro,"permanece review-only, sem SAR e sem promocao",false,false,false,false,false,false,true
SPL_00264,SAR_0246,1,sem plano SAR neste marco; resolver bloqueio antes de preparar canario,nenhum artefato SAR neste marco,bloqueio resolvido em marco futuro,"permanece review-only, sem SAR e sem promocao",false,false,false,false,false,false,true
SPL_00265,SAR_0247,1,sem plano SAR neste marco; resolver bloqueio antes de preparar canario,nenhum artefato SAR neste marco,bloqueio resolvido em marco futuro,"permanece review-only, sem SAR e sem promocao",false,false,false,false,false,false,true
SPL_00266,SAR_0248,1,sem plano SAR neste marco; resolver bloqueio antes de preparar canario,nenhum artefato SAR neste marco,bloqueio resolvido em marco futuro,"permanece review-only, sem SAR e sem promocao",false,false,false,false,false,false,true
SPL_00267,SAR_0249,1,sem plano SAR neste marco; resolver bloqueio antes de preparar canario,nenhum artefato SAR neste marco,bloqueio resolvido em marco futuro,"permanece review-only, sem SAR e sem promocao",false,false,false,false,false,false,true
SPL_00268,SAR_0250,1,sem plano SAR neste marco; resolver bloqueio antes de preparar canario,nenhum artefato SAR neste marco,bloqueio resolvido em marco futuro,"permanece review-only, sem SAR e sem promocao",false,false,false,false,false,false,true
SPL_00269,SAR_0251,1,sem plano SAR neste marco; resolver bloqueio antes de preparar canario,nenhum artefato SAR neste marco,bloqueio resolvido em marco futuro,"permanece review-only, sem SAR e sem promocao",false,false,false,false,false,false,true
SPL_00270,SAR_0252,1,sem plano SAR neste marco; resolver bloqueio antes de preparar canario,nenhum artefato SAR neste marco,bloqueio resolvido em marco futuro,"permanece review-only, sem SAR e sem promocao",false,false,false,false,false,false,true
SPL_00271,SAR_0253,1,sem plano SAR neste marco; resolver bloqueio antes de preparar canario,nenhum artefato SAR neste marco,bloqueio resolvido em marco futuro,"permanece review-only, sem SAR e sem promocao",false,false,false,false,false,false,true
SPL_00272,SAR_0254,1,sem plano SAR neste marco; resolver bloqueio antes de preparar canario,nenhum artefato SAR neste marco,bloqueio resolvido em marco futuro,"permanece review-only, sem SAR e sem promocao",false,false,false,false,false,false,true
SPL_00273,SAR_0255,1,sem plano SAR neste marco; resolver bloqueio antes de preparar canario,nenhum artefato SAR neste marco,bloqueio resolvido em marco futuro,"permanece review-only, sem SAR e sem promocao",false,false,false,false,false,false,true
SPL_00274,SAR_0256,1,sem plano SAR neste marco; resolver bloqueio antes de preparar canario,nenhum artefato SAR neste marco,bloqueio resolvido em marco futuro,"permanece review-only, sem SAR e sem promocao",false,false,false,false,false,false,true
SPL_00275,SAR_0257,1,sem plano SAR neste marco; resolver bloqueio antes de preparar canario,nenhum artefato SAR neste marco,bloqueio resolvido em marco futuro,"permanece review-only, sem SAR e sem promocao",false,false,false,false,false,false,true
SPL_00276,SAR_0258,1,sem plano SAR neste marco; resolver bloqueio antes de preparar canario,nenhum artefato SAR neste marco,bloqueio resolvido em marco futuro,"permanece review-only, sem SAR e sem promocao",false,false,false,false,false,false,true
SPL_00277,SAR_0259,1,sem plano SAR neste marco; resolver bloqueio antes de preparar canario,nenhum artefato SAR neste marco,bloqueio resolvido em marco futuro,"permanece review-only, sem SAR e sem promocao",false,false,false,false,false,false,true
SPL_00278,SAR_0260,1,sem plano SAR neste marco; resolver bloqueio antes de preparar canario,nenhum artefato SAR neste marco,bloqueio resolvido em marco futuro,"permanece review-only, sem SAR e sem promocao",false,false,false,false,false,false,true
SPL_00279,SAR_0261,1,sem plano SAR neste marco; resolver bloqueio antes de preparar canario,nenhum artefato SAR neste marco,bloqueio resolvido em marco futuro,"permanece review-only, sem SAR e sem promocao",false,false,false,false,false,false,true
SPL_00280,SAR_0262,1,sem plano SAR neste marco; resolver bloqueio antes de preparar canario,nenhum artefato SAR neste marco,bloqueio resolvido em marco futuro,"permanece review-only, sem SAR e sem promocao",false,false,false,false,false,false,true
SPL_00281,SAR_0263,1,sem plano SAR neste marco; resolver bloqueio antes de preparar canario,nenhum artefato SAR neste marco,bloqueio resolvido em marco futuro,"permanece review-only, sem SAR e sem promocao",false,false,false,false,false,false,true
SPL_00282,SAR_0264,1,sem plano SAR neste marco; resolver bloqueio antes de preparar canario,nenhum artefato SAR neste marco,bloqueio resolvido em marco futuro,"permanece review-only, sem SAR e sem promocao",false,false,false,false,false,false,true
SPL_00283,SAR_0265,1,sem plano SAR neste marco; resolver bloqueio antes de preparar canario,nenhum artefato SAR neste marco,bloqueio resolvido em marco futuro,"permanece review-only, sem SAR e sem promocao",false,false,false,false,false,false,true
SPL_00284,SAR_0266,1,sem plano SAR neste marco; resolver bloqueio antes de preparar canario,nenhum artefato SAR neste marco,bloqueio resolvido em marco futuro,"permanece review-only, sem SAR e sem promocao",false,false,false,false,false,false,true
SPL_00285,SAR_0267,1,sem plano SAR neste marco; resolver bloqueio antes de preparar canario,nenhum artefato SAR neste marco,bloqueio resolvido em marco futuro,"permanece review-only, sem SAR e sem promocao",false,false,false,false,false,false,true
SPL_00286,SAR_0268,1,sem plano SAR neste marco; resolver bloqueio antes de preparar canario,nenhum artefato SAR neste marco,bloqueio resolvido em marco futuro,"permanece review-only, sem SAR e sem promocao",false,false,false,false,false,false,true
SPL_00287,SAR_0269,1,sem plano SAR neste marco; resolver bloqueio antes de preparar canario,nenhum artefato SAR neste marco,bloqueio resolvido em marco futuro,"permanece review-only, sem SAR e sem promocao",false,false,false,false,false,false,true
SPL_00288,SAR_0270,1,sem plano SAR neste marco; resolver bloqueio antes de preparar canario,nenhum artefato SAR neste marco,bloqueio resolvido em marco futuro,"permanece review-only, sem SAR e sem promocao",false,false,false,false,false,false,true
SPL_00289,SAR_0271,1,sem plano SAR neste marco; resolver bloqueio antes de preparar canario,nenhum artefato SAR neste marco,bloqueio resolvido em marco futuro,"permanece review-only, sem SAR e sem promocao",false,false,false,false,false,false,true
SPL_00290,SAR_0272,1,sem plano SAR neste marco; resolver bloqueio antes de preparar canario,nenhum artefato SAR neste marco,bloqueio resolvido em marco futuro,"permanece review-only, sem SAR e sem promocao",false,false,false,false,false,false,true
SPL_00291,SAR_0273,1,sem plano SAR neste marco; resolver bloqueio antes de preparar canario,nenhum artefato SAR neste marco,bloqueio resolvido em marco futuro,"permanece review-only, sem SAR e sem promocao",false,false,false,false,false,false,true
SPL_00292,SAR_0274,1,sem plano SAR neste marco; resolver bloqueio antes de preparar canario,nenhum artefato SAR neste marco,bloqueio resolvido em marco futuro,"permanece review-only, sem SAR e sem promocao",false,false,false,false,false,false,true
SPL_00293,SAR_0275,1,sem plano SAR neste marco; resolver bloqueio antes de preparar canario,nenhum artefato SAR neste marco,bloqueio resolvido em marco futuro,"permanece review-only, sem SAR e sem promocao",false,false,false,false,false,false,true
SPL_00294,SAR_0276,1,sem plano SAR neste marco; resolver bloqueio antes de preparar canario,nenhum artefato SAR neste marco,bloqueio resolvido em marco futuro,"permanece review-only, sem SAR e sem promocao",false,false,false,false,false,false,true
SPL_00295,SAR_0277,1,sem plano SAR neste marco; resolver bloqueio antes de preparar canario,nenhum artefato SAR neste marco,bloqueio resolvido em marco futuro,"permanece review-only, sem SAR e sem promocao",false,false,false,false,false,false,true
SPL_00296,SAR_0278,1,sem plano SAR neste marco; resolver bloqueio antes de preparar canario,nenhum artefato SAR neste marco,bloqueio resolvido em marco futuro,"permanece review-only, sem SAR e sem promocao",false,false,false,false,false,false,true
SPL_00297,SAR_0279,1,sem plano SAR neste marco; resolver bloqueio antes de preparar canario,nenhum artefato SAR neste marco,bloqueio resolvido em marco futuro,"permanece review-only, sem SAR e sem promocao",false,false,false,false,false,false,true
SPL_00298,SAR_0280,1,sem plano SAR neste marco; resolver bloqueio antes de preparar canario,nenhum artefato SAR neste marco,bloqueio resolvido em marco futuro,"permanece review-only, sem SAR e sem promocao",false,false,false,false,false,false,true
SPL_00299,SAR_0281,1,sem plano SAR neste marco; resolver bloqueio antes de preparar canario,nenhum artefato SAR neste marco,bloqueio resolvido em marco futuro,"permanece review-only, sem SAR e sem promocao",false,false,false,false,false,false,true
SPL_00300,SAR_0282,1,sem plano SAR neste marco; resolver bloqueio antes de preparar canario,nenhum artefato SAR neste marco,bloqueio resolvido em marco futuro,"permanece review-only, sem SAR e sem promocao",false,false,false,false,false,false,true
SPL_00301,SAR_0283,1,sem plano SAR neste marco; resolver bloqueio antes de preparar canario,nenhum artefato SAR neste marco,bloqueio resolvido em marco futuro,"permanece review-only, sem SAR e sem promocao",false,false,false,false,false,false,true
SPL_00302,SAR_0284,1,sem plano SAR neste marco; resolver bloqueio antes de preparar canario,nenhum artefato SAR neste marco,bloqueio resolvido em marco futuro,"permanece review-only, sem SAR e sem promocao",false,false,false,false,false,false,true
SPL_00303,SAR_0285,1,sem plano SAR neste marco; resolver bloqueio antes de preparar canario,nenhum artefato SAR neste marco,bloqueio resolvido em marco futuro,"permanece review-only, sem SAR e sem promocao",false,false,false,false,false,false,true
SPL_00304,SAR_0286,1,sem plano SAR neste marco; resolver bloqueio antes de preparar canario,nenhum artefato SAR neste marco,bloqueio resolvido em marco futuro,"permanece review-only, sem SAR e sem promocao",false,false,false,false,false,false,true
SPL_00305,SAR_0287,1,sem plano SAR neste marco; resolver bloqueio antes de preparar canario,nenhum artefato SAR neste marco,bloqueio resolvido em marco futuro,"permanece review-only, sem SAR e sem promocao",false,false,false,false,false,false,true
SPL_00306,SAR_0288,1,sem plano SAR neste marco; resolver bloqueio antes de preparar canario,nenhum artefato SAR neste marco,bloqueio resolvido em marco futuro,"permanece review-only, sem SAR e sem promocao",false,false,false,false,false,false,true
SPL_00307,SAR_0289,1,sem plano SAR neste marco; resolver bloqueio antes de preparar canario,nenhum artefato SAR neste marco,bloqueio resolvido em marco futuro,"permanece review-only, sem SAR e sem promocao",false,false,false,false,false,false,true
SPL_00308,SAR_0290,1,sem plano SAR neste marco; resolver bloqueio antes de preparar canario,nenhum artefato SAR neste marco,bloqueio resolvido em marco futuro,"permanece review-only, sem SAR e sem promocao",false,false,false,false,false,false,true
SPL_00309,SAR_0291,1,sem plano SAR neste marco; resolver bloqueio antes de preparar canario,nenhum artefato SAR neste marco,bloqueio resolvido em marco futuro,"permanece review-only, sem SAR e sem promocao",false,false,false,false,false,false,true
SPL_00310,SAR_0292,1,sem plano SAR neste marco; resolver bloqueio antes de preparar canario,nenhum artefato SAR neste marco,bloqueio resolvido em marco futuro,"permanece review-only, sem SAR e sem promocao",false,false,false,false,false,false,true
SPL_00311,SAR_0293,1,sem plano SAR neste marco; resolver bloqueio antes de preparar canario,nenhum artefato SAR neste marco,bloqueio resolvido em marco futuro,"permanece review-only, sem SAR e sem promocao",false,false,false,false,false,false,true
SPL_00312,SAR_0294,1,sem plano SAR neste marco; resolver bloqueio antes de preparar canario,nenhum artefato SAR neste marco,bloqueio resolvido em marco futuro,"permanece review-only, sem SAR e sem promocao",false,false,false,false,false,false,true
SPL_00313,SAR_0295,1,sem plano SAR neste marco; resolver bloqueio antes de preparar canario,nenhum artefato SAR neste marco,bloqueio resolvido em marco futuro,"permanece review-only, sem SAR e sem promocao",false,false,false,false,false,false,true
SPL_00314,SAR_0296,1,sem plano SAR neste marco; resolver bloqueio antes de preparar canario,nenhum artefato SAR neste marco,bloqueio resolvido em marco futuro,"permanece review-only, sem SAR e sem promocao",false,false,false,false,false,false,true
SPL_00315,SAR_0297,1,sem plano SAR neste marco; resolver bloqueio antes de preparar canario,nenhum artefato SAR neste marco,bloqueio resolvido em marco futuro,"permanece review-only, sem SAR e sem promocao",false,false,false,false,false,false,true
SPL_00316,SAR_0298,1,sem plano SAR neste marco; resolver bloqueio antes de preparar canario,nenhum artefato SAR neste marco,bloqueio resolvido em marco futuro,"permanece review-only, sem SAR e sem promocao",false,false,false,false,false,false,true
SPL_00317,SAR_0299,1,sem plano SAR neste marco; resolver bloqueio antes de preparar canario,nenhum artefato SAR neste marco,bloqueio resolvido em marco futuro,"permanece review-only, sem SAR e sem promocao",false,false,false,false,false,false,true
SPL_00318,SAR_0300,1,sem plano SAR neste marco; resolver bloqueio antes de preparar canario,nenhum artefato SAR neste marco,bloqueio resolvido em marco futuro,"permanece review-only, sem SAR e sem promocao",false,false,false,false,false,false,true
SPL_00319,SAR_0301,1,sem plano SAR neste marco; resolver bloqueio antes de preparar canario,nenhum artefato SAR neste marco,bloqueio resolvido em marco futuro,"permanece review-only, sem SAR e sem promocao",false,false,false,false,false,false,true
SPL_00320,SAR_0302,1,sem plano SAR neste marco; resolver bloqueio antes de preparar canario,nenhum artefato SAR neste marco,bloqueio resolvido em marco futuro,"permanece review-only, sem SAR e sem promocao",false,false,false,false,false,false,true
SPL_00321,SAR_0303,1,sem plano SAR neste marco; resolver bloqueio antes de preparar canario,nenhum artefato SAR neste marco,bloqueio resolvido em marco futuro,"permanece review-only, sem SAR e sem promocao",false,false,false,false,false,false,true
SPL_00322,SAR_0304,1,sem plano SAR neste marco; resolver bloqueio antes de preparar canario,nenhum artefato SAR neste marco,bloqueio resolvido em marco futuro,"permanece review-only, sem SAR e sem promocao",false,false,false,false,false,false,true
SPL_00323,SAR_0305,1,sem plano SAR neste marco; resolver bloqueio antes de preparar canario,nenhum artefato SAR neste marco,bloqueio resolvido em marco futuro,"permanece review-only, sem SAR e sem promocao",false,false,false,false,false,false,true
SPL_00324,SAR_0306,1,sem plano SAR neste marco; resolver bloqueio antes de preparar canario,nenhum artefato SAR neste marco,bloqueio resolvido em marco futuro,"permanece review-only, sem SAR e sem promocao",false,false,false,false,false,false,true
SPL_00325,SAR_0307,1,sem plano SAR neste marco; resolver bloqueio antes de preparar canario,nenhum artefato SAR neste marco,bloqueio resolvido em marco futuro,"permanece review-only, sem SAR e sem promocao",false,false,false,false,false,false,true
SPL_00326,SAR_0308,1,sem plano SAR neste marco; resolver bloqueio antes de preparar canario,nenhum artefato SAR neste marco,bloqueio resolvido em marco futuro,"permanece review-only, sem SAR e sem promocao",false,false,false,false,false,false,true
SPL_00327,SAR_0309,1,sem plano SAR neste marco; resolver bloqueio antes de preparar canario,nenhum artefato SAR neste marco,bloqueio resolvido em marco futuro,"permanece review-only, sem SAR e sem promocao",false,false,false,false,false,false,true
SPL_00328,SAR_0310,1,sem plano SAR neste marco; resolver bloqueio antes de preparar canario,nenhum artefato SAR neste marco,bloqueio resolvido em marco futuro,"permanece review-only, sem SAR e sem promocao",false,false,false,false,false,false,true
SPL_00329,SAR_0311,1,sem plano SAR neste marco; resolver bloqueio antes de preparar canario,nenhum artefato SAR neste marco,bloqueio resolvido em marco futuro,"permanece review-only, sem SAR e sem promocao",false,false,false,false,false,false,true
SPL_00330,SAR_0312,1,sem plano SAR neste marco; resolver bloqueio antes de preparar canario,nenhum artefato SAR neste marco,bloqueio resolvido em marco futuro,"permanece review-only, sem SAR e sem promocao",false,false,false,false,false,false,true
SPL_00331,SAR_0313,1,sem plano SAR neste marco; resolver bloqueio antes de preparar canario,nenhum artefato SAR neste marco,bloqueio resolvido em marco futuro,"permanece review-only, sem SAR e sem promocao",false,false,false,false,false,false,true
SPL_00332,SAR_0314,1,sem plano SAR neste marco; resolver bloqueio antes de preparar canario,nenhum artefato SAR neste marco,bloqueio resolvido em marco futuro,"permanece review-only, sem SAR e sem promocao",false,false,false,false,false,false,true
SPL_00333,SAR_0315,1,sem plano SAR neste marco; resolver bloqueio antes de preparar canario,nenhum artefato SAR neste marco,bloqueio resolvido em marco futuro,"permanece review-only, sem SAR e sem promocao",false,false,false,false,false,false,true
SPL_00334,SAR_0316,1,sem plano SAR neste marco; resolver bloqueio antes de preparar canario,nenhum artefato SAR neste marco,bloqueio resolvido em marco futuro,"permanece review-only, sem SAR e sem promocao",false,false,false,false,false,false,true
SPL_00335,SAR_0317,1,sem plano SAR neste marco; resolver bloqueio antes de preparar canario,nenhum artefato SAR neste marco,bloqueio resolvido em marco futuro,"permanece review-only, sem SAR e sem promocao",false,false,false,false,false,false,true
SPL_00336,SAR_0318,1,sem plano SAR neste marco; resolver bloqueio antes de preparar canario,nenhum artefato SAR neste marco,bloqueio resolvido em marco futuro,"permanece review-only, sem SAR e sem promocao",false,false,false,false,false,false,true
SPL_00337,SAR_0319,1,sem plano SAR neste marco; resolver bloqueio antes de preparar canario,nenhum artefato SAR neste marco,bloqueio resolvido em marco futuro,"permanece review-only, sem SAR e sem promocao",false,false,false,false,false,false,true
SPL_00338,SAR_0320,1,sem plano SAR neste marco; resolver bloqueio antes de preparar canario,nenhum artefato SAR neste marco,bloqueio resolvido em marco futuro,"permanece review-only, sem SAR e sem promocao",false,false,false,false,false,false,true
SPL_00339,SAR_0321,1,sem plano SAR neste marco; resolver bloqueio antes de preparar canario,nenhum artefato SAR neste marco,bloqueio resolvido em marco futuro,"permanece review-only, sem SAR e sem promocao",false,false,false,false,false,false,true
SPL_00340,SAR_0322,1,sem plano SAR neste marco; resolver bloqueio antes de preparar canario,nenhum artefato SAR neste marco,bloqueio resolvido em marco futuro,"permanece review-only, sem SAR e sem promocao",false,false,false,false,false,false,true
SPL_00341,SAR_0323,1,sem plano SAR neste marco; resolver bloqueio antes de preparar canario,nenhum artefato SAR neste marco,bloqueio resolvido em marco futuro,"permanece review-only, sem SAR e sem promocao",false,false,false,false,false,false,true
SPL_00342,SAR_0324,1,sem plano SAR neste marco; resolver bloqueio antes de preparar canario,nenhum artefato SAR neste marco,bloqueio resolvido em marco futuro,"permanece review-only, sem SAR e sem promocao",false,false,false,false,false,false,true
SPL_00343,SAR_0325,1,sem plano SAR neste marco; resolver bloqueio antes de preparar canario,nenhum artefato SAR neste marco,bloqueio resolvido em marco futuro,"permanece review-only, sem SAR e sem promocao",false,false,false,false,false,false,true
SPL_00344,SAR_0326,1,sem plano SAR neste marco; resolver bloqueio antes de preparar canario,nenhum artefato SAR neste marco,bloqueio resolvido em marco futuro,"permanece review-only, sem SAR e sem promocao",false,false,false,false,false,false,true
SPL_00345,SAR_0327,1,sem plano SAR neste marco; resolver bloqueio antes de preparar canario,nenhum artefato SAR neste marco,bloqueio resolvido em marco futuro,"permanece review-only, sem SAR e sem promocao",false,false,false,false,false,false,true
SPL_00346,SAR_0328,1,sem plano SAR neste marco; resolver bloqueio antes de preparar canario,nenhum artefato SAR neste marco,bloqueio resolvido em marco futuro,"permanece review-only, sem SAR e sem promocao",false,false,false,false,false,false,true
SPL_00347,SAR_0329,1,sem plano SAR neste marco; resolver bloqueio antes de preparar canario,nenhum artefato SAR neste marco,bloqueio resolvido em marco futuro,"permanece review-only, sem SAR e sem promocao",false,false,false,false,false,false,true
SPL_00348,SAR_0330,1,sem plano SAR neste marco; resolver bloqueio antes de preparar canario,nenhum artefato SAR neste marco,bloqueio resolvido em marco futuro,"permanece review-only, sem SAR e sem promocao",false,false,false,false,false,false,true
SPL_00349,SAR_0331,1,sem plano SAR neste marco; resolver bloqueio antes de preparar canario,nenhum artefato SAR neste marco,bloqueio resolvido em marco futuro,"permanece review-only, sem SAR e sem promocao",false,false,false,false,false,false,true
SPL_00350,SAR_0332,1,sem plano SAR neste marco; resolver bloqueio antes de preparar canario,nenhum artefato SAR neste marco,bloqueio resolvido em marco futuro,"permanece review-only, sem SAR e sem promocao",false,false,false,false,false,false,true
SPL_00351,SAR_0333,1,sem plano SAR neste marco; resolver bloqueio antes de preparar canario,nenhum artefato SAR neste marco,bloqueio resolvido em marco futuro,"permanece review-only, sem SAR e sem promocao",false,false,false,false,false,false,true
SPL_00352,SAR_0334,1,sem plano SAR neste marco; resolver bloqueio antes de preparar canario,nenhum artefato SAR neste marco,bloqueio resolvido em marco futuro,"permanece review-only, sem SAR e sem promocao",false,false,false,false,false,false,true
SPL_00353,SAR_0335,1,sem plano SAR neste marco; resolver bloqueio antes de preparar canario,nenhum artefato SAR neste marco,bloqueio resolvido em marco futuro,"permanece review-only, sem SAR e sem promocao",false,false,false,false,false,false,true
SPL_00354,SAR_0336,1,sem plano SAR neste marco; resolver bloqueio antes de preparar canario,nenhum artefato SAR neste marco,bloqueio resolvido em marco futuro,"permanece review-only, sem SAR e sem promocao",false,false,false,false,false,false,true
SPL_00355,SAR_0337,1,sem plano SAR neste marco; resolver bloqueio antes de preparar canario,nenhum artefato SAR neste marco,bloqueio resolvido em marco futuro,"permanece review-only, sem SAR e sem promocao",false,false,false,false,false,false,true
SPL_00356,SAR_0338,1,sem plano SAR neste marco; resolver bloqueio antes de preparar canario,nenhum artefato SAR neste marco,bloqueio resolvido em marco futuro,"permanece review-only, sem SAR e sem promocao",false,false,false,false,false,false,true
SPL_00357,SAR_0339,1,sem plano SAR neste marco; resolver bloqueio antes de preparar canario,nenhum artefato SAR neste marco,bloqueio resolvido em marco futuro,"permanece review-only, sem SAR e sem promocao",false,false,false,false,false,false,true
SPL_00358,SAR_0340,1,sem plano SAR neste marco; resolver bloqueio antes de preparar canario,nenhum artefato SAR neste marco,bloqueio resolvido em marco futuro,"permanece review-only, sem SAR e sem promocao",false,false,false,false,false,false,true
SPL_00359,SAR_0341,1,sem plano SAR neste marco; resolver bloqueio antes de preparar canario,nenhum artefato SAR neste marco,bloqueio resolvido em marco futuro,"permanece review-only, sem SAR e sem promocao",false,false,false,false,false,false,true
SPL_00360,SAR_0342,1,sem plano SAR neste marco; resolver bloqueio antes de preparar canario,nenhum artefato SAR neste marco,bloqueio resolvido em marco futuro,"permanece review-only, sem SAR e sem promocao",false,false,false,false,false,false,true
SPL_00361,SAR_0343,1,sem plano SAR neste marco; resolver bloqueio antes de preparar canario,nenhum artefato SAR neste marco,bloqueio resolvido em marco futuro,"permanece review-only, sem SAR e sem promocao",false,false,false,false,false,false,true
SPL_00362,SAR_0344,1,sem plano SAR neste marco; resolver bloqueio antes de preparar canario,nenhum artefato SAR neste marco,bloqueio resolvido em marco futuro,"permanece review-only, sem SAR e sem promocao",false,false,false,false,false,false,true
SPL_00363,SAR_0345,1,sem plano SAR neste marco; resolver bloqueio antes de preparar canario,nenhum artefato SAR neste marco,bloqueio resolvido em marco futuro,"permanece review-only, sem SAR e sem promocao",false,false,false,false,false,false,true
SPL_00364,SAR_0346,1,sem plano SAR neste marco; resolver bloqueio antes de preparar canario,nenhum artefato SAR neste marco,bloqueio resolvido em marco futuro,"permanece review-only, sem SAR e sem promocao",false,false,false,false,false,false,true
SPL_00365,SAR_0347,1,sem plano SAR neste marco; resolver bloqueio antes de preparar canario,nenhum artefato SAR neste marco,bloqueio resolvido em marco futuro,"permanece review-only, sem SAR e sem promocao",false,false,false,false,false,false,true
SPL_00366,SAR_0348,1,sem plano SAR neste marco; resolver bloqueio antes de preparar canario,nenhum artefato SAR neste marco,bloqueio resolvido em marco futuro,"permanece review-only, sem SAR e sem promocao",false,false,false,false,false,false,true
SPL_00367,SAR_0349,1,sem plano SAR neste marco; resolver bloqueio antes de preparar canario,nenhum artefato SAR neste marco,bloqueio resolvido em marco futuro,"permanece review-only, sem SAR e sem promocao",false,false,false,false,false,false,true
SPL_00368,SAR_0350,1,sem plano SAR neste marco; resolver bloqueio antes de preparar canario,nenhum artefato SAR neste marco,bloqueio resolvido em marco futuro,"permanece review-only, sem SAR e sem promocao",false,false,false,false,false,false,true
SPL_00369,SAR_0351,1,sem plano SAR neste marco; resolver bloqueio antes de preparar canario,nenhum artefato SAR neste marco,bloqueio resolvido em marco futuro,"permanece review-only, sem SAR e sem promocao",false,false,false,false,false,false,true
SPL_00370,SAR_0352,1,sem plano SAR neste marco; resolver bloqueio antes de preparar canario,nenhum artefato SAR neste marco,bloqueio resolvido em marco futuro,"permanece review-only, sem SAR e sem promocao",false,false,false,false,false,false,true
SPL_00371,SAR_0353,1,sem plano SAR neste marco; resolver bloqueio antes de preparar canario,nenhum artefato SAR neste marco,bloqueio resolvido em marco futuro,"permanece review-only, sem SAR e sem promocao",false,false,false,false,false,false,true
SPL_00372,SAR_0354,1,sem plano SAR neste marco; resolver bloqueio antes de preparar canario,nenhum artefato SAR neste marco,bloqueio resolvido em marco futuro,"permanece review-only, sem SAR e sem promocao",false,false,false,false,false,false,true
SPL_00373,SAR_0355,1,sem plano SAR neste marco; resolver bloqueio antes de preparar canario,nenhum artefato SAR neste marco,bloqueio resolvido em marco futuro,"permanece review-only, sem SAR e sem promocao",false,false,false,false,false,false,true
SPL_00374,SAR_0356,1,sem plano SAR neste marco; resolver bloqueio antes de preparar canario,nenhum artefato SAR neste marco,bloqueio resolvido em marco futuro,"permanece review-only, sem SAR e sem promocao",false,false,false,false,false,false,true
SPL_00375,SAR_0357,1,sem plano SAR neste marco; resolver bloqueio antes de preparar canario,nenhum artefato SAR neste marco,bloqueio resolvido em marco futuro,"permanece review-only, sem SAR e sem promocao",false,false,false,false,false,false,true
SPL_00376,SAR_0358,1,sem plano SAR neste marco; resolver bloqueio antes de preparar canario,nenhum artefato SAR neste marco,bloqueio resolvido em marco futuro,"permanece review-only, sem SAR e sem promocao",false,false,false,false,false,false,true
SPL_00377,SAR_0359,1,sem plano SAR neste marco; resolver bloqueio antes de preparar canario,nenhum artefato SAR neste marco,bloqueio resolvido em marco futuro,"permanece review-only, sem SAR e sem promocao",false,false,false,false,false,false,true
SPL_00378,SAR_0360,1,sem plano SAR neste marco; resolver bloqueio antes de preparar canario,nenhum artefato SAR neste marco,bloqueio resolvido em marco futuro,"permanece review-only, sem SAR e sem promocao",false,false,false,false,false,false,true
SPL_00379,SAR_0361,1,sem plano SAR neste marco; resolver bloqueio antes de preparar canario,nenhum artefato SAR neste marco,bloqueio resolvido em marco futuro,"permanece review-only, sem SAR e sem promocao",false,false,false,false,false,false,true
SPL_00380,SAR_0362,1,sem plano SAR neste marco; resolver bloqueio antes de preparar canario,nenhum artefato SAR neste marco,bloqueio resolvido em marco futuro,"permanece review-only, sem SAR e sem promocao",false,false,false,false,false,false,true
SPL_00381,SAR_0363,1,sem plano SAR neste marco; resolver bloqueio antes de preparar canario,nenhum artefato SAR neste marco,bloqueio resolvido em marco futuro,"permanece review-only, sem SAR e sem promocao",false,false,false,false,false,false,true
SPL_00382,SAR_0364,1,sem plano SAR neste marco; resolver bloqueio antes de preparar canario,nenhum artefato SAR neste marco,bloqueio resolvido em marco futuro,"permanece review-only, sem SAR e sem promocao",false,false,false,false,false,false,true
SPL_00383,SAR_0365,1,sem plano SAR neste marco; resolver bloqueio antes de preparar canario,nenhum artefato SAR neste marco,bloqueio resolvido em marco futuro,"permanece review-only, sem SAR e sem promocao",false,false,false,false,false,false,true
SPL_00384,SAR_0366,1,sem plano SAR neste marco; resolver bloqueio antes de preparar canario,nenhum artefato SAR neste marco,bloqueio resolvido em marco futuro,"permanece review-only, sem SAR e sem promocao",false,false,false,false,false,false,true
SPL_00385,SAR_0367,1,sem plano SAR neste marco; resolver bloqueio antes de preparar canario,nenhum artefato SAR neste marco,bloqueio resolvido em marco futuro,"permanece review-only, sem SAR e sem promocao",false,false,false,false,false,false,true
SPL_00386,SAR_0368,1,sem plano SAR neste marco; resolver bloqueio antes de preparar canario,nenhum artefato SAR neste marco,bloqueio resolvido em marco futuro,"permanece review-only, sem SAR e sem promocao",false,false,false,false,false,false,true
SPL_00387,SAR_0369,1,sem plano SAR neste marco; resolver bloqueio antes de preparar canario,nenhum artefato SAR neste marco,bloqueio resolvido em marco futuro,"permanece review-only, sem SAR e sem promocao",false,false,false,false,false,false,true
SPL_00388,SAR_0370,1,sem plano SAR neste marco; resolver bloqueio antes de preparar canario,nenhum artefato SAR neste marco,bloqueio resolvido em marco futuro,"permanece review-only, sem SAR e sem promocao",false,false,false,false,false,false,true
SPL_00389,SAR_0371,1,sem plano SAR neste marco; resolver bloqueio antes de preparar canario,nenhum artefato SAR neste marco,bloqueio resolvido em marco futuro,"permanece review-only, sem SAR e sem promocao",false,false,false,false,false,false,true
SPL_00390,SAR_0372,1,sem plano SAR neste marco; resolver bloqueio antes de preparar canario,nenhum artefato SAR neste marco,bloqueio resolvido em marco futuro,"permanece review-only, sem SAR e sem promocao",false,false,false,false,false,false,true
SPL_00391,SAR_0373,1,sem plano SAR neste marco; resolver bloqueio antes de preparar canario,nenhum artefato SAR neste marco,bloqueio resolvido em marco futuro,"permanece review-only, sem SAR e sem promocao",false,false,false,false,false,false,true
SPL_00392,SAR_0374,1,sem plano SAR neste marco; resolver bloqueio antes de preparar canario,nenhum artefato SAR neste marco,bloqueio resolvido em marco futuro,"permanece review-only, sem SAR e sem promocao",false,false,false,false,false,false,true
SPL_00393,SAR_0375,1,sem plano SAR neste marco; resolver bloqueio antes de preparar canario,nenhum artefato SAR neste marco,bloqueio resolvido em marco futuro,"permanece review-only, sem SAR e sem promocao",false,false,false,false,false,false,true
SPL_00394,SAR_0376,1,sem plano SAR neste marco; resolver bloqueio antes de preparar canario,nenhum artefato SAR neste marco,bloqueio resolvido em marco futuro,"permanece review-only, sem SAR e sem promocao",false,false,false,false,false,false,true
SPL_00395,SAR_0377,1,sem plano SAR neste marco; resolver bloqueio antes de preparar canario,nenhum artefato SAR neste marco,bloqueio resolvido em marco futuro,"permanece review-only, sem SAR e sem promocao",false,false,false,false,false,false,true
SPL_00396,SAR_0378,1,sem plano SAR neste marco; resolver bloqueio antes de preparar canario,nenhum artefato SAR neste marco,bloqueio resolvido em marco futuro,"permanece review-only, sem SAR e sem promocao",false,false,false,false,false,false,true
SPL_00397,SAR_0379,1,sem plano SAR neste marco; resolver bloqueio antes de preparar canario,nenhum artefato SAR neste marco,bloqueio resolvido em marco futuro,"permanece review-only, sem SAR e sem promocao",false,false,false,false,false,false,true
SPL_00398,SAR_0380,1,sem plano SAR neste marco; resolver bloqueio antes de preparar canario,nenhum artefato SAR neste marco,bloqueio resolvido em marco futuro,"permanece review-only, sem SAR e sem promocao",false,false,false,false,false,false,true
SPL_00399,SAR_0381,1,sem plano SAR neste marco; resolver bloqueio antes de preparar canario,nenhum artefato SAR neste marco,bloqueio resolvido em marco futuro,"permanece review-only, sem SAR e sem promocao",false,false,false,false,false,false,true
SPL_00400,SAR_0382,1,sem plano SAR neste marco; resolver bloqueio antes de preparar canario,nenhum artefato SAR neste marco,bloqueio resolvido em marco futuro,"permanece review-only, sem SAR e sem promocao",false,false,false,false,false,false,true
SPL_00401,SAR_0383,1,sem plano SAR neste marco; resolver bloqueio antes de preparar canario,nenhum artefato SAR neste marco,bloqueio resolvido em marco futuro,"permanece review-only, sem SAR e sem promocao",false,false,false,false,false,false,true
SPL_00402,SAR_0384,1,sem plano SAR neste marco; resolver bloqueio antes de preparar canario,nenhum artefato SAR neste marco,bloqueio resolvido em marco futuro,"permanece review-only, sem SAR e sem promocao",false,false,false,false,false,false,true
SPL_00403,SAR_0385,1,sem plano SAR neste marco; resolver bloqueio antes de preparar canario,nenhum artefato SAR neste marco,bloqueio resolvido em marco futuro,"permanece review-only, sem SAR e sem promocao",false,false,false,false,false,false,true
SPL_00404,SAR_0386,1,sem plano SAR neste marco; resolver bloqueio antes de preparar canario,nenhum artefato SAR neste marco,bloqueio resolvido em marco futuro,"permanece review-only, sem SAR e sem promocao",false,false,false,false,false,false,true
SPL_00405,SAR_0387,1,sem plano SAR neste marco; resolver bloqueio antes de preparar canario,nenhum artefato SAR neste marco,bloqueio resolvido em marco futuro,"permanece review-only, sem SAR e sem promocao",false,false,false,false,false,false,true
SPL_00406,SAR_0388,1,sem plano SAR neste marco; resolver bloqueio antes de preparar canario,nenhum artefato SAR neste marco,bloqueio resolvido em marco futuro,"permanece review-only, sem SAR e sem promocao",false,false,false,false,false,false,true
SPL_00407,SAR_0389,1,sem plano SAR neste marco; resolver bloqueio antes de preparar canario,nenhum artefato SAR neste marco,bloqueio resolvido em marco futuro,"permanece review-only, sem SAR e sem promocao",false,false,false,false,false,false,true
SPL_00408,SAR_0390,1,sem plano SAR neste marco; resolver bloqueio antes de preparar canario,nenhum artefato SAR neste marco,bloqueio resolvido em marco futuro,"permanece review-only, sem SAR e sem promocao",false,false,false,false,false,false,true
SPL_00409,SAR_0391,1,sem plano SAR neste marco; resolver bloqueio antes de preparar canario,nenhum artefato SAR neste marco,bloqueio resolvido em marco futuro,"permanece review-only, sem SAR e sem promocao",false,false,false,false,false,false,true
SPL_00410,SAR_0392,1,sem plano SAR neste marco; resolver bloqueio antes de preparar canario,nenhum artefato SAR neste marco,bloqueio resolvido em marco futuro,"permanece review-only, sem SAR e sem promocao",false,false,false,false,false,false,true
SPL_00411,SAR_0393,1,sem plano SAR neste marco; resolver bloqueio antes de preparar canario,nenhum artefato SAR neste marco,bloqueio resolvido em marco futuro,"permanece review-only, sem SAR e sem promocao",false,false,false,false,false,false,true
SPL_00412,SAR_0394,1,sem plano SAR neste marco; resolver bloqueio antes de preparar canario,nenhum artefato SAR neste marco,bloqueio resolvido em marco futuro,"permanece review-only, sem SAR e sem promocao",false,false,false,false,false,false,true
SPL_00413,SAR_0395,1,sem plano SAR neste marco; resolver bloqueio antes de preparar canario,nenhum artefato SAR neste marco,bloqueio resolvido em marco futuro,"permanece review-only, sem SAR e sem promocao",false,false,false,false,false,false,true
SPL_00414,SAR_0396,1,sem plano SAR neste marco; resolver bloqueio antes de preparar canario,nenhum artefato SAR neste marco,bloqueio resolvido em marco futuro,"permanece review-only, sem SAR e sem promocao",false,false,false,false,false,false,true
SPL_00415,SAR_0397,1,sem plano SAR neste marco; resolver bloqueio antes de preparar canario,nenhum artefato SAR neste marco,bloqueio resolvido em marco futuro,"permanece review-only, sem SAR e sem promocao",false,false,false,false,false,false,true
SPL_00416,SAR_0398,1,sem plano SAR neste marco; resolver bloqueio antes de preparar canario,nenhum artefato SAR neste marco,bloqueio resolvido em marco futuro,"permanece review-only, sem SAR e sem promocao",false,false,false,false,false,false,true
SPL_00417,SAR_0399,1,sem plano SAR neste marco; resolver bloqueio antes de preparar canario,nenhum artefato SAR neste marco,bloqueio resolvido em marco futuro,"permanece review-only, sem SAR e sem promocao",false,false,false,false,false,false,true
SPL_00418,SAR_0400,1,sem plano SAR neste marco; resolver bloqueio antes de preparar canario,nenhum artefato SAR neste marco,bloqueio resolvido em marco futuro,"permanece review-only, sem SAR e sem promocao",false,false,false,false,false,false,true
SPL_00419,SAR_0401,1,sem plano SAR neste marco; resolver bloqueio antes de preparar canario,nenhum artefato SAR neste marco,bloqueio resolvido em marco futuro,"permanece review-only, sem SAR e sem promocao",false,false,false,false,false,false,true
SPL_00420,SAR_0402,1,sem plano SAR neste marco; resolver bloqueio antes de preparar canario,nenhum artefato SAR neste marco,bloqueio resolvido em marco futuro,"permanece review-only, sem SAR e sem promocao",false,false,false,false,false,false,true
SPL_00421,SAR_0403,1,sem plano SAR neste marco; resolver bloqueio antes de preparar canario,nenhum artefato SAR neste marco,bloqueio resolvido em marco futuro,"permanece review-only, sem SAR e sem promocao",false,false,false,false,false,false,true
SPL_00422,SAR_0404,1,sem plano SAR neste marco; resolver bloqueio antes de preparar canario,nenhum artefato SAR neste marco,bloqueio resolvido em marco futuro,"permanece review-only, sem SAR e sem promocao",false,false,false,false,false,false,true
SPL_00423,SAR_0405,1,sem plano SAR neste marco; resolver bloqueio antes de preparar canario,nenhum artefato SAR neste marco,bloqueio resolvido em marco futuro,"permanece review-only, sem SAR e sem promocao",false,false,false,false,false,false,true
SPL_00424,SAR_0406,1,sem plano SAR neste marco; resolver bloqueio antes de preparar canario,nenhum artefato SAR neste marco,bloqueio resolvido em marco futuro,"permanece review-only, sem SAR e sem promocao",false,false,false,false,false,false,true
SPL_00425,SAR_0407,1,sem plano SAR neste marco; resolver bloqueio antes de preparar canario,nenhum artefato SAR neste marco,bloqueio resolvido em marco futuro,"permanece review-only, sem SAR e sem promocao",false,false,false,false,false,false,true
SPL_00426,SAR_0408,1,sem plano SAR neste marco; resolver bloqueio antes de preparar canario,nenhum artefato SAR neste marco,bloqueio resolvido em marco futuro,"permanece review-only, sem SAR e sem promocao",false,false,false,false,false,false,true
SPL_00427,SAR_0409,1,sem plano SAR neste marco; resolver bloqueio antes de preparar canario,nenhum artefato SAR neste marco,bloqueio resolvido em marco futuro,"permanece review-only, sem SAR e sem promocao",false,false,false,false,false,false,true
SPL_00428,SAR_0410,1,sem plano SAR neste marco; resolver bloqueio antes de preparar canario,nenhum artefato SAR neste marco,bloqueio resolvido em marco futuro,"permanece review-only, sem SAR e sem promocao",false,false,false,false,false,false,true
SPL_00429,SAR_0411,1,sem plano SAR neste marco; resolver bloqueio antes de preparar canario,nenhum artefato SAR neste marco,bloqueio resolvido em marco futuro,"permanece review-only, sem SAR e sem promocao",false,false,false,false,false,false,true
SPL_00430,SAR_0412,1,sem plano SAR neste marco; resolver bloqueio antes de preparar canario,nenhum artefato SAR neste marco,bloqueio resolvido em marco futuro,"permanece review-only, sem SAR e sem promocao",false,false,false,false,false,false,true
SPL_00431,SAR_0413,1,sem plano SAR neste marco; resolver bloqueio antes de preparar canario,nenhum artefato SAR neste marco,bloqueio resolvido em marco futuro,"permanece review-only, sem SAR e sem promocao",false,false,false,false,false,false,true
SPL_00432,SAR_0414,1,sem plano SAR neste marco; resolver bloqueio antes de preparar canario,nenhum artefato SAR neste marco,bloqueio resolvido em marco futuro,"permanece review-only, sem SAR e sem promocao",false,false,false,false,false,false,true
SPL_00433,SAR_0415,1,sem plano SAR neste marco; resolver bloqueio antes de preparar canario,nenhum artefato SAR neste marco,bloqueio resolvido em marco futuro,"permanece review-only, sem SAR e sem promocao",false,false,false,false,false,false,true
SPL_00434,SAR_0416,1,sem plano SAR neste marco; resolver bloqueio antes de preparar canario,nenhum artefato SAR neste marco,bloqueio resolvido em marco futuro,"permanece review-only, sem SAR e sem promocao",false,false,false,false,false,false,true
SPL_00435,SAR_0417,1,sem plano SAR neste marco; resolver bloqueio antes de preparar canario,nenhum artefato SAR neste marco,bloqueio resolvido em marco futuro,"permanece review-only, sem SAR e sem promocao",false,false,false,false,false,false,true
SPL_00436,SAR_0418,1,sem plano SAR neste marco; resolver bloqueio antes de preparar canario,nenhum artefato SAR neste marco,bloqueio resolvido em marco futuro,"permanece review-only, sem SAR e sem promocao",false,false,false,false,false,false,true
SPL_00437,SAR_0419,1,sem plano SAR neste marco; resolver bloqueio antes de preparar canario,nenhum artefato SAR neste marco,bloqueio resolvido em marco futuro,"permanece review-only, sem SAR e sem promocao",false,false,false,false,false,false,true
SPL_00438,SAR_0420,1,sem plano SAR neste marco; resolver bloqueio antes de preparar canario,nenhum artefato SAR neste marco,bloqueio resolvido em marco futuro,"permanece review-only, sem SAR e sem promocao",false,false,false,false,false,false,true
SPL_00439,SAR_0421,1,sem plano SAR neste marco; resolver bloqueio antes de preparar canario,nenhum artefato SAR neste marco,bloqueio resolvido em marco futuro,"permanece review-only, sem SAR e sem promocao",false,false,false,false,false,false,true
SPL_00440,SAR_0422,1,sem plano SAR neste marco; resolver bloqueio antes de preparar canario,nenhum artefato SAR neste marco,bloqueio resolvido em marco futuro,"permanece review-only, sem SAR e sem promocao",false,false,false,false,false,false,true
SPL_00441,SAR_0423,1,sem plano SAR neste marco; resolver bloqueio antes de preparar canario,nenhum artefato SAR neste marco,bloqueio resolvido em marco futuro,"permanece review-only, sem SAR e sem promocao",false,false,false,false,false,false,true
SPL_00442,SAR_0424,1,sem plano SAR neste marco; resolver bloqueio antes de preparar canario,nenhum artefato SAR neste marco,bloqueio resolvido em marco futuro,"permanece review-only, sem SAR e sem promocao",false,false,false,false,false,false,true
SPL_00443,SAR_0425,1,sem plano SAR neste marco; resolver bloqueio antes de preparar canario,nenhum artefato SAR neste marco,bloqueio resolvido em marco futuro,"permanece review-only, sem SAR e sem promocao",false,false,false,false,false,false,true
SPL_00444,SAR_0426,1,sem plano SAR neste marco; resolver bloqueio antes de preparar canario,nenhum artefato SAR neste marco,bloqueio resolvido em marco futuro,"permanece review-only, sem SAR e sem promocao",false,false,false,false,false,false,true
SPL_00445,SAR_0427,1,sem plano SAR neste marco; resolver bloqueio antes de preparar canario,nenhum artefato SAR neste marco,bloqueio resolvido em marco futuro,"permanece review-only, sem SAR e sem promocao",false,false,false,false,false,false,true
SPL_00446,SAR_0428,1,sem plano SAR neste marco; resolver bloqueio antes de preparar canario,nenhum artefato SAR neste marco,bloqueio resolvido em marco futuro,"permanece review-only, sem SAR e sem promocao",false,false,false,false,false,false,true
SPL_00447,SAR_0429,1,sem plano SAR neste marco; resolver bloqueio antes de preparar canario,nenhum artefato SAR neste marco,bloqueio resolvido em marco futuro,"permanece review-only, sem SAR e sem promocao",false,false,false,false,false,false,true
SPL_00448,SAR_0430,1,sem plano SAR neste marco; resolver bloqueio antes de preparar canario,nenhum artefato SAR neste marco,bloqueio resolvido em marco futuro,"permanece review-only, sem SAR e sem promocao",false,false,false,false,false,false,true
SPL_00449,SAR_0431,1,sem plano SAR neste marco; resolver bloqueio antes de preparar canario,nenhum artefato SAR neste marco,bloqueio resolvido em marco futuro,"permanece review-only, sem SAR e sem promocao",false,false,false,false,false,false,true
SPL_00450,SAR_0432,1,sem plano SAR neste marco; resolver bloqueio antes de preparar canario,nenhum artefato SAR neste marco,bloqueio resolvido em marco futuro,"permanece review-only, sem SAR e sem promocao",false,false,false,false,false,false,true
SPL_00451,SAR_0433,1,sem plano SAR neste marco; resolver bloqueio antes de preparar canario,nenhum artefato SAR neste marco,bloqueio resolvido em marco futuro,"permanece review-only, sem SAR e sem promocao",false,false,false,false,false,false,true
SPL_00452,SAR_0434,1,sem plano SAR neste marco; resolver bloqueio antes de preparar canario,nenhum artefato SAR neste marco,bloqueio resolvido em marco futuro,"permanece review-only, sem SAR e sem promocao",false,false,false,false,false,false,true
SPL_00453,SAR_0435,1,sem plano SAR neste marco; resolver bloqueio antes de preparar canario,nenhum artefato SAR neste marco,bloqueio resolvido em marco futuro,"permanece review-only, sem SAR e sem promocao",false,false,false,false,false,false,true
SPL_00454,SAR_0436,1,sem plano SAR neste marco; resolver bloqueio antes de preparar canario,nenhum artefato SAR neste marco,bloqueio resolvido em marco futuro,"permanece review-only, sem SAR e sem promocao",false,false,false,false,false,false,true
SPL_00455,SAR_0437,1,sem plano SAR neste marco; resolver bloqueio antes de preparar canario,nenhum artefato SAR neste marco,bloqueio resolvido em marco futuro,"permanece review-only, sem SAR e sem promocao",false,false,false,false,false,false,true
SPL_00456,SAR_0438,1,sem plano SAR neste marco; resolver bloqueio antes de preparar canario,nenhum artefato SAR neste marco,bloqueio resolvido em marco futuro,"permanece review-only, sem SAR e sem promocao",false,false,false,false,false,false,true
SPL_00457,SAR_0439,1,sem plano SAR neste marco; resolver bloqueio antes de preparar canario,nenhum artefato SAR neste marco,bloqueio resolvido em marco futuro,"permanece review-only, sem SAR e sem promocao",false,false,false,false,false,false,true
SPL_00458,SAR_0440,1,sem plano SAR neste marco; resolver bloqueio antes de preparar canario,nenhum artefato SAR neste marco,bloqueio resolvido em marco futuro,"permanece review-only, sem SAR e sem promocao",false,false,false,false,false,false,true
SPL_00459,SAR_0441,1,sem plano SAR neste marco; resolver bloqueio antes de preparar canario,nenhum artefato SAR neste marco,bloqueio resolvido em marco futuro,"permanece review-only, sem SAR e sem promocao",false,false,false,false,false,false,true
SPL_00460,SAR_0442,1,sem plano SAR neste marco; resolver bloqueio antes de preparar canario,nenhum artefato SAR neste marco,bloqueio resolvido em marco futuro,"permanece review-only, sem SAR e sem promocao",false,false,false,false,false,false,true
SPL_00461,SAR_0443,1,sem plano SAR neste marco; resolver bloqueio antes de preparar canario,nenhum artefato SAR neste marco,bloqueio resolvido em marco futuro,"permanece review-only, sem SAR e sem promocao",false,false,false,false,false,false,true
SPL_00462,SAR_0444,1,sem plano SAR neste marco; resolver bloqueio antes de preparar canario,nenhum artefato SAR neste marco,bloqueio resolvido em marco futuro,"permanece review-only, sem SAR e sem promocao",false,false,false,false,false,false,true
SPL_00463,SAR_0445,1,sem plano SAR neste marco; resolver bloqueio antes de preparar canario,nenhum artefato SAR neste marco,bloqueio resolvido em marco futuro,"permanece review-only, sem SAR e sem promocao",false,false,false,false,false,false,true
SPL_00464,SAR_0446,1,sem plano SAR neste marco; resolver bloqueio antes de preparar canario,nenhum artefato SAR neste marco,bloqueio resolvido em marco futuro,"permanece review-only, sem SAR e sem promocao",false,false,false,false,false,false,true
SPL_00465,SAR_0447,1,sem plano SAR neste marco; resolver bloqueio antes de preparar canario,nenhum artefato SAR neste marco,bloqueio resolvido em marco futuro,"permanece review-only, sem SAR e sem promocao",false,false,false,false,false,false,true
SPL_00466,SAR_0448,1,sem plano SAR neste marco; resolver bloqueio antes de preparar canario,nenhum artefato SAR neste marco,bloqueio resolvido em marco futuro,"permanece review-only, sem SAR e sem promocao",false,false,false,false,false,false,true
SPL_00467,SAR_0449,1,sem plano SAR neste marco; resolver bloqueio antes de preparar canario,nenhum artefato SAR neste marco,bloqueio resolvido em marco futuro,"permanece review-only, sem SAR e sem promocao",false,false,false,false,false,false,true
SPL_00468,SAR_0450,1,sem plano SAR neste marco; resolver bloqueio antes de preparar canario,nenhum artefato SAR neste marco,bloqueio resolvido em marco futuro,"permanece review-only, sem SAR e sem promocao",false,false,false,false,false,false,true
SPL_00469,SAR_0451,1,sem plano SAR neste marco; resolver bloqueio antes de preparar canario,nenhum artefato SAR neste marco,bloqueio resolvido em marco futuro,"permanece review-only, sem SAR e sem promocao",false,false,false,false,false,false,true
SPL_00470,SAR_0452,1,sem plano SAR neste marco; resolver bloqueio antes de preparar canario,nenhum artefato SAR neste marco,bloqueio resolvido em marco futuro,"permanece review-only, sem SAR e sem promocao",false,false,false,false,false,false,true
SPL_00471,SAR_0453,1,sem plano SAR neste marco; resolver bloqueio antes de preparar canario,nenhum artefato SAR neste marco,bloqueio resolvido em marco futuro,"permanece review-only, sem SAR e sem promocao",false,false,false,false,false,false,true
SPL_00472,SAR_0454,1,sem plano SAR neste marco; resolver bloqueio antes de preparar canario,nenhum artefato SAR neste marco,bloqueio resolvido em marco futuro,"permanece review-only, sem SAR e sem promocao",false,false,false,false,false,false,true
SPL_00473,SAR_0455,1,sem plano SAR neste marco; resolver bloqueio antes de preparar canario,nenhum artefato SAR neste marco,bloqueio resolvido em marco futuro,"permanece review-only, sem SAR e sem promocao",false,false,false,false,false,false,true
SPL_00474,SAR_0456,1,sem plano SAR neste marco; resolver bloqueio antes de preparar canario,nenhum artefato SAR neste marco,bloqueio resolvido em marco futuro,"permanece review-only, sem SAR e sem promocao",false,false,false,false,false,false,true
SPL_00475,SAR_0457,1,sem plano SAR neste marco; resolver bloqueio antes de preparar canario,nenhum artefato SAR neste marco,bloqueio resolvido em marco futuro,"permanece review-only, sem SAR e sem promocao",false,false,false,false,false,false,true
SPL_00476,SAR_0458,1,sem plano SAR neste marco; resolver bloqueio antes de preparar canario,nenhum artefato SAR neste marco,bloqueio resolvido em marco futuro,"permanece review-only, sem SAR e sem promocao",false,false,false,false,false,false,true
SPL_00477,SAR_0459,1,sem plano SAR neste marco; resolver bloqueio antes de preparar canario,nenhum artefato SAR neste marco,bloqueio resolvido em marco futuro,"permanece review-only, sem SAR e sem promocao",false,false,false,false,false,false,true
SPL_00478,SAR_0460,1,sem plano SAR neste marco; resolver bloqueio antes de preparar canario,nenhum artefato SAR neste marco,bloqueio resolvido em marco futuro,"permanece review-only, sem SAR e sem promocao",false,false,false,false,false,false,true
SPL_00479,SAR_0461,1,sem plano SAR neste marco; resolver bloqueio antes de preparar canario,nenhum artefato SAR neste marco,bloqueio resolvido em marco futuro,"permanece review-only, sem SAR e sem promocao",false,false,false,false,false,false,true
SPL_00480,SAR_0462,1,sem plano SAR neste marco; resolver bloqueio antes de preparar canario,nenhum artefato SAR neste marco,bloqueio resolvido em marco futuro,"permanece review-only, sem SAR e sem promocao",false,false,false,false,false,false,true
SPL_00481,SAR_0463,1,sem plano SAR neste marco; resolver bloqueio antes de preparar canario,nenhum artefato SAR neste marco,bloqueio resolvido em marco futuro,"permanece review-only, sem SAR e sem promocao",false,false,false,false,false,false,true
SPL_00482,SAR_0464,1,sem plano SAR neste marco; resolver bloqueio antes de preparar canario,nenhum artefato SAR neste marco,bloqueio resolvido em marco futuro,"permanece review-only, sem SAR e sem promocao",false,false,false,false,false,false,true
SPL_00483,SAR_0465,1,sem plano SAR neste marco; resolver bloqueio antes de preparar canario,nenhum artefato SAR neste marco,bloqueio resolvido em marco futuro,"permanece review-only, sem SAR e sem promocao",false,false,false,false,false,false,true
SPL_00484,SAR_0466,1,sem plano SAR neste marco; resolver bloqueio antes de preparar canario,nenhum artefato SAR neste marco,bloqueio resolvido em marco futuro,"permanece review-only, sem SAR e sem promocao",false,false,false,false,false,false,true
SPL_00485,SAR_0467,1,sem plano SAR neste marco; resolver bloqueio antes de preparar canario,nenhum artefato SAR neste marco,bloqueio resolvido em marco futuro,"permanece review-only, sem SAR e sem promocao",false,false,false,false,false,false,true
SPL_00486,SAR_0468,1,sem plano SAR neste marco; resolver bloqueio antes de preparar canario,nenhum artefato SAR neste marco,bloqueio resolvido em marco futuro,"permanece review-only, sem SAR e sem promocao",false,false,false,false,false,false,true
SPL_00487,SAR_0469,1,sem plano SAR neste marco; resolver bloqueio antes de preparar canario,nenhum artefato SAR neste marco,bloqueio resolvido em marco futuro,"permanece review-only, sem SAR e sem promocao",false,false,false,false,false,false,true
SPL_00488,SAR_0470,1,sem plano SAR neste marco; resolver bloqueio antes de preparar canario,nenhum artefato SAR neste marco,bloqueio resolvido em marco futuro,"permanece review-only, sem SAR e sem promocao",false,false,false,false,false,false,true
SPL_00489,SAR_0471,1,sem plano SAR neste marco; resolver bloqueio antes de preparar canario,nenhum artefato SAR neste marco,bloqueio resolvido em marco futuro,"permanece review-only, sem SAR e sem promocao",false,false,false,false,false,false,true
SPL_00490,SAR_0472,1,sem plano SAR neste marco; resolver bloqueio antes de preparar canario,nenhum artefato SAR neste marco,bloqueio resolvido em marco futuro,"permanece review-only, sem SAR e sem promocao",false,false,false,false,false,false,true
SPL_00491,SAR_0473,1,sem plano SAR neste marco; resolver bloqueio antes de preparar canario,nenhum artefato SAR neste marco,bloqueio resolvido em marco futuro,"permanece review-only, sem SAR e sem promocao",false,false,false,false,false,false,true
SPL_00492,SAR_0474,1,sem plano SAR neste marco; resolver bloqueio antes de preparar canario,nenhum artefato SAR neste marco,bloqueio resolvido em marco futuro,"permanece review-only, sem SAR e sem promocao",false,false,false,false,false,false,true
SPL_00493,SAR_0475,1,sem plano SAR neste marco; resolver bloqueio antes de preparar canario,nenhum artefato SAR neste marco,bloqueio resolvido em marco futuro,"permanece review-only, sem SAR e sem promocao",false,false,false,false,false,false,true
SPL_00494,SAR_0476,1,sem plano SAR neste marco; resolver bloqueio antes de preparar canario,nenhum artefato SAR neste marco,bloqueio resolvido em marco futuro,"permanece review-only, sem SAR e sem promocao",false,false,false,false,false,false,true
SPL_00495,SAR_0477,1,sem plano SAR neste marco; resolver bloqueio antes de preparar canario,nenhum artefato SAR neste marco,bloqueio resolvido em marco futuro,"permanece review-only, sem SAR e sem promocao",false,false,false,false,false,false,true
SPL_00496,SAR_0478,1,sem plano SAR neste marco; resolver bloqueio antes de preparar canario,nenhum artefato SAR neste marco,bloqueio resolvido em marco futuro,"permanece review-only, sem SAR e sem promocao",false,false,false,false,false,false,true
SPL_00497,SAR_0479,1,sem plano SAR neste marco; resolver bloqueio antes de preparar canario,nenhum artefato SAR neste marco,bloqueio resolvido em marco futuro,"permanece review-only, sem SAR e sem promocao",false,false,false,false,false,false,true
SPL_00498,SAR_0480,1,sem plano SAR neste marco; resolver bloqueio antes de preparar canario,nenhum artefato SAR neste marco,bloqueio resolvido em marco futuro,"permanece review-only, sem SAR e sem promocao",false,false,false,false,false,false,true
SPL_00499,SAR_0481,1,sem plano SAR neste marco; resolver bloqueio antes de preparar canario,nenhum artefato SAR neste marco,bloqueio resolvido em marco futuro,"permanece review-only, sem SAR e sem promocao",false,false,false,false,false,false,true
SPL_00500,SAR_0482,1,sem plano SAR neste marco; resolver bloqueio antes de preparar canario,nenhum artefato SAR neste marco,bloqueio resolvido em marco futuro,"permanece review-only, sem SAR e sem promocao",false,false,false,false,false,false,true
SPL_00501,SAR_0483,1,sem plano SAR neste marco; resolver bloqueio antes de preparar canario,nenhum artefato SAR neste marco,bloqueio resolvido em marco futuro,"permanece review-only, sem SAR e sem promocao",false,false,false,false,false,false,true
SPL_00502,SAR_0484,1,sem plano SAR neste marco; resolver bloqueio antes de preparar canario,nenhum artefato SAR neste marco,bloqueio resolvido em marco futuro,"permanece review-only, sem SAR e sem promocao",false,false,false,false,false,false,true
SPL_00503,SAR_0485,1,sem plano SAR neste marco; resolver bloqueio antes de preparar canario,nenhum artefato SAR neste marco,bloqueio resolvido em marco futuro,"permanece review-only, sem SAR e sem promocao",false,false,false,false,false,false,true
SPL_00504,SAR_0486,1,sem plano SAR neste marco; resolver bloqueio antes de preparar canario,nenhum artefato SAR neste marco,bloqueio resolvido em marco futuro,"permanece review-only, sem SAR e sem promocao",false,false,false,false,false,false,true
SPL_00505,SAR_0487,1,sem plano SAR neste marco; resolver bloqueio antes de preparar canario,nenhum artefato SAR neste marco,bloqueio resolvido em marco futuro,"permanece review-only, sem SAR e sem promocao",false,false,false,false,false,false,true
SPL_00506,SAR_0488,1,sem plano SAR neste marco; resolver bloqueio antes de preparar canario,nenhum artefato SAR neste marco,bloqueio resolvido em marco futuro,"permanece review-only, sem SAR e sem promocao",false,false,false,false,false,false,true
SPL_00507,SAR_0489,1,sem plano SAR neste marco; resolver bloqueio antes de preparar canario,nenhum artefato SAR neste marco,bloqueio resolvido em marco futuro,"permanece review-only, sem SAR e sem promocao",false,false,false,false,false,false,true
SPL_00508,SAR_0490,1,sem plano SAR neste marco; resolver bloqueio antes de preparar canario,nenhum artefato SAR neste marco,bloqueio resolvido em marco futuro,"permanece review-only, sem SAR e sem promocao",false,false,false,false,false,false,true
SPL_00509,SAR_0491,1,sem plano SAR neste marco; resolver bloqueio antes de preparar canario,nenhum artefato SAR neste marco,bloqueio resolvido em marco futuro,"permanece review-only, sem SAR e sem promocao",false,false,false,false,false,false,true
SPL_00510,SAR_0492,1,sem plano SAR neste marco; resolver bloqueio antes de preparar canario,nenhum artefato SAR neste marco,bloqueio resolvido em marco futuro,"permanece review-only, sem SAR e sem promocao",false,false,false,false,false,false,true
SPL_00511,SAR_0493,1,sem plano SAR neste marco; resolver bloqueio antes de preparar canario,nenhum artefato SAR neste marco,bloqueio resolvido em marco futuro,"permanece review-only, sem SAR e sem promocao",false,false,false,false,false,false,true
SPL_00512,SAR_0494,1,sem plano SAR neste marco; resolver bloqueio antes de preparar canario,nenhum artefato SAR neste marco,bloqueio resolvido em marco futuro,"permanece review-only, sem SAR e sem promocao",false,false,false,false,false,false,true
SPL_00513,SAR_0495,1,sem plano SAR neste marco; resolver bloqueio antes de preparar canario,nenhum artefato SAR neste marco,bloqueio resolvido em marco futuro,"permanece review-only, sem SAR e sem promocao",false,false,false,false,false,false,true
SPL_00514,SAR_0496,1,sem plano SAR neste marco; resolver bloqueio antes de preparar canario,nenhum artefato SAR neste marco,bloqueio resolvido em marco futuro,"permanece review-only, sem SAR e sem promocao",false,false,false,false,false,false,true
SPL_00515,SAR_0497,1,sem plano SAR neste marco; resolver bloqueio antes de preparar canario,nenhum artefato SAR neste marco,bloqueio resolvido em marco futuro,"permanece review-only, sem SAR e sem promocao",false,false,false,false,false,false,true
SPL_00516,SAR_0498,1,sem plano SAR neste marco; resolver bloqueio antes de preparar canario,nenhum artefato SAR neste marco,bloqueio resolvido em marco futuro,"permanece review-only, sem SAR e sem promocao",false,false,false,false,false,false,true
SPL_00517,SAR_0499,1,sem plano SAR neste marco; resolver bloqueio antes de preparar canario,nenhum artefato SAR neste marco,bloqueio resolvido em marco futuro,"permanece review-only, sem SAR e sem promocao",false,false,false,false,false,false,true
SPL_00518,SAR_0500,1,sem plano SAR neste marco; resolver bloqueio antes de preparar canario,nenhum artefato SAR neste marco,bloqueio resolvido em marco futuro,"permanece review-only, sem SAR e sem promocao",false,false,false,false,false,false,true
SPL_00519,SAR_0501,1,sem plano SAR neste marco; resolver bloqueio antes de preparar canario,nenhum artefato SAR neste marco,bloqueio resolvido em marco futuro,"permanece review-only, sem SAR e sem promocao",false,false,false,false,false,false,true
SPL_00520,SAR_0502,1,sem plano SAR neste marco; resolver bloqueio antes de preparar canario,nenhum artefato SAR neste marco,bloqueio resolvido em marco futuro,"permanece review-only, sem SAR e sem promocao",false,false,false,false,false,false,true
SPL_00521,SAR_0503,1,sem plano SAR neste marco; resolver bloqueio antes de preparar canario,nenhum artefato SAR neste marco,bloqueio resolvido em marco futuro,"permanece review-only, sem SAR e sem promocao",false,false,false,false,false,false,true
SPL_00522,SAR_0504,1,sem plano SAR neste marco; resolver bloqueio antes de preparar canario,nenhum artefato SAR neste marco,bloqueio resolvido em marco futuro,"permanece review-only, sem SAR e sem promocao",false,false,false,false,false,false,true
SPL_00523,SAR_0505,1,sem plano SAR neste marco; resolver bloqueio antes de preparar canario,nenhum artefato SAR neste marco,bloqueio resolvido em marco futuro,"permanece review-only, sem SAR e sem promocao",false,false,false,false,false,false,true
SPL_00524,SAR_0506,1,sem plano SAR neste marco; resolver bloqueio antes de preparar canario,nenhum artefato SAR neste marco,bloqueio resolvido em marco futuro,"permanece review-only, sem SAR e sem promocao",false,false,false,false,false,false,true
SPL_00525,SAR_0507,1,sem plano SAR neste marco; resolver bloqueio antes de preparar canario,nenhum artefato SAR neste marco,bloqueio resolvido em marco futuro,"permanece review-only, sem SAR e sem promocao",false,false,false,false,false,false,true
SPL_00526,SAR_0508,1,sem plano SAR neste marco; resolver bloqueio antes de preparar canario,nenhum artefato SAR neste marco,bloqueio resolvido em marco futuro,"permanece review-only, sem SAR e sem promocao",false,false,false,false,false,false,true
SPL_00527,SAR_0509,1,sem plano SAR neste marco; resolver bloqueio antes de preparar canario,nenhum artefato SAR neste marco,bloqueio resolvido em marco futuro,"permanece review-only, sem SAR e sem promocao",false,false,false,false,false,false,true
SPL_00528,SAR_0510,1,sem plano SAR neste marco; resolver bloqueio antes de preparar canario,nenhum artefato SAR neste marco,bloqueio resolvido em marco futuro,"permanece review-only, sem SAR e sem promocao",false,false,false,false,false,false,true
SPL_00529,SAR_0511,1,sem plano SAR neste marco; resolver bloqueio antes de preparar canario,nenhum artefato SAR neste marco,bloqueio resolvido em marco futuro,"permanece review-only, sem SAR e sem promocao",false,false,false,false,false,false,true
SPL_00530,SAR_0512,1,sem plano SAR neste marco; resolver bloqueio antes de preparar canario,nenhum artefato SAR neste marco,bloqueio resolvido em marco futuro,"permanece review-only, sem SAR e sem promocao",false,false,false,false,false,false,true
SPL_00531,SAR_0513,1,sem plano SAR neste marco; resolver bloqueio antes de preparar canario,nenhum artefato SAR neste marco,bloqueio resolvido em marco futuro,"permanece review-only, sem SAR e sem promocao",false,false,false,false,false,false,true
SPL_00532,SAR_0514,1,sem plano SAR neste marco; resolver bloqueio antes de preparar canario,nenhum artefato SAR neste marco,bloqueio resolvido em marco futuro,"permanece review-only, sem SAR e sem promocao",false,false,false,false,false,false,true
SPL_00533,SAR_0515,1,sem plano SAR neste marco; resolver bloqueio antes de preparar canario,nenhum artefato SAR neste marco,bloqueio resolvido em marco futuro,"permanece review-only, sem SAR e sem promocao",false,false,false,false,false,false,true
SPL_00534,SAR_0516,1,sem plano SAR neste marco; resolver bloqueio antes de preparar canario,nenhum artefato SAR neste marco,bloqueio resolvido em marco futuro,"permanece review-only, sem SAR e sem promocao",false,false,false,false,false,false,true
SPL_00535,SAR_0517,1,sem plano SAR neste marco; resolver bloqueio antes de preparar canario,nenhum artefato SAR neste marco,bloqueio resolvido em marco futuro,"permanece review-only, sem SAR e sem promocao",false,false,false,false,false,false,true
SPL_00536,SAR_0518,1,sem plano SAR neste marco; resolver bloqueio antes de preparar canario,nenhum artefato SAR neste marco,bloqueio resolvido em marco futuro,"permanece review-only, sem SAR e sem promocao",false,false,false,false,false,false,true
SPL_00537,SAR_0519,1,sem plano SAR neste marco; resolver bloqueio antes de preparar canario,nenhum artefato SAR neste marco,bloqueio resolvido em marco futuro,"permanece review-only, sem SAR e sem promocao",false,false,false,false,false,false,true
SPL_00538,SAR_0520,1,sem plano SAR neste marco; resolver bloqueio antes de preparar canario,nenhum artefato SAR neste marco,bloqueio resolvido em marco futuro,"permanece review-only, sem SAR e sem promocao",false,false,false,false,false,false,true
SPL_00539,SAR_0521,1,sem plano SAR neste marco; resolver bloqueio antes de preparar canario,nenhum artefato SAR neste marco,bloqueio resolvido em marco futuro,"permanece review-only, sem SAR e sem promocao",false,false,false,false,false,false,true
SPL_00540,SAR_0522,1,sem plano SAR neste marco; resolver bloqueio antes de preparar canario,nenhum artefato SAR neste marco,bloqueio resolvido em marco futuro,"permanece review-only, sem SAR e sem promocao",false,false,false,false,false,false,true
SPL_00541,SAR_0523,1,sem plano SAR neste marco; resolver bloqueio antes de preparar canario,nenhum artefato SAR neste marco,bloqueio resolvido em marco futuro,"permanece review-only, sem SAR e sem promocao",false,false,false,false,false,false,true
SPL_00542,SAR_0524,1,sem plano SAR neste marco; resolver bloqueio antes de preparar canario,nenhum artefato SAR neste marco,bloqueio resolvido em marco futuro,"permanece review-only, sem SAR e sem promocao",false,false,false,false,false,false,true
SPL_00543,SAR_0525,1,sem plano SAR neste marco; resolver bloqueio antes de preparar canario,nenhum artefato SAR neste marco,bloqueio resolvido em marco futuro,"permanece review-only, sem SAR e sem promocao",false,false,false,false,false,false,true
SPL_00544,SAR_0526,1,sem plano SAR neste marco; resolver bloqueio antes de preparar canario,nenhum artefato SAR neste marco,bloqueio resolvido em marco futuro,"permanece review-only, sem SAR e sem promocao",false,false,false,false,false,false,true
SPL_00545,SAR_0527,1,sem plano SAR neste marco; resolver bloqueio antes de preparar canario,nenhum artefato SAR neste marco,bloqueio resolvido em marco futuro,"permanece review-only, sem SAR e sem promocao",false,false,false,false,false,false,true
SPL_00546,SAR_0528,1,sem plano SAR neste marco; resolver bloqueio antes de preparar canario,nenhum artefato SAR neste marco,bloqueio resolvido em marco futuro,"permanece review-only, sem SAR e sem promocao",false,false,false,false,false,false,true
SPL_00547,SAR_0529,1,sem plano SAR neste marco; resolver bloqueio antes de preparar canario,nenhum artefato SAR neste marco,bloqueio resolvido em marco futuro,"permanece review-only, sem SAR e sem promocao",false,false,false,false,false,false,true
SPL_00548,SAR_0530,1,sem plano SAR neste marco; resolver bloqueio antes de preparar canario,nenhum artefato SAR neste marco,bloqueio resolvido em marco futuro,"permanece review-only, sem SAR e sem promocao",false,false,false,false,false,false,true
SPL_00549,SAR_0531,1,sem plano SAR neste marco; resolver bloqueio antes de preparar canario,nenhum artefato SAR neste marco,bloqueio resolvido em marco futuro,"permanece review-only, sem SAR e sem promocao",false,false,false,false,false,false,true
SPL_00550,SAR_0532,1,sem plano SAR neste marco; resolver bloqueio antes de preparar canario,nenhum artefato SAR neste marco,bloqueio resolvido em marco futuro,"permanece review-only, sem SAR e sem promocao",false,false,false,false,false,false,true
SPL_00551,SAR_0533,1,sem plano SAR neste marco; resolver bloqueio antes de preparar canario,nenhum artefato SAR neste marco,bloqueio resolvido em marco futuro,"permanece review-only, sem SAR e sem promocao",false,false,false,false,false,false,true
SPL_00552,SAR_0534,1,sem plano SAR neste marco; resolver bloqueio antes de preparar canario,nenhum artefato SAR neste marco,bloqueio resolvido em marco futuro,"permanece review-only, sem SAR e sem promocao",false,false,false,false,false,false,true
SPL_00553,SAR_0535,1,sem plano SAR neste marco; resolver bloqueio antes de preparar canario,nenhum artefato SAR neste marco,bloqueio resolvido em marco futuro,"permanece review-only, sem SAR e sem promocao",false,false,false,false,false,false,true
SPL_00554,SAR_0536,1,sem plano SAR neste marco; resolver bloqueio antes de preparar canario,nenhum artefato SAR neste marco,bloqueio resolvido em marco futuro,"permanece review-only, sem SAR e sem promocao",false,false,false,false,false,false,true
SPL_00555,SAR_0537,1,sem plano SAR neste marco; resolver bloqueio antes de preparar canario,nenhum artefato SAR neste marco,bloqueio resolvido em marco futuro,"permanece review-only, sem SAR e sem promocao",false,false,false,false,false,false,true
SPL_00556,SAR_0538,1,sem plano SAR neste marco; resolver bloqueio antes de preparar canario,nenhum artefato SAR neste marco,bloqueio resolvido em marco futuro,"permanece review-only, sem SAR e sem promocao",false,false,false,false,false,false,true
SPL_00557,SAR_0539,1,sem plano SAR neste marco; resolver bloqueio antes de preparar canario,nenhum artefato SAR neste marco,bloqueio resolvido em marco futuro,"permanece review-only, sem SAR e sem promocao",false,false,false,false,false,false,true
SPL_00558,SAR_0540,1,sem plano SAR neste marco; resolver bloqueio antes de preparar canario,nenhum artefato SAR neste marco,bloqueio resolvido em marco futuro,"permanece review-only, sem SAR e sem promocao",false,false,false,false,false,false,true
SPL_00559,SAR_0541,1,sem plano SAR neste marco; resolver bloqueio antes de preparar canario,nenhum artefato SAR neste marco,bloqueio resolvido em marco futuro,"permanece review-only, sem SAR e sem promocao",false,false,false,false,false,false,true
SPL_00560,SAR_0542,1,sem plano SAR neste marco; resolver bloqueio antes de preparar canario,nenhum artefato SAR neste marco,bloqueio resolvido em marco futuro,"permanece review-only, sem SAR e sem promocao",false,false,false,false,false,false,true
SPL_00561,SAR_0543,1,sem plano SAR neste marco; resolver bloqueio antes de preparar canario,nenhum artefato SAR neste marco,bloqueio resolvido em marco futuro,"permanece review-only, sem SAR e sem promocao",false,false,false,false,false,false,true
SPL_00562,SAR_0544,1,sem plano SAR neste marco; resolver bloqueio antes de preparar canario,nenhum artefato SAR neste marco,bloqueio resolvido em marco futuro,"permanece review-only, sem SAR e sem promocao",false,false,false,false,false,false,true
SPL_00563,SAR_0545,1,sem plano SAR neste marco; resolver bloqueio antes de preparar canario,nenhum artefato SAR neste marco,bloqueio resolvido em marco futuro,"permanece review-only, sem SAR e sem promocao",false,false,false,false,false,false,true
SPL_00564,SAR_0546,1,sem plano SAR neste marco; resolver bloqueio antes de preparar canario,nenhum artefato SAR neste marco,bloqueio resolvido em marco futuro,"permanece review-only, sem SAR e sem promocao",false,false,false,false,false,false,true
SPL_00565,SAR_0547,1,confirmar AOI/patch do alvo,AOI/patch confirmado,"AOI/patch confirmado registrado e auditavel, mantendo review_only","sem o artefato, o canario nao avanca; sem promocao e sem treino",false,false,false,false,false,false,true
SPL_00566,SAR_0547,2,buscar cenas Sentinel-1 futuras (sem executar agora),lista de cenas candidatas,"lista de cenas candidatas registrado e auditavel, mantendo review_only","sem o artefato, o canario nao avanca; sem promocao e sem treino",true,true,false,false,false,true,true
SPL_00567,SAR_0547,3,selecionar janela pre-evento,cena pre-evento selecionada,"cena pre-evento selecionada registrado e auditavel, mantendo review_only","sem o artefato, o canario nao avanca; sem promocao e sem treino",true,true,false,false,false,true,true
SPL_00568,SAR_0547,4,selecionar janela pos-evento,cena pos-evento selecionada,"cena pos-evento selecionada registrado e auditavel, mantendo review_only","sem o artefato, o canario nao avanca; sem promocao e sem treino",true,true,false,false,false,true,true
SPL_00569,SAR_0547,5,aplicar pre-processamento SAR futuro,SAR pre-processado,"SAR pre-processado registrado e auditavel, mantendo review_only","sem o artefato, o canario nao avanca; sem promocao e sem treino",false,true,false,false,false,true,true
SPL_00570,SAR_0547,6,aplicar mascara de agua permanente futura,mascara de agua aplicada,"mascara de agua aplicada registrado e auditavel, mantendo review_only","sem o artefato, o canario nao avanca; sem promocao e sem treino",false,true,true,false,false,true,true
SPL_00571,SAR_0547,7,aplicar filtros HAND/slope futuros,filtros topograficos aplicados,"filtros topograficos aplicados registrado e auditavel, mantendo review_only","sem o artefato, o canario nao avanca; sem promocao e sem treino",false,false,false,false,false,true,true
SPL_00572,SAR_0547,8,tratar ambiguidade urbana futura,ambiguidade urbana tratada,"ambiguidade urbana tratada registrado e auditavel, mantendo review_only","sem o artefato, o canario nao avanca; sem promocao e sem treino",false,true,false,false,false,true,true
SPL_00573,SAR_0547,9,gerar poligono candidato futuro,poligono candidato (referencia de avaliacao),"poligono candidato (referencia de avaliacao) registrado e auditavel, mantendo review_only","sem o artefato, o canario nao avanca; sem promocao e sem treino",false,true,false,false,false,true,true
SPL_00574,SAR_0547,10,executar QA humano futuro,QA humano concluido,"QA humano concluido registrado e auditavel, mantendo review_only","sem o artefato, o canario nao avanca; sem promocao e sem treino",false,false,false,true,true,false,true
SPL_00575,SAR_0548,1,confirmar AOI/patch do alvo,AOI/patch confirmado,"AOI/patch confirmado registrado e auditavel, mantendo review_only","sem o artefato, o canario nao avanca; sem promocao e sem treino",false,false,false,false,false,false,true
SPL_00576,SAR_0548,2,buscar cenas Sentinel-1 futuras (sem executar agora),lista de cenas candidatas,"lista de cenas candidatas registrado e auditavel, mantendo review_only","sem o artefato, o canario nao avanca; sem promocao e sem treino",true,true,false,false,false,true,true
SPL_00577,SAR_0548,3,selecionar janela pre-evento,cena pre-evento selecionada,"cena pre-evento selecionada registrado e auditavel, mantendo review_only","sem o artefato, o canario nao avanca; sem promocao e sem treino",true,true,false,false,false,true,true
SPL_00578,SAR_0548,4,selecionar janela pos-evento,cena pos-evento selecionada,"cena pos-evento selecionada registrado e auditavel, mantendo review_only","sem o artefato, o canario nao avanca; sem promocao e sem treino",true,true,false,false,false,true,true
SPL_00579,SAR_0548,5,aplicar pre-processamento SAR futuro,SAR pre-processado,"SAR pre-processado registrado e auditavel, mantendo review_only","sem o artefato, o canario nao avanca; sem promocao e sem treino",false,true,false,false,false,true,true
SPL_00580,SAR_0548,6,aplicar mascara de agua permanente futura,mascara de agua aplicada,"mascara de agua aplicada registrado e auditavel, mantendo review_only","sem o artefato, o canario nao avanca; sem promocao e sem treino",false,true,true,false,false,true,true
SPL_00581,SAR_0548,7,aplicar filtros HAND/slope futuros,filtros topograficos aplicados,"filtros topograficos aplicados registrado e auditavel, mantendo review_only","sem o artefato, o canario nao avanca; sem promocao e sem treino",false,false,false,false,false,true,true
SPL_00582,SAR_0548,8,tratar ambiguidade urbana futura,ambiguidade urbana tratada,"ambiguidade urbana tratada registrado e auditavel, mantendo review_only","sem o artefato, o canario nao avanca; sem promocao e sem treino",false,true,false,false,false,true,true
SPL_00583,SAR_0548,9,gerar poligono candidato futuro,poligono candidato (referencia de avaliacao),"poligono candidato (referencia de avaliacao) registrado e auditavel, mantendo review_only","sem o artefato, o canario nao avanca; sem promocao e sem treino",false,true,false,false,false,true,true
SPL_00584,SAR_0548,10,executar QA humano futuro,QA humano concluido,"QA humano concluido registrado e auditavel, mantendo review_only","sem o artefato, o canario nao avanca; sem promocao e sem treino",false,false,false,true,true,false,true
SPL_00585,SAR_0549,1,confirmar AOI/patch do alvo,AOI/patch confirmado,"AOI/patch confirmado registrado e auditavel, mantendo review_only","sem o artefato, o canario nao avanca; sem promocao e sem treino",false,false,false,false,false,false,true
SPL_00586,SAR_0549,2,buscar cenas Sentinel-1 futuras (sem executar agora),lista de cenas candidatas,"lista de cenas candidatas registrado e auditavel, mantendo review_only","sem o artefato, o canario nao avanca; sem promocao e sem treino",true,true,false,false,false,true,true
SPL_00587,SAR_0549,3,selecionar janela pre-evento,cena pre-evento selecionada,"cena pre-evento selecionada registrado e auditavel, mantendo review_only","sem o artefato, o canario nao avanca; sem promocao e sem treino",true,true,false,false,false,true,true
SPL_00588,SAR_0549,4,selecionar janela pos-evento,cena pos-evento selecionada,"cena pos-evento selecionada registrado e auditavel, mantendo review_only","sem o artefato, o canario nao avanca; sem promocao e sem treino",true,true,false,false,false,true,true
SPL_00589,SAR_0549,5,aplicar pre-processamento SAR futuro,SAR pre-processado,"SAR pre-processado registrado e auditavel, mantendo review_only","sem o artefato, o canario nao avanca; sem promocao e sem treino",false,true,false,false,false,true,true
SPL_00590,SAR_0549,6,aplicar mascara de agua permanente futura,mascara de agua aplicada,"mascara de agua aplicada registrado e auditavel, mantendo review_only","sem o artefato, o canario nao avanca; sem promocao e sem treino",false,true,true,false,false,true,true
SPL_00591,SAR_0549,7,aplicar filtros HAND/slope futuros,filtros topograficos aplicados,"filtros topograficos aplicados registrado e auditavel, mantendo review_only","sem o artefato, o canario nao avanca; sem promocao e sem treino",false,false,false,false,false,true,true
SPL_00592,SAR_0549,8,tratar ambiguidade urbana futura,ambiguidade urbana tratada,"ambiguidade urbana tratada registrado e auditavel, mantendo review_only","sem o artefato, o canario nao avanca; sem promocao e sem treino",false,true,false,false,false,true,true
SPL_00593,SAR_0549,9,gerar poligono candidato futuro,poligono candidato (referencia de avaliacao),"poligono candidato (referencia de avaliacao) registrado e auditavel, mantendo review_only","sem o artefato, o canario nao avanca; sem promocao e sem treino",false,true,false,false,false,true,true
SPL_00594,SAR_0549,10,executar QA humano futuro,QA humano concluido,"QA humano concluido registrado e auditavel, mantendo review_only","sem o artefato, o canario nao avanca; sem promocao e sem treino",false,false,false,true,true,false,true
SPL_00595,SAR_0550,1,confirmar AOI/patch do alvo,AOI/patch confirmado,"AOI/patch confirmado registrado e auditavel, mantendo review_only","sem o artefato, o canario nao avanca; sem promocao e sem treino",false,false,false,false,false,false,true
SPL_00596,SAR_0550,2,buscar cenas Sentinel-1 futuras (sem executar agora),lista de cenas candidatas,"lista de cenas candidatas registrado e auditavel, mantendo review_only","sem o artefato, o canario nao avanca; sem promocao e sem treino",true,true,false,false,false,true,true
SPL_00597,SAR_0550,3,selecionar janela pre-evento,cena pre-evento selecionada,"cena pre-evento selecionada registrado e auditavel, mantendo review_only","sem o artefato, o canario nao avanca; sem promocao e sem treino",true,true,false,false,false,true,true
SPL_00598,SAR_0550,4,selecionar janela pos-evento,cena pos-evento selecionada,"cena pos-evento selecionada registrado e auditavel, mantendo review_only","sem o artefato, o canario nao avanca; sem promocao e sem treino",true,true,false,false,false,true,true
SPL_00599,SAR_0550,5,aplicar pre-processamento SAR futuro,SAR pre-processado,"SAR pre-processado registrado e auditavel, mantendo review_only","sem o artefato, o canario nao avanca; sem promocao e sem treino",false,true,false,false,false,true,true
SPL_00600,SAR_0550,6,aplicar mascara de agua permanente futura,mascara de agua aplicada,"mascara de agua aplicada registrado e auditavel, mantendo review_only","sem o artefato, o canario nao avanca; sem promocao e sem treino",false,true,true,false,false,true,true
SPL_00601,SAR_0550,7,aplicar filtros HAND/slope futuros,filtros topograficos aplicados,"filtros topograficos aplicados registrado e auditavel, mantendo review_only","sem o artefato, o canario nao avanca; sem promocao e sem treino",false,false,false,false,false,true,true
SPL_00602,SAR_0550,8,tratar ambiguidade urbana futura,ambiguidade urbana tratada,"ambiguidade urbana tratada registrado e auditavel, mantendo review_only","sem o artefato, o canario nao avanca; sem promocao e sem treino",false,true,false,false,false,true,true
SPL_00603,SAR_0550,9,gerar poligono candidato futuro,poligono candidato (referencia de avaliacao),"poligono candidato (referencia de avaliacao) registrado e auditavel, mantendo review_only","sem o artefato, o canario nao avanca; sem promocao e sem treino",false,true,false,false,false,true,true
SPL_00604,SAR_0550,10,executar QA humano futuro,QA humano concluido,"QA humano concluido registrado e auditavel, mantendo review_only","sem o artefato, o canario nao avanca; sem promocao e sem treino",false,false,false,true,true,false,true
SPL_00605,SAR_0551,1,confirmar AOI/patch do alvo,AOI/patch confirmado,"AOI/patch confirmado registrado e auditavel, mantendo review_only","sem o artefato, o canario nao avanca; sem promocao e sem treino",false,false,false,false,false,false,true
SPL_00606,SAR_0551,2,buscar cenas Sentinel-1 futuras (sem executar agora),lista de cenas candidatas,"lista de cenas candidatas registrado e auditavel, mantendo review_only","sem o artefato, o canario nao avanca; sem promocao e sem treino",true,true,false,false,false,true,true
SPL_00607,SAR_0551,3,selecionar janela pre-evento,cena pre-evento selecionada,"cena pre-evento selecionada registrado e auditavel, mantendo review_only","sem o artefato, o canario nao avanca; sem promocao e sem treino",true,true,false,false,false,true,true
SPL_00608,SAR_0551,4,selecionar janela pos-evento,cena pos-evento selecionada,"cena pos-evento selecionada registrado e auditavel, mantendo review_only","sem o artefato, o canario nao avanca; sem promocao e sem treino",true,true,false,false,false,true,true
SPL_00609,SAR_0551,5,aplicar pre-processamento SAR futuro,SAR pre-processado,"SAR pre-processado registrado e auditavel, mantendo review_only","sem o artefato, o canario nao avanca; sem promocao e sem treino",false,true,false,false,false,true,true
SPL_00610,SAR_0551,6,aplicar mascara de agua permanente futura,mascara de agua aplicada,"mascara de agua aplicada registrado e auditavel, mantendo review_only","sem o artefato, o canario nao avanca; sem promocao e sem treino",false,true,true,false,false,true,true
SPL_00611,SAR_0551,7,aplicar filtros HAND/slope futuros,filtros topograficos aplicados,"filtros topograficos aplicados registrado e auditavel, mantendo review_only","sem o artefato, o canario nao avanca; sem promocao e sem treino",false,false,false,false,false,true,true
SPL_00612,SAR_0551,8,tratar ambiguidade urbana futura,ambiguidade urbana tratada,"ambiguidade urbana tratada registrado e auditavel, mantendo review_only","sem o artefato, o canario nao avanca; sem promocao e sem treino",false,true,false,false,false,true,true
SPL_00613,SAR_0551,9,gerar poligono candidato futuro,poligono candidato (referencia de avaliacao),"poligono candidato (referencia de avaliacao) registrado e auditavel, mantendo review_only","sem o artefato, o canario nao avanca; sem promocao e sem treino",false,true,false,false,false,true,true
SPL_00614,SAR_0551,10,executar QA humano futuro,QA humano concluido,"QA humano concluido registrado e auditavel, mantendo review_only","sem o artefato, o canario nao avanca; sem promocao e sem treino",false,false,false,true,true,false,true
SPL_00615,SAR_0552,1,confirmar AOI/patch do alvo,AOI/patch confirmado,"AOI/patch confirmado registrado e auditavel, mantendo review_only","sem o artefato, o canario nao avanca; sem promocao e sem treino",false,false,false,false,false,false,true
SPL_00616,SAR_0552,2,buscar cenas Sentinel-1 futuras (sem executar agora),lista de cenas candidatas,"lista de cenas candidatas registrado e auditavel, mantendo review_only","sem o artefato, o canario nao avanca; sem promocao e sem treino",true,true,false,false,false,true,true
SPL_00617,SAR_0552,3,selecionar janela pre-evento,cena pre-evento selecionada,"cena pre-evento selecionada registrado e auditavel, mantendo review_only","sem o artefato, o canario nao avanca; sem promocao e sem treino",true,true,false,false,false,true,true
SPL_00618,SAR_0552,4,selecionar janela pos-evento,cena pos-evento selecionada,"cena pos-evento selecionada registrado e auditavel, mantendo review_only","sem o artefato, o canario nao avanca; sem promocao e sem treino",true,true,false,false,false,true,true
SPL_00619,SAR_0552,5,aplicar pre-processamento SAR futuro,SAR pre-processado,"SAR pre-processado registrado e auditavel, mantendo review_only","sem o artefato, o canario nao avanca; sem promocao e sem treino",false,true,false,false,false,true,true
SPL_00620,SAR_0552,6,aplicar mascara de agua permanente futura,mascara de agua aplicada,"mascara de agua aplicada registrado e auditavel, mantendo review_only","sem o artefato, o canario nao avanca; sem promocao e sem treino",false,true,true,false,false,true,true
SPL_00621,SAR_0552,7,aplicar filtros HAND/slope futuros,filtros topograficos aplicados,"filtros topograficos aplicados registrado e auditavel, mantendo review_only","sem o artefato, o canario nao avanca; sem promocao e sem treino",false,false,false,false,false,true,true
SPL_00622,SAR_0552,8,tratar ambiguidade urbana futura,ambiguidade urbana tratada,"ambiguidade urbana tratada registrado e auditavel, mantendo review_only","sem o artefato, o canario nao avanca; sem promocao e sem treino",false,true,false,false,false,true,true
SPL_00623,SAR_0552,9,gerar poligono candidato futuro,poligono candidato (referencia de avaliacao),"poligono candidato (referencia de avaliacao) registrado e auditavel, mantendo review_only","sem o artefato, o canario nao avanca; sem promocao e sem treino",false,true,false,false,false,true,true
SPL_00624,SAR_0552,10,executar QA humano futuro,QA humano concluido,"QA humano concluido registrado e auditavel, mantendo review_only","sem o artefato, o canario nao avanca; sem promocao e sem treino",false,false,false,true,true,false,true
SPL_00625,SAR_0553,1,confirmar AOI/patch do alvo,AOI/patch confirmado,"AOI/patch confirmado registrado e auditavel, mantendo review_only","sem o artefato, o canario nao avanca; sem promocao e sem treino",false,false,false,false,false,false,true
SPL_00626,SAR_0553,2,buscar cenas Sentinel-1 futuras (sem executar agora),lista de cenas candidatas,"lista de cenas candidatas registrado e auditavel, mantendo review_only","sem o artefato, o canario nao avanca; sem promocao e sem treino",true,true,false,false,false,true,true
SPL_00627,SAR_0553,3,selecionar janela pre-evento,cena pre-evento selecionada,"cena pre-evento selecionada registrado e auditavel, mantendo review_only","sem o artefato, o canario nao avanca; sem promocao e sem treino",true,true,false,false,false,true,true
SPL_00628,SAR_0553,4,selecionar janela pos-evento,cena pos-evento selecionada,"cena pos-evento selecionada registrado e auditavel, mantendo review_only","sem o artefato, o canario nao avanca; sem promocao e sem treino",true,true,false,false,false,true,true
SPL_00629,SAR_0553,5,aplicar pre-processamento SAR futuro,SAR pre-processado,"SAR pre-processado registrado e auditavel, mantendo review_only","sem o artefato, o canario nao avanca; sem promocao e sem treino",false,true,false,false,false,true,true
SPL_00630,SAR_0553,6,aplicar mascara de agua permanente futura,mascara de agua aplicada,"mascara de agua aplicada registrado e auditavel, mantendo review_only","sem o artefato, o canario nao avanca; sem promocao e sem treino",false,true,true,false,false,true,true
SPL_00631,SAR_0553,7,aplicar filtros HAND/slope futuros,filtros topograficos aplicados,"filtros topograficos aplicados registrado e auditavel, mantendo review_only","sem o artefato, o canario nao avanca; sem promocao e sem treino",false,false,false,false,false,true,true
SPL_00632,SAR_0553,8,tratar ambiguidade urbana futura,ambiguidade urbana tratada,"ambiguidade urbana tratada registrado e auditavel, mantendo review_only","sem o artefato, o canario nao avanca; sem promocao e sem treino",false,true,false,false,false,true,true
SPL_00633,SAR_0553,9,gerar poligono candidato futuro,poligono candidato (referencia de avaliacao),"poligono candidato (referencia de avaliacao) registrado e auditavel, mantendo review_only","sem o artefato, o canario nao avanca; sem promocao e sem treino",false,true,false,false,false,true,true
SPL_00634,SAR_0553,10,executar QA humano futuro,QA humano concluido,"QA humano concluido registrado e auditavel, mantendo review_only","sem o artefato, o canario nao avanca; sem promocao e sem treino",false,false,false,true,true,false,true
SPL_00635,SAR_0554,1,confirmar AOI/patch do alvo,AOI/patch confirmado,"AOI/patch confirmado registrado e auditavel, mantendo review_only","sem o artefato, o canario nao avanca; sem promocao e sem treino",false,false,false,false,false,false,true
SPL_00636,SAR_0554,2,buscar cenas Sentinel-1 futuras (sem executar agora),lista de cenas candidatas,"lista de cenas candidatas registrado e auditavel, mantendo review_only","sem o artefato, o canario nao avanca; sem promocao e sem treino",true,true,false,false,false,true,true
SPL_00637,SAR_0554,3,selecionar janela pre-evento,cena pre-evento selecionada,"cena pre-evento selecionada registrado e auditavel, mantendo review_only","sem o artefato, o canario nao avanca; sem promocao e sem treino",true,true,false,false,false,true,true
SPL_00638,SAR_0554,4,selecionar janela pos-evento,cena pos-evento selecionada,"cena pos-evento selecionada registrado e auditavel, mantendo review_only","sem o artefato, o canario nao avanca; sem promocao e sem treino",true,true,false,false,false,true,true
SPL_00639,SAR_0554,5,aplicar pre-processamento SAR futuro,SAR pre-processado,"SAR pre-processado registrado e auditavel, mantendo review_only","sem o artefato, o canario nao avanca; sem promocao e sem treino",false,true,false,false,false,true,true
SPL_00640,SAR_0554,6,aplicar mascara de agua permanente futura,mascara de agua aplicada,"mascara de agua aplicada registrado e auditavel, mantendo review_only","sem o artefato, o canario nao avanca; sem promocao e sem treino",false,true,true,false,false,true,true
SPL_00641,SAR_0554,7,aplicar filtros HAND/slope futuros,filtros topograficos aplicados,"filtros topograficos aplicados registrado e auditavel, mantendo review_only","sem o artefato, o canario nao avanca; sem promocao e sem treino",false,false,false,false,false,true,true
SPL_00642,SAR_0554,8,tratar ambiguidade urbana futura,ambiguidade urbana tratada,"ambiguidade urbana tratada registrado e auditavel, mantendo review_only","sem o artefato, o canario nao avanca; sem promocao e sem treino",false,true,false,false,false,true,true
SPL_00643,SAR_0554,9,gerar poligono candidato futuro,poligono candidato (referencia de avaliacao),"poligono candidato (referencia de avaliacao) registrado e auditavel, mantendo review_only","sem o artefato, o canario nao avanca; sem promocao e sem treino",false,true,false,false,false,true,true
SPL_00644,SAR_0554,10,executar QA humano futuro,QA humano concluido,"QA humano concluido registrado e auditavel, mantendo review_only","sem o artefato, o canario nao avanca; sem promocao e sem treino",false,false,false,true,true,false,true
SPL_00645,SAR_0555,1,confirmar AOI/patch do alvo,AOI/patch confirmado,"AOI/patch confirmado registrado e auditavel, mantendo review_only","sem o artefato, o canario nao avanca; sem promocao e sem treino",false,false,false,false,false,false,true
SPL_00646,SAR_0555,2,buscar cenas Sentinel-1 futuras (sem executar agora),lista de cenas candidatas,"lista de cenas candidatas registrado e auditavel, mantendo review_only","sem o artefato, o canario nao avanca; sem promocao e sem treino",true,true,false,false,false,true,true
SPL_00647,SAR_0555,3,selecionar janela pre-evento,cena pre-evento selecionada,"cena pre-evento selecionada registrado e auditavel, mantendo review_only","sem o artefato, o canario nao avanca; sem promocao e sem treino",true,true,false,false,false,true,true
SPL_00648,SAR_0555,4,selecionar janela pos-evento,cena pos-evento selecionada,"cena pos-evento selecionada registrado e auditavel, mantendo review_only","sem o artefato, o canario nao avanca; sem promocao e sem treino",true,true,false,false,false,true,true
SPL_00649,SAR_0555,5,aplicar pre-processamento SAR futuro,SAR pre-processado,"SAR pre-processado registrado e auditavel, mantendo review_only","sem o artefato, o canario nao avanca; sem promocao e sem treino",false,true,false,false,false,true,true
SPL_00650,SAR_0555,6,aplicar mascara de agua permanente futura,mascara de agua aplicada,"mascara de agua aplicada registrado e auditavel, mantendo review_only","sem o artefato, o canario nao avanca; sem promocao e sem treino",false,true,true,false,false,true,true
SPL_00651,SAR_0555,7,aplicar filtros HAND/slope futuros,filtros topograficos aplicados,"filtros topograficos aplicados registrado e auditavel, mantendo review_only","sem o artefato, o canario nao avanca; sem promocao e sem treino",false,false,false,false,false,true,true
SPL_00652,SAR_0555,8,tratar ambiguidade urbana futura,ambiguidade urbana tratada,"ambiguidade urbana tratada registrado e auditavel, mantendo review_only","sem o artefato, o canario nao avanca; sem promocao e sem treino",false,true,false,false,false,true,true
SPL_00653,SAR_0555,9,gerar poligono candidato futuro,poligono candidato (referencia de avaliacao),"poligono candidato (referencia de avaliacao) registrado e auditavel, mantendo review_only","sem o artefato, o canario nao avanca; sem promocao e sem treino",false,true,false,false,false,true,true
SPL_00654,SAR_0555,10,executar QA humano futuro,QA humano concluido,"QA humano concluido registrado e auditavel, mantendo review_only","sem o artefato, o canario nao avanca; sem promocao e sem treino",false,false,false,true,true,false,true
SPL_00655,SAR_0556,1,confirmar AOI/patch do alvo,AOI/patch confirmado,"AOI/patch confirmado registrado e auditavel, mantendo review_only","sem o artefato, o canario nao avanca; sem promocao e sem treino",false,false,false,false,false,false,true
SPL_00656,SAR_0556,2,buscar cenas Sentinel-1 futuras (sem executar agora),lista de cenas candidatas,"lista de cenas candidatas registrado e auditavel, mantendo review_only","sem o artefato, o canario nao avanca; sem promocao e sem treino",true,true,false,false,false,true,true
SPL_00657,SAR_0556,3,selecionar janela pre-evento,cena pre-evento selecionada,"cena pre-evento selecionada registrado e auditavel, mantendo review_only","sem o artefato, o canario nao avanca; sem promocao e sem treino",true,true,false,false,false,true,true
SPL_00658,SAR_0556,4,selecionar janela pos-evento,cena pos-evento selecionada,"cena pos-evento selecionada registrado e auditavel, mantendo review_only","sem o artefato, o canario nao avanca; sem promocao e sem treino",true,true,false,false,false,true,true
SPL_00659,SAR_0556,5,aplicar pre-processamento SAR futuro,SAR pre-processado,"SAR pre-processado registrado e auditavel, mantendo review_only","sem o artefato, o canario nao avanca; sem promocao e sem treino",false,true,false,false,false,true,true
SPL_00660,SAR_0556,6,aplicar mascara de agua permanente futura,mascara de agua aplicada,"mascara de agua aplicada registrado e auditavel, mantendo review_only","sem o artefato, o canario nao avanca; sem promocao e sem treino",false,true,true,false,false,true,true
SPL_00661,SAR_0556,7,aplicar filtros HAND/slope futuros,filtros topograficos aplicados,"filtros topograficos aplicados registrado e auditavel, mantendo review_only","sem o artefato, o canario nao avanca; sem promocao e sem treino",false,false,false,false,false,true,true
SPL_00662,SAR_0556,8,tratar ambiguidade urbana futura,ambiguidade urbana tratada,"ambiguidade urbana tratada registrado e auditavel, mantendo review_only","sem o artefato, o canario nao avanca; sem promocao e sem treino",false,true,false,false,false,true,true
SPL_00663,SAR_0556,9,gerar poligono candidato futuro,poligono candidato (referencia de avaliacao),"poligono candidato (referencia de avaliacao) registrado e auditavel, mantendo review_only","sem o artefato, o canario nao avanca; sem promocao e sem treino",false,true,false,false,false,true,true
SPL_00664,SAR_0556,10,executar QA humano futuro,QA humano concluido,"QA humano concluido registrado e auditavel, mantendo review_only","sem o artefato, o canario nao avanca; sem promocao e sem treino",false,false,false,true,true,false,true
SPL_00665,SAR_0557,1,confirmar AOI/patch do alvo,AOI/patch confirmado,"AOI/patch confirmado registrado e auditavel, mantendo review_only","sem o artefato, o canario nao avanca; sem promocao e sem treino",false,false,false,false,false,false,true
SPL_00666,SAR_0557,2,buscar cenas Sentinel-1 futuras (sem executar agora),lista de cenas candidatas,"lista de cenas candidatas registrado e auditavel, mantendo review_only","sem o artefato, o canario nao avanca; sem promocao e sem treino",true,true,false,false,false,true,true
SPL_00667,SAR_0557,3,selecionar janela pre-evento,cena pre-evento selecionada,"cena pre-evento selecionada registrado e auditavel, mantendo review_only","sem o artefato, o canario nao avanca; sem promocao e sem treino",true,true,false,false,false,true,true
SPL_00668,SAR_0557,4,selecionar janela pos-evento,cena pos-evento selecionada,"cena pos-evento selecionada registrado e auditavel, mantendo review_only","sem o artefato, o canario nao avanca; sem promocao e sem treino",true,true,false,false,false,true,true
SPL_00669,SAR_0557,5,aplicar pre-processamento SAR futuro,SAR pre-processado,"SAR pre-processado registrado e auditavel, mantendo review_only","sem o artefato, o canario nao avanca; sem promocao e sem treino",false,true,false,false,false,true,true
SPL_00670,SAR_0557,6,aplicar mascara de agua permanente futura,mascara de agua aplicada,"mascara de agua aplicada registrado e auditavel, mantendo review_only","sem o artefato, o canario nao avanca; sem promocao e sem treino",false,true,true,false,false,true,true
SPL_00671,SAR_0557,7,aplicar filtros HAND/slope futuros,filtros topograficos aplicados,"filtros topograficos aplicados registrado e auditavel, mantendo review_only","sem o artefato, o canario nao avanca; sem promocao e sem treino",false,false,false,false,false,true,true
SPL_00672,SAR_0557,8,tratar ambiguidade urbana futura,ambiguidade urbana tratada,"ambiguidade urbana tratada registrado e auditavel, mantendo review_only","sem o artefato, o canario nao avanca; sem promocao e sem treino",false,true,false,false,false,true,true
SPL_00673,SAR_0557,9,gerar poligono candidato futuro,poligono candidato (referencia de avaliacao),"poligono candidato (referencia de avaliacao) registrado e auditavel, mantendo review_only","sem o artefato, o canario nao avanca; sem promocao e sem treino",false,true,false,false,false,true,true
SPL_00674,SAR_0557,10,executar QA humano futuro,QA humano concluido,"QA humano concluido registrado e auditavel, mantendo review_only","sem o artefato, o canario nao avanca; sem promocao e sem treino",false,false,false,true,true,false,true
