missing_requirement_id,target_id,requirement,required_for_positive_strong,current_value,severity,how_to_resolve_pt,prevents_positive_strong,prevents_calibration,prevents_benchmark
MRQ_00001,TGT_0001,event_date,true,not_available,alta,resolver data do evento em registro oficial/documental (trilha resolver_data_evento),true,false,true
MRQ_00002,TGT_0001,geometry_type,true,not_available,alta,obter geometria oficial (ponto/poligono/bbox) do evento (trilha obter_geometria_oficial),true,true,true
MRQ_00003,TGT_0001,patch_id,true,not_available,media,resolver o patch REV-P correspondente (trilha resolver_patch_link),true,false,true
MRQ_00004,TGT_0001,patch_link_quality,true,not_available,alta,produzir vinculo espacial forte com o patch (trilha resolver_patch_link),true,false,true
MRQ_00005,TGT_0001,uncertainty_m,true,not_available,media,estimar incerteza espacial em metros (trilha estimar_incerteza_espacial),true,false,true
MRQ_00006,TGT_0001,qa_status,true,not_available,alta,executar QA humano e registrar aceite (trilha executar_qa_humano),true,true,true
MRQ_00007,TGT_0002,event_date,true,not_available,alta,resolver data do evento em registro oficial/documental (trilha resolver_data_evento),true,false,true
MRQ_00008,TGT_0002,geometry_type,true,not_available,alta,obter geometria oficial (ponto/poligono/bbox) do evento (trilha obter_geometria_oficial),true,true,true
MRQ_00009,TGT_0002,patch_id,true,not_available,media,resolver o patch REV-P correspondente (trilha resolver_patch_link),true,false,true
MRQ_00010,TGT_0002,patch_link_quality,true,not_available,alta,produzir vinculo espacial forte com o patch (trilha resolver_patch_link),true,false,true
MRQ_00011,TGT_0002,uncertainty_m,true,not_available,media,estimar incerteza espacial em metros (trilha estimar_incerteza_espacial),true,false,true
MRQ_00012,TGT_0002,qa_status,true,not_available,alta,executar QA humano e registrar aceite (trilha executar_qa_humano),true,true,true
MRQ_00013,TGT_0003,event_date,true,not_available,alta,resolver data do evento em registro oficial/documental (trilha resolver_data_evento),true,false,true
MRQ_00014,TGT_0003,geometry_type,true,not_available,alta,obter geometria oficial (ponto/poligono/bbox) do evento (trilha obter_geometria_oficial),true,true,true
MRQ_00015,TGT_0003,patch_id,true,not_available,media,resolver o patch REV-P correspondente (trilha resolver_patch_link),true,false,true
MRQ_00016,TGT_0003,patch_link_quality,true,not_available,alta,produzir vinculo espacial forte com o patch (trilha resolver_patch_link),true,false,true
MRQ_00017,TGT_0003,uncertainty_m,true,not_available,media,estimar incerteza espacial em metros (trilha estimar_incerteza_espacial),true,false,true
MRQ_00018,TGT_0003,qa_status,true,not_available,alta,executar QA humano e registrar aceite (trilha executar_qa_humano),true,true,true
MRQ_00019,TGT_0004,event_date,true,not_available,alta,resolver data do evento em registro oficial/documental (trilha resolver_data_evento),true,false,true
MRQ_00020,TGT_0004,geometry_type,true,not_available,alta,obter geometria oficial (ponto/poligono/bbox) do evento (trilha obter_geometria_oficial),true,true,true
MRQ_00021,TGT_0004,patch_id,true,not_available,media,resolver o patch REV-P correspondente (trilha resolver_patch_link),true,false,true
MRQ_00022,TGT_0004,patch_link_quality,true,not_available,alta,produzir vinculo espacial forte com o patch (trilha resolver_patch_link),true,false,true
MRQ_00023,TGT_0004,uncertainty_m,true,not_available,media,estimar incerteza espacial em metros (trilha estimar_incerteza_espacial),true,false,true
MRQ_00024,TGT_0004,qa_status,true,not_available,alta,executar QA humano e registrar aceite (trilha executar_qa_humano),true,true,true
MRQ_00025,TGT_0005,event_date,true,not_available,alta,resolver data do evento em registro oficial/documental (trilha resolver_data_evento),true,false,true
MRQ_00026,TGT_0005,geometry_type,true,not_available,alta,obter geometria oficial (ponto/poligono/bbox) do evento (trilha obter_geometria_oficial),true,true,true
MRQ_00027,TGT_0005,patch_id,true,not_available,media,resolver o patch REV-P correspondente (trilha resolver_patch_link),true,false,true
MRQ_00028,TGT_0005,patch_link_quality,true,not_available,alta,produzir vinculo espacial forte com o patch (trilha resolver_patch_link),true,false,true
MRQ_00029,TGT_0005,uncertainty_m,true,not_available,media,estimar incerteza espacial em metros (trilha estimar_incerteza_espacial),true,false,true
MRQ_00030,TGT_0005,qa_status,true,not_available,alta,executar QA humano e registrar aceite (trilha executar_qa_humano),true,true,true
MRQ_00031,TGT_0006,event_date,true,not_available,alta,resolver data do evento em registro oficial/documental (trilha resolver_data_evento),true,false,true
MRQ_00032,TGT_0006,geometry_type,true,not_available,alta,obter geometria oficial (ponto/poligono/bbox) do evento (trilha obter_geometria_oficial),true,true,true
MRQ_00033,TGT_0006,patch_id,true,not_available,media,resolver o patch REV-P correspondente (trilha resolver_patch_link),true,false,true
MRQ_00034,TGT_0006,patch_link_quality,true,not_available,alta,produzir vinculo espacial forte com o patch (trilha resolver_patch_link),true,false,true
MRQ_00035,TGT_0006,uncertainty_m,true,not_available,media,estimar incerteza espacial em metros (trilha estimar_incerteza_espacial),true,false,true
MRQ_00036,TGT_0006,qa_status,true,not_available,alta,executar QA humano e registrar aceite (trilha executar_qa_humano),true,true,true
MRQ_00037,TGT_0007,event_date,true,not_available,alta,resolver data do evento em registro oficial/documental (trilha resolver_data_evento),true,false,true
MRQ_00038,TGT_0007,geometry_type,true,Polygon,alta,obter geometria oficial (ponto/poligono/bbox) do evento (trilha obter_geometria_oficial),true,true,true
MRQ_00039,TGT_0007,patch_id,true,not_available,media,resolver o patch REV-P correspondente (trilha resolver_patch_link),true,false,true
MRQ_00040,TGT_0007,patch_link_quality,true,not_available,alta,produzir vinculo espacial forte com o patch (trilha resolver_patch_link),true,false,true
MRQ_00041,TGT_0007,uncertainty_m,true,not_available,media,estimar incerteza espacial em metros (trilha estimar_incerteza_espacial),true,false,true
MRQ_00042,TGT_0007,qa_status,true,not_available,alta,executar QA humano e registrar aceite (trilha executar_qa_humano),true,true,true
MRQ_00043,TGT_0008,event_date,true,not_available,alta,resolver data do evento em registro oficial/documental (trilha resolver_data_evento),true,false,true
MRQ_00044,TGT_0008,geometry_type,true,point_set,alta,obter geometria oficial (ponto/poligono/bbox) do evento (trilha obter_geometria_oficial),true,true,true
MRQ_00045,TGT_0008,patch_id,true,not_available,media,resolver o patch REV-P correspondente (trilha resolver_patch_link),true,false,true
MRQ_00046,TGT_0008,patch_link_quality,true,not_available,alta,produzir vinculo espacial forte com o patch (trilha resolver_patch_link),true,false,true
MRQ_00047,TGT_0008,uncertainty_m,true,not_available,media,estimar incerteza espacial em metros (trilha estimar_incerteza_espacial),true,false,true
MRQ_00048,TGT_0008,qa_status,true,not_available,alta,executar QA humano e registrar aceite (trilha executar_qa_humano),true,true,true
MRQ_00049,TGT_0009,event_date,true,not_available,alta,resolver data do evento em registro oficial/documental (trilha resolver_data_evento),true,false,true
MRQ_00050,TGT_0009,geometry_type,true,point_set,alta,obter geometria oficial (ponto/poligono/bbox) do evento (trilha obter_geometria_oficial),true,true,true
MRQ_00051,TGT_0009,patch_id,true,not_available,media,resolver o patch REV-P correspondente (trilha resolver_patch_link),true,false,true
MRQ_00052,TGT_0009,patch_link_quality,true,not_available,alta,produzir vinculo espacial forte com o patch (trilha resolver_patch_link),true,false,true
MRQ_00053,TGT_0009,uncertainty_m,true,not_available,media,estimar incerteza espacial em metros (trilha estimar_incerteza_espacial),true,false,true
MRQ_00054,TGT_0009,qa_status,true,not_available,alta,executar QA humano e registrar aceite (trilha executar_qa_humano),true,true,true
MRQ_00055,TGT_0010,event_date,true,not_available,alta,resolver data do evento em registro oficial/documental (trilha resolver_data_evento),true,false,true
MRQ_00056,TGT_0010,geometry_type,true,point_set,alta,obter geometria oficial (ponto/poligono/bbox) do evento (trilha obter_geometria_oficial),true,true,true
MRQ_00057,TGT_0010,patch_id,true,not_available,media,resolver o patch REV-P correspondente (trilha resolver_patch_link),true,false,true
MRQ_00058,TGT_0010,patch_link_quality,true,not_available,alta,produzir vinculo espacial forte com o patch (trilha resolver_patch_link),true,false,true
MRQ_00059,TGT_0010,uncertainty_m,true,not_available,media,estimar incerteza espacial em metros (trilha estimar_incerteza_espacial),true,false,true
MRQ_00060,TGT_0010,qa_status,true,not_available,alta,executar QA humano e registrar aceite (trilha executar_qa_humano),true,true,true
MRQ_00061,TGT_0011,event_date,true,not_available,alta,resolver data do evento em registro oficial/documental (trilha resolver_data_evento),true,false,true
MRQ_00062,TGT_0011,geometry_type,true,Polygon,alta,obter geometria oficial (ponto/poligono/bbox) do evento (trilha obter_geometria_oficial),true,true,true
MRQ_00063,TGT_0011,uncertainty_m,true,not_available,media,estimar incerteza espacial em metros (trilha estimar_incerteza_espacial),true,false,true
MRQ_00064,TGT_0011,qa_status,true,not_available,alta,executar QA humano e registrar aceite (trilha executar_qa_humano),true,true,true
MRQ_00065,TGT_0012,event_date,true,not_available,alta,resolver data do evento em registro oficial/documental (trilha resolver_data_evento),true,false,true
MRQ_00066,TGT_0012,geometry_type,true,Polygon,alta,obter geometria oficial (ponto/poligono/bbox) do evento (trilha obter_geometria_oficial),true,true,true
MRQ_00067,TGT_0012,uncertainty_m,true,not_available,media,estimar incerteza espacial em metros (trilha estimar_incerteza_espacial),true,false,true
MRQ_00068,TGT_0012,qa_status,true,not_available,alta,executar QA humano e registrar aceite (trilha executar_qa_humano),true,true,true
MRQ_00069,TGT_0013,event_date,true,not_available,alta,resolver data do evento em registro oficial/documental (trilha resolver_data_evento),true,false,true
MRQ_00070,TGT_0013,geometry_type,true,Polygon,alta,obter geometria oficial (ponto/poligono/bbox) do evento (trilha obter_geometria_oficial),true,true,true
MRQ_00071,TGT_0013,uncertainty_m,true,not_available,media,estimar incerteza espacial em metros (trilha estimar_incerteza_espacial),true,false,true
MRQ_00072,TGT_0013,qa_status,true,not_available,alta,executar QA humano e registrar aceite (trilha executar_qa_humano),true,true,true
MRQ_00073,TGT_0014,event_date,true,not_available,alta,resolver data do evento em registro oficial/documental (trilha resolver_data_evento),true,false,true
MRQ_00074,TGT_0014,geometry_type,true,Polygon,alta,obter geometria oficial (ponto/poligono/bbox) do evento (trilha obter_geometria_oficial),true,true,true
MRQ_00075,TGT_0014,uncertainty_m,true,not_available,media,estimar incerteza espacial em metros (trilha estimar_incerteza_espacial),true,false,true
MRQ_00076,TGT_0014,qa_status,true,not_available,alta,executar QA humano e registrar aceite (trilha executar_qa_humano),true,true,true
MRQ_00077,TGT_0015,event_date,true,not_available,alta,resolver data do evento em registro oficial/documental (trilha resolver_data_evento),true,false,true
MRQ_00078,TGT_0015,geometry_type,true,Polygon,alta,obter geometria oficial (ponto/poligono/bbox) do evento (trilha obter_geometria_oficial),true,true,true
MRQ_00079,TGT_0015,uncertainty_m,true,not_available,media,estimar incerteza espacial em metros (trilha estimar_incerteza_espacial),true,false,true
MRQ_00080,TGT_0015,qa_status,true,not_available,alta,executar QA humano e registrar aceite (trilha executar_qa_humano),true,true,true
MRQ_00081,TGT_0016,event_date,true,not_available,alta,resolver data do evento em registro oficial/documental (trilha resolver_data_evento),true,false,true
MRQ_00082,TGT_0016,geometry_type,true,Polygon,alta,obter geometria oficial (ponto/poligono/bbox) do evento (trilha obter_geometria_oficial),true,true,true
MRQ_00083,TGT_0016,uncertainty_m,true,not_available,media,estimar incerteza espacial em metros (trilha estimar_incerteza_espacial),true,false,true
MRQ_00084,TGT_0016,qa_status,true,not_available,alta,executar QA humano e registrar aceite (trilha executar_qa_humano),true,true,true
MRQ_00085,TGT_0017,event_date,true,not_available,alta,resolver data do evento em registro oficial/documental (trilha resolver_data_evento),true,false,true
MRQ_00086,TGT_0017,geometry_type,true,Polygon,alta,obter geometria oficial (ponto/poligono/bbox) do evento (trilha obter_geometria_oficial),true,true,true
MRQ_00087,TGT_0017,uncertainty_m,true,not_available,media,estimar incerteza espacial em metros (trilha estimar_incerteza_espacial),true,false,true
MRQ_00088,TGT_0017,qa_status,true,not_available,alta,executar QA humano e registrar aceite (trilha executar_qa_humano),true,true,true
MRQ_00089,TGT_0018,event_date,true,not_available,alta,resolver data do evento em registro oficial/documental (trilha resolver_data_evento),true,false,true
MRQ_00090,TGT_0018,geometry_type,true,Polygon,alta,obter geometria oficial (ponto/poligono/bbox) do evento (trilha obter_geometria_oficial),true,true,true
MRQ_00091,TGT_0018,uncertainty_m,true,not_available,media,estimar incerteza espacial em metros (trilha estimar_incerteza_espacial),true,false,true
MRQ_00092,TGT_0018,qa_status,true,not_available,alta,executar QA humano e registrar aceite (trilha executar_qa_humano),true,true,true
MRQ_00093,TGT_0019,event_date,true,not_available,alta,resolver data do evento em registro oficial/documental (trilha resolver_data_evento),true,false,true
MRQ_00094,TGT_0019,geometry_type,true,Polygon,alta,obter geometria oficial (ponto/poligono/bbox) do evento (trilha obter_geometria_oficial),true,true,true
MRQ_00095,TGT_0019,uncertainty_m,true,not_available,media,estimar incerteza espacial em metros (trilha estimar_incerteza_espacial),true,false,true
MRQ_00096,TGT_0019,qa_status,true,not_available,alta,executar QA humano e registrar aceite (trilha executar_qa_humano),true,true,true
MRQ_00097,TGT_0020,event_date,true,not_available,alta,resolver data do evento em registro oficial/documental (trilha resolver_data_evento),true,false,true
MRQ_00098,TGT_0020,geometry_type,true,Polygon,alta,obter geometria oficial (ponto/poligono/bbox) do evento (trilha obter_geometria_oficial),true,true,true
MRQ_00099,TGT_0020,patch_link_quality,true,moderate_spatial_overlap,alta,produzir vinculo espacial forte com o patch (trilha resolver_patch_link),true,false,true
MRQ_00100,TGT_0020,uncertainty_m,true,not_available,media,estimar incerteza espacial em metros (trilha estimar_incerteza_espacial),true,false,true
MRQ_00101,TGT_0020,qa_status,true,not_available,alta,executar QA humano e registrar aceite (trilha executar_qa_humano),true,true,true
MRQ_00102,TGT_0021,event_date,true,not_available,alta,resolver data do evento em registro oficial/documental (trilha resolver_data_evento),true,false,true
MRQ_00103,TGT_0021,geometry_type,true,Polygon,alta,obter geometria oficial (ponto/poligono/bbox) do evento (trilha obter_geometria_oficial),true,true,true
MRQ_00104,TGT_0021,uncertainty_m,true,not_available,media,estimar incerteza espacial em metros (trilha estimar_incerteza_espacial),true,false,true
MRQ_00105,TGT_0021,qa_status,true,not_available,alta,executar QA humano e registrar aceite (trilha executar_qa_humano),true,true,true
MRQ_00106,TGT_0022,event_date,true,not_available,alta,resolver data do evento em registro oficial/documental (trilha resolver_data_evento),true,false,true
MRQ_00107,TGT_0022,geometry_type,true,Polygon,alta,obter geometria oficial (ponto/poligono/bbox) do evento (trilha obter_geometria_oficial),true,true,true
MRQ_00108,TGT_0022,patch_link_quality,true,moderate_spatial_overlap,alta,produzir vinculo espacial forte com o patch (trilha resolver_patch_link),true,false,true
MRQ_00109,TGT_0022,uncertainty_m,true,not_available,media,estimar incerteza espacial em metros (trilha estimar_incerteza_espacial),true,false,true
MRQ_00110,TGT_0022,qa_status,true,not_available,alta,executar QA humano e registrar aceite (trilha executar_qa_humano),true,true,true
MRQ_00111,TGT_0023,event_date,true,not_available,alta,resolver data do evento em registro oficial/documental (trilha resolver_data_evento),true,false,true
MRQ_00112,TGT_0023,geometry_type,true,Polygon,alta,obter geometria oficial (ponto/poligono/bbox) do evento (trilha obter_geometria_oficial),true,true,true
MRQ_00113,TGT_0023,uncertainty_m,true,not_available,media,estimar incerteza espacial em metros (trilha estimar_incerteza_espacial),true,false,true
MRQ_00114,TGT_0023,qa_status,true,not_available,alta,executar QA humano e registrar aceite (trilha executar_qa_humano),true,true,true
MRQ_00115,TGT_0024,event_date,true,not_available,alta,resolver data do evento em registro oficial/documental (trilha resolver_data_evento),true,false,true
MRQ_00116,TGT_0024,geometry_type,true,Polygon,alta,obter geometria oficial (ponto/poligono/bbox) do evento (trilha obter_geometria_oficial),true,true,true
MRQ_00117,TGT_0024,uncertainty_m,true,not_available,media,estimar incerteza espacial em metros (trilha estimar_incerteza_espacial),true,false,true
MRQ_00118,TGT_0024,qa_status,true,not_available,alta,executar QA humano e registrar aceite (trilha executar_qa_humano),true,true,true
MRQ_00119,TGT_0025,event_date,true,not_available,alta,resolver data do evento em registro oficial/documental (trilha resolver_data_evento),true,false,true
MRQ_00120,TGT_0025,geometry_type,true,Polygon,alta,obter geometria oficial (ponto/poligono/bbox) do evento (trilha obter_geometria_oficial),true,true,true
MRQ_00121,TGT_0025,uncertainty_m,true,not_available,media,estimar incerteza espacial em metros (trilha estimar_incerteza_espacial),true,false,true
MRQ_00122,TGT_0025,qa_status,true,not_available,alta,executar QA humano e registrar aceite (trilha executar_qa_humano),true,true,true
MRQ_00123,TGT_0026,event_date,true,not_available,alta,resolver data do evento em registro oficial/documental (trilha resolver_data_evento),true,false,true
MRQ_00124,TGT_0026,geometry_type,true,Polygon,alta,obter geometria oficial (ponto/poligono/bbox) do evento (trilha obter_geometria_oficial),true,true,true
MRQ_00125,TGT_0026,uncertainty_m,true,not_available,media,estimar incerteza espacial em metros (trilha estimar_incerteza_espacial),true,false,true
MRQ_00126,TGT_0026,qa_status,true,not_available,alta,executar QA humano e registrar aceite (trilha executar_qa_humano),true,true,true
MRQ_00127,TGT_0027,event_date,true,not_available,alta,resolver data do evento em registro oficial/documental (trilha resolver_data_evento),true,false,true
MRQ_00128,TGT_0027,geometry_type,true,Polygon,alta,obter geometria oficial (ponto/poligono/bbox) do evento (trilha obter_geometria_oficial),true,true,true
MRQ_00129,TGT_0027,uncertainty_m,true,not_available,media,estimar incerteza espacial em metros (trilha estimar_incerteza_espacial),true,false,true
MRQ_00130,TGT_0027,qa_status,true,not_available,alta,executar QA humano e registrar aceite (trilha executar_qa_humano),true,true,true
MRQ_00131,TGT_0028,event_date,true,not_available,alta,resolver data do evento em registro oficial/documental (trilha resolver_data_evento),true,false,true
MRQ_00132,TGT_0028,geometry_type,true,Polygon,alta,obter geometria oficial (ponto/poligono/bbox) do evento (trilha obter_geometria_oficial),true,true,true
MRQ_00133,TGT_0028,uncertainty_m,true,not_available,media,estimar incerteza espacial em metros (trilha estimar_incerteza_espacial),true,false,true
MRQ_00134,TGT_0028,qa_status,true,not_available,alta,executar QA humano e registrar aceite (trilha executar_qa_humano),true,true,true
MRQ_00135,TGT_0029,event_date,true,not_available,alta,resolver data do evento em registro oficial/documental (trilha resolver_data_evento),true,false,true
MRQ_00136,TGT_0029,geometry_type,true,Polygon,alta,obter geometria oficial (ponto/poligono/bbox) do evento (trilha obter_geometria_oficial),true,true,true
MRQ_00137,TGT_0029,uncertainty_m,true,not_available,media,estimar incerteza espacial em metros (trilha estimar_incerteza_espacial),true,false,true
MRQ_00138,TGT_0029,qa_status,true,not_available,alta,executar QA humano e registrar aceite (trilha executar_qa_humano),true,true,true
MRQ_00139,TGT_0030,event_date,true,not_available,alta,resolver data do evento em registro oficial/documental (trilha resolver_data_evento),true,false,true
MRQ_00140,TGT_0030,geometry_type,true,Polygon,alta,obter geometria oficial (ponto/poligono/bbox) do evento (trilha obter_geometria_oficial),true,true,true
MRQ_00141,TGT_0030,uncertainty_m,true,not_available,media,estimar incerteza espacial em metros (trilha estimar_incerteza_espacial),true,false,true
MRQ_00142,TGT_0030,qa_status,true,not_available,alta,executar QA humano e registrar aceite (trilha executar_qa_humano),true,true,true
MRQ_00143,TGT_0031,event_date,true,not_available,alta,resolver data do evento em registro oficial/documental (trilha resolver_data_evento),true,false,true
MRQ_00144,TGT_0031,geometry_type,true,Polygon,alta,obter geometria oficial (ponto/poligono/bbox) do evento (trilha obter_geometria_oficial),true,true,true
MRQ_00145,TGT_0031,patch_link_quality,true,moderate_spatial_overlap,alta,produzir vinculo espacial forte com o patch (trilha resolver_patch_link),true,false,true
MRQ_00146,TGT_0031,uncertainty_m,true,not_available,media,estimar incerteza espacial em metros (trilha estimar_incerteza_espacial),true,false,true
MRQ_00147,TGT_0031,qa_status,true,not_available,alta,executar QA humano e registrar aceite (trilha executar_qa_humano),true,true,true
MRQ_00148,TGT_0032,event_date,true,not_available,alta,resolver data do evento em registro oficial/documental (trilha resolver_data_evento),true,false,true
MRQ_00149,TGT_0032,geometry_type,true,Polygon,alta,obter geometria oficial (ponto/poligono/bbox) do evento (trilha obter_geometria_oficial),true,true,true
MRQ_00150,TGT_0032,uncertainty_m,true,not_available,media,estimar incerteza espacial em metros (trilha estimar_incerteza_espacial),true,false,true
MRQ_00151,TGT_0032,qa_status,true,not_available,alta,executar QA humano e registrar aceite (trilha executar_qa_humano),true,true,true
MRQ_00152,TGT_0033,event_date,true,not_available,alta,resolver data do evento em registro oficial/documental (trilha resolver_data_evento),true,false,true
MRQ_00153,TGT_0033,geometry_type,true,Polygon,alta,obter geometria oficial (ponto/poligono/bbox) do evento (trilha obter_geometria_oficial),true,true,true
MRQ_00154,TGT_0033,patch_link_quality,true,moderate_spatial_overlap,alta,produzir vinculo espacial forte com o patch (trilha resolver_patch_link),true,false,true
MRQ_00155,TGT_0033,uncertainty_m,true,not_available,media,estimar incerteza espacial em metros (trilha estimar_incerteza_espacial),true,false,true
MRQ_00156,TGT_0033,qa_status,true,not_available,alta,executar QA humano e registrar aceite (trilha executar_qa_humano),true,true,true
MRQ_00157,TGT_0034,event_date,true,not_available,alta,resolver data do evento em registro oficial/documental (trilha resolver_data_evento),true,false,true
MRQ_00158,TGT_0034,geometry_type,true,Polygon,alta,obter geometria oficial (ponto/poligono/bbox) do evento (trilha obter_geometria_oficial),true,true,true
MRQ_00159,TGT_0034,uncertainty_m,true,not_available,media,estimar incerteza espacial em metros (trilha estimar_incerteza_espacial),true,false,true
MRQ_00160,TGT_0034,qa_status,true,not_available,alta,executar QA humano e registrar aceite (trilha executar_qa_humano),true,true,true
MRQ_00161,TGT_0035,event_date,true,not_available,alta,resolver data do evento em registro oficial/documental (trilha resolver_data_evento),true,false,true
MRQ_00162,TGT_0035,geometry_type,true,Polygon,alta,obter geometria oficial (ponto/poligono/bbox) do evento (trilha obter_geometria_oficial),true,true,true
MRQ_00163,TGT_0035,uncertainty_m,true,not_available,media,estimar incerteza espacial em metros (trilha estimar_incerteza_espacial),true,false,true
MRQ_00164,TGT_0035,qa_status,true,not_available,alta,executar QA humano e registrar aceite (trilha executar_qa_humano),true,true,true
MRQ_00165,TGT_0036,event_date,true,not_available,alta,resolver data do evento em registro oficial/documental (trilha resolver_data_evento),true,false,true
MRQ_00166,TGT_0036,geometry_type,true,Polygon,alta,obter geometria oficial (ponto/poligono/bbox) do evento (trilha obter_geometria_oficial),true,true,true
MRQ_00167,TGT_0036,uncertainty_m,true,not_available,media,estimar incerteza espacial em metros (trilha estimar_incerteza_espacial),true,false,true
MRQ_00168,TGT_0036,qa_status,true,not_available,alta,executar QA humano e registrar aceite (trilha executar_qa_humano),true,true,true
MRQ_00169,TGT_0037,event_date,true,not_available,alta,resolver data do evento em registro oficial/documental (trilha resolver_data_evento),true,false,true
MRQ_00170,TGT_0037,geometry_type,true,Polygon,alta,obter geometria oficial (ponto/poligono/bbox) do evento (trilha obter_geometria_oficial),true,true,true
MRQ_00171,TGT_0037,uncertainty_m,true,not_available,media,estimar incerteza espacial em metros (trilha estimar_incerteza_espacial),true,false,true
MRQ_00172,TGT_0037,qa_status,true,not_available,alta,executar QA humano e registrar aceite (trilha executar_qa_humano),true,true,true
MRQ_00173,TGT_0038,event_date,true,not_available,alta,resolver data do evento em registro oficial/documental (trilha resolver_data_evento),true,false,true
MRQ_00174,TGT_0038,geometry_type,true,Polygon,alta,obter geometria oficial (ponto/poligono/bbox) do evento (trilha obter_geometria_oficial),true,true,true
MRQ_00175,TGT_0038,uncertainty_m,true,not_available,media,estimar incerteza espacial em metros (trilha estimar_incerteza_espacial),true,false,true
MRQ_00176,TGT_0038,qa_status,true,not_available,alta,executar QA humano e registrar aceite (trilha executar_qa_humano),true,true,true
MRQ_00177,TGT_0039,event_date,true,not_available,alta,resolver data do evento em registro oficial/documental (trilha resolver_data_evento),true,false,true
MRQ_00178,TGT_0039,geometry_type,true,Polygon,alta,obter geometria oficial (ponto/poligono/bbox) do evento (trilha obter_geometria_oficial),true,true,true
MRQ_00179,TGT_0039,uncertainty_m,true,not_available,media,estimar incerteza espacial em metros (trilha estimar_incerteza_espacial),true,false,true
MRQ_00180,TGT_0039,qa_status,true,not_available,alta,executar QA humano e registrar aceite (trilha executar_qa_humano),true,true,true
MRQ_00181,TGT_0040,event_date,true,not_available,alta,resolver data do evento em registro oficial/documental (trilha resolver_data_evento),true,false,true
MRQ_00182,TGT_0040,geometry_type,true,Polygon,alta,obter geometria oficial (ponto/poligono/bbox) do evento (trilha obter_geometria_oficial),true,true,true
MRQ_00183,TGT_0040,patch_link_quality,true,low_spatial_overlap,alta,produzir vinculo espacial forte com o patch (trilha resolver_patch_link),true,false,true
MRQ_00184,TGT_0040,uncertainty_m,true,not_available,media,estimar incerteza espacial em metros (trilha estimar_incerteza_espacial),true,false,true
MRQ_00185,TGT_0040,qa_status,true,not_available,alta,executar QA humano e registrar aceite (trilha executar_qa_humano),true,true,true
MRQ_00186,TGT_0041,event_date,true,not_available,alta,resolver data do evento em registro oficial/documental (trilha resolver_data_evento),true,false,true
MRQ_00187,TGT_0041,geometry_type,true,Polygon,alta,obter geometria oficial (ponto/poligono/bbox) do evento (trilha obter_geometria_oficial),true,true,true
MRQ_00188,TGT_0041,uncertainty_m,true,not_available,media,estimar incerteza espacial em metros (trilha estimar_incerteza_espacial),true,false,true
MRQ_00189,TGT_0041,qa_status,true,not_available,alta,executar QA humano e registrar aceite (trilha executar_qa_humano),true,true,true
MRQ_00190,TGT_0042,event_date,true,not_available,alta,resolver data do evento em registro oficial/documental (trilha resolver_data_evento),true,false,true
MRQ_00191,TGT_0042,geometry_type,true,Polygon,alta,obter geometria oficial (ponto/poligono/bbox) do evento (trilha obter_geometria_oficial),true,true,true
MRQ_00192,TGT_0042,uncertainty_m,true,not_available,media,estimar incerteza espacial em metros (trilha estimar_incerteza_espacial),true,false,true
MRQ_00193,TGT_0042,qa_status,true,not_available,alta,executar QA humano e registrar aceite (trilha executar_qa_humano),true,true,true
MRQ_00194,TGT_0043,event_date,true,not_available,alta,resolver data do evento em registro oficial/documental (trilha resolver_data_evento),true,false,true
MRQ_00195,TGT_0043,geometry_type,true,Polygon,alta,obter geometria oficial (ponto/poligono/bbox) do evento (trilha obter_geometria_oficial),true,true,true
MRQ_00196,TGT_0043,uncertainty_m,true,not_available,media,estimar incerteza espacial em metros (trilha estimar_incerteza_espacial),true,false,true
MRQ_00197,TGT_0043,qa_status,true,not_available,alta,executar QA humano e registrar aceite (trilha executar_qa_humano),true,true,true
MRQ_00198,TGT_0044,event_date,true,not_available,alta,resolver data do evento em registro oficial/documental (trilha resolver_data_evento),true,false,true
MRQ_00199,TGT_0044,geometry_type,true,Polygon,alta,obter geometria oficial (ponto/poligono/bbox) do evento (trilha obter_geometria_oficial),true,true,true
MRQ_00200,TGT_0044,uncertainty_m,true,not_available,media,estimar incerteza espacial em metros (trilha estimar_incerteza_espacial),true,false,true
MRQ_00201,TGT_0044,qa_status,true,not_available,alta,executar QA humano e registrar aceite (trilha executar_qa_humano),true,true,true
MRQ_00202,TGT_0045,event_date,true,not_available,alta,resolver data do evento em registro oficial/documental (trilha resolver_data_evento),true,false,true
MRQ_00203,TGT_0045,geometry_type,true,Polygon,alta,obter geometria oficial (ponto/poligono/bbox) do evento (trilha obter_geometria_oficial),true,true,true
MRQ_00204,TGT_0045,uncertainty_m,true,not_available,media,estimar incerteza espacial em metros (trilha estimar_incerteza_espacial),true,false,true
MRQ_00205,TGT_0045,qa_status,true,not_available,alta,executar QA humano e registrar aceite (trilha executar_qa_humano),true,true,true
MRQ_00206,TGT_0046,event_date,true,not_available,alta,resolver data do evento em registro oficial/documental (trilha resolver_data_evento),true,false,true
MRQ_00207,TGT_0046,geometry_type,true,Polygon,alta,obter geometria oficial (ponto/poligono/bbox) do evento (trilha obter_geometria_oficial),true,true,true
MRQ_00208,TGT_0046,uncertainty_m,true,not_available,media,estimar incerteza espacial em metros (trilha estimar_incerteza_espacial),true,false,true
MRQ_00209,TGT_0046,qa_status,true,not_available,alta,executar QA humano e registrar aceite (trilha executar_qa_humano),true,true,true
MRQ_00210,TGT_0047,event_date,true,not_available,alta,resolver data do evento em registro oficial/documental (trilha resolver_data_evento),true,false,true
MRQ_00211,TGT_0047,geometry_type,true,Polygon,alta,obter geometria oficial (ponto/poligono/bbox) do evento (trilha obter_geometria_oficial),true,true,true
MRQ_00212,TGT_0047,uncertainty_m,true,not_available,media,estimar incerteza espacial em metros (trilha estimar_incerteza_espacial),true,false,true
MRQ_00213,TGT_0047,qa_status,true,not_available,alta,executar QA humano e registrar aceite (trilha executar_qa_humano),true,true,true
MRQ_00214,TGT_0048,event_date,true,not_available,alta,resolver data do evento em registro oficial/documental (trilha resolver_data_evento),true,false,true
MRQ_00215,TGT_0048,geometry_type,true,Polygon,alta,obter geometria oficial (ponto/poligono/bbox) do evento (trilha obter_geometria_oficial),true,true,true
MRQ_00216,TGT_0048,uncertainty_m,true,not_available,media,estimar incerteza espacial em metros (trilha estimar_incerteza_espacial),true,false,true
MRQ_00217,TGT_0048,qa_status,true,not_available,alta,executar QA humano e registrar aceite (trilha executar_qa_humano),true,true,true
MRQ_00218,TGT_0049,event_date,true,not_available,alta,resolver data do evento em registro oficial/documental (trilha resolver_data_evento),true,false,true
MRQ_00219,TGT_0049,geometry_type,true,Polygon,alta,obter geometria oficial (ponto/poligono/bbox) do evento (trilha obter_geometria_oficial),true,true,true
MRQ_00220,TGT_0049,uncertainty_m,true,not_available,media,estimar incerteza espacial em metros (trilha estimar_incerteza_espacial),true,false,true
MRQ_00221,TGT_0049,qa_status,true,not_available,alta,executar QA humano e registrar aceite (trilha executar_qa_humano),true,true,true
MRQ_00222,TGT_0050,event_date,true,not_available,alta,resolver data do evento em registro oficial/documental (trilha resolver_data_evento),true,false,true
MRQ_00223,TGT_0050,geometry_type,true,Polygon,alta,obter geometria oficial (ponto/poligono/bbox) do evento (trilha obter_geometria_oficial),true,true,true
MRQ_00224,TGT_0050,uncertainty_m,true,not_available,media,estimar incerteza espacial em metros (trilha estimar_incerteza_espacial),true,false,true
MRQ_00225,TGT_0050,qa_status,true,not_available,alta,executar QA humano e registrar aceite (trilha executar_qa_humano),true,true,true
MRQ_00226,TGT_0051,event_date,true,not_available,alta,resolver data do evento em registro oficial/documental (trilha resolver_data_evento),true,false,true
MRQ_00227,TGT_0051,geometry_type,true,Polygon,alta,obter geometria oficial (ponto/poligono/bbox) do evento (trilha obter_geometria_oficial),true,true,true
MRQ_00228,TGT_0051,uncertainty_m,true,not_available,media,estimar incerteza espacial em metros (trilha estimar_incerteza_espacial),true,false,true
MRQ_00229,TGT_0051,qa_status,true,not_available,alta,executar QA humano e registrar aceite (trilha executar_qa_humano),true,true,true
MRQ_00230,TGT_0052,event_date,true,not_available,alta,resolver data do evento em registro oficial/documental (trilha resolver_data_evento),true,false,true
MRQ_00231,TGT_0052,geometry_type,true,Polygon,alta,obter geometria oficial (ponto/poligono/bbox) do evento (trilha obter_geometria_oficial),true,true,true
MRQ_00232,TGT_0052,uncertainty_m,true,not_available,media,estimar incerteza espacial em metros (trilha estimar_incerteza_espacial),true,false,true
MRQ_00233,TGT_0052,qa_status,true,not_available,alta,executar QA humano e registrar aceite (trilha executar_qa_humano),true,true,true
MRQ_00234,TGT_0053,event_date,true,not_available,alta,resolver data do evento em registro oficial/documental (trilha resolver_data_evento),true,false,true
MRQ_00235,TGT_0053,geometry_type,true,Polygon,alta,obter geometria oficial (ponto/poligono/bbox) do evento (trilha obter_geometria_oficial),true,true,true
MRQ_00236,TGT_0053,uncertainty_m,true,not_available,media,estimar incerteza espacial em metros (trilha estimar_incerteza_espacial),true,false,true
MRQ_00237,TGT_0053,qa_status,true,not_available,alta,executar QA humano e registrar aceite (trilha executar_qa_humano),true,true,true
MRQ_00238,TGT_0054,event_date,true,not_available,alta,resolver data do evento em registro oficial/documental (trilha resolver_data_evento),true,false,true
MRQ_00239,TGT_0054,geometry_type,true,Polygon,alta,obter geometria oficial (ponto/poligono/bbox) do evento (trilha obter_geometria_oficial),true,true,true
MRQ_00240,TGT_0054,uncertainty_m,true,not_available,media,estimar incerteza espacial em metros (trilha estimar_incerteza_espacial),true,false,true
MRQ_00241,TGT_0054,qa_status,true,not_available,alta,executar QA humano e registrar aceite (trilha executar_qa_humano),true,true,true
MRQ_00242,TGT_0055,event_date,true,not_available,alta,resolver data do evento em registro oficial/documental (trilha resolver_data_evento),true,false,true
MRQ_00243,TGT_0055,geometry_type,true,Polygon,alta,obter geometria oficial (ponto/poligono/bbox) do evento (trilha obter_geometria_oficial),true,true,true
MRQ_00244,TGT_0055,uncertainty_m,true,not_available,media,estimar incerteza espacial em metros (trilha estimar_incerteza_espacial),true,false,true
MRQ_00245,TGT_0055,qa_status,true,not_available,alta,executar QA humano e registrar aceite (trilha executar_qa_humano),true,true,true
MRQ_00246,TGT_0056,event_date,true,not_available,alta,resolver data do evento em registro oficial/documental (trilha resolver_data_evento),true,false,true
MRQ_00247,TGT_0056,geometry_type,true,Polygon,alta,obter geometria oficial (ponto/poligono/bbox) do evento (trilha obter_geometria_oficial),true,true,true
MRQ_00248,TGT_0056,uncertainty_m,true,not_available,media,estimar incerteza espacial em metros (trilha estimar_incerteza_espacial),true,false,true
MRQ_00249,TGT_0056,qa_status,true,not_available,alta,executar QA humano e registrar aceite (trilha executar_qa_humano),true,true,true
MRQ_00250,TGT_0057,event_date,true,not_available,alta,resolver data do evento em registro oficial/documental (trilha resolver_data_evento),true,false,true
MRQ_00251,TGT_0057,geometry_type,true,Polygon,alta,obter geometria oficial (ponto/poligono/bbox) do evento (trilha obter_geometria_oficial),true,true,true
MRQ_00252,TGT_0057,uncertainty_m,true,not_available,media,estimar incerteza espacial em metros (trilha estimar_incerteza_espacial),true,false,true
MRQ_00253,TGT_0057,qa_status,true,not_available,alta,executar QA humano e registrar aceite (trilha executar_qa_humano),true,true,true
MRQ_00254,TGT_0058,event_date,true,not_available,alta,resolver data do evento em registro oficial/documental (trilha resolver_data_evento),true,false,true
MRQ_00255,TGT_0058,geometry_type,true,Polygon,alta,obter geometria oficial (ponto/poligono/bbox) do evento (trilha obter_geometria_oficial),true,true,true
MRQ_00256,TGT_0058,uncertainty_m,true,not_available,media,estimar incerteza espacial em metros (trilha estimar_incerteza_espacial),true,false,true
MRQ_00257,TGT_0058,qa_status,true,not_available,alta,executar QA humano e registrar aceite (trilha executar_qa_humano),true,true,true
MRQ_00258,TGT_0059,event_date,true,not_available,alta,resolver data do evento em registro oficial/documental (trilha resolver_data_evento),true,false,true
MRQ_00259,TGT_0059,geometry_type,true,Polygon,alta,obter geometria oficial (ponto/poligono/bbox) do evento (trilha obter_geometria_oficial),true,true,true
MRQ_00260,TGT_0059,uncertainty_m,true,not_available,media,estimar incerteza espacial em metros (trilha estimar_incerteza_espacial),true,false,true
MRQ_00261,TGT_0059,qa_status,true,not_available,alta,executar QA humano e registrar aceite (trilha executar_qa_humano),true,true,true
MRQ_00262,TGT_0060,event_date,true,not_available,alta,resolver data do evento em registro oficial/documental (trilha resolver_data_evento),true,false,true
MRQ_00263,TGT_0060,geometry_type,true,Polygon,alta,obter geometria oficial (ponto/poligono/bbox) do evento (trilha obter_geometria_oficial),true,true,true
MRQ_00264,TGT_0060,uncertainty_m,true,not_available,media,estimar incerteza espacial em metros (trilha estimar_incerteza_espacial),true,false,true
MRQ_00265,TGT_0060,qa_status,true,not_available,alta,executar QA humano e registrar aceite (trilha executar_qa_humano),true,true,true
MRQ_00266,TGT_0061,event_date,true,not_available,alta,resolver data do evento em registro oficial/documental (trilha resolver_data_evento),true,false,true
MRQ_00267,TGT_0061,geometry_type,true,Polygon,alta,obter geometria oficial (ponto/poligono/bbox) do evento (trilha obter_geometria_oficial),true,true,true
MRQ_00268,TGT_0061,uncertainty_m,true,not_available,media,estimar incerteza espacial em metros (trilha estimar_incerteza_espacial),true,false,true
MRQ_00269,TGT_0061,qa_status,true,not_available,alta,executar QA humano e registrar aceite (trilha executar_qa_humano),true,true,true
MRQ_00270,TGT_0062,event_date,true,not_available,alta,resolver data do evento em registro oficial/documental (trilha resolver_data_evento),true,false,true
MRQ_00271,TGT_0062,geometry_type,true,Polygon,alta,obter geometria oficial (ponto/poligono/bbox) do evento (trilha obter_geometria_oficial),true,true,true
MRQ_00272,TGT_0062,uncertainty_m,true,not_available,media,estimar incerteza espacial em metros (trilha estimar_incerteza_espacial),true,false,true
MRQ_00273,TGT_0062,qa_status,true,not_available,alta,executar QA humano e registrar aceite (trilha executar_qa_humano),true,true,true
MRQ_00274,TGT_0063,event_date,true,not_available,alta,resolver data do evento em registro oficial/documental (trilha resolver_data_evento),true,false,true
MRQ_00275,TGT_0063,geometry_type,true,Polygon,alta,obter geometria oficial (ponto/poligono/bbox) do evento (trilha obter_geometria_oficial),true,true,true
MRQ_00276,TGT_0063,uncertainty_m,true,not_available,media,estimar incerteza espacial em metros (trilha estimar_incerteza_espacial),true,false,true
MRQ_00277,TGT_0063,qa_status,true,not_available,alta,executar QA humano e registrar aceite (trilha executar_qa_humano),true,true,true
MRQ_00278,TGT_0064,event_date,true,not_available,alta,resolver data do evento em registro oficial/documental (trilha resolver_data_evento),true,false,true
MRQ_00279,TGT_0064,geometry_type,true,Polygon,alta,obter geometria oficial (ponto/poligono/bbox) do evento (trilha obter_geometria_oficial),true,true,true
MRQ_00280,TGT_0064,uncertainty_m,true,not_available,media,estimar incerteza espacial em metros (trilha estimar_incerteza_espacial),true,false,true
MRQ_00281,TGT_0064,qa_status,true,not_available,alta,executar QA humano e registrar aceite (trilha executar_qa_humano),true,true,true
MRQ_00282,TGT_0065,event_date,true,not_available,alta,resolver data do evento em registro oficial/documental (trilha resolver_data_evento),true,false,true
MRQ_00283,TGT_0065,geometry_type,true,Polygon,alta,obter geometria oficial (ponto/poligono/bbox) do evento (trilha obter_geometria_oficial),true,true,true
MRQ_00284,TGT_0065,uncertainty_m,true,not_available,media,estimar incerteza espacial em metros (trilha estimar_incerteza_espacial),true,false,true
MRQ_00285,TGT_0065,qa_status,true,not_available,alta,executar QA humano e registrar aceite (trilha executar_qa_humano),true,true,true
MRQ_00286,TGT_0066,event_date,true,not_available,alta,resolver data do evento em registro oficial/documental (trilha resolver_data_evento),true,false,true
MRQ_00287,TGT_0066,geometry_type,true,Polygon,alta,obter geometria oficial (ponto/poligono/bbox) do evento (trilha obter_geometria_oficial),true,true,true
MRQ_00288,TGT_0066,uncertainty_m,true,not_available,media,estimar incerteza espacial em metros (trilha estimar_incerteza_espacial),true,false,true
MRQ_00289,TGT_0066,qa_status,true,not_available,alta,executar QA humano e registrar aceite (trilha executar_qa_humano),true,true,true
MRQ_00290,TGT_0067,event_date,true,not_available,alta,resolver data do evento em registro oficial/documental (trilha resolver_data_evento),true,false,true
MRQ_00291,TGT_0067,geometry_type,true,Polygon,alta,obter geometria oficial (ponto/poligono/bbox) do evento (trilha obter_geometria_oficial),true,true,true
MRQ_00292,TGT_0067,uncertainty_m,true,not_available,media,estimar incerteza espacial em metros (trilha estimar_incerteza_espacial),true,false,true
MRQ_00293,TGT_0067,qa_status,true,not_available,alta,executar QA humano e registrar aceite (trilha executar_qa_humano),true,true,true
MRQ_00294,TGT_0068,event_date,true,not_available,alta,resolver data do evento em registro oficial/documental (trilha resolver_data_evento),true,false,true
MRQ_00295,TGT_0068,geometry_type,true,Polygon,alta,obter geometria oficial (ponto/poligono/bbox) do evento (trilha obter_geometria_oficial),true,true,true
MRQ_00296,TGT_0068,patch_link_quality,true,moderate_spatial_overlap,alta,produzir vinculo espacial forte com o patch (trilha resolver_patch_link),true,false,true
MRQ_00297,TGT_0068,uncertainty_m,true,not_available,media,estimar incerteza espacial em metros (trilha estimar_incerteza_espacial),true,false,true
MRQ_00298,TGT_0068,qa_status,true,not_available,alta,executar QA humano e registrar aceite (trilha executar_qa_humano),true,true,true
MRQ_00299,TGT_0069,event_date,true,not_available,alta,resolver data do evento em registro oficial/documental (trilha resolver_data_evento),true,false,true
MRQ_00300,TGT_0069,geometry_type,true,Polygon,alta,obter geometria oficial (ponto/poligono/bbox) do evento (trilha obter_geometria_oficial),true,true,true
MRQ_00301,TGT_0069,uncertainty_m,true,not_available,media,estimar incerteza espacial em metros (trilha estimar_incerteza_espacial),true,false,true
MRQ_00302,TGT_0069,qa_status,true,not_available,alta,executar QA humano e registrar aceite (trilha executar_qa_humano),true,true,true
MRQ_00303,TGT_0070,event_date,true,not_available,alta,resolver data do evento em registro oficial/documental (trilha resolver_data_evento),true,false,true
MRQ_00304,TGT_0070,geometry_type,true,Polygon,alta,obter geometria oficial (ponto/poligono/bbox) do evento (trilha obter_geometria_oficial),true,true,true
MRQ_00305,TGT_0070,uncertainty_m,true,not_available,media,estimar incerteza espacial em metros (trilha estimar_incerteza_espacial),true,false,true
MRQ_00306,TGT_0070,qa_status,true,not_available,alta,executar QA humano e registrar aceite (trilha executar_qa_humano),true,true,true
MRQ_00307,TGT_0071,event_date,true,not_available,alta,resolver data do evento em registro oficial/documental (trilha resolver_data_evento),true,false,true
MRQ_00308,TGT_0071,geometry_type,true,Polygon,alta,obter geometria oficial (ponto/poligono/bbox) do evento (trilha obter_geometria_oficial),true,true,true
MRQ_00309,TGT_0071,uncertainty_m,true,not_available,media,estimar incerteza espacial em metros (trilha estimar_incerteza_espacial),true,false,true
MRQ_00310,TGT_0071,qa_status,true,not_available,alta,executar QA humano e registrar aceite (trilha executar_qa_humano),true,true,true
MRQ_00311,TGT_0072,event_date,true,not_available,alta,resolver data do evento em registro oficial/documental (trilha resolver_data_evento),true,false,true
MRQ_00312,TGT_0072,geometry_type,true,Polygon,alta,obter geometria oficial (ponto/poligono/bbox) do evento (trilha obter_geometria_oficial),true,true,true
MRQ_00313,TGT_0072,uncertainty_m,true,not_available,media,estimar incerteza espacial em metros (trilha estimar_incerteza_espacial),true,false,true
MRQ_00314,TGT_0072,qa_status,true,not_available,alta,executar QA humano e registrar aceite (trilha executar_qa_humano),true,true,true
MRQ_00315,TGT_0073,event_date,true,not_available,alta,resolver data do evento em registro oficial/documental (trilha resolver_data_evento),true,false,true
MRQ_00316,TGT_0073,geometry_type,true,Polygon,alta,obter geometria oficial (ponto/poligono/bbox) do evento (trilha obter_geometria_oficial),true,true,true
MRQ_00317,TGT_0073,patch_link_quality,true,moderate_spatial_overlap,alta,produzir vinculo espacial forte com o patch (trilha resolver_patch_link),true,false,true
MRQ_00318,TGT_0073,uncertainty_m,true,not_available,media,estimar incerteza espacial em metros (trilha estimar_incerteza_espacial),true,false,true
MRQ_00319,TGT_0073,qa_status,true,not_available,alta,executar QA humano e registrar aceite (trilha executar_qa_humano),true,true,true
MRQ_00320,TGT_0074,event_date,true,not_available,alta,resolver data do evento em registro oficial/documental (trilha resolver_data_evento),true,false,true
MRQ_00321,TGT_0074,geometry_type,true,Polygon,alta,obter geometria oficial (ponto/poligono/bbox) do evento (trilha obter_geometria_oficial),true,true,true
MRQ_00322,TGT_0074,patch_link_quality,true,moderate_spatial_overlap,alta,produzir vinculo espacial forte com o patch (trilha resolver_patch_link),true,false,true
MRQ_00323,TGT_0074,uncertainty_m,true,not_available,media,estimar incerteza espacial em metros (trilha estimar_incerteza_espacial),true,false,true
MRQ_00324,TGT_0074,qa_status,true,not_available,alta,executar QA humano e registrar aceite (trilha executar_qa_humano),true,true,true
MRQ_00325,TGT_0075,event_date,true,not_available,alta,resolver data do evento em registro oficial/documental (trilha resolver_data_evento),true,false,true
MRQ_00326,TGT_0075,geometry_type,true,Polygon,alta,obter geometria oficial (ponto/poligono/bbox) do evento (trilha obter_geometria_oficial),true,true,true
MRQ_00327,TGT_0075,patch_link_quality,true,moderate_spatial_overlap,alta,produzir vinculo espacial forte com o patch (trilha resolver_patch_link),true,false,true
MRQ_00328,TGT_0075,uncertainty_m,true,not_available,media,estimar incerteza espacial em metros (trilha estimar_incerteza_espacial),true,false,true
MRQ_00329,TGT_0075,qa_status,true,not_available,alta,executar QA humano e registrar aceite (trilha executar_qa_humano),true,true,true
MRQ_00330,TGT_0076,event_date,true,not_available,alta,resolver data do evento em registro oficial/documental (trilha resolver_data_evento),true,false,true
MRQ_00331,TGT_0076,source_authority,true,not_available,alta,identificar fonte/autoridade rastreavel do evento,true,false,true
MRQ_00332,TGT_0076,geometry_type,true,none,alta,obter geometria oficial (ponto/poligono/bbox) do evento (trilha obter_geometria_oficial),true,true,true
MRQ_00333,TGT_0076,patch_id,true,not_available,media,resolver o patch REV-P correspondente (trilha resolver_patch_link),true,false,true
MRQ_00334,TGT_0076,patch_link_quality,true,not_available,alta,produzir vinculo espacial forte com o patch (trilha resolver_patch_link),true,false,true
MRQ_00335,TGT_0076,uncertainty_m,true,not_available,media,estimar incerteza espacial em metros (trilha estimar_incerteza_espacial),true,false,true
MRQ_00336,TGT_0076,qa_status,true,not_available,alta,executar QA humano e registrar aceite (trilha executar_qa_humano),true,true,true
MRQ_00337,TGT_0076,phenomenon_type,true,not_available,alta,confirmar e separar o fenomeno de inundacao (trilha separar_fenomeno),true,true,true
MRQ_00338,TGT_0077,event_date,true,not_available,alta,resolver data do evento em registro oficial/documental (trilha resolver_data_evento),true,false,true
MRQ_00339,TGT_0077,source_authority,true,not_available,alta,identificar fonte/autoridade rastreavel do evento,true,false,true
MRQ_00340,TGT_0077,geometry_type,true,none,alta,obter geometria oficial (ponto/poligono/bbox) do evento (trilha obter_geometria_oficial),true,true,true
MRQ_00341,TGT_0077,patch_id,true,not_available,media,resolver o patch REV-P correspondente (trilha resolver_patch_link),true,false,true
MRQ_00342,TGT_0077,patch_link_quality,true,not_available,alta,produzir vinculo espacial forte com o patch (trilha resolver_patch_link),true,false,true
MRQ_00343,TGT_0077,uncertainty_m,true,not_available,media,estimar incerteza espacial em metros (trilha estimar_incerteza_espacial),true,false,true
MRQ_00344,TGT_0077,qa_status,true,not_available,alta,executar QA humano e registrar aceite (trilha executar_qa_humano),true,true,true
MRQ_00345,TGT_0077,phenomenon_type,true,not_available,alta,confirmar e separar o fenomeno de inundacao (trilha separar_fenomeno),true,true,true
MRQ_00346,TGT_0078,event_date,true,not_available,alta,resolver data do evento em registro oficial/documental (trilha resolver_data_evento),true,false,true
MRQ_00347,TGT_0078,source_authority,true,not_available,alta,identificar fonte/autoridade rastreavel do evento,true,false,true
MRQ_00348,TGT_0078,geometry_type,true,none,alta,obter geometria oficial (ponto/poligono/bbox) do evento (trilha obter_geometria_oficial),true,true,true
MRQ_00349,TGT_0078,patch_id,true,not_available,media,resolver o patch REV-P correspondente (trilha resolver_patch_link),true,false,true
MRQ_00350,TGT_0078,patch_link_quality,true,not_available,alta,produzir vinculo espacial forte com o patch (trilha resolver_patch_link),true,false,true
MRQ_00351,TGT_0078,uncertainty_m,true,not_available,media,estimar incerteza espacial em metros (trilha estimar_incerteza_espacial),true,false,true
MRQ_00352,TGT_0078,qa_status,true,not_available,alta,executar QA humano e registrar aceite (trilha executar_qa_humano),true,true,true
MRQ_00353,TGT_0078,phenomenon_type,true,not_available,alta,confirmar e separar o fenomeno de inundacao (trilha separar_fenomeno),true,true,true
MRQ_00354,TGT_0079,event_date,true,not_available,alta,resolver data do evento em registro oficial/documental (trilha resolver_data_evento),true,false,true
MRQ_00355,TGT_0079,source_authority,true,not_available,alta,identificar fonte/autoridade rastreavel do evento,true,false,true
MRQ_00356,TGT_0079,geometry_type,true,none,alta,obter geometria oficial (ponto/poligono/bbox) do evento (trilha obter_geometria_oficial),true,true,true
MRQ_00357,TGT_0079,patch_id,true,not_available,media,resolver o patch REV-P correspondente (trilha resolver_patch_link),true,false,true
MRQ_00358,TGT_0079,patch_link_quality,true,not_available,alta,produzir vinculo espacial forte com o patch (trilha resolver_patch_link),true,false,true
MRQ_00359,TGT_0079,uncertainty_m,true,not_available,media,estimar incerteza espacial em metros (trilha estimar_incerteza_espacial),true,false,true
MRQ_00360,TGT_0079,qa_status,true,not_available,alta,executar QA humano e registrar aceite (trilha executar_qa_humano),true,true,true
MRQ_00361,TGT_0079,phenomenon_type,true,not_available,alta,confirmar e separar o fenomeno de inundacao (trilha separar_fenomeno),true,true,true
MRQ_00362,TGT_0080,event_date,true,not_available,alta,resolver data do evento em registro oficial/documental (trilha resolver_data_evento),true,false,true
MRQ_00363,TGT_0080,source_authority,true,not_available,alta,identificar fonte/autoridade rastreavel do evento,true,false,true
MRQ_00364,TGT_0080,geometry_type,true,none,alta,obter geometria oficial (ponto/poligono/bbox) do evento (trilha obter_geometria_oficial),true,true,true
MRQ_00365,TGT_0080,patch_id,true,not_available,media,resolver o patch REV-P correspondente (trilha resolver_patch_link),true,false,true
MRQ_00366,TGT_0080,patch_link_quality,true,not_available,alta,produzir vinculo espacial forte com o patch (trilha resolver_patch_link),true,false,true
MRQ_00367,TGT_0080,uncertainty_m,true,not_available,media,estimar incerteza espacial em metros (trilha estimar_incerteza_espacial),true,false,true
MRQ_00368,TGT_0080,qa_status,true,not_available,alta,executar QA humano e registrar aceite (trilha executar_qa_humano),true,true,true
MRQ_00369,TGT_0080,phenomenon_type,true,not_available,alta,confirmar e separar o fenomeno de inundacao (trilha separar_fenomeno),true,true,true
MRQ_00370,TGT_0081,event_date,true,not_available,alta,resolver data do evento em registro oficial/documental (trilha resolver_data_evento),true,false,true
MRQ_00371,TGT_0081,source_authority,true,not_available,alta,identificar fonte/autoridade rastreavel do evento,true,false,true
MRQ_00372,TGT_0081,geometry_type,true,none,alta,obter geometria oficial (ponto/poligono/bbox) do evento (trilha obter_geometria_oficial),true,true,true
MRQ_00373,TGT_0081,patch_id,true,not_available,media,resolver o patch REV-P correspondente (trilha resolver_patch_link),true,false,true
MRQ_00374,TGT_0081,patch_link_quality,true,not_available,alta,produzir vinculo espacial forte com o patch (trilha resolver_patch_link),true,false,true
MRQ_00375,TGT_0081,uncertainty_m,true,not_available,media,estimar incerteza espacial em metros (trilha estimar_incerteza_espacial),true,false,true
MRQ_00376,TGT_0081,qa_status,true,not_available,alta,executar QA humano e registrar aceite (trilha executar_qa_humano),true,true,true
MRQ_00377,TGT_0081,phenomenon_type,true,not_available,alta,confirmar e separar o fenomeno de inundacao (trilha separar_fenomeno),true,true,true
MRQ_00378,TGT_0082,event_date,true,not_available,alta,resolver data do evento em registro oficial/documental (trilha resolver_data_evento),true,false,true
MRQ_00379,TGT_0082,source_authority,true,not_available,alta,identificar fonte/autoridade rastreavel do evento,true,false,true
MRQ_00380,TGT_0082,geometry_type,true,none,alta,obter geometria oficial (ponto/poligono/bbox) do evento (trilha obter_geometria_oficial),true,true,true
MRQ_00381,TGT_0082,patch_id,true,not_available,media,resolver o patch REV-P correspondente (trilha resolver_patch_link),true,false,true
MRQ_00382,TGT_0082,patch_link_quality,true,not_available,alta,produzir vinculo espacial forte com o patch (trilha resolver_patch_link),true,false,true
MRQ_00383,TGT_0082,uncertainty_m,true,not_available,media,estimar incerteza espacial em metros (trilha estimar_incerteza_espacial),true,false,true
MRQ_00384,TGT_0082,qa_status,true,not_available,alta,executar QA humano e registrar aceite (trilha executar_qa_humano),true,true,true
MRQ_00385,TGT_0082,phenomenon_type,true,not_available,alta,confirmar e separar o fenomeno de inundacao (trilha separar_fenomeno),true,true,true
MRQ_00386,TGT_0083,event_date,true,not_available,alta,resolver data do evento em registro oficial/documental (trilha resolver_data_evento),true,false,true
MRQ_00387,TGT_0083,source_authority,true,not_available,alta,identificar fonte/autoridade rastreavel do evento,true,false,true
MRQ_00388,TGT_0083,geometry_type,true,none,alta,obter geometria oficial (ponto/poligono/bbox) do evento (trilha obter_geometria_oficial),true,true,true
MRQ_00389,TGT_0083,patch_id,true,not_available,media,resolver o patch REV-P correspondente (trilha resolver_patch_link),true,false,true
MRQ_00390,TGT_0083,patch_link_quality,true,not_available,alta,produzir vinculo espacial forte com o patch (trilha resolver_patch_link),true,false,true
MRQ_00391,TGT_0083,uncertainty_m,true,not_available,media,estimar incerteza espacial em metros (trilha estimar_incerteza_espacial),true,false,true
MRQ_00392,TGT_0083,qa_status,true,not_available,alta,executar QA humano e registrar aceite (trilha executar_qa_humano),true,true,true
MRQ_00393,TGT_0083,phenomenon_type,true,not_available,alta,confirmar e separar o fenomeno de inundacao (trilha separar_fenomeno),true,true,true
MRQ_00394,TGT_0084,event_date,true,not_available,alta,resolver data do evento em registro oficial/documental (trilha resolver_data_evento),true,false,true
MRQ_00395,TGT_0084,source_authority,true,not_available,alta,identificar fonte/autoridade rastreavel do evento,true,false,true
MRQ_00396,TGT_0084,geometry_type,true,none,alta,obter geometria oficial (ponto/poligono/bbox) do evento (trilha obter_geometria_oficial),true,true,true
MRQ_00397,TGT_0084,patch_id,true,not_available,media,resolver o patch REV-P correspondente (trilha resolver_patch_link),true,false,true
MRQ_00398,TGT_0084,patch_link_quality,true,not_available,alta,produzir vinculo espacial forte com o patch (trilha resolver_patch_link),true,false,true
MRQ_00399,TGT_0084,uncertainty_m,true,not_available,media,estimar incerteza espacial em metros (trilha estimar_incerteza_espacial),true,false,true
MRQ_00400,TGT_0084,qa_status,true,not_available,alta,executar QA humano e registrar aceite (trilha executar_qa_humano),true,true,true
MRQ_00401,TGT_0084,phenomenon_type,true,not_available,alta,confirmar e separar o fenomeno de inundacao (trilha separar_fenomeno),true,true,true
MRQ_00402,TGT_0085,event_date,true,not_available,alta,resolver data do evento em registro oficial/documental (trilha resolver_data_evento),true,false,true
MRQ_00403,TGT_0085,source_authority,true,not_available,alta,identificar fonte/autoridade rastreavel do evento,true,false,true
MRQ_00404,TGT_0085,geometry_type,true,none,alta,obter geometria oficial (ponto/poligono/bbox) do evento (trilha obter_geometria_oficial),true,true,true
MRQ_00405,TGT_0085,patch_id,true,not_available,media,resolver o patch REV-P correspondente (trilha resolver_patch_link),true,false,true
MRQ_00406,TGT_0085,patch_link_quality,true,not_available,alta,produzir vinculo espacial forte com o patch (trilha resolver_patch_link),true,false,true
MRQ_00407,TGT_0085,uncertainty_m,true,not_available,media,estimar incerteza espacial em metros (trilha estimar_incerteza_espacial),true,false,true
MRQ_00408,TGT_0085,qa_status,true,not_available,alta,executar QA humano e registrar aceite (trilha executar_qa_humano),true,true,true
MRQ_00409,TGT_0085,phenomenon_type,true,not_available,alta,confirmar e separar o fenomeno de inundacao (trilha separar_fenomeno),true,true,true
MRQ_00410,TGT_0086,event_date,true,not_available,alta,resolver data do evento em registro oficial/documental (trilha resolver_data_evento),true,false,true
MRQ_00411,TGT_0086,source_authority,true,not_available,alta,identificar fonte/autoridade rastreavel do evento,true,false,true
MRQ_00412,TGT_0086,geometry_type,true,none,alta,obter geometria oficial (ponto/poligono/bbox) do evento (trilha obter_geometria_oficial),true,true,true
MRQ_00413,TGT_0086,patch_id,true,not_available,media,resolver o patch REV-P correspondente (trilha resolver_patch_link),true,false,true
MRQ_00414,TGT_0086,patch_link_quality,true,not_available,alta,produzir vinculo espacial forte com o patch (trilha resolver_patch_link),true,false,true
MRQ_00415,TGT_0086,uncertainty_m,true,not_available,media,estimar incerteza espacial em metros (trilha estimar_incerteza_espacial),true,false,true
MRQ_00416,TGT_0086,qa_status,true,not_available,alta,executar QA humano e registrar aceite (trilha executar_qa_humano),true,true,true
MRQ_00417,TGT_0086,phenomenon_type,true,not_available,alta,confirmar e separar o fenomeno de inundacao (trilha separar_fenomeno),true,true,true
MRQ_00418,TGT_0087,event_date,true,not_available,alta,resolver data do evento em registro oficial/documental (trilha resolver_data_evento),true,false,true
MRQ_00419,TGT_0087,source_authority,true,not_available,alta,identificar fonte/autoridade rastreavel do evento,true,false,true
MRQ_00420,TGT_0087,geometry_type,true,none,alta,obter geometria oficial (ponto/poligono/bbox) do evento (trilha obter_geometria_oficial),true,true,true
MRQ_00421,TGT_0087,patch_id,true,not_available,media,resolver o patch REV-P correspondente (trilha resolver_patch_link),true,false,true
MRQ_00422,TGT_0087,patch_link_quality,true,not_available,alta,produzir vinculo espacial forte com o patch (trilha resolver_patch_link),true,false,true
MRQ_00423,TGT_0087,uncertainty_m,true,not_available,media,estimar incerteza espacial em metros (trilha estimar_incerteza_espacial),true,false,true
MRQ_00424,TGT_0087,qa_status,true,not_available,alta,executar QA humano e registrar aceite (trilha executar_qa_humano),true,true,true
MRQ_00425,TGT_0087,phenomenon_type,true,not_available,alta,confirmar e separar o fenomeno de inundacao (trilha separar_fenomeno),true,true,true
MRQ_00426,TGT_0088,source_authority,true,not_available,alta,identificar fonte/autoridade rastreavel do evento,true,false,true
MRQ_00427,TGT_0088,geometry_type,true,not_available,alta,obter geometria oficial (ponto/poligono/bbox) do evento (trilha obter_geometria_oficial),true,true,true
MRQ_00428,TGT_0088,patch_id,true,not_available,media,resolver o patch REV-P correspondente (trilha resolver_patch_link),true,false,true
MRQ_00429,TGT_0088,patch_link_quality,true,not_available,alta,produzir vinculo espacial forte com o patch (trilha resolver_patch_link),true,false,true
MRQ_00430,TGT_0088,uncertainty_m,true,not_available,media,estimar incerteza espacial em metros (trilha estimar_incerteza_espacial),true,false,true
MRQ_00431,TGT_0088,qa_status,true,not_available,alta,executar QA humano e registrar aceite (trilha executar_qa_humano),true,true,true
MRQ_00432,TGT_0088,phenomenon_type,true,not_available,alta,confirmar e separar o fenomeno de inundacao (trilha separar_fenomeno),true,true,true
MRQ_00433,TGT_0089,source_authority,true,not_available,alta,identificar fonte/autoridade rastreavel do evento,true,false,true
MRQ_00434,TGT_0089,geometry_type,true,not_available,alta,obter geometria oficial (ponto/poligono/bbox) do evento (trilha obter_geometria_oficial),true,true,true
MRQ_00435,TGT_0089,patch_id,true,not_available,media,resolver o patch REV-P correspondente (trilha resolver_patch_link),true,false,true
MRQ_00436,TGT_0089,patch_link_quality,true,not_available,alta,produzir vinculo espacial forte com o patch (trilha resolver_patch_link),true,false,true
MRQ_00437,TGT_0089,uncertainty_m,true,not_available,media,estimar incerteza espacial em metros (trilha estimar_incerteza_espacial),true,false,true
MRQ_00438,TGT_0089,qa_status,true,not_available,alta,executar QA humano e registrar aceite (trilha executar_qa_humano),true,true,true
MRQ_00439,TGT_0089,phenomenon_type,true,not_available,alta,confirmar e separar o fenomeno de inundacao (trilha separar_fenomeno),true,true,true
MRQ_00440,TGT_0090,source_authority,true,not_available,alta,identificar fonte/autoridade rastreavel do evento,true,false,true
MRQ_00441,TGT_0090,geometry_type,true,not_available,alta,obter geometria oficial (ponto/poligono/bbox) do evento (trilha obter_geometria_oficial),true,true,true
MRQ_00442,TGT_0090,patch_id,true,not_available,media,resolver o patch REV-P correspondente (trilha resolver_patch_link),true,false,true
MRQ_00443,TGT_0090,patch_link_quality,true,not_available,alta,produzir vinculo espacial forte com o patch (trilha resolver_patch_link),true,false,true
MRQ_00444,TGT_0090,uncertainty_m,true,not_available,media,estimar incerteza espacial em metros (trilha estimar_incerteza_espacial),true,false,true
MRQ_00445,TGT_0090,qa_status,true,not_available,alta,executar QA humano e registrar aceite (trilha executar_qa_humano),true,true,true
MRQ_00446,TGT_0090,phenomenon_type,true,not_available,alta,confirmar e separar o fenomeno de inundacao (trilha separar_fenomeno),true,true,true
MRQ_00447,TGT_0091,source_authority,true,not_available,alta,identificar fonte/autoridade rastreavel do evento,true,false,true
MRQ_00448,TGT_0091,geometry_type,true,not_available,alta,obter geometria oficial (ponto/poligono/bbox) do evento (trilha obter_geometria_oficial),true,true,true
MRQ_00449,TGT_0091,patch_id,true,not_available,media,resolver o patch REV-P correspondente (trilha resolver_patch_link),true,false,true
MRQ_00450,TGT_0091,patch_link_quality,true,not_available,alta,produzir vinculo espacial forte com o patch (trilha resolver_patch_link),true,false,true
MRQ_00451,TGT_0091,uncertainty_m,true,not_available,media,estimar incerteza espacial em metros (trilha estimar_incerteza_espacial),true,false,true
MRQ_00452,TGT_0091,qa_status,true,not_available,alta,executar QA humano e registrar aceite (trilha executar_qa_humano),true,true,true
MRQ_00453,TGT_0091,phenomenon_type,true,not_available,alta,confirmar e separar o fenomeno de inundacao (trilha separar_fenomeno),true,true,true
MRQ_00454,TGT_0092,source_authority,true,not_available,alta,identificar fonte/autoridade rastreavel do evento,true,false,true
MRQ_00455,TGT_0092,geometry_type,true,not_available,alta,obter geometria oficial (ponto/poligono/bbox) do evento (trilha obter_geometria_oficial),true,true,true
MRQ_00456,TGT_0092,patch_id,true,not_available,media,resolver o patch REV-P correspondente (trilha resolver_patch_link),true,false,true
MRQ_00457,TGT_0092,patch_link_quality,true,not_available,alta,produzir vinculo espacial forte com o patch (trilha resolver_patch_link),true,false,true
MRQ_00458,TGT_0092,uncertainty_m,true,not_available,media,estimar incerteza espacial em metros (trilha estimar_incerteza_espacial),true,false,true
MRQ_00459,TGT_0092,qa_status,true,not_available,alta,executar QA humano e registrar aceite (trilha executar_qa_humano),true,true,true
MRQ_00460,TGT_0092,phenomenon_type,true,not_available,alta,confirmar e separar o fenomeno de inundacao (trilha separar_fenomeno),true,true,true
MRQ_00461,TGT_0093,geometry_type,true,Polygon,alta,obter geometria oficial (ponto/poligono/bbox) do evento (trilha obter_geometria_oficial),true,true,true
MRQ_00462,TGT_0093,patch_id,true,not_available,media,resolver o patch REV-P correspondente (trilha resolver_patch_link),true,false,true
MRQ_00463,TGT_0093,patch_link_quality,true,not_available,alta,produzir vinculo espacial forte com o patch (trilha resolver_patch_link),true,false,true
MRQ_00464,TGT_0093,uncertainty_m,true,not_available,media,estimar incerteza espacial em metros (trilha estimar_incerteza_espacial),true,false,true
MRQ_00465,TGT_0093,qa_status,true,needs_review,alta,executar QA humano e registrar aceite (trilha executar_qa_humano),true,true,true
MRQ_00466,TGT_0093,phenomenon_type,true,not_available,alta,confirmar e separar o fenomeno de inundacao (trilha separar_fenomeno),true,true,true
MRQ_00467,TGT_0093,pre_event_window,false,nao_disponivel_no_replay_gt02,media,definir janela pre-evento para footprint SAR futuro (trilha produzir_footprint_tecnico_sar),false,false,true
MRQ_00468,TGT_0093,post_event_window,false,nao_disponivel_no_replay_gt02,media,definir janela pos-evento para footprint SAR futuro (trilha produzir_footprint_tecnico_sar),false,false,true
MRQ_00469,TGT_0094,event_date,true,not_available,alta,resolver data do evento em registro oficial/documental (trilha resolver_data_evento),true,false,true
MRQ_00470,TGT_0094,geometry_type,true,not_available,alta,obter geometria oficial (ponto/poligono/bbox) do evento (trilha obter_geometria_oficial),true,true,true
MRQ_00471,TGT_0094,patch_id,true,not_available,media,resolver o patch REV-P correspondente (trilha resolver_patch_link),true,false,true
MRQ_00472,TGT_0094,patch_link_quality,true,not_available,alta,produzir vinculo espacial forte com o patch (trilha resolver_patch_link),true,false,true
MRQ_00473,TGT_0094,uncertainty_m,true,not_available,media,estimar incerteza espacial em metros (trilha estimar_incerteza_espacial),true,false,true
MRQ_00474,TGT_0094,qa_status,true,not_available,alta,executar QA humano e registrar aceite (trilha executar_qa_humano),true,true,true
MRQ_00475,TGT_0094,phenomenon_type,true,not_available,alta,confirmar e separar o fenomeno de inundacao (trilha separar_fenomeno),true,true,true
MRQ_00476,TGT_0095,event_date,true,not_available,alta,resolver data do evento em registro oficial/documental (trilha resolver_data_evento),true,false,true
MRQ_00477,TGT_0095,geometry_type,true,not_available,alta,obter geometria oficial (ponto/poligono/bbox) do evento (trilha obter_geometria_oficial),true,true,true
MRQ_00478,TGT_0095,patch_id,true,not_available,media,resolver o patch REV-P correspondente (trilha resolver_patch_link),true,false,true
MRQ_00479,TGT_0095,patch_link_quality,true,not_available,alta,produzir vinculo espacial forte com o patch (trilha resolver_patch_link),true,false,true
MRQ_00480,TGT_0095,uncertainty_m,true,not_available,media,estimar incerteza espacial em metros (trilha estimar_incerteza_espacial),true,false,true
MRQ_00481,TGT_0095,qa_status,true,not_available,alta,executar QA humano e registrar aceite (trilha executar_qa_humano),true,true,true
MRQ_00482,TGT_0095,phenomenon_type,true,not_available,alta,confirmar e separar o fenomeno de inundacao (trilha separar_fenomeno),true,true,true
MRQ_00483,TGT_0096,event_date,true,not_available,alta,resolver data do evento em registro oficial/documental (trilha resolver_data_evento),true,false,true
MRQ_00484,TGT_0096,geometry_type,true,not_available,alta,obter geometria oficial (ponto/poligono/bbox) do evento (trilha obter_geometria_oficial),true,true,true
MRQ_00485,TGT_0096,patch_id,true,not_available,media,resolver o patch REV-P correspondente (trilha resolver_patch_link),true,false,true
MRQ_00486,TGT_0096,patch_link_quality,true,not_available,alta,produzir vinculo espacial forte com o patch (trilha resolver_patch_link),true,false,true
MRQ_00487,TGT_0096,uncertainty_m,true,not_available,media,estimar incerteza espacial em metros (trilha estimar_incerteza_espacial),true,false,true
MRQ_00488,TGT_0096,qa_status,true,not_available,alta,executar QA humano e registrar aceite (trilha executar_qa_humano),true,true,true
MRQ_00489,TGT_0096,phenomenon_type,true,not_available,alta,confirmar e separar o fenomeno de inundacao (trilha separar_fenomeno),true,true,true
MRQ_00490,TGT_0097,event_date,true,not_available,alta,resolver data do evento em registro oficial/documental (trilha resolver_data_evento),true,false,true
MRQ_00491,TGT_0097,geometry_type,true,not_available,alta,obter geometria oficial (ponto/poligono/bbox) do evento (trilha obter_geometria_oficial),true,true,true
MRQ_00492,TGT_0097,patch_id,true,not_available,media,resolver o patch REV-P correspondente (trilha resolver_patch_link),true,false,true
MRQ_00493,TGT_0097,patch_link_quality,true,not_available,alta,produzir vinculo espacial forte com o patch (trilha resolver_patch_link),true,false,true
MRQ_00494,TGT_0097,uncertainty_m,true,not_available,media,estimar incerteza espacial em metros (trilha estimar_incerteza_espacial),true,false,true
MRQ_00495,TGT_0097,qa_status,true,not_available,alta,executar QA humano e registrar aceite (trilha executar_qa_humano),true,true,true
MRQ_00496,TGT_0097,phenomenon_type,true,not_available,alta,confirmar e separar o fenomeno de inundacao (trilha separar_fenomeno),true,true,true
MRQ_00497,TGT_0098,event_date,true,not_available,alta,resolver data do evento em registro oficial/documental (trilha resolver_data_evento),true,false,true
MRQ_00498,TGT_0098,geometry_type,true,not_available,alta,obter geometria oficial (ponto/poligono/bbox) do evento (trilha obter_geometria_oficial),true,true,true
MRQ_00499,TGT_0098,patch_id,true,not_available,media,resolver o patch REV-P correspondente (trilha resolver_patch_link),true,false,true
MRQ_00500,TGT_0098,patch_link_quality,true,not_available,alta,produzir vinculo espacial forte com o patch (trilha resolver_patch_link),true,false,true
MRQ_00501,TGT_0098,uncertainty_m,true,not_available,media,estimar incerteza espacial em metros (trilha estimar_incerteza_espacial),true,false,true
MRQ_00502,TGT_0098,qa_status,true,not_available,alta,executar QA humano e registrar aceite (trilha executar_qa_humano),true,true,true
MRQ_00503,TGT_0098,phenomenon_type,true,not_available,alta,confirmar e separar o fenomeno de inundacao (trilha separar_fenomeno),true,true,true
MRQ_00504,TGT_0099,event_date,true,not_available,alta,resolver data do evento em registro oficial/documental (trilha resolver_data_evento),true,false,true
MRQ_00505,TGT_0099,geometry_type,true,not_available,alta,obter geometria oficial (ponto/poligono/bbox) do evento (trilha obter_geometria_oficial),true,true,true
MRQ_00506,TGT_0099,patch_id,true,not_available,media,resolver o patch REV-P correspondente (trilha resolver_patch_link),true,false,true
MRQ_00507,TGT_0099,patch_link_quality,true,not_available,alta,produzir vinculo espacial forte com o patch (trilha resolver_patch_link),true,false,true
MRQ_00508,TGT_0099,uncertainty_m,true,not_available,media,estimar incerteza espacial em metros (trilha estimar_incerteza_espacial),true,false,true
MRQ_00509,TGT_0099,qa_status,true,not_available,alta,executar QA humano e registrar aceite (trilha executar_qa_humano),true,true,true
MRQ_00510,TGT_0099,phenomenon_type,true,not_available,alta,confirmar e separar o fenomeno de inundacao (trilha separar_fenomeno),true,true,true
MRQ_00511,TGT_0100,event_date,true,not_available,alta,resolver data do evento em registro oficial/documental (trilha resolver_data_evento),true,false,true
MRQ_00512,TGT_0100,geometry_type,true,not_available,alta,obter geometria oficial (ponto/poligono/bbox) do evento (trilha obter_geometria_oficial),true,true,true
MRQ_00513,TGT_0100,patch_id,true,not_available,media,resolver o patch REV-P correspondente (trilha resolver_patch_link),true,false,true
MRQ_00514,TGT_0100,patch_link_quality,true,not_available,alta,produzir vinculo espacial forte com o patch (trilha resolver_patch_link),true,false,true
MRQ_00515,TGT_0100,uncertainty_m,true,not_available,media,estimar incerteza espacial em metros (trilha estimar_incerteza_espacial),true,false,true
MRQ_00516,TGT_0100,qa_status,true,not_available,alta,executar QA humano e registrar aceite (trilha executar_qa_humano),true,true,true
MRQ_00517,TGT_0100,phenomenon_type,true,not_available,alta,confirmar e separar o fenomeno de inundacao (trilha separar_fenomeno),true,true,true
MRQ_00518,TGT_0101,event_date,true,not_available,alta,resolver data do evento em registro oficial/documental (trilha resolver_data_evento),true,false,true
MRQ_00519,TGT_0101,geometry_type,true,not_available,alta,obter geometria oficial (ponto/poligono/bbox) do evento (trilha obter_geometria_oficial),true,true,true
MRQ_00520,TGT_0101,patch_id,true,not_available,media,resolver o patch REV-P correspondente (trilha resolver_patch_link),true,false,true
MRQ_00521,TGT_0101,patch_link_quality,true,not_available,alta,produzir vinculo espacial forte com o patch (trilha resolver_patch_link),true,false,true
MRQ_00522,TGT_0101,uncertainty_m,true,not_available,media,estimar incerteza espacial em metros (trilha estimar_incerteza_espacial),true,false,true
MRQ_00523,TGT_0101,qa_status,true,not_available,alta,executar QA humano e registrar aceite (trilha executar_qa_humano),true,true,true
MRQ_00524,TGT_0101,phenomenon_type,true,not_available,alta,confirmar e separar o fenomeno de inundacao (trilha separar_fenomeno),true,true,true
MRQ_00525,TGT_0102,event_date,true,not_available,alta,resolver data do evento em registro oficial/documental (trilha resolver_data_evento),true,false,true
MRQ_00526,TGT_0102,geometry_type,true,not_available,alta,obter geometria oficial (ponto/poligono/bbox) do evento (trilha obter_geometria_oficial),true,true,true
MRQ_00527,TGT_0102,patch_id,true,not_available,media,resolver o patch REV-P correspondente (trilha resolver_patch_link),true,false,true
MRQ_00528,TGT_0102,patch_link_quality,true,not_available,alta,produzir vinculo espacial forte com o patch (trilha resolver_patch_link),true,false,true
MRQ_00529,TGT_0102,uncertainty_m,true,not_available,media,estimar incerteza espacial em metros (trilha estimar_incerteza_espacial),true,false,true
MRQ_00530,TGT_0102,qa_status,true,not_available,alta,executar QA humano e registrar aceite (trilha executar_qa_humano),true,true,true
MRQ_00531,TGT_0102,phenomenon_type,true,not_available,alta,confirmar e separar o fenomeno de inundacao (trilha separar_fenomeno),true,true,true
MRQ_00532,TGT_0103,event_date,true,not_available,alta,resolver data do evento em registro oficial/documental (trilha resolver_data_evento),true,false,true
MRQ_00533,TGT_0103,geometry_type,true,not_available,alta,obter geometria oficial (ponto/poligono/bbox) do evento (trilha obter_geometria_oficial),true,true,true
MRQ_00534,TGT_0103,patch_id,true,not_available,media,resolver o patch REV-P correspondente (trilha resolver_patch_link),true,false,true
MRQ_00535,TGT_0103,patch_link_quality,true,not_available,alta,produzir vinculo espacial forte com o patch (trilha resolver_patch_link),true,false,true
MRQ_00536,TGT_0103,uncertainty_m,true,not_available,media,estimar incerteza espacial em metros (trilha estimar_incerteza_espacial),true,false,true
MRQ_00537,TGT_0103,qa_status,true,not_available,alta,executar QA humano e registrar aceite (trilha executar_qa_humano),true,true,true
MRQ_00538,TGT_0103,phenomenon_type,true,not_available,alta,confirmar e separar o fenomeno de inundacao (trilha separar_fenomeno),true,true,true
MRQ_00539,TGT_0104,event_date,true,not_available,alta,resolver data do evento em registro oficial/documental (trilha resolver_data_evento),true,false,true
MRQ_00540,TGT_0104,geometry_type,true,not_available,alta,obter geometria oficial (ponto/poligono/bbox) do evento (trilha obter_geometria_oficial),true,true,true
MRQ_00541,TGT_0104,patch_id,true,not_available,media,resolver o patch REV-P correspondente (trilha resolver_patch_link),true,false,true
MRQ_00542,TGT_0104,patch_link_quality,true,not_available,alta,produzir vinculo espacial forte com o patch (trilha resolver_patch_link),true,false,true
MRQ_00543,TGT_0104,uncertainty_m,true,not_available,media,estimar incerteza espacial em metros (trilha estimar_incerteza_espacial),true,false,true
MRQ_00544,TGT_0104,qa_status,true,not_available,alta,executar QA humano e registrar aceite (trilha executar_qa_humano),true,true,true
MRQ_00545,TGT_0104,phenomenon_type,true,not_available,alta,confirmar e separar o fenomeno de inundacao (trilha separar_fenomeno),true,true,true
MRQ_00546,TGT_0105,event_date,true,not_available,alta,resolver data do evento em registro oficial/documental (trilha resolver_data_evento),true,false,true
MRQ_00547,TGT_0105,source_authority,true,not_available,alta,identificar fonte/autoridade rastreavel do evento,true,false,true
MRQ_00548,TGT_0105,geometry_type,true,not_available,alta,obter geometria oficial (ponto/poligono/bbox) do evento (trilha obter_geometria_oficial),true,true,true
MRQ_00549,TGT_0105,patch_id,true,not_available,media,resolver o patch REV-P correspondente (trilha resolver_patch_link),true,false,true
MRQ_00550,TGT_0105,patch_link_quality,true,not_available,alta,produzir vinculo espacial forte com o patch (trilha resolver_patch_link),true,false,true
MRQ_00551,TGT_0105,uncertainty_m,true,10000_or_more_city_level,media,estimar incerteza espacial em metros (trilha estimar_incerteza_espacial),true,false,true
MRQ_00552,TGT_0105,qa_status,true,not_available,alta,executar QA humano e registrar aceite (trilha executar_qa_humano),true,true,true
MRQ_00553,TGT_0105,phenomenon_type,true,not_available,alta,confirmar e separar o fenomeno de inundacao (trilha separar_fenomeno),true,true,true
MRQ_00554,TGT_0106,event_date,true,not_available,alta,resolver data do evento em registro oficial/documental (trilha resolver_data_evento),true,false,true
MRQ_00555,TGT_0106,source_authority,true,not_available,alta,identificar fonte/autoridade rastreavel do evento,true,false,true
MRQ_00556,TGT_0106,geometry_type,true,not_available,alta,obter geometria oficial (ponto/poligono/bbox) do evento (trilha obter_geometria_oficial),true,true,true
MRQ_00557,TGT_0106,patch_id,true,not_available,media,resolver o patch REV-P correspondente (trilha resolver_patch_link),true,false,true
MRQ_00558,TGT_0106,patch_link_quality,true,not_available,alta,produzir vinculo espacial forte com o patch (trilha resolver_patch_link),true,false,true
MRQ_00559,TGT_0106,uncertainty_m,true,3000_or_more_bairro_level,media,estimar incerteza espacial em metros (trilha estimar_incerteza_espacial),true,false,true
MRQ_00560,TGT_0106,qa_status,true,not_available,alta,executar QA humano e registrar aceite (trilha executar_qa_humano),true,true,true
MRQ_00561,TGT_0106,phenomenon_type,true,not_available,alta,confirmar e separar o fenomeno de inundacao (trilha separar_fenomeno),true,true,true
MRQ_00562,TGT_0107,event_date,true,not_available,alta,resolver data do evento em registro oficial/documental (trilha resolver_data_evento),true,false,true
MRQ_00563,TGT_0107,source_authority,true,not_available,alta,identificar fonte/autoridade rastreavel do evento,true,false,true
MRQ_00564,TGT_0107,geometry_type,true,not_available,alta,obter geometria oficial (ponto/poligono/bbox) do evento (trilha obter_geometria_oficial),true,true,true
MRQ_00565,TGT_0107,patch_id,true,not_available,media,resolver o patch REV-P correspondente (trilha resolver_patch_link),true,false,true
MRQ_00566,TGT_0107,patch_link_quality,true,not_available,alta,produzir vinculo espacial forte com o patch (trilha resolver_patch_link),true,false,true
MRQ_00567,TGT_0107,uncertainty_m,true,10000_or_more_city_level,media,estimar incerteza espacial em metros (trilha estimar_incerteza_espacial),true,false,true
MRQ_00568,TGT_0107,qa_status,true,not_available,alta,executar QA humano e registrar aceite (trilha executar_qa_humano),true,true,true
MRQ_00569,TGT_0107,phenomenon_type,true,not_available,alta,confirmar e separar o fenomeno de inundacao (trilha separar_fenomeno),true,true,true
MRQ_00570,TGT_0108,event_date,true,not_available,alta,resolver data do evento em registro oficial/documental (trilha resolver_data_evento),true,false,true
MRQ_00571,TGT_0108,source_authority,true,not_available,alta,identificar fonte/autoridade rastreavel do evento,true,false,true
MRQ_00572,TGT_0108,geometry_type,true,not_available,alta,obter geometria oficial (ponto/poligono/bbox) do evento (trilha obter_geometria_oficial),true,true,true
MRQ_00573,TGT_0108,patch_id,true,not_available,media,resolver o patch REV-P correspondente (trilha resolver_patch_link),true,false,true
MRQ_00574,TGT_0108,patch_link_quality,true,not_available,alta,produzir vinculo espacial forte com o patch (trilha resolver_patch_link),true,false,true
MRQ_00575,TGT_0108,uncertainty_m,true,3000_or_more_bairro_level,media,estimar incerteza espacial em metros (trilha estimar_incerteza_espacial),true,false,true
MRQ_00576,TGT_0108,qa_status,true,not_available,alta,executar QA humano e registrar aceite (trilha executar_qa_humano),true,true,true
MRQ_00577,TGT_0108,phenomenon_type,true,not_available,alta,confirmar e separar o fenomeno de inundacao (trilha separar_fenomeno),true,true,true
MRQ_00578,TGT_0109,event_date,true,not_available,alta,resolver data do evento em registro oficial/documental (trilha resolver_data_evento),true,false,true
MRQ_00579,TGT_0109,source_authority,true,not_available,alta,identificar fonte/autoridade rastreavel do evento,true,false,true
MRQ_00580,TGT_0109,geometry_type,true,not_available,alta,obter geometria oficial (ponto/poligono/bbox) do evento (trilha obter_geometria_oficial),true,true,true
MRQ_00581,TGT_0109,patch_id,true,not_available,media,resolver o patch REV-P correspondente (trilha resolver_patch_link),true,false,true
MRQ_00582,TGT_0109,patch_link_quality,true,not_available,alta,produzir vinculo espacial forte com o patch (trilha resolver_patch_link),true,false,true
MRQ_00583,TGT_0109,uncertainty_m,true,10000_or_more_city_level,media,estimar incerteza espacial em metros (trilha estimar_incerteza_espacial),true,false,true
MRQ_00584,TGT_0109,qa_status,true,not_available,alta,executar QA humano e registrar aceite (trilha executar_qa_humano),true,true,true
MRQ_00585,TGT_0109,phenomenon_type,true,not_available,alta,confirmar e separar o fenomeno de inundacao (trilha separar_fenomeno),true,true,true
MRQ_00586,TGT_0110,event_date,true,not_available,alta,resolver data do evento em registro oficial/documental (trilha resolver_data_evento),true,false,true
MRQ_00587,TGT_0110,source_authority,true,not_available,alta,identificar fonte/autoridade rastreavel do evento,true,false,true
MRQ_00588,TGT_0110,geometry_type,true,not_available,alta,obter geometria oficial (ponto/poligono/bbox) do evento (trilha obter_geometria_oficial),true,true,true
MRQ_00589,TGT_0110,patch_id,true,not_available,media,resolver o patch REV-P correspondente (trilha resolver_patch_link),true,false,true
MRQ_00590,TGT_0110,patch_link_quality,true,not_available,alta,produzir vinculo espacial forte com o patch (trilha resolver_patch_link),true,false,true
MRQ_00591,TGT_0110,uncertainty_m,true,3000_or_more_bairro_level,media,estimar incerteza espacial em metros (trilha estimar_incerteza_espacial),true,false,true
MRQ_00592,TGT_0110,qa_status,true,not_available,alta,executar QA humano e registrar aceite (trilha executar_qa_humano),true,true,true
MRQ_00593,TGT_0110,phenomenon_type,true,not_available,alta,confirmar e separar o fenomeno de inundacao (trilha separar_fenomeno),true,true,true
MRQ_00594,TGT_0111,event_date,true,not_available,alta,resolver data do evento em registro oficial/documental (trilha resolver_data_evento),true,false,true
MRQ_00595,TGT_0111,source_authority,true,not_available,alta,identificar fonte/autoridade rastreavel do evento,true,false,true
MRQ_00596,TGT_0111,geometry_type,true,not_available,alta,obter geometria oficial (ponto/poligono/bbox) do evento (trilha obter_geometria_oficial),true,true,true
MRQ_00597,TGT_0111,patch_id,true,not_available,media,resolver o patch REV-P correspondente (trilha resolver_patch_link),true,false,true
MRQ_00598,TGT_0111,patch_link_quality,true,not_available,alta,produzir vinculo espacial forte com o patch (trilha resolver_patch_link),true,false,true
MRQ_00599,TGT_0111,uncertainty_m,true,3000_or_more_bairro_level,media,estimar incerteza espacial em metros (trilha estimar_incerteza_espacial),true,false,true
MRQ_00600,TGT_0111,qa_status,true,not_available,alta,executar QA humano e registrar aceite (trilha executar_qa_humano),true,true,true
MRQ_00601,TGT_0111,phenomenon_type,true,not_available,alta,confirmar e separar o fenomeno de inundacao (trilha separar_fenomeno),true,true,true
MRQ_00602,TGT_0112,event_date,true,not_available,alta,resolver data do evento em registro oficial/documental (trilha resolver_data_evento),true,false,true
MRQ_00603,TGT_0112,source_authority,true,not_available,alta,identificar fonte/autoridade rastreavel do evento,true,false,true
MRQ_00604,TGT_0112,geometry_type,true,not_available,alta,obter geometria oficial (ponto/poligono/bbox) do evento (trilha obter_geometria_oficial),true,true,true
MRQ_00605,TGT_0112,patch_id,true,not_available,media,resolver o patch REV-P correspondente (trilha resolver_patch_link),true,false,true
MRQ_00606,TGT_0112,patch_link_quality,true,not_available,alta,produzir vinculo espacial forte com o patch (trilha resolver_patch_link),true,false,true
MRQ_00607,TGT_0112,uncertainty_m,true,3000_or_more_bairro_level,media,estimar incerteza espacial em metros (trilha estimar_incerteza_espacial),true,false,true
MRQ_00608,TGT_0112,qa_status,true,not_available,alta,executar QA humano e registrar aceite (trilha executar_qa_humano),true,true,true
MRQ_00609,TGT_0112,phenomenon_type,true,not_available,alta,confirmar e separar o fenomeno de inundacao (trilha separar_fenomeno),true,true,true
MRQ_00610,TGT_0113,event_date,true,not_available,alta,resolver data do evento em registro oficial/documental (trilha resolver_data_evento),true,false,true
MRQ_00611,TGT_0113,source_authority,true,not_available,alta,identificar fonte/autoridade rastreavel do evento,true,false,true
MRQ_00612,TGT_0113,geometry_type,true,not_available,alta,obter geometria oficial (ponto/poligono/bbox) do evento (trilha obter_geometria_oficial),true,true,true
MRQ_00613,TGT_0113,patch_id,true,not_available,media,resolver o patch REV-P correspondente (trilha resolver_patch_link),true,false,true
MRQ_00614,TGT_0113,patch_link_quality,true,not_available,alta,produzir vinculo espacial forte com o patch (trilha resolver_patch_link),true,false,true
MRQ_00615,TGT_0113,uncertainty_m,true,3000_or_more_bairro_level,media,estimar incerteza espacial em metros (trilha estimar_incerteza_espacial),true,false,true
MRQ_00616,TGT_0113,qa_status,true,not_available,alta,executar QA humano e registrar aceite (trilha executar_qa_humano),true,true,true
MRQ_00617,TGT_0113,phenomenon_type,true,not_available,alta,confirmar e separar o fenomeno de inundacao (trilha separar_fenomeno),true,true,true
MRQ_00618,TGT_0114,event_date,true,not_available,alta,resolver data do evento em registro oficial/documental (trilha resolver_data_evento),true,false,true
MRQ_00619,TGT_0114,source_authority,true,not_available,alta,identificar fonte/autoridade rastreavel do evento,true,false,true
MRQ_00620,TGT_0114,geometry_type,true,not_available,alta,obter geometria oficial (ponto/poligono/bbox) do evento (trilha obter_geometria_oficial),true,true,true
MRQ_00621,TGT_0114,patch_id,true,not_available,media,resolver o patch REV-P correspondente (trilha resolver_patch_link),true,false,true
MRQ_00622,TGT_0114,patch_link_quality,true,not_available,alta,produzir vinculo espacial forte com o patch (trilha resolver_patch_link),true,false,true
MRQ_00623,TGT_0114,uncertainty_m,true,3000_or_more_bairro_level,media,estimar incerteza espacial em metros (trilha estimar_incerteza_espacial),true,false,true
MRQ_00624,TGT_0114,qa_status,true,not_available,alta,executar QA humano e registrar aceite (trilha executar_qa_humano),true,true,true
MRQ_00625,TGT_0114,phenomenon_type,true,not_available,alta,confirmar e separar o fenomeno de inundacao (trilha separar_fenomeno),true,true,true
MRQ_00626,TGT_0115,event_date,true,not_available,alta,resolver data do evento em registro oficial/documental (trilha resolver_data_evento),true,false,true
MRQ_00627,TGT_0115,source_authority,true,not_available,alta,identificar fonte/autoridade rastreavel do evento,true,false,true
MRQ_00628,TGT_0115,geometry_type,true,not_available,alta,obter geometria oficial (ponto/poligono/bbox) do evento (trilha obter_geometria_oficial),true,true,true
MRQ_00629,TGT_0115,patch_id,true,not_available,media,resolver o patch REV-P correspondente (trilha resolver_patch_link),true,false,true
MRQ_00630,TGT_0115,patch_link_quality,true,not_available,alta,produzir vinculo espacial forte com o patch (trilha resolver_patch_link),true,false,true
MRQ_00631,TGT_0115,uncertainty_m,true,3000_or_more_bairro_level,media,estimar incerteza espacial em metros (trilha estimar_incerteza_espacial),true,false,true
MRQ_00632,TGT_0115,qa_status,true,not_available,alta,executar QA humano e registrar aceite (trilha executar_qa_humano),true,true,true
MRQ_00633,TGT_0115,phenomenon_type,true,not_available,alta,confirmar e separar o fenomeno de inundacao (trilha separar_fenomeno),true,true,true
MRQ_00634,TGT_0116,event_date,true,not_available,alta,resolver data do evento em registro oficial/documental (trilha resolver_data_evento),true,false,true
MRQ_00635,TGT_0116,source_authority,true,not_available,alta,identificar fonte/autoridade rastreavel do evento,true,false,true
MRQ_00636,TGT_0116,geometry_type,true,not_available,alta,obter geometria oficial (ponto/poligono/bbox) do evento (trilha obter_geometria_oficial),true,true,true
MRQ_00637,TGT_0116,patch_id,true,not_available,media,resolver o patch REV-P correspondente (trilha resolver_patch_link),true,false,true
MRQ_00638,TGT_0116,patch_link_quality,true,not_available,alta,produzir vinculo espacial forte com o patch (trilha resolver_patch_link),true,false,true
MRQ_00639,TGT_0116,uncertainty_m,true,3000_or_more_bairro_level,media,estimar incerteza espacial em metros (trilha estimar_incerteza_espacial),true,false,true
MRQ_00640,TGT_0116,qa_status,true,not_available,alta,executar QA humano e registrar aceite (trilha executar_qa_humano),true,true,true
MRQ_00641,TGT_0116,phenomenon_type,true,not_available,alta,confirmar e separar o fenomeno de inundacao (trilha separar_fenomeno),true,true,true
MRQ_00642,TGT_0117,event_date,true,not_available,alta,resolver data do evento em registro oficial/documental (trilha resolver_data_evento),true,false,true
MRQ_00643,TGT_0117,source_authority,true,not_available,alta,identificar fonte/autoridade rastreavel do evento,true,false,true
MRQ_00644,TGT_0117,geometry_type,true,not_available,alta,obter geometria oficial (ponto/poligono/bbox) do evento (trilha obter_geometria_oficial),true,true,true
MRQ_00645,TGT_0117,patch_id,true,not_available,media,resolver o patch REV-P correspondente (trilha resolver_patch_link),true,false,true
MRQ_00646,TGT_0117,patch_link_quality,true,not_available,alta,produzir vinculo espacial forte com o patch (trilha resolver_patch_link),true,false,true
MRQ_00647,TGT_0117,uncertainty_m,true,3000_or_more_bairro_level,media,estimar incerteza espacial em metros (trilha estimar_incerteza_espacial),true,false,true
MRQ_00648,TGT_0117,qa_status,true,not_available,alta,executar QA humano e registrar aceite (trilha executar_qa_humano),true,true,true
MRQ_00649,TGT_0117,phenomenon_type,true,not_available,alta,confirmar e separar o fenomeno de inundacao (trilha separar_fenomeno),true,true,true
MRQ_00650,TGT_0118,event_date,true,not_available,alta,resolver data do evento em registro oficial/documental (trilha resolver_data_evento),true,false,true
MRQ_00651,TGT_0118,source_authority,true,not_available,alta,identificar fonte/autoridade rastreavel do evento,true,false,true
MRQ_00652,TGT_0118,geometry_type,true,not_available,alta,obter geometria oficial (ponto/poligono/bbox) do evento (trilha obter_geometria_oficial),true,true,true
MRQ_00653,TGT_0118,patch_id,true,not_available,media,resolver o patch REV-P correspondente (trilha resolver_patch_link),true,false,true
MRQ_00654,TGT_0118,patch_link_quality,true,not_available,alta,produzir vinculo espacial forte com o patch (trilha resolver_patch_link),true,false,true
MRQ_00655,TGT_0118,uncertainty_m,true,3000_or_more_bairro_level,media,estimar incerteza espacial em metros (trilha estimar_incerteza_espacial),true,false,true
MRQ_00656,TGT_0118,qa_status,true,not_available,alta,executar QA humano e registrar aceite (trilha executar_qa_humano),true,true,true
MRQ_00657,TGT_0118,phenomenon_type,true,not_available,alta,confirmar e separar o fenomeno de inundacao (trilha separar_fenomeno),true,true,true
MRQ_00658,TGT_0119,event_date,true,not_available,alta,resolver data do evento em registro oficial/documental (trilha resolver_data_evento),true,false,true
MRQ_00659,TGT_0119,source_authority,true,not_available,alta,identificar fonte/autoridade rastreavel do evento,true,false,true
MRQ_00660,TGT_0119,geometry_type,true,not_available,alta,obter geometria oficial (ponto/poligono/bbox) do evento (trilha obter_geometria_oficial),true,true,true
MRQ_00661,TGT_0119,patch_id,true,not_available,media,resolver o patch REV-P correspondente (trilha resolver_patch_link),true,false,true
MRQ_00662,TGT_0119,patch_link_quality,true,not_available,alta,produzir vinculo espacial forte com o patch (trilha resolver_patch_link),true,false,true
MRQ_00663,TGT_0119,qa_status,true,not_available,alta,executar QA humano e registrar aceite (trilha executar_qa_humano),true,true,true
MRQ_00664,TGT_0119,phenomenon_type,true,not_available,alta,confirmar e separar o fenomeno de inundacao (trilha separar_fenomeno),true,true,true
MRQ_00665,TGT_0120,event_date,true,not_available,alta,resolver data do evento em registro oficial/documental (trilha resolver_data_evento),true,false,true
MRQ_00666,TGT_0120,source_authority,true,not_available,alta,identificar fonte/autoridade rastreavel do evento,true,false,true
MRQ_00667,TGT_0120,geometry_type,true,not_available,alta,obter geometria oficial (ponto/poligono/bbox) do evento (trilha obter_geometria_oficial),true,true,true
MRQ_00668,TGT_0120,patch_id,true,not_available,media,resolver o patch REV-P correspondente (trilha resolver_patch_link),true,false,true
MRQ_00669,TGT_0120,patch_link_quality,true,not_available,alta,produzir vinculo espacial forte com o patch (trilha resolver_patch_link),true,false,true
MRQ_00670,TGT_0120,qa_status,true,not_available,alta,executar QA humano e registrar aceite (trilha executar_qa_humano),true,true,true
MRQ_00671,TGT_0120,phenomenon_type,true,not_available,alta,confirmar e separar o fenomeno de inundacao (trilha separar_fenomeno),true,true,true
MRQ_00672,TGT_0121,event_date,true,not_available,alta,resolver data do evento em registro oficial/documental (trilha resolver_data_evento),true,false,true
MRQ_00673,TGT_0121,source_authority,true,not_available,alta,identificar fonte/autoridade rastreavel do evento,true,false,true
MRQ_00674,TGT_0121,geometry_type,true,not_available,alta,obter geometria oficial (ponto/poligono/bbox) do evento (trilha obter_geometria_oficial),true,true,true
MRQ_00675,TGT_0121,patch_id,true,not_available,media,resolver o patch REV-P correspondente (trilha resolver_patch_link),true,false,true
MRQ_00676,TGT_0121,patch_link_quality,true,not_available,alta,produzir vinculo espacial forte com o patch (trilha resolver_patch_link),true,false,true
MRQ_00677,TGT_0121,qa_status,true,not_available,alta,executar QA humano e registrar aceite (trilha executar_qa_humano),true,true,true
MRQ_00678,TGT_0121,phenomenon_type,true,not_available,alta,confirmar e separar o fenomeno de inundacao (trilha separar_fenomeno),true,true,true
MRQ_00679,TGT_0122,event_date,true,not_available,alta,resolver data do evento em registro oficial/documental (trilha resolver_data_evento),true,false,true
MRQ_00680,TGT_0122,source_authority,true,not_available,alta,identificar fonte/autoridade rastreavel do evento,true,false,true
MRQ_00681,TGT_0122,geometry_type,true,not_available,alta,obter geometria oficial (ponto/poligono/bbox) do evento (trilha obter_geometria_oficial),true,true,true
MRQ_00682,TGT_0122,patch_id,true,not_available,media,resolver o patch REV-P correspondente (trilha resolver_patch_link),true,false,true
MRQ_00683,TGT_0122,patch_link_quality,true,not_available,alta,produzir vinculo espacial forte com o patch (trilha resolver_patch_link),true,false,true
MRQ_00684,TGT_0122,qa_status,true,not_available,alta,executar QA humano e registrar aceite (trilha executar_qa_humano),true,true,true
MRQ_00685,TGT_0122,phenomenon_type,true,not_available,alta,confirmar e separar o fenomeno de inundacao (trilha separar_fenomeno),true,true,true
MRQ_00686,TGT_0123,event_date,true,not_available,alta,resolver data do evento em registro oficial/documental (trilha resolver_data_evento),true,false,true
MRQ_00687,TGT_0123,source_authority,true,not_available,alta,identificar fonte/autoridade rastreavel do evento,true,false,true
MRQ_00688,TGT_0123,geometry_type,true,not_available,alta,obter geometria oficial (ponto/poligono/bbox) do evento (trilha obter_geometria_oficial),true,true,true
MRQ_00689,TGT_0123,patch_id,true,not_available,media,resolver o patch REV-P correspondente (trilha resolver_patch_link),true,false,true
MRQ_00690,TGT_0123,patch_link_quality,true,not_available,alta,produzir vinculo espacial forte com o patch (trilha resolver_patch_link),true,false,true
MRQ_00691,TGT_0123,qa_status,true,not_available,alta,executar QA humano e registrar aceite (trilha executar_qa_humano),true,true,true
MRQ_00692,TGT_0123,phenomenon_type,true,not_available,alta,confirmar e separar o fenomeno de inundacao (trilha separar_fenomeno),true,true,true
MRQ_00693,TGT_0124,event_date,true,not_available,alta,resolver data do evento em registro oficial/documental (trilha resolver_data_evento),true,false,true
MRQ_00694,TGT_0124,source_authority,true,not_available,alta,identificar fonte/autoridade rastreavel do evento,true,false,true
MRQ_00695,TGT_0124,geometry_type,true,not_available,alta,obter geometria oficial (ponto/poligono/bbox) do evento (trilha obter_geometria_oficial),true,true,true
MRQ_00696,TGT_0124,patch_id,true,not_available,media,resolver o patch REV-P correspondente (trilha resolver_patch_link),true,false,true
MRQ_00697,TGT_0124,patch_link_quality,true,not_available,alta,produzir vinculo espacial forte com o patch (trilha resolver_patch_link),true,false,true
MRQ_00698,TGT_0124,qa_status,true,not_available,alta,executar QA humano e registrar aceite (trilha executar_qa_humano),true,true,true
MRQ_00699,TGT_0124,phenomenon_type,true,not_available,alta,confirmar e separar o fenomeno de inundacao (trilha separar_fenomeno),true,true,true
MRQ_00700,TGT_0125,event_date,true,not_available,alta,resolver data do evento em registro oficial/documental (trilha resolver_data_evento),true,false,true
MRQ_00701,TGT_0125,source_authority,true,not_available,alta,identificar fonte/autoridade rastreavel do evento,true,false,true
MRQ_00702,TGT_0125,geometry_type,true,not_available,alta,obter geometria oficial (ponto/poligono/bbox) do evento (trilha obter_geometria_oficial),true,true,true
MRQ_00703,TGT_0125,patch_id,true,not_available,media,resolver o patch REV-P correspondente (trilha resolver_patch_link),true,false,true
MRQ_00704,TGT_0125,patch_link_quality,true,not_available,alta,produzir vinculo espacial forte com o patch (trilha resolver_patch_link),true,false,true
MRQ_00705,TGT_0125,qa_status,true,not_available,alta,executar QA humano e registrar aceite (trilha executar_qa_humano),true,true,true
MRQ_00706,TGT_0125,phenomenon_type,true,not_available,alta,confirmar e separar o fenomeno de inundacao (trilha separar_fenomeno),true,true,true
MRQ_00707,TGT_0126,event_date,true,not_available,alta,resolver data do evento em registro oficial/documental (trilha resolver_data_evento),true,false,true
MRQ_00708,TGT_0126,source_authority,true,not_available,alta,identificar fonte/autoridade rastreavel do evento,true,false,true
MRQ_00709,TGT_0126,geometry_type,true,not_available,alta,obter geometria oficial (ponto/poligono/bbox) do evento (trilha obter_geometria_oficial),true,true,true
MRQ_00710,TGT_0126,patch_id,true,not_available,media,resolver o patch REV-P correspondente (trilha resolver_patch_link),true,false,true
MRQ_00711,TGT_0126,patch_link_quality,true,not_available,alta,produzir vinculo espacial forte com o patch (trilha resolver_patch_link),true,false,true
MRQ_00712,TGT_0126,qa_status,true,not_available,alta,executar QA humano e registrar aceite (trilha executar_qa_humano),true,true,true
MRQ_00713,TGT_0126,phenomenon_type,true,not_available,alta,confirmar e separar o fenomeno de inundacao (trilha separar_fenomeno),true,true,true
MRQ_00714,TGT_0127,event_date,true,not_available,alta,resolver data do evento em registro oficial/documental (trilha resolver_data_evento),true,false,true
MRQ_00715,TGT_0127,source_authority,true,not_available,alta,identificar fonte/autoridade rastreavel do evento,true,false,true
MRQ_00716,TGT_0127,geometry_type,true,not_available,alta,obter geometria oficial (ponto/poligono/bbox) do evento (trilha obter_geometria_oficial),true,true,true
MRQ_00717,TGT_0127,patch_id,true,not_available,media,resolver o patch REV-P correspondente (trilha resolver_patch_link),true,false,true
MRQ_00718,TGT_0127,patch_link_quality,true,not_available,alta,produzir vinculo espacial forte com o patch (trilha resolver_patch_link),true,false,true
MRQ_00719,TGT_0127,qa_status,true,not_available,alta,executar QA humano e registrar aceite (trilha executar_qa_humano),true,true,true
MRQ_00720,TGT_0127,phenomenon_type,true,not_available,alta,confirmar e separar o fenomeno de inundacao (trilha separar_fenomeno),true,true,true
MRQ_00721,TGT_0128,event_date,true,not_available,alta,resolver data do evento em registro oficial/documental (trilha resolver_data_evento),true,false,true
MRQ_00722,TGT_0128,source_authority,true,not_available,alta,identificar fonte/autoridade rastreavel do evento,true,false,true
MRQ_00723,TGT_0128,geometry_type,true,not_available,alta,obter geometria oficial (ponto/poligono/bbox) do evento (trilha obter_geometria_oficial),true,true,true
MRQ_00724,TGT_0128,patch_id,true,not_available,media,resolver o patch REV-P correspondente (trilha resolver_patch_link),true,false,true
MRQ_00725,TGT_0128,patch_link_quality,true,not_available,alta,produzir vinculo espacial forte com o patch (trilha resolver_patch_link),true,false,true
MRQ_00726,TGT_0128,qa_status,true,not_available,alta,executar QA humano e registrar aceite (trilha executar_qa_humano),true,true,true
MRQ_00727,TGT_0128,phenomenon_type,true,not_available,alta,confirmar e separar o fenomeno de inundacao (trilha separar_fenomeno),true,true,true
MRQ_00728,TGT_0129,event_date,true,not_available,alta,resolver data do evento em registro oficial/documental (trilha resolver_data_evento),true,false,true
MRQ_00729,TGT_0129,source_authority,true,not_available,alta,identificar fonte/autoridade rastreavel do evento,true,false,true
MRQ_00730,TGT_0129,geometry_type,true,not_available,alta,obter geometria oficial (ponto/poligono/bbox) do evento (trilha obter_geometria_oficial),true,true,true
MRQ_00731,TGT_0129,patch_id,true,not_available,media,resolver o patch REV-P correspondente (trilha resolver_patch_link),true,false,true
MRQ_00732,TGT_0129,patch_link_quality,true,not_available,alta,produzir vinculo espacial forte com o patch (trilha resolver_patch_link),true,false,true
MRQ_00733,TGT_0129,qa_status,true,not_available,alta,executar QA humano e registrar aceite (trilha executar_qa_humano),true,true,true
MRQ_00734,TGT_0129,phenomenon_type,true,not_available,alta,confirmar e separar o fenomeno de inundacao (trilha separar_fenomeno),true,true,true
MRQ_00735,TGT_0130,event_date,true,not_available,alta,resolver data do evento em registro oficial/documental (trilha resolver_data_evento),true,false,true
MRQ_00736,TGT_0130,source_authority,true,not_available,alta,identificar fonte/autoridade rastreavel do evento,true,false,true
MRQ_00737,TGT_0130,geometry_type,true,not_available,alta,obter geometria oficial (ponto/poligono/bbox) do evento (trilha obter_geometria_oficial),true,true,true
MRQ_00738,TGT_0130,patch_id,true,not_available,media,resolver o patch REV-P correspondente (trilha resolver_patch_link),true,false,true
MRQ_00739,TGT_0130,patch_link_quality,true,not_available,alta,produzir vinculo espacial forte com o patch (trilha resolver_patch_link),true,false,true
MRQ_00740,TGT_0130,qa_status,true,not_available,alta,executar QA humano e registrar aceite (trilha executar_qa_humano),true,true,true
MRQ_00741,TGT_0130,phenomenon_type,true,not_available,alta,confirmar e separar o fenomeno de inundacao (trilha separar_fenomeno),true,true,true
MRQ_00742,TGT_0131,event_date,true,not_available,alta,resolver data do evento em registro oficial/documental (trilha resolver_data_evento),true,false,true
MRQ_00743,TGT_0131,source_authority,true,not_available,alta,identificar fonte/autoridade rastreavel do evento,true,false,true
MRQ_00744,TGT_0131,geometry_type,true,not_available,alta,obter geometria oficial (ponto/poligono/bbox) do evento (trilha obter_geometria_oficial),true,true,true
MRQ_00745,TGT_0131,patch_id,true,not_available,media,resolver o patch REV-P correspondente (trilha resolver_patch_link),true,false,true
MRQ_00746,TGT_0131,patch_link_quality,true,not_available,alta,produzir vinculo espacial forte com o patch (trilha resolver_patch_link),true,false,true
MRQ_00747,TGT_0131,qa_status,true,not_available,alta,executar QA humano e registrar aceite (trilha executar_qa_humano),true,true,true
MRQ_00748,TGT_0131,phenomenon_type,true,not_available,alta,confirmar e separar o fenomeno de inundacao (trilha separar_fenomeno),true,true,true
MRQ_00749,TGT_0132,event_date,true,not_available,alta,resolver data do evento em registro oficial/documental (trilha resolver_data_evento),true,false,true
MRQ_00750,TGT_0132,source_authority,true,not_available,alta,identificar fonte/autoridade rastreavel do evento,true,false,true
MRQ_00751,TGT_0132,geometry_type,true,not_available,alta,obter geometria oficial (ponto/poligono/bbox) do evento (trilha obter_geometria_oficial),true,true,true
MRQ_00752,TGT_0132,patch_id,true,not_available,media,resolver o patch REV-P correspondente (trilha resolver_patch_link),true,false,true
MRQ_00753,TGT_0132,patch_link_quality,true,not_available,alta,produzir vinculo espacial forte com o patch (trilha resolver_patch_link),true,false,true
MRQ_00754,TGT_0132,qa_status,true,not_available,alta,executar QA humano e registrar aceite (trilha executar_qa_humano),true,true,true
MRQ_00755,TGT_0132,phenomenon_type,true,not_available,alta,confirmar e separar o fenomeno de inundacao (trilha separar_fenomeno),true,true,true
MRQ_00756,TGT_0133,event_date,true,not_available,alta,resolver data do evento em registro oficial/documental (trilha resolver_data_evento),true,false,true
MRQ_00757,TGT_0133,source_authority,true,not_available,alta,identificar fonte/autoridade rastreavel do evento,true,false,true
MRQ_00758,TGT_0133,geometry_type,true,not_available,alta,obter geometria oficial (ponto/poligono/bbox) do evento (trilha obter_geometria_oficial),true,true,true
MRQ_00759,TGT_0133,patch_id,true,not_available,media,resolver o patch REV-P correspondente (trilha resolver_patch_link),true,false,true
MRQ_00760,TGT_0133,patch_link_quality,true,not_available,alta,produzir vinculo espacial forte com o patch (trilha resolver_patch_link),true,false,true
MRQ_00761,TGT_0133,qa_status,true,not_available,alta,executar QA humano e registrar aceite (trilha executar_qa_humano),true,true,true
MRQ_00762,TGT_0133,phenomenon_type,true,not_available,alta,confirmar e separar o fenomeno de inundacao (trilha separar_fenomeno),true,true,true
MRQ_00763,TGT_0134,event_date,true,not_available,alta,resolver data do evento em registro oficial/documental (trilha resolver_data_evento),true,false,true
MRQ_00764,TGT_0134,source_authority,true,not_available,alta,identificar fonte/autoridade rastreavel do evento,true,false,true
MRQ_00765,TGT_0134,geometry_type,true,not_available,alta,obter geometria oficial (ponto/poligono/bbox) do evento (trilha obter_geometria_oficial),true,true,true
MRQ_00766,TGT_0134,patch_id,true,not_available,media,resolver o patch REV-P correspondente (trilha resolver_patch_link),true,false,true
MRQ_00767,TGT_0134,patch_link_quality,true,not_available,alta,produzir vinculo espacial forte com o patch (trilha resolver_patch_link),true,false,true
MRQ_00768,TGT_0134,qa_status,true,not_available,alta,executar QA humano e registrar aceite (trilha executar_qa_humano),true,true,true
MRQ_00769,TGT_0134,phenomenon_type,true,not_available,alta,confirmar e separar o fenomeno de inundacao (trilha separar_fenomeno),true,true,true
MRQ_00770,TGT_0135,event_date,true,not_available,alta,resolver data do evento em registro oficial/documental (trilha resolver_data_evento),true,false,true
MRQ_00771,TGT_0135,source_authority,true,not_available,alta,identificar fonte/autoridade rastreavel do evento,true,false,true
MRQ_00772,TGT_0135,geometry_type,true,not_available,alta,obter geometria oficial (ponto/poligono/bbox) do evento (trilha obter_geometria_oficial),true,true,true
MRQ_00773,TGT_0135,patch_id,true,not_available,media,resolver o patch REV-P correspondente (trilha resolver_patch_link),true,false,true
MRQ_00774,TGT_0135,patch_link_quality,true,not_available,alta,produzir vinculo espacial forte com o patch (trilha resolver_patch_link),true,false,true
MRQ_00775,TGT_0135,qa_status,true,not_available,alta,executar QA humano e registrar aceite (trilha executar_qa_humano),true,true,true
MRQ_00776,TGT_0135,phenomenon_type,true,not_available,alta,confirmar e separar o fenomeno de inundacao (trilha separar_fenomeno),true,true,true
MRQ_00777,TGT_0136,event_date,true,not_available,alta,resolver data do evento em registro oficial/documental (trilha resolver_data_evento),true,false,true
MRQ_00778,TGT_0136,source_authority,true,not_available,alta,identificar fonte/autoridade rastreavel do evento,true,false,true
MRQ_00779,TGT_0136,geometry_type,true,not_available,alta,obter geometria oficial (ponto/poligono/bbox) do evento (trilha obter_geometria_oficial),true,true,true
MRQ_00780,TGT_0136,patch_id,true,not_available,media,resolver o patch REV-P correspondente (trilha resolver_patch_link),true,false,true
MRQ_00781,TGT_0136,patch_link_quality,true,not_available,alta,produzir vinculo espacial forte com o patch (trilha resolver_patch_link),true,false,true
MRQ_00782,TGT_0136,qa_status,true,not_available,alta,executar QA humano e registrar aceite (trilha executar_qa_humano),true,true,true
MRQ_00783,TGT_0136,phenomenon_type,true,not_available,alta,confirmar e separar o fenomeno de inundacao (trilha separar_fenomeno),true,true,true
MRQ_00784,TGT_0137,event_date,true,not_available,alta,resolver data do evento em registro oficial/documental (trilha resolver_data_evento),true,false,true
MRQ_00785,TGT_0137,source_authority,true,not_available,alta,identificar fonte/autoridade rastreavel do evento,true,false,true
MRQ_00786,TGT_0137,geometry_type,true,not_available,alta,obter geometria oficial (ponto/poligono/bbox) do evento (trilha obter_geometria_oficial),true,true,true
MRQ_00787,TGT_0137,patch_id,true,not_available,media,resolver o patch REV-P correspondente (trilha resolver_patch_link),true,false,true
MRQ_00788,TGT_0137,patch_link_quality,true,not_available,alta,produzir vinculo espacial forte com o patch (trilha resolver_patch_link),true,false,true
MRQ_00789,TGT_0137,qa_status,true,not_available,alta,executar QA humano e registrar aceite (trilha executar_qa_humano),true,true,true
MRQ_00790,TGT_0137,phenomenon_type,true,not_available,alta,confirmar e separar o fenomeno de inundacao (trilha separar_fenomeno),true,true,true
MRQ_00791,TGT_0138,event_date,true,not_available,alta,resolver data do evento em registro oficial/documental (trilha resolver_data_evento),true,false,true
MRQ_00792,TGT_0138,source_authority,true,not_available,alta,identificar fonte/autoridade rastreavel do evento,true,false,true
MRQ_00793,TGT_0138,geometry_type,true,not_available,alta,obter geometria oficial (ponto/poligono/bbox) do evento (trilha obter_geometria_oficial),true,true,true
MRQ_00794,TGT_0138,patch_id,true,not_available,media,resolver o patch REV-P correspondente (trilha resolver_patch_link),true,false,true
MRQ_00795,TGT_0138,patch_link_quality,true,not_available,alta,produzir vinculo espacial forte com o patch (trilha resolver_patch_link),true,false,true
MRQ_00796,TGT_0138,qa_status,true,not_available,alta,executar QA humano e registrar aceite (trilha executar_qa_humano),true,true,true
MRQ_00797,TGT_0138,phenomenon_type,true,not_available,alta,confirmar e separar o fenomeno de inundacao (trilha separar_fenomeno),true,true,true
MRQ_00798,TGT_0139,event_date,true,not_available,alta,resolver data do evento em registro oficial/documental (trilha resolver_data_evento),true,false,true
MRQ_00799,TGT_0139,source_authority,true,not_available,alta,identificar fonte/autoridade rastreavel do evento,true,false,true
MRQ_00800,TGT_0139,geometry_type,true,not_available,alta,obter geometria oficial (ponto/poligono/bbox) do evento (trilha obter_geometria_oficial),true,true,true
MRQ_00801,TGT_0139,patch_id,true,not_available,media,resolver o patch REV-P correspondente (trilha resolver_patch_link),true,false,true
MRQ_00802,TGT_0139,patch_link_quality,true,not_available,alta,produzir vinculo espacial forte com o patch (trilha resolver_patch_link),true,false,true
MRQ_00803,TGT_0139,qa_status,true,not_available,alta,executar QA humano e registrar aceite (trilha executar_qa_humano),true,true,true
MRQ_00804,TGT_0139,phenomenon_type,true,not_available,alta,confirmar e separar o fenomeno de inundacao (trilha separar_fenomeno),true,true,true
MRQ_00805,TGT_0140,event_date,true,not_available,alta,resolver data do evento em registro oficial/documental (trilha resolver_data_evento),true,false,true
MRQ_00806,TGT_0140,source_authority,true,not_available,alta,identificar fonte/autoridade rastreavel do evento,true,false,true
MRQ_00807,TGT_0140,geometry_type,true,not_available,alta,obter geometria oficial (ponto/poligono/bbox) do evento (trilha obter_geometria_oficial),true,true,true
MRQ_00808,TGT_0140,patch_id,true,not_available,media,resolver o patch REV-P correspondente (trilha resolver_patch_link),true,false,true
MRQ_00809,TGT_0140,patch_link_quality,true,not_available,alta,produzir vinculo espacial forte com o patch (trilha resolver_patch_link),true,false,true
MRQ_00810,TGT_0140,qa_status,true,not_available,alta,executar QA humano e registrar aceite (trilha executar_qa_humano),true,true,true
MRQ_00811,TGT_0140,phenomenon_type,true,not_available,alta,confirmar e separar o fenomeno de inundacao (trilha separar_fenomeno),true,true,true
MRQ_00812,TGT_0141,event_date,true,not_available,alta,resolver data do evento em registro oficial/documental (trilha resolver_data_evento),true,false,true
MRQ_00813,TGT_0141,source_authority,true,not_available,alta,identificar fonte/autoridade rastreavel do evento,true,false,true
MRQ_00814,TGT_0141,geometry_type,true,not_available,alta,obter geometria oficial (ponto/poligono/bbox) do evento (trilha obter_geometria_oficial),true,true,true
MRQ_00815,TGT_0141,patch_id,true,not_available,media,resolver o patch REV-P correspondente (trilha resolver_patch_link),true,false,true
MRQ_00816,TGT_0141,patch_link_quality,true,not_available,alta,produzir vinculo espacial forte com o patch (trilha resolver_patch_link),true,false,true
MRQ_00817,TGT_0141,qa_status,true,not_available,alta,executar QA humano e registrar aceite (trilha executar_qa_humano),true,true,true
MRQ_00818,TGT_0141,phenomenon_type,true,not_available,alta,confirmar e separar o fenomeno de inundacao (trilha separar_fenomeno),true,true,true
MRQ_00819,TGT_0142,event_date,true,not_available,alta,resolver data do evento em registro oficial/documental (trilha resolver_data_evento),true,false,true
MRQ_00820,TGT_0142,source_authority,true,not_available,alta,identificar fonte/autoridade rastreavel do evento,true,false,true
MRQ_00821,TGT_0142,geometry_type,true,not_available,alta,obter geometria oficial (ponto/poligono/bbox) do evento (trilha obter_geometria_oficial),true,true,true
MRQ_00822,TGT_0142,patch_id,true,not_available,media,resolver o patch REV-P correspondente (trilha resolver_patch_link),true,false,true
MRQ_00823,TGT_0142,patch_link_quality,true,not_available,alta,produzir vinculo espacial forte com o patch (trilha resolver_patch_link),true,false,true
MRQ_00824,TGT_0142,qa_status,true,not_available,alta,executar QA humano e registrar aceite (trilha executar_qa_humano),true,true,true
MRQ_00825,TGT_0142,phenomenon_type,true,not_available,alta,confirmar e separar o fenomeno de inundacao (trilha separar_fenomeno),true,true,true
MRQ_00826,TGT_0143,event_date,true,not_available,alta,resolver data do evento em registro oficial/documental (trilha resolver_data_evento),true,false,true
MRQ_00827,TGT_0143,source_authority,true,not_available,alta,identificar fonte/autoridade rastreavel do evento,true,false,true
MRQ_00828,TGT_0143,geometry_type,true,not_available,alta,obter geometria oficial (ponto/poligono/bbox) do evento (trilha obter_geometria_oficial),true,true,true
MRQ_00829,TGT_0143,patch_id,true,not_available,media,resolver o patch REV-P correspondente (trilha resolver_patch_link),true,false,true
MRQ_00830,TGT_0143,patch_link_quality,true,not_available,alta,produzir vinculo espacial forte com o patch (trilha resolver_patch_link),true,false,true
MRQ_00831,TGT_0143,qa_status,true,not_available,alta,executar QA humano e registrar aceite (trilha executar_qa_humano),true,true,true
MRQ_00832,TGT_0143,phenomenon_type,true,not_available,alta,confirmar e separar o fenomeno de inundacao (trilha separar_fenomeno),true,true,true
MRQ_00833,TGT_0144,event_date,true,not_available,alta,resolver data do evento em registro oficial/documental (trilha resolver_data_evento),true,false,true
MRQ_00834,TGT_0144,source_authority,true,not_available,alta,identificar fonte/autoridade rastreavel do evento,true,false,true
MRQ_00835,TGT_0144,geometry_type,true,not_available,alta,obter geometria oficial (ponto/poligono/bbox) do evento (trilha obter_geometria_oficial),true,true,true
MRQ_00836,TGT_0144,patch_id,true,not_available,media,resolver o patch REV-P correspondente (trilha resolver_patch_link),true,false,true
MRQ_00837,TGT_0144,patch_link_quality,true,not_available,alta,produzir vinculo espacial forte com o patch (trilha resolver_patch_link),true,false,true
MRQ_00838,TGT_0144,qa_status,true,not_available,alta,executar QA humano e registrar aceite (trilha executar_qa_humano),true,true,true
MRQ_00839,TGT_0144,phenomenon_type,true,not_available,alta,confirmar e separar o fenomeno de inundacao (trilha separar_fenomeno),true,true,true
MRQ_00840,TGT_0145,event_date,true,not_available,alta,resolver data do evento em registro oficial/documental (trilha resolver_data_evento),true,false,true
MRQ_00841,TGT_0145,source_authority,true,not_available,alta,identificar fonte/autoridade rastreavel do evento,true,false,true
MRQ_00842,TGT_0145,geometry_type,true,not_available,alta,obter geometria oficial (ponto/poligono/bbox) do evento (trilha obter_geometria_oficial),true,true,true
MRQ_00843,TGT_0145,patch_id,true,not_available,media,resolver o patch REV-P correspondente (trilha resolver_patch_link),true,false,true
MRQ_00844,TGT_0145,patch_link_quality,true,not_available,alta,produzir vinculo espacial forte com o patch (trilha resolver_patch_link),true,false,true
MRQ_00845,TGT_0145,qa_status,true,not_available,alta,executar QA humano e registrar aceite (trilha executar_qa_humano),true,true,true
MRQ_00846,TGT_0145,phenomenon_type,true,not_available,alta,confirmar e separar o fenomeno de inundacao (trilha separar_fenomeno),true,true,true
MRQ_00847,TGT_0146,event_date,true,not_available,alta,resolver data do evento em registro oficial/documental (trilha resolver_data_evento),true,false,true
MRQ_00848,TGT_0146,source_authority,true,not_available,alta,identificar fonte/autoridade rastreavel do evento,true,false,true
MRQ_00849,TGT_0146,geometry_type,true,not_available,alta,obter geometria oficial (ponto/poligono/bbox) do evento (trilha obter_geometria_oficial),true,true,true
MRQ_00850,TGT_0146,patch_id,true,not_available,media,resolver o patch REV-P correspondente (trilha resolver_patch_link),true,false,true
MRQ_00851,TGT_0146,patch_link_quality,true,not_available,alta,produzir vinculo espacial forte com o patch (trilha resolver_patch_link),true,false,true
MRQ_00852,TGT_0146,qa_status,true,not_available,alta,executar QA humano e registrar aceite (trilha executar_qa_humano),true,true,true
MRQ_00853,TGT_0146,phenomenon_type,true,not_available,alta,confirmar e separar o fenomeno de inundacao (trilha separar_fenomeno),true,true,true
MRQ_00854,TGT_0147,event_date,true,not_available,alta,resolver data do evento em registro oficial/documental (trilha resolver_data_evento),true,false,true
MRQ_00855,TGT_0147,source_authority,true,not_available,alta,identificar fonte/autoridade rastreavel do evento,true,false,true
MRQ_00856,TGT_0147,geometry_type,true,not_available,alta,obter geometria oficial (ponto/poligono/bbox) do evento (trilha obter_geometria_oficial),true,true,true
MRQ_00857,TGT_0147,patch_id,true,not_available,media,resolver o patch REV-P correspondente (trilha resolver_patch_link),true,false,true
MRQ_00858,TGT_0147,patch_link_quality,true,not_available,alta,produzir vinculo espacial forte com o patch (trilha resolver_patch_link),true,false,true
MRQ_00859,TGT_0147,qa_status,true,not_available,alta,executar QA humano e registrar aceite (trilha executar_qa_humano),true,true,true
MRQ_00860,TGT_0147,phenomenon_type,true,not_available,alta,confirmar e separar o fenomeno de inundacao (trilha separar_fenomeno),true,true,true
MRQ_00861,TGT_0148,event_date,true,not_available,alta,resolver data do evento em registro oficial/documental (trilha resolver_data_evento),true,false,true
MRQ_00862,TGT_0148,source_authority,true,not_available,alta,identificar fonte/autoridade rastreavel do evento,true,false,true
MRQ_00863,TGT_0148,geometry_type,true,not_available,alta,obter geometria oficial (ponto/poligono/bbox) do evento (trilha obter_geometria_oficial),true,true,true
MRQ_00864,TGT_0148,patch_id,true,not_available,media,resolver o patch REV-P correspondente (trilha resolver_patch_link),true,false,true
MRQ_00865,TGT_0148,patch_link_quality,true,not_available,alta,produzir vinculo espacial forte com o patch (trilha resolver_patch_link),true,false,true
MRQ_00866,TGT_0148,qa_status,true,not_available,alta,executar QA humano e registrar aceite (trilha executar_qa_humano),true,true,true
MRQ_00867,TGT_0148,phenomenon_type,true,not_available,alta,confirmar e separar o fenomeno de inundacao (trilha separar_fenomeno),true,true,true
MRQ_00868,TGT_0149,event_date,true,not_available,alta,resolver data do evento em registro oficial/documental (trilha resolver_data_evento),true,false,true
MRQ_00869,TGT_0149,source_authority,true,not_available,alta,identificar fonte/autoridade rastreavel do evento,true,false,true
MRQ_00870,TGT_0149,geometry_type,true,not_available,alta,obter geometria oficial (ponto/poligono/bbox) do evento (trilha obter_geometria_oficial),true,true,true
MRQ_00871,TGT_0149,patch_id,true,not_available,media,resolver o patch REV-P correspondente (trilha resolver_patch_link),true,false,true
MRQ_00872,TGT_0149,patch_link_quality,true,not_available,alta,produzir vinculo espacial forte com o patch (trilha resolver_patch_link),true,false,true
MRQ_00873,TGT_0149,qa_status,true,not_available,alta,executar QA humano e registrar aceite (trilha executar_qa_humano),true,true,true
MRQ_00874,TGT_0149,phenomenon_type,true,not_available,alta,confirmar e separar o fenomeno de inundacao (trilha separar_fenomeno),true,true,true
MRQ_00875,TGT_0150,event_date,true,not_available,alta,resolver data do evento em registro oficial/documental (trilha resolver_data_evento),true,false,true
MRQ_00876,TGT_0150,source_authority,true,not_available,alta,identificar fonte/autoridade rastreavel do evento,true,false,true
MRQ_00877,TGT_0150,geometry_type,true,not_available,alta,obter geometria oficial (ponto/poligono/bbox) do evento (trilha obter_geometria_oficial),true,true,true
MRQ_00878,TGT_0150,patch_id,true,not_available,media,resolver o patch REV-P correspondente (trilha resolver_patch_link),true,false,true
MRQ_00879,TGT_0150,patch_link_quality,true,not_available,alta,produzir vinculo espacial forte com o patch (trilha resolver_patch_link),true,false,true
MRQ_00880,TGT_0150,qa_status,true,not_available,alta,executar QA humano e registrar aceite (trilha executar_qa_humano),true,true,true
MRQ_00881,TGT_0150,phenomenon_type,true,not_available,alta,confirmar e separar o fenomeno de inundacao (trilha separar_fenomeno),true,true,true
MRQ_00882,TGT_0151,event_date,true,not_available,alta,resolver data do evento em registro oficial/documental (trilha resolver_data_evento),true,false,true
MRQ_00883,TGT_0151,source_authority,true,not_available,alta,identificar fonte/autoridade rastreavel do evento,true,false,true
MRQ_00884,TGT_0151,geometry_type,true,not_available,alta,obter geometria oficial (ponto/poligono/bbox) do evento (trilha obter_geometria_oficial),true,true,true
MRQ_00885,TGT_0151,patch_id,true,not_available,media,resolver o patch REV-P correspondente (trilha resolver_patch_link),true,false,true
MRQ_00886,TGT_0151,patch_link_quality,true,not_available,alta,produzir vinculo espacial forte com o patch (trilha resolver_patch_link),true,false,true
MRQ_00887,TGT_0151,qa_status,true,not_available,alta,executar QA humano e registrar aceite (trilha executar_qa_humano),true,true,true
MRQ_00888,TGT_0151,phenomenon_type,true,not_available,alta,confirmar e separar o fenomeno de inundacao (trilha separar_fenomeno),true,true,true
MRQ_00889,TGT_0152,event_date,true,not_available,alta,resolver data do evento em registro oficial/documental (trilha resolver_data_evento),true,false,true
MRQ_00890,TGT_0152,source_authority,true,not_available,alta,identificar fonte/autoridade rastreavel do evento,true,false,true
MRQ_00891,TGT_0152,geometry_type,true,not_available,alta,obter geometria oficial (ponto/poligono/bbox) do evento (trilha obter_geometria_oficial),true,true,true
MRQ_00892,TGT_0152,patch_id,true,not_available,media,resolver o patch REV-P correspondente (trilha resolver_patch_link),true,false,true
MRQ_00893,TGT_0152,patch_link_quality,true,not_available,alta,produzir vinculo espacial forte com o patch (trilha resolver_patch_link),true,false,true
MRQ_00894,TGT_0152,qa_status,true,not_available,alta,executar QA humano e registrar aceite (trilha executar_qa_humano),true,true,true
MRQ_00895,TGT_0152,phenomenon_type,true,not_available,alta,confirmar e separar o fenomeno de inundacao (trilha separar_fenomeno),true,true,true
MRQ_00896,TGT_0153,event_date,true,not_available,alta,resolver data do evento em registro oficial/documental (trilha resolver_data_evento),true,false,true
MRQ_00897,TGT_0153,source_authority,true,not_available,alta,identificar fonte/autoridade rastreavel do evento,true,false,true
MRQ_00898,TGT_0153,geometry_type,true,not_available,alta,obter geometria oficial (ponto/poligono/bbox) do evento (trilha obter_geometria_oficial),true,true,true
MRQ_00899,TGT_0153,patch_id,true,not_available,media,resolver o patch REV-P correspondente (trilha resolver_patch_link),true,false,true
MRQ_00900,TGT_0153,patch_link_quality,true,not_available,alta,produzir vinculo espacial forte com o patch (trilha resolver_patch_link),true,false,true
MRQ_00901,TGT_0153,qa_status,true,not_available,alta,executar QA humano e registrar aceite (trilha executar_qa_humano),true,true,true
MRQ_00902,TGT_0153,phenomenon_type,true,not_available,alta,confirmar e separar o fenomeno de inundacao (trilha separar_fenomeno),true,true,true
MRQ_00903,TGT_0154,event_date,true,not_available,alta,resolver data do evento em registro oficial/documental (trilha resolver_data_evento),true,false,true
MRQ_00904,TGT_0154,source_authority,true,not_available,alta,identificar fonte/autoridade rastreavel do evento,true,false,true
MRQ_00905,TGT_0154,geometry_type,true,not_available,alta,obter geometria oficial (ponto/poligono/bbox) do evento (trilha obter_geometria_oficial),true,true,true
MRQ_00906,TGT_0154,patch_id,true,not_available,media,resolver o patch REV-P correspondente (trilha resolver_patch_link),true,false,true
MRQ_00907,TGT_0154,patch_link_quality,true,not_available,alta,produzir vinculo espacial forte com o patch (trilha resolver_patch_link),true,false,true
MRQ_00908,TGT_0154,qa_status,true,not_available,alta,executar QA humano e registrar aceite (trilha executar_qa_humano),true,true,true
MRQ_00909,TGT_0154,phenomenon_type,true,not_available,alta,confirmar e separar o fenomeno de inundacao (trilha separar_fenomeno),true,true,true
MRQ_00910,TGT_0155,event_date,true,not_available,alta,resolver data do evento em registro oficial/documental (trilha resolver_data_evento),true,false,true
MRQ_00911,TGT_0155,source_authority,true,not_available,alta,identificar fonte/autoridade rastreavel do evento,true,false,true
MRQ_00912,TGT_0155,geometry_type,true,not_available,alta,obter geometria oficial (ponto/poligono/bbox) do evento (trilha obter_geometria_oficial),true,true,true
MRQ_00913,TGT_0155,patch_id,true,not_available,media,resolver o patch REV-P correspondente (trilha resolver_patch_link),true,false,true
MRQ_00914,TGT_0155,patch_link_quality,true,not_available,alta,produzir vinculo espacial forte com o patch (trilha resolver_patch_link),true,false,true
MRQ_00915,TGT_0155,qa_status,true,not_available,alta,executar QA humano e registrar aceite (trilha executar_qa_humano),true,true,true
MRQ_00916,TGT_0155,phenomenon_type,true,not_available,alta,confirmar e separar o fenomeno de inundacao (trilha separar_fenomeno),true,true,true
MRQ_00917,TGT_0156,event_date,true,not_available,alta,resolver data do evento em registro oficial/documental (trilha resolver_data_evento),true,false,true
MRQ_00918,TGT_0156,source_authority,true,not_available,alta,identificar fonte/autoridade rastreavel do evento,true,false,true
MRQ_00919,TGT_0156,geometry_type,true,not_available,alta,obter geometria oficial (ponto/poligono/bbox) do evento (trilha obter_geometria_oficial),true,true,true
MRQ_00920,TGT_0156,patch_id,true,not_available,media,resolver o patch REV-P correspondente (trilha resolver_patch_link),true,false,true
MRQ_00921,TGT_0156,patch_link_quality,true,not_available,alta,produzir vinculo espacial forte com o patch (trilha resolver_patch_link),true,false,true
MRQ_00922,TGT_0156,qa_status,true,not_available,alta,executar QA humano e registrar aceite (trilha executar_qa_humano),true,true,true
MRQ_00923,TGT_0156,phenomenon_type,true,not_available,alta,confirmar e separar o fenomeno de inundacao (trilha separar_fenomeno),true,true,true
MRQ_00924,TGT_0157,event_date,true,not_available,alta,resolver data do evento em registro oficial/documental (trilha resolver_data_evento),true,false,true
MRQ_00925,TGT_0157,source_authority,true,not_available,alta,identificar fonte/autoridade rastreavel do evento,true,false,true
MRQ_00926,TGT_0157,geometry_type,true,not_available,alta,obter geometria oficial (ponto/poligono/bbox) do evento (trilha obter_geometria_oficial),true,true,true
MRQ_00927,TGT_0157,patch_id,true,not_available,media,resolver o patch REV-P correspondente (trilha resolver_patch_link),true,false,true
MRQ_00928,TGT_0157,patch_link_quality,true,not_available,alta,produzir vinculo espacial forte com o patch (trilha resolver_patch_link),true,false,true
MRQ_00929,TGT_0157,qa_status,true,not_available,alta,executar QA humano e registrar aceite (trilha executar_qa_humano),true,true,true
MRQ_00930,TGT_0157,phenomenon_type,true,not_available,alta,confirmar e separar o fenomeno de inundacao (trilha separar_fenomeno),true,true,true
MRQ_00931,TGT_0158,event_date,true,not_available,alta,resolver data do evento em registro oficial/documental (trilha resolver_data_evento),true,false,true
MRQ_00932,TGT_0158,source_authority,true,not_available,alta,identificar fonte/autoridade rastreavel do evento,true,false,true
MRQ_00933,TGT_0158,geometry_type,true,not_available,alta,obter geometria oficial (ponto/poligono/bbox) do evento (trilha obter_geometria_oficial),true,true,true
MRQ_00934,TGT_0158,patch_id,true,not_available,media,resolver o patch REV-P correspondente (trilha resolver_patch_link),true,false,true
MRQ_00935,TGT_0158,patch_link_quality,true,not_available,alta,produzir vinculo espacial forte com o patch (trilha resolver_patch_link),true,false,true
MRQ_00936,TGT_0158,qa_status,true,not_available,alta,executar QA humano e registrar aceite (trilha executar_qa_humano),true,true,true
MRQ_00937,TGT_0158,phenomenon_type,true,not_available,alta,confirmar e separar o fenomeno de inundacao (trilha separar_fenomeno),true,true,true
MRQ_00938,TGT_0159,event_date,true,not_available,alta,resolver data do evento em registro oficial/documental (trilha resolver_data_evento),true,false,true
MRQ_00939,TGT_0159,source_authority,true,not_available,alta,identificar fonte/autoridade rastreavel do evento,true,false,true
MRQ_00940,TGT_0159,geometry_type,true,not_available,alta,obter geometria oficial (ponto/poligono/bbox) do evento (trilha obter_geometria_oficial),true,true,true
MRQ_00941,TGT_0159,patch_id,true,not_available,media,resolver o patch REV-P correspondente (trilha resolver_patch_link),true,false,true
MRQ_00942,TGT_0159,patch_link_quality,true,not_available,alta,produzir vinculo espacial forte com o patch (trilha resolver_patch_link),true,false,true
MRQ_00943,TGT_0159,qa_status,true,not_available,alta,executar QA humano e registrar aceite (trilha executar_qa_humano),true,true,true
MRQ_00944,TGT_0159,phenomenon_type,true,not_available,alta,confirmar e separar o fenomeno de inundacao (trilha separar_fenomeno),true,true,true
MRQ_00945,TGT_0160,event_date,true,not_available,alta,resolver data do evento em registro oficial/documental (trilha resolver_data_evento),true,false,true
MRQ_00946,TGT_0160,source_authority,true,not_available,alta,identificar fonte/autoridade rastreavel do evento,true,false,true
MRQ_00947,TGT_0160,geometry_type,true,not_available,alta,obter geometria oficial (ponto/poligono/bbox) do evento (trilha obter_geometria_oficial),true,true,true
MRQ_00948,TGT_0160,patch_id,true,not_available,media,resolver o patch REV-P correspondente (trilha resolver_patch_link),true,false,true
MRQ_00949,TGT_0160,patch_link_quality,true,not_available,alta,produzir vinculo espacial forte com o patch (trilha resolver_patch_link),true,false,true
MRQ_00950,TGT_0160,qa_status,true,not_available,alta,executar QA humano e registrar aceite (trilha executar_qa_humano),true,true,true
MRQ_00951,TGT_0160,phenomenon_type,true,not_available,alta,confirmar e separar o fenomeno de inundacao (trilha separar_fenomeno),true,true,true
MRQ_00952,TGT_0161,event_date,true,not_available,alta,resolver data do evento em registro oficial/documental (trilha resolver_data_evento),true,false,true
MRQ_00953,TGT_0161,source_authority,true,not_available,alta,identificar fonte/autoridade rastreavel do evento,true,false,true
MRQ_00954,TGT_0161,geometry_type,true,not_available,alta,obter geometria oficial (ponto/poligono/bbox) do evento (trilha obter_geometria_oficial),true,true,true
MRQ_00955,TGT_0161,patch_id,true,not_available,media,resolver o patch REV-P correspondente (trilha resolver_patch_link),true,false,true
MRQ_00956,TGT_0161,patch_link_quality,true,not_available,alta,produzir vinculo espacial forte com o patch (trilha resolver_patch_link),true,false,true
MRQ_00957,TGT_0161,qa_status,true,not_available,alta,executar QA humano e registrar aceite (trilha executar_qa_humano),true,true,true
MRQ_00958,TGT_0161,phenomenon_type,true,not_available,alta,confirmar e separar o fenomeno de inundacao (trilha separar_fenomeno),true,true,true
MRQ_00959,TGT_0162,event_date,true,not_available,alta,resolver data do evento em registro oficial/documental (trilha resolver_data_evento),true,false,true
MRQ_00960,TGT_0162,source_authority,true,not_available,alta,identificar fonte/autoridade rastreavel do evento,true,false,true
MRQ_00961,TGT_0162,geometry_type,true,not_available,alta,obter geometria oficial (ponto/poligono/bbox) do evento (trilha obter_geometria_oficial),true,true,true
MRQ_00962,TGT_0162,patch_id,true,not_available,media,resolver o patch REV-P correspondente (trilha resolver_patch_link),true,false,true
MRQ_00963,TGT_0162,patch_link_quality,true,not_available,alta,produzir vinculo espacial forte com o patch (trilha resolver_patch_link),true,false,true
MRQ_00964,TGT_0162,qa_status,true,not_available,alta,executar QA humano e registrar aceite (trilha executar_qa_humano),true,true,true
MRQ_00965,TGT_0162,phenomenon_type,true,not_available,alta,confirmar e separar o fenomeno de inundacao (trilha separar_fenomeno),true,true,true
MRQ_00966,TGT_0163,event_date,true,not_available,alta,resolver data do evento em registro oficial/documental (trilha resolver_data_evento),true,false,true
MRQ_00967,TGT_0163,source_authority,true,not_available,alta,identificar fonte/autoridade rastreavel do evento,true,false,true
MRQ_00968,TGT_0163,geometry_type,true,not_available,alta,obter geometria oficial (ponto/poligono/bbox) do evento (trilha obter_geometria_oficial),true,true,true
MRQ_00969,TGT_0163,patch_id,true,not_available,media,resolver o patch REV-P correspondente (trilha resolver_patch_link),true,false,true
MRQ_00970,TGT_0163,patch_link_quality,true,not_available,alta,produzir vinculo espacial forte com o patch (trilha resolver_patch_link),true,false,true
MRQ_00971,TGT_0163,qa_status,true,not_available,alta,executar QA humano e registrar aceite (trilha executar_qa_humano),true,true,true
MRQ_00972,TGT_0163,phenomenon_type,true,not_available,alta,confirmar e separar o fenomeno de inundacao (trilha separar_fenomeno),true,true,true
MRQ_00973,TGT_0164,event_date,true,not_available,alta,resolver data do evento em registro oficial/documental (trilha resolver_data_evento),true,false,true
MRQ_00974,TGT_0164,source_authority,true,not_available,alta,identificar fonte/autoridade rastreavel do evento,true,false,true
MRQ_00975,TGT_0164,geometry_type,true,not_available,alta,obter geometria oficial (ponto/poligono/bbox) do evento (trilha obter_geometria_oficial),true,true,true
MRQ_00976,TGT_0164,patch_id,true,not_available,media,resolver o patch REV-P correspondente (trilha resolver_patch_link),true,false,true
MRQ_00977,TGT_0164,patch_link_quality,true,not_available,alta,produzir vinculo espacial forte com o patch (trilha resolver_patch_link),true,false,true
MRQ_00978,TGT_0164,qa_status,true,not_available,alta,executar QA humano e registrar aceite (trilha executar_qa_humano),true,true,true
MRQ_00979,TGT_0164,phenomenon_type,true,not_available,alta,confirmar e separar o fenomeno de inundacao (trilha separar_fenomeno),true,true,true
MRQ_00980,TGT_0165,event_date,true,not_available,alta,resolver data do evento em registro oficial/documental (trilha resolver_data_evento),true,false,true
MRQ_00981,TGT_0165,source_authority,true,not_available,alta,identificar fonte/autoridade rastreavel do evento,true,false,true
MRQ_00982,TGT_0165,geometry_type,true,not_available,alta,obter geometria oficial (ponto/poligono/bbox) do evento (trilha obter_geometria_oficial),true,true,true
MRQ_00983,TGT_0165,patch_id,true,not_available,media,resolver o patch REV-P correspondente (trilha resolver_patch_link),true,false,true
MRQ_00984,TGT_0165,patch_link_quality,true,not_available,alta,produzir vinculo espacial forte com o patch (trilha resolver_patch_link),true,false,true
MRQ_00985,TGT_0165,qa_status,true,not_available,alta,executar QA humano e registrar aceite (trilha executar_qa_humano),true,true,true
MRQ_00986,TGT_0165,phenomenon_type,true,not_available,alta,confirmar e separar o fenomeno de inundacao (trilha separar_fenomeno),true,true,true
MRQ_00987,TGT_0166,event_date,true,not_available,alta,resolver data do evento em registro oficial/documental (trilha resolver_data_evento),true,false,true
MRQ_00988,TGT_0166,source_authority,true,not_available,alta,identificar fonte/autoridade rastreavel do evento,true,false,true
MRQ_00989,TGT_0166,geometry_type,true,not_available,alta,obter geometria oficial (ponto/poligono/bbox) do evento (trilha obter_geometria_oficial),true,true,true
MRQ_00990,TGT_0166,patch_id,true,not_available,media,resolver o patch REV-P correspondente (trilha resolver_patch_link),true,false,true
MRQ_00991,TGT_0166,patch_link_quality,true,not_available,alta,produzir vinculo espacial forte com o patch (trilha resolver_patch_link),true,false,true
MRQ_00992,TGT_0166,qa_status,true,not_available,alta,executar QA humano e registrar aceite (trilha executar_qa_humano),true,true,true
MRQ_00993,TGT_0166,phenomenon_type,true,not_available,alta,confirmar e separar o fenomeno de inundacao (trilha separar_fenomeno),true,true,true
MRQ_00994,TGT_0167,event_date,true,not_available,alta,resolver data do evento em registro oficial/documental (trilha resolver_data_evento),true,false,true
MRQ_00995,TGT_0167,source_authority,true,not_available,alta,identificar fonte/autoridade rastreavel do evento,true,false,true
MRQ_00996,TGT_0167,geometry_type,true,not_available,alta,obter geometria oficial (ponto/poligono/bbox) do evento (trilha obter_geometria_oficial),true,true,true
MRQ_00997,TGT_0167,patch_id,true,not_available,media,resolver o patch REV-P correspondente (trilha resolver_patch_link),true,false,true
MRQ_00998,TGT_0167,patch_link_quality,true,not_available,alta,produzir vinculo espacial forte com o patch (trilha resolver_patch_link),true,false,true
MRQ_00999,TGT_0167,qa_status,true,not_available,alta,executar QA humano e registrar aceite (trilha executar_qa_humano),true,true,true
MRQ_01000,TGT_0167,phenomenon_type,true,not_available,alta,confirmar e separar o fenomeno de inundacao (trilha separar_fenomeno),true,true,true
MRQ_01001,TGT_0168,event_date,true,not_available,alta,resolver data do evento em registro oficial/documental (trilha resolver_data_evento),true,false,true
MRQ_01002,TGT_0168,source_authority,true,not_available,alta,identificar fonte/autoridade rastreavel do evento,true,false,true
MRQ_01003,TGT_0168,geometry_type,true,not_available,alta,obter geometria oficial (ponto/poligono/bbox) do evento (trilha obter_geometria_oficial),true,true,true
MRQ_01004,TGT_0168,patch_id,true,not_available,media,resolver o patch REV-P correspondente (trilha resolver_patch_link),true,false,true
MRQ_01005,TGT_0168,patch_link_quality,true,not_available,alta,produzir vinculo espacial forte com o patch (trilha resolver_patch_link),true,false,true
MRQ_01006,TGT_0168,qa_status,true,not_available,alta,executar QA humano e registrar aceite (trilha executar_qa_humano),true,true,true
MRQ_01007,TGT_0168,phenomenon_type,true,not_available,alta,confirmar e separar o fenomeno de inundacao (trilha separar_fenomeno),true,true,true
MRQ_01008,TGT_0169,event_date,true,not_available,alta,resolver data do evento em registro oficial/documental (trilha resolver_data_evento),true,false,true
MRQ_01009,TGT_0169,source_authority,true,not_available,alta,identificar fonte/autoridade rastreavel do evento,true,false,true
MRQ_01010,TGT_0169,geometry_type,true,not_available,alta,obter geometria oficial (ponto/poligono/bbox) do evento (trilha obter_geometria_oficial),true,true,true
MRQ_01011,TGT_0169,patch_id,true,not_available,media,resolver o patch REV-P correspondente (trilha resolver_patch_link),true,false,true
MRQ_01012,TGT_0169,patch_link_quality,true,not_available,alta,produzir vinculo espacial forte com o patch (trilha resolver_patch_link),true,false,true
MRQ_01013,TGT_0169,qa_status,true,not_available,alta,executar QA humano e registrar aceite (trilha executar_qa_humano),true,true,true
MRQ_01014,TGT_0169,phenomenon_type,true,not_available,alta,confirmar e separar o fenomeno de inundacao (trilha separar_fenomeno),true,true,true
MRQ_01015,TGT_0170,event_date,true,not_available,alta,resolver data do evento em registro oficial/documental (trilha resolver_data_evento),true,false,true
MRQ_01016,TGT_0170,source_authority,true,not_available,alta,identificar fonte/autoridade rastreavel do evento,true,false,true
MRQ_01017,TGT_0170,geometry_type,true,not_available,alta,obter geometria oficial (ponto/poligono/bbox) do evento (trilha obter_geometria_oficial),true,true,true
MRQ_01018,TGT_0170,patch_id,true,not_available,media,resolver o patch REV-P correspondente (trilha resolver_patch_link),true,false,true
MRQ_01019,TGT_0170,patch_link_quality,true,not_available,alta,produzir vinculo espacial forte com o patch (trilha resolver_patch_link),true,false,true
MRQ_01020,TGT_0170,qa_status,true,not_available,alta,executar QA humano e registrar aceite (trilha executar_qa_humano),true,true,true
MRQ_01021,TGT_0170,phenomenon_type,true,not_available,alta,confirmar e separar o fenomeno de inundacao (trilha separar_fenomeno),true,true,true
MRQ_01022,TGT_0171,event_date,true,not_available,alta,resolver data do evento em registro oficial/documental (trilha resolver_data_evento),true,false,true
MRQ_01023,TGT_0171,source_authority,true,not_available,alta,identificar fonte/autoridade rastreavel do evento,true,false,true
MRQ_01024,TGT_0171,geometry_type,true,not_available,alta,obter geometria oficial (ponto/poligono/bbox) do evento (trilha obter_geometria_oficial),true,true,true
MRQ_01025,TGT_0171,patch_id,true,not_available,media,resolver o patch REV-P correspondente (trilha resolver_patch_link),true,false,true
MRQ_01026,TGT_0171,patch_link_quality,true,not_available,alta,produzir vinculo espacial forte com o patch (trilha resolver_patch_link),true,false,true
MRQ_01027,TGT_0171,qa_status,true,not_available,alta,executar QA humano e registrar aceite (trilha executar_qa_humano),true,true,true
MRQ_01028,TGT_0171,phenomenon_type,true,not_available,alta,confirmar e separar o fenomeno de inundacao (trilha separar_fenomeno),true,true,true
MRQ_01029,TGT_0172,event_date,true,not_available,alta,resolver data do evento em registro oficial/documental (trilha resolver_data_evento),true,false,true
MRQ_01030,TGT_0172,source_authority,true,not_available,alta,identificar fonte/autoridade rastreavel do evento,true,false,true
MRQ_01031,TGT_0172,geometry_type,true,not_available,alta,obter geometria oficial (ponto/poligono/bbox) do evento (trilha obter_geometria_oficial),true,true,true
MRQ_01032,TGT_0172,patch_id,true,not_available,media,resolver o patch REV-P correspondente (trilha resolver_patch_link),true,false,true
MRQ_01033,TGT_0172,patch_link_quality,true,not_available,alta,produzir vinculo espacial forte com o patch (trilha resolver_patch_link),true,false,true
MRQ_01034,TGT_0172,qa_status,true,not_available,alta,executar QA humano e registrar aceite (trilha executar_qa_humano),true,true,true
MRQ_01035,TGT_0172,phenomenon_type,true,not_available,alta,confirmar e separar o fenomeno de inundacao (trilha separar_fenomeno),true,true,true
MRQ_01036,TGT_0173,event_date,true,not_available,alta,resolver data do evento em registro oficial/documental (trilha resolver_data_evento),true,false,true
MRQ_01037,TGT_0173,source_authority,true,not_available,alta,identificar fonte/autoridade rastreavel do evento,true,false,true
MRQ_01038,TGT_0173,geometry_type,true,not_available,alta,obter geometria oficial (ponto/poligono/bbox) do evento (trilha obter_geometria_oficial),true,true,true
MRQ_01039,TGT_0173,patch_id,true,not_available,media,resolver o patch REV-P correspondente (trilha resolver_patch_link),true,false,true
MRQ_01040,TGT_0173,patch_link_quality,true,not_available,alta,produzir vinculo espacial forte com o patch (trilha resolver_patch_link),true,false,true
MRQ_01041,TGT_0173,qa_status,true,not_available,alta,executar QA humano e registrar aceite (trilha executar_qa_humano),true,true,true
MRQ_01042,TGT_0173,phenomenon_type,true,not_available,alta,confirmar e separar o fenomeno de inundacao (trilha separar_fenomeno),true,true,true
MRQ_01043,TGT_0174,event_date,true,not_available,alta,resolver data do evento em registro oficial/documental (trilha resolver_data_evento),true,false,true
MRQ_01044,TGT_0174,geometry_type,true,not_available,alta,obter geometria oficial (ponto/poligono/bbox) do evento (trilha obter_geometria_oficial),true,true,true
MRQ_01045,TGT_0174,patch_id,true,not_available,media,resolver o patch REV-P correspondente (trilha resolver_patch_link),true,false,true
MRQ_01046,TGT_0174,patch_link_quality,true,not_available,alta,produzir vinculo espacial forte com o patch (trilha resolver_patch_link),true,false,true
MRQ_01047,TGT_0174,uncertainty_m,true,not_available,media,estimar incerteza espacial em metros (trilha estimar_incerteza_espacial),true,false,true
MRQ_01048,TGT_0174,qa_status,true,not_available,alta,executar QA humano e registrar aceite (trilha executar_qa_humano),true,true,true
MRQ_01049,TGT_0174,phenomenon_type,true,flood_or_mass_movement,alta,confirmar e separar o fenomeno de inundacao (trilha separar_fenomeno),true,true,true
MRQ_01050,TGT_0175,event_date,true,not_available,alta,resolver data do evento em registro oficial/documental (trilha resolver_data_evento),true,false,true
MRQ_01051,TGT_0175,geometry_type,true,not_available,alta,obter geometria oficial (ponto/poligono/bbox) do evento (trilha obter_geometria_oficial),true,true,true
MRQ_01052,TGT_0175,patch_id,true,not_available,media,resolver o patch REV-P correspondente (trilha resolver_patch_link),true,false,true
MRQ_01053,TGT_0175,patch_link_quality,true,not_available,alta,produzir vinculo espacial forte com o patch (trilha resolver_patch_link),true,false,true
MRQ_01054,TGT_0175,uncertainty_m,true,not_available,media,estimar incerteza espacial em metros (trilha estimar_incerteza_espacial),true,false,true
MRQ_01055,TGT_0175,qa_status,true,not_available,alta,executar QA humano e registrar aceite (trilha executar_qa_humano),true,true,true
MRQ_01056,TGT_0175,phenomenon_type,true,flood_or_mass_movement,alta,confirmar e separar o fenomeno de inundacao (trilha separar_fenomeno),true,true,true
MRQ_01057,TGT_0176,event_date,true,not_available,alta,resolver data do evento em registro oficial/documental (trilha resolver_data_evento),true,false,true
MRQ_01058,TGT_0176,geometry_type,true,not_available,alta,obter geometria oficial (ponto/poligono/bbox) do evento (trilha obter_geometria_oficial),true,true,true
MRQ_01059,TGT_0176,patch_id,true,not_available,media,resolver o patch REV-P correspondente (trilha resolver_patch_link),true,false,true
MRQ_01060,TGT_0176,patch_link_quality,true,not_available,alta,produzir vinculo espacial forte com o patch (trilha resolver_patch_link),true,false,true
MRQ_01061,TGT_0176,uncertainty_m,true,not_available,media,estimar incerteza espacial em metros (trilha estimar_incerteza_espacial),true,false,true
MRQ_01062,TGT_0176,qa_status,true,not_available,alta,executar QA humano e registrar aceite (trilha executar_qa_humano),true,true,true
MRQ_01063,TGT_0176,phenomenon_type,true,flood_or_mass_movement,alta,confirmar e separar o fenomeno de inundacao (trilha separar_fenomeno),true,true,true
MRQ_01064,TGT_0177,event_date,true,not_available,alta,resolver data do evento em registro oficial/documental (trilha resolver_data_evento),true,false,true
MRQ_01065,TGT_0177,geometry_type,true,not_available,alta,obter geometria oficial (ponto/poligono/bbox) do evento (trilha obter_geometria_oficial),true,true,true
MRQ_01066,TGT_0177,patch_id,true,not_available,media,resolver o patch REV-P correspondente (trilha resolver_patch_link),true,false,true
MRQ_01067,TGT_0177,patch_link_quality,true,not_available,alta,produzir vinculo espacial forte com o patch (trilha resolver_patch_link),true,false,true
MRQ_01068,TGT_0177,uncertainty_m,true,not_available,media,estimar incerteza espacial em metros (trilha estimar_incerteza_espacial),true,false,true
MRQ_01069,TGT_0177,qa_status,true,not_available,alta,executar QA humano e registrar aceite (trilha executar_qa_humano),true,true,true
MRQ_01070,TGT_0177,phenomenon_type,true,flood_or_mass_movement,alta,confirmar e separar o fenomeno de inundacao (trilha separar_fenomeno),true,true,true
MRQ_01071,TGT_0178,event_date,true,not_available,alta,resolver data do evento em registro oficial/documental (trilha resolver_data_evento),true,false,true
MRQ_01072,TGT_0178,geometry_type,true,not_available,alta,obter geometria oficial (ponto/poligono/bbox) do evento (trilha obter_geometria_oficial),true,true,true
MRQ_01073,TGT_0178,patch_id,true,not_available,media,resolver o patch REV-P correspondente (trilha resolver_patch_link),true,false,true
MRQ_01074,TGT_0178,patch_link_quality,true,not_available,alta,produzir vinculo espacial forte com o patch (trilha resolver_patch_link),true,false,true
MRQ_01075,TGT_0178,uncertainty_m,true,not_available,media,estimar incerteza espacial em metros (trilha estimar_incerteza_espacial),true,false,true
MRQ_01076,TGT_0178,qa_status,true,not_available,alta,executar QA humano e registrar aceite (trilha executar_qa_humano),true,true,true
MRQ_01077,TGT_0178,phenomenon_type,true,flood_or_mass_movement,alta,confirmar e separar o fenomeno de inundacao (trilha separar_fenomeno),true,true,true
MRQ_01078,TGT_0179,event_date,true,not_available,alta,resolver data do evento em registro oficial/documental (trilha resolver_data_evento),true,false,true
MRQ_01079,TGT_0179,geometry_type,true,not_available,alta,obter geometria oficial (ponto/poligono/bbox) do evento (trilha obter_geometria_oficial),true,true,true
MRQ_01080,TGT_0179,patch_id,true,not_available,media,resolver o patch REV-P correspondente (trilha resolver_patch_link),true,false,true
MRQ_01081,TGT_0179,patch_link_quality,true,not_available,alta,produzir vinculo espacial forte com o patch (trilha resolver_patch_link),true,false,true
MRQ_01082,TGT_0179,uncertainty_m,true,not_available,media,estimar incerteza espacial em metros (trilha estimar_incerteza_espacial),true,false,true
MRQ_01083,TGT_0179,qa_status,true,not_available,alta,executar QA humano e registrar aceite (trilha executar_qa_humano),true,true,true
MRQ_01084,TGT_0179,phenomenon_type,true,flash_flood_landslide,alta,confirmar e separar o fenomeno de inundacao (trilha separar_fenomeno),true,true,true
MRQ_01085,TGT_0180,event_date,true,not_available,alta,resolver data do evento em registro oficial/documental (trilha resolver_data_evento),true,false,true
MRQ_01086,TGT_0180,geometry_type,true,not_available,alta,obter geometria oficial (ponto/poligono/bbox) do evento (trilha obter_geometria_oficial),true,true,true
MRQ_01087,TGT_0180,patch_id,true,not_available,media,resolver o patch REV-P correspondente (trilha resolver_patch_link),true,false,true
MRQ_01088,TGT_0180,patch_link_quality,true,not_available,alta,produzir vinculo espacial forte com o patch (trilha resolver_patch_link),true,false,true
MRQ_01089,TGT_0180,uncertainty_m,true,not_available,media,estimar incerteza espacial em metros (trilha estimar_incerteza_espacial),true,false,true
MRQ_01090,TGT_0180,qa_status,true,not_available,alta,executar QA humano e registrar aceite (trilha executar_qa_humano),true,true,true
MRQ_01091,TGT_0180,phenomenon_type,true,flood_or_mass_movement,alta,confirmar e separar o fenomeno de inundacao (trilha separar_fenomeno),true,true,true
MRQ_01092,TGT_0181,event_date,true,not_available,alta,resolver data do evento em registro oficial/documental (trilha resolver_data_evento),true,false,true
MRQ_01093,TGT_0181,geometry_type,true,not_available,alta,obter geometria oficial (ponto/poligono/bbox) do evento (trilha obter_geometria_oficial),true,true,true
MRQ_01094,TGT_0181,patch_id,true,not_available,media,resolver o patch REV-P correspondente (trilha resolver_patch_link),true,false,true
MRQ_01095,TGT_0181,patch_link_quality,true,not_available,alta,produzir vinculo espacial forte com o patch (trilha resolver_patch_link),true,false,true
MRQ_01096,TGT_0181,uncertainty_m,true,not_available,media,estimar incerteza espacial em metros (trilha estimar_incerteza_espacial),true,false,true
MRQ_01097,TGT_0181,qa_status,true,not_available,alta,executar QA humano e registrar aceite (trilha executar_qa_humano),true,true,true
MRQ_01098,TGT_0181,phenomenon_type,true,urban_flooding,alta,confirmar e separar o fenomeno de inundacao (trilha separar_fenomeno),true,true,true
MRQ_01099,TGT_0182,event_date,true,not_available,alta,resolver data do evento em registro oficial/documental (trilha resolver_data_evento),true,false,true
MRQ_01100,TGT_0182,geometry_type,true,not_available,alta,obter geometria oficial (ponto/poligono/bbox) do evento (trilha obter_geometria_oficial),true,true,true
MRQ_01101,TGT_0182,patch_id,true,not_available,media,resolver o patch REV-P correspondente (trilha resolver_patch_link),true,false,true
MRQ_01102,TGT_0182,patch_link_quality,true,not_available,alta,produzir vinculo espacial forte com o patch (trilha resolver_patch_link),true,false,true
MRQ_01103,TGT_0182,uncertainty_m,true,not_available,media,estimar incerteza espacial em metros (trilha estimar_incerteza_espacial),true,false,true
MRQ_01104,TGT_0182,qa_status,true,not_available,alta,executar QA humano e registrar aceite (trilha executar_qa_humano),true,true,true
MRQ_01105,TGT_0182,phenomenon_type,true,topographic_context,alta,confirmar e separar o fenomeno de inundacao (trilha separar_fenomeno),true,true,true
MRQ_01106,TGT_0183,event_date,true,not_available,alta,resolver data do evento em registro oficial/documental (trilha resolver_data_evento),true,false,true
MRQ_01107,TGT_0183,source_authority,true,not_available,alta,identificar fonte/autoridade rastreavel do evento,true,false,true
MRQ_01108,TGT_0183,geometry_type,true,not_available,alta,obter geometria oficial (ponto/poligono/bbox) do evento (trilha obter_geometria_oficial),true,true,true
MRQ_01109,TGT_0183,patch_id,true,not_available,media,resolver o patch REV-P correspondente (trilha resolver_patch_link),true,false,true
MRQ_01110,TGT_0183,patch_link_quality,true,not_available,alta,produzir vinculo espacial forte com o patch (trilha resolver_patch_link),true,false,true
MRQ_01111,TGT_0183,uncertainty_m,true,not_available,media,estimar incerteza espacial em metros (trilha estimar_incerteza_espacial),true,false,true
MRQ_01112,TGT_0183,qa_status,true,not_available,alta,executar QA humano e registrar aceite (trilha executar_qa_humano),true,true,true
MRQ_01113,TGT_0183,phenomenon_type,true,not_available,alta,confirmar e separar o fenomeno de inundacao (trilha separar_fenomeno),true,true,true
MRQ_01114,TGT_0184,event_date,true,not_available,alta,resolver data do evento em registro oficial/documental (trilha resolver_data_evento),true,false,true
MRQ_01115,TGT_0184,source_authority,true,not_available,alta,identificar fonte/autoridade rastreavel do evento,true,false,true
MRQ_01116,TGT_0184,geometry_type,true,not_available,alta,obter geometria oficial (ponto/poligono/bbox) do evento (trilha obter_geometria_oficial),true,true,true
MRQ_01117,TGT_0184,patch_id,true,not_available,media,resolver o patch REV-P correspondente (trilha resolver_patch_link),true,false,true
MRQ_01118,TGT_0184,patch_link_quality,true,not_available,alta,produzir vinculo espacial forte com o patch (trilha resolver_patch_link),true,false,true
MRQ_01119,TGT_0184,uncertainty_m,true,not_available,media,estimar incerteza espacial em metros (trilha estimar_incerteza_espacial),true,false,true
MRQ_01120,TGT_0184,qa_status,true,not_available,alta,executar QA humano e registrar aceite (trilha executar_qa_humano),true,true,true
MRQ_01121,TGT_0184,phenomenon_type,true,not_available,alta,confirmar e separar o fenomeno de inundacao (trilha separar_fenomeno),true,true,true
MRQ_01122,TGT_0185,event_date,true,not_available,alta,resolver data do evento em registro oficial/documental (trilha resolver_data_evento),true,false,true
MRQ_01123,TGT_0185,source_authority,true,not_available,alta,identificar fonte/autoridade rastreavel do evento,true,false,true
MRQ_01124,TGT_0185,geometry_type,true,not_available,alta,obter geometria oficial (ponto/poligono/bbox) do evento (trilha obter_geometria_oficial),true,true,true
MRQ_01125,TGT_0185,patch_id,true,not_available,media,resolver o patch REV-P correspondente (trilha resolver_patch_link),true,false,true
MRQ_01126,TGT_0185,patch_link_quality,true,not_available,alta,produzir vinculo espacial forte com o patch (trilha resolver_patch_link),true,false,true
MRQ_01127,TGT_0185,uncertainty_m,true,not_available,media,estimar incerteza espacial em metros (trilha estimar_incerteza_espacial),true,false,true
MRQ_01128,TGT_0185,qa_status,true,not_available,alta,executar QA humano e registrar aceite (trilha executar_qa_humano),true,true,true
MRQ_01129,TGT_0185,phenomenon_type,true,not_available,alta,confirmar e separar o fenomeno de inundacao (trilha separar_fenomeno),true,true,true
MRQ_01130,TGT_0186,event_date,true,not_available,alta,resolver data do evento em registro oficial/documental (trilha resolver_data_evento),true,false,true
MRQ_01131,TGT_0186,source_authority,true,not_available,alta,identificar fonte/autoridade rastreavel do evento,true,false,true
MRQ_01132,TGT_0186,geometry_type,true,Polygon_bbox,alta,obter geometria oficial (ponto/poligono/bbox) do evento (trilha obter_geometria_oficial),true,true,true
MRQ_01133,TGT_0186,patch_id,true,not_available,media,resolver o patch REV-P correspondente (trilha resolver_patch_link),true,false,true
MRQ_01134,TGT_0186,patch_link_quality,true,not_available,alta,produzir vinculo espacial forte com o patch (trilha resolver_patch_link),true,false,true
MRQ_01135,TGT_0186,uncertainty_m,true,not_available,media,estimar incerteza espacial em metros (trilha estimar_incerteza_espacial),true,false,true
MRQ_01136,TGT_0186,qa_status,true,not_available,alta,executar QA humano e registrar aceite (trilha executar_qa_humano),true,true,true
MRQ_01137,TGT_0186,phenomenon_type,true,not_available,alta,confirmar e separar o fenomeno de inundacao (trilha separar_fenomeno),true,true,true
MRQ_01138,TGT_0187,event_date,true,not_available,alta,resolver data do evento em registro oficial/documental (trilha resolver_data_evento),true,false,true
MRQ_01139,TGT_0187,source_authority,true,not_available,alta,identificar fonte/autoridade rastreavel do evento,true,false,true
MRQ_01140,TGT_0187,geometry_type,true,MultiPolygon,alta,obter geometria oficial (ponto/poligono/bbox) do evento (trilha obter_geometria_oficial),true,true,true
MRQ_01141,TGT_0187,patch_id,true,not_available,media,resolver o patch REV-P correspondente (trilha resolver_patch_link),true,false,true
MRQ_01142,TGT_0187,patch_link_quality,true,not_available,alta,produzir vinculo espacial forte com o patch (trilha resolver_patch_link),true,false,true
MRQ_01143,TGT_0187,uncertainty_m,true,not_available,media,estimar incerteza espacial em metros (trilha estimar_incerteza_espacial),true,false,true
MRQ_01144,TGT_0187,qa_status,true,needs_review,alta,executar QA humano e registrar aceite (trilha executar_qa_humano),true,true,true
MRQ_01145,TGT_0187,phenomenon_type,true,urban_flooding,alta,confirmar e separar o fenomeno de inundacao (trilha separar_fenomeno),true,true,true
MRQ_01146,TGT_0188,event_date,true,not_available,alta,resolver data do evento em registro oficial/documental (trilha resolver_data_evento),true,false,true
MRQ_01147,TGT_0188,source_authority,true,not_available,alta,identificar fonte/autoridade rastreavel do evento,true,false,true
MRQ_01148,TGT_0188,geometry_type,true,MultiPolygon,alta,obter geometria oficial (ponto/poligono/bbox) do evento (trilha obter_geometria_oficial),true,true,true
MRQ_01149,TGT_0188,patch_id,true,not_available,media,resolver o patch REV-P correspondente (trilha resolver_patch_link),true,false,true
MRQ_01150,TGT_0188,patch_link_quality,true,not_available,alta,produzir vinculo espacial forte com o patch (trilha resolver_patch_link),true,false,true
MRQ_01151,TGT_0188,uncertainty_m,true,not_available,media,estimar incerteza espacial em metros (trilha estimar_incerteza_espacial),true,false,true
MRQ_01152,TGT_0188,qa_status,true,not_available,alta,executar QA humano e registrar aceite (trilha executar_qa_humano),true,true,true
MRQ_01153,TGT_0188,phenomenon_type,true,not_available,alta,confirmar e separar o fenomeno de inundacao (trilha separar_fenomeno),true,true,true
MRQ_01154,TGT_0189,event_date,true,not_available,alta,resolver data do evento em registro oficial/documental (trilha resolver_data_evento),true,false,true
MRQ_01155,TGT_0189,source_authority,true,not_available,alta,identificar fonte/autoridade rastreavel do evento,true,false,true
MRQ_01156,TGT_0189,geometry_type,true,not_available,alta,obter geometria oficial (ponto/poligono/bbox) do evento (trilha obter_geometria_oficial),true,true,true
MRQ_01157,TGT_0189,patch_id,true,not_available,media,resolver o patch REV-P correspondente (trilha resolver_patch_link),true,false,true
MRQ_01158,TGT_0189,patch_link_quality,true,candidate_spatial_intersection_needs_human_qa,alta,produzir vinculo espacial forte com o patch (trilha resolver_patch_link),true,false,true
MRQ_01159,TGT_0189,uncertainty_m,true,not_available,media,estimar incerteza espacial em metros (trilha estimar_incerteza_espacial),true,false,true
MRQ_01160,TGT_0189,qa_status,true,needs_review,alta,executar QA humano e registrar aceite (trilha executar_qa_humano),true,true,true
MRQ_01161,TGT_0189,phenomenon_type,true,not_available,alta,confirmar e separar o fenomeno de inundacao (trilha separar_fenomeno),true,true,true
MRQ_01162,TGT_0190,event_date,true,not_available,alta,resolver data do evento em registro oficial/documental (trilha resolver_data_evento),true,false,true
MRQ_01163,TGT_0190,source_authority,true,not_available,alta,identificar fonte/autoridade rastreavel do evento,true,false,true
MRQ_01164,TGT_0190,geometry_type,true,not_available,alta,obter geometria oficial (ponto/poligono/bbox) do evento (trilha obter_geometria_oficial),true,true,true
MRQ_01165,TGT_0190,patch_id,true,not_available,media,resolver o patch REV-P correspondente (trilha resolver_patch_link),true,false,true
MRQ_01166,TGT_0190,patch_link_quality,true,candidate_spatial_intersection_needs_human_qa,alta,produzir vinculo espacial forte com o patch (trilha resolver_patch_link),true,false,true
MRQ_01167,TGT_0190,uncertainty_m,true,not_available,media,estimar incerteza espacial em metros (trilha estimar_incerteza_espacial),true,false,true
MRQ_01168,TGT_0190,qa_status,true,needs_review,alta,executar QA humano e registrar aceite (trilha executar_qa_humano),true,true,true
MRQ_01169,TGT_0190,phenomenon_type,true,not_available,alta,confirmar e separar o fenomeno de inundacao (trilha separar_fenomeno),true,true,true
MRQ_01170,TGT_0191,event_date,true,not_available,alta,resolver data do evento em registro oficial/documental (trilha resolver_data_evento),true,false,true
MRQ_01171,TGT_0191,source_authority,true,not_available,alta,identificar fonte/autoridade rastreavel do evento,true,false,true
MRQ_01172,TGT_0191,geometry_type,true,not_available,alta,obter geometria oficial (ponto/poligono/bbox) do evento (trilha obter_geometria_oficial),true,true,true
MRQ_01173,TGT_0191,patch_id,true,not_available,media,resolver o patch REV-P correspondente (trilha resolver_patch_link),true,false,true
MRQ_01174,TGT_0191,patch_link_quality,true,candidate_spatial_intersection_needs_human_qa,alta,produzir vinculo espacial forte com o patch (trilha resolver_patch_link),true,false,true
MRQ_01175,TGT_0191,uncertainty_m,true,not_available,media,estimar incerteza espacial em metros (trilha estimar_incerteza_espacial),true,false,true
MRQ_01176,TGT_0191,qa_status,true,needs_review,alta,executar QA humano e registrar aceite (trilha executar_qa_humano),true,true,true
MRQ_01177,TGT_0191,phenomenon_type,true,not_available,alta,confirmar e separar o fenomeno de inundacao (trilha separar_fenomeno),true,true,true
MRQ_01178,TGT_0192,event_date,true,not_available,alta,resolver data do evento em registro oficial/documental (trilha resolver_data_evento),true,false,true
MRQ_01179,TGT_0192,source_authority,true,not_available,alta,identificar fonte/autoridade rastreavel do evento,true,false,true
MRQ_01180,TGT_0192,geometry_type,true,not_available,alta,obter geometria oficial (ponto/poligono/bbox) do evento (trilha obter_geometria_oficial),true,true,true
MRQ_01181,TGT_0192,patch_id,true,not_available,media,resolver o patch REV-P correspondente (trilha resolver_patch_link),true,false,true
MRQ_01182,TGT_0192,patch_link_quality,true,candidate_spatial_intersection_needs_human_qa,alta,produzir vinculo espacial forte com o patch (trilha resolver_patch_link),true,false,true
MRQ_01183,TGT_0192,uncertainty_m,true,not_available,media,estimar incerteza espacial em metros (trilha estimar_incerteza_espacial),true,false,true
MRQ_01184,TGT_0192,qa_status,true,needs_review,alta,executar QA humano e registrar aceite (trilha executar_qa_humano),true,true,true
MRQ_01185,TGT_0192,phenomenon_type,true,not_available,alta,confirmar e separar o fenomeno de inundacao (trilha separar_fenomeno),true,true,true
MRQ_01186,TGT_0193,event_date,true,not_available,alta,resolver data do evento em registro oficial/documental (trilha resolver_data_evento),true,false,true
MRQ_01187,TGT_0193,source_authority,true,not_available,alta,identificar fonte/autoridade rastreavel do evento,true,false,true
MRQ_01188,TGT_0193,geometry_type,true,not_available,alta,obter geometria oficial (ponto/poligono/bbox) do evento (trilha obter_geometria_oficial),true,true,true
MRQ_01189,TGT_0193,patch_id,true,not_available,media,resolver o patch REV-P correspondente (trilha resolver_patch_link),true,false,true
MRQ_01190,TGT_0193,patch_link_quality,true,candidate_spatial_intersection_needs_human_qa,alta,produzir vinculo espacial forte com o patch (trilha resolver_patch_link),true,false,true
MRQ_01191,TGT_0193,uncertainty_m,true,not_available,media,estimar incerteza espacial em metros (trilha estimar_incerteza_espacial),true,false,true
MRQ_01192,TGT_0193,qa_status,true,needs_review,alta,executar QA humano e registrar aceite (trilha executar_qa_humano),true,true,true
MRQ_01193,TGT_0193,phenomenon_type,true,not_available,alta,confirmar e separar o fenomeno de inundacao (trilha separar_fenomeno),true,true,true
MRQ_01194,TGT_0194,event_date,true,not_available,alta,resolver data do evento em registro oficial/documental (trilha resolver_data_evento),true,false,true
MRQ_01195,TGT_0194,source_authority,true,not_available,alta,identificar fonte/autoridade rastreavel do evento,true,false,true
MRQ_01196,TGT_0194,geometry_type,true,polygon,alta,obter geometria oficial (ponto/poligono/bbox) do evento (trilha obter_geometria_oficial),true,true,true
MRQ_01197,TGT_0194,patch_id,true,not_available,media,resolver o patch REV-P correspondente (trilha resolver_patch_link),true,false,true
MRQ_01198,TGT_0194,patch_link_quality,true,not_available,alta,produzir vinculo espacial forte com o patch (trilha resolver_patch_link),true,false,true
MRQ_01199,TGT_0194,uncertainty_m,true,not_available,media,estimar incerteza espacial em metros (trilha estimar_incerteza_espacial),true,false,true
MRQ_01200,TGT_0194,qa_status,true,not_available,alta,executar QA humano e registrar aceite (trilha executar_qa_humano),true,true,true
MRQ_01201,TGT_0194,phenomenon_type,true,unknown,alta,confirmar e separar o fenomeno de inundacao (trilha separar_fenomeno),true,true,true
MRQ_01202,TGT_0195,event_date,true,not_available,alta,resolver data do evento em registro oficial/documental (trilha resolver_data_evento),true,false,true
MRQ_01203,TGT_0195,source_authority,true,not_available,alta,identificar fonte/autoridade rastreavel do evento,true,false,true
MRQ_01204,TGT_0195,geometry_type,true,polygon,alta,obter geometria oficial (ponto/poligono/bbox) do evento (trilha obter_geometria_oficial),true,true,true
MRQ_01205,TGT_0195,patch_id,true,not_available,media,resolver o patch REV-P correspondente (trilha resolver_patch_link),true,false,true
MRQ_01206,TGT_0195,patch_link_quality,true,not_available,alta,produzir vinculo espacial forte com o patch (trilha resolver_patch_link),true,false,true
MRQ_01207,TGT_0195,uncertainty_m,true,not_available,media,estimar incerteza espacial em metros (trilha estimar_incerteza_espacial),true,false,true
MRQ_01208,TGT_0195,qa_status,true,not_available,alta,executar QA humano e registrar aceite (trilha executar_qa_humano),true,true,true
MRQ_01209,TGT_0195,phenomenon_type,true,urban_flooding,alta,confirmar e separar o fenomeno de inundacao (trilha separar_fenomeno),true,true,true
MRQ_01210,TGT_0196,event_date,true,not_available,alta,resolver data do evento em registro oficial/documental (trilha resolver_data_evento),true,false,true
MRQ_01211,TGT_0196,source_authority,true,not_available,alta,identificar fonte/autoridade rastreavel do evento,true,false,true
MRQ_01212,TGT_0196,geometry_type,true,point_set,alta,obter geometria oficial (ponto/poligono/bbox) do evento (trilha obter_geometria_oficial),true,true,true
MRQ_01213,TGT_0196,patch_id,true,not_available,media,resolver o patch REV-P correspondente (trilha resolver_patch_link),true,false,true
MRQ_01214,TGT_0196,patch_link_quality,true,not_available,alta,produzir vinculo espacial forte com o patch (trilha resolver_patch_link),true,false,true
MRQ_01215,TGT_0196,uncertainty_m,true,not_available,media,estimar incerteza espacial em metros (trilha estimar_incerteza_espacial),true,false,true
MRQ_01216,TGT_0196,qa_status,true,not_available,alta,executar QA humano e registrar aceite (trilha executar_qa_humano),true,true,true
MRQ_01217,TGT_0196,phenomenon_type,true,unknown,alta,confirmar e separar o fenomeno de inundacao (trilha separar_fenomeno),true,true,true
MRQ_01218,TGT_0197,event_date,true,not_available,alta,resolver data do evento em registro oficial/documental (trilha resolver_data_evento),true,false,true
MRQ_01219,TGT_0197,source_authority,true,not_available,alta,identificar fonte/autoridade rastreavel do evento,true,false,true
MRQ_01220,TGT_0197,geometry_type,true,point_set,alta,obter geometria oficial (ponto/poligono/bbox) do evento (trilha obter_geometria_oficial),true,true,true
MRQ_01221,TGT_0197,patch_id,true,not_available,media,resolver o patch REV-P correspondente (trilha resolver_patch_link),true,false,true
MRQ_01222,TGT_0197,patch_link_quality,true,not_available,alta,produzir vinculo espacial forte com o patch (trilha resolver_patch_link),true,false,true
MRQ_01223,TGT_0197,uncertainty_m,true,not_available,media,estimar incerteza espacial em metros (trilha estimar_incerteza_espacial),true,false,true
MRQ_01224,TGT_0197,qa_status,true,not_available,alta,executar QA humano e registrar aceite (trilha executar_qa_humano),true,true,true
MRQ_01225,TGT_0197,phenomenon_type,true,unknown,alta,confirmar e separar o fenomeno de inundacao (trilha separar_fenomeno),true,true,true
MRQ_01226,TGT_0198,event_date,true,not_available,alta,resolver data do evento em registro oficial/documental (trilha resolver_data_evento),true,false,true
MRQ_01227,TGT_0198,source_authority,true,not_available,alta,identificar fonte/autoridade rastreavel do evento,true,false,true
MRQ_01228,TGT_0198,geometry_type,true,polygon,alta,obter geometria oficial (ponto/poligono/bbox) do evento (trilha obter_geometria_oficial),true,true,true
MRQ_01229,TGT_0198,patch_id,true,not_available,media,resolver o patch REV-P correspondente (trilha resolver_patch_link),true,false,true
MRQ_01230,TGT_0198,patch_link_quality,true,not_available,alta,produzir vinculo espacial forte com o patch (trilha resolver_patch_link),true,false,true
MRQ_01231,TGT_0198,uncertainty_m,true,not_available,media,estimar incerteza espacial em metros (trilha estimar_incerteza_espacial),true,false,true
MRQ_01232,TGT_0198,qa_status,true,not_available,alta,executar QA humano e registrar aceite (trilha executar_qa_humano),true,true,true
MRQ_01233,TGT_0198,phenomenon_type,true,unknown,alta,confirmar e separar o fenomeno de inundacao (trilha separar_fenomeno),true,true,true
MRQ_01234,TGT_0199,event_date,true,not_available,alta,resolver data do evento em registro oficial/documental (trilha resolver_data_evento),true,false,true
MRQ_01235,TGT_0199,source_authority,true,not_available,alta,identificar fonte/autoridade rastreavel do evento,true,false,true
MRQ_01236,TGT_0199,geometry_type,true,point_set,alta,obter geometria oficial (ponto/poligono/bbox) do evento (trilha obter_geometria_oficial),true,true,true
MRQ_01237,TGT_0199,patch_id,true,not_available,media,resolver o patch REV-P correspondente (trilha resolver_patch_link),true,false,true
MRQ_01238,TGT_0199,patch_link_quality,true,not_available,alta,produzir vinculo espacial forte com o patch (trilha resolver_patch_link),true,false,true
MRQ_01239,TGT_0199,uncertainty_m,true,not_available,media,estimar incerteza espacial em metros (trilha estimar_incerteza_espacial),true,false,true
MRQ_01240,TGT_0199,qa_status,true,not_available,alta,executar QA humano e registrar aceite (trilha executar_qa_humano),true,true,true
MRQ_01241,TGT_0199,phenomenon_type,true,unknown,alta,confirmar e separar o fenomeno de inundacao (trilha separar_fenomeno),true,true,true
MRQ_01242,TGT_0200,event_date,true,not_available,alta,resolver data do evento em registro oficial/documental (trilha resolver_data_evento),true,false,true
MRQ_01243,TGT_0200,source_authority,true,not_available,alta,identificar fonte/autoridade rastreavel do evento,true,false,true
MRQ_01244,TGT_0200,geometry_type,true,point_set,alta,obter geometria oficial (ponto/poligono/bbox) do evento (trilha obter_geometria_oficial),true,true,true
MRQ_01245,TGT_0200,patch_id,true,not_available,media,resolver o patch REV-P correspondente (trilha resolver_patch_link),true,false,true
MRQ_01246,TGT_0200,patch_link_quality,true,not_available,alta,produzir vinculo espacial forte com o patch (trilha resolver_patch_link),true,false,true
MRQ_01247,TGT_0200,uncertainty_m,true,not_available,media,estimar incerteza espacial em metros (trilha estimar_incerteza_espacial),true,false,true
MRQ_01248,TGT_0200,qa_status,true,not_available,alta,executar QA humano e registrar aceite (trilha executar_qa_humano),true,true,true
MRQ_01249,TGT_0201,event_date,true,not_available,alta,resolver data do evento em registro oficial/documental (trilha resolver_data_evento),true,false,true
MRQ_01250,TGT_0201,source_authority,true,not_available,alta,identificar fonte/autoridade rastreavel do evento,true,false,true
MRQ_01251,TGT_0201,geometry_type,true,point_set,alta,obter geometria oficial (ponto/poligono/bbox) do evento (trilha obter_geometria_oficial),true,true,true
MRQ_01252,TGT_0201,patch_id,true,not_available,media,resolver o patch REV-P correspondente (trilha resolver_patch_link),true,false,true
MRQ_01253,TGT_0201,patch_link_quality,true,not_available,alta,produzir vinculo espacial forte com o patch (trilha resolver_patch_link),true,false,true
MRQ_01254,TGT_0201,uncertainty_m,true,not_available,media,estimar incerteza espacial em metros (trilha estimar_incerteza_espacial),true,false,true
MRQ_01255,TGT_0201,qa_status,true,not_available,alta,executar QA humano e registrar aceite (trilha executar_qa_humano),true,true,true
MRQ_01256,TGT_0202,event_date,true,not_available,alta,resolver data do evento em registro oficial/documental (trilha resolver_data_evento),true,false,true
MRQ_01257,TGT_0202,source_authority,true,not_available,alta,identificar fonte/autoridade rastreavel do evento,true,false,true
MRQ_01258,TGT_0202,geometry_type,true,point_set,alta,obter geometria oficial (ponto/poligono/bbox) do evento (trilha obter_geometria_oficial),true,true,true
MRQ_01259,TGT_0202,patch_id,true,not_available,media,resolver o patch REV-P correspondente (trilha resolver_patch_link),true,false,true
MRQ_01260,TGT_0202,patch_link_quality,true,not_available,alta,produzir vinculo espacial forte com o patch (trilha resolver_patch_link),true,false,true
MRQ_01261,TGT_0202,uncertainty_m,true,not_available,media,estimar incerteza espacial em metros (trilha estimar_incerteza_espacial),true,false,true
MRQ_01262,TGT_0202,qa_status,true,not_available,alta,executar QA humano e registrar aceite (trilha executar_qa_humano),true,true,true
MRQ_01263,TGT_0203,event_date,true,not_available,alta,resolver data do evento em registro oficial/documental (trilha resolver_data_evento),true,false,true
MRQ_01264,TGT_0203,source_authority,true,not_available,alta,identificar fonte/autoridade rastreavel do evento,true,false,true
MRQ_01265,TGT_0203,geometry_type,true,point_set,alta,obter geometria oficial (ponto/poligono/bbox) do evento (trilha obter_geometria_oficial),true,true,true
MRQ_01266,TGT_0203,patch_id,true,not_available,media,resolver o patch REV-P correspondente (trilha resolver_patch_link),true,false,true
MRQ_01267,TGT_0203,patch_link_quality,true,not_available,alta,produzir vinculo espacial forte com o patch (trilha resolver_patch_link),true,false,true
MRQ_01268,TGT_0203,uncertainty_m,true,not_available,media,estimar incerteza espacial em metros (trilha estimar_incerteza_espacial),true,false,true
MRQ_01269,TGT_0203,qa_status,true,not_available,alta,executar QA humano e registrar aceite (trilha executar_qa_humano),true,true,true
MRQ_01270,TGT_0204,event_date,true,not_available,alta,resolver data do evento em registro oficial/documental (trilha resolver_data_evento),true,false,true
MRQ_01271,TGT_0204,source_authority,true,not_available,alta,identificar fonte/autoridade rastreavel do evento,true,false,true
MRQ_01272,TGT_0204,geometry_type,true,point_set,alta,obter geometria oficial (ponto/poligono/bbox) do evento (trilha obter_geometria_oficial),true,true,true
MRQ_01273,TGT_0204,patch_id,true,not_available,media,resolver o patch REV-P correspondente (trilha resolver_patch_link),true,false,true
MRQ_01274,TGT_0204,patch_link_quality,true,not_available,alta,produzir vinculo espacial forte com o patch (trilha resolver_patch_link),true,false,true
MRQ_01275,TGT_0204,uncertainty_m,true,not_available,media,estimar incerteza espacial em metros (trilha estimar_incerteza_espacial),true,false,true
MRQ_01276,TGT_0204,qa_status,true,not_available,alta,executar QA humano e registrar aceite (trilha executar_qa_humano),true,true,true
MRQ_01277,TGT_0204,phenomenon_type,true,unknown,alta,confirmar e separar o fenomeno de inundacao (trilha separar_fenomeno),true,true,true
MRQ_01278,TGT_0205,event_date,true,not_available,alta,resolver data do evento em registro oficial/documental (trilha resolver_data_evento),true,false,true
MRQ_01279,TGT_0205,source_authority,true,not_available,alta,identificar fonte/autoridade rastreavel do evento,true,false,true
MRQ_01280,TGT_0205,geometry_type,true,point_set,alta,obter geometria oficial (ponto/poligono/bbox) do evento (trilha obter_geometria_oficial),true,true,true
MRQ_01281,TGT_0205,patch_id,true,not_available,media,resolver o patch REV-P correspondente (trilha resolver_patch_link),true,false,true
MRQ_01282,TGT_0205,patch_link_quality,true,not_available,alta,produzir vinculo espacial forte com o patch (trilha resolver_patch_link),true,false,true
MRQ_01283,TGT_0205,uncertainty_m,true,not_available,media,estimar incerteza espacial em metros (trilha estimar_incerteza_espacial),true,false,true
MRQ_01284,TGT_0205,qa_status,true,not_available,alta,executar QA humano e registrar aceite (trilha executar_qa_humano),true,true,true
MRQ_01285,TGT_0205,phenomenon_type,true,unknown,alta,confirmar e separar o fenomeno de inundacao (trilha separar_fenomeno),true,true,true
MRQ_01286,TGT_0206,event_date,true,not_available,alta,resolver data do evento em registro oficial/documental (trilha resolver_data_evento),true,false,true
MRQ_01287,TGT_0206,source_authority,true,not_available,alta,identificar fonte/autoridade rastreavel do evento,true,false,true
MRQ_01288,TGT_0206,geometry_type,true,point_set,alta,obter geometria oficial (ponto/poligono/bbox) do evento (trilha obter_geometria_oficial),true,true,true
MRQ_01289,TGT_0206,patch_id,true,not_available,media,resolver o patch REV-P correspondente (trilha resolver_patch_link),true,false,true
MRQ_01290,TGT_0206,patch_link_quality,true,not_available,alta,produzir vinculo espacial forte com o patch (trilha resolver_patch_link),true,false,true
MRQ_01291,TGT_0206,uncertainty_m,true,not_available,media,estimar incerteza espacial em metros (trilha estimar_incerteza_espacial),true,false,true
MRQ_01292,TGT_0206,qa_status,true,not_available,alta,executar QA humano e registrar aceite (trilha executar_qa_humano),true,true,true
MRQ_01293,TGT_0206,phenomenon_type,true,unknown,alta,confirmar e separar o fenomeno de inundacao (trilha separar_fenomeno),true,true,true
MRQ_01294,TGT_0207,event_date,true,not_available,alta,resolver data do evento em registro oficial/documental (trilha resolver_data_evento),true,false,true
MRQ_01295,TGT_0207,source_authority,true,not_available,alta,identificar fonte/autoridade rastreavel do evento,true,false,true
MRQ_01296,TGT_0207,geometry_type,true,bbox,alta,obter geometria oficial (ponto/poligono/bbox) do evento (trilha obter_geometria_oficial),true,true,true
MRQ_01297,TGT_0207,patch_id,true,not_available,media,resolver o patch REV-P correspondente (trilha resolver_patch_link),true,false,true
MRQ_01298,TGT_0207,patch_link_quality,true,not_available,alta,produzir vinculo espacial forte com o patch (trilha resolver_patch_link),true,false,true
MRQ_01299,TGT_0207,uncertainty_m,true,not_available,media,estimar incerteza espacial em metros (trilha estimar_incerteza_espacial),true,false,true
MRQ_01300,TGT_0207,qa_status,true,not_available,alta,executar QA humano e registrar aceite (trilha executar_qa_humano),true,true,true
MRQ_01301,TGT_0207,phenomenon_type,true,urban_flooding,alta,confirmar e separar o fenomeno de inundacao (trilha separar_fenomeno),true,true,true
MRQ_01302,TGT_0208,event_date,true,not_available,alta,resolver data do evento em registro oficial/documental (trilha resolver_data_evento),true,false,true
MRQ_01303,TGT_0208,source_authority,true,not_available,alta,identificar fonte/autoridade rastreavel do evento,true,false,true
MRQ_01304,TGT_0208,geometry_type,true,bbox,alta,obter geometria oficial (ponto/poligono/bbox) do evento (trilha obter_geometria_oficial),true,true,true
MRQ_01305,TGT_0208,patch_id,true,not_available,media,resolver o patch REV-P correspondente (trilha resolver_patch_link),true,false,true
MRQ_01306,TGT_0208,patch_link_quality,true,not_available,alta,produzir vinculo espacial forte com o patch (trilha resolver_patch_link),true,false,true
MRQ_01307,TGT_0208,uncertainty_m,true,not_available,media,estimar incerteza espacial em metros (trilha estimar_incerteza_espacial),true,false,true
MRQ_01308,TGT_0208,qa_status,true,not_available,alta,executar QA humano e registrar aceite (trilha executar_qa_humano),true,true,true
MRQ_01309,TGT_0208,phenomenon_type,true,urban_flooding,alta,confirmar e separar o fenomeno de inundacao (trilha separar_fenomeno),true,true,true
MRQ_01310,TGT_0209,event_date,true,not_available,alta,resolver data do evento em registro oficial/documental (trilha resolver_data_evento),true,false,true
MRQ_01311,TGT_0209,source_authority,true,not_available,alta,identificar fonte/autoridade rastreavel do evento,true,false,true
MRQ_01312,TGT_0209,geometry_type,true,bbox,alta,obter geometria oficial (ponto/poligono/bbox) do evento (trilha obter_geometria_oficial),true,true,true
MRQ_01313,TGT_0209,patch_id,true,not_available,media,resolver o patch REV-P correspondente (trilha resolver_patch_link),true,false,true
MRQ_01314,TGT_0209,patch_link_quality,true,not_available,alta,produzir vinculo espacial forte com o patch (trilha resolver_patch_link),true,false,true
MRQ_01315,TGT_0209,uncertainty_m,true,not_available,media,estimar incerteza espacial em metros (trilha estimar_incerteza_espacial),true,false,true
MRQ_01316,TGT_0209,qa_status,true,not_available,alta,executar QA humano e registrar aceite (trilha executar_qa_humano),true,true,true
MRQ_01317,TGT_0209,phenomenon_type,true,urban_flooding,alta,confirmar e separar o fenomeno de inundacao (trilha separar_fenomeno),true,true,true
MRQ_01318,TGT_0210,event_date,true,not_available,alta,resolver data do evento em registro oficial/documental (trilha resolver_data_evento),true,false,true
MRQ_01319,TGT_0210,source_authority,true,not_available,alta,identificar fonte/autoridade rastreavel do evento,true,false,true
MRQ_01320,TGT_0210,geometry_type,true,bbox,alta,obter geometria oficial (ponto/poligono/bbox) do evento (trilha obter_geometria_oficial),true,true,true
MRQ_01321,TGT_0210,patch_id,true,not_available,media,resolver o patch REV-P correspondente (trilha resolver_patch_link),true,false,true
MRQ_01322,TGT_0210,patch_link_quality,true,not_available,alta,produzir vinculo espacial forte com o patch (trilha resolver_patch_link),true,false,true
MRQ_01323,TGT_0210,uncertainty_m,true,not_available,media,estimar incerteza espacial em metros (trilha estimar_incerteza_espacial),true,false,true
MRQ_01324,TGT_0210,qa_status,true,not_available,alta,executar QA humano e registrar aceite (trilha executar_qa_humano),true,true,true
MRQ_01325,TGT_0210,phenomenon_type,true,urban_flooding,alta,confirmar e separar o fenomeno de inundacao (trilha separar_fenomeno),true,true,true
MRQ_01326,TGT_0211,event_date,true,not_available,alta,resolver data do evento em registro oficial/documental (trilha resolver_data_evento),true,false,true
MRQ_01327,TGT_0211,source_authority,true,not_available,alta,identificar fonte/autoridade rastreavel do evento,true,false,true
MRQ_01328,TGT_0211,geometry_type,true,bbox,alta,obter geometria oficial (ponto/poligono/bbox) do evento (trilha obter_geometria_oficial),true,true,true
MRQ_01329,TGT_0211,patch_id,true,not_available,media,resolver o patch REV-P correspondente (trilha resolver_patch_link),true,false,true
MRQ_01330,TGT_0211,patch_link_quality,true,not_available,alta,produzir vinculo espacial forte com o patch (trilha resolver_patch_link),true,false,true
MRQ_01331,TGT_0211,uncertainty_m,true,not_available,media,estimar incerteza espacial em metros (trilha estimar_incerteza_espacial),true,false,true
MRQ_01332,TGT_0211,qa_status,true,not_available,alta,executar QA humano e registrar aceite (trilha executar_qa_humano),true,true,true
MRQ_01333,TGT_0211,phenomenon_type,true,urban_flooding,alta,confirmar e separar o fenomeno de inundacao (trilha separar_fenomeno),true,true,true
MRQ_01334,TGT_0212,event_date,true,not_available,alta,resolver data do evento em registro oficial/documental (trilha resolver_data_evento),true,false,true
MRQ_01335,TGT_0212,source_authority,true,not_available,alta,identificar fonte/autoridade rastreavel do evento,true,false,true
MRQ_01336,TGT_0212,geometry_type,true,bbox,alta,obter geometria oficial (ponto/poligono/bbox) do evento (trilha obter_geometria_oficial),true,true,true
MRQ_01337,TGT_0212,patch_id,true,not_available,media,resolver o patch REV-P correspondente (trilha resolver_patch_link),true,false,true
MRQ_01338,TGT_0212,patch_link_quality,true,not_available,alta,produzir vinculo espacial forte com o patch (trilha resolver_patch_link),true,false,true
MRQ_01339,TGT_0212,uncertainty_m,true,not_available,media,estimar incerteza espacial em metros (trilha estimar_incerteza_espacial),true,false,true
MRQ_01340,TGT_0212,qa_status,true,not_available,alta,executar QA humano e registrar aceite (trilha executar_qa_humano),true,true,true
MRQ_01341,TGT_0212,phenomenon_type,true,urban_flooding,alta,confirmar e separar o fenomeno de inundacao (trilha separar_fenomeno),true,true,true
MRQ_01342,TGT_0213,event_date,true,not_available,alta,resolver data do evento em registro oficial/documental (trilha resolver_data_evento),true,false,true
MRQ_01343,TGT_0213,source_authority,true,not_available,alta,identificar fonte/autoridade rastreavel do evento,true,false,true
MRQ_01344,TGT_0213,geometry_type,true,bbox,alta,obter geometria oficial (ponto/poligono/bbox) do evento (trilha obter_geometria_oficial),true,true,true
MRQ_01345,TGT_0213,patch_id,true,not_available,media,resolver o patch REV-P correspondente (trilha resolver_patch_link),true,false,true
MRQ_01346,TGT_0213,patch_link_quality,true,not_available,alta,produzir vinculo espacial forte com o patch (trilha resolver_patch_link),true,false,true
MRQ_01347,TGT_0213,uncertainty_m,true,not_available,media,estimar incerteza espacial em metros (trilha estimar_incerteza_espacial),true,false,true
MRQ_01348,TGT_0213,qa_status,true,not_available,alta,executar QA humano e registrar aceite (trilha executar_qa_humano),true,true,true
MRQ_01349,TGT_0213,phenomenon_type,true,urban_flooding,alta,confirmar e separar o fenomeno de inundacao (trilha separar_fenomeno),true,true,true
MRQ_01350,TGT_0214,event_date,true,not_available,alta,resolver data do evento em registro oficial/documental (trilha resolver_data_evento),true,false,true
MRQ_01351,TGT_0214,source_authority,true,not_available,alta,identificar fonte/autoridade rastreavel do evento,true,false,true
MRQ_01352,TGT_0214,geometry_type,true,bbox,alta,obter geometria oficial (ponto/poligono/bbox) do evento (trilha obter_geometria_oficial),true,true,true
MRQ_01353,TGT_0214,patch_id,true,not_available,media,resolver o patch REV-P correspondente (trilha resolver_patch_link),true,false,true
MRQ_01354,TGT_0214,patch_link_quality,true,not_available,alta,produzir vinculo espacial forte com o patch (trilha resolver_patch_link),true,false,true
MRQ_01355,TGT_0214,uncertainty_m,true,not_available,media,estimar incerteza espacial em metros (trilha estimar_incerteza_espacial),true,false,true
MRQ_01356,TGT_0214,qa_status,true,not_available,alta,executar QA humano e registrar aceite (trilha executar_qa_humano),true,true,true
MRQ_01357,TGT_0214,phenomenon_type,true,urban_flooding,alta,confirmar e separar o fenomeno de inundacao (trilha separar_fenomeno),true,true,true
MRQ_01358,TGT_0215,event_date,true,not_available,alta,resolver data do evento em registro oficial/documental (trilha resolver_data_evento),true,false,true
MRQ_01359,TGT_0215,source_authority,true,not_available,alta,identificar fonte/autoridade rastreavel do evento,true,false,true
MRQ_01360,TGT_0215,geometry_type,true,bbox,alta,obter geometria oficial (ponto/poligono/bbox) do evento (trilha obter_geometria_oficial),true,true,true
MRQ_01361,TGT_0215,patch_id,true,not_available,media,resolver o patch REV-P correspondente (trilha resolver_patch_link),true,false,true
MRQ_01362,TGT_0215,patch_link_quality,true,not_available,alta,produzir vinculo espacial forte com o patch (trilha resolver_patch_link),true,false,true
MRQ_01363,TGT_0215,uncertainty_m,true,not_available,media,estimar incerteza espacial em metros (trilha estimar_incerteza_espacial),true,false,true
MRQ_01364,TGT_0215,qa_status,true,not_available,alta,executar QA humano e registrar aceite (trilha executar_qa_humano),true,true,true
MRQ_01365,TGT_0215,phenomenon_type,true,urban_flooding,alta,confirmar e separar o fenomeno de inundacao (trilha separar_fenomeno),true,true,true
MRQ_01366,TGT_0216,event_date,true,not_available,alta,resolver data do evento em registro oficial/documental (trilha resolver_data_evento),true,false,true
MRQ_01367,TGT_0216,source_authority,true,not_available,alta,identificar fonte/autoridade rastreavel do evento,true,false,true
MRQ_01368,TGT_0216,geometry_type,true,bbox,alta,obter geometria oficial (ponto/poligono/bbox) do evento (trilha obter_geometria_oficial),true,true,true
MRQ_01369,TGT_0216,patch_id,true,not_available,media,resolver o patch REV-P correspondente (trilha resolver_patch_link),true,false,true
MRQ_01370,TGT_0216,patch_link_quality,true,not_available,alta,produzir vinculo espacial forte com o patch (trilha resolver_patch_link),true,false,true
MRQ_01371,TGT_0216,uncertainty_m,true,not_available,media,estimar incerteza espacial em metros (trilha estimar_incerteza_espacial),true,false,true
MRQ_01372,TGT_0216,qa_status,true,not_available,alta,executar QA humano e registrar aceite (trilha executar_qa_humano),true,true,true
MRQ_01373,TGT_0216,phenomenon_type,true,urban_flooding,alta,confirmar e separar o fenomeno de inundacao (trilha separar_fenomeno),true,true,true
MRQ_01374,TGT_0217,event_date,true,not_available,alta,resolver data do evento em registro oficial/documental (trilha resolver_data_evento),true,false,true
MRQ_01375,TGT_0217,source_authority,true,not_available,alta,identificar fonte/autoridade rastreavel do evento,true,false,true
MRQ_01376,TGT_0217,geometry_type,true,bbox,alta,obter geometria oficial (ponto/poligono/bbox) do evento (trilha obter_geometria_oficial),true,true,true
MRQ_01377,TGT_0217,patch_id,true,not_available,media,resolver o patch REV-P correspondente (trilha resolver_patch_link),true,false,true
MRQ_01378,TGT_0217,patch_link_quality,true,not_available,alta,produzir vinculo espacial forte com o patch (trilha resolver_patch_link),true,false,true
MRQ_01379,TGT_0217,uncertainty_m,true,not_available,media,estimar incerteza espacial em metros (trilha estimar_incerteza_espacial),true,false,true
MRQ_01380,TGT_0217,qa_status,true,not_available,alta,executar QA humano e registrar aceite (trilha executar_qa_humano),true,true,true
MRQ_01381,TGT_0217,phenomenon_type,true,urban_flooding,alta,confirmar e separar o fenomeno de inundacao (trilha separar_fenomeno),true,true,true
MRQ_01382,TGT_0218,event_date,true,not_available,alta,resolver data do evento em registro oficial/documental (trilha resolver_data_evento),true,false,true
MRQ_01383,TGT_0218,source_authority,true,not_available,alta,identificar fonte/autoridade rastreavel do evento,true,false,true
MRQ_01384,TGT_0218,geometry_type,true,bbox,alta,obter geometria oficial (ponto/poligono/bbox) do evento (trilha obter_geometria_oficial),true,true,true
MRQ_01385,TGT_0218,patch_id,true,not_available,media,resolver o patch REV-P correspondente (trilha resolver_patch_link),true,false,true
MRQ_01386,TGT_0218,patch_link_quality,true,not_available,alta,produzir vinculo espacial forte com o patch (trilha resolver_patch_link),true,false,true
MRQ_01387,TGT_0218,uncertainty_m,true,not_available,media,estimar incerteza espacial em metros (trilha estimar_incerteza_espacial),true,false,true
MRQ_01388,TGT_0218,qa_status,true,not_available,alta,executar QA humano e registrar aceite (trilha executar_qa_humano),true,true,true
MRQ_01389,TGT_0218,phenomenon_type,true,urban_flooding,alta,confirmar e separar o fenomeno de inundacao (trilha separar_fenomeno),true,true,true
MRQ_01390,TGT_0219,event_date,true,not_available,alta,resolver data do evento em registro oficial/documental (trilha resolver_data_evento),true,false,true
MRQ_01391,TGT_0219,source_authority,true,not_available,alta,identificar fonte/autoridade rastreavel do evento,true,false,true
MRQ_01392,TGT_0219,geometry_type,true,bbox,alta,obter geometria oficial (ponto/poligono/bbox) do evento (trilha obter_geometria_oficial),true,true,true
MRQ_01393,TGT_0219,patch_id,true,not_available,media,resolver o patch REV-P correspondente (trilha resolver_patch_link),true,false,true
MRQ_01394,TGT_0219,patch_link_quality,true,not_available,alta,produzir vinculo espacial forte com o patch (trilha resolver_patch_link),true,false,true
MRQ_01395,TGT_0219,uncertainty_m,true,not_available,media,estimar incerteza espacial em metros (trilha estimar_incerteza_espacial),true,false,true
MRQ_01396,TGT_0219,qa_status,true,not_available,alta,executar QA humano e registrar aceite (trilha executar_qa_humano),true,true,true
MRQ_01397,TGT_0219,phenomenon_type,true,urban_flooding,alta,confirmar e separar o fenomeno de inundacao (trilha separar_fenomeno),true,true,true
MRQ_01398,TGT_0220,event_date,true,not_available,alta,resolver data do evento em registro oficial/documental (trilha resolver_data_evento),true,false,true
MRQ_01399,TGT_0220,source_authority,true,not_available,alta,identificar fonte/autoridade rastreavel do evento,true,false,true
MRQ_01400,TGT_0220,geometry_type,true,bbox,alta,obter geometria oficial (ponto/poligono/bbox) do evento (trilha obter_geometria_oficial),true,true,true
MRQ_01401,TGT_0220,patch_id,true,not_available,media,resolver o patch REV-P correspondente (trilha resolver_patch_link),true,false,true
MRQ_01402,TGT_0220,patch_link_quality,true,not_available,alta,produzir vinculo espacial forte com o patch (trilha resolver_patch_link),true,false,true
MRQ_01403,TGT_0220,uncertainty_m,true,not_available,media,estimar incerteza espacial em metros (trilha estimar_incerteza_espacial),true,false,true
MRQ_01404,TGT_0220,qa_status,true,not_available,alta,executar QA humano e registrar aceite (trilha executar_qa_humano),true,true,true
MRQ_01405,TGT_0220,phenomenon_type,true,urban_flooding,alta,confirmar e separar o fenomeno de inundacao (trilha separar_fenomeno),true,true,true
MRQ_01406,TGT_0221,event_date,true,not_available,alta,resolver data do evento em registro oficial/documental (trilha resolver_data_evento),true,false,true
MRQ_01407,TGT_0221,source_authority,true,not_available,alta,identificar fonte/autoridade rastreavel do evento,true,false,true
MRQ_01408,TGT_0221,geometry_type,true,bbox,alta,obter geometria oficial (ponto/poligono/bbox) do evento (trilha obter_geometria_oficial),true,true,true
MRQ_01409,TGT_0221,patch_id,true,not_available,media,resolver o patch REV-P correspondente (trilha resolver_patch_link),true,false,true
MRQ_01410,TGT_0221,patch_link_quality,true,not_available,alta,produzir vinculo espacial forte com o patch (trilha resolver_patch_link),true,false,true
MRQ_01411,TGT_0221,uncertainty_m,true,not_available,media,estimar incerteza espacial em metros (trilha estimar_incerteza_espacial),true,false,true
MRQ_01412,TGT_0221,qa_status,true,not_available,alta,executar QA humano e registrar aceite (trilha executar_qa_humano),true,true,true
MRQ_01413,TGT_0221,phenomenon_type,true,urban_flooding,alta,confirmar e separar o fenomeno de inundacao (trilha separar_fenomeno),true,true,true
MRQ_01414,TGT_0222,event_date,true,not_available,alta,resolver data do evento em registro oficial/documental (trilha resolver_data_evento),true,false,true
MRQ_01415,TGT_0222,source_authority,true,not_available,alta,identificar fonte/autoridade rastreavel do evento,true,false,true
MRQ_01416,TGT_0222,geometry_type,true,bbox,alta,obter geometria oficial (ponto/poligono/bbox) do evento (trilha obter_geometria_oficial),true,true,true
MRQ_01417,TGT_0222,patch_id,true,not_available,media,resolver o patch REV-P correspondente (trilha resolver_patch_link),true,false,true
MRQ_01418,TGT_0222,patch_link_quality,true,not_available,alta,produzir vinculo espacial forte com o patch (trilha resolver_patch_link),true,false,true
MRQ_01419,TGT_0222,uncertainty_m,true,not_available,media,estimar incerteza espacial em metros (trilha estimar_incerteza_espacial),true,false,true
MRQ_01420,TGT_0222,qa_status,true,not_available,alta,executar QA humano e registrar aceite (trilha executar_qa_humano),true,true,true
MRQ_01421,TGT_0222,phenomenon_type,true,urban_flooding,alta,confirmar e separar o fenomeno de inundacao (trilha separar_fenomeno),true,true,true
MRQ_01422,TGT_0223,event_date,true,not_available,alta,resolver data do evento em registro oficial/documental (trilha resolver_data_evento),true,false,true
MRQ_01423,TGT_0223,source_authority,true,not_available,alta,identificar fonte/autoridade rastreavel do evento,true,false,true
MRQ_01424,TGT_0223,geometry_type,true,bbox,alta,obter geometria oficial (ponto/poligono/bbox) do evento (trilha obter_geometria_oficial),true,true,true
MRQ_01425,TGT_0223,patch_id,true,not_available,media,resolver o patch REV-P correspondente (trilha resolver_patch_link),true,false,true
MRQ_01426,TGT_0223,patch_link_quality,true,not_available,alta,produzir vinculo espacial forte com o patch (trilha resolver_patch_link),true,false,true
MRQ_01427,TGT_0223,uncertainty_m,true,not_available,media,estimar incerteza espacial em metros (trilha estimar_incerteza_espacial),true,false,true
MRQ_01428,TGT_0223,qa_status,true,not_available,alta,executar QA humano e registrar aceite (trilha executar_qa_humano),true,true,true
MRQ_01429,TGT_0223,phenomenon_type,true,urban_flooding,alta,confirmar e separar o fenomeno de inundacao (trilha separar_fenomeno),true,true,true
MRQ_01430,TGT_0224,event_date,true,not_available,alta,resolver data do evento em registro oficial/documental (trilha resolver_data_evento),true,false,true
MRQ_01431,TGT_0224,source_authority,true,not_available,alta,identificar fonte/autoridade rastreavel do evento,true,false,true
MRQ_01432,TGT_0224,geometry_type,true,bbox,alta,obter geometria oficial (ponto/poligono/bbox) do evento (trilha obter_geometria_oficial),true,true,true
MRQ_01433,TGT_0224,patch_id,true,not_available,media,resolver o patch REV-P correspondente (trilha resolver_patch_link),true,false,true
MRQ_01434,TGT_0224,patch_link_quality,true,not_available,alta,produzir vinculo espacial forte com o patch (trilha resolver_patch_link),true,false,true
MRQ_01435,TGT_0224,uncertainty_m,true,not_available,media,estimar incerteza espacial em metros (trilha estimar_incerteza_espacial),true,false,true
MRQ_01436,TGT_0224,qa_status,true,not_available,alta,executar QA humano e registrar aceite (trilha executar_qa_humano),true,true,true
MRQ_01437,TGT_0224,phenomenon_type,true,urban_flooding,alta,confirmar e separar o fenomeno de inundacao (trilha separar_fenomeno),true,true,true
MRQ_01438,TGT_0225,event_date,true,not_available,alta,resolver data do evento em registro oficial/documental (trilha resolver_data_evento),true,false,true
MRQ_01439,TGT_0225,source_authority,true,not_available,alta,identificar fonte/autoridade rastreavel do evento,true,false,true
MRQ_01440,TGT_0225,geometry_type,true,bbox,alta,obter geometria oficial (ponto/poligono/bbox) do evento (trilha obter_geometria_oficial),true,true,true
MRQ_01441,TGT_0225,patch_id,true,not_available,media,resolver o patch REV-P correspondente (trilha resolver_patch_link),true,false,true
MRQ_01442,TGT_0225,patch_link_quality,true,not_available,alta,produzir vinculo espacial forte com o patch (trilha resolver_patch_link),true,false,true
MRQ_01443,TGT_0225,uncertainty_m,true,not_available,media,estimar incerteza espacial em metros (trilha estimar_incerteza_espacial),true,false,true
MRQ_01444,TGT_0225,qa_status,true,not_available,alta,executar QA humano e registrar aceite (trilha executar_qa_humano),true,true,true
MRQ_01445,TGT_0225,phenomenon_type,true,urban_flooding,alta,confirmar e separar o fenomeno de inundacao (trilha separar_fenomeno),true,true,true
MRQ_01446,TGT_0226,event_date,true,not_available,alta,resolver data do evento em registro oficial/documental (trilha resolver_data_evento),true,false,true
MRQ_01447,TGT_0226,source_authority,true,not_available,alta,identificar fonte/autoridade rastreavel do evento,true,false,true
MRQ_01448,TGT_0226,geometry_type,true,bbox,alta,obter geometria oficial (ponto/poligono/bbox) do evento (trilha obter_geometria_oficial),true,true,true
MRQ_01449,TGT_0226,patch_id,true,not_available,media,resolver o patch REV-P correspondente (trilha resolver_patch_link),true,false,true
MRQ_01450,TGT_0226,patch_link_quality,true,not_available,alta,produzir vinculo espacial forte com o patch (trilha resolver_patch_link),true,false,true
MRQ_01451,TGT_0226,uncertainty_m,true,not_available,media,estimar incerteza espacial em metros (trilha estimar_incerteza_espacial),true,false,true
MRQ_01452,TGT_0226,qa_status,true,not_available,alta,executar QA humano e registrar aceite (trilha executar_qa_humano),true,true,true
MRQ_01453,TGT_0226,phenomenon_type,true,urban_flooding,alta,confirmar e separar o fenomeno de inundacao (trilha separar_fenomeno),true,true,true
MRQ_01454,TGT_0227,event_date,true,not_available,alta,resolver data do evento em registro oficial/documental (trilha resolver_data_evento),true,false,true
MRQ_01455,TGT_0227,source_authority,true,not_available,alta,identificar fonte/autoridade rastreavel do evento,true,false,true
MRQ_01456,TGT_0227,geometry_type,true,bbox,alta,obter geometria oficial (ponto/poligono/bbox) do evento (trilha obter_geometria_oficial),true,true,true
MRQ_01457,TGT_0227,patch_id,true,not_available,media,resolver o patch REV-P correspondente (trilha resolver_patch_link),true,false,true
MRQ_01458,TGT_0227,patch_link_quality,true,not_available,alta,produzir vinculo espacial forte com o patch (trilha resolver_patch_link),true,false,true
MRQ_01459,TGT_0227,uncertainty_m,true,not_available,media,estimar incerteza espacial em metros (trilha estimar_incerteza_espacial),true,false,true
MRQ_01460,TGT_0227,qa_status,true,not_available,alta,executar QA humano e registrar aceite (trilha executar_qa_humano),true,true,true
MRQ_01461,TGT_0227,phenomenon_type,true,urban_flooding,alta,confirmar e separar o fenomeno de inundacao (trilha separar_fenomeno),true,true,true
MRQ_01462,TGT_0228,event_date,true,not_available,alta,resolver data do evento em registro oficial/documental (trilha resolver_data_evento),true,false,true
MRQ_01463,TGT_0228,source_authority,true,not_available,alta,identificar fonte/autoridade rastreavel do evento,true,false,true
MRQ_01464,TGT_0228,geometry_type,true,bbox,alta,obter geometria oficial (ponto/poligono/bbox) do evento (trilha obter_geometria_oficial),true,true,true
MRQ_01465,TGT_0228,patch_id,true,not_available,media,resolver o patch REV-P correspondente (trilha resolver_patch_link),true,false,true
MRQ_01466,TGT_0228,patch_link_quality,true,not_available,alta,produzir vinculo espacial forte com o patch (trilha resolver_patch_link),true,false,true
MRQ_01467,TGT_0228,uncertainty_m,true,not_available,media,estimar incerteza espacial em metros (trilha estimar_incerteza_espacial),true,false,true
MRQ_01468,TGT_0228,qa_status,true,not_available,alta,executar QA humano e registrar aceite (trilha executar_qa_humano),true,true,true
MRQ_01469,TGT_0228,phenomenon_type,true,urban_flooding,alta,confirmar e separar o fenomeno de inundacao (trilha separar_fenomeno),true,true,true
MRQ_01470,TGT_0229,event_date,true,not_available,alta,resolver data do evento em registro oficial/documental (trilha resolver_data_evento),true,false,true
MRQ_01471,TGT_0229,source_authority,true,not_available,alta,identificar fonte/autoridade rastreavel do evento,true,false,true
MRQ_01472,TGT_0229,geometry_type,true,bbox,alta,obter geometria oficial (ponto/poligono/bbox) do evento (trilha obter_geometria_oficial),true,true,true
MRQ_01473,TGT_0229,patch_id,true,not_available,media,resolver o patch REV-P correspondente (trilha resolver_patch_link),true,false,true
MRQ_01474,TGT_0229,patch_link_quality,true,not_available,alta,produzir vinculo espacial forte com o patch (trilha resolver_patch_link),true,false,true
MRQ_01475,TGT_0229,uncertainty_m,true,not_available,media,estimar incerteza espacial em metros (trilha estimar_incerteza_espacial),true,false,true
MRQ_01476,TGT_0229,qa_status,true,not_available,alta,executar QA humano e registrar aceite (trilha executar_qa_humano),true,true,true
MRQ_01477,TGT_0229,phenomenon_type,true,urban_flooding,alta,confirmar e separar o fenomeno de inundacao (trilha separar_fenomeno),true,true,true
MRQ_01478,TGT_0230,event_date,true,not_available,alta,resolver data do evento em registro oficial/documental (trilha resolver_data_evento),true,false,true
MRQ_01479,TGT_0230,source_authority,true,not_available,alta,identificar fonte/autoridade rastreavel do evento,true,false,true
MRQ_01480,TGT_0230,geometry_type,true,bbox,alta,obter geometria oficial (ponto/poligono/bbox) do evento (trilha obter_geometria_oficial),true,true,true
MRQ_01481,TGT_0230,patch_id,true,not_available,media,resolver o patch REV-P correspondente (trilha resolver_patch_link),true,false,true
MRQ_01482,TGT_0230,patch_link_quality,true,not_available,alta,produzir vinculo espacial forte com o patch (trilha resolver_patch_link),true,false,true
MRQ_01483,TGT_0230,uncertainty_m,true,not_available,media,estimar incerteza espacial em metros (trilha estimar_incerteza_espacial),true,false,true
MRQ_01484,TGT_0230,qa_status,true,not_available,alta,executar QA humano e registrar aceite (trilha executar_qa_humano),true,true,true
MRQ_01485,TGT_0230,phenomenon_type,true,urban_flooding,alta,confirmar e separar o fenomeno de inundacao (trilha separar_fenomeno),true,true,true
MRQ_01486,TGT_0231,event_date,true,not_available,alta,resolver data do evento em registro oficial/documental (trilha resolver_data_evento),true,false,true
MRQ_01487,TGT_0231,source_authority,true,not_available,alta,identificar fonte/autoridade rastreavel do evento,true,false,true
MRQ_01488,TGT_0231,geometry_type,true,bbox,alta,obter geometria oficial (ponto/poligono/bbox) do evento (trilha obter_geometria_oficial),true,true,true
MRQ_01489,TGT_0231,patch_id,true,not_available,media,resolver o patch REV-P correspondente (trilha resolver_patch_link),true,false,true
MRQ_01490,TGT_0231,patch_link_quality,true,not_available,alta,produzir vinculo espacial forte com o patch (trilha resolver_patch_link),true,false,true
MRQ_01491,TGT_0231,uncertainty_m,true,not_available,media,estimar incerteza espacial em metros (trilha estimar_incerteza_espacial),true,false,true
MRQ_01492,TGT_0231,qa_status,true,not_available,alta,executar QA humano e registrar aceite (trilha executar_qa_humano),true,true,true
MRQ_01493,TGT_0231,phenomenon_type,true,urban_flooding,alta,confirmar e separar o fenomeno de inundacao (trilha separar_fenomeno),true,true,true
MRQ_01494,TGT_0232,event_date,true,not_available,alta,resolver data do evento em registro oficial/documental (trilha resolver_data_evento),true,false,true
MRQ_01495,TGT_0232,source_authority,true,not_available,alta,identificar fonte/autoridade rastreavel do evento,true,false,true
MRQ_01496,TGT_0232,geometry_type,true,bbox,alta,obter geometria oficial (ponto/poligono/bbox) do evento (trilha obter_geometria_oficial),true,true,true
MRQ_01497,TGT_0232,patch_id,true,not_available,media,resolver o patch REV-P correspondente (trilha resolver_patch_link),true,false,true
MRQ_01498,TGT_0232,patch_link_quality,true,not_available,alta,produzir vinculo espacial forte com o patch (trilha resolver_patch_link),true,false,true
MRQ_01499,TGT_0232,uncertainty_m,true,not_available,media,estimar incerteza espacial em metros (trilha estimar_incerteza_espacial),true,false,true
MRQ_01500,TGT_0232,qa_status,true,not_available,alta,executar QA humano e registrar aceite (trilha executar_qa_humano),true,true,true
MRQ_01501,TGT_0232,phenomenon_type,true,urban_flooding,alta,confirmar e separar o fenomeno de inundacao (trilha separar_fenomeno),true,true,true
MRQ_01502,TGT_0233,event_date,true,not_available,alta,resolver data do evento em registro oficial/documental (trilha resolver_data_evento),true,false,true
MRQ_01503,TGT_0233,source_authority,true,not_available,alta,identificar fonte/autoridade rastreavel do evento,true,false,true
MRQ_01504,TGT_0233,geometry_type,true,bbox,alta,obter geometria oficial (ponto/poligono/bbox) do evento (trilha obter_geometria_oficial),true,true,true
MRQ_01505,TGT_0233,patch_id,true,not_available,media,resolver o patch REV-P correspondente (trilha resolver_patch_link),true,false,true
MRQ_01506,TGT_0233,patch_link_quality,true,not_available,alta,produzir vinculo espacial forte com o patch (trilha resolver_patch_link),true,false,true
MRQ_01507,TGT_0233,uncertainty_m,true,not_available,media,estimar incerteza espacial em metros (trilha estimar_incerteza_espacial),true,false,true
MRQ_01508,TGT_0233,qa_status,true,not_available,alta,executar QA humano e registrar aceite (trilha executar_qa_humano),true,true,true
MRQ_01509,TGT_0233,phenomenon_type,true,urban_flooding,alta,confirmar e separar o fenomeno de inundacao (trilha separar_fenomeno),true,true,true
MRQ_01510,TGT_0234,event_date,true,not_available,alta,resolver data do evento em registro oficial/documental (trilha resolver_data_evento),true,false,true
MRQ_01511,TGT_0234,source_authority,true,not_available,alta,identificar fonte/autoridade rastreavel do evento,true,false,true
MRQ_01512,TGT_0234,geometry_type,true,bbox,alta,obter geometria oficial (ponto/poligono/bbox) do evento (trilha obter_geometria_oficial),true,true,true
MRQ_01513,TGT_0234,patch_id,true,not_available,media,resolver o patch REV-P correspondente (trilha resolver_patch_link),true,false,true
MRQ_01514,TGT_0234,patch_link_quality,true,not_available,alta,produzir vinculo espacial forte com o patch (trilha resolver_patch_link),true,false,true
MRQ_01515,TGT_0234,uncertainty_m,true,not_available,media,estimar incerteza espacial em metros (trilha estimar_incerteza_espacial),true,false,true
MRQ_01516,TGT_0234,qa_status,true,not_available,alta,executar QA humano e registrar aceite (trilha executar_qa_humano),true,true,true
MRQ_01517,TGT_0234,phenomenon_type,true,urban_flooding,alta,confirmar e separar o fenomeno de inundacao (trilha separar_fenomeno),true,true,true
MRQ_01518,TGT_0235,event_date,true,not_available,alta,resolver data do evento em registro oficial/documental (trilha resolver_data_evento),true,false,true
MRQ_01519,TGT_0235,source_authority,true,not_available,alta,identificar fonte/autoridade rastreavel do evento,true,false,true
MRQ_01520,TGT_0235,geometry_type,true,bbox,alta,obter geometria oficial (ponto/poligono/bbox) do evento (trilha obter_geometria_oficial),true,true,true
MRQ_01521,TGT_0235,patch_id,true,not_available,media,resolver o patch REV-P correspondente (trilha resolver_patch_link),true,false,true
MRQ_01522,TGT_0235,patch_link_quality,true,not_available,alta,produzir vinculo espacial forte com o patch (trilha resolver_patch_link),true,false,true
MRQ_01523,TGT_0235,uncertainty_m,true,not_available,media,estimar incerteza espacial em metros (trilha estimar_incerteza_espacial),true,false,true
MRQ_01524,TGT_0235,qa_status,true,not_available,alta,executar QA humano e registrar aceite (trilha executar_qa_humano),true,true,true
MRQ_01525,TGT_0235,phenomenon_type,true,urban_flooding,alta,confirmar e separar o fenomeno de inundacao (trilha separar_fenomeno),true,true,true
MRQ_01526,TGT_0236,event_date,true,not_available,alta,resolver data do evento em registro oficial/documental (trilha resolver_data_evento),true,false,true
MRQ_01527,TGT_0236,source_authority,true,not_available,alta,identificar fonte/autoridade rastreavel do evento,true,false,true
MRQ_01528,TGT_0236,geometry_type,true,bbox,alta,obter geometria oficial (ponto/poligono/bbox) do evento (trilha obter_geometria_oficial),true,true,true
MRQ_01529,TGT_0236,patch_id,true,not_available,media,resolver o patch REV-P correspondente (trilha resolver_patch_link),true,false,true
MRQ_01530,TGT_0236,patch_link_quality,true,not_available,alta,produzir vinculo espacial forte com o patch (trilha resolver_patch_link),true,false,true
MRQ_01531,TGT_0236,uncertainty_m,true,not_available,media,estimar incerteza espacial em metros (trilha estimar_incerteza_espacial),true,false,true
MRQ_01532,TGT_0236,qa_status,true,not_available,alta,executar QA humano e registrar aceite (trilha executar_qa_humano),true,true,true
MRQ_01533,TGT_0236,phenomenon_type,true,urban_flooding,alta,confirmar e separar o fenomeno de inundacao (trilha separar_fenomeno),true,true,true
MRQ_01534,TGT_0237,event_date,true,not_available,alta,resolver data do evento em registro oficial/documental (trilha resolver_data_evento),true,false,true
MRQ_01535,TGT_0237,source_authority,true,not_available,alta,identificar fonte/autoridade rastreavel do evento,true,false,true
MRQ_01536,TGT_0237,geometry_type,true,bbox,alta,obter geometria oficial (ponto/poligono/bbox) do evento (trilha obter_geometria_oficial),true,true,true
MRQ_01537,TGT_0237,patch_id,true,not_available,media,resolver o patch REV-P correspondente (trilha resolver_patch_link),true,false,true
MRQ_01538,TGT_0237,patch_link_quality,true,not_available,alta,produzir vinculo espacial forte com o patch (trilha resolver_patch_link),true,false,true
MRQ_01539,TGT_0237,uncertainty_m,true,not_available,media,estimar incerteza espacial em metros (trilha estimar_incerteza_espacial),true,false,true
MRQ_01540,TGT_0237,qa_status,true,not_available,alta,executar QA humano e registrar aceite (trilha executar_qa_humano),true,true,true
MRQ_01541,TGT_0237,phenomenon_type,true,urban_flooding,alta,confirmar e separar o fenomeno de inundacao (trilha separar_fenomeno),true,true,true
MRQ_01542,TGT_0238,event_date,true,not_available,alta,resolver data do evento em registro oficial/documental (trilha resolver_data_evento),true,false,true
MRQ_01543,TGT_0238,source_authority,true,not_available,alta,identificar fonte/autoridade rastreavel do evento,true,false,true
MRQ_01544,TGT_0238,geometry_type,true,bbox,alta,obter geometria oficial (ponto/poligono/bbox) do evento (trilha obter_geometria_oficial),true,true,true
MRQ_01545,TGT_0238,patch_id,true,not_available,media,resolver o patch REV-P correspondente (trilha resolver_patch_link),true,false,true
MRQ_01546,TGT_0238,patch_link_quality,true,not_available,alta,produzir vinculo espacial forte com o patch (trilha resolver_patch_link),true,false,true
MRQ_01547,TGT_0238,uncertainty_m,true,not_available,media,estimar incerteza espacial em metros (trilha estimar_incerteza_espacial),true,false,true
MRQ_01548,TGT_0238,qa_status,true,not_available,alta,executar QA humano e registrar aceite (trilha executar_qa_humano),true,true,true
MRQ_01549,TGT_0238,phenomenon_type,true,urban_flooding,alta,confirmar e separar o fenomeno de inundacao (trilha separar_fenomeno),true,true,true
MRQ_01550,TGT_0239,event_date,true,not_available,alta,resolver data do evento em registro oficial/documental (trilha resolver_data_evento),true,false,true
MRQ_01551,TGT_0239,source_authority,true,not_available,alta,identificar fonte/autoridade rastreavel do evento,true,false,true
MRQ_01552,TGT_0239,geometry_type,true,bbox,alta,obter geometria oficial (ponto/poligono/bbox) do evento (trilha obter_geometria_oficial),true,true,true
MRQ_01553,TGT_0239,patch_id,true,not_available,media,resolver o patch REV-P correspondente (trilha resolver_patch_link),true,false,true
MRQ_01554,TGT_0239,patch_link_quality,true,not_available,alta,produzir vinculo espacial forte com o patch (trilha resolver_patch_link),true,false,true
MRQ_01555,TGT_0239,uncertainty_m,true,not_available,media,estimar incerteza espacial em metros (trilha estimar_incerteza_espacial),true,false,true
MRQ_01556,TGT_0239,qa_status,true,not_available,alta,executar QA humano e registrar aceite (trilha executar_qa_humano),true,true,true
MRQ_01557,TGT_0239,phenomenon_type,true,urban_flooding,alta,confirmar e separar o fenomeno de inundacao (trilha separar_fenomeno),true,true,true
MRQ_01558,TGT_0240,event_date,true,not_available,alta,resolver data do evento em registro oficial/documental (trilha resolver_data_evento),true,false,true
MRQ_01559,TGT_0240,source_authority,true,not_available,alta,identificar fonte/autoridade rastreavel do evento,true,false,true
MRQ_01560,TGT_0240,geometry_type,true,bbox,alta,obter geometria oficial (ponto/poligono/bbox) do evento (trilha obter_geometria_oficial),true,true,true
MRQ_01561,TGT_0240,patch_id,true,not_available,media,resolver o patch REV-P correspondente (trilha resolver_patch_link),true,false,true
MRQ_01562,TGT_0240,patch_link_quality,true,not_available,alta,produzir vinculo espacial forte com o patch (trilha resolver_patch_link),true,false,true
MRQ_01563,TGT_0240,uncertainty_m,true,not_available,media,estimar incerteza espacial em metros (trilha estimar_incerteza_espacial),true,false,true
MRQ_01564,TGT_0240,qa_status,true,not_available,alta,executar QA humano e registrar aceite (trilha executar_qa_humano),true,true,true
MRQ_01565,TGT_0240,phenomenon_type,true,urban_flooding,alta,confirmar e separar o fenomeno de inundacao (trilha separar_fenomeno),true,true,true
MRQ_01566,TGT_0241,event_date,true,not_available,alta,resolver data do evento em registro oficial/documental (trilha resolver_data_evento),true,false,true
MRQ_01567,TGT_0241,source_authority,true,not_available,alta,identificar fonte/autoridade rastreavel do evento,true,false,true
MRQ_01568,TGT_0241,geometry_type,true,bbox,alta,obter geometria oficial (ponto/poligono/bbox) do evento (trilha obter_geometria_oficial),true,true,true
MRQ_01569,TGT_0241,patch_id,true,not_available,media,resolver o patch REV-P correspondente (trilha resolver_patch_link),true,false,true
MRQ_01570,TGT_0241,patch_link_quality,true,not_available,alta,produzir vinculo espacial forte com o patch (trilha resolver_patch_link),true,false,true
MRQ_01571,TGT_0241,uncertainty_m,true,not_available,media,estimar incerteza espacial em metros (trilha estimar_incerteza_espacial),true,false,true
MRQ_01572,TGT_0241,qa_status,true,not_available,alta,executar QA humano e registrar aceite (trilha executar_qa_humano),true,true,true
MRQ_01573,TGT_0241,phenomenon_type,true,urban_flooding,alta,confirmar e separar o fenomeno de inundacao (trilha separar_fenomeno),true,true,true
MRQ_01574,TGT_0242,event_date,true,not_available,alta,resolver data do evento em registro oficial/documental (trilha resolver_data_evento),true,false,true
MRQ_01575,TGT_0242,source_authority,true,not_available,alta,identificar fonte/autoridade rastreavel do evento,true,false,true
MRQ_01576,TGT_0242,geometry_type,true,bbox,alta,obter geometria oficial (ponto/poligono/bbox) do evento (trilha obter_geometria_oficial),true,true,true
MRQ_01577,TGT_0242,patch_id,true,not_available,media,resolver o patch REV-P correspondente (trilha resolver_patch_link),true,false,true
MRQ_01578,TGT_0242,patch_link_quality,true,not_available,alta,produzir vinculo espacial forte com o patch (trilha resolver_patch_link),true,false,true
MRQ_01579,TGT_0242,uncertainty_m,true,not_available,media,estimar incerteza espacial em metros (trilha estimar_incerteza_espacial),true,false,true
MRQ_01580,TGT_0242,qa_status,true,not_available,alta,executar QA humano e registrar aceite (trilha executar_qa_humano),true,true,true
MRQ_01581,TGT_0242,phenomenon_type,true,urban_flooding,alta,confirmar e separar o fenomeno de inundacao (trilha separar_fenomeno),true,true,true
MRQ_01582,TGT_0243,event_date,true,not_available,alta,resolver data do evento em registro oficial/documental (trilha resolver_data_evento),true,false,true
MRQ_01583,TGT_0243,source_authority,true,not_available,alta,identificar fonte/autoridade rastreavel do evento,true,false,true
MRQ_01584,TGT_0243,geometry_type,true,bbox,alta,obter geometria oficial (ponto/poligono/bbox) do evento (trilha obter_geometria_oficial),true,true,true
MRQ_01585,TGT_0243,patch_id,true,not_available,media,resolver o patch REV-P correspondente (trilha resolver_patch_link),true,false,true
MRQ_01586,TGT_0243,patch_link_quality,true,not_available,alta,produzir vinculo espacial forte com o patch (trilha resolver_patch_link),true,false,true
MRQ_01587,TGT_0243,uncertainty_m,true,not_available,media,estimar incerteza espacial em metros (trilha estimar_incerteza_espacial),true,false,true
MRQ_01588,TGT_0243,qa_status,true,not_available,alta,executar QA humano e registrar aceite (trilha executar_qa_humano),true,true,true
MRQ_01589,TGT_0243,phenomenon_type,true,urban_flooding,alta,confirmar e separar o fenomeno de inundacao (trilha separar_fenomeno),true,true,true
MRQ_01590,TGT_0244,event_date,true,not_available,alta,resolver data do evento em registro oficial/documental (trilha resolver_data_evento),true,false,true
MRQ_01591,TGT_0244,source_authority,true,not_available,alta,identificar fonte/autoridade rastreavel do evento,true,false,true
MRQ_01592,TGT_0244,geometry_type,true,bbox,alta,obter geometria oficial (ponto/poligono/bbox) do evento (trilha obter_geometria_oficial),true,true,true
MRQ_01593,TGT_0244,patch_id,true,not_available,media,resolver o patch REV-P correspondente (trilha resolver_patch_link),true,false,true
MRQ_01594,TGT_0244,patch_link_quality,true,not_available,alta,produzir vinculo espacial forte com o patch (trilha resolver_patch_link),true,false,true
MRQ_01595,TGT_0244,uncertainty_m,true,not_available,media,estimar incerteza espacial em metros (trilha estimar_incerteza_espacial),true,false,true
MRQ_01596,TGT_0244,qa_status,true,not_available,alta,executar QA humano e registrar aceite (trilha executar_qa_humano),true,true,true
MRQ_01597,TGT_0244,phenomenon_type,true,urban_flooding,alta,confirmar e separar o fenomeno de inundacao (trilha separar_fenomeno),true,true,true
MRQ_01598,TGT_0245,event_date,true,not_available,alta,resolver data do evento em registro oficial/documental (trilha resolver_data_evento),true,false,true
MRQ_01599,TGT_0245,source_authority,true,not_available,alta,identificar fonte/autoridade rastreavel do evento,true,false,true
MRQ_01600,TGT_0245,geometry_type,true,bbox,alta,obter geometria oficial (ponto/poligono/bbox) do evento (trilha obter_geometria_oficial),true,true,true
MRQ_01601,TGT_0245,patch_id,true,not_available,media,resolver o patch REV-P correspondente (trilha resolver_patch_link),true,false,true
MRQ_01602,TGT_0245,patch_link_quality,true,not_available,alta,produzir vinculo espacial forte com o patch (trilha resolver_patch_link),true,false,true
MRQ_01603,TGT_0245,uncertainty_m,true,not_available,media,estimar incerteza espacial em metros (trilha estimar_incerteza_espacial),true,false,true
MRQ_01604,TGT_0245,qa_status,true,not_available,alta,executar QA humano e registrar aceite (trilha executar_qa_humano),true,true,true
MRQ_01605,TGT_0245,phenomenon_type,true,urban_flooding,alta,confirmar e separar o fenomeno de inundacao (trilha separar_fenomeno),true,true,true
MRQ_01606,TGT_0246,event_date,true,not_available,alta,resolver data do evento em registro oficial/documental (trilha resolver_data_evento),true,false,true
MRQ_01607,TGT_0246,source_authority,true,not_available,alta,identificar fonte/autoridade rastreavel do evento,true,false,true
MRQ_01608,TGT_0246,geometry_type,true,bbox,alta,obter geometria oficial (ponto/poligono/bbox) do evento (trilha obter_geometria_oficial),true,true,true
MRQ_01609,TGT_0246,patch_id,true,not_available,media,resolver o patch REV-P correspondente (trilha resolver_patch_link),true,false,true
MRQ_01610,TGT_0246,patch_link_quality,true,not_available,alta,produzir vinculo espacial forte com o patch (trilha resolver_patch_link),true,false,true
MRQ_01611,TGT_0246,uncertainty_m,true,not_available,media,estimar incerteza espacial em metros (trilha estimar_incerteza_espacial),true,false,true
MRQ_01612,TGT_0246,qa_status,true,not_available,alta,executar QA humano e registrar aceite (trilha executar_qa_humano),true,true,true
MRQ_01613,TGT_0246,phenomenon_type,true,urban_flooding,alta,confirmar e separar o fenomeno de inundacao (trilha separar_fenomeno),true,true,true
MRQ_01614,TGT_0247,event_date,true,not_available,alta,resolver data do evento em registro oficial/documental (trilha resolver_data_evento),true,false,true
MRQ_01615,TGT_0247,source_authority,true,not_available,alta,identificar fonte/autoridade rastreavel do evento,true,false,true
MRQ_01616,TGT_0247,geometry_type,true,bbox,alta,obter geometria oficial (ponto/poligono/bbox) do evento (trilha obter_geometria_oficial),true,true,true
MRQ_01617,TGT_0247,patch_id,true,not_available,media,resolver o patch REV-P correspondente (trilha resolver_patch_link),true,false,true
MRQ_01618,TGT_0247,patch_link_quality,true,not_available,alta,produzir vinculo espacial forte com o patch (trilha resolver_patch_link),true,false,true
MRQ_01619,TGT_0247,uncertainty_m,true,not_available,media,estimar incerteza espacial em metros (trilha estimar_incerteza_espacial),true,false,true
MRQ_01620,TGT_0247,qa_status,true,not_available,alta,executar QA humano e registrar aceite (trilha executar_qa_humano),true,true,true
MRQ_01621,TGT_0247,phenomenon_type,true,urban_flooding,alta,confirmar e separar o fenomeno de inundacao (trilha separar_fenomeno),true,true,true
MRQ_01622,TGT_0248,event_date,true,not_available,alta,resolver data do evento em registro oficial/documental (trilha resolver_data_evento),true,false,true
MRQ_01623,TGT_0248,source_authority,true,not_available,alta,identificar fonte/autoridade rastreavel do evento,true,false,true
MRQ_01624,TGT_0248,geometry_type,true,bbox,alta,obter geometria oficial (ponto/poligono/bbox) do evento (trilha obter_geometria_oficial),true,true,true
MRQ_01625,TGT_0248,patch_id,true,not_available,media,resolver o patch REV-P correspondente (trilha resolver_patch_link),true,false,true
MRQ_01626,TGT_0248,patch_link_quality,true,not_available,alta,produzir vinculo espacial forte com o patch (trilha resolver_patch_link),true,false,true
MRQ_01627,TGT_0248,uncertainty_m,true,not_available,media,estimar incerteza espacial em metros (trilha estimar_incerteza_espacial),true,false,true
MRQ_01628,TGT_0248,qa_status,true,not_available,alta,executar QA humano e registrar aceite (trilha executar_qa_humano),true,true,true
MRQ_01629,TGT_0248,phenomenon_type,true,urban_flooding,alta,confirmar e separar o fenomeno de inundacao (trilha separar_fenomeno),true,true,true
MRQ_01630,TGT_0249,event_date,true,not_available,alta,resolver data do evento em registro oficial/documental (trilha resolver_data_evento),true,false,true
MRQ_01631,TGT_0249,source_authority,true,not_available,alta,identificar fonte/autoridade rastreavel do evento,true,false,true
MRQ_01632,TGT_0249,geometry_type,true,bbox,alta,obter geometria oficial (ponto/poligono/bbox) do evento (trilha obter_geometria_oficial),true,true,true
MRQ_01633,TGT_0249,patch_id,true,not_available,media,resolver o patch REV-P correspondente (trilha resolver_patch_link),true,false,true
MRQ_01634,TGT_0249,patch_link_quality,true,not_available,alta,produzir vinculo espacial forte com o patch (trilha resolver_patch_link),true,false,true
MRQ_01635,TGT_0249,uncertainty_m,true,not_available,media,estimar incerteza espacial em metros (trilha estimar_incerteza_espacial),true,false,true
MRQ_01636,TGT_0249,qa_status,true,not_available,alta,executar QA humano e registrar aceite (trilha executar_qa_humano),true,true,true
MRQ_01637,TGT_0249,phenomenon_type,true,urban_flooding,alta,confirmar e separar o fenomeno de inundacao (trilha separar_fenomeno),true,true,true
MRQ_01638,TGT_0250,event_date,true,not_available,alta,resolver data do evento em registro oficial/documental (trilha resolver_data_evento),true,false,true
MRQ_01639,TGT_0250,source_authority,true,not_available,alta,identificar fonte/autoridade rastreavel do evento,true,false,true
MRQ_01640,TGT_0250,geometry_type,true,bbox,alta,obter geometria oficial (ponto/poligono/bbox) do evento (trilha obter_geometria_oficial),true,true,true
MRQ_01641,TGT_0250,patch_id,true,not_available,media,resolver o patch REV-P correspondente (trilha resolver_patch_link),true,false,true
MRQ_01642,TGT_0250,patch_link_quality,true,not_available,alta,produzir vinculo espacial forte com o patch (trilha resolver_patch_link),true,false,true
MRQ_01643,TGT_0250,uncertainty_m,true,not_available,media,estimar incerteza espacial em metros (trilha estimar_incerteza_espacial),true,false,true
MRQ_01644,TGT_0250,qa_status,true,not_available,alta,executar QA humano e registrar aceite (trilha executar_qa_humano),true,true,true
MRQ_01645,TGT_0250,phenomenon_type,true,urban_flooding,alta,confirmar e separar o fenomeno de inundacao (trilha separar_fenomeno),true,true,true
MRQ_01646,TGT_0251,event_date,true,not_available,alta,resolver data do evento em registro oficial/documental (trilha resolver_data_evento),true,false,true
MRQ_01647,TGT_0251,source_authority,true,not_available,alta,identificar fonte/autoridade rastreavel do evento,true,false,true
MRQ_01648,TGT_0251,geometry_type,true,bbox,alta,obter geometria oficial (ponto/poligono/bbox) do evento (trilha obter_geometria_oficial),true,true,true
MRQ_01649,TGT_0251,patch_id,true,not_available,media,resolver o patch REV-P correspondente (trilha resolver_patch_link),true,false,true
MRQ_01650,TGT_0251,patch_link_quality,true,not_available,alta,produzir vinculo espacial forte com o patch (trilha resolver_patch_link),true,false,true
MRQ_01651,TGT_0251,uncertainty_m,true,not_available,media,estimar incerteza espacial em metros (trilha estimar_incerteza_espacial),true,false,true
MRQ_01652,TGT_0251,qa_status,true,not_available,alta,executar QA humano e registrar aceite (trilha executar_qa_humano),true,true,true
MRQ_01653,TGT_0251,phenomenon_type,true,urban_flooding,alta,confirmar e separar o fenomeno de inundacao (trilha separar_fenomeno),true,true,true
MRQ_01654,TGT_0252,event_date,true,not_available,alta,resolver data do evento em registro oficial/documental (trilha resolver_data_evento),true,false,true
MRQ_01655,TGT_0252,source_authority,true,not_available,alta,identificar fonte/autoridade rastreavel do evento,true,false,true
MRQ_01656,TGT_0252,geometry_type,true,bbox,alta,obter geometria oficial (ponto/poligono/bbox) do evento (trilha obter_geometria_oficial),true,true,true
MRQ_01657,TGT_0252,patch_id,true,not_available,media,resolver o patch REV-P correspondente (trilha resolver_patch_link),true,false,true
MRQ_01658,TGT_0252,patch_link_quality,true,not_available,alta,produzir vinculo espacial forte com o patch (trilha resolver_patch_link),true,false,true
MRQ_01659,TGT_0252,uncertainty_m,true,not_available,media,estimar incerteza espacial em metros (trilha estimar_incerteza_espacial),true,false,true
MRQ_01660,TGT_0252,qa_status,true,not_available,alta,executar QA humano e registrar aceite (trilha executar_qa_humano),true,true,true
MRQ_01661,TGT_0252,phenomenon_type,true,urban_flooding,alta,confirmar e separar o fenomeno de inundacao (trilha separar_fenomeno),true,true,true
MRQ_01662,TGT_0253,event_date,true,not_available,alta,resolver data do evento em registro oficial/documental (trilha resolver_data_evento),true,false,true
MRQ_01663,TGT_0253,source_authority,true,not_available,alta,identificar fonte/autoridade rastreavel do evento,true,false,true
MRQ_01664,TGT_0253,geometry_type,true,bbox,alta,obter geometria oficial (ponto/poligono/bbox) do evento (trilha obter_geometria_oficial),true,true,true
MRQ_01665,TGT_0253,patch_id,true,not_available,media,resolver o patch REV-P correspondente (trilha resolver_patch_link),true,false,true
MRQ_01666,TGT_0253,patch_link_quality,true,not_available,alta,produzir vinculo espacial forte com o patch (trilha resolver_patch_link),true,false,true
MRQ_01667,TGT_0253,uncertainty_m,true,not_available,media,estimar incerteza espacial em metros (trilha estimar_incerteza_espacial),true,false,true
MRQ_01668,TGT_0253,qa_status,true,not_available,alta,executar QA humano e registrar aceite (trilha executar_qa_humano),true,true,true
MRQ_01669,TGT_0253,phenomenon_type,true,urban_flooding,alta,confirmar e separar o fenomeno de inundacao (trilha separar_fenomeno),true,true,true
MRQ_01670,TGT_0254,event_date,true,not_available,alta,resolver data do evento em registro oficial/documental (trilha resolver_data_evento),true,false,true
MRQ_01671,TGT_0254,source_authority,true,not_available,alta,identificar fonte/autoridade rastreavel do evento,true,false,true
MRQ_01672,TGT_0254,geometry_type,true,bbox,alta,obter geometria oficial (ponto/poligono/bbox) do evento (trilha obter_geometria_oficial),true,true,true
MRQ_01673,TGT_0254,patch_id,true,not_available,media,resolver o patch REV-P correspondente (trilha resolver_patch_link),true,false,true
MRQ_01674,TGT_0254,patch_link_quality,true,not_available,alta,produzir vinculo espacial forte com o patch (trilha resolver_patch_link),true,false,true
MRQ_01675,TGT_0254,uncertainty_m,true,not_available,media,estimar incerteza espacial em metros (trilha estimar_incerteza_espacial),true,false,true
MRQ_01676,TGT_0254,qa_status,true,not_available,alta,executar QA humano e registrar aceite (trilha executar_qa_humano),true,true,true
MRQ_01677,TGT_0254,phenomenon_type,true,urban_flooding,alta,confirmar e separar o fenomeno de inundacao (trilha separar_fenomeno),true,true,true
MRQ_01678,TGT_0255,event_date,true,not_available,alta,resolver data do evento em registro oficial/documental (trilha resolver_data_evento),true,false,true
MRQ_01679,TGT_0255,source_authority,true,not_available,alta,identificar fonte/autoridade rastreavel do evento,true,false,true
MRQ_01680,TGT_0255,geometry_type,true,bbox,alta,obter geometria oficial (ponto/poligono/bbox) do evento (trilha obter_geometria_oficial),true,true,true
MRQ_01681,TGT_0255,patch_id,true,not_available,media,resolver o patch REV-P correspondente (trilha resolver_patch_link),true,false,true
MRQ_01682,TGT_0255,patch_link_quality,true,not_available,alta,produzir vinculo espacial forte com o patch (trilha resolver_patch_link),true,false,true
MRQ_01683,TGT_0255,uncertainty_m,true,not_available,media,estimar incerteza espacial em metros (trilha estimar_incerteza_espacial),true,false,true
MRQ_01684,TGT_0255,qa_status,true,not_available,alta,executar QA humano e registrar aceite (trilha executar_qa_humano),true,true,true
MRQ_01685,TGT_0255,phenomenon_type,true,urban_flooding,alta,confirmar e separar o fenomeno de inundacao (trilha separar_fenomeno),true,true,true
MRQ_01686,TGT_0256,event_date,true,not_available,alta,resolver data do evento em registro oficial/documental (trilha resolver_data_evento),true,false,true
MRQ_01687,TGT_0256,source_authority,true,not_available,alta,identificar fonte/autoridade rastreavel do evento,true,false,true
MRQ_01688,TGT_0256,geometry_type,true,bbox,alta,obter geometria oficial (ponto/poligono/bbox) do evento (trilha obter_geometria_oficial),true,true,true
MRQ_01689,TGT_0256,patch_id,true,not_available,media,resolver o patch REV-P correspondente (trilha resolver_patch_link),true,false,true
MRQ_01690,TGT_0256,patch_link_quality,true,not_available,alta,produzir vinculo espacial forte com o patch (trilha resolver_patch_link),true,false,true
MRQ_01691,TGT_0256,uncertainty_m,true,not_available,media,estimar incerteza espacial em metros (trilha estimar_incerteza_espacial),true,false,true
MRQ_01692,TGT_0256,qa_status,true,not_available,alta,executar QA humano e registrar aceite (trilha executar_qa_humano),true,true,true
MRQ_01693,TGT_0256,phenomenon_type,true,urban_flooding,alta,confirmar e separar o fenomeno de inundacao (trilha separar_fenomeno),true,true,true
MRQ_01694,TGT_0257,event_date,true,not_available,alta,resolver data do evento em registro oficial/documental (trilha resolver_data_evento),true,false,true
MRQ_01695,TGT_0257,source_authority,true,not_available,alta,identificar fonte/autoridade rastreavel do evento,true,false,true
MRQ_01696,TGT_0257,geometry_type,true,bbox,alta,obter geometria oficial (ponto/poligono/bbox) do evento (trilha obter_geometria_oficial),true,true,true
MRQ_01697,TGT_0257,patch_id,true,not_available,media,resolver o patch REV-P correspondente (trilha resolver_patch_link),true,false,true
MRQ_01698,TGT_0257,patch_link_quality,true,not_available,alta,produzir vinculo espacial forte com o patch (trilha resolver_patch_link),true,false,true
MRQ_01699,TGT_0257,uncertainty_m,true,not_available,media,estimar incerteza espacial em metros (trilha estimar_incerteza_espacial),true,false,true
MRQ_01700,TGT_0257,qa_status,true,not_available,alta,executar QA humano e registrar aceite (trilha executar_qa_humano),true,true,true
MRQ_01701,TGT_0257,phenomenon_type,true,urban_flooding,alta,confirmar e separar o fenomeno de inundacao (trilha separar_fenomeno),true,true,true
MRQ_01702,TGT_0258,event_date,true,not_available,alta,resolver data do evento em registro oficial/documental (trilha resolver_data_evento),true,false,true
MRQ_01703,TGT_0258,source_authority,true,not_available,alta,identificar fonte/autoridade rastreavel do evento,true,false,true
MRQ_01704,TGT_0258,geometry_type,true,bbox,alta,obter geometria oficial (ponto/poligono/bbox) do evento (trilha obter_geometria_oficial),true,true,true
MRQ_01705,TGT_0258,patch_id,true,not_available,media,resolver o patch REV-P correspondente (trilha resolver_patch_link),true,false,true
MRQ_01706,TGT_0258,patch_link_quality,true,not_available,alta,produzir vinculo espacial forte com o patch (trilha resolver_patch_link),true,false,true
MRQ_01707,TGT_0258,uncertainty_m,true,not_available,media,estimar incerteza espacial em metros (trilha estimar_incerteza_espacial),true,false,true
MRQ_01708,TGT_0258,qa_status,true,not_available,alta,executar QA humano e registrar aceite (trilha executar_qa_humano),true,true,true
MRQ_01709,TGT_0258,phenomenon_type,true,urban_flooding,alta,confirmar e separar o fenomeno de inundacao (trilha separar_fenomeno),true,true,true
MRQ_01710,TGT_0259,event_date,true,not_available,alta,resolver data do evento em registro oficial/documental (trilha resolver_data_evento),true,false,true
MRQ_01711,TGT_0259,source_authority,true,not_available,alta,identificar fonte/autoridade rastreavel do evento,true,false,true
MRQ_01712,TGT_0259,geometry_type,true,bbox,alta,obter geometria oficial (ponto/poligono/bbox) do evento (trilha obter_geometria_oficial),true,true,true
MRQ_01713,TGT_0259,patch_id,true,not_available,media,resolver o patch REV-P correspondente (trilha resolver_patch_link),true,false,true
MRQ_01714,TGT_0259,patch_link_quality,true,not_available,alta,produzir vinculo espacial forte com o patch (trilha resolver_patch_link),true,false,true
MRQ_01715,TGT_0259,uncertainty_m,true,not_available,media,estimar incerteza espacial em metros (trilha estimar_incerteza_espacial),true,false,true
MRQ_01716,TGT_0259,qa_status,true,not_available,alta,executar QA humano e registrar aceite (trilha executar_qa_humano),true,true,true
MRQ_01717,TGT_0259,phenomenon_type,true,urban_flooding,alta,confirmar e separar o fenomeno de inundacao (trilha separar_fenomeno),true,true,true
MRQ_01718,TGT_0260,event_date,true,not_available,alta,resolver data do evento em registro oficial/documental (trilha resolver_data_evento),true,false,true
MRQ_01719,TGT_0260,source_authority,true,not_available,alta,identificar fonte/autoridade rastreavel do evento,true,false,true
MRQ_01720,TGT_0260,geometry_type,true,bbox,alta,obter geometria oficial (ponto/poligono/bbox) do evento (trilha obter_geometria_oficial),true,true,true
MRQ_01721,TGT_0260,patch_id,true,not_available,media,resolver o patch REV-P correspondente (trilha resolver_patch_link),true,false,true
MRQ_01722,TGT_0260,patch_link_quality,true,not_available,alta,produzir vinculo espacial forte com o patch (trilha resolver_patch_link),true,false,true
MRQ_01723,TGT_0260,uncertainty_m,true,not_available,media,estimar incerteza espacial em metros (trilha estimar_incerteza_espacial),true,false,true
MRQ_01724,TGT_0260,qa_status,true,not_available,alta,executar QA humano e registrar aceite (trilha executar_qa_humano),true,true,true
MRQ_01725,TGT_0260,phenomenon_type,true,urban_flooding,alta,confirmar e separar o fenomeno de inundacao (trilha separar_fenomeno),true,true,true
MRQ_01726,TGT_0261,event_date,true,not_available,alta,resolver data do evento em registro oficial/documental (trilha resolver_data_evento),true,false,true
MRQ_01727,TGT_0261,source_authority,true,not_available,alta,identificar fonte/autoridade rastreavel do evento,true,false,true
MRQ_01728,TGT_0261,geometry_type,true,bbox,alta,obter geometria oficial (ponto/poligono/bbox) do evento (trilha obter_geometria_oficial),true,true,true
MRQ_01729,TGT_0261,patch_id,true,not_available,media,resolver o patch REV-P correspondente (trilha resolver_patch_link),true,false,true
MRQ_01730,TGT_0261,patch_link_quality,true,not_available,alta,produzir vinculo espacial forte com o patch (trilha resolver_patch_link),true,false,true
MRQ_01731,TGT_0261,uncertainty_m,true,not_available,media,estimar incerteza espacial em metros (trilha estimar_incerteza_espacial),true,false,true
MRQ_01732,TGT_0261,qa_status,true,not_available,alta,executar QA humano e registrar aceite (trilha executar_qa_humano),true,true,true
MRQ_01733,TGT_0261,phenomenon_type,true,urban_flooding,alta,confirmar e separar o fenomeno de inundacao (trilha separar_fenomeno),true,true,true
MRQ_01734,TGT_0262,event_date,true,not_available,alta,resolver data do evento em registro oficial/documental (trilha resolver_data_evento),true,false,true
MRQ_01735,TGT_0262,source_authority,true,not_available,alta,identificar fonte/autoridade rastreavel do evento,true,false,true
MRQ_01736,TGT_0262,geometry_type,true,bbox,alta,obter geometria oficial (ponto/poligono/bbox) do evento (trilha obter_geometria_oficial),true,true,true
MRQ_01737,TGT_0262,patch_id,true,not_available,media,resolver o patch REV-P correspondente (trilha resolver_patch_link),true,false,true
MRQ_01738,TGT_0262,patch_link_quality,true,not_available,alta,produzir vinculo espacial forte com o patch (trilha resolver_patch_link),true,false,true
MRQ_01739,TGT_0262,uncertainty_m,true,not_available,media,estimar incerteza espacial em metros (trilha estimar_incerteza_espacial),true,false,true
MRQ_01740,TGT_0262,qa_status,true,not_available,alta,executar QA humano e registrar aceite (trilha executar_qa_humano),true,true,true
MRQ_01741,TGT_0262,phenomenon_type,true,urban_flooding,alta,confirmar e separar o fenomeno de inundacao (trilha separar_fenomeno),true,true,true
MRQ_01742,TGT_0263,event_date,true,not_available,alta,resolver data do evento em registro oficial/documental (trilha resolver_data_evento),true,false,true
MRQ_01743,TGT_0263,source_authority,true,not_available,alta,identificar fonte/autoridade rastreavel do evento,true,false,true
MRQ_01744,TGT_0263,geometry_type,true,bbox,alta,obter geometria oficial (ponto/poligono/bbox) do evento (trilha obter_geometria_oficial),true,true,true
MRQ_01745,TGT_0263,patch_id,true,not_available,media,resolver o patch REV-P correspondente (trilha resolver_patch_link),true,false,true
MRQ_01746,TGT_0263,patch_link_quality,true,not_available,alta,produzir vinculo espacial forte com o patch (trilha resolver_patch_link),true,false,true
MRQ_01747,TGT_0263,uncertainty_m,true,not_available,media,estimar incerteza espacial em metros (trilha estimar_incerteza_espacial),true,false,true
MRQ_01748,TGT_0263,qa_status,true,not_available,alta,executar QA humano e registrar aceite (trilha executar_qa_humano),true,true,true
MRQ_01749,TGT_0263,phenomenon_type,true,urban_flooding,alta,confirmar e separar o fenomeno de inundacao (trilha separar_fenomeno),true,true,true
MRQ_01750,TGT_0264,event_date,true,not_available,alta,resolver data do evento em registro oficial/documental (trilha resolver_data_evento),true,false,true
MRQ_01751,TGT_0264,source_authority,true,not_available,alta,identificar fonte/autoridade rastreavel do evento,true,false,true
MRQ_01752,TGT_0264,geometry_type,true,bbox,alta,obter geometria oficial (ponto/poligono/bbox) do evento (trilha obter_geometria_oficial),true,true,true
MRQ_01753,TGT_0264,patch_id,true,not_available,media,resolver o patch REV-P correspondente (trilha resolver_patch_link),true,false,true
MRQ_01754,TGT_0264,patch_link_quality,true,not_available,alta,produzir vinculo espacial forte com o patch (trilha resolver_patch_link),true,false,true
MRQ_01755,TGT_0264,uncertainty_m,true,not_available,media,estimar incerteza espacial em metros (trilha estimar_incerteza_espacial),true,false,true
MRQ_01756,TGT_0264,qa_status,true,not_available,alta,executar QA humano e registrar aceite (trilha executar_qa_humano),true,true,true
MRQ_01757,TGT_0264,phenomenon_type,true,urban_flooding,alta,confirmar e separar o fenomeno de inundacao (trilha separar_fenomeno),true,true,true
MRQ_01758,TGT_0265,event_date,true,not_available,alta,resolver data do evento em registro oficial/documental (trilha resolver_data_evento),true,false,true
MRQ_01759,TGT_0265,source_authority,true,not_available,alta,identificar fonte/autoridade rastreavel do evento,true,false,true
MRQ_01760,TGT_0265,geometry_type,true,bbox,alta,obter geometria oficial (ponto/poligono/bbox) do evento (trilha obter_geometria_oficial),true,true,true
MRQ_01761,TGT_0265,patch_id,true,not_available,media,resolver o patch REV-P correspondente (trilha resolver_patch_link),true,false,true
MRQ_01762,TGT_0265,patch_link_quality,true,not_available,alta,produzir vinculo espacial forte com o patch (trilha resolver_patch_link),true,false,true
MRQ_01763,TGT_0265,uncertainty_m,true,not_available,media,estimar incerteza espacial em metros (trilha estimar_incerteza_espacial),true,false,true
MRQ_01764,TGT_0265,qa_status,true,not_available,alta,executar QA humano e registrar aceite (trilha executar_qa_humano),true,true,true
MRQ_01765,TGT_0265,phenomenon_type,true,urban_flooding,alta,confirmar e separar o fenomeno de inundacao (trilha separar_fenomeno),true,true,true
MRQ_01766,TGT_0266,event_date,true,not_available,alta,resolver data do evento em registro oficial/documental (trilha resolver_data_evento),true,false,true
MRQ_01767,TGT_0266,source_authority,true,not_available,alta,identificar fonte/autoridade rastreavel do evento,true,false,true
MRQ_01768,TGT_0266,geometry_type,true,bbox,alta,obter geometria oficial (ponto/poligono/bbox) do evento (trilha obter_geometria_oficial),true,true,true
MRQ_01769,TGT_0266,patch_id,true,not_available,media,resolver o patch REV-P correspondente (trilha resolver_patch_link),true,false,true
MRQ_01770,TGT_0266,patch_link_quality,true,not_available,alta,produzir vinculo espacial forte com o patch (trilha resolver_patch_link),true,false,true
MRQ_01771,TGT_0266,uncertainty_m,true,not_available,media,estimar incerteza espacial em metros (trilha estimar_incerteza_espacial),true,false,true
MRQ_01772,TGT_0266,qa_status,true,not_available,alta,executar QA humano e registrar aceite (trilha executar_qa_humano),true,true,true
MRQ_01773,TGT_0266,phenomenon_type,true,urban_flooding,alta,confirmar e separar o fenomeno de inundacao (trilha separar_fenomeno),true,true,true
MRQ_01774,TGT_0267,event_date,true,not_available,alta,resolver data do evento em registro oficial/documental (trilha resolver_data_evento),true,false,true
MRQ_01775,TGT_0267,source_authority,true,not_available,alta,identificar fonte/autoridade rastreavel do evento,true,false,true
MRQ_01776,TGT_0267,geometry_type,true,bbox,alta,obter geometria oficial (ponto/poligono/bbox) do evento (trilha obter_geometria_oficial),true,true,true
MRQ_01777,TGT_0267,patch_id,true,not_available,media,resolver o patch REV-P correspondente (trilha resolver_patch_link),true,false,true
MRQ_01778,TGT_0267,patch_link_quality,true,not_available,alta,produzir vinculo espacial forte com o patch (trilha resolver_patch_link),true,false,true
MRQ_01779,TGT_0267,uncertainty_m,true,not_available,media,estimar incerteza espacial em metros (trilha estimar_incerteza_espacial),true,false,true
MRQ_01780,TGT_0267,qa_status,true,not_available,alta,executar QA humano e registrar aceite (trilha executar_qa_humano),true,true,true
MRQ_01781,TGT_0267,phenomenon_type,true,urban_flooding,alta,confirmar e separar o fenomeno de inundacao (trilha separar_fenomeno),true,true,true
MRQ_01782,TGT_0268,event_date,true,not_available,alta,resolver data do evento em registro oficial/documental (trilha resolver_data_evento),true,false,true
MRQ_01783,TGT_0268,source_authority,true,not_available,alta,identificar fonte/autoridade rastreavel do evento,true,false,true
MRQ_01784,TGT_0268,geometry_type,true,bbox,alta,obter geometria oficial (ponto/poligono/bbox) do evento (trilha obter_geometria_oficial),true,true,true
MRQ_01785,TGT_0268,patch_id,true,not_available,media,resolver o patch REV-P correspondente (trilha resolver_patch_link),true,false,true
MRQ_01786,TGT_0268,patch_link_quality,true,not_available,alta,produzir vinculo espacial forte com o patch (trilha resolver_patch_link),true,false,true
MRQ_01787,TGT_0268,uncertainty_m,true,not_available,media,estimar incerteza espacial em metros (trilha estimar_incerteza_espacial),true,false,true
MRQ_01788,TGT_0268,qa_status,true,not_available,alta,executar QA humano e registrar aceite (trilha executar_qa_humano),true,true,true
MRQ_01789,TGT_0268,phenomenon_type,true,urban_flooding,alta,confirmar e separar o fenomeno de inundacao (trilha separar_fenomeno),true,true,true
MRQ_01790,TGT_0269,event_date,true,not_available,alta,resolver data do evento em registro oficial/documental (trilha resolver_data_evento),true,false,true
MRQ_01791,TGT_0269,source_authority,true,not_available,alta,identificar fonte/autoridade rastreavel do evento,true,false,true
MRQ_01792,TGT_0269,geometry_type,true,bbox,alta,obter geometria oficial (ponto/poligono/bbox) do evento (trilha obter_geometria_oficial),true,true,true
MRQ_01793,TGT_0269,patch_id,true,not_available,media,resolver o patch REV-P correspondente (trilha resolver_patch_link),true,false,true
MRQ_01794,TGT_0269,patch_link_quality,true,not_available,alta,produzir vinculo espacial forte com o patch (trilha resolver_patch_link),true,false,true
MRQ_01795,TGT_0269,uncertainty_m,true,not_available,media,estimar incerteza espacial em metros (trilha estimar_incerteza_espacial),true,false,true
MRQ_01796,TGT_0269,qa_status,true,not_available,alta,executar QA humano e registrar aceite (trilha executar_qa_humano),true,true,true
MRQ_01797,TGT_0269,phenomenon_type,true,urban_flooding,alta,confirmar e separar o fenomeno de inundacao (trilha separar_fenomeno),true,true,true
MRQ_01798,TGT_0270,event_date,true,not_available,alta,resolver data do evento em registro oficial/documental (trilha resolver_data_evento),true,false,true
MRQ_01799,TGT_0270,source_authority,true,not_available,alta,identificar fonte/autoridade rastreavel do evento,true,false,true
MRQ_01800,TGT_0270,geometry_type,true,bbox,alta,obter geometria oficial (ponto/poligono/bbox) do evento (trilha obter_geometria_oficial),true,true,true
MRQ_01801,TGT_0270,patch_id,true,not_available,media,resolver o patch REV-P correspondente (trilha resolver_patch_link),true,false,true
MRQ_01802,TGT_0270,patch_link_quality,true,not_available,alta,produzir vinculo espacial forte com o patch (trilha resolver_patch_link),true,false,true
MRQ_01803,TGT_0270,uncertainty_m,true,not_available,media,estimar incerteza espacial em metros (trilha estimar_incerteza_espacial),true,false,true
MRQ_01804,TGT_0270,qa_status,true,not_available,alta,executar QA humano e registrar aceite (trilha executar_qa_humano),true,true,true
MRQ_01805,TGT_0270,phenomenon_type,true,urban_flooding,alta,confirmar e separar o fenomeno de inundacao (trilha separar_fenomeno),true,true,true
MRQ_01806,TGT_0271,event_date,true,not_available,alta,resolver data do evento em registro oficial/documental (trilha resolver_data_evento),true,false,true
MRQ_01807,TGT_0271,source_authority,true,not_available,alta,identificar fonte/autoridade rastreavel do evento,true,false,true
MRQ_01808,TGT_0271,geometry_type,true,bbox,alta,obter geometria oficial (ponto/poligono/bbox) do evento (trilha obter_geometria_oficial),true,true,true
MRQ_01809,TGT_0271,patch_id,true,not_available,media,resolver o patch REV-P correspondente (trilha resolver_patch_link),true,false,true
MRQ_01810,TGT_0271,patch_link_quality,true,not_available,alta,produzir vinculo espacial forte com o patch (trilha resolver_patch_link),true,false,true
MRQ_01811,TGT_0271,uncertainty_m,true,not_available,media,estimar incerteza espacial em metros (trilha estimar_incerteza_espacial),true,false,true
MRQ_01812,TGT_0271,qa_status,true,not_available,alta,executar QA humano e registrar aceite (trilha executar_qa_humano),true,true,true
MRQ_01813,TGT_0271,phenomenon_type,true,urban_flooding,alta,confirmar e separar o fenomeno de inundacao (trilha separar_fenomeno),true,true,true
MRQ_01814,TGT_0272,event_date,true,not_available,alta,resolver data do evento em registro oficial/documental (trilha resolver_data_evento),true,false,true
MRQ_01815,TGT_0272,source_authority,true,not_available,alta,identificar fonte/autoridade rastreavel do evento,true,false,true
MRQ_01816,TGT_0272,geometry_type,true,bbox,alta,obter geometria oficial (ponto/poligono/bbox) do evento (trilha obter_geometria_oficial),true,true,true
MRQ_01817,TGT_0272,patch_id,true,not_available,media,resolver o patch REV-P correspondente (trilha resolver_patch_link),true,false,true
MRQ_01818,TGT_0272,patch_link_quality,true,not_available,alta,produzir vinculo espacial forte com o patch (trilha resolver_patch_link),true,false,true
MRQ_01819,TGT_0272,uncertainty_m,true,not_available,media,estimar incerteza espacial em metros (trilha estimar_incerteza_espacial),true,false,true
MRQ_01820,TGT_0272,qa_status,true,not_available,alta,executar QA humano e registrar aceite (trilha executar_qa_humano),true,true,true
MRQ_01821,TGT_0272,phenomenon_type,true,urban_flooding,alta,confirmar e separar o fenomeno de inundacao (trilha separar_fenomeno),true,true,true
MRQ_01822,TGT_0273,event_date,true,not_available,alta,resolver data do evento em registro oficial/documental (trilha resolver_data_evento),true,false,true
MRQ_01823,TGT_0273,source_authority,true,not_available,alta,identificar fonte/autoridade rastreavel do evento,true,false,true
MRQ_01824,TGT_0273,geometry_type,true,bbox,alta,obter geometria oficial (ponto/poligono/bbox) do evento (trilha obter_geometria_oficial),true,true,true
MRQ_01825,TGT_0273,patch_id,true,not_available,media,resolver o patch REV-P correspondente (trilha resolver_patch_link),true,false,true
MRQ_01826,TGT_0273,patch_link_quality,true,not_available,alta,produzir vinculo espacial forte com o patch (trilha resolver_patch_link),true,false,true
MRQ_01827,TGT_0273,uncertainty_m,true,not_available,media,estimar incerteza espacial em metros (trilha estimar_incerteza_espacial),true,false,true
MRQ_01828,TGT_0273,qa_status,true,not_available,alta,executar QA humano e registrar aceite (trilha executar_qa_humano),true,true,true
MRQ_01829,TGT_0273,phenomenon_type,true,urban_flooding,alta,confirmar e separar o fenomeno de inundacao (trilha separar_fenomeno),true,true,true
MRQ_01830,TGT_0274,event_date,true,not_available,alta,resolver data do evento em registro oficial/documental (trilha resolver_data_evento),true,false,true
MRQ_01831,TGT_0274,source_authority,true,not_available,alta,identificar fonte/autoridade rastreavel do evento,true,false,true
MRQ_01832,TGT_0274,geometry_type,true,bbox,alta,obter geometria oficial (ponto/poligono/bbox) do evento (trilha obter_geometria_oficial),true,true,true
MRQ_01833,TGT_0274,patch_id,true,not_available,media,resolver o patch REV-P correspondente (trilha resolver_patch_link),true,false,true
MRQ_01834,TGT_0274,patch_link_quality,true,not_available,alta,produzir vinculo espacial forte com o patch (trilha resolver_patch_link),true,false,true
MRQ_01835,TGT_0274,uncertainty_m,true,not_available,media,estimar incerteza espacial em metros (trilha estimar_incerteza_espacial),true,false,true
MRQ_01836,TGT_0274,qa_status,true,not_available,alta,executar QA humano e registrar aceite (trilha executar_qa_humano),true,true,true
MRQ_01837,TGT_0274,phenomenon_type,true,urban_flooding,alta,confirmar e separar o fenomeno de inundacao (trilha separar_fenomeno),true,true,true
MRQ_01838,TGT_0275,event_date,true,not_available,alta,resolver data do evento em registro oficial/documental (trilha resolver_data_evento),true,false,true
MRQ_01839,TGT_0275,source_authority,true,not_available,alta,identificar fonte/autoridade rastreavel do evento,true,false,true
MRQ_01840,TGT_0275,geometry_type,true,bbox,alta,obter geometria oficial (ponto/poligono/bbox) do evento (trilha obter_geometria_oficial),true,true,true
MRQ_01841,TGT_0275,patch_id,true,not_available,media,resolver o patch REV-P correspondente (trilha resolver_patch_link),true,false,true
MRQ_01842,TGT_0275,patch_link_quality,true,not_available,alta,produzir vinculo espacial forte com o patch (trilha resolver_patch_link),true,false,true
MRQ_01843,TGT_0275,uncertainty_m,true,not_available,media,estimar incerteza espacial em metros (trilha estimar_incerteza_espacial),true,false,true
MRQ_01844,TGT_0275,qa_status,true,not_available,alta,executar QA humano e registrar aceite (trilha executar_qa_humano),true,true,true
MRQ_01845,TGT_0275,phenomenon_type,true,urban_flooding,alta,confirmar e separar o fenomeno de inundacao (trilha separar_fenomeno),true,true,true
MRQ_01846,TGT_0276,event_date,true,not_available,alta,resolver data do evento em registro oficial/documental (trilha resolver_data_evento),true,false,true
MRQ_01847,TGT_0276,source_authority,true,not_available,alta,identificar fonte/autoridade rastreavel do evento,true,false,true
MRQ_01848,TGT_0276,geometry_type,true,bbox,alta,obter geometria oficial (ponto/poligono/bbox) do evento (trilha obter_geometria_oficial),true,true,true
MRQ_01849,TGT_0276,patch_id,true,not_available,media,resolver o patch REV-P correspondente (trilha resolver_patch_link),true,false,true
MRQ_01850,TGT_0276,patch_link_quality,true,not_available,alta,produzir vinculo espacial forte com o patch (trilha resolver_patch_link),true,false,true
MRQ_01851,TGT_0276,uncertainty_m,true,not_available,media,estimar incerteza espacial em metros (trilha estimar_incerteza_espacial),true,false,true
MRQ_01852,TGT_0276,qa_status,true,not_available,alta,executar QA humano e registrar aceite (trilha executar_qa_humano),true,true,true
MRQ_01853,TGT_0276,phenomenon_type,true,urban_flooding,alta,confirmar e separar o fenomeno de inundacao (trilha separar_fenomeno),true,true,true
MRQ_01854,TGT_0277,event_date,true,not_available,alta,resolver data do evento em registro oficial/documental (trilha resolver_data_evento),true,false,true
MRQ_01855,TGT_0277,source_authority,true,not_available,alta,identificar fonte/autoridade rastreavel do evento,true,false,true
MRQ_01856,TGT_0277,geometry_type,true,bbox,alta,obter geometria oficial (ponto/poligono/bbox) do evento (trilha obter_geometria_oficial),true,true,true
MRQ_01857,TGT_0277,patch_id,true,not_available,media,resolver o patch REV-P correspondente (trilha resolver_patch_link),true,false,true
MRQ_01858,TGT_0277,patch_link_quality,true,not_available,alta,produzir vinculo espacial forte com o patch (trilha resolver_patch_link),true,false,true
MRQ_01859,TGT_0277,uncertainty_m,true,not_available,media,estimar incerteza espacial em metros (trilha estimar_incerteza_espacial),true,false,true
MRQ_01860,TGT_0277,qa_status,true,not_available,alta,executar QA humano e registrar aceite (trilha executar_qa_humano),true,true,true
MRQ_01861,TGT_0277,phenomenon_type,true,urban_flooding,alta,confirmar e separar o fenomeno de inundacao (trilha separar_fenomeno),true,true,true
MRQ_01862,TGT_0278,event_date,true,not_available,alta,resolver data do evento em registro oficial/documental (trilha resolver_data_evento),true,false,true
MRQ_01863,TGT_0278,source_authority,true,not_available,alta,identificar fonte/autoridade rastreavel do evento,true,false,true
MRQ_01864,TGT_0278,geometry_type,true,bbox,alta,obter geometria oficial (ponto/poligono/bbox) do evento (trilha obter_geometria_oficial),true,true,true
MRQ_01865,TGT_0278,patch_id,true,not_available,media,resolver o patch REV-P correspondente (trilha resolver_patch_link),true,false,true
MRQ_01866,TGT_0278,patch_link_quality,true,not_available,alta,produzir vinculo espacial forte com o patch (trilha resolver_patch_link),true,false,true
MRQ_01867,TGT_0278,uncertainty_m,true,not_available,media,estimar incerteza espacial em metros (trilha estimar_incerteza_espacial),true,false,true
MRQ_01868,TGT_0278,qa_status,true,not_available,alta,executar QA humano e registrar aceite (trilha executar_qa_humano),true,true,true
MRQ_01869,TGT_0278,phenomenon_type,true,urban_flooding,alta,confirmar e separar o fenomeno de inundacao (trilha separar_fenomeno),true,true,true
MRQ_01870,TGT_0279,event_date,true,not_available,alta,resolver data do evento em registro oficial/documental (trilha resolver_data_evento),true,false,true
MRQ_01871,TGT_0279,source_authority,true,not_available,alta,identificar fonte/autoridade rastreavel do evento,true,false,true
MRQ_01872,TGT_0279,geometry_type,true,bbox,alta,obter geometria oficial (ponto/poligono/bbox) do evento (trilha obter_geometria_oficial),true,true,true
MRQ_01873,TGT_0279,patch_id,true,not_available,media,resolver o patch REV-P correspondente (trilha resolver_patch_link),true,false,true
MRQ_01874,TGT_0279,patch_link_quality,true,not_available,alta,produzir vinculo espacial forte com o patch (trilha resolver_patch_link),true,false,true
MRQ_01875,TGT_0279,uncertainty_m,true,not_available,media,estimar incerteza espacial em metros (trilha estimar_incerteza_espacial),true,false,true
MRQ_01876,TGT_0279,qa_status,true,not_available,alta,executar QA humano e registrar aceite (trilha executar_qa_humano),true,true,true
MRQ_01877,TGT_0279,phenomenon_type,true,urban_flooding,alta,confirmar e separar o fenomeno de inundacao (trilha separar_fenomeno),true,true,true
MRQ_01878,TGT_0280,event_date,true,not_available,alta,resolver data do evento em registro oficial/documental (trilha resolver_data_evento),true,false,true
MRQ_01879,TGT_0280,source_authority,true,not_available,alta,identificar fonte/autoridade rastreavel do evento,true,false,true
MRQ_01880,TGT_0280,geometry_type,true,bbox,alta,obter geometria oficial (ponto/poligono/bbox) do evento (trilha obter_geometria_oficial),true,true,true
MRQ_01881,TGT_0280,patch_id,true,not_available,media,resolver o patch REV-P correspondente (trilha resolver_patch_link),true,false,true
MRQ_01882,TGT_0280,patch_link_quality,true,not_available,alta,produzir vinculo espacial forte com o patch (trilha resolver_patch_link),true,false,true
MRQ_01883,TGT_0280,uncertainty_m,true,not_available,media,estimar incerteza espacial em metros (trilha estimar_incerteza_espacial),true,false,true
MRQ_01884,TGT_0280,qa_status,true,not_available,alta,executar QA humano e registrar aceite (trilha executar_qa_humano),true,true,true
MRQ_01885,TGT_0280,phenomenon_type,true,urban_flooding,alta,confirmar e separar o fenomeno de inundacao (trilha separar_fenomeno),true,true,true
MRQ_01886,TGT_0281,event_date,true,not_available,alta,resolver data do evento em registro oficial/documental (trilha resolver_data_evento),true,false,true
MRQ_01887,TGT_0281,source_authority,true,not_available,alta,identificar fonte/autoridade rastreavel do evento,true,false,true
MRQ_01888,TGT_0281,geometry_type,true,bbox,alta,obter geometria oficial (ponto/poligono/bbox) do evento (trilha obter_geometria_oficial),true,true,true
MRQ_01889,TGT_0281,patch_id,true,not_available,media,resolver o patch REV-P correspondente (trilha resolver_patch_link),true,false,true
MRQ_01890,TGT_0281,patch_link_quality,true,not_available,alta,produzir vinculo espacial forte com o patch (trilha resolver_patch_link),true,false,true
MRQ_01891,TGT_0281,uncertainty_m,true,not_available,media,estimar incerteza espacial em metros (trilha estimar_incerteza_espacial),true,false,true
MRQ_01892,TGT_0281,qa_status,true,not_available,alta,executar QA humano e registrar aceite (trilha executar_qa_humano),true,true,true
MRQ_01893,TGT_0281,phenomenon_type,true,urban_flooding,alta,confirmar e separar o fenomeno de inundacao (trilha separar_fenomeno),true,true,true
MRQ_01894,TGT_0282,event_date,true,not_available,alta,resolver data do evento em registro oficial/documental (trilha resolver_data_evento),true,false,true
MRQ_01895,TGT_0282,source_authority,true,not_available,alta,identificar fonte/autoridade rastreavel do evento,true,false,true
MRQ_01896,TGT_0282,geometry_type,true,bbox,alta,obter geometria oficial (ponto/poligono/bbox) do evento (trilha obter_geometria_oficial),true,true,true
MRQ_01897,TGT_0282,patch_id,true,not_available,media,resolver o patch REV-P correspondente (trilha resolver_patch_link),true,false,true
MRQ_01898,TGT_0282,patch_link_quality,true,not_available,alta,produzir vinculo espacial forte com o patch (trilha resolver_patch_link),true,false,true
MRQ_01899,TGT_0282,uncertainty_m,true,not_available,media,estimar incerteza espacial em metros (trilha estimar_incerteza_espacial),true,false,true
MRQ_01900,TGT_0282,qa_status,true,not_available,alta,executar QA humano e registrar aceite (trilha executar_qa_humano),true,true,true
MRQ_01901,TGT_0282,phenomenon_type,true,urban_flooding,alta,confirmar e separar o fenomeno de inundacao (trilha separar_fenomeno),true,true,true
MRQ_01902,TGT_0283,event_date,true,not_available,alta,resolver data do evento em registro oficial/documental (trilha resolver_data_evento),true,false,true
MRQ_01903,TGT_0283,source_authority,true,not_available,alta,identificar fonte/autoridade rastreavel do evento,true,false,true
MRQ_01904,TGT_0283,geometry_type,true,bbox,alta,obter geometria oficial (ponto/poligono/bbox) do evento (trilha obter_geometria_oficial),true,true,true
MRQ_01905,TGT_0283,patch_id,true,not_available,media,resolver o patch REV-P correspondente (trilha resolver_patch_link),true,false,true
MRQ_01906,TGT_0283,patch_link_quality,true,not_available,alta,produzir vinculo espacial forte com o patch (trilha resolver_patch_link),true,false,true
MRQ_01907,TGT_0283,uncertainty_m,true,not_available,media,estimar incerteza espacial em metros (trilha estimar_incerteza_espacial),true,false,true
MRQ_01908,TGT_0283,qa_status,true,not_available,alta,executar QA humano e registrar aceite (trilha executar_qa_humano),true,true,true
MRQ_01909,TGT_0283,phenomenon_type,true,urban_flooding,alta,confirmar e separar o fenomeno de inundacao (trilha separar_fenomeno),true,true,true
MRQ_01910,TGT_0284,event_date,true,not_available,alta,resolver data do evento em registro oficial/documental (trilha resolver_data_evento),true,false,true
MRQ_01911,TGT_0284,source_authority,true,not_available,alta,identificar fonte/autoridade rastreavel do evento,true,false,true
MRQ_01912,TGT_0284,geometry_type,true,bbox,alta,obter geometria oficial (ponto/poligono/bbox) do evento (trilha obter_geometria_oficial),true,true,true
MRQ_01913,TGT_0284,patch_id,true,not_available,media,resolver o patch REV-P correspondente (trilha resolver_patch_link),true,false,true
MRQ_01914,TGT_0284,patch_link_quality,true,not_available,alta,produzir vinculo espacial forte com o patch (trilha resolver_patch_link),true,false,true
MRQ_01915,TGT_0284,uncertainty_m,true,not_available,media,estimar incerteza espacial em metros (trilha estimar_incerteza_espacial),true,false,true
MRQ_01916,TGT_0284,qa_status,true,not_available,alta,executar QA humano e registrar aceite (trilha executar_qa_humano),true,true,true
MRQ_01917,TGT_0284,phenomenon_type,true,urban_flooding,alta,confirmar e separar o fenomeno de inundacao (trilha separar_fenomeno),true,true,true
MRQ_01918,TGT_0285,event_date,true,not_available,alta,resolver data do evento em registro oficial/documental (trilha resolver_data_evento),true,false,true
MRQ_01919,TGT_0285,source_authority,true,not_available,alta,identificar fonte/autoridade rastreavel do evento,true,false,true
MRQ_01920,TGT_0285,geometry_type,true,bbox,alta,obter geometria oficial (ponto/poligono/bbox) do evento (trilha obter_geometria_oficial),true,true,true
MRQ_01921,TGT_0285,patch_id,true,not_available,media,resolver o patch REV-P correspondente (trilha resolver_patch_link),true,false,true
MRQ_01922,TGT_0285,patch_link_quality,true,not_available,alta,produzir vinculo espacial forte com o patch (trilha resolver_patch_link),true,false,true
MRQ_01923,TGT_0285,uncertainty_m,true,not_available,media,estimar incerteza espacial em metros (trilha estimar_incerteza_espacial),true,false,true
MRQ_01924,TGT_0285,qa_status,true,not_available,alta,executar QA humano e registrar aceite (trilha executar_qa_humano),true,true,true
MRQ_01925,TGT_0285,phenomenon_type,true,urban_flooding,alta,confirmar e separar o fenomeno de inundacao (trilha separar_fenomeno),true,true,true
MRQ_01926,TGT_0286,event_date,true,not_available,alta,resolver data do evento em registro oficial/documental (trilha resolver_data_evento),true,false,true
MRQ_01927,TGT_0286,source_authority,true,not_available,alta,identificar fonte/autoridade rastreavel do evento,true,false,true
MRQ_01928,TGT_0286,geometry_type,true,bbox,alta,obter geometria oficial (ponto/poligono/bbox) do evento (trilha obter_geometria_oficial),true,true,true
MRQ_01929,TGT_0286,patch_id,true,not_available,media,resolver o patch REV-P correspondente (trilha resolver_patch_link),true,false,true
MRQ_01930,TGT_0286,patch_link_quality,true,not_available,alta,produzir vinculo espacial forte com o patch (trilha resolver_patch_link),true,false,true
MRQ_01931,TGT_0286,uncertainty_m,true,not_available,media,estimar incerteza espacial em metros (trilha estimar_incerteza_espacial),true,false,true
MRQ_01932,TGT_0286,qa_status,true,not_available,alta,executar QA humano e registrar aceite (trilha executar_qa_humano),true,true,true
MRQ_01933,TGT_0286,phenomenon_type,true,urban_flooding,alta,confirmar e separar o fenomeno de inundacao (trilha separar_fenomeno),true,true,true
MRQ_01934,TGT_0287,event_date,true,not_available,alta,resolver data do evento em registro oficial/documental (trilha resolver_data_evento),true,false,true
MRQ_01935,TGT_0287,source_authority,true,not_available,alta,identificar fonte/autoridade rastreavel do evento,true,false,true
MRQ_01936,TGT_0287,geometry_type,true,bbox,alta,obter geometria oficial (ponto/poligono/bbox) do evento (trilha obter_geometria_oficial),true,true,true
MRQ_01937,TGT_0287,patch_id,true,not_available,media,resolver o patch REV-P correspondente (trilha resolver_patch_link),true,false,true
MRQ_01938,TGT_0287,patch_link_quality,true,not_available,alta,produzir vinculo espacial forte com o patch (trilha resolver_patch_link),true,false,true
MRQ_01939,TGT_0287,uncertainty_m,true,not_available,media,estimar incerteza espacial em metros (trilha estimar_incerteza_espacial),true,false,true
MRQ_01940,TGT_0287,qa_status,true,not_available,alta,executar QA humano e registrar aceite (trilha executar_qa_humano),true,true,true
MRQ_01941,TGT_0287,phenomenon_type,true,urban_flooding,alta,confirmar e separar o fenomeno de inundacao (trilha separar_fenomeno),true,true,true
MRQ_01942,TGT_0288,event_date,true,not_available,alta,resolver data do evento em registro oficial/documental (trilha resolver_data_evento),true,false,true
MRQ_01943,TGT_0288,source_authority,true,not_available,alta,identificar fonte/autoridade rastreavel do evento,true,false,true
MRQ_01944,TGT_0288,geometry_type,true,bbox,alta,obter geometria oficial (ponto/poligono/bbox) do evento (trilha obter_geometria_oficial),true,true,true
MRQ_01945,TGT_0288,patch_id,true,not_available,media,resolver o patch REV-P correspondente (trilha resolver_patch_link),true,false,true
MRQ_01946,TGT_0288,patch_link_quality,true,not_available,alta,produzir vinculo espacial forte com o patch (trilha resolver_patch_link),true,false,true
MRQ_01947,TGT_0288,uncertainty_m,true,not_available,media,estimar incerteza espacial em metros (trilha estimar_incerteza_espacial),true,false,true
MRQ_01948,TGT_0288,qa_status,true,not_available,alta,executar QA humano e registrar aceite (trilha executar_qa_humano),true,true,true
MRQ_01949,TGT_0288,phenomenon_type,true,urban_flooding,alta,confirmar e separar o fenomeno de inundacao (trilha separar_fenomeno),true,true,true
MRQ_01950,TGT_0289,event_date,true,not_available,alta,resolver data do evento em registro oficial/documental (trilha resolver_data_evento),true,false,true
MRQ_01951,TGT_0289,source_authority,true,not_available,alta,identificar fonte/autoridade rastreavel do evento,true,false,true
MRQ_01952,TGT_0289,geometry_type,true,bbox,alta,obter geometria oficial (ponto/poligono/bbox) do evento (trilha obter_geometria_oficial),true,true,true
MRQ_01953,TGT_0289,patch_id,true,not_available,media,resolver o patch REV-P correspondente (trilha resolver_patch_link),true,false,true
MRQ_01954,TGT_0289,patch_link_quality,true,not_available,alta,produzir vinculo espacial forte com o patch (trilha resolver_patch_link),true,false,true
MRQ_01955,TGT_0289,uncertainty_m,true,not_available,media,estimar incerteza espacial em metros (trilha estimar_incerteza_espacial),true,false,true
MRQ_01956,TGT_0289,qa_status,true,not_available,alta,executar QA humano e registrar aceite (trilha executar_qa_humano),true,true,true
MRQ_01957,TGT_0289,phenomenon_type,true,urban_flooding,alta,confirmar e separar o fenomeno de inundacao (trilha separar_fenomeno),true,true,true
MRQ_01958,TGT_0290,event_date,true,not_available,alta,resolver data do evento em registro oficial/documental (trilha resolver_data_evento),true,false,true
MRQ_01959,TGT_0290,source_authority,true,not_available,alta,identificar fonte/autoridade rastreavel do evento,true,false,true
MRQ_01960,TGT_0290,geometry_type,true,bbox,alta,obter geometria oficial (ponto/poligono/bbox) do evento (trilha obter_geometria_oficial),true,true,true
MRQ_01961,TGT_0290,patch_id,true,not_available,media,resolver o patch REV-P correspondente (trilha resolver_patch_link),true,false,true
MRQ_01962,TGT_0290,patch_link_quality,true,not_available,alta,produzir vinculo espacial forte com o patch (trilha resolver_patch_link),true,false,true
MRQ_01963,TGT_0290,uncertainty_m,true,not_available,media,estimar incerteza espacial em metros (trilha estimar_incerteza_espacial),true,false,true
MRQ_01964,TGT_0290,qa_status,true,not_available,alta,executar QA humano e registrar aceite (trilha executar_qa_humano),true,true,true
MRQ_01965,TGT_0290,phenomenon_type,true,urban_flooding,alta,confirmar e separar o fenomeno de inundacao (trilha separar_fenomeno),true,true,true
MRQ_01966,TGT_0291,event_date,true,not_available,alta,resolver data do evento em registro oficial/documental (trilha resolver_data_evento),true,false,true
MRQ_01967,TGT_0291,source_authority,true,not_available,alta,identificar fonte/autoridade rastreavel do evento,true,false,true
MRQ_01968,TGT_0291,geometry_type,true,bbox,alta,obter geometria oficial (ponto/poligono/bbox) do evento (trilha obter_geometria_oficial),true,true,true
MRQ_01969,TGT_0291,patch_id,true,not_available,media,resolver o patch REV-P correspondente (trilha resolver_patch_link),true,false,true
MRQ_01970,TGT_0291,patch_link_quality,true,not_available,alta,produzir vinculo espacial forte com o patch (trilha resolver_patch_link),true,false,true
MRQ_01971,TGT_0291,uncertainty_m,true,not_available,media,estimar incerteza espacial em metros (trilha estimar_incerteza_espacial),true,false,true
MRQ_01972,TGT_0291,qa_status,true,not_available,alta,executar QA humano e registrar aceite (trilha executar_qa_humano),true,true,true
MRQ_01973,TGT_0291,phenomenon_type,true,urban_flooding,alta,confirmar e separar o fenomeno de inundacao (trilha separar_fenomeno),true,true,true
MRQ_01974,TGT_0292,event_date,true,not_available,alta,resolver data do evento em registro oficial/documental (trilha resolver_data_evento),true,false,true
MRQ_01975,TGT_0292,source_authority,true,not_available,alta,identificar fonte/autoridade rastreavel do evento,true,false,true
MRQ_01976,TGT_0292,geometry_type,true,bbox,alta,obter geometria oficial (ponto/poligono/bbox) do evento (trilha obter_geometria_oficial),true,true,true
MRQ_01977,TGT_0292,patch_id,true,not_available,media,resolver o patch REV-P correspondente (trilha resolver_patch_link),true,false,true
MRQ_01978,TGT_0292,patch_link_quality,true,not_available,alta,produzir vinculo espacial forte com o patch (trilha resolver_patch_link),true,false,true
MRQ_01979,TGT_0292,uncertainty_m,true,not_available,media,estimar incerteza espacial em metros (trilha estimar_incerteza_espacial),true,false,true
MRQ_01980,TGT_0292,qa_status,true,not_available,alta,executar QA humano e registrar aceite (trilha executar_qa_humano),true,true,true
MRQ_01981,TGT_0292,phenomenon_type,true,urban_flooding,alta,confirmar e separar o fenomeno de inundacao (trilha separar_fenomeno),true,true,true
MRQ_01982,TGT_0293,event_date,true,not_available,alta,resolver data do evento em registro oficial/documental (trilha resolver_data_evento),true,false,true
MRQ_01983,TGT_0293,source_authority,true,not_available,alta,identificar fonte/autoridade rastreavel do evento,true,false,true
MRQ_01984,TGT_0293,geometry_type,true,bbox,alta,obter geometria oficial (ponto/poligono/bbox) do evento (trilha obter_geometria_oficial),true,true,true
MRQ_01985,TGT_0293,patch_id,true,not_available,media,resolver o patch REV-P correspondente (trilha resolver_patch_link),true,false,true
MRQ_01986,TGT_0293,patch_link_quality,true,not_available,alta,produzir vinculo espacial forte com o patch (trilha resolver_patch_link),true,false,true
MRQ_01987,TGT_0293,uncertainty_m,true,not_available,media,estimar incerteza espacial em metros (trilha estimar_incerteza_espacial),true,false,true
MRQ_01988,TGT_0293,qa_status,true,not_available,alta,executar QA humano e registrar aceite (trilha executar_qa_humano),true,true,true
MRQ_01989,TGT_0293,phenomenon_type,true,urban_flooding,alta,confirmar e separar o fenomeno de inundacao (trilha separar_fenomeno),true,true,true
MRQ_01990,TGT_0294,event_date,true,not_available,alta,resolver data do evento em registro oficial/documental (trilha resolver_data_evento),true,false,true
MRQ_01991,TGT_0294,source_authority,true,not_available,alta,identificar fonte/autoridade rastreavel do evento,true,false,true
MRQ_01992,TGT_0294,geometry_type,true,bbox,alta,obter geometria oficial (ponto/poligono/bbox) do evento (trilha obter_geometria_oficial),true,true,true
MRQ_01993,TGT_0294,patch_id,true,not_available,media,resolver o patch REV-P correspondente (trilha resolver_patch_link),true,false,true
MRQ_01994,TGT_0294,patch_link_quality,true,not_available,alta,produzir vinculo espacial forte com o patch (trilha resolver_patch_link),true,false,true
MRQ_01995,TGT_0294,uncertainty_m,true,not_available,media,estimar incerteza espacial em metros (trilha estimar_incerteza_espacial),true,false,true
MRQ_01996,TGT_0294,qa_status,true,not_available,alta,executar QA humano e registrar aceite (trilha executar_qa_humano),true,true,true
MRQ_01997,TGT_0294,phenomenon_type,true,urban_flooding,alta,confirmar e separar o fenomeno de inundacao (trilha separar_fenomeno),true,true,true
MRQ_01998,TGT_0295,event_date,true,not_available,alta,resolver data do evento em registro oficial/documental (trilha resolver_data_evento),true,false,true
MRQ_01999,TGT_0295,source_authority,true,not_available,alta,identificar fonte/autoridade rastreavel do evento,true,false,true
MRQ_02000,TGT_0295,geometry_type,true,bbox,alta,obter geometria oficial (ponto/poligono/bbox) do evento (trilha obter_geometria_oficial),true,true,true
MRQ_02001,TGT_0295,patch_id,true,not_available,media,resolver o patch REV-P correspondente (trilha resolver_patch_link),true,false,true
MRQ_02002,TGT_0295,patch_link_quality,true,not_available,alta,produzir vinculo espacial forte com o patch (trilha resolver_patch_link),true,false,true
MRQ_02003,TGT_0295,uncertainty_m,true,not_available,media,estimar incerteza espacial em metros (trilha estimar_incerteza_espacial),true,false,true
MRQ_02004,TGT_0295,qa_status,true,not_available,alta,executar QA humano e registrar aceite (trilha executar_qa_humano),true,true,true
MRQ_02005,TGT_0295,phenomenon_type,true,urban_flooding,alta,confirmar e separar o fenomeno de inundacao (trilha separar_fenomeno),true,true,true
MRQ_02006,TGT_0296,event_date,true,not_available,alta,resolver data do evento em registro oficial/documental (trilha resolver_data_evento),true,false,true
MRQ_02007,TGT_0296,source_authority,true,not_available,alta,identificar fonte/autoridade rastreavel do evento,true,false,true
MRQ_02008,TGT_0296,geometry_type,true,bbox,alta,obter geometria oficial (ponto/poligono/bbox) do evento (trilha obter_geometria_oficial),true,true,true
MRQ_02009,TGT_0296,patch_id,true,not_available,media,resolver o patch REV-P correspondente (trilha resolver_patch_link),true,false,true
MRQ_02010,TGT_0296,patch_link_quality,true,not_available,alta,produzir vinculo espacial forte com o patch (trilha resolver_patch_link),true,false,true
MRQ_02011,TGT_0296,uncertainty_m,true,not_available,media,estimar incerteza espacial em metros (trilha estimar_incerteza_espacial),true,false,true
MRQ_02012,TGT_0296,qa_status,true,not_available,alta,executar QA humano e registrar aceite (trilha executar_qa_humano),true,true,true
MRQ_02013,TGT_0296,phenomenon_type,true,urban_flooding,alta,confirmar e separar o fenomeno de inundacao (trilha separar_fenomeno),true,true,true
MRQ_02014,TGT_0297,event_date,true,not_available,alta,resolver data do evento em registro oficial/documental (trilha resolver_data_evento),true,false,true
MRQ_02015,TGT_0297,source_authority,true,not_available,alta,identificar fonte/autoridade rastreavel do evento,true,false,true
MRQ_02016,TGT_0297,geometry_type,true,bbox,alta,obter geometria oficial (ponto/poligono/bbox) do evento (trilha obter_geometria_oficial),true,true,true
MRQ_02017,TGT_0297,patch_id,true,not_available,media,resolver o patch REV-P correspondente (trilha resolver_patch_link),true,false,true
MRQ_02018,TGT_0297,patch_link_quality,true,not_available,alta,produzir vinculo espacial forte com o patch (trilha resolver_patch_link),true,false,true
MRQ_02019,TGT_0297,uncertainty_m,true,not_available,media,estimar incerteza espacial em metros (trilha estimar_incerteza_espacial),true,false,true
MRQ_02020,TGT_0297,qa_status,true,not_available,alta,executar QA humano e registrar aceite (trilha executar_qa_humano),true,true,true
MRQ_02021,TGT_0297,phenomenon_type,true,urban_flooding,alta,confirmar e separar o fenomeno de inundacao (trilha separar_fenomeno),true,true,true
MRQ_02022,TGT_0298,event_date,true,not_available,alta,resolver data do evento em registro oficial/documental (trilha resolver_data_evento),true,false,true
MRQ_02023,TGT_0298,source_authority,true,not_available,alta,identificar fonte/autoridade rastreavel do evento,true,false,true
MRQ_02024,TGT_0298,geometry_type,true,bbox,alta,obter geometria oficial (ponto/poligono/bbox) do evento (trilha obter_geometria_oficial),true,true,true
MRQ_02025,TGT_0298,patch_id,true,not_available,media,resolver o patch REV-P correspondente (trilha resolver_patch_link),true,false,true
MRQ_02026,TGT_0298,patch_link_quality,true,not_available,alta,produzir vinculo espacial forte com o patch (trilha resolver_patch_link),true,false,true
MRQ_02027,TGT_0298,uncertainty_m,true,not_available,media,estimar incerteza espacial em metros (trilha estimar_incerteza_espacial),true,false,true
MRQ_02028,TGT_0298,qa_status,true,not_available,alta,executar QA humano e registrar aceite (trilha executar_qa_humano),true,true,true
MRQ_02029,TGT_0298,phenomenon_type,true,urban_flooding,alta,confirmar e separar o fenomeno de inundacao (trilha separar_fenomeno),true,true,true
MRQ_02030,TGT_0299,event_date,true,not_available,alta,resolver data do evento em registro oficial/documental (trilha resolver_data_evento),true,false,true
MRQ_02031,TGT_0299,source_authority,true,not_available,alta,identificar fonte/autoridade rastreavel do evento,true,false,true
MRQ_02032,TGT_0299,geometry_type,true,bbox,alta,obter geometria oficial (ponto/poligono/bbox) do evento (trilha obter_geometria_oficial),true,true,true
MRQ_02033,TGT_0299,patch_id,true,not_available,media,resolver o patch REV-P correspondente (trilha resolver_patch_link),true,false,true
MRQ_02034,TGT_0299,patch_link_quality,true,not_available,alta,produzir vinculo espacial forte com o patch (trilha resolver_patch_link),true,false,true
MRQ_02035,TGT_0299,uncertainty_m,true,not_available,media,estimar incerteza espacial em metros (trilha estimar_incerteza_espacial),true,false,true
MRQ_02036,TGT_0299,qa_status,true,not_available,alta,executar QA humano e registrar aceite (trilha executar_qa_humano),true,true,true
MRQ_02037,TGT_0299,phenomenon_type,true,urban_flooding,alta,confirmar e separar o fenomeno de inundacao (trilha separar_fenomeno),true,true,true
MRQ_02038,TGT_0300,event_date,true,not_available,alta,resolver data do evento em registro oficial/documental (trilha resolver_data_evento),true,false,true
MRQ_02039,TGT_0300,source_authority,true,not_available,alta,identificar fonte/autoridade rastreavel do evento,true,false,true
MRQ_02040,TGT_0300,geometry_type,true,bbox,alta,obter geometria oficial (ponto/poligono/bbox) do evento (trilha obter_geometria_oficial),true,true,true
MRQ_02041,TGT_0300,patch_id,true,not_available,media,resolver o patch REV-P correspondente (trilha resolver_patch_link),true,false,true
MRQ_02042,TGT_0300,patch_link_quality,true,not_available,alta,produzir vinculo espacial forte com o patch (trilha resolver_patch_link),true,false,true
MRQ_02043,TGT_0300,uncertainty_m,true,not_available,media,estimar incerteza espacial em metros (trilha estimar_incerteza_espacial),true,false,true
MRQ_02044,TGT_0300,qa_status,true,not_available,alta,executar QA humano e registrar aceite (trilha executar_qa_humano),true,true,true
MRQ_02045,TGT_0300,phenomenon_type,true,urban_flooding,alta,confirmar e separar o fenomeno de inundacao (trilha separar_fenomeno),true,true,true
MRQ_02046,TGT_0301,event_date,true,not_available,alta,resolver data do evento em registro oficial/documental (trilha resolver_data_evento),true,false,true
MRQ_02047,TGT_0301,source_authority,true,not_available,alta,identificar fonte/autoridade rastreavel do evento,true,false,true
MRQ_02048,TGT_0301,geometry_type,true,bbox,alta,obter geometria oficial (ponto/poligono/bbox) do evento (trilha obter_geometria_oficial),true,true,true
MRQ_02049,TGT_0301,patch_id,true,not_available,media,resolver o patch REV-P correspondente (trilha resolver_patch_link),true,false,true
MRQ_02050,TGT_0301,patch_link_quality,true,not_available,alta,produzir vinculo espacial forte com o patch (trilha resolver_patch_link),true,false,true
MRQ_02051,TGT_0301,uncertainty_m,true,not_available,media,estimar incerteza espacial em metros (trilha estimar_incerteza_espacial),true,false,true
MRQ_02052,TGT_0301,qa_status,true,not_available,alta,executar QA humano e registrar aceite (trilha executar_qa_humano),true,true,true
MRQ_02053,TGT_0301,phenomenon_type,true,urban_flooding,alta,confirmar e separar o fenomeno de inundacao (trilha separar_fenomeno),true,true,true
MRQ_02054,TGT_0302,event_date,true,not_available,alta,resolver data do evento em registro oficial/documental (trilha resolver_data_evento),true,false,true
MRQ_02055,TGT_0302,source_authority,true,not_available,alta,identificar fonte/autoridade rastreavel do evento,true,false,true
MRQ_02056,TGT_0302,geometry_type,true,bbox,alta,obter geometria oficial (ponto/poligono/bbox) do evento (trilha obter_geometria_oficial),true,true,true
MRQ_02057,TGT_0302,patch_id,true,not_available,media,resolver o patch REV-P correspondente (trilha resolver_patch_link),true,false,true
MRQ_02058,TGT_0302,patch_link_quality,true,not_available,alta,produzir vinculo espacial forte com o patch (trilha resolver_patch_link),true,false,true
MRQ_02059,TGT_0302,uncertainty_m,true,not_available,media,estimar incerteza espacial em metros (trilha estimar_incerteza_espacial),true,false,true
MRQ_02060,TGT_0302,qa_status,true,not_available,alta,executar QA humano e registrar aceite (trilha executar_qa_humano),true,true,true
MRQ_02061,TGT_0302,phenomenon_type,true,urban_flooding,alta,confirmar e separar o fenomeno de inundacao (trilha separar_fenomeno),true,true,true
MRQ_02062,TGT_0303,event_date,true,not_available,alta,resolver data do evento em registro oficial/documental (trilha resolver_data_evento),true,false,true
MRQ_02063,TGT_0303,source_authority,true,not_available,alta,identificar fonte/autoridade rastreavel do evento,true,false,true
MRQ_02064,TGT_0303,geometry_type,true,bbox,alta,obter geometria oficial (ponto/poligono/bbox) do evento (trilha obter_geometria_oficial),true,true,true
MRQ_02065,TGT_0303,patch_id,true,not_available,media,resolver o patch REV-P correspondente (trilha resolver_patch_link),true,false,true
MRQ_02066,TGT_0303,patch_link_quality,true,not_available,alta,produzir vinculo espacial forte com o patch (trilha resolver_patch_link),true,false,true
MRQ_02067,TGT_0303,uncertainty_m,true,not_available,media,estimar incerteza espacial em metros (trilha estimar_incerteza_espacial),true,false,true
MRQ_02068,TGT_0303,qa_status,true,not_available,alta,executar QA humano e registrar aceite (trilha executar_qa_humano),true,true,true
MRQ_02069,TGT_0303,phenomenon_type,true,urban_flooding,alta,confirmar e separar o fenomeno de inundacao (trilha separar_fenomeno),true,true,true
MRQ_02070,TGT_0304,event_date,true,not_available,alta,resolver data do evento em registro oficial/documental (trilha resolver_data_evento),true,false,true
MRQ_02071,TGT_0304,source_authority,true,not_available,alta,identificar fonte/autoridade rastreavel do evento,true,false,true
MRQ_02072,TGT_0304,geometry_type,true,bbox,alta,obter geometria oficial (ponto/poligono/bbox) do evento (trilha obter_geometria_oficial),true,true,true
MRQ_02073,TGT_0304,patch_id,true,not_available,media,resolver o patch REV-P correspondente (trilha resolver_patch_link),true,false,true
MRQ_02074,TGT_0304,patch_link_quality,true,not_available,alta,produzir vinculo espacial forte com o patch (trilha resolver_patch_link),true,false,true
MRQ_02075,TGT_0304,uncertainty_m,true,not_available,media,estimar incerteza espacial em metros (trilha estimar_incerteza_espacial),true,false,true
MRQ_02076,TGT_0304,qa_status,true,not_available,alta,executar QA humano e registrar aceite (trilha executar_qa_humano),true,true,true
MRQ_02077,TGT_0304,phenomenon_type,true,urban_flooding,alta,confirmar e separar o fenomeno de inundacao (trilha separar_fenomeno),true,true,true
MRQ_02078,TGT_0305,event_date,true,not_available,alta,resolver data do evento em registro oficial/documental (trilha resolver_data_evento),true,false,true
MRQ_02079,TGT_0305,source_authority,true,not_available,alta,identificar fonte/autoridade rastreavel do evento,true,false,true
MRQ_02080,TGT_0305,geometry_type,true,bbox,alta,obter geometria oficial (ponto/poligono/bbox) do evento (trilha obter_geometria_oficial),true,true,true
MRQ_02081,TGT_0305,patch_id,true,not_available,media,resolver o patch REV-P correspondente (trilha resolver_patch_link),true,false,true
MRQ_02082,TGT_0305,patch_link_quality,true,not_available,alta,produzir vinculo espacial forte com o patch (trilha resolver_patch_link),true,false,true
MRQ_02083,TGT_0305,uncertainty_m,true,not_available,media,estimar incerteza espacial em metros (trilha estimar_incerteza_espacial),true,false,true
MRQ_02084,TGT_0305,qa_status,true,not_available,alta,executar QA humano e registrar aceite (trilha executar_qa_humano),true,true,true
MRQ_02085,TGT_0305,phenomenon_type,true,urban_flooding,alta,confirmar e separar o fenomeno de inundacao (trilha separar_fenomeno),true,true,true
MRQ_02086,TGT_0306,event_date,true,not_available,alta,resolver data do evento em registro oficial/documental (trilha resolver_data_evento),true,false,true
MRQ_02087,TGT_0306,source_authority,true,not_available,alta,identificar fonte/autoridade rastreavel do evento,true,false,true
MRQ_02088,TGT_0306,geometry_type,true,bbox,alta,obter geometria oficial (ponto/poligono/bbox) do evento (trilha obter_geometria_oficial),true,true,true
MRQ_02089,TGT_0306,patch_id,true,not_available,media,resolver o patch REV-P correspondente (trilha resolver_patch_link),true,false,true
MRQ_02090,TGT_0306,patch_link_quality,true,not_available,alta,produzir vinculo espacial forte com o patch (trilha resolver_patch_link),true,false,true
MRQ_02091,TGT_0306,uncertainty_m,true,not_available,media,estimar incerteza espacial em metros (trilha estimar_incerteza_espacial),true,false,true
MRQ_02092,TGT_0306,qa_status,true,not_available,alta,executar QA humano e registrar aceite (trilha executar_qa_humano),true,true,true
MRQ_02093,TGT_0306,phenomenon_type,true,urban_flooding,alta,confirmar e separar o fenomeno de inundacao (trilha separar_fenomeno),true,true,true
MRQ_02094,TGT_0307,event_date,true,not_available,alta,resolver data do evento em registro oficial/documental (trilha resolver_data_evento),true,false,true
MRQ_02095,TGT_0307,source_authority,true,not_available,alta,identificar fonte/autoridade rastreavel do evento,true,false,true
MRQ_02096,TGT_0307,geometry_type,true,bbox,alta,obter geometria oficial (ponto/poligono/bbox) do evento (trilha obter_geometria_oficial),true,true,true
MRQ_02097,TGT_0307,patch_id,true,not_available,media,resolver o patch REV-P correspondente (trilha resolver_patch_link),true,false,true
MRQ_02098,TGT_0307,patch_link_quality,true,not_available,alta,produzir vinculo espacial forte com o patch (trilha resolver_patch_link),true,false,true
MRQ_02099,TGT_0307,uncertainty_m,true,not_available,media,estimar incerteza espacial em metros (trilha estimar_incerteza_espacial),true,false,true
MRQ_02100,TGT_0307,qa_status,true,not_available,alta,executar QA humano e registrar aceite (trilha executar_qa_humano),true,true,true
MRQ_02101,TGT_0307,phenomenon_type,true,urban_flooding,alta,confirmar e separar o fenomeno de inundacao (trilha separar_fenomeno),true,true,true
MRQ_02102,TGT_0308,event_date,true,not_available,alta,resolver data do evento em registro oficial/documental (trilha resolver_data_evento),true,false,true
MRQ_02103,TGT_0308,source_authority,true,not_available,alta,identificar fonte/autoridade rastreavel do evento,true,false,true
MRQ_02104,TGT_0308,geometry_type,true,bbox,alta,obter geometria oficial (ponto/poligono/bbox) do evento (trilha obter_geometria_oficial),true,true,true
MRQ_02105,TGT_0308,patch_id,true,not_available,media,resolver o patch REV-P correspondente (trilha resolver_patch_link),true,false,true
MRQ_02106,TGT_0308,patch_link_quality,true,not_available,alta,produzir vinculo espacial forte com o patch (trilha resolver_patch_link),true,false,true
MRQ_02107,TGT_0308,uncertainty_m,true,not_available,media,estimar incerteza espacial em metros (trilha estimar_incerteza_espacial),true,false,true
MRQ_02108,TGT_0308,qa_status,true,not_available,alta,executar QA humano e registrar aceite (trilha executar_qa_humano),true,true,true
MRQ_02109,TGT_0308,phenomenon_type,true,urban_flooding,alta,confirmar e separar o fenomeno de inundacao (trilha separar_fenomeno),true,true,true
MRQ_02110,TGT_0309,event_date,true,not_available,alta,resolver data do evento em registro oficial/documental (trilha resolver_data_evento),true,false,true
MRQ_02111,TGT_0309,source_authority,true,not_available,alta,identificar fonte/autoridade rastreavel do evento,true,false,true
MRQ_02112,TGT_0309,geometry_type,true,bbox,alta,obter geometria oficial (ponto/poligono/bbox) do evento (trilha obter_geometria_oficial),true,true,true
MRQ_02113,TGT_0309,patch_id,true,not_available,media,resolver o patch REV-P correspondente (trilha resolver_patch_link),true,false,true
MRQ_02114,TGT_0309,patch_link_quality,true,not_available,alta,produzir vinculo espacial forte com o patch (trilha resolver_patch_link),true,false,true
MRQ_02115,TGT_0309,uncertainty_m,true,not_available,media,estimar incerteza espacial em metros (trilha estimar_incerteza_espacial),true,false,true
MRQ_02116,TGT_0309,qa_status,true,not_available,alta,executar QA humano e registrar aceite (trilha executar_qa_humano),true,true,true
MRQ_02117,TGT_0309,phenomenon_type,true,urban_flooding,alta,confirmar e separar o fenomeno de inundacao (trilha separar_fenomeno),true,true,true
MRQ_02118,TGT_0310,event_date,true,not_available,alta,resolver data do evento em registro oficial/documental (trilha resolver_data_evento),true,false,true
MRQ_02119,TGT_0310,source_authority,true,not_available,alta,identificar fonte/autoridade rastreavel do evento,true,false,true
MRQ_02120,TGT_0310,geometry_type,true,bbox,alta,obter geometria oficial (ponto/poligono/bbox) do evento (trilha obter_geometria_oficial),true,true,true
MRQ_02121,TGT_0310,patch_id,true,not_available,media,resolver o patch REV-P correspondente (trilha resolver_patch_link),true,false,true
MRQ_02122,TGT_0310,patch_link_quality,true,not_available,alta,produzir vinculo espacial forte com o patch (trilha resolver_patch_link),true,false,true
MRQ_02123,TGT_0310,uncertainty_m,true,not_available,media,estimar incerteza espacial em metros (trilha estimar_incerteza_espacial),true,false,true
MRQ_02124,TGT_0310,qa_status,true,not_available,alta,executar QA humano e registrar aceite (trilha executar_qa_humano),true,true,true
MRQ_02125,TGT_0310,phenomenon_type,true,urban_flooding,alta,confirmar e separar o fenomeno de inundacao (trilha separar_fenomeno),true,true,true
MRQ_02126,TGT_0311,event_date,true,not_available,alta,resolver data do evento em registro oficial/documental (trilha resolver_data_evento),true,false,true
MRQ_02127,TGT_0311,source_authority,true,not_available,alta,identificar fonte/autoridade rastreavel do evento,true,false,true
MRQ_02128,TGT_0311,geometry_type,true,bbox,alta,obter geometria oficial (ponto/poligono/bbox) do evento (trilha obter_geometria_oficial),true,true,true
MRQ_02129,TGT_0311,patch_id,true,not_available,media,resolver o patch REV-P correspondente (trilha resolver_patch_link),true,false,true
MRQ_02130,TGT_0311,patch_link_quality,true,not_available,alta,produzir vinculo espacial forte com o patch (trilha resolver_patch_link),true,false,true
MRQ_02131,TGT_0311,uncertainty_m,true,not_available,media,estimar incerteza espacial em metros (trilha estimar_incerteza_espacial),true,false,true
MRQ_02132,TGT_0311,qa_status,true,not_available,alta,executar QA humano e registrar aceite (trilha executar_qa_humano),true,true,true
MRQ_02133,TGT_0311,phenomenon_type,true,urban_flooding,alta,confirmar e separar o fenomeno de inundacao (trilha separar_fenomeno),true,true,true
MRQ_02134,TGT_0312,event_date,true,not_available,alta,resolver data do evento em registro oficial/documental (trilha resolver_data_evento),true,false,true
MRQ_02135,TGT_0312,source_authority,true,not_available,alta,identificar fonte/autoridade rastreavel do evento,true,false,true
MRQ_02136,TGT_0312,geometry_type,true,bbox,alta,obter geometria oficial (ponto/poligono/bbox) do evento (trilha obter_geometria_oficial),true,true,true
MRQ_02137,TGT_0312,patch_id,true,not_available,media,resolver o patch REV-P correspondente (trilha resolver_patch_link),true,false,true
MRQ_02138,TGT_0312,patch_link_quality,true,not_available,alta,produzir vinculo espacial forte com o patch (trilha resolver_patch_link),true,false,true
MRQ_02139,TGT_0312,uncertainty_m,true,not_available,media,estimar incerteza espacial em metros (trilha estimar_incerteza_espacial),true,false,true
MRQ_02140,TGT_0312,qa_status,true,not_available,alta,executar QA humano e registrar aceite (trilha executar_qa_humano),true,true,true
MRQ_02141,TGT_0312,phenomenon_type,true,urban_flooding,alta,confirmar e separar o fenomeno de inundacao (trilha separar_fenomeno),true,true,true
MRQ_02142,TGT_0313,event_date,true,not_available,alta,resolver data do evento em registro oficial/documental (trilha resolver_data_evento),true,false,true
MRQ_02143,TGT_0313,source_authority,true,not_available,alta,identificar fonte/autoridade rastreavel do evento,true,false,true
MRQ_02144,TGT_0313,geometry_type,true,bbox,alta,obter geometria oficial (ponto/poligono/bbox) do evento (trilha obter_geometria_oficial),true,true,true
MRQ_02145,TGT_0313,patch_id,true,not_available,media,resolver o patch REV-P correspondente (trilha resolver_patch_link),true,false,true
MRQ_02146,TGT_0313,patch_link_quality,true,not_available,alta,produzir vinculo espacial forte com o patch (trilha resolver_patch_link),true,false,true
MRQ_02147,TGT_0313,uncertainty_m,true,not_available,media,estimar incerteza espacial em metros (trilha estimar_incerteza_espacial),true,false,true
MRQ_02148,TGT_0313,qa_status,true,not_available,alta,executar QA humano e registrar aceite (trilha executar_qa_humano),true,true,true
MRQ_02149,TGT_0313,phenomenon_type,true,urban_flooding,alta,confirmar e separar o fenomeno de inundacao (trilha separar_fenomeno),true,true,true
MRQ_02150,TGT_0314,event_date,true,not_available,alta,resolver data do evento em registro oficial/documental (trilha resolver_data_evento),true,false,true
MRQ_02151,TGT_0314,source_authority,true,not_available,alta,identificar fonte/autoridade rastreavel do evento,true,false,true
MRQ_02152,TGT_0314,geometry_type,true,bbox,alta,obter geometria oficial (ponto/poligono/bbox) do evento (trilha obter_geometria_oficial),true,true,true
MRQ_02153,TGT_0314,patch_id,true,not_available,media,resolver o patch REV-P correspondente (trilha resolver_patch_link),true,false,true
MRQ_02154,TGT_0314,patch_link_quality,true,not_available,alta,produzir vinculo espacial forte com o patch (trilha resolver_patch_link),true,false,true
MRQ_02155,TGT_0314,uncertainty_m,true,not_available,media,estimar incerteza espacial em metros (trilha estimar_incerteza_espacial),true,false,true
MRQ_02156,TGT_0314,qa_status,true,not_available,alta,executar QA humano e registrar aceite (trilha executar_qa_humano),true,true,true
MRQ_02157,TGT_0314,phenomenon_type,true,urban_flooding,alta,confirmar e separar o fenomeno de inundacao (trilha separar_fenomeno),true,true,true
MRQ_02158,TGT_0315,event_date,true,not_available,alta,resolver data do evento em registro oficial/documental (trilha resolver_data_evento),true,false,true
MRQ_02159,TGT_0315,source_authority,true,not_available,alta,identificar fonte/autoridade rastreavel do evento,true,false,true
MRQ_02160,TGT_0315,geometry_type,true,bbox,alta,obter geometria oficial (ponto/poligono/bbox) do evento (trilha obter_geometria_oficial),true,true,true
MRQ_02161,TGT_0315,patch_id,true,not_available,media,resolver o patch REV-P correspondente (trilha resolver_patch_link),true,false,true
MRQ_02162,TGT_0315,patch_link_quality,true,not_available,alta,produzir vinculo espacial forte com o patch (trilha resolver_patch_link),true,false,true
MRQ_02163,TGT_0315,uncertainty_m,true,not_available,media,estimar incerteza espacial em metros (trilha estimar_incerteza_espacial),true,false,true
MRQ_02164,TGT_0315,qa_status,true,not_available,alta,executar QA humano e registrar aceite (trilha executar_qa_humano),true,true,true
MRQ_02165,TGT_0315,phenomenon_type,true,urban_flooding,alta,confirmar e separar o fenomeno de inundacao (trilha separar_fenomeno),true,true,true
MRQ_02166,TGT_0316,event_date,true,not_available,alta,resolver data do evento em registro oficial/documental (trilha resolver_data_evento),true,false,true
MRQ_02167,TGT_0316,source_authority,true,not_available,alta,identificar fonte/autoridade rastreavel do evento,true,false,true
MRQ_02168,TGT_0316,geometry_type,true,bbox,alta,obter geometria oficial (ponto/poligono/bbox) do evento (trilha obter_geometria_oficial),true,true,true
MRQ_02169,TGT_0316,patch_id,true,not_available,media,resolver o patch REV-P correspondente (trilha resolver_patch_link),true,false,true
MRQ_02170,TGT_0316,patch_link_quality,true,not_available,alta,produzir vinculo espacial forte com o patch (trilha resolver_patch_link),true,false,true
MRQ_02171,TGT_0316,uncertainty_m,true,not_available,media,estimar incerteza espacial em metros (trilha estimar_incerteza_espacial),true,false,true
MRQ_02172,TGT_0316,qa_status,true,not_available,alta,executar QA humano e registrar aceite (trilha executar_qa_humano),true,true,true
MRQ_02173,TGT_0316,phenomenon_type,true,urban_flooding,alta,confirmar e separar o fenomeno de inundacao (trilha separar_fenomeno),true,true,true
MRQ_02174,TGT_0317,event_date,true,not_available,alta,resolver data do evento em registro oficial/documental (trilha resolver_data_evento),true,false,true
MRQ_02175,TGT_0317,source_authority,true,not_available,alta,identificar fonte/autoridade rastreavel do evento,true,false,true
MRQ_02176,TGT_0317,geometry_type,true,bbox,alta,obter geometria oficial (ponto/poligono/bbox) do evento (trilha obter_geometria_oficial),true,true,true
MRQ_02177,TGT_0317,patch_id,true,not_available,media,resolver o patch REV-P correspondente (trilha resolver_patch_link),true,false,true
MRQ_02178,TGT_0317,patch_link_quality,true,not_available,alta,produzir vinculo espacial forte com o patch (trilha resolver_patch_link),true,false,true
MRQ_02179,TGT_0317,uncertainty_m,true,not_available,media,estimar incerteza espacial em metros (trilha estimar_incerteza_espacial),true,false,true
MRQ_02180,TGT_0317,qa_status,true,not_available,alta,executar QA humano e registrar aceite (trilha executar_qa_humano),true,true,true
MRQ_02181,TGT_0317,phenomenon_type,true,urban_flooding,alta,confirmar e separar o fenomeno de inundacao (trilha separar_fenomeno),true,true,true
MRQ_02182,TGT_0318,event_date,true,not_available,alta,resolver data do evento em registro oficial/documental (trilha resolver_data_evento),true,false,true
MRQ_02183,TGT_0318,source_authority,true,not_available,alta,identificar fonte/autoridade rastreavel do evento,true,false,true
MRQ_02184,TGT_0318,geometry_type,true,bbox,alta,obter geometria oficial (ponto/poligono/bbox) do evento (trilha obter_geometria_oficial),true,true,true
MRQ_02185,TGT_0318,patch_id,true,not_available,media,resolver o patch REV-P correspondente (trilha resolver_patch_link),true,false,true
MRQ_02186,TGT_0318,patch_link_quality,true,not_available,alta,produzir vinculo espacial forte com o patch (trilha resolver_patch_link),true,false,true
MRQ_02187,TGT_0318,uncertainty_m,true,not_available,media,estimar incerteza espacial em metros (trilha estimar_incerteza_espacial),true,false,true
MRQ_02188,TGT_0318,qa_status,true,not_available,alta,executar QA humano e registrar aceite (trilha executar_qa_humano),true,true,true
MRQ_02189,TGT_0318,phenomenon_type,true,urban_flooding,alta,confirmar e separar o fenomeno de inundacao (trilha separar_fenomeno),true,true,true
MRQ_02190,TGT_0319,event_date,true,not_available,alta,resolver data do evento em registro oficial/documental (trilha resolver_data_evento),true,false,true
MRQ_02191,TGT_0319,source_authority,true,not_available,alta,identificar fonte/autoridade rastreavel do evento,true,false,true
MRQ_02192,TGT_0319,geometry_type,true,bbox,alta,obter geometria oficial (ponto/poligono/bbox) do evento (trilha obter_geometria_oficial),true,true,true
MRQ_02193,TGT_0319,patch_id,true,not_available,media,resolver o patch REV-P correspondente (trilha resolver_patch_link),true,false,true
MRQ_02194,TGT_0319,patch_link_quality,true,not_available,alta,produzir vinculo espacial forte com o patch (trilha resolver_patch_link),true,false,true
MRQ_02195,TGT_0319,uncertainty_m,true,not_available,media,estimar incerteza espacial em metros (trilha estimar_incerteza_espacial),true,false,true
MRQ_02196,TGT_0319,qa_status,true,not_available,alta,executar QA humano e registrar aceite (trilha executar_qa_humano),true,true,true
MRQ_02197,TGT_0319,phenomenon_type,true,urban_flooding,alta,confirmar e separar o fenomeno de inundacao (trilha separar_fenomeno),true,true,true
MRQ_02198,TGT_0320,event_date,true,not_available,alta,resolver data do evento em registro oficial/documental (trilha resolver_data_evento),true,false,true
MRQ_02199,TGT_0320,source_authority,true,not_available,alta,identificar fonte/autoridade rastreavel do evento,true,false,true
MRQ_02200,TGT_0320,geometry_type,true,bbox,alta,obter geometria oficial (ponto/poligono/bbox) do evento (trilha obter_geometria_oficial),true,true,true
MRQ_02201,TGT_0320,patch_id,true,not_available,media,resolver o patch REV-P correspondente (trilha resolver_patch_link),true,false,true
MRQ_02202,TGT_0320,patch_link_quality,true,not_available,alta,produzir vinculo espacial forte com o patch (trilha resolver_patch_link),true,false,true
MRQ_02203,TGT_0320,uncertainty_m,true,not_available,media,estimar incerteza espacial em metros (trilha estimar_incerteza_espacial),true,false,true
MRQ_02204,TGT_0320,qa_status,true,not_available,alta,executar QA humano e registrar aceite (trilha executar_qa_humano),true,true,true
MRQ_02205,TGT_0320,phenomenon_type,true,urban_flooding,alta,confirmar e separar o fenomeno de inundacao (trilha separar_fenomeno),true,true,true
MRQ_02206,TGT_0321,event_date,true,not_available,alta,resolver data do evento em registro oficial/documental (trilha resolver_data_evento),true,false,true
MRQ_02207,TGT_0321,source_authority,true,not_available,alta,identificar fonte/autoridade rastreavel do evento,true,false,true
MRQ_02208,TGT_0321,geometry_type,true,bbox,alta,obter geometria oficial (ponto/poligono/bbox) do evento (trilha obter_geometria_oficial),true,true,true
MRQ_02209,TGT_0321,patch_id,true,not_available,media,resolver o patch REV-P correspondente (trilha resolver_patch_link),true,false,true
MRQ_02210,TGT_0321,patch_link_quality,true,not_available,alta,produzir vinculo espacial forte com o patch (trilha resolver_patch_link),true,false,true
MRQ_02211,TGT_0321,uncertainty_m,true,not_available,media,estimar incerteza espacial em metros (trilha estimar_incerteza_espacial),true,false,true
MRQ_02212,TGT_0321,qa_status,true,not_available,alta,executar QA humano e registrar aceite (trilha executar_qa_humano),true,true,true
MRQ_02213,TGT_0321,phenomenon_type,true,urban_flooding,alta,confirmar e separar o fenomeno de inundacao (trilha separar_fenomeno),true,true,true
MRQ_02214,TGT_0322,event_date,true,not_available,alta,resolver data do evento em registro oficial/documental (trilha resolver_data_evento),true,false,true
MRQ_02215,TGT_0322,source_authority,true,not_available,alta,identificar fonte/autoridade rastreavel do evento,true,false,true
MRQ_02216,TGT_0322,geometry_type,true,bbox,alta,obter geometria oficial (ponto/poligono/bbox) do evento (trilha obter_geometria_oficial),true,true,true
MRQ_02217,TGT_0322,patch_id,true,not_available,media,resolver o patch REV-P correspondente (trilha resolver_patch_link),true,false,true
MRQ_02218,TGT_0322,patch_link_quality,true,not_available,alta,produzir vinculo espacial forte com o patch (trilha resolver_patch_link),true,false,true
MRQ_02219,TGT_0322,uncertainty_m,true,not_available,media,estimar incerteza espacial em metros (trilha estimar_incerteza_espacial),true,false,true
MRQ_02220,TGT_0322,qa_status,true,not_available,alta,executar QA humano e registrar aceite (trilha executar_qa_humano),true,true,true
MRQ_02221,TGT_0322,phenomenon_type,true,urban_flooding,alta,confirmar e separar o fenomeno de inundacao (trilha separar_fenomeno),true,true,true
MRQ_02222,TGT_0323,event_date,true,not_available,alta,resolver data do evento em registro oficial/documental (trilha resolver_data_evento),true,false,true
MRQ_02223,TGT_0323,source_authority,true,not_available,alta,identificar fonte/autoridade rastreavel do evento,true,false,true
MRQ_02224,TGT_0323,geometry_type,true,bbox,alta,obter geometria oficial (ponto/poligono/bbox) do evento (trilha obter_geometria_oficial),true,true,true
MRQ_02225,TGT_0323,patch_id,true,not_available,media,resolver o patch REV-P correspondente (trilha resolver_patch_link),true,false,true
MRQ_02226,TGT_0323,patch_link_quality,true,not_available,alta,produzir vinculo espacial forte com o patch (trilha resolver_patch_link),true,false,true
MRQ_02227,TGT_0323,uncertainty_m,true,not_available,media,estimar incerteza espacial em metros (trilha estimar_incerteza_espacial),true,false,true
MRQ_02228,TGT_0323,qa_status,true,not_available,alta,executar QA humano e registrar aceite (trilha executar_qa_humano),true,true,true
MRQ_02229,TGT_0323,phenomenon_type,true,urban_flooding,alta,confirmar e separar o fenomeno de inundacao (trilha separar_fenomeno),true,true,true
MRQ_02230,TGT_0324,event_date,true,not_available,alta,resolver data do evento em registro oficial/documental (trilha resolver_data_evento),true,false,true
MRQ_02231,TGT_0324,source_authority,true,not_available,alta,identificar fonte/autoridade rastreavel do evento,true,false,true
MRQ_02232,TGT_0324,geometry_type,true,bbox,alta,obter geometria oficial (ponto/poligono/bbox) do evento (trilha obter_geometria_oficial),true,true,true
MRQ_02233,TGT_0324,patch_id,true,not_available,media,resolver o patch REV-P correspondente (trilha resolver_patch_link),true,false,true
MRQ_02234,TGT_0324,patch_link_quality,true,not_available,alta,produzir vinculo espacial forte com o patch (trilha resolver_patch_link),true,false,true
MRQ_02235,TGT_0324,uncertainty_m,true,not_available,media,estimar incerteza espacial em metros (trilha estimar_incerteza_espacial),true,false,true
MRQ_02236,TGT_0324,qa_status,true,not_available,alta,executar QA humano e registrar aceite (trilha executar_qa_humano),true,true,true
MRQ_02237,TGT_0324,phenomenon_type,true,urban_flooding,alta,confirmar e separar o fenomeno de inundacao (trilha separar_fenomeno),true,true,true
MRQ_02238,TGT_0325,event_date,true,not_available,alta,resolver data do evento em registro oficial/documental (trilha resolver_data_evento),true,false,true
MRQ_02239,TGT_0325,source_authority,true,not_available,alta,identificar fonte/autoridade rastreavel do evento,true,false,true
MRQ_02240,TGT_0325,geometry_type,true,bbox,alta,obter geometria oficial (ponto/poligono/bbox) do evento (trilha obter_geometria_oficial),true,true,true
MRQ_02241,TGT_0325,patch_id,true,not_available,media,resolver o patch REV-P correspondente (trilha resolver_patch_link),true,false,true
MRQ_02242,TGT_0325,patch_link_quality,true,not_available,alta,produzir vinculo espacial forte com o patch (trilha resolver_patch_link),true,false,true
MRQ_02243,TGT_0325,uncertainty_m,true,not_available,media,estimar incerteza espacial em metros (trilha estimar_incerteza_espacial),true,false,true
MRQ_02244,TGT_0325,qa_status,true,not_available,alta,executar QA humano e registrar aceite (trilha executar_qa_humano),true,true,true
MRQ_02245,TGT_0325,phenomenon_type,true,urban_flooding,alta,confirmar e separar o fenomeno de inundacao (trilha separar_fenomeno),true,true,true
MRQ_02246,TGT_0326,event_date,true,not_available,alta,resolver data do evento em registro oficial/documental (trilha resolver_data_evento),true,false,true
MRQ_02247,TGT_0326,source_authority,true,not_available,alta,identificar fonte/autoridade rastreavel do evento,true,false,true
MRQ_02248,TGT_0326,geometry_type,true,bbox,alta,obter geometria oficial (ponto/poligono/bbox) do evento (trilha obter_geometria_oficial),true,true,true
MRQ_02249,TGT_0326,patch_id,true,not_available,media,resolver o patch REV-P correspondente (trilha resolver_patch_link),true,false,true
MRQ_02250,TGT_0326,patch_link_quality,true,not_available,alta,produzir vinculo espacial forte com o patch (trilha resolver_patch_link),true,false,true
MRQ_02251,TGT_0326,uncertainty_m,true,not_available,media,estimar incerteza espacial em metros (trilha estimar_incerteza_espacial),true,false,true
MRQ_02252,TGT_0326,qa_status,true,not_available,alta,executar QA humano e registrar aceite (trilha executar_qa_humano),true,true,true
MRQ_02253,TGT_0326,phenomenon_type,true,urban_flooding,alta,confirmar e separar o fenomeno de inundacao (trilha separar_fenomeno),true,true,true
MRQ_02254,TGT_0327,event_date,true,not_available,alta,resolver data do evento em registro oficial/documental (trilha resolver_data_evento),true,false,true
MRQ_02255,TGT_0327,source_authority,true,not_available,alta,identificar fonte/autoridade rastreavel do evento,true,false,true
MRQ_02256,TGT_0327,geometry_type,true,bbox,alta,obter geometria oficial (ponto/poligono/bbox) do evento (trilha obter_geometria_oficial),true,true,true
MRQ_02257,TGT_0327,patch_id,true,not_available,media,resolver o patch REV-P correspondente (trilha resolver_patch_link),true,false,true
MRQ_02258,TGT_0327,patch_link_quality,true,not_available,alta,produzir vinculo espacial forte com o patch (trilha resolver_patch_link),true,false,true
MRQ_02259,TGT_0327,uncertainty_m,true,not_available,media,estimar incerteza espacial em metros (trilha estimar_incerteza_espacial),true,false,true
MRQ_02260,TGT_0327,qa_status,true,not_available,alta,executar QA humano e registrar aceite (trilha executar_qa_humano),true,true,true
MRQ_02261,TGT_0327,phenomenon_type,true,urban_flooding,alta,confirmar e separar o fenomeno de inundacao (trilha separar_fenomeno),true,true,true
MRQ_02262,TGT_0328,event_date,true,not_available,alta,resolver data do evento em registro oficial/documental (trilha resolver_data_evento),true,false,true
MRQ_02263,TGT_0328,source_authority,true,not_available,alta,identificar fonte/autoridade rastreavel do evento,true,false,true
MRQ_02264,TGT_0328,geometry_type,true,bbox,alta,obter geometria oficial (ponto/poligono/bbox) do evento (trilha obter_geometria_oficial),true,true,true
MRQ_02265,TGT_0328,patch_id,true,not_available,media,resolver o patch REV-P correspondente (trilha resolver_patch_link),true,false,true
MRQ_02266,TGT_0328,patch_link_quality,true,not_available,alta,produzir vinculo espacial forte com o patch (trilha resolver_patch_link),true,false,true
MRQ_02267,TGT_0328,uncertainty_m,true,not_available,media,estimar incerteza espacial em metros (trilha estimar_incerteza_espacial),true,false,true
MRQ_02268,TGT_0328,qa_status,true,not_available,alta,executar QA humano e registrar aceite (trilha executar_qa_humano),true,true,true
MRQ_02269,TGT_0328,phenomenon_type,true,urban_flooding,alta,confirmar e separar o fenomeno de inundacao (trilha separar_fenomeno),true,true,true
MRQ_02270,TGT_0329,event_date,true,not_available,alta,resolver data do evento em registro oficial/documental (trilha resolver_data_evento),true,false,true
MRQ_02271,TGT_0329,source_authority,true,not_available,alta,identificar fonte/autoridade rastreavel do evento,true,false,true
MRQ_02272,TGT_0329,geometry_type,true,bbox,alta,obter geometria oficial (ponto/poligono/bbox) do evento (trilha obter_geometria_oficial),true,true,true
MRQ_02273,TGT_0329,patch_id,true,not_available,media,resolver o patch REV-P correspondente (trilha resolver_patch_link),true,false,true
MRQ_02274,TGT_0329,patch_link_quality,true,not_available,alta,produzir vinculo espacial forte com o patch (trilha resolver_patch_link),true,false,true
MRQ_02275,TGT_0329,uncertainty_m,true,not_available,media,estimar incerteza espacial em metros (trilha estimar_incerteza_espacial),true,false,true
MRQ_02276,TGT_0329,qa_status,true,not_available,alta,executar QA humano e registrar aceite (trilha executar_qa_humano),true,true,true
MRQ_02277,TGT_0329,phenomenon_type,true,urban_flooding,alta,confirmar e separar o fenomeno de inundacao (trilha separar_fenomeno),true,true,true
MRQ_02278,TGT_0330,event_date,true,not_available,alta,resolver data do evento em registro oficial/documental (trilha resolver_data_evento),true,false,true
MRQ_02279,TGT_0330,source_authority,true,not_available,alta,identificar fonte/autoridade rastreavel do evento,true,false,true
MRQ_02280,TGT_0330,geometry_type,true,bbox,alta,obter geometria oficial (ponto/poligono/bbox) do evento (trilha obter_geometria_oficial),true,true,true
MRQ_02281,TGT_0330,patch_id,true,not_available,media,resolver o patch REV-P correspondente (trilha resolver_patch_link),true,false,true
MRQ_02282,TGT_0330,patch_link_quality,true,not_available,alta,produzir vinculo espacial forte com o patch (trilha resolver_patch_link),true,false,true
MRQ_02283,TGT_0330,uncertainty_m,true,not_available,media,estimar incerteza espacial em metros (trilha estimar_incerteza_espacial),true,false,true
MRQ_02284,TGT_0330,qa_status,true,not_available,alta,executar QA humano e registrar aceite (trilha executar_qa_humano),true,true,true
MRQ_02285,TGT_0330,phenomenon_type,true,urban_flooding,alta,confirmar e separar o fenomeno de inundacao (trilha separar_fenomeno),true,true,true
MRQ_02286,TGT_0331,event_date,true,not_available,alta,resolver data do evento em registro oficial/documental (trilha resolver_data_evento),true,false,true
MRQ_02287,TGT_0331,source_authority,true,not_available,alta,identificar fonte/autoridade rastreavel do evento,true,false,true
MRQ_02288,TGT_0331,geometry_type,true,bbox,alta,obter geometria oficial (ponto/poligono/bbox) do evento (trilha obter_geometria_oficial),true,true,true
MRQ_02289,TGT_0331,patch_id,true,not_available,media,resolver o patch REV-P correspondente (trilha resolver_patch_link),true,false,true
MRQ_02290,TGT_0331,patch_link_quality,true,not_available,alta,produzir vinculo espacial forte com o patch (trilha resolver_patch_link),true,false,true
MRQ_02291,TGT_0331,uncertainty_m,true,not_available,media,estimar incerteza espacial em metros (trilha estimar_incerteza_espacial),true,false,true
MRQ_02292,TGT_0331,qa_status,true,not_available,alta,executar QA humano e registrar aceite (trilha executar_qa_humano),true,true,true
MRQ_02293,TGT_0331,phenomenon_type,true,urban_flooding,alta,confirmar e separar o fenomeno de inundacao (trilha separar_fenomeno),true,true,true
MRQ_02294,TGT_0332,event_date,true,not_available,alta,resolver data do evento em registro oficial/documental (trilha resolver_data_evento),true,false,true
MRQ_02295,TGT_0332,source_authority,true,not_available,alta,identificar fonte/autoridade rastreavel do evento,true,false,true
MRQ_02296,TGT_0332,geometry_type,true,bbox,alta,obter geometria oficial (ponto/poligono/bbox) do evento (trilha obter_geometria_oficial),true,true,true
MRQ_02297,TGT_0332,patch_id,true,not_available,media,resolver o patch REV-P correspondente (trilha resolver_patch_link),true,false,true
MRQ_02298,TGT_0332,patch_link_quality,true,not_available,alta,produzir vinculo espacial forte com o patch (trilha resolver_patch_link),true,false,true
MRQ_02299,TGT_0332,uncertainty_m,true,not_available,media,estimar incerteza espacial em metros (trilha estimar_incerteza_espacial),true,false,true
MRQ_02300,TGT_0332,qa_status,true,not_available,alta,executar QA humano e registrar aceite (trilha executar_qa_humano),true,true,true
MRQ_02301,TGT_0332,phenomenon_type,true,urban_flooding,alta,confirmar e separar o fenomeno de inundacao (trilha separar_fenomeno),true,true,true
MRQ_02302,TGT_0333,event_date,true,not_available,alta,resolver data do evento em registro oficial/documental (trilha resolver_data_evento),true,false,true
MRQ_02303,TGT_0333,source_authority,true,not_available,alta,identificar fonte/autoridade rastreavel do evento,true,false,true
MRQ_02304,TGT_0333,geometry_type,true,bbox,alta,obter geometria oficial (ponto/poligono/bbox) do evento (trilha obter_geometria_oficial),true,true,true
MRQ_02305,TGT_0333,patch_id,true,not_available,media,resolver o patch REV-P correspondente (trilha resolver_patch_link),true,false,true
MRQ_02306,TGT_0333,patch_link_quality,true,not_available,alta,produzir vinculo espacial forte com o patch (trilha resolver_patch_link),true,false,true
MRQ_02307,TGT_0333,uncertainty_m,true,not_available,media,estimar incerteza espacial em metros (trilha estimar_incerteza_espacial),true,false,true
MRQ_02308,TGT_0333,qa_status,true,not_available,alta,executar QA humano e registrar aceite (trilha executar_qa_humano),true,true,true
MRQ_02309,TGT_0333,phenomenon_type,true,urban_flooding,alta,confirmar e separar o fenomeno de inundacao (trilha separar_fenomeno),true,true,true
MRQ_02310,TGT_0334,event_date,true,not_available,alta,resolver data do evento em registro oficial/documental (trilha resolver_data_evento),true,false,true
MRQ_02311,TGT_0334,source_authority,true,not_available,alta,identificar fonte/autoridade rastreavel do evento,true,false,true
MRQ_02312,TGT_0334,geometry_type,true,bbox,alta,obter geometria oficial (ponto/poligono/bbox) do evento (trilha obter_geometria_oficial),true,true,true
MRQ_02313,TGT_0334,patch_id,true,not_available,media,resolver o patch REV-P correspondente (trilha resolver_patch_link),true,false,true
MRQ_02314,TGT_0334,patch_link_quality,true,not_available,alta,produzir vinculo espacial forte com o patch (trilha resolver_patch_link),true,false,true
MRQ_02315,TGT_0334,uncertainty_m,true,not_available,media,estimar incerteza espacial em metros (trilha estimar_incerteza_espacial),true,false,true
MRQ_02316,TGT_0334,qa_status,true,not_available,alta,executar QA humano e registrar aceite (trilha executar_qa_humano),true,true,true
MRQ_02317,TGT_0334,phenomenon_type,true,urban_flooding,alta,confirmar e separar o fenomeno de inundacao (trilha separar_fenomeno),true,true,true
MRQ_02318,TGT_0335,event_date,true,not_available,alta,resolver data do evento em registro oficial/documental (trilha resolver_data_evento),true,false,true
MRQ_02319,TGT_0335,source_authority,true,not_available,alta,identificar fonte/autoridade rastreavel do evento,true,false,true
MRQ_02320,TGT_0335,geometry_type,true,bbox,alta,obter geometria oficial (ponto/poligono/bbox) do evento (trilha obter_geometria_oficial),true,true,true
MRQ_02321,TGT_0335,patch_id,true,not_available,media,resolver o patch REV-P correspondente (trilha resolver_patch_link),true,false,true
MRQ_02322,TGT_0335,patch_link_quality,true,not_available,alta,produzir vinculo espacial forte com o patch (trilha resolver_patch_link),true,false,true
MRQ_02323,TGT_0335,uncertainty_m,true,not_available,media,estimar incerteza espacial em metros (trilha estimar_incerteza_espacial),true,false,true
MRQ_02324,TGT_0335,qa_status,true,not_available,alta,executar QA humano e registrar aceite (trilha executar_qa_humano),true,true,true
MRQ_02325,TGT_0335,phenomenon_type,true,urban_flooding,alta,confirmar e separar o fenomeno de inundacao (trilha separar_fenomeno),true,true,true
MRQ_02326,TGT_0336,event_date,true,not_available,alta,resolver data do evento em registro oficial/documental (trilha resolver_data_evento),true,false,true
MRQ_02327,TGT_0336,source_authority,true,not_available,alta,identificar fonte/autoridade rastreavel do evento,true,false,true
MRQ_02328,TGT_0336,geometry_type,true,bbox,alta,obter geometria oficial (ponto/poligono/bbox) do evento (trilha obter_geometria_oficial),true,true,true
MRQ_02329,TGT_0336,patch_id,true,not_available,media,resolver o patch REV-P correspondente (trilha resolver_patch_link),true,false,true
MRQ_02330,TGT_0336,patch_link_quality,true,not_available,alta,produzir vinculo espacial forte com o patch (trilha resolver_patch_link),true,false,true
MRQ_02331,TGT_0336,uncertainty_m,true,not_available,media,estimar incerteza espacial em metros (trilha estimar_incerteza_espacial),true,false,true
MRQ_02332,TGT_0336,qa_status,true,not_available,alta,executar QA humano e registrar aceite (trilha executar_qa_humano),true,true,true
MRQ_02333,TGT_0336,phenomenon_type,true,urban_flooding,alta,confirmar e separar o fenomeno de inundacao (trilha separar_fenomeno),true,true,true
MRQ_02334,TGT_0337,event_date,true,not_available,alta,resolver data do evento em registro oficial/documental (trilha resolver_data_evento),true,false,true
MRQ_02335,TGT_0337,source_authority,true,not_available,alta,identificar fonte/autoridade rastreavel do evento,true,false,true
MRQ_02336,TGT_0337,geometry_type,true,bbox,alta,obter geometria oficial (ponto/poligono/bbox) do evento (trilha obter_geometria_oficial),true,true,true
MRQ_02337,TGT_0337,patch_id,true,not_available,media,resolver o patch REV-P correspondente (trilha resolver_patch_link),true,false,true
MRQ_02338,TGT_0337,patch_link_quality,true,not_available,alta,produzir vinculo espacial forte com o patch (trilha resolver_patch_link),true,false,true
MRQ_02339,TGT_0337,uncertainty_m,true,not_available,media,estimar incerteza espacial em metros (trilha estimar_incerteza_espacial),true,false,true
MRQ_02340,TGT_0337,qa_status,true,not_available,alta,executar QA humano e registrar aceite (trilha executar_qa_humano),true,true,true
MRQ_02341,TGT_0337,phenomenon_type,true,urban_flooding,alta,confirmar e separar o fenomeno de inundacao (trilha separar_fenomeno),true,true,true
MRQ_02342,TGT_0338,event_date,true,not_available,alta,resolver data do evento em registro oficial/documental (trilha resolver_data_evento),true,false,true
MRQ_02343,TGT_0338,source_authority,true,not_available,alta,identificar fonte/autoridade rastreavel do evento,true,false,true
MRQ_02344,TGT_0338,geometry_type,true,bbox,alta,obter geometria oficial (ponto/poligono/bbox) do evento (trilha obter_geometria_oficial),true,true,true
MRQ_02345,TGT_0338,patch_id,true,not_available,media,resolver o patch REV-P correspondente (trilha resolver_patch_link),true,false,true
MRQ_02346,TGT_0338,patch_link_quality,true,not_available,alta,produzir vinculo espacial forte com o patch (trilha resolver_patch_link),true,false,true
MRQ_02347,TGT_0338,uncertainty_m,true,not_available,media,estimar incerteza espacial em metros (trilha estimar_incerteza_espacial),true,false,true
MRQ_02348,TGT_0338,qa_status,true,not_available,alta,executar QA humano e registrar aceite (trilha executar_qa_humano),true,true,true
MRQ_02349,TGT_0338,phenomenon_type,true,urban_flooding,alta,confirmar e separar o fenomeno de inundacao (trilha separar_fenomeno),true,true,true
MRQ_02350,TGT_0339,event_date,true,not_available,alta,resolver data do evento em registro oficial/documental (trilha resolver_data_evento),true,false,true
MRQ_02351,TGT_0339,source_authority,true,not_available,alta,identificar fonte/autoridade rastreavel do evento,true,false,true
MRQ_02352,TGT_0339,geometry_type,true,bbox,alta,obter geometria oficial (ponto/poligono/bbox) do evento (trilha obter_geometria_oficial),true,true,true
MRQ_02353,TGT_0339,patch_id,true,not_available,media,resolver o patch REV-P correspondente (trilha resolver_patch_link),true,false,true
MRQ_02354,TGT_0339,patch_link_quality,true,not_available,alta,produzir vinculo espacial forte com o patch (trilha resolver_patch_link),true,false,true
MRQ_02355,TGT_0339,uncertainty_m,true,not_available,media,estimar incerteza espacial em metros (trilha estimar_incerteza_espacial),true,false,true
MRQ_02356,TGT_0339,qa_status,true,not_available,alta,executar QA humano e registrar aceite (trilha executar_qa_humano),true,true,true
MRQ_02357,TGT_0339,phenomenon_type,true,urban_flooding,alta,confirmar e separar o fenomeno de inundacao (trilha separar_fenomeno),true,true,true
MRQ_02358,TGT_0340,event_date,true,not_available,alta,resolver data do evento em registro oficial/documental (trilha resolver_data_evento),true,false,true
MRQ_02359,TGT_0340,source_authority,true,not_available,alta,identificar fonte/autoridade rastreavel do evento,true,false,true
MRQ_02360,TGT_0340,geometry_type,true,bbox,alta,obter geometria oficial (ponto/poligono/bbox) do evento (trilha obter_geometria_oficial),true,true,true
MRQ_02361,TGT_0340,patch_id,true,not_available,media,resolver o patch REV-P correspondente (trilha resolver_patch_link),true,false,true
MRQ_02362,TGT_0340,patch_link_quality,true,not_available,alta,produzir vinculo espacial forte com o patch (trilha resolver_patch_link),true,false,true
MRQ_02363,TGT_0340,uncertainty_m,true,not_available,media,estimar incerteza espacial em metros (trilha estimar_incerteza_espacial),true,false,true
MRQ_02364,TGT_0340,qa_status,true,not_available,alta,executar QA humano e registrar aceite (trilha executar_qa_humano),true,true,true
MRQ_02365,TGT_0340,phenomenon_type,true,urban_flooding,alta,confirmar e separar o fenomeno de inundacao (trilha separar_fenomeno),true,true,true
MRQ_02366,TGT_0341,event_date,true,not_available,alta,resolver data do evento em registro oficial/documental (trilha resolver_data_evento),true,false,true
MRQ_02367,TGT_0341,source_authority,true,not_available,alta,identificar fonte/autoridade rastreavel do evento,true,false,true
MRQ_02368,TGT_0341,geometry_type,true,bbox,alta,obter geometria oficial (ponto/poligono/bbox) do evento (trilha obter_geometria_oficial),true,true,true
MRQ_02369,TGT_0341,patch_id,true,not_available,media,resolver o patch REV-P correspondente (trilha resolver_patch_link),true,false,true
MRQ_02370,TGT_0341,patch_link_quality,true,not_available,alta,produzir vinculo espacial forte com o patch (trilha resolver_patch_link),true,false,true
MRQ_02371,TGT_0341,uncertainty_m,true,not_available,media,estimar incerteza espacial em metros (trilha estimar_incerteza_espacial),true,false,true
MRQ_02372,TGT_0341,qa_status,true,not_available,alta,executar QA humano e registrar aceite (trilha executar_qa_humano),true,true,true
MRQ_02373,TGT_0341,phenomenon_type,true,urban_flooding,alta,confirmar e separar o fenomeno de inundacao (trilha separar_fenomeno),true,true,true
MRQ_02374,TGT_0342,event_date,true,not_available,alta,resolver data do evento em registro oficial/documental (trilha resolver_data_evento),true,false,true
MRQ_02375,TGT_0342,source_authority,true,not_available,alta,identificar fonte/autoridade rastreavel do evento,true,false,true
MRQ_02376,TGT_0342,geometry_type,true,bbox,alta,obter geometria oficial (ponto/poligono/bbox) do evento (trilha obter_geometria_oficial),true,true,true
MRQ_02377,TGT_0342,patch_id,true,not_available,media,resolver o patch REV-P correspondente (trilha resolver_patch_link),true,false,true
MRQ_02378,TGT_0342,patch_link_quality,true,not_available,alta,produzir vinculo espacial forte com o patch (trilha resolver_patch_link),true,false,true
MRQ_02379,TGT_0342,uncertainty_m,true,not_available,media,estimar incerteza espacial em metros (trilha estimar_incerteza_espacial),true,false,true
MRQ_02380,TGT_0342,qa_status,true,not_available,alta,executar QA humano e registrar aceite (trilha executar_qa_humano),true,true,true
MRQ_02381,TGT_0342,phenomenon_type,true,urban_flooding,alta,confirmar e separar o fenomeno de inundacao (trilha separar_fenomeno),true,true,true
MRQ_02382,TGT_0343,event_date,true,not_available,alta,resolver data do evento em registro oficial/documental (trilha resolver_data_evento),true,false,true
MRQ_02383,TGT_0343,source_authority,true,not_available,alta,identificar fonte/autoridade rastreavel do evento,true,false,true
MRQ_02384,TGT_0343,geometry_type,true,bbox,alta,obter geometria oficial (ponto/poligono/bbox) do evento (trilha obter_geometria_oficial),true,true,true
MRQ_02385,TGT_0343,patch_id,true,not_available,media,resolver o patch REV-P correspondente (trilha resolver_patch_link),true,false,true
MRQ_02386,TGT_0343,patch_link_quality,true,not_available,alta,produzir vinculo espacial forte com o patch (trilha resolver_patch_link),true,false,true
MRQ_02387,TGT_0343,uncertainty_m,true,not_available,media,estimar incerteza espacial em metros (trilha estimar_incerteza_espacial),true,false,true
MRQ_02388,TGT_0343,qa_status,true,not_available,alta,executar QA humano e registrar aceite (trilha executar_qa_humano),true,true,true
MRQ_02389,TGT_0343,phenomenon_type,true,urban_flooding,alta,confirmar e separar o fenomeno de inundacao (trilha separar_fenomeno),true,true,true
MRQ_02390,TGT_0344,event_date,true,not_available,alta,resolver data do evento em registro oficial/documental (trilha resolver_data_evento),true,false,true
MRQ_02391,TGT_0344,source_authority,true,not_available,alta,identificar fonte/autoridade rastreavel do evento,true,false,true
MRQ_02392,TGT_0344,geometry_type,true,bbox,alta,obter geometria oficial (ponto/poligono/bbox) do evento (trilha obter_geometria_oficial),true,true,true
MRQ_02393,TGT_0344,patch_id,true,not_available,media,resolver o patch REV-P correspondente (trilha resolver_patch_link),true,false,true
MRQ_02394,TGT_0344,patch_link_quality,true,not_available,alta,produzir vinculo espacial forte com o patch (trilha resolver_patch_link),true,false,true
MRQ_02395,TGT_0344,uncertainty_m,true,not_available,media,estimar incerteza espacial em metros (trilha estimar_incerteza_espacial),true,false,true
MRQ_02396,TGT_0344,qa_status,true,not_available,alta,executar QA humano e registrar aceite (trilha executar_qa_humano),true,true,true
MRQ_02397,TGT_0344,phenomenon_type,true,urban_flooding,alta,confirmar e separar o fenomeno de inundacao (trilha separar_fenomeno),true,true,true
MRQ_02398,TGT_0345,event_date,true,not_available,alta,resolver data do evento em registro oficial/documental (trilha resolver_data_evento),true,false,true
MRQ_02399,TGT_0345,source_authority,true,not_available,alta,identificar fonte/autoridade rastreavel do evento,true,false,true
MRQ_02400,TGT_0345,geometry_type,true,bbox,alta,obter geometria oficial (ponto/poligono/bbox) do evento (trilha obter_geometria_oficial),true,true,true
MRQ_02401,TGT_0345,patch_id,true,not_available,media,resolver o patch REV-P correspondente (trilha resolver_patch_link),true,false,true
MRQ_02402,TGT_0345,patch_link_quality,true,not_available,alta,produzir vinculo espacial forte com o patch (trilha resolver_patch_link),true,false,true
MRQ_02403,TGT_0345,uncertainty_m,true,not_available,media,estimar incerteza espacial em metros (trilha estimar_incerteza_espacial),true,false,true
MRQ_02404,TGT_0345,qa_status,true,not_available,alta,executar QA humano e registrar aceite (trilha executar_qa_humano),true,true,true
MRQ_02405,TGT_0345,phenomenon_type,true,urban_flooding,alta,confirmar e separar o fenomeno de inundacao (trilha separar_fenomeno),true,true,true
MRQ_02406,TGT_0346,event_date,true,not_available,alta,resolver data do evento em registro oficial/documental (trilha resolver_data_evento),true,false,true
MRQ_02407,TGT_0346,source_authority,true,not_available,alta,identificar fonte/autoridade rastreavel do evento,true,false,true
MRQ_02408,TGT_0346,geometry_type,true,bbox,alta,obter geometria oficial (ponto/poligono/bbox) do evento (trilha obter_geometria_oficial),true,true,true
MRQ_02409,TGT_0346,patch_id,true,not_available,media,resolver o patch REV-P correspondente (trilha resolver_patch_link),true,false,true
MRQ_02410,TGT_0346,patch_link_quality,true,not_available,alta,produzir vinculo espacial forte com o patch (trilha resolver_patch_link),true,false,true
MRQ_02411,TGT_0346,uncertainty_m,true,not_available,media,estimar incerteza espacial em metros (trilha estimar_incerteza_espacial),true,false,true
MRQ_02412,TGT_0346,qa_status,true,not_available,alta,executar QA humano e registrar aceite (trilha executar_qa_humano),true,true,true
MRQ_02413,TGT_0346,phenomenon_type,true,urban_flooding,alta,confirmar e separar o fenomeno de inundacao (trilha separar_fenomeno),true,true,true
MRQ_02414,TGT_0347,event_date,true,not_available,alta,resolver data do evento em registro oficial/documental (trilha resolver_data_evento),true,false,true
MRQ_02415,TGT_0347,source_authority,true,not_available,alta,identificar fonte/autoridade rastreavel do evento,true,false,true
MRQ_02416,TGT_0347,geometry_type,true,bbox,alta,obter geometria oficial (ponto/poligono/bbox) do evento (trilha obter_geometria_oficial),true,true,true
MRQ_02417,TGT_0347,patch_id,true,not_available,media,resolver o patch REV-P correspondente (trilha resolver_patch_link),true,false,true
MRQ_02418,TGT_0347,patch_link_quality,true,not_available,alta,produzir vinculo espacial forte com o patch (trilha resolver_patch_link),true,false,true
MRQ_02419,TGT_0347,uncertainty_m,true,not_available,media,estimar incerteza espacial em metros (trilha estimar_incerteza_espacial),true,false,true
MRQ_02420,TGT_0347,qa_status,true,not_available,alta,executar QA humano e registrar aceite (trilha executar_qa_humano),true,true,true
MRQ_02421,TGT_0347,phenomenon_type,true,urban_flooding,alta,confirmar e separar o fenomeno de inundacao (trilha separar_fenomeno),true,true,true
MRQ_02422,TGT_0348,event_date,true,not_available,alta,resolver data do evento em registro oficial/documental (trilha resolver_data_evento),true,false,true
MRQ_02423,TGT_0348,source_authority,true,not_available,alta,identificar fonte/autoridade rastreavel do evento,true,false,true
MRQ_02424,TGT_0348,geometry_type,true,bbox,alta,obter geometria oficial (ponto/poligono/bbox) do evento (trilha obter_geometria_oficial),true,true,true
MRQ_02425,TGT_0348,patch_id,true,not_available,media,resolver o patch REV-P correspondente (trilha resolver_patch_link),true,false,true
MRQ_02426,TGT_0348,patch_link_quality,true,not_available,alta,produzir vinculo espacial forte com o patch (trilha resolver_patch_link),true,false,true
MRQ_02427,TGT_0348,uncertainty_m,true,not_available,media,estimar incerteza espacial em metros (trilha estimar_incerteza_espacial),true,false,true
MRQ_02428,TGT_0348,qa_status,true,not_available,alta,executar QA humano e registrar aceite (trilha executar_qa_humano),true,true,true
MRQ_02429,TGT_0348,phenomenon_type,true,urban_flooding,alta,confirmar e separar o fenomeno de inundacao (trilha separar_fenomeno),true,true,true
MRQ_02430,TGT_0349,event_date,true,not_available,alta,resolver data do evento em registro oficial/documental (trilha resolver_data_evento),true,false,true
MRQ_02431,TGT_0349,source_authority,true,not_available,alta,identificar fonte/autoridade rastreavel do evento,true,false,true
MRQ_02432,TGT_0349,geometry_type,true,bbox,alta,obter geometria oficial (ponto/poligono/bbox) do evento (trilha obter_geometria_oficial),true,true,true
MRQ_02433,TGT_0349,patch_id,true,not_available,media,resolver o patch REV-P correspondente (trilha resolver_patch_link),true,false,true
MRQ_02434,TGT_0349,patch_link_quality,true,not_available,alta,produzir vinculo espacial forte com o patch (trilha resolver_patch_link),true,false,true
MRQ_02435,TGT_0349,uncertainty_m,true,not_available,media,estimar incerteza espacial em metros (trilha estimar_incerteza_espacial),true,false,true
MRQ_02436,TGT_0349,qa_status,true,not_available,alta,executar QA humano e registrar aceite (trilha executar_qa_humano),true,true,true
MRQ_02437,TGT_0349,phenomenon_type,true,urban_flooding,alta,confirmar e separar o fenomeno de inundacao (trilha separar_fenomeno),true,true,true
MRQ_02438,TGT_0350,event_date,true,not_available,alta,resolver data do evento em registro oficial/documental (trilha resolver_data_evento),true,false,true
MRQ_02439,TGT_0350,source_authority,true,not_available,alta,identificar fonte/autoridade rastreavel do evento,true,false,true
MRQ_02440,TGT_0350,geometry_type,true,bbox,alta,obter geometria oficial (ponto/poligono/bbox) do evento (trilha obter_geometria_oficial),true,true,true
MRQ_02441,TGT_0350,patch_id,true,not_available,media,resolver o patch REV-P correspondente (trilha resolver_patch_link),true,false,true
MRQ_02442,TGT_0350,patch_link_quality,true,not_available,alta,produzir vinculo espacial forte com o patch (trilha resolver_patch_link),true,false,true
MRQ_02443,TGT_0350,uncertainty_m,true,not_available,media,estimar incerteza espacial em metros (trilha estimar_incerteza_espacial),true,false,true
MRQ_02444,TGT_0350,qa_status,true,not_available,alta,executar QA humano e registrar aceite (trilha executar_qa_humano),true,true,true
MRQ_02445,TGT_0350,phenomenon_type,true,urban_flooding,alta,confirmar e separar o fenomeno de inundacao (trilha separar_fenomeno),true,true,true
MRQ_02446,TGT_0351,event_date,true,not_available,alta,resolver data do evento em registro oficial/documental (trilha resolver_data_evento),true,false,true
MRQ_02447,TGT_0351,source_authority,true,not_available,alta,identificar fonte/autoridade rastreavel do evento,true,false,true
MRQ_02448,TGT_0351,geometry_type,true,bbox,alta,obter geometria oficial (ponto/poligono/bbox) do evento (trilha obter_geometria_oficial),true,true,true
MRQ_02449,TGT_0351,patch_id,true,not_available,media,resolver o patch REV-P correspondente (trilha resolver_patch_link),true,false,true
MRQ_02450,TGT_0351,patch_link_quality,true,not_available,alta,produzir vinculo espacial forte com o patch (trilha resolver_patch_link),true,false,true
MRQ_02451,TGT_0351,uncertainty_m,true,not_available,media,estimar incerteza espacial em metros (trilha estimar_incerteza_espacial),true,false,true
MRQ_02452,TGT_0351,qa_status,true,not_available,alta,executar QA humano e registrar aceite (trilha executar_qa_humano),true,true,true
MRQ_02453,TGT_0351,phenomenon_type,true,urban_flooding,alta,confirmar e separar o fenomeno de inundacao (trilha separar_fenomeno),true,true,true
MRQ_02454,TGT_0352,event_date,true,not_available,alta,resolver data do evento em registro oficial/documental (trilha resolver_data_evento),true,false,true
MRQ_02455,TGT_0352,source_authority,true,not_available,alta,identificar fonte/autoridade rastreavel do evento,true,false,true
MRQ_02456,TGT_0352,geometry_type,true,bbox,alta,obter geometria oficial (ponto/poligono/bbox) do evento (trilha obter_geometria_oficial),true,true,true
MRQ_02457,TGT_0352,patch_id,true,not_available,media,resolver o patch REV-P correspondente (trilha resolver_patch_link),true,false,true
MRQ_02458,TGT_0352,patch_link_quality,true,not_available,alta,produzir vinculo espacial forte com o patch (trilha resolver_patch_link),true,false,true
MRQ_02459,TGT_0352,uncertainty_m,true,not_available,media,estimar incerteza espacial em metros (trilha estimar_incerteza_espacial),true,false,true
MRQ_02460,TGT_0352,qa_status,true,not_available,alta,executar QA humano e registrar aceite (trilha executar_qa_humano),true,true,true
MRQ_02461,TGT_0352,phenomenon_type,true,urban_flooding,alta,confirmar e separar o fenomeno de inundacao (trilha separar_fenomeno),true,true,true
MRQ_02462,TGT_0353,event_date,true,not_available,alta,resolver data do evento em registro oficial/documental (trilha resolver_data_evento),true,false,true
MRQ_02463,TGT_0353,source_authority,true,not_available,alta,identificar fonte/autoridade rastreavel do evento,true,false,true
MRQ_02464,TGT_0353,geometry_type,true,bbox,alta,obter geometria oficial (ponto/poligono/bbox) do evento (trilha obter_geometria_oficial),true,true,true
MRQ_02465,TGT_0353,patch_id,true,not_available,media,resolver o patch REV-P correspondente (trilha resolver_patch_link),true,false,true
MRQ_02466,TGT_0353,patch_link_quality,true,not_available,alta,produzir vinculo espacial forte com o patch (trilha resolver_patch_link),true,false,true
MRQ_02467,TGT_0353,uncertainty_m,true,not_available,media,estimar incerteza espacial em metros (trilha estimar_incerteza_espacial),true,false,true
MRQ_02468,TGT_0353,qa_status,true,not_available,alta,executar QA humano e registrar aceite (trilha executar_qa_humano),true,true,true
MRQ_02469,TGT_0353,phenomenon_type,true,urban_flooding,alta,confirmar e separar o fenomeno de inundacao (trilha separar_fenomeno),true,true,true
MRQ_02470,TGT_0354,event_date,true,not_available,alta,resolver data do evento em registro oficial/documental (trilha resolver_data_evento),true,false,true
MRQ_02471,TGT_0354,source_authority,true,not_available,alta,identificar fonte/autoridade rastreavel do evento,true,false,true
MRQ_02472,TGT_0354,geometry_type,true,bbox,alta,obter geometria oficial (ponto/poligono/bbox) do evento (trilha obter_geometria_oficial),true,true,true
MRQ_02473,TGT_0354,patch_id,true,not_available,media,resolver o patch REV-P correspondente (trilha resolver_patch_link),true,false,true
MRQ_02474,TGT_0354,patch_link_quality,true,not_available,alta,produzir vinculo espacial forte com o patch (trilha resolver_patch_link),true,false,true
MRQ_02475,TGT_0354,uncertainty_m,true,not_available,media,estimar incerteza espacial em metros (trilha estimar_incerteza_espacial),true,false,true
MRQ_02476,TGT_0354,qa_status,true,not_available,alta,executar QA humano e registrar aceite (trilha executar_qa_humano),true,true,true
MRQ_02477,TGT_0354,phenomenon_type,true,urban_flooding,alta,confirmar e separar o fenomeno de inundacao (trilha separar_fenomeno),true,true,true
MRQ_02478,TGT_0355,event_date,true,not_available,alta,resolver data do evento em registro oficial/documental (trilha resolver_data_evento),true,false,true
MRQ_02479,TGT_0355,source_authority,true,not_available,alta,identificar fonte/autoridade rastreavel do evento,true,false,true
MRQ_02480,TGT_0355,geometry_type,true,bbox,alta,obter geometria oficial (ponto/poligono/bbox) do evento (trilha obter_geometria_oficial),true,true,true
MRQ_02481,TGT_0355,patch_id,true,not_available,media,resolver o patch REV-P correspondente (trilha resolver_patch_link),true,false,true
MRQ_02482,TGT_0355,patch_link_quality,true,not_available,alta,produzir vinculo espacial forte com o patch (trilha resolver_patch_link),true,false,true
MRQ_02483,TGT_0355,uncertainty_m,true,not_available,media,estimar incerteza espacial em metros (trilha estimar_incerteza_espacial),true,false,true
MRQ_02484,TGT_0355,qa_status,true,not_available,alta,executar QA humano e registrar aceite (trilha executar_qa_humano),true,true,true
MRQ_02485,TGT_0355,phenomenon_type,true,urban_flooding,alta,confirmar e separar o fenomeno de inundacao (trilha separar_fenomeno),true,true,true
MRQ_02486,TGT_0356,event_date,true,not_available,alta,resolver data do evento em registro oficial/documental (trilha resolver_data_evento),true,false,true
MRQ_02487,TGT_0356,source_authority,true,not_available,alta,identificar fonte/autoridade rastreavel do evento,true,false,true
MRQ_02488,TGT_0356,geometry_type,true,bbox,alta,obter geometria oficial (ponto/poligono/bbox) do evento (trilha obter_geometria_oficial),true,true,true
MRQ_02489,TGT_0356,patch_id,true,not_available,media,resolver o patch REV-P correspondente (trilha resolver_patch_link),true,false,true
MRQ_02490,TGT_0356,patch_link_quality,true,not_available,alta,produzir vinculo espacial forte com o patch (trilha resolver_patch_link),true,false,true
MRQ_02491,TGT_0356,uncertainty_m,true,not_available,media,estimar incerteza espacial em metros (trilha estimar_incerteza_espacial),true,false,true
MRQ_02492,TGT_0356,qa_status,true,not_available,alta,executar QA humano e registrar aceite (trilha executar_qa_humano),true,true,true
MRQ_02493,TGT_0356,phenomenon_type,true,urban_flooding,alta,confirmar e separar o fenomeno de inundacao (trilha separar_fenomeno),true,true,true
MRQ_02494,TGT_0357,event_date,true,not_available,alta,resolver data do evento em registro oficial/documental (trilha resolver_data_evento),true,false,true
MRQ_02495,TGT_0357,source_authority,true,not_available,alta,identificar fonte/autoridade rastreavel do evento,true,false,true
MRQ_02496,TGT_0357,geometry_type,true,bbox,alta,obter geometria oficial (ponto/poligono/bbox) do evento (trilha obter_geometria_oficial),true,true,true
MRQ_02497,TGT_0357,patch_id,true,not_available,media,resolver o patch REV-P correspondente (trilha resolver_patch_link),true,false,true
MRQ_02498,TGT_0357,patch_link_quality,true,not_available,alta,produzir vinculo espacial forte com o patch (trilha resolver_patch_link),true,false,true
MRQ_02499,TGT_0357,uncertainty_m,true,not_available,media,estimar incerteza espacial em metros (trilha estimar_incerteza_espacial),true,false,true
MRQ_02500,TGT_0357,qa_status,true,not_available,alta,executar QA humano e registrar aceite (trilha executar_qa_humano),true,true,true
MRQ_02501,TGT_0357,phenomenon_type,true,urban_flooding,alta,confirmar e separar o fenomeno de inundacao (trilha separar_fenomeno),true,true,true
MRQ_02502,TGT_0358,event_date,true,not_available,alta,resolver data do evento em registro oficial/documental (trilha resolver_data_evento),true,false,true
MRQ_02503,TGT_0358,source_authority,true,not_available,alta,identificar fonte/autoridade rastreavel do evento,true,false,true
MRQ_02504,TGT_0358,geometry_type,true,bbox,alta,obter geometria oficial (ponto/poligono/bbox) do evento (trilha obter_geometria_oficial),true,true,true
MRQ_02505,TGT_0358,patch_id,true,not_available,media,resolver o patch REV-P correspondente (trilha resolver_patch_link),true,false,true
MRQ_02506,TGT_0358,patch_link_quality,true,not_available,alta,produzir vinculo espacial forte com o patch (trilha resolver_patch_link),true,false,true
MRQ_02507,TGT_0358,uncertainty_m,true,not_available,media,estimar incerteza espacial em metros (trilha estimar_incerteza_espacial),true,false,true
MRQ_02508,TGT_0358,qa_status,true,not_available,alta,executar QA humano e registrar aceite (trilha executar_qa_humano),true,true,true
MRQ_02509,TGT_0358,phenomenon_type,true,urban_flooding,alta,confirmar e separar o fenomeno de inundacao (trilha separar_fenomeno),true,true,true
MRQ_02510,TGT_0359,event_date,true,not_available,alta,resolver data do evento em registro oficial/documental (trilha resolver_data_evento),true,false,true
MRQ_02511,TGT_0359,source_authority,true,not_available,alta,identificar fonte/autoridade rastreavel do evento,true,false,true
MRQ_02512,TGT_0359,geometry_type,true,bbox,alta,obter geometria oficial (ponto/poligono/bbox) do evento (trilha obter_geometria_oficial),true,true,true
MRQ_02513,TGT_0359,patch_id,true,not_available,media,resolver o patch REV-P correspondente (trilha resolver_patch_link),true,false,true
MRQ_02514,TGT_0359,patch_link_quality,true,not_available,alta,produzir vinculo espacial forte com o patch (trilha resolver_patch_link),true,false,true
MRQ_02515,TGT_0359,uncertainty_m,true,not_available,media,estimar incerteza espacial em metros (trilha estimar_incerteza_espacial),true,false,true
MRQ_02516,TGT_0359,qa_status,true,not_available,alta,executar QA humano e registrar aceite (trilha executar_qa_humano),true,true,true
MRQ_02517,TGT_0359,phenomenon_type,true,urban_flooding,alta,confirmar e separar o fenomeno de inundacao (trilha separar_fenomeno),true,true,true
MRQ_02518,TGT_0360,event_date,true,not_available,alta,resolver data do evento em registro oficial/documental (trilha resolver_data_evento),true,false,true
MRQ_02519,TGT_0360,source_authority,true,not_available,alta,identificar fonte/autoridade rastreavel do evento,true,false,true
MRQ_02520,TGT_0360,geometry_type,true,bbox,alta,obter geometria oficial (ponto/poligono/bbox) do evento (trilha obter_geometria_oficial),true,true,true
MRQ_02521,TGT_0360,patch_id,true,not_available,media,resolver o patch REV-P correspondente (trilha resolver_patch_link),true,false,true
MRQ_02522,TGT_0360,patch_link_quality,true,not_available,alta,produzir vinculo espacial forte com o patch (trilha resolver_patch_link),true,false,true
MRQ_02523,TGT_0360,uncertainty_m,true,not_available,media,estimar incerteza espacial em metros (trilha estimar_incerteza_espacial),true,false,true
MRQ_02524,TGT_0360,qa_status,true,not_available,alta,executar QA humano e registrar aceite (trilha executar_qa_humano),true,true,true
MRQ_02525,TGT_0360,phenomenon_type,true,urban_flooding,alta,confirmar e separar o fenomeno de inundacao (trilha separar_fenomeno),true,true,true
MRQ_02526,TGT_0361,event_date,true,not_available,alta,resolver data do evento em registro oficial/documental (trilha resolver_data_evento),true,false,true
MRQ_02527,TGT_0361,source_authority,true,not_available,alta,identificar fonte/autoridade rastreavel do evento,true,false,true
MRQ_02528,TGT_0361,geometry_type,true,bbox,alta,obter geometria oficial (ponto/poligono/bbox) do evento (trilha obter_geometria_oficial),true,true,true
MRQ_02529,TGT_0361,patch_id,true,not_available,media,resolver o patch REV-P correspondente (trilha resolver_patch_link),true,false,true
MRQ_02530,TGT_0361,patch_link_quality,true,not_available,alta,produzir vinculo espacial forte com o patch (trilha resolver_patch_link),true,false,true
MRQ_02531,TGT_0361,uncertainty_m,true,not_available,media,estimar incerteza espacial em metros (trilha estimar_incerteza_espacial),true,false,true
MRQ_02532,TGT_0361,qa_status,true,not_available,alta,executar QA humano e registrar aceite (trilha executar_qa_humano),true,true,true
MRQ_02533,TGT_0361,phenomenon_type,true,urban_flooding,alta,confirmar e separar o fenomeno de inundacao (trilha separar_fenomeno),true,true,true
MRQ_02534,TGT_0362,event_date,true,not_available,alta,resolver data do evento em registro oficial/documental (trilha resolver_data_evento),true,false,true
MRQ_02535,TGT_0362,source_authority,true,not_available,alta,identificar fonte/autoridade rastreavel do evento,true,false,true
MRQ_02536,TGT_0362,geometry_type,true,bbox,alta,obter geometria oficial (ponto/poligono/bbox) do evento (trilha obter_geometria_oficial),true,true,true
MRQ_02537,TGT_0362,patch_id,true,not_available,media,resolver o patch REV-P correspondente (trilha resolver_patch_link),true,false,true
MRQ_02538,TGT_0362,patch_link_quality,true,not_available,alta,produzir vinculo espacial forte com o patch (trilha resolver_patch_link),true,false,true
MRQ_02539,TGT_0362,uncertainty_m,true,not_available,media,estimar incerteza espacial em metros (trilha estimar_incerteza_espacial),true,false,true
MRQ_02540,TGT_0362,qa_status,true,not_available,alta,executar QA humano e registrar aceite (trilha executar_qa_humano),true,true,true
MRQ_02541,TGT_0362,phenomenon_type,true,urban_flooding,alta,confirmar e separar o fenomeno de inundacao (trilha separar_fenomeno),true,true,true
MRQ_02542,TGT_0363,event_date,true,not_available,alta,resolver data do evento em registro oficial/documental (trilha resolver_data_evento),true,false,true
MRQ_02543,TGT_0363,source_authority,true,not_available,alta,identificar fonte/autoridade rastreavel do evento,true,false,true
MRQ_02544,TGT_0363,geometry_type,true,bbox,alta,obter geometria oficial (ponto/poligono/bbox) do evento (trilha obter_geometria_oficial),true,true,true
MRQ_02545,TGT_0363,patch_id,true,not_available,media,resolver o patch REV-P correspondente (trilha resolver_patch_link),true,false,true
MRQ_02546,TGT_0363,patch_link_quality,true,not_available,alta,produzir vinculo espacial forte com o patch (trilha resolver_patch_link),true,false,true
MRQ_02547,TGT_0363,uncertainty_m,true,not_available,media,estimar incerteza espacial em metros (trilha estimar_incerteza_espacial),true,false,true
MRQ_02548,TGT_0363,qa_status,true,not_available,alta,executar QA humano e registrar aceite (trilha executar_qa_humano),true,true,true
MRQ_02549,TGT_0363,phenomenon_type,true,urban_flooding,alta,confirmar e separar o fenomeno de inundacao (trilha separar_fenomeno),true,true,true
MRQ_02550,TGT_0364,event_date,true,not_available,alta,resolver data do evento em registro oficial/documental (trilha resolver_data_evento),true,false,true
MRQ_02551,TGT_0364,source_authority,true,not_available,alta,identificar fonte/autoridade rastreavel do evento,true,false,true
MRQ_02552,TGT_0364,geometry_type,true,bbox,alta,obter geometria oficial (ponto/poligono/bbox) do evento (trilha obter_geometria_oficial),true,true,true
MRQ_02553,TGT_0364,patch_id,true,not_available,media,resolver o patch REV-P correspondente (trilha resolver_patch_link),true,false,true
MRQ_02554,TGT_0364,patch_link_quality,true,not_available,alta,produzir vinculo espacial forte com o patch (trilha resolver_patch_link),true,false,true
MRQ_02555,TGT_0364,uncertainty_m,true,not_available,media,estimar incerteza espacial em metros (trilha estimar_incerteza_espacial),true,false,true
MRQ_02556,TGT_0364,qa_status,true,not_available,alta,executar QA humano e registrar aceite (trilha executar_qa_humano),true,true,true
MRQ_02557,TGT_0364,phenomenon_type,true,urban_flooding,alta,confirmar e separar o fenomeno de inundacao (trilha separar_fenomeno),true,true,true
MRQ_02558,TGT_0365,event_date,true,not_available,alta,resolver data do evento em registro oficial/documental (trilha resolver_data_evento),true,false,true
MRQ_02559,TGT_0365,source_authority,true,not_available,alta,identificar fonte/autoridade rastreavel do evento,true,false,true
MRQ_02560,TGT_0365,geometry_type,true,bbox,alta,obter geometria oficial (ponto/poligono/bbox) do evento (trilha obter_geometria_oficial),true,true,true
MRQ_02561,TGT_0365,patch_id,true,not_available,media,resolver o patch REV-P correspondente (trilha resolver_patch_link),true,false,true
MRQ_02562,TGT_0365,patch_link_quality,true,not_available,alta,produzir vinculo espacial forte com o patch (trilha resolver_patch_link),true,false,true
MRQ_02563,TGT_0365,uncertainty_m,true,not_available,media,estimar incerteza espacial em metros (trilha estimar_incerteza_espacial),true,false,true
MRQ_02564,TGT_0365,qa_status,true,not_available,alta,executar QA humano e registrar aceite (trilha executar_qa_humano),true,true,true
MRQ_02565,TGT_0365,phenomenon_type,true,urban_flooding,alta,confirmar e separar o fenomeno de inundacao (trilha separar_fenomeno),true,true,true
MRQ_02566,TGT_0366,event_date,true,not_available,alta,resolver data do evento em registro oficial/documental (trilha resolver_data_evento),true,false,true
MRQ_02567,TGT_0366,source_authority,true,not_available,alta,identificar fonte/autoridade rastreavel do evento,true,false,true
MRQ_02568,TGT_0366,geometry_type,true,bbox,alta,obter geometria oficial (ponto/poligono/bbox) do evento (trilha obter_geometria_oficial),true,true,true
MRQ_02569,TGT_0366,patch_id,true,not_available,media,resolver o patch REV-P correspondente (trilha resolver_patch_link),true,false,true
MRQ_02570,TGT_0366,patch_link_quality,true,not_available,alta,produzir vinculo espacial forte com o patch (trilha resolver_patch_link),true,false,true
MRQ_02571,TGT_0366,uncertainty_m,true,not_available,media,estimar incerteza espacial em metros (trilha estimar_incerteza_espacial),true,false,true
MRQ_02572,TGT_0366,qa_status,true,not_available,alta,executar QA humano e registrar aceite (trilha executar_qa_humano),true,true,true
MRQ_02573,TGT_0366,phenomenon_type,true,urban_flooding,alta,confirmar e separar o fenomeno de inundacao (trilha separar_fenomeno),true,true,true
MRQ_02574,TGT_0367,event_date,true,not_available,alta,resolver data do evento em registro oficial/documental (trilha resolver_data_evento),true,false,true
MRQ_02575,TGT_0367,source_authority,true,not_available,alta,identificar fonte/autoridade rastreavel do evento,true,false,true
MRQ_02576,TGT_0367,geometry_type,true,bbox,alta,obter geometria oficial (ponto/poligono/bbox) do evento (trilha obter_geometria_oficial),true,true,true
MRQ_02577,TGT_0367,patch_id,true,not_available,media,resolver o patch REV-P correspondente (trilha resolver_patch_link),true,false,true
MRQ_02578,TGT_0367,patch_link_quality,true,not_available,alta,produzir vinculo espacial forte com o patch (trilha resolver_patch_link),true,false,true
MRQ_02579,TGT_0367,uncertainty_m,true,not_available,media,estimar incerteza espacial em metros (trilha estimar_incerteza_espacial),true,false,true
MRQ_02580,TGT_0367,qa_status,true,not_available,alta,executar QA humano e registrar aceite (trilha executar_qa_humano),true,true,true
MRQ_02581,TGT_0367,phenomenon_type,true,urban_flooding,alta,confirmar e separar o fenomeno de inundacao (trilha separar_fenomeno),true,true,true
MRQ_02582,TGT_0368,source_authority,true,not_available,alta,identificar fonte/autoridade rastreavel do evento,true,false,true
MRQ_02583,TGT_0368,geometry_type,true,not_available,alta,obter geometria oficial (ponto/poligono/bbox) do evento (trilha obter_geometria_oficial),true,true,true
MRQ_02584,TGT_0368,patch_id,true,not_available,media,resolver o patch REV-P correspondente (trilha resolver_patch_link),true,false,true
MRQ_02585,TGT_0368,patch_link_quality,true,not_available,alta,produzir vinculo espacial forte com o patch (trilha resolver_patch_link),true,false,true
MRQ_02586,TGT_0368,uncertainty_m,true,not_available,media,estimar incerteza espacial em metros (trilha estimar_incerteza_espacial),true,false,true
MRQ_02587,TGT_0368,qa_status,true,not_available,alta,executar QA humano e registrar aceite (trilha executar_qa_humano),true,true,true
MRQ_02588,TGT_0368,phenomenon_type,true,not_available,alta,confirmar e separar o fenomeno de inundacao (trilha separar_fenomeno),true,true,true
MRQ_02589,TGT_0369,source_authority,true,not_available,alta,identificar fonte/autoridade rastreavel do evento,true,false,true
MRQ_02590,TGT_0369,geometry_type,true,not_available,alta,obter geometria oficial (ponto/poligono/bbox) do evento (trilha obter_geometria_oficial),true,true,true
MRQ_02591,TGT_0369,patch_id,true,not_available,media,resolver o patch REV-P correspondente (trilha resolver_patch_link),true,false,true
MRQ_02592,TGT_0369,patch_link_quality,true,not_available,alta,produzir vinculo espacial forte com o patch (trilha resolver_patch_link),true,false,true
MRQ_02593,TGT_0369,uncertainty_m,true,not_available,media,estimar incerteza espacial em metros (trilha estimar_incerteza_espacial),true,false,true
MRQ_02594,TGT_0369,qa_status,true,not_available,alta,executar QA humano e registrar aceite (trilha executar_qa_humano),true,true,true
MRQ_02595,TGT_0369,phenomenon_type,true,not_available,alta,confirmar e separar o fenomeno de inundacao (trilha separar_fenomeno),true,true,true
MRQ_02596,TGT_0370,source_authority,true,not_available,alta,identificar fonte/autoridade rastreavel do evento,true,false,true
MRQ_02597,TGT_0370,geometry_type,true,not_available,alta,obter geometria oficial (ponto/poligono/bbox) do evento (trilha obter_geometria_oficial),true,true,true
MRQ_02598,TGT_0370,patch_id,true,not_available,media,resolver o patch REV-P correspondente (trilha resolver_patch_link),true,false,true
MRQ_02599,TGT_0370,patch_link_quality,true,not_available,alta,produzir vinculo espacial forte com o patch (trilha resolver_patch_link),true,false,true
MRQ_02600,TGT_0370,uncertainty_m,true,not_available,media,estimar incerteza espacial em metros (trilha estimar_incerteza_espacial),true,false,true
MRQ_02601,TGT_0370,qa_status,true,not_available,alta,executar QA humano e registrar aceite (trilha executar_qa_humano),true,true,true
MRQ_02602,TGT_0370,phenomenon_type,true,not_available,alta,confirmar e separar o fenomeno de inundacao (trilha separar_fenomeno),true,true,true
MRQ_02603,TGT_0371,source_authority,true,not_available,alta,identificar fonte/autoridade rastreavel do evento,true,false,true
MRQ_02604,TGT_0371,geometry_type,true,not_available,alta,obter geometria oficial (ponto/poligono/bbox) do evento (trilha obter_geometria_oficial),true,true,true
MRQ_02605,TGT_0371,patch_id,true,not_available,media,resolver o patch REV-P correspondente (trilha resolver_patch_link),true,false,true
MRQ_02606,TGT_0371,patch_link_quality,true,not_available,alta,produzir vinculo espacial forte com o patch (trilha resolver_patch_link),true,false,true
MRQ_02607,TGT_0371,uncertainty_m,true,not_available,media,estimar incerteza espacial em metros (trilha estimar_incerteza_espacial),true,false,true
MRQ_02608,TGT_0371,qa_status,true,not_available,alta,executar QA humano e registrar aceite (trilha executar_qa_humano),true,true,true
MRQ_02609,TGT_0371,phenomenon_type,true,not_available,alta,confirmar e separar o fenomeno de inundacao (trilha separar_fenomeno),true,true,true
MRQ_02610,TGT_0372,source_authority,true,not_available,alta,identificar fonte/autoridade rastreavel do evento,true,false,true
MRQ_02611,TGT_0372,geometry_type,true,not_available,alta,obter geometria oficial (ponto/poligono/bbox) do evento (trilha obter_geometria_oficial),true,true,true
MRQ_02612,TGT_0372,patch_id,true,not_available,media,resolver o patch REV-P correspondente (trilha resolver_patch_link),true,false,true
MRQ_02613,TGT_0372,patch_link_quality,true,not_available,alta,produzir vinculo espacial forte com o patch (trilha resolver_patch_link),true,false,true
MRQ_02614,TGT_0372,uncertainty_m,true,not_available,media,estimar incerteza espacial em metros (trilha estimar_incerteza_espacial),true,false,true
MRQ_02615,TGT_0372,qa_status,true,not_available,alta,executar QA humano e registrar aceite (trilha executar_qa_humano),true,true,true
MRQ_02616,TGT_0372,phenomenon_type,true,not_available,alta,confirmar e separar o fenomeno de inundacao (trilha separar_fenomeno),true,true,true
MRQ_02617,TGT_0373,event_date,true,not_available,alta,resolver data do evento em registro oficial/documental (trilha resolver_data_evento),true,false,true
MRQ_02618,TGT_0373,source_authority,true,not_available,alta,identificar fonte/autoridade rastreavel do evento,true,false,true
MRQ_02619,TGT_0373,geometry_type,true,not_available,alta,obter geometria oficial (ponto/poligono/bbox) do evento (trilha obter_geometria_oficial),true,true,true
MRQ_02620,TGT_0373,patch_id,true,not_available,media,resolver o patch REV-P correspondente (trilha resolver_patch_link),true,false,true
MRQ_02621,TGT_0373,patch_link_quality,true,not_available,alta,produzir vinculo espacial forte com o patch (trilha resolver_patch_link),true,false,true
MRQ_02622,TGT_0373,uncertainty_m,true,not_available,media,estimar incerteza espacial em metros (trilha estimar_incerteza_espacial),true,false,true
MRQ_02623,TGT_0373,qa_status,true,not_available,alta,executar QA humano e registrar aceite (trilha executar_qa_humano),true,true,true
MRQ_02624,TGT_0373,phenomenon_type,true,not_available,alta,confirmar e separar o fenomeno de inundacao (trilha separar_fenomeno),true,true,true
MRQ_02625,TGT_0374,source_authority,true,not_available,alta,identificar fonte/autoridade rastreavel do evento,true,false,true
MRQ_02626,TGT_0374,geometry_type,true,not_available,alta,obter geometria oficial (ponto/poligono/bbox) do evento (trilha obter_geometria_oficial),true,true,true
MRQ_02627,TGT_0374,patch_id,true,not_available,media,resolver o patch REV-P correspondente (trilha resolver_patch_link),true,false,true
MRQ_02628,TGT_0374,patch_link_quality,true,not_available,alta,produzir vinculo espacial forte com o patch (trilha resolver_patch_link),true,false,true
MRQ_02629,TGT_0374,uncertainty_m,true,not_available,media,estimar incerteza espacial em metros (trilha estimar_incerteza_espacial),true,false,true
MRQ_02630,TGT_0374,qa_status,true,not_available,alta,executar QA humano e registrar aceite (trilha executar_qa_humano),true,true,true
MRQ_02631,TGT_0374,phenomenon_type,true,not_available,alta,confirmar e separar o fenomeno de inundacao (trilha separar_fenomeno),true,true,true
MRQ_02632,TGT_0375,source_authority,true,not_available,alta,identificar fonte/autoridade rastreavel do evento,true,false,true
MRQ_02633,TGT_0375,geometry_type,true,not_available,alta,obter geometria oficial (ponto/poligono/bbox) do evento (trilha obter_geometria_oficial),true,true,true
MRQ_02634,TGT_0375,patch_id,true,not_available,media,resolver o patch REV-P correspondente (trilha resolver_patch_link),true,false,true
MRQ_02635,TGT_0375,patch_link_quality,true,not_available,alta,produzir vinculo espacial forte com o patch (trilha resolver_patch_link),true,false,true
MRQ_02636,TGT_0375,uncertainty_m,true,not_available,media,estimar incerteza espacial em metros (trilha estimar_incerteza_espacial),true,false,true
MRQ_02637,TGT_0375,qa_status,true,not_available,alta,executar QA humano e registrar aceite (trilha executar_qa_humano),true,true,true
MRQ_02638,TGT_0375,phenomenon_type,true,not_available,alta,confirmar e separar o fenomeno de inundacao (trilha separar_fenomeno),true,true,true
MRQ_02639,TGT_0376,event_date,true,not_available,alta,resolver data do evento em registro oficial/documental (trilha resolver_data_evento),true,false,true
MRQ_02640,TGT_0376,source_authority,true,not_available,alta,identificar fonte/autoridade rastreavel do evento,true,false,true
MRQ_02641,TGT_0376,geometry_type,true,not_available,alta,obter geometria oficial (ponto/poligono/bbox) do evento (trilha obter_geometria_oficial),true,true,true
MRQ_02642,TGT_0376,patch_id,true,not_available,media,resolver o patch REV-P correspondente (trilha resolver_patch_link),true,false,true
MRQ_02643,TGT_0376,patch_link_quality,true,not_available,alta,produzir vinculo espacial forte com o patch (trilha resolver_patch_link),true,false,true
MRQ_02644,TGT_0376,uncertainty_m,true,not_available,media,estimar incerteza espacial em metros (trilha estimar_incerteza_espacial),true,false,true
MRQ_02645,TGT_0376,qa_status,true,not_available,alta,executar QA humano e registrar aceite (trilha executar_qa_humano),true,true,true
MRQ_02646,TGT_0376,phenomenon_type,true,not_available,alta,confirmar e separar o fenomeno de inundacao (trilha separar_fenomeno),true,true,true
MRQ_02647,TGT_0377,event_date,true,not_available,alta,resolver data do evento em registro oficial/documental (trilha resolver_data_evento),true,false,true
MRQ_02648,TGT_0377,source_authority,true,not_available,alta,identificar fonte/autoridade rastreavel do evento,true,false,true
MRQ_02649,TGT_0377,geometry_type,true,not_available,alta,obter geometria oficial (ponto/poligono/bbox) do evento (trilha obter_geometria_oficial),true,true,true
MRQ_02650,TGT_0377,patch_id,true,not_available,media,resolver o patch REV-P correspondente (trilha resolver_patch_link),true,false,true
MRQ_02651,TGT_0377,patch_link_quality,true,not_available,alta,produzir vinculo espacial forte com o patch (trilha resolver_patch_link),true,false,true
MRQ_02652,TGT_0377,uncertainty_m,true,not_available,media,estimar incerteza espacial em metros (trilha estimar_incerteza_espacial),true,false,true
MRQ_02653,TGT_0377,qa_status,true,not_available,alta,executar QA humano e registrar aceite (trilha executar_qa_humano),true,true,true
MRQ_02654,TGT_0377,phenomenon_type,true,not_available,alta,confirmar e separar o fenomeno de inundacao (trilha separar_fenomeno),true,true,true
MRQ_02655,TGT_0378,event_date,true,not_available,alta,resolver data do evento em registro oficial/documental (trilha resolver_data_evento),true,false,true
MRQ_02656,TGT_0378,source_authority,true,not_available,alta,identificar fonte/autoridade rastreavel do evento,true,false,true
MRQ_02657,TGT_0378,geometry_type,true,not_available,alta,obter geometria oficial (ponto/poligono/bbox) do evento (trilha obter_geometria_oficial),true,true,true
MRQ_02658,TGT_0378,patch_id,true,not_available,media,resolver o patch REV-P correspondente (trilha resolver_patch_link),true,false,true
MRQ_02659,TGT_0378,patch_link_quality,true,not_available,alta,produzir vinculo espacial forte com o patch (trilha resolver_patch_link),true,false,true
MRQ_02660,TGT_0378,uncertainty_m,true,not_available,media,estimar incerteza espacial em metros (trilha estimar_incerteza_espacial),true,false,true
MRQ_02661,TGT_0378,qa_status,true,not_available,alta,executar QA humano e registrar aceite (trilha executar_qa_humano),true,true,true
MRQ_02662,TGT_0378,phenomenon_type,true,not_available,alta,confirmar e separar o fenomeno de inundacao (trilha separar_fenomeno),true,true,true
MRQ_02663,TGT_0379,event_date,true,not_available,alta,resolver data do evento em registro oficial/documental (trilha resolver_data_evento),true,false,true
MRQ_02664,TGT_0379,source_authority,true,not_available,alta,identificar fonte/autoridade rastreavel do evento,true,false,true
MRQ_02665,TGT_0379,geometry_type,true,not_available,alta,obter geometria oficial (ponto/poligono/bbox) do evento (trilha obter_geometria_oficial),true,true,true
MRQ_02666,TGT_0379,patch_id,true,not_available,media,resolver o patch REV-P correspondente (trilha resolver_patch_link),true,false,true
MRQ_02667,TGT_0379,patch_link_quality,true,not_available,alta,produzir vinculo espacial forte com o patch (trilha resolver_patch_link),true,false,true
MRQ_02668,TGT_0379,uncertainty_m,true,not_available,media,estimar incerteza espacial em metros (trilha estimar_incerteza_espacial),true,false,true
MRQ_02669,TGT_0379,qa_status,true,not_available,alta,executar QA humano e registrar aceite (trilha executar_qa_humano),true,true,true
MRQ_02670,TGT_0379,phenomenon_type,true,not_available,alta,confirmar e separar o fenomeno de inundacao (trilha separar_fenomeno),true,true,true
MRQ_02671,TGT_0380,event_date,true,not_available,alta,resolver data do evento em registro oficial/documental (trilha resolver_data_evento),true,false,true
MRQ_02672,TGT_0380,source_authority,true,not_available,alta,identificar fonte/autoridade rastreavel do evento,true,false,true
MRQ_02673,TGT_0380,geometry_type,true,not_available,alta,obter geometria oficial (ponto/poligono/bbox) do evento (trilha obter_geometria_oficial),true,true,true
MRQ_02674,TGT_0380,patch_id,true,not_available,media,resolver o patch REV-P correspondente (trilha resolver_patch_link),true,false,true
MRQ_02675,TGT_0380,patch_link_quality,true,not_available,alta,produzir vinculo espacial forte com o patch (trilha resolver_patch_link),true,false,true
MRQ_02676,TGT_0380,uncertainty_m,true,not_available,media,estimar incerteza espacial em metros (trilha estimar_incerteza_espacial),true,false,true
MRQ_02677,TGT_0380,qa_status,true,not_available,alta,executar QA humano e registrar aceite (trilha executar_qa_humano),true,true,true
MRQ_02678,TGT_0380,phenomenon_type,true,not_available,alta,confirmar e separar o fenomeno de inundacao (trilha separar_fenomeno),true,true,true
MRQ_02679,TGT_0381,event_date,true,not_available,alta,resolver data do evento em registro oficial/documental (trilha resolver_data_evento),true,false,true
MRQ_02680,TGT_0381,source_authority,true,not_available,alta,identificar fonte/autoridade rastreavel do evento,true,false,true
MRQ_02681,TGT_0381,geometry_type,true,not_available,alta,obter geometria oficial (ponto/poligono/bbox) do evento (trilha obter_geometria_oficial),true,true,true
MRQ_02682,TGT_0381,patch_id,true,not_available,media,resolver o patch REV-P correspondente (trilha resolver_patch_link),true,false,true
MRQ_02683,TGT_0381,patch_link_quality,true,not_available,alta,produzir vinculo espacial forte com o patch (trilha resolver_patch_link),true,false,true
MRQ_02684,TGT_0381,uncertainty_m,true,not_available,media,estimar incerteza espacial em metros (trilha estimar_incerteza_espacial),true,false,true
MRQ_02685,TGT_0381,qa_status,true,not_available,alta,executar QA humano e registrar aceite (trilha executar_qa_humano),true,true,true
MRQ_02686,TGT_0381,phenomenon_type,true,not_available,alta,confirmar e separar o fenomeno de inundacao (trilha separar_fenomeno),true,true,true
MRQ_02687,TGT_0382,event_date,true,not_available,alta,resolver data do evento em registro oficial/documental (trilha resolver_data_evento),true,false,true
MRQ_02688,TGT_0382,source_authority,true,not_available,alta,identificar fonte/autoridade rastreavel do evento,true,false,true
MRQ_02689,TGT_0382,geometry_type,true,not_available,alta,obter geometria oficial (ponto/poligono/bbox) do evento (trilha obter_geometria_oficial),true,true,true
MRQ_02690,TGT_0382,patch_id,true,not_available,media,resolver o patch REV-P correspondente (trilha resolver_patch_link),true,false,true
MRQ_02691,TGT_0382,patch_link_quality,true,not_available,alta,produzir vinculo espacial forte com o patch (trilha resolver_patch_link),true,false,true
MRQ_02692,TGT_0382,uncertainty_m,true,not_available,media,estimar incerteza espacial em metros (trilha estimar_incerteza_espacial),true,false,true
MRQ_02693,TGT_0382,qa_status,true,not_available,alta,executar QA humano e registrar aceite (trilha executar_qa_humano),true,true,true
MRQ_02694,TGT_0382,phenomenon_type,true,not_available,alta,confirmar e separar o fenomeno de inundacao (trilha separar_fenomeno),true,true,true
MRQ_02695,TGT_0383,event_date,true,not_available,alta,resolver data do evento em registro oficial/documental (trilha resolver_data_evento),true,false,true
MRQ_02696,TGT_0383,source_authority,true,not_available,alta,identificar fonte/autoridade rastreavel do evento,true,false,true
MRQ_02697,TGT_0383,geometry_type,true,not_available,alta,obter geometria oficial (ponto/poligono/bbox) do evento (trilha obter_geometria_oficial),true,true,true
MRQ_02698,TGT_0383,patch_id,true,not_available,media,resolver o patch REV-P correspondente (trilha resolver_patch_link),true,false,true
MRQ_02699,TGT_0383,patch_link_quality,true,not_available,alta,produzir vinculo espacial forte com o patch (trilha resolver_patch_link),true,false,true
MRQ_02700,TGT_0383,uncertainty_m,true,not_available,media,estimar incerteza espacial em metros (trilha estimar_incerteza_espacial),true,false,true
MRQ_02701,TGT_0383,qa_status,true,not_available,alta,executar QA humano e registrar aceite (trilha executar_qa_humano),true,true,true
MRQ_02702,TGT_0383,phenomenon_type,true,not_available,alta,confirmar e separar o fenomeno de inundacao (trilha separar_fenomeno),true,true,true
MRQ_02703,TGT_0384,event_date,true,not_available,alta,resolver data do evento em registro oficial/documental (trilha resolver_data_evento),true,false,true
MRQ_02704,TGT_0384,source_authority,true,not_available,alta,identificar fonte/autoridade rastreavel do evento,true,false,true
MRQ_02705,TGT_0384,geometry_type,true,not_available,alta,obter geometria oficial (ponto/poligono/bbox) do evento (trilha obter_geometria_oficial),true,true,true
MRQ_02706,TGT_0384,patch_id,true,not_available,media,resolver o patch REV-P correspondente (trilha resolver_patch_link),true,false,true
MRQ_02707,TGT_0384,patch_link_quality,true,not_available,alta,produzir vinculo espacial forte com o patch (trilha resolver_patch_link),true,false,true
MRQ_02708,TGT_0384,uncertainty_m,true,not_available,media,estimar incerteza espacial em metros (trilha estimar_incerteza_espacial),true,false,true
MRQ_02709,TGT_0384,qa_status,true,not_available,alta,executar QA humano e registrar aceite (trilha executar_qa_humano),true,true,true
MRQ_02710,TGT_0384,phenomenon_type,true,not_available,alta,confirmar e separar o fenomeno de inundacao (trilha separar_fenomeno),true,true,true
MRQ_02711,TGT_0385,event_date,true,not_available,alta,resolver data do evento em registro oficial/documental (trilha resolver_data_evento),true,false,true
MRQ_02712,TGT_0385,source_authority,true,not_available,alta,identificar fonte/autoridade rastreavel do evento,true,false,true
MRQ_02713,TGT_0385,geometry_type,true,not_available,alta,obter geometria oficial (ponto/poligono/bbox) do evento (trilha obter_geometria_oficial),true,true,true
MRQ_02714,TGT_0385,patch_id,true,not_available,media,resolver o patch REV-P correspondente (trilha resolver_patch_link),true,false,true
MRQ_02715,TGT_0385,patch_link_quality,true,not_available,alta,produzir vinculo espacial forte com o patch (trilha resolver_patch_link),true,false,true
MRQ_02716,TGT_0385,uncertainty_m,true,not_available,media,estimar incerteza espacial em metros (trilha estimar_incerteza_espacial),true,false,true
MRQ_02717,TGT_0385,qa_status,true,not_available,alta,executar QA humano e registrar aceite (trilha executar_qa_humano),true,true,true
MRQ_02718,TGT_0385,phenomenon_type,true,not_available,alta,confirmar e separar o fenomeno de inundacao (trilha separar_fenomeno),true,true,true
MRQ_02719,TGT_0386,source_authority,true,not_available,alta,identificar fonte/autoridade rastreavel do evento,true,false,true
MRQ_02720,TGT_0386,geometry_type,true,not_available,alta,obter geometria oficial (ponto/poligono/bbox) do evento (trilha obter_geometria_oficial),true,true,true
MRQ_02721,TGT_0386,patch_id,true,not_available,media,resolver o patch REV-P correspondente (trilha resolver_patch_link),true,false,true
MRQ_02722,TGT_0386,patch_link_quality,true,not_available,alta,produzir vinculo espacial forte com o patch (trilha resolver_patch_link),true,false,true
MRQ_02723,TGT_0386,uncertainty_m,true,not_available,media,estimar incerteza espacial em metros (trilha estimar_incerteza_espacial),true,false,true
MRQ_02724,TGT_0386,qa_status,true,not_available,alta,executar QA humano e registrar aceite (trilha executar_qa_humano),true,true,true
MRQ_02725,TGT_0386,phenomenon_type,true,not_available,alta,confirmar e separar o fenomeno de inundacao (trilha separar_fenomeno),true,true,true
MRQ_02726,TGT_0387,source_authority,true,not_available,alta,identificar fonte/autoridade rastreavel do evento,true,false,true
MRQ_02727,TGT_0387,geometry_type,true,not_available,alta,obter geometria oficial (ponto/poligono/bbox) do evento (trilha obter_geometria_oficial),true,true,true
MRQ_02728,TGT_0387,patch_id,true,not_available,media,resolver o patch REV-P correspondente (trilha resolver_patch_link),true,false,true
MRQ_02729,TGT_0387,patch_link_quality,true,not_available,alta,produzir vinculo espacial forte com o patch (trilha resolver_patch_link),true,false,true
MRQ_02730,TGT_0387,uncertainty_m,true,not_available,media,estimar incerteza espacial em metros (trilha estimar_incerteza_espacial),true,false,true
MRQ_02731,TGT_0387,qa_status,true,not_available,alta,executar QA humano e registrar aceite (trilha executar_qa_humano),true,true,true
MRQ_02732,TGT_0387,phenomenon_type,true,not_available,alta,confirmar e separar o fenomeno de inundacao (trilha separar_fenomeno),true,true,true
MRQ_02733,TGT_0388,source_authority,true,not_available,alta,identificar fonte/autoridade rastreavel do evento,true,false,true
MRQ_02734,TGT_0388,geometry_type,true,not_available,alta,obter geometria oficial (ponto/poligono/bbox) do evento (trilha obter_geometria_oficial),true,true,true
MRQ_02735,TGT_0388,patch_id,true,not_available,media,resolver o patch REV-P correspondente (trilha resolver_patch_link),true,false,true
MRQ_02736,TGT_0388,patch_link_quality,true,not_available,alta,produzir vinculo espacial forte com o patch (trilha resolver_patch_link),true,false,true
MRQ_02737,TGT_0388,uncertainty_m,true,not_available,media,estimar incerteza espacial em metros (trilha estimar_incerteza_espacial),true,false,true
MRQ_02738,TGT_0388,qa_status,true,not_available,alta,executar QA humano e registrar aceite (trilha executar_qa_humano),true,true,true
MRQ_02739,TGT_0388,phenomenon_type,true,not_available,alta,confirmar e separar o fenomeno de inundacao (trilha separar_fenomeno),true,true,true
MRQ_02740,TGT_0389,source_authority,true,not_available,alta,identificar fonte/autoridade rastreavel do evento,true,false,true
MRQ_02741,TGT_0389,geometry_type,true,not_available,alta,obter geometria oficial (ponto/poligono/bbox) do evento (trilha obter_geometria_oficial),true,true,true
MRQ_02742,TGT_0389,patch_id,true,not_available,media,resolver o patch REV-P correspondente (trilha resolver_patch_link),true,false,true
MRQ_02743,TGT_0389,patch_link_quality,true,not_available,alta,produzir vinculo espacial forte com o patch (trilha resolver_patch_link),true,false,true
MRQ_02744,TGT_0389,uncertainty_m,true,not_available,media,estimar incerteza espacial em metros (trilha estimar_incerteza_espacial),true,false,true
MRQ_02745,TGT_0389,qa_status,true,not_available,alta,executar QA humano e registrar aceite (trilha executar_qa_humano),true,true,true
MRQ_02746,TGT_0389,phenomenon_type,true,not_available,alta,confirmar e separar o fenomeno de inundacao (trilha separar_fenomeno),true,true,true
MRQ_02747,TGT_0390,source_authority,true,not_available,alta,identificar fonte/autoridade rastreavel do evento,true,false,true
MRQ_02748,TGT_0390,geometry_type,true,not_available,alta,obter geometria oficial (ponto/poligono/bbox) do evento (trilha obter_geometria_oficial),true,true,true
MRQ_02749,TGT_0390,patch_id,true,not_available,media,resolver o patch REV-P correspondente (trilha resolver_patch_link),true,false,true
MRQ_02750,TGT_0390,patch_link_quality,true,not_available,alta,produzir vinculo espacial forte com o patch (trilha resolver_patch_link),true,false,true
MRQ_02751,TGT_0390,uncertainty_m,true,not_available,media,estimar incerteza espacial em metros (trilha estimar_incerteza_espacial),true,false,true
MRQ_02752,TGT_0390,qa_status,true,not_available,alta,executar QA humano e registrar aceite (trilha executar_qa_humano),true,true,true
MRQ_02753,TGT_0390,phenomenon_type,true,not_available,alta,confirmar e separar o fenomeno de inundacao (trilha separar_fenomeno),true,true,true
MRQ_02754,TGT_0391,source_authority,true,not_available,alta,identificar fonte/autoridade rastreavel do evento,true,false,true
MRQ_02755,TGT_0391,geometry_type,true,not_available,alta,obter geometria oficial (ponto/poligono/bbox) do evento (trilha obter_geometria_oficial),true,true,true
MRQ_02756,TGT_0391,patch_id,true,not_available,media,resolver o patch REV-P correspondente (trilha resolver_patch_link),true,false,true
MRQ_02757,TGT_0391,patch_link_quality,true,not_available,alta,produzir vinculo espacial forte com o patch (trilha resolver_patch_link),true,false,true
MRQ_02758,TGT_0391,uncertainty_m,true,not_available,media,estimar incerteza espacial em metros (trilha estimar_incerteza_espacial),true,false,true
MRQ_02759,TGT_0391,qa_status,true,not_available,alta,executar QA humano e registrar aceite (trilha executar_qa_humano),true,true,true
MRQ_02760,TGT_0391,phenomenon_type,true,not_available,alta,confirmar e separar o fenomeno de inundacao (trilha separar_fenomeno),true,true,true
MRQ_02761,TGT_0392,source_authority,true,not_available,alta,identificar fonte/autoridade rastreavel do evento,true,false,true
MRQ_02762,TGT_0392,geometry_type,true,not_available,alta,obter geometria oficial (ponto/poligono/bbox) do evento (trilha obter_geometria_oficial),true,true,true
MRQ_02763,TGT_0392,patch_id,true,not_available,media,resolver o patch REV-P correspondente (trilha resolver_patch_link),true,false,true
MRQ_02764,TGT_0392,patch_link_quality,true,not_available,alta,produzir vinculo espacial forte com o patch (trilha resolver_patch_link),true,false,true
MRQ_02765,TGT_0392,uncertainty_m,true,not_available,media,estimar incerteza espacial em metros (trilha estimar_incerteza_espacial),true,false,true
MRQ_02766,TGT_0392,qa_status,true,not_available,alta,executar QA humano e registrar aceite (trilha executar_qa_humano),true,true,true
MRQ_02767,TGT_0392,phenomenon_type,true,not_available,alta,confirmar e separar o fenomeno de inundacao (trilha separar_fenomeno),true,true,true
MRQ_02768,TGT_0393,source_authority,true,not_available,alta,identificar fonte/autoridade rastreavel do evento,true,false,true
MRQ_02769,TGT_0393,geometry_type,true,not_available,alta,obter geometria oficial (ponto/poligono/bbox) do evento (trilha obter_geometria_oficial),true,true,true
MRQ_02770,TGT_0393,patch_id,true,not_available,media,resolver o patch REV-P correspondente (trilha resolver_patch_link),true,false,true
MRQ_02771,TGT_0393,patch_link_quality,true,not_available,alta,produzir vinculo espacial forte com o patch (trilha resolver_patch_link),true,false,true
MRQ_02772,TGT_0393,uncertainty_m,true,not_available,media,estimar incerteza espacial em metros (trilha estimar_incerteza_espacial),true,false,true
MRQ_02773,TGT_0393,qa_status,true,not_available,alta,executar QA humano e registrar aceite (trilha executar_qa_humano),true,true,true
MRQ_02774,TGT_0393,phenomenon_type,true,not_available,alta,confirmar e separar o fenomeno de inundacao (trilha separar_fenomeno),true,true,true
MRQ_02775,TGT_0394,source_authority,true,not_available,alta,identificar fonte/autoridade rastreavel do evento,true,false,true
MRQ_02776,TGT_0394,geometry_type,true,not_available,alta,obter geometria oficial (ponto/poligono/bbox) do evento (trilha obter_geometria_oficial),true,true,true
MRQ_02777,TGT_0394,patch_id,true,not_available,media,resolver o patch REV-P correspondente (trilha resolver_patch_link),true,false,true
MRQ_02778,TGT_0394,patch_link_quality,true,not_available,alta,produzir vinculo espacial forte com o patch (trilha resolver_patch_link),true,false,true
MRQ_02779,TGT_0394,uncertainty_m,true,not_available,media,estimar incerteza espacial em metros (trilha estimar_incerteza_espacial),true,false,true
MRQ_02780,TGT_0394,qa_status,true,not_available,alta,executar QA humano e registrar aceite (trilha executar_qa_humano),true,true,true
MRQ_02781,TGT_0394,phenomenon_type,true,not_available,alta,confirmar e separar o fenomeno de inundacao (trilha separar_fenomeno),true,true,true
MRQ_02782,TGT_0395,source_authority,true,not_available,alta,identificar fonte/autoridade rastreavel do evento,true,false,true
MRQ_02783,TGT_0395,geometry_type,true,not_available,alta,obter geometria oficial (ponto/poligono/bbox) do evento (trilha obter_geometria_oficial),true,true,true
MRQ_02784,TGT_0395,patch_id,true,not_available,media,resolver o patch REV-P correspondente (trilha resolver_patch_link),true,false,true
MRQ_02785,TGT_0395,patch_link_quality,true,not_available,alta,produzir vinculo espacial forte com o patch (trilha resolver_patch_link),true,false,true
MRQ_02786,TGT_0395,uncertainty_m,true,not_available,media,estimar incerteza espacial em metros (trilha estimar_incerteza_espacial),true,false,true
MRQ_02787,TGT_0395,qa_status,true,not_available,alta,executar QA humano e registrar aceite (trilha executar_qa_humano),true,true,true
MRQ_02788,TGT_0395,phenomenon_type,true,not_available,alta,confirmar e separar o fenomeno de inundacao (trilha separar_fenomeno),true,true,true
MRQ_02789,TGT_0396,source_authority,true,not_available,alta,identificar fonte/autoridade rastreavel do evento,true,false,true
MRQ_02790,TGT_0396,geometry_type,true,not_available,alta,obter geometria oficial (ponto/poligono/bbox) do evento (trilha obter_geometria_oficial),true,true,true
MRQ_02791,TGT_0396,patch_id,true,not_available,media,resolver o patch REV-P correspondente (trilha resolver_patch_link),true,false,true
MRQ_02792,TGT_0396,patch_link_quality,true,not_available,alta,produzir vinculo espacial forte com o patch (trilha resolver_patch_link),true,false,true
MRQ_02793,TGT_0396,uncertainty_m,true,not_available,media,estimar incerteza espacial em metros (trilha estimar_incerteza_espacial),true,false,true
MRQ_02794,TGT_0396,qa_status,true,not_available,alta,executar QA humano e registrar aceite (trilha executar_qa_humano),true,true,true
MRQ_02795,TGT_0396,phenomenon_type,true,not_available,alta,confirmar e separar o fenomeno de inundacao (trilha separar_fenomeno),true,true,true
MRQ_02796,TGT_0397,source_authority,true,not_available,alta,identificar fonte/autoridade rastreavel do evento,true,false,true
MRQ_02797,TGT_0397,geometry_type,true,not_available,alta,obter geometria oficial (ponto/poligono/bbox) do evento (trilha obter_geometria_oficial),true,true,true
MRQ_02798,TGT_0397,patch_id,true,not_available,media,resolver o patch REV-P correspondente (trilha resolver_patch_link),true,false,true
MRQ_02799,TGT_0397,patch_link_quality,true,not_available,alta,produzir vinculo espacial forte com o patch (trilha resolver_patch_link),true,false,true
MRQ_02800,TGT_0397,uncertainty_m,true,not_available,media,estimar incerteza espacial em metros (trilha estimar_incerteza_espacial),true,false,true
MRQ_02801,TGT_0397,qa_status,true,not_available,alta,executar QA humano e registrar aceite (trilha executar_qa_humano),true,true,true
MRQ_02802,TGT_0397,phenomenon_type,true,not_available,alta,confirmar e separar o fenomeno de inundacao (trilha separar_fenomeno),true,true,true
MRQ_02803,TGT_0398,source_authority,true,not_available,alta,identificar fonte/autoridade rastreavel do evento,true,false,true
MRQ_02804,TGT_0398,geometry_type,true,not_available,alta,obter geometria oficial (ponto/poligono/bbox) do evento (trilha obter_geometria_oficial),true,true,true
MRQ_02805,TGT_0398,patch_id,true,not_available,media,resolver o patch REV-P correspondente (trilha resolver_patch_link),true,false,true
MRQ_02806,TGT_0398,patch_link_quality,true,not_available,alta,produzir vinculo espacial forte com o patch (trilha resolver_patch_link),true,false,true
MRQ_02807,TGT_0398,uncertainty_m,true,not_available,media,estimar incerteza espacial em metros (trilha estimar_incerteza_espacial),true,false,true
MRQ_02808,TGT_0398,qa_status,true,not_available,alta,executar QA humano e registrar aceite (trilha executar_qa_humano),true,true,true
MRQ_02809,TGT_0398,phenomenon_type,true,not_available,alta,confirmar e separar o fenomeno de inundacao (trilha separar_fenomeno),true,true,true
MRQ_02810,TGT_0399,source_authority,true,not_available,alta,identificar fonte/autoridade rastreavel do evento,true,false,true
MRQ_02811,TGT_0399,geometry_type,true,not_available,alta,obter geometria oficial (ponto/poligono/bbox) do evento (trilha obter_geometria_oficial),true,true,true
MRQ_02812,TGT_0399,patch_id,true,not_available,media,resolver o patch REV-P correspondente (trilha resolver_patch_link),true,false,true
MRQ_02813,TGT_0399,patch_link_quality,true,not_available,alta,produzir vinculo espacial forte com o patch (trilha resolver_patch_link),true,false,true
MRQ_02814,TGT_0399,uncertainty_m,true,not_available,media,estimar incerteza espacial em metros (trilha estimar_incerteza_espacial),true,false,true
MRQ_02815,TGT_0399,qa_status,true,not_available,alta,executar QA humano e registrar aceite (trilha executar_qa_humano),true,true,true
MRQ_02816,TGT_0399,phenomenon_type,true,not_available,alta,confirmar e separar o fenomeno de inundacao (trilha separar_fenomeno),true,true,true
MRQ_02817,TGT_0400,source_authority,true,not_available,alta,identificar fonte/autoridade rastreavel do evento,true,false,true
MRQ_02818,TGT_0400,geometry_type,true,not_available,alta,obter geometria oficial (ponto/poligono/bbox) do evento (trilha obter_geometria_oficial),true,true,true
MRQ_02819,TGT_0400,patch_id,true,not_available,media,resolver o patch REV-P correspondente (trilha resolver_patch_link),true,false,true
MRQ_02820,TGT_0400,patch_link_quality,true,not_available,alta,produzir vinculo espacial forte com o patch (trilha resolver_patch_link),true,false,true
MRQ_02821,TGT_0400,uncertainty_m,true,not_available,media,estimar incerteza espacial em metros (trilha estimar_incerteza_espacial),true,false,true
MRQ_02822,TGT_0400,qa_status,true,not_available,alta,executar QA humano e registrar aceite (trilha executar_qa_humano),true,true,true
MRQ_02823,TGT_0400,phenomenon_type,true,not_available,alta,confirmar e separar o fenomeno de inundacao (trilha separar_fenomeno),true,true,true
MRQ_02824,TGT_0401,source_authority,true,not_available,alta,identificar fonte/autoridade rastreavel do evento,true,false,true
MRQ_02825,TGT_0401,geometry_type,true,not_available,alta,obter geometria oficial (ponto/poligono/bbox) do evento (trilha obter_geometria_oficial),true,true,true
MRQ_02826,TGT_0401,patch_id,true,not_available,media,resolver o patch REV-P correspondente (trilha resolver_patch_link),true,false,true
MRQ_02827,TGT_0401,patch_link_quality,true,not_available,alta,produzir vinculo espacial forte com o patch (trilha resolver_patch_link),true,false,true
MRQ_02828,TGT_0401,uncertainty_m,true,not_available,media,estimar incerteza espacial em metros (trilha estimar_incerteza_espacial),true,false,true
MRQ_02829,TGT_0401,qa_status,true,not_available,alta,executar QA humano e registrar aceite (trilha executar_qa_humano),true,true,true
MRQ_02830,TGT_0401,phenomenon_type,true,not_available,alta,confirmar e separar o fenomeno de inundacao (trilha separar_fenomeno),true,true,true
MRQ_02831,TGT_0402,source_authority,true,not_available,alta,identificar fonte/autoridade rastreavel do evento,true,false,true
MRQ_02832,TGT_0402,geometry_type,true,not_available,alta,obter geometria oficial (ponto/poligono/bbox) do evento (trilha obter_geometria_oficial),true,true,true
MRQ_02833,TGT_0402,patch_id,true,not_available,media,resolver o patch REV-P correspondente (trilha resolver_patch_link),true,false,true
MRQ_02834,TGT_0402,patch_link_quality,true,not_available,alta,produzir vinculo espacial forte com o patch (trilha resolver_patch_link),true,false,true
MRQ_02835,TGT_0402,uncertainty_m,true,not_available,media,estimar incerteza espacial em metros (trilha estimar_incerteza_espacial),true,false,true
MRQ_02836,TGT_0402,qa_status,true,not_available,alta,executar QA humano e registrar aceite (trilha executar_qa_humano),true,true,true
MRQ_02837,TGT_0402,phenomenon_type,true,not_available,alta,confirmar e separar o fenomeno de inundacao (trilha separar_fenomeno),true,true,true
MRQ_02838,TGT_0403,source_authority,true,not_available,alta,identificar fonte/autoridade rastreavel do evento,true,false,true
MRQ_02839,TGT_0403,geometry_type,true,not_available,alta,obter geometria oficial (ponto/poligono/bbox) do evento (trilha obter_geometria_oficial),true,true,true
MRQ_02840,TGT_0403,patch_id,true,not_available,media,resolver o patch REV-P correspondente (trilha resolver_patch_link),true,false,true
MRQ_02841,TGT_0403,patch_link_quality,true,not_available,alta,produzir vinculo espacial forte com o patch (trilha resolver_patch_link),true,false,true
MRQ_02842,TGT_0403,uncertainty_m,true,not_available,media,estimar incerteza espacial em metros (trilha estimar_incerteza_espacial),true,false,true
MRQ_02843,TGT_0403,qa_status,true,not_available,alta,executar QA humano e registrar aceite (trilha executar_qa_humano),true,true,true
MRQ_02844,TGT_0403,phenomenon_type,true,not_available,alta,confirmar e separar o fenomeno de inundacao (trilha separar_fenomeno),true,true,true
MRQ_02845,TGT_0404,source_authority,true,not_available,alta,identificar fonte/autoridade rastreavel do evento,true,false,true
MRQ_02846,TGT_0404,geometry_type,true,not_available,alta,obter geometria oficial (ponto/poligono/bbox) do evento (trilha obter_geometria_oficial),true,true,true
MRQ_02847,TGT_0404,patch_id,true,not_available,media,resolver o patch REV-P correspondente (trilha resolver_patch_link),true,false,true
MRQ_02848,TGT_0404,patch_link_quality,true,not_available,alta,produzir vinculo espacial forte com o patch (trilha resolver_patch_link),true,false,true
MRQ_02849,TGT_0404,uncertainty_m,true,not_available,media,estimar incerteza espacial em metros (trilha estimar_incerteza_espacial),true,false,true
MRQ_02850,TGT_0404,qa_status,true,not_available,alta,executar QA humano e registrar aceite (trilha executar_qa_humano),true,true,true
MRQ_02851,TGT_0404,phenomenon_type,true,not_available,alta,confirmar e separar o fenomeno de inundacao (trilha separar_fenomeno),true,true,true
MRQ_02852,TGT_0405,source_authority,true,not_available,alta,identificar fonte/autoridade rastreavel do evento,true,false,true
MRQ_02853,TGT_0405,geometry_type,true,not_available,alta,obter geometria oficial (ponto/poligono/bbox) do evento (trilha obter_geometria_oficial),true,true,true
MRQ_02854,TGT_0405,patch_id,true,not_available,media,resolver o patch REV-P correspondente (trilha resolver_patch_link),true,false,true
MRQ_02855,TGT_0405,patch_link_quality,true,not_available,alta,produzir vinculo espacial forte com o patch (trilha resolver_patch_link),true,false,true
MRQ_02856,TGT_0405,uncertainty_m,true,not_available,media,estimar incerteza espacial em metros (trilha estimar_incerteza_espacial),true,false,true
MRQ_02857,TGT_0405,qa_status,true,not_available,alta,executar QA humano e registrar aceite (trilha executar_qa_humano),true,true,true
MRQ_02858,TGT_0405,phenomenon_type,true,not_available,alta,confirmar e separar o fenomeno de inundacao (trilha separar_fenomeno),true,true,true
MRQ_02859,TGT_0406,source_authority,true,not_available,alta,identificar fonte/autoridade rastreavel do evento,true,false,true
MRQ_02860,TGT_0406,geometry_type,true,not_available,alta,obter geometria oficial (ponto/poligono/bbox) do evento (trilha obter_geometria_oficial),true,true,true
MRQ_02861,TGT_0406,patch_id,true,not_available,media,resolver o patch REV-P correspondente (trilha resolver_patch_link),true,false,true
MRQ_02862,TGT_0406,patch_link_quality,true,not_available,alta,produzir vinculo espacial forte com o patch (trilha resolver_patch_link),true,false,true
MRQ_02863,TGT_0406,uncertainty_m,true,not_available,media,estimar incerteza espacial em metros (trilha estimar_incerteza_espacial),true,false,true
MRQ_02864,TGT_0406,qa_status,true,not_available,alta,executar QA humano e registrar aceite (trilha executar_qa_humano),true,true,true
MRQ_02865,TGT_0406,phenomenon_type,true,not_available,alta,confirmar e separar o fenomeno de inundacao (trilha separar_fenomeno),true,true,true
MRQ_02866,TGT_0407,source_authority,true,not_available,alta,identificar fonte/autoridade rastreavel do evento,true,false,true
MRQ_02867,TGT_0407,geometry_type,true,not_available,alta,obter geometria oficial (ponto/poligono/bbox) do evento (trilha obter_geometria_oficial),true,true,true
MRQ_02868,TGT_0407,patch_id,true,not_available,media,resolver o patch REV-P correspondente (trilha resolver_patch_link),true,false,true
MRQ_02869,TGT_0407,patch_link_quality,true,not_available,alta,produzir vinculo espacial forte com o patch (trilha resolver_patch_link),true,false,true
MRQ_02870,TGT_0407,uncertainty_m,true,not_available,media,estimar incerteza espacial em metros (trilha estimar_incerteza_espacial),true,false,true
MRQ_02871,TGT_0407,qa_status,true,not_available,alta,executar QA humano e registrar aceite (trilha executar_qa_humano),true,true,true
MRQ_02872,TGT_0407,phenomenon_type,true,not_available,alta,confirmar e separar o fenomeno de inundacao (trilha separar_fenomeno),true,true,true
MRQ_02873,TGT_0408,source_authority,true,not_available,alta,identificar fonte/autoridade rastreavel do evento,true,false,true
MRQ_02874,TGT_0408,geometry_type,true,not_available,alta,obter geometria oficial (ponto/poligono/bbox) do evento (trilha obter_geometria_oficial),true,true,true
MRQ_02875,TGT_0408,patch_id,true,not_available,media,resolver o patch REV-P correspondente (trilha resolver_patch_link),true,false,true
MRQ_02876,TGT_0408,patch_link_quality,true,not_available,alta,produzir vinculo espacial forte com o patch (trilha resolver_patch_link),true,false,true
MRQ_02877,TGT_0408,uncertainty_m,true,not_available,media,estimar incerteza espacial em metros (trilha estimar_incerteza_espacial),true,false,true
MRQ_02878,TGT_0408,qa_status,true,not_available,alta,executar QA humano e registrar aceite (trilha executar_qa_humano),true,true,true
MRQ_02879,TGT_0408,phenomenon_type,true,not_available,alta,confirmar e separar o fenomeno de inundacao (trilha separar_fenomeno),true,true,true
MRQ_02880,TGT_0409,source_authority,true,not_available,alta,identificar fonte/autoridade rastreavel do evento,true,false,true
MRQ_02881,TGT_0409,geometry_type,true,not_available,alta,obter geometria oficial (ponto/poligono/bbox) do evento (trilha obter_geometria_oficial),true,true,true
MRQ_02882,TGT_0409,patch_id,true,not_available,media,resolver o patch REV-P correspondente (trilha resolver_patch_link),true,false,true
MRQ_02883,TGT_0409,patch_link_quality,true,not_available,alta,produzir vinculo espacial forte com o patch (trilha resolver_patch_link),true,false,true
MRQ_02884,TGT_0409,uncertainty_m,true,not_available,media,estimar incerteza espacial em metros (trilha estimar_incerteza_espacial),true,false,true
MRQ_02885,TGT_0409,qa_status,true,not_available,alta,executar QA humano e registrar aceite (trilha executar_qa_humano),true,true,true
MRQ_02886,TGT_0409,phenomenon_type,true,not_available,alta,confirmar e separar o fenomeno de inundacao (trilha separar_fenomeno),true,true,true
MRQ_02887,TGT_0410,source_authority,true,not_available,alta,identificar fonte/autoridade rastreavel do evento,true,false,true
MRQ_02888,TGT_0410,geometry_type,true,not_available,alta,obter geometria oficial (ponto/poligono/bbox) do evento (trilha obter_geometria_oficial),true,true,true
MRQ_02889,TGT_0410,patch_id,true,not_available,media,resolver o patch REV-P correspondente (trilha resolver_patch_link),true,false,true
MRQ_02890,TGT_0410,patch_link_quality,true,not_available,alta,produzir vinculo espacial forte com o patch (trilha resolver_patch_link),true,false,true
MRQ_02891,TGT_0410,uncertainty_m,true,not_available,media,estimar incerteza espacial em metros (trilha estimar_incerteza_espacial),true,false,true
MRQ_02892,TGT_0410,qa_status,true,not_available,alta,executar QA humano e registrar aceite (trilha executar_qa_humano),true,true,true
MRQ_02893,TGT_0410,phenomenon_type,true,not_available,alta,confirmar e separar o fenomeno de inundacao (trilha separar_fenomeno),true,true,true
MRQ_02894,TGT_0411,source_authority,true,not_available,alta,identificar fonte/autoridade rastreavel do evento,true,false,true
MRQ_02895,TGT_0411,geometry_type,true,not_available,alta,obter geometria oficial (ponto/poligono/bbox) do evento (trilha obter_geometria_oficial),true,true,true
MRQ_02896,TGT_0411,patch_id,true,not_available,media,resolver o patch REV-P correspondente (trilha resolver_patch_link),true,false,true
MRQ_02897,TGT_0411,patch_link_quality,true,not_available,alta,produzir vinculo espacial forte com o patch (trilha resolver_patch_link),true,false,true
MRQ_02898,TGT_0411,uncertainty_m,true,not_available,media,estimar incerteza espacial em metros (trilha estimar_incerteza_espacial),true,false,true
MRQ_02899,TGT_0411,qa_status,true,not_available,alta,executar QA humano e registrar aceite (trilha executar_qa_humano),true,true,true
MRQ_02900,TGT_0411,phenomenon_type,true,not_available,alta,confirmar e separar o fenomeno de inundacao (trilha separar_fenomeno),true,true,true
MRQ_02901,TGT_0412,source_authority,true,not_available,alta,identificar fonte/autoridade rastreavel do evento,true,false,true
MRQ_02902,TGT_0412,geometry_type,true,not_available,alta,obter geometria oficial (ponto/poligono/bbox) do evento (trilha obter_geometria_oficial),true,true,true
MRQ_02903,TGT_0412,patch_id,true,not_available,media,resolver o patch REV-P correspondente (trilha resolver_patch_link),true,false,true
MRQ_02904,TGT_0412,patch_link_quality,true,not_available,alta,produzir vinculo espacial forte com o patch (trilha resolver_patch_link),true,false,true
MRQ_02905,TGT_0412,uncertainty_m,true,not_available,media,estimar incerteza espacial em metros (trilha estimar_incerteza_espacial),true,false,true
MRQ_02906,TGT_0412,qa_status,true,not_available,alta,executar QA humano e registrar aceite (trilha executar_qa_humano),true,true,true
MRQ_02907,TGT_0412,phenomenon_type,true,not_available,alta,confirmar e separar o fenomeno de inundacao (trilha separar_fenomeno),true,true,true
MRQ_02908,TGT_0413,source_authority,true,not_available,alta,identificar fonte/autoridade rastreavel do evento,true,false,true
MRQ_02909,TGT_0413,geometry_type,true,not_available,alta,obter geometria oficial (ponto/poligono/bbox) do evento (trilha obter_geometria_oficial),true,true,true
MRQ_02910,TGT_0413,patch_id,true,not_available,media,resolver o patch REV-P correspondente (trilha resolver_patch_link),true,false,true
MRQ_02911,TGT_0413,patch_link_quality,true,not_available,alta,produzir vinculo espacial forte com o patch (trilha resolver_patch_link),true,false,true
MRQ_02912,TGT_0413,uncertainty_m,true,not_available,media,estimar incerteza espacial em metros (trilha estimar_incerteza_espacial),true,false,true
MRQ_02913,TGT_0413,qa_status,true,not_available,alta,executar QA humano e registrar aceite (trilha executar_qa_humano),true,true,true
MRQ_02914,TGT_0413,phenomenon_type,true,not_available,alta,confirmar e separar o fenomeno de inundacao (trilha separar_fenomeno),true,true,true
MRQ_02915,TGT_0414,source_authority,true,not_available,alta,identificar fonte/autoridade rastreavel do evento,true,false,true
MRQ_02916,TGT_0414,geometry_type,true,not_available,alta,obter geometria oficial (ponto/poligono/bbox) do evento (trilha obter_geometria_oficial),true,true,true
MRQ_02917,TGT_0414,patch_id,true,not_available,media,resolver o patch REV-P correspondente (trilha resolver_patch_link),true,false,true
MRQ_02918,TGT_0414,patch_link_quality,true,not_available,alta,produzir vinculo espacial forte com o patch (trilha resolver_patch_link),true,false,true
MRQ_02919,TGT_0414,uncertainty_m,true,not_available,media,estimar incerteza espacial em metros (trilha estimar_incerteza_espacial),true,false,true
MRQ_02920,TGT_0414,qa_status,true,not_available,alta,executar QA humano e registrar aceite (trilha executar_qa_humano),true,true,true
MRQ_02921,TGT_0414,phenomenon_type,true,not_available,alta,confirmar e separar o fenomeno de inundacao (trilha separar_fenomeno),true,true,true
MRQ_02922,TGT_0415,source_authority,true,not_available,alta,identificar fonte/autoridade rastreavel do evento,true,false,true
MRQ_02923,TGT_0415,geometry_type,true,not_available,alta,obter geometria oficial (ponto/poligono/bbox) do evento (trilha obter_geometria_oficial),true,true,true
MRQ_02924,TGT_0415,patch_id,true,not_available,media,resolver o patch REV-P correspondente (trilha resolver_patch_link),true,false,true
MRQ_02925,TGT_0415,patch_link_quality,true,not_available,alta,produzir vinculo espacial forte com o patch (trilha resolver_patch_link),true,false,true
MRQ_02926,TGT_0415,uncertainty_m,true,not_available,media,estimar incerteza espacial em metros (trilha estimar_incerteza_espacial),true,false,true
MRQ_02927,TGT_0415,qa_status,true,not_available,alta,executar QA humano e registrar aceite (trilha executar_qa_humano),true,true,true
MRQ_02928,TGT_0415,phenomenon_type,true,not_available,alta,confirmar e separar o fenomeno de inundacao (trilha separar_fenomeno),true,true,true
MRQ_02929,TGT_0416,source_authority,true,not_available,alta,identificar fonte/autoridade rastreavel do evento,true,false,true
MRQ_02930,TGT_0416,geometry_type,true,not_available,alta,obter geometria oficial (ponto/poligono/bbox) do evento (trilha obter_geometria_oficial),true,true,true
MRQ_02931,TGT_0416,patch_id,true,not_available,media,resolver o patch REV-P correspondente (trilha resolver_patch_link),true,false,true
MRQ_02932,TGT_0416,patch_link_quality,true,not_available,alta,produzir vinculo espacial forte com o patch (trilha resolver_patch_link),true,false,true
MRQ_02933,TGT_0416,uncertainty_m,true,not_available,media,estimar incerteza espacial em metros (trilha estimar_incerteza_espacial),true,false,true
MRQ_02934,TGT_0416,qa_status,true,not_available,alta,executar QA humano e registrar aceite (trilha executar_qa_humano),true,true,true
MRQ_02935,TGT_0416,phenomenon_type,true,not_available,alta,confirmar e separar o fenomeno de inundacao (trilha separar_fenomeno),true,true,true
MRQ_02936,TGT_0417,source_authority,true,not_available,alta,identificar fonte/autoridade rastreavel do evento,true,false,true
MRQ_02937,TGT_0417,geometry_type,true,not_available,alta,obter geometria oficial (ponto/poligono/bbox) do evento (trilha obter_geometria_oficial),true,true,true
MRQ_02938,TGT_0417,patch_id,true,not_available,media,resolver o patch REV-P correspondente (trilha resolver_patch_link),true,false,true
MRQ_02939,TGT_0417,patch_link_quality,true,not_available,alta,produzir vinculo espacial forte com o patch (trilha resolver_patch_link),true,false,true
MRQ_02940,TGT_0417,uncertainty_m,true,not_available,media,estimar incerteza espacial em metros (trilha estimar_incerteza_espacial),true,false,true
MRQ_02941,TGT_0417,qa_status,true,not_available,alta,executar QA humano e registrar aceite (trilha executar_qa_humano),true,true,true
MRQ_02942,TGT_0417,phenomenon_type,true,not_available,alta,confirmar e separar o fenomeno de inundacao (trilha separar_fenomeno),true,true,true
MRQ_02943,TGT_0418,source_authority,true,not_available,alta,identificar fonte/autoridade rastreavel do evento,true,false,true
MRQ_02944,TGT_0418,geometry_type,true,not_available,alta,obter geometria oficial (ponto/poligono/bbox) do evento (trilha obter_geometria_oficial),true,true,true
MRQ_02945,TGT_0418,patch_id,true,not_available,media,resolver o patch REV-P correspondente (trilha resolver_patch_link),true,false,true
MRQ_02946,TGT_0418,patch_link_quality,true,not_available,alta,produzir vinculo espacial forte com o patch (trilha resolver_patch_link),true,false,true
MRQ_02947,TGT_0418,uncertainty_m,true,not_available,media,estimar incerteza espacial em metros (trilha estimar_incerteza_espacial),true,false,true
MRQ_02948,TGT_0418,qa_status,true,not_available,alta,executar QA humano e registrar aceite (trilha executar_qa_humano),true,true,true
MRQ_02949,TGT_0418,phenomenon_type,true,not_available,alta,confirmar e separar o fenomeno de inundacao (trilha separar_fenomeno),true,true,true
MRQ_02950,TGT_0419,source_authority,true,not_available,alta,identificar fonte/autoridade rastreavel do evento,true,false,true
MRQ_02951,TGT_0419,geometry_type,true,not_available,alta,obter geometria oficial (ponto/poligono/bbox) do evento (trilha obter_geometria_oficial),true,true,true
MRQ_02952,TGT_0419,patch_id,true,not_available,media,resolver o patch REV-P correspondente (trilha resolver_patch_link),true,false,true
MRQ_02953,TGT_0419,patch_link_quality,true,not_available,alta,produzir vinculo espacial forte com o patch (trilha resolver_patch_link),true,false,true
MRQ_02954,TGT_0419,uncertainty_m,true,not_available,media,estimar incerteza espacial em metros (trilha estimar_incerteza_espacial),true,false,true
MRQ_02955,TGT_0419,qa_status,true,not_available,alta,executar QA humano e registrar aceite (trilha executar_qa_humano),true,true,true
MRQ_02956,TGT_0419,phenomenon_type,true,not_available,alta,confirmar e separar o fenomeno de inundacao (trilha separar_fenomeno),true,true,true
MRQ_02957,TGT_0420,source_authority,true,not_available,alta,identificar fonte/autoridade rastreavel do evento,true,false,true
MRQ_02958,TGT_0420,geometry_type,true,not_available,alta,obter geometria oficial (ponto/poligono/bbox) do evento (trilha obter_geometria_oficial),true,true,true
MRQ_02959,TGT_0420,patch_id,true,not_available,media,resolver o patch REV-P correspondente (trilha resolver_patch_link),true,false,true
MRQ_02960,TGT_0420,patch_link_quality,true,not_available,alta,produzir vinculo espacial forte com o patch (trilha resolver_patch_link),true,false,true
MRQ_02961,TGT_0420,uncertainty_m,true,not_available,media,estimar incerteza espacial em metros (trilha estimar_incerteza_espacial),true,false,true
MRQ_02962,TGT_0420,qa_status,true,not_available,alta,executar QA humano e registrar aceite (trilha executar_qa_humano),true,true,true
MRQ_02963,TGT_0420,phenomenon_type,true,not_available,alta,confirmar e separar o fenomeno de inundacao (trilha separar_fenomeno),true,true,true
MRQ_02964,TGT_0421,source_authority,true,not_available,alta,identificar fonte/autoridade rastreavel do evento,true,false,true
MRQ_02965,TGT_0421,geometry_type,true,not_available,alta,obter geometria oficial (ponto/poligono/bbox) do evento (trilha obter_geometria_oficial),true,true,true
MRQ_02966,TGT_0421,patch_id,true,not_available,media,resolver o patch REV-P correspondente (trilha resolver_patch_link),true,false,true
MRQ_02967,TGT_0421,patch_link_quality,true,not_available,alta,produzir vinculo espacial forte com o patch (trilha resolver_patch_link),true,false,true
MRQ_02968,TGT_0421,uncertainty_m,true,not_available,media,estimar incerteza espacial em metros (trilha estimar_incerteza_espacial),true,false,true
MRQ_02969,TGT_0421,qa_status,true,not_available,alta,executar QA humano e registrar aceite (trilha executar_qa_humano),true,true,true
MRQ_02970,TGT_0421,phenomenon_type,true,not_available,alta,confirmar e separar o fenomeno de inundacao (trilha separar_fenomeno),true,true,true
MRQ_02971,TGT_0422,source_authority,true,not_available,alta,identificar fonte/autoridade rastreavel do evento,true,false,true
MRQ_02972,TGT_0422,geometry_type,true,not_available,alta,obter geometria oficial (ponto/poligono/bbox) do evento (trilha obter_geometria_oficial),true,true,true
MRQ_02973,TGT_0422,patch_id,true,not_available,media,resolver o patch REV-P correspondente (trilha resolver_patch_link),true,false,true
MRQ_02974,TGT_0422,patch_link_quality,true,not_available,alta,produzir vinculo espacial forte com o patch (trilha resolver_patch_link),true,false,true
MRQ_02975,TGT_0422,uncertainty_m,true,not_available,media,estimar incerteza espacial em metros (trilha estimar_incerteza_espacial),true,false,true
MRQ_02976,TGT_0422,qa_status,true,not_available,alta,executar QA humano e registrar aceite (trilha executar_qa_humano),true,true,true
MRQ_02977,TGT_0422,phenomenon_type,true,not_available,alta,confirmar e separar o fenomeno de inundacao (trilha separar_fenomeno),true,true,true
MRQ_02978,TGT_0423,source_authority,true,not_available,alta,identificar fonte/autoridade rastreavel do evento,true,false,true
MRQ_02979,TGT_0423,geometry_type,true,not_available,alta,obter geometria oficial (ponto/poligono/bbox) do evento (trilha obter_geometria_oficial),true,true,true
MRQ_02980,TGT_0423,patch_id,true,not_available,media,resolver o patch REV-P correspondente (trilha resolver_patch_link),true,false,true
MRQ_02981,TGT_0423,patch_link_quality,true,not_available,alta,produzir vinculo espacial forte com o patch (trilha resolver_patch_link),true,false,true
MRQ_02982,TGT_0423,uncertainty_m,true,not_available,media,estimar incerteza espacial em metros (trilha estimar_incerteza_espacial),true,false,true
MRQ_02983,TGT_0423,qa_status,true,not_available,alta,executar QA humano e registrar aceite (trilha executar_qa_humano),true,true,true
MRQ_02984,TGT_0423,phenomenon_type,true,not_available,alta,confirmar e separar o fenomeno de inundacao (trilha separar_fenomeno),true,true,true
MRQ_02985,TGT_0424,source_authority,true,not_available,alta,identificar fonte/autoridade rastreavel do evento,true,false,true
MRQ_02986,TGT_0424,geometry_type,true,not_available,alta,obter geometria oficial (ponto/poligono/bbox) do evento (trilha obter_geometria_oficial),true,true,true
MRQ_02987,TGT_0424,patch_id,true,not_available,media,resolver o patch REV-P correspondente (trilha resolver_patch_link),true,false,true
MRQ_02988,TGT_0424,patch_link_quality,true,not_available,alta,produzir vinculo espacial forte com o patch (trilha resolver_patch_link),true,false,true
MRQ_02989,TGT_0424,uncertainty_m,true,not_available,media,estimar incerteza espacial em metros (trilha estimar_incerteza_espacial),true,false,true
MRQ_02990,TGT_0424,qa_status,true,not_available,alta,executar QA humano e registrar aceite (trilha executar_qa_humano),true,true,true
MRQ_02991,TGT_0424,phenomenon_type,true,not_available,alta,confirmar e separar o fenomeno de inundacao (trilha separar_fenomeno),true,true,true
MRQ_02992,TGT_0425,source_authority,true,not_available,alta,identificar fonte/autoridade rastreavel do evento,true,false,true
MRQ_02993,TGT_0425,geometry_type,true,not_available,alta,obter geometria oficial (ponto/poligono/bbox) do evento (trilha obter_geometria_oficial),true,true,true
MRQ_02994,TGT_0425,patch_id,true,not_available,media,resolver o patch REV-P correspondente (trilha resolver_patch_link),true,false,true
MRQ_02995,TGT_0425,patch_link_quality,true,not_available,alta,produzir vinculo espacial forte com o patch (trilha resolver_patch_link),true,false,true
MRQ_02996,TGT_0425,uncertainty_m,true,not_available,media,estimar incerteza espacial em metros (trilha estimar_incerteza_espacial),true,false,true
MRQ_02997,TGT_0425,qa_status,true,not_available,alta,executar QA humano e registrar aceite (trilha executar_qa_humano),true,true,true
MRQ_02998,TGT_0425,phenomenon_type,true,not_available,alta,confirmar e separar o fenomeno de inundacao (trilha separar_fenomeno),true,true,true
MRQ_02999,TGT_0426,source_authority,true,not_available,alta,identificar fonte/autoridade rastreavel do evento,true,false,true
MRQ_03000,TGT_0426,geometry_type,true,not_available,alta,obter geometria oficial (ponto/poligono/bbox) do evento (trilha obter_geometria_oficial),true,true,true
MRQ_03001,TGT_0426,patch_id,true,not_available,media,resolver o patch REV-P correspondente (trilha resolver_patch_link),true,false,true
MRQ_03002,TGT_0426,patch_link_quality,true,not_available,alta,produzir vinculo espacial forte com o patch (trilha resolver_patch_link),true,false,true
MRQ_03003,TGT_0426,uncertainty_m,true,not_available,media,estimar incerteza espacial em metros (trilha estimar_incerteza_espacial),true,false,true
MRQ_03004,TGT_0426,qa_status,true,not_available,alta,executar QA humano e registrar aceite (trilha executar_qa_humano),true,true,true
MRQ_03005,TGT_0426,phenomenon_type,true,not_available,alta,confirmar e separar o fenomeno de inundacao (trilha separar_fenomeno),true,true,true
MRQ_03006,TGT_0427,source_authority,true,not_available,alta,identificar fonte/autoridade rastreavel do evento,true,false,true
MRQ_03007,TGT_0427,geometry_type,true,not_available,alta,obter geometria oficial (ponto/poligono/bbox) do evento (trilha obter_geometria_oficial),true,true,true
MRQ_03008,TGT_0427,patch_id,true,not_available,media,resolver o patch REV-P correspondente (trilha resolver_patch_link),true,false,true
MRQ_03009,TGT_0427,patch_link_quality,true,not_available,alta,produzir vinculo espacial forte com o patch (trilha resolver_patch_link),true,false,true
MRQ_03010,TGT_0427,uncertainty_m,true,not_available,media,estimar incerteza espacial em metros (trilha estimar_incerteza_espacial),true,false,true
MRQ_03011,TGT_0427,qa_status,true,not_available,alta,executar QA humano e registrar aceite (trilha executar_qa_humano),true,true,true
MRQ_03012,TGT_0427,phenomenon_type,true,not_available,alta,confirmar e separar o fenomeno de inundacao (trilha separar_fenomeno),true,true,true
MRQ_03013,TGT_0428,source_authority,true,not_available,alta,identificar fonte/autoridade rastreavel do evento,true,false,true
MRQ_03014,TGT_0428,geometry_type,true,not_available,alta,obter geometria oficial (ponto/poligono/bbox) do evento (trilha obter_geometria_oficial),true,true,true
MRQ_03015,TGT_0428,patch_id,true,not_available,media,resolver o patch REV-P correspondente (trilha resolver_patch_link),true,false,true
MRQ_03016,TGT_0428,patch_link_quality,true,not_available,alta,produzir vinculo espacial forte com o patch (trilha resolver_patch_link),true,false,true
MRQ_03017,TGT_0428,uncertainty_m,true,not_available,media,estimar incerteza espacial em metros (trilha estimar_incerteza_espacial),true,false,true
MRQ_03018,TGT_0428,qa_status,true,not_available,alta,executar QA humano e registrar aceite (trilha executar_qa_humano),true,true,true
MRQ_03019,TGT_0428,phenomenon_type,true,not_available,alta,confirmar e separar o fenomeno de inundacao (trilha separar_fenomeno),true,true,true
MRQ_03020,TGT_0429,source_authority,true,not_available,alta,identificar fonte/autoridade rastreavel do evento,true,false,true
MRQ_03021,TGT_0429,geometry_type,true,not_available,alta,obter geometria oficial (ponto/poligono/bbox) do evento (trilha obter_geometria_oficial),true,true,true
MRQ_03022,TGT_0429,patch_id,true,not_available,media,resolver o patch REV-P correspondente (trilha resolver_patch_link),true,false,true
MRQ_03023,TGT_0429,patch_link_quality,true,not_available,alta,produzir vinculo espacial forte com o patch (trilha resolver_patch_link),true,false,true
MRQ_03024,TGT_0429,uncertainty_m,true,not_available,media,estimar incerteza espacial em metros (trilha estimar_incerteza_espacial),true,false,true
MRQ_03025,TGT_0429,qa_status,true,not_available,alta,executar QA humano e registrar aceite (trilha executar_qa_humano),true,true,true
MRQ_03026,TGT_0429,phenomenon_type,true,not_available,alta,confirmar e separar o fenomeno de inundacao (trilha separar_fenomeno),true,true,true
MRQ_03027,TGT_0430,source_authority,true,not_available,alta,identificar fonte/autoridade rastreavel do evento,true,false,true
MRQ_03028,TGT_0430,geometry_type,true,not_available,alta,obter geometria oficial (ponto/poligono/bbox) do evento (trilha obter_geometria_oficial),true,true,true
MRQ_03029,TGT_0430,patch_id,true,not_available,media,resolver o patch REV-P correspondente (trilha resolver_patch_link),true,false,true
MRQ_03030,TGT_0430,patch_link_quality,true,not_available,alta,produzir vinculo espacial forte com o patch (trilha resolver_patch_link),true,false,true
MRQ_03031,TGT_0430,uncertainty_m,true,not_available,media,estimar incerteza espacial em metros (trilha estimar_incerteza_espacial),true,false,true
MRQ_03032,TGT_0430,qa_status,true,not_available,alta,executar QA humano e registrar aceite (trilha executar_qa_humano),true,true,true
MRQ_03033,TGT_0430,phenomenon_type,true,not_available,alta,confirmar e separar o fenomeno de inundacao (trilha separar_fenomeno),true,true,true
MRQ_03034,TGT_0431,source_authority,true,not_available,alta,identificar fonte/autoridade rastreavel do evento,true,false,true
MRQ_03035,TGT_0431,geometry_type,true,not_available,alta,obter geometria oficial (ponto/poligono/bbox) do evento (trilha obter_geometria_oficial),true,true,true
MRQ_03036,TGT_0431,patch_id,true,not_available,media,resolver o patch REV-P correspondente (trilha resolver_patch_link),true,false,true
MRQ_03037,TGT_0431,patch_link_quality,true,not_available,alta,produzir vinculo espacial forte com o patch (trilha resolver_patch_link),true,false,true
MRQ_03038,TGT_0431,uncertainty_m,true,not_available,media,estimar incerteza espacial em metros (trilha estimar_incerteza_espacial),true,false,true
MRQ_03039,TGT_0431,qa_status,true,not_available,alta,executar QA humano e registrar aceite (trilha executar_qa_humano),true,true,true
MRQ_03040,TGT_0431,phenomenon_type,true,not_available,alta,confirmar e separar o fenomeno de inundacao (trilha separar_fenomeno),true,true,true
MRQ_03041,TGT_0432,source_authority,true,not_available,alta,identificar fonte/autoridade rastreavel do evento,true,false,true
MRQ_03042,TGT_0432,geometry_type,true,not_available,alta,obter geometria oficial (ponto/poligono/bbox) do evento (trilha obter_geometria_oficial),true,true,true
MRQ_03043,TGT_0432,patch_id,true,not_available,media,resolver o patch REV-P correspondente (trilha resolver_patch_link),true,false,true
MRQ_03044,TGT_0432,patch_link_quality,true,not_available,alta,produzir vinculo espacial forte com o patch (trilha resolver_patch_link),true,false,true
MRQ_03045,TGT_0432,uncertainty_m,true,not_available,media,estimar incerteza espacial em metros (trilha estimar_incerteza_espacial),true,false,true
MRQ_03046,TGT_0432,qa_status,true,not_available,alta,executar QA humano e registrar aceite (trilha executar_qa_humano),true,true,true
MRQ_03047,TGT_0432,phenomenon_type,true,not_available,alta,confirmar e separar o fenomeno de inundacao (trilha separar_fenomeno),true,true,true
MRQ_03048,TGT_0433,source_authority,true,not_available,alta,identificar fonte/autoridade rastreavel do evento,true,false,true
MRQ_03049,TGT_0433,geometry_type,true,not_available,alta,obter geometria oficial (ponto/poligono/bbox) do evento (trilha obter_geometria_oficial),true,true,true
MRQ_03050,TGT_0433,patch_id,true,not_available,media,resolver o patch REV-P correspondente (trilha resolver_patch_link),true,false,true
MRQ_03051,TGT_0433,patch_link_quality,true,not_available,alta,produzir vinculo espacial forte com o patch (trilha resolver_patch_link),true,false,true
MRQ_03052,TGT_0433,uncertainty_m,true,not_available,media,estimar incerteza espacial em metros (trilha estimar_incerteza_espacial),true,false,true
MRQ_03053,TGT_0433,qa_status,true,not_available,alta,executar QA humano e registrar aceite (trilha executar_qa_humano),true,true,true
MRQ_03054,TGT_0433,phenomenon_type,true,not_available,alta,confirmar e separar o fenomeno de inundacao (trilha separar_fenomeno),true,true,true
MRQ_03055,TGT_0434,source_authority,true,not_available,alta,identificar fonte/autoridade rastreavel do evento,true,false,true
MRQ_03056,TGT_0434,geometry_type,true,not_available,alta,obter geometria oficial (ponto/poligono/bbox) do evento (trilha obter_geometria_oficial),true,true,true
MRQ_03057,TGT_0434,patch_id,true,not_available,media,resolver o patch REV-P correspondente (trilha resolver_patch_link),true,false,true
MRQ_03058,TGT_0434,patch_link_quality,true,not_available,alta,produzir vinculo espacial forte com o patch (trilha resolver_patch_link),true,false,true
MRQ_03059,TGT_0434,uncertainty_m,true,not_available,media,estimar incerteza espacial em metros (trilha estimar_incerteza_espacial),true,false,true
MRQ_03060,TGT_0434,qa_status,true,not_available,alta,executar QA humano e registrar aceite (trilha executar_qa_humano),true,true,true
MRQ_03061,TGT_0434,phenomenon_type,true,not_available,alta,confirmar e separar o fenomeno de inundacao (trilha separar_fenomeno),true,true,true
MRQ_03062,TGT_0435,source_authority,true,not_available,alta,identificar fonte/autoridade rastreavel do evento,true,false,true
MRQ_03063,TGT_0435,geometry_type,true,not_available,alta,obter geometria oficial (ponto/poligono/bbox) do evento (trilha obter_geometria_oficial),true,true,true
MRQ_03064,TGT_0435,patch_id,true,not_available,media,resolver o patch REV-P correspondente (trilha resolver_patch_link),true,false,true
MRQ_03065,TGT_0435,patch_link_quality,true,not_available,alta,produzir vinculo espacial forte com o patch (trilha resolver_patch_link),true,false,true
MRQ_03066,TGT_0435,uncertainty_m,true,not_available,media,estimar incerteza espacial em metros (trilha estimar_incerteza_espacial),true,false,true
MRQ_03067,TGT_0435,qa_status,true,not_available,alta,executar QA humano e registrar aceite (trilha executar_qa_humano),true,true,true
MRQ_03068,TGT_0435,phenomenon_type,true,not_available,alta,confirmar e separar o fenomeno de inundacao (trilha separar_fenomeno),true,true,true
MRQ_03069,TGT_0436,source_authority,true,not_available,alta,identificar fonte/autoridade rastreavel do evento,true,false,true
MRQ_03070,TGT_0436,geometry_type,true,not_available,alta,obter geometria oficial (ponto/poligono/bbox) do evento (trilha obter_geometria_oficial),true,true,true
MRQ_03071,TGT_0436,patch_id,true,not_available,media,resolver o patch REV-P correspondente (trilha resolver_patch_link),true,false,true
MRQ_03072,TGT_0436,patch_link_quality,true,not_available,alta,produzir vinculo espacial forte com o patch (trilha resolver_patch_link),true,false,true
MRQ_03073,TGT_0436,uncertainty_m,true,not_available,media,estimar incerteza espacial em metros (trilha estimar_incerteza_espacial),true,false,true
MRQ_03074,TGT_0436,qa_status,true,not_available,alta,executar QA humano e registrar aceite (trilha executar_qa_humano),true,true,true
MRQ_03075,TGT_0436,phenomenon_type,true,not_available,alta,confirmar e separar o fenomeno de inundacao (trilha separar_fenomeno),true,true,true
MRQ_03076,TGT_0437,source_authority,true,not_available,alta,identificar fonte/autoridade rastreavel do evento,true,false,true
MRQ_03077,TGT_0437,geometry_type,true,not_available,alta,obter geometria oficial (ponto/poligono/bbox) do evento (trilha obter_geometria_oficial),true,true,true
MRQ_03078,TGT_0437,patch_id,true,not_available,media,resolver o patch REV-P correspondente (trilha resolver_patch_link),true,false,true
MRQ_03079,TGT_0437,patch_link_quality,true,not_available,alta,produzir vinculo espacial forte com o patch (trilha resolver_patch_link),true,false,true
MRQ_03080,TGT_0437,uncertainty_m,true,not_available,media,estimar incerteza espacial em metros (trilha estimar_incerteza_espacial),true,false,true
MRQ_03081,TGT_0437,qa_status,true,not_available,alta,executar QA humano e registrar aceite (trilha executar_qa_humano),true,true,true
MRQ_03082,TGT_0437,phenomenon_type,true,not_available,alta,confirmar e separar o fenomeno de inundacao (trilha separar_fenomeno),true,true,true
MRQ_03083,TGT_0438,source_authority,true,not_available,alta,identificar fonte/autoridade rastreavel do evento,true,false,true
MRQ_03084,TGT_0438,geometry_type,true,not_available,alta,obter geometria oficial (ponto/poligono/bbox) do evento (trilha obter_geometria_oficial),true,true,true
MRQ_03085,TGT_0438,patch_id,true,not_available,media,resolver o patch REV-P correspondente (trilha resolver_patch_link),true,false,true
MRQ_03086,TGT_0438,patch_link_quality,true,not_available,alta,produzir vinculo espacial forte com o patch (trilha resolver_patch_link),true,false,true
MRQ_03087,TGT_0438,uncertainty_m,true,not_available,media,estimar incerteza espacial em metros (trilha estimar_incerteza_espacial),true,false,true
MRQ_03088,TGT_0438,qa_status,true,not_available,alta,executar QA humano e registrar aceite (trilha executar_qa_humano),true,true,true
MRQ_03089,TGT_0438,phenomenon_type,true,not_available,alta,confirmar e separar o fenomeno de inundacao (trilha separar_fenomeno),true,true,true
MRQ_03090,TGT_0439,source_authority,true,not_available,alta,identificar fonte/autoridade rastreavel do evento,true,false,true
MRQ_03091,TGT_0439,geometry_type,true,not_available,alta,obter geometria oficial (ponto/poligono/bbox) do evento (trilha obter_geometria_oficial),true,true,true
MRQ_03092,TGT_0439,patch_id,true,not_available,media,resolver o patch REV-P correspondente (trilha resolver_patch_link),true,false,true
MRQ_03093,TGT_0439,patch_link_quality,true,not_available,alta,produzir vinculo espacial forte com o patch (trilha resolver_patch_link),true,false,true
MRQ_03094,TGT_0439,uncertainty_m,true,not_available,media,estimar incerteza espacial em metros (trilha estimar_incerteza_espacial),true,false,true
MRQ_03095,TGT_0439,qa_status,true,not_available,alta,executar QA humano e registrar aceite (trilha executar_qa_humano),true,true,true
MRQ_03096,TGT_0439,phenomenon_type,true,not_available,alta,confirmar e separar o fenomeno de inundacao (trilha separar_fenomeno),true,true,true
MRQ_03097,TGT_0440,source_authority,true,not_available,alta,identificar fonte/autoridade rastreavel do evento,true,false,true
MRQ_03098,TGT_0440,geometry_type,true,not_available,alta,obter geometria oficial (ponto/poligono/bbox) do evento (trilha obter_geometria_oficial),true,true,true
MRQ_03099,TGT_0440,patch_id,true,not_available,media,resolver o patch REV-P correspondente (trilha resolver_patch_link),true,false,true
MRQ_03100,TGT_0440,patch_link_quality,true,not_available,alta,produzir vinculo espacial forte com o patch (trilha resolver_patch_link),true,false,true
MRQ_03101,TGT_0440,uncertainty_m,true,not_available,media,estimar incerteza espacial em metros (trilha estimar_incerteza_espacial),true,false,true
MRQ_03102,TGT_0440,qa_status,true,not_available,alta,executar QA humano e registrar aceite (trilha executar_qa_humano),true,true,true
MRQ_03103,TGT_0440,phenomenon_type,true,not_available,alta,confirmar e separar o fenomeno de inundacao (trilha separar_fenomeno),true,true,true
MRQ_03104,TGT_0441,source_authority,true,not_available,alta,identificar fonte/autoridade rastreavel do evento,true,false,true
MRQ_03105,TGT_0441,geometry_type,true,not_available,alta,obter geometria oficial (ponto/poligono/bbox) do evento (trilha obter_geometria_oficial),true,true,true
MRQ_03106,TGT_0441,patch_id,true,not_available,media,resolver o patch REV-P correspondente (trilha resolver_patch_link),true,false,true
MRQ_03107,TGT_0441,patch_link_quality,true,not_available,alta,produzir vinculo espacial forte com o patch (trilha resolver_patch_link),true,false,true
MRQ_03108,TGT_0441,uncertainty_m,true,not_available,media,estimar incerteza espacial em metros (trilha estimar_incerteza_espacial),true,false,true
MRQ_03109,TGT_0441,qa_status,true,not_available,alta,executar QA humano e registrar aceite (trilha executar_qa_humano),true,true,true
MRQ_03110,TGT_0441,phenomenon_type,true,not_available,alta,confirmar e separar o fenomeno de inundacao (trilha separar_fenomeno),true,true,true
MRQ_03111,TGT_0442,source_authority,true,not_available,alta,identificar fonte/autoridade rastreavel do evento,true,false,true
MRQ_03112,TGT_0442,geometry_type,true,not_available,alta,obter geometria oficial (ponto/poligono/bbox) do evento (trilha obter_geometria_oficial),true,true,true
MRQ_03113,TGT_0442,patch_id,true,not_available,media,resolver o patch REV-P correspondente (trilha resolver_patch_link),true,false,true
MRQ_03114,TGT_0442,patch_link_quality,true,not_available,alta,produzir vinculo espacial forte com o patch (trilha resolver_patch_link),true,false,true
MRQ_03115,TGT_0442,uncertainty_m,true,not_available,media,estimar incerteza espacial em metros (trilha estimar_incerteza_espacial),true,false,true
MRQ_03116,TGT_0442,qa_status,true,not_available,alta,executar QA humano e registrar aceite (trilha executar_qa_humano),true,true,true
MRQ_03117,TGT_0442,phenomenon_type,true,not_available,alta,confirmar e separar o fenomeno de inundacao (trilha separar_fenomeno),true,true,true
MRQ_03118,TGT_0443,source_authority,true,not_available,alta,identificar fonte/autoridade rastreavel do evento,true,false,true
MRQ_03119,TGT_0443,geometry_type,true,not_available,alta,obter geometria oficial (ponto/poligono/bbox) do evento (trilha obter_geometria_oficial),true,true,true
MRQ_03120,TGT_0443,patch_id,true,not_available,media,resolver o patch REV-P correspondente (trilha resolver_patch_link),true,false,true
MRQ_03121,TGT_0443,patch_link_quality,true,not_available,alta,produzir vinculo espacial forte com o patch (trilha resolver_patch_link),true,false,true
MRQ_03122,TGT_0443,uncertainty_m,true,not_available,media,estimar incerteza espacial em metros (trilha estimar_incerteza_espacial),true,false,true
MRQ_03123,TGT_0443,qa_status,true,not_available,alta,executar QA humano e registrar aceite (trilha executar_qa_humano),true,true,true
MRQ_03124,TGT_0443,phenomenon_type,true,not_available,alta,confirmar e separar o fenomeno de inundacao (trilha separar_fenomeno),true,true,true
MRQ_03125,TGT_0444,source_authority,true,not_available,alta,identificar fonte/autoridade rastreavel do evento,true,false,true
MRQ_03126,TGT_0444,geometry_type,true,not_available,alta,obter geometria oficial (ponto/poligono/bbox) do evento (trilha obter_geometria_oficial),true,true,true
MRQ_03127,TGT_0444,patch_id,true,not_available,media,resolver o patch REV-P correspondente (trilha resolver_patch_link),true,false,true
MRQ_03128,TGT_0444,patch_link_quality,true,not_available,alta,produzir vinculo espacial forte com o patch (trilha resolver_patch_link),true,false,true
MRQ_03129,TGT_0444,uncertainty_m,true,not_available,media,estimar incerteza espacial em metros (trilha estimar_incerteza_espacial),true,false,true
MRQ_03130,TGT_0444,qa_status,true,not_available,alta,executar QA humano e registrar aceite (trilha executar_qa_humano),true,true,true
MRQ_03131,TGT_0444,phenomenon_type,true,not_available,alta,confirmar e separar o fenomeno de inundacao (trilha separar_fenomeno),true,true,true
MRQ_03132,TGT_0445,source_authority,true,not_available,alta,identificar fonte/autoridade rastreavel do evento,true,false,true
MRQ_03133,TGT_0445,geometry_type,true,not_available,alta,obter geometria oficial (ponto/poligono/bbox) do evento (trilha obter_geometria_oficial),true,true,true
MRQ_03134,TGT_0445,patch_id,true,not_available,media,resolver o patch REV-P correspondente (trilha resolver_patch_link),true,false,true
MRQ_03135,TGT_0445,patch_link_quality,true,not_available,alta,produzir vinculo espacial forte com o patch (trilha resolver_patch_link),true,false,true
MRQ_03136,TGT_0445,uncertainty_m,true,not_available,media,estimar incerteza espacial em metros (trilha estimar_incerteza_espacial),true,false,true
MRQ_03137,TGT_0445,qa_status,true,not_available,alta,executar QA humano e registrar aceite (trilha executar_qa_humano),true,true,true
MRQ_03138,TGT_0445,phenomenon_type,true,not_available,alta,confirmar e separar o fenomeno de inundacao (trilha separar_fenomeno),true,true,true
MRQ_03139,TGT_0446,source_authority,true,not_available,alta,identificar fonte/autoridade rastreavel do evento,true,false,true
MRQ_03140,TGT_0446,geometry_type,true,not_available,alta,obter geometria oficial (ponto/poligono/bbox) do evento (trilha obter_geometria_oficial),true,true,true
MRQ_03141,TGT_0446,patch_id,true,not_available,media,resolver o patch REV-P correspondente (trilha resolver_patch_link),true,false,true
MRQ_03142,TGT_0446,patch_link_quality,true,not_available,alta,produzir vinculo espacial forte com o patch (trilha resolver_patch_link),true,false,true
MRQ_03143,TGT_0446,uncertainty_m,true,not_available,media,estimar incerteza espacial em metros (trilha estimar_incerteza_espacial),true,false,true
MRQ_03144,TGT_0446,qa_status,true,not_available,alta,executar QA humano e registrar aceite (trilha executar_qa_humano),true,true,true
MRQ_03145,TGT_0446,phenomenon_type,true,not_available,alta,confirmar e separar o fenomeno de inundacao (trilha separar_fenomeno),true,true,true
MRQ_03146,TGT_0447,source_authority,true,not_available,alta,identificar fonte/autoridade rastreavel do evento,true,false,true
MRQ_03147,TGT_0447,geometry_type,true,not_available,alta,obter geometria oficial (ponto/poligono/bbox) do evento (trilha obter_geometria_oficial),true,true,true
MRQ_03148,TGT_0447,patch_id,true,not_available,media,resolver o patch REV-P correspondente (trilha resolver_patch_link),true,false,true
MRQ_03149,TGT_0447,patch_link_quality,true,not_available,alta,produzir vinculo espacial forte com o patch (trilha resolver_patch_link),true,false,true
MRQ_03150,TGT_0447,uncertainty_m,true,not_available,media,estimar incerteza espacial em metros (trilha estimar_incerteza_espacial),true,false,true
MRQ_03151,TGT_0447,qa_status,true,not_available,alta,executar QA humano e registrar aceite (trilha executar_qa_humano),true,true,true
MRQ_03152,TGT_0447,phenomenon_type,true,not_available,alta,confirmar e separar o fenomeno de inundacao (trilha separar_fenomeno),true,true,true
MRQ_03153,TGT_0448,source_authority,true,not_available,alta,identificar fonte/autoridade rastreavel do evento,true,false,true
MRQ_03154,TGT_0448,geometry_type,true,not_available,alta,obter geometria oficial (ponto/poligono/bbox) do evento (trilha obter_geometria_oficial),true,true,true
MRQ_03155,TGT_0448,patch_id,true,not_available,media,resolver o patch REV-P correspondente (trilha resolver_patch_link),true,false,true
MRQ_03156,TGT_0448,patch_link_quality,true,not_available,alta,produzir vinculo espacial forte com o patch (trilha resolver_patch_link),true,false,true
MRQ_03157,TGT_0448,uncertainty_m,true,not_available,media,estimar incerteza espacial em metros (trilha estimar_incerteza_espacial),true,false,true
MRQ_03158,TGT_0448,qa_status,true,not_available,alta,executar QA humano e registrar aceite (trilha executar_qa_humano),true,true,true
MRQ_03159,TGT_0448,phenomenon_type,true,not_available,alta,confirmar e separar o fenomeno de inundacao (trilha separar_fenomeno),true,true,true
MRQ_03160,TGT_0449,source_authority,true,not_available,alta,identificar fonte/autoridade rastreavel do evento,true,false,true
MRQ_03161,TGT_0449,geometry_type,true,not_available,alta,obter geometria oficial (ponto/poligono/bbox) do evento (trilha obter_geometria_oficial),true,true,true
MRQ_03162,TGT_0449,patch_id,true,not_available,media,resolver o patch REV-P correspondente (trilha resolver_patch_link),true,false,true
MRQ_03163,TGT_0449,patch_link_quality,true,not_available,alta,produzir vinculo espacial forte com o patch (trilha resolver_patch_link),true,false,true
MRQ_03164,TGT_0449,uncertainty_m,true,not_available,media,estimar incerteza espacial em metros (trilha estimar_incerteza_espacial),true,false,true
MRQ_03165,TGT_0449,qa_status,true,not_available,alta,executar QA humano e registrar aceite (trilha executar_qa_humano),true,true,true
MRQ_03166,TGT_0449,phenomenon_type,true,not_available,alta,confirmar e separar o fenomeno de inundacao (trilha separar_fenomeno),true,true,true
MRQ_03167,TGT_0450,source_authority,true,not_available,alta,identificar fonte/autoridade rastreavel do evento,true,false,true
MRQ_03168,TGT_0450,geometry_type,true,not_available,alta,obter geometria oficial (ponto/poligono/bbox) do evento (trilha obter_geometria_oficial),true,true,true
MRQ_03169,TGT_0450,patch_id,true,not_available,media,resolver o patch REV-P correspondente (trilha resolver_patch_link),true,false,true
MRQ_03170,TGT_0450,patch_link_quality,true,not_available,alta,produzir vinculo espacial forte com o patch (trilha resolver_patch_link),true,false,true
MRQ_03171,TGT_0450,uncertainty_m,true,not_available,media,estimar incerteza espacial em metros (trilha estimar_incerteza_espacial),true,false,true
MRQ_03172,TGT_0450,qa_status,true,not_available,alta,executar QA humano e registrar aceite (trilha executar_qa_humano),true,true,true
MRQ_03173,TGT_0450,phenomenon_type,true,not_available,alta,confirmar e separar o fenomeno de inundacao (trilha separar_fenomeno),true,true,true
MRQ_03174,TGT_0451,source_authority,true,not_available,alta,identificar fonte/autoridade rastreavel do evento,true,false,true
MRQ_03175,TGT_0451,geometry_type,true,not_available,alta,obter geometria oficial (ponto/poligono/bbox) do evento (trilha obter_geometria_oficial),true,true,true
MRQ_03176,TGT_0451,patch_id,true,not_available,media,resolver o patch REV-P correspondente (trilha resolver_patch_link),true,false,true
MRQ_03177,TGT_0451,patch_link_quality,true,not_available,alta,produzir vinculo espacial forte com o patch (trilha resolver_patch_link),true,false,true
MRQ_03178,TGT_0451,uncertainty_m,true,not_available,media,estimar incerteza espacial em metros (trilha estimar_incerteza_espacial),true,false,true
MRQ_03179,TGT_0451,qa_status,true,not_available,alta,executar QA humano e registrar aceite (trilha executar_qa_humano),true,true,true
MRQ_03180,TGT_0451,phenomenon_type,true,not_available,alta,confirmar e separar o fenomeno de inundacao (trilha separar_fenomeno),true,true,true
MRQ_03181,TGT_0452,source_authority,true,not_available,alta,identificar fonte/autoridade rastreavel do evento,true,false,true
MRQ_03182,TGT_0452,geometry_type,true,not_available,alta,obter geometria oficial (ponto/poligono/bbox) do evento (trilha obter_geometria_oficial),true,true,true
MRQ_03183,TGT_0452,patch_id,true,not_available,media,resolver o patch REV-P correspondente (trilha resolver_patch_link),true,false,true
MRQ_03184,TGT_0452,patch_link_quality,true,not_available,alta,produzir vinculo espacial forte com o patch (trilha resolver_patch_link),true,false,true
MRQ_03185,TGT_0452,uncertainty_m,true,not_available,media,estimar incerteza espacial em metros (trilha estimar_incerteza_espacial),true,false,true
MRQ_03186,TGT_0452,qa_status,true,not_available,alta,executar QA humano e registrar aceite (trilha executar_qa_humano),true,true,true
MRQ_03187,TGT_0452,phenomenon_type,true,not_available,alta,confirmar e separar o fenomeno de inundacao (trilha separar_fenomeno),true,true,true
MRQ_03188,TGT_0453,source_authority,true,not_available,alta,identificar fonte/autoridade rastreavel do evento,true,false,true
MRQ_03189,TGT_0453,geometry_type,true,not_available,alta,obter geometria oficial (ponto/poligono/bbox) do evento (trilha obter_geometria_oficial),true,true,true
MRQ_03190,TGT_0453,patch_id,true,not_available,media,resolver o patch REV-P correspondente (trilha resolver_patch_link),true,false,true
MRQ_03191,TGT_0453,patch_link_quality,true,not_available,alta,produzir vinculo espacial forte com o patch (trilha resolver_patch_link),true,false,true
MRQ_03192,TGT_0453,uncertainty_m,true,not_available,media,estimar incerteza espacial em metros (trilha estimar_incerteza_espacial),true,false,true
MRQ_03193,TGT_0453,qa_status,true,not_available,alta,executar QA humano e registrar aceite (trilha executar_qa_humano),true,true,true
MRQ_03194,TGT_0453,phenomenon_type,true,not_available,alta,confirmar e separar o fenomeno de inundacao (trilha separar_fenomeno),true,true,true
MRQ_03195,TGT_0454,source_authority,true,not_available,alta,identificar fonte/autoridade rastreavel do evento,true,false,true
MRQ_03196,TGT_0454,geometry_type,true,not_available,alta,obter geometria oficial (ponto/poligono/bbox) do evento (trilha obter_geometria_oficial),true,true,true
MRQ_03197,TGT_0454,patch_id,true,not_available,media,resolver o patch REV-P correspondente (trilha resolver_patch_link),true,false,true
MRQ_03198,TGT_0454,patch_link_quality,true,not_available,alta,produzir vinculo espacial forte com o patch (trilha resolver_patch_link),true,false,true
MRQ_03199,TGT_0454,uncertainty_m,true,not_available,media,estimar incerteza espacial em metros (trilha estimar_incerteza_espacial),true,false,true
MRQ_03200,TGT_0454,qa_status,true,not_available,alta,executar QA humano e registrar aceite (trilha executar_qa_humano),true,true,true
MRQ_03201,TGT_0454,phenomenon_type,true,not_available,alta,confirmar e separar o fenomeno de inundacao (trilha separar_fenomeno),true,true,true
MRQ_03202,TGT_0455,source_authority,true,not_available,alta,identificar fonte/autoridade rastreavel do evento,true,false,true
MRQ_03203,TGT_0455,geometry_type,true,not_available,alta,obter geometria oficial (ponto/poligono/bbox) do evento (trilha obter_geometria_oficial),true,true,true
MRQ_03204,TGT_0455,patch_id,true,not_available,media,resolver o patch REV-P correspondente (trilha resolver_patch_link),true,false,true
MRQ_03205,TGT_0455,patch_link_quality,true,not_available,alta,produzir vinculo espacial forte com o patch (trilha resolver_patch_link),true,false,true
MRQ_03206,TGT_0455,uncertainty_m,true,not_available,media,estimar incerteza espacial em metros (trilha estimar_incerteza_espacial),true,false,true
MRQ_03207,TGT_0455,qa_status,true,not_available,alta,executar QA humano e registrar aceite (trilha executar_qa_humano),true,true,true
MRQ_03208,TGT_0455,phenomenon_type,true,not_available,alta,confirmar e separar o fenomeno de inundacao (trilha separar_fenomeno),true,true,true
MRQ_03209,TGT_0456,source_authority,true,not_available,alta,identificar fonte/autoridade rastreavel do evento,true,false,true
MRQ_03210,TGT_0456,geometry_type,true,not_available,alta,obter geometria oficial (ponto/poligono/bbox) do evento (trilha obter_geometria_oficial),true,true,true
MRQ_03211,TGT_0456,patch_id,true,not_available,media,resolver o patch REV-P correspondente (trilha resolver_patch_link),true,false,true
MRQ_03212,TGT_0456,patch_link_quality,true,not_available,alta,produzir vinculo espacial forte com o patch (trilha resolver_patch_link),true,false,true
MRQ_03213,TGT_0456,uncertainty_m,true,not_available,media,estimar incerteza espacial em metros (trilha estimar_incerteza_espacial),true,false,true
MRQ_03214,TGT_0456,qa_status,true,not_available,alta,executar QA humano e registrar aceite (trilha executar_qa_humano),true,true,true
MRQ_03215,TGT_0456,phenomenon_type,true,not_available,alta,confirmar e separar o fenomeno de inundacao (trilha separar_fenomeno),true,true,true
MRQ_03216,TGT_0457,source_authority,true,not_available,alta,identificar fonte/autoridade rastreavel do evento,true,false,true
MRQ_03217,TGT_0457,geometry_type,true,not_available,alta,obter geometria oficial (ponto/poligono/bbox) do evento (trilha obter_geometria_oficial),true,true,true
MRQ_03218,TGT_0457,patch_id,true,not_available,media,resolver o patch REV-P correspondente (trilha resolver_patch_link),true,false,true
MRQ_03219,TGT_0457,patch_link_quality,true,not_available,alta,produzir vinculo espacial forte com o patch (trilha resolver_patch_link),true,false,true
MRQ_03220,TGT_0457,uncertainty_m,true,not_available,media,estimar incerteza espacial em metros (trilha estimar_incerteza_espacial),true,false,true
MRQ_03221,TGT_0457,qa_status,true,not_available,alta,executar QA humano e registrar aceite (trilha executar_qa_humano),true,true,true
MRQ_03222,TGT_0457,phenomenon_type,true,not_available,alta,confirmar e separar o fenomeno de inundacao (trilha separar_fenomeno),true,true,true
MRQ_03223,TGT_0458,source_authority,true,not_available,alta,identificar fonte/autoridade rastreavel do evento,true,false,true
MRQ_03224,TGT_0458,geometry_type,true,not_available,alta,obter geometria oficial (ponto/poligono/bbox) do evento (trilha obter_geometria_oficial),true,true,true
MRQ_03225,TGT_0458,patch_id,true,not_available,media,resolver o patch REV-P correspondente (trilha resolver_patch_link),true,false,true
MRQ_03226,TGT_0458,patch_link_quality,true,not_available,alta,produzir vinculo espacial forte com o patch (trilha resolver_patch_link),true,false,true
MRQ_03227,TGT_0458,uncertainty_m,true,not_available,media,estimar incerteza espacial em metros (trilha estimar_incerteza_espacial),true,false,true
MRQ_03228,TGT_0458,qa_status,true,not_available,alta,executar QA humano e registrar aceite (trilha executar_qa_humano),true,true,true
MRQ_03229,TGT_0458,phenomenon_type,true,not_available,alta,confirmar e separar o fenomeno de inundacao (trilha separar_fenomeno),true,true,true
MRQ_03230,TGT_0459,source_authority,true,not_available,alta,identificar fonte/autoridade rastreavel do evento,true,false,true
MRQ_03231,TGT_0459,geometry_type,true,not_available,alta,obter geometria oficial (ponto/poligono/bbox) do evento (trilha obter_geometria_oficial),true,true,true
MRQ_03232,TGT_0459,patch_id,true,not_available,media,resolver o patch REV-P correspondente (trilha resolver_patch_link),true,false,true
MRQ_03233,TGT_0459,patch_link_quality,true,not_available,alta,produzir vinculo espacial forte com o patch (trilha resolver_patch_link),true,false,true
MRQ_03234,TGT_0459,uncertainty_m,true,not_available,media,estimar incerteza espacial em metros (trilha estimar_incerteza_espacial),true,false,true
MRQ_03235,TGT_0459,qa_status,true,not_available,alta,executar QA humano e registrar aceite (trilha executar_qa_humano),true,true,true
MRQ_03236,TGT_0459,phenomenon_type,true,not_available,alta,confirmar e separar o fenomeno de inundacao (trilha separar_fenomeno),true,true,true
MRQ_03237,TGT_0460,source_authority,true,not_available,alta,identificar fonte/autoridade rastreavel do evento,true,false,true
MRQ_03238,TGT_0460,geometry_type,true,not_available,alta,obter geometria oficial (ponto/poligono/bbox) do evento (trilha obter_geometria_oficial),true,true,true
MRQ_03239,TGT_0460,patch_id,true,not_available,media,resolver o patch REV-P correspondente (trilha resolver_patch_link),true,false,true
MRQ_03240,TGT_0460,patch_link_quality,true,not_available,alta,produzir vinculo espacial forte com o patch (trilha resolver_patch_link),true,false,true
MRQ_03241,TGT_0460,uncertainty_m,true,not_available,media,estimar incerteza espacial em metros (trilha estimar_incerteza_espacial),true,false,true
MRQ_03242,TGT_0460,qa_status,true,not_available,alta,executar QA humano e registrar aceite (trilha executar_qa_humano),true,true,true
MRQ_03243,TGT_0460,phenomenon_type,true,not_available,alta,confirmar e separar o fenomeno de inundacao (trilha separar_fenomeno),true,true,true
MRQ_03244,TGT_0461,source_authority,true,not_available,alta,identificar fonte/autoridade rastreavel do evento,true,false,true
MRQ_03245,TGT_0461,geometry_type,true,not_available,alta,obter geometria oficial (ponto/poligono/bbox) do evento (trilha obter_geometria_oficial),true,true,true
MRQ_03246,TGT_0461,patch_id,true,not_available,media,resolver o patch REV-P correspondente (trilha resolver_patch_link),true,false,true
MRQ_03247,TGT_0461,patch_link_quality,true,not_available,alta,produzir vinculo espacial forte com o patch (trilha resolver_patch_link),true,false,true
MRQ_03248,TGT_0461,uncertainty_m,true,not_available,media,estimar incerteza espacial em metros (trilha estimar_incerteza_espacial),true,false,true
MRQ_03249,TGT_0461,qa_status,true,not_available,alta,executar QA humano e registrar aceite (trilha executar_qa_humano),true,true,true
MRQ_03250,TGT_0461,phenomenon_type,true,not_available,alta,confirmar e separar o fenomeno de inundacao (trilha separar_fenomeno),true,true,true
MRQ_03251,TGT_0462,source_authority,true,not_available,alta,identificar fonte/autoridade rastreavel do evento,true,false,true
MRQ_03252,TGT_0462,geometry_type,true,not_available,alta,obter geometria oficial (ponto/poligono/bbox) do evento (trilha obter_geometria_oficial),true,true,true
MRQ_03253,TGT_0462,patch_id,true,not_available,media,resolver o patch REV-P correspondente (trilha resolver_patch_link),true,false,true
MRQ_03254,TGT_0462,patch_link_quality,true,not_available,alta,produzir vinculo espacial forte com o patch (trilha resolver_patch_link),true,false,true
MRQ_03255,TGT_0462,uncertainty_m,true,not_available,media,estimar incerteza espacial em metros (trilha estimar_incerteza_espacial),true,false,true
MRQ_03256,TGT_0462,qa_status,true,not_available,alta,executar QA humano e registrar aceite (trilha executar_qa_humano),true,true,true
MRQ_03257,TGT_0462,phenomenon_type,true,not_available,alta,confirmar e separar o fenomeno de inundacao (trilha separar_fenomeno),true,true,true
MRQ_03258,TGT_0463,source_authority,true,not_available,alta,identificar fonte/autoridade rastreavel do evento,true,false,true
MRQ_03259,TGT_0463,geometry_type,true,not_available,alta,obter geometria oficial (ponto/poligono/bbox) do evento (trilha obter_geometria_oficial),true,true,true
MRQ_03260,TGT_0463,patch_id,true,not_available,media,resolver o patch REV-P correspondente (trilha resolver_patch_link),true,false,true
MRQ_03261,TGT_0463,patch_link_quality,true,not_available,alta,produzir vinculo espacial forte com o patch (trilha resolver_patch_link),true,false,true
MRQ_03262,TGT_0463,uncertainty_m,true,not_available,media,estimar incerteza espacial em metros (trilha estimar_incerteza_espacial),true,false,true
MRQ_03263,TGT_0463,qa_status,true,not_available,alta,executar QA humano e registrar aceite (trilha executar_qa_humano),true,true,true
MRQ_03264,TGT_0463,phenomenon_type,true,not_available,alta,confirmar e separar o fenomeno de inundacao (trilha separar_fenomeno),true,true,true
MRQ_03265,TGT_0464,source_authority,true,not_available,alta,identificar fonte/autoridade rastreavel do evento,true,false,true
MRQ_03266,TGT_0464,geometry_type,true,not_available,alta,obter geometria oficial (ponto/poligono/bbox) do evento (trilha obter_geometria_oficial),true,true,true
MRQ_03267,TGT_0464,patch_id,true,not_available,media,resolver o patch REV-P correspondente (trilha resolver_patch_link),true,false,true
MRQ_03268,TGT_0464,patch_link_quality,true,not_available,alta,produzir vinculo espacial forte com o patch (trilha resolver_patch_link),true,false,true
MRQ_03269,TGT_0464,uncertainty_m,true,not_available,media,estimar incerteza espacial em metros (trilha estimar_incerteza_espacial),true,false,true
MRQ_03270,TGT_0464,qa_status,true,not_available,alta,executar QA humano e registrar aceite (trilha executar_qa_humano),true,true,true
MRQ_03271,TGT_0464,phenomenon_type,true,not_available,alta,confirmar e separar o fenomeno de inundacao (trilha separar_fenomeno),true,true,true
MRQ_03272,TGT_0465,source_authority,true,not_available,alta,identificar fonte/autoridade rastreavel do evento,true,false,true
MRQ_03273,TGT_0465,geometry_type,true,not_available,alta,obter geometria oficial (ponto/poligono/bbox) do evento (trilha obter_geometria_oficial),true,true,true
MRQ_03274,TGT_0465,patch_id,true,not_available,media,resolver o patch REV-P correspondente (trilha resolver_patch_link),true,false,true
MRQ_03275,TGT_0465,patch_link_quality,true,not_available,alta,produzir vinculo espacial forte com o patch (trilha resolver_patch_link),true,false,true
MRQ_03276,TGT_0465,uncertainty_m,true,not_available,media,estimar incerteza espacial em metros (trilha estimar_incerteza_espacial),true,false,true
MRQ_03277,TGT_0465,qa_status,true,not_available,alta,executar QA humano e registrar aceite (trilha executar_qa_humano),true,true,true
MRQ_03278,TGT_0465,phenomenon_type,true,not_available,alta,confirmar e separar o fenomeno de inundacao (trilha separar_fenomeno),true,true,true
MRQ_03279,TGT_0466,source_authority,true,not_available,alta,identificar fonte/autoridade rastreavel do evento,true,false,true
MRQ_03280,TGT_0466,geometry_type,true,not_available,alta,obter geometria oficial (ponto/poligono/bbox) do evento (trilha obter_geometria_oficial),true,true,true
MRQ_03281,TGT_0466,patch_id,true,not_available,media,resolver o patch REV-P correspondente (trilha resolver_patch_link),true,false,true
MRQ_03282,TGT_0466,patch_link_quality,true,not_available,alta,produzir vinculo espacial forte com o patch (trilha resolver_patch_link),true,false,true
MRQ_03283,TGT_0466,uncertainty_m,true,not_available,media,estimar incerteza espacial em metros (trilha estimar_incerteza_espacial),true,false,true
MRQ_03284,TGT_0466,qa_status,true,not_available,alta,executar QA humano e registrar aceite (trilha executar_qa_humano),true,true,true
MRQ_03285,TGT_0466,phenomenon_type,true,not_available,alta,confirmar e separar o fenomeno de inundacao (trilha separar_fenomeno),true,true,true
MRQ_03286,TGT_0467,source_authority,true,not_available,alta,identificar fonte/autoridade rastreavel do evento,true,false,true
MRQ_03287,TGT_0467,geometry_type,true,not_available,alta,obter geometria oficial (ponto/poligono/bbox) do evento (trilha obter_geometria_oficial),true,true,true
MRQ_03288,TGT_0467,patch_id,true,not_available,media,resolver o patch REV-P correspondente (trilha resolver_patch_link),true,false,true
MRQ_03289,TGT_0467,patch_link_quality,true,not_available,alta,produzir vinculo espacial forte com o patch (trilha resolver_patch_link),true,false,true
MRQ_03290,TGT_0467,uncertainty_m,true,not_available,media,estimar incerteza espacial em metros (trilha estimar_incerteza_espacial),true,false,true
MRQ_03291,TGT_0467,qa_status,true,not_available,alta,executar QA humano e registrar aceite (trilha executar_qa_humano),true,true,true
MRQ_03292,TGT_0467,phenomenon_type,true,not_available,alta,confirmar e separar o fenomeno de inundacao (trilha separar_fenomeno),true,true,true
MRQ_03293,TGT_0468,source_authority,true,not_available,alta,identificar fonte/autoridade rastreavel do evento,true,false,true
MRQ_03294,TGT_0468,geometry_type,true,not_available,alta,obter geometria oficial (ponto/poligono/bbox) do evento (trilha obter_geometria_oficial),true,true,true
MRQ_03295,TGT_0468,patch_id,true,not_available,media,resolver o patch REV-P correspondente (trilha resolver_patch_link),true,false,true
MRQ_03296,TGT_0468,patch_link_quality,true,not_available,alta,produzir vinculo espacial forte com o patch (trilha resolver_patch_link),true,false,true
MRQ_03297,TGT_0468,uncertainty_m,true,not_available,media,estimar incerteza espacial em metros (trilha estimar_incerteza_espacial),true,false,true
MRQ_03298,TGT_0468,qa_status,true,not_available,alta,executar QA humano e registrar aceite (trilha executar_qa_humano),true,true,true
MRQ_03299,TGT_0468,phenomenon_type,true,not_available,alta,confirmar e separar o fenomeno de inundacao (trilha separar_fenomeno),true,true,true
MRQ_03300,TGT_0469,source_authority,true,not_available,alta,identificar fonte/autoridade rastreavel do evento,true,false,true
MRQ_03301,TGT_0469,geometry_type,true,not_available,alta,obter geometria oficial (ponto/poligono/bbox) do evento (trilha obter_geometria_oficial),true,true,true
MRQ_03302,TGT_0469,patch_id,true,not_available,media,resolver o patch REV-P correspondente (trilha resolver_patch_link),true,false,true
MRQ_03303,TGT_0469,patch_link_quality,true,not_available,alta,produzir vinculo espacial forte com o patch (trilha resolver_patch_link),true,false,true
MRQ_03304,TGT_0469,uncertainty_m,true,not_available,media,estimar incerteza espacial em metros (trilha estimar_incerteza_espacial),true,false,true
MRQ_03305,TGT_0469,qa_status,true,not_available,alta,executar QA humano e registrar aceite (trilha executar_qa_humano),true,true,true
MRQ_03306,TGT_0469,phenomenon_type,true,not_available,alta,confirmar e separar o fenomeno de inundacao (trilha separar_fenomeno),true,true,true
MRQ_03307,TGT_0470,source_authority,true,not_available,alta,identificar fonte/autoridade rastreavel do evento,true,false,true
MRQ_03308,TGT_0470,geometry_type,true,not_available,alta,obter geometria oficial (ponto/poligono/bbox) do evento (trilha obter_geometria_oficial),true,true,true
MRQ_03309,TGT_0470,patch_id,true,not_available,media,resolver o patch REV-P correspondente (trilha resolver_patch_link),true,false,true
MRQ_03310,TGT_0470,patch_link_quality,true,not_available,alta,produzir vinculo espacial forte com o patch (trilha resolver_patch_link),true,false,true
MRQ_03311,TGT_0470,uncertainty_m,true,not_available,media,estimar incerteza espacial em metros (trilha estimar_incerteza_espacial),true,false,true
MRQ_03312,TGT_0470,qa_status,true,not_available,alta,executar QA humano e registrar aceite (trilha executar_qa_humano),true,true,true
MRQ_03313,TGT_0470,phenomenon_type,true,not_available,alta,confirmar e separar o fenomeno de inundacao (trilha separar_fenomeno),true,true,true
MRQ_03314,TGT_0471,source_authority,true,not_available,alta,identificar fonte/autoridade rastreavel do evento,true,false,true
MRQ_03315,TGT_0471,geometry_type,true,not_available,alta,obter geometria oficial (ponto/poligono/bbox) do evento (trilha obter_geometria_oficial),true,true,true
MRQ_03316,TGT_0471,patch_id,true,not_available,media,resolver o patch REV-P correspondente (trilha resolver_patch_link),true,false,true
MRQ_03317,TGT_0471,patch_link_quality,true,not_available,alta,produzir vinculo espacial forte com o patch (trilha resolver_patch_link),true,false,true
MRQ_03318,TGT_0471,uncertainty_m,true,not_available,media,estimar incerteza espacial em metros (trilha estimar_incerteza_espacial),true,false,true
MRQ_03319,TGT_0471,qa_status,true,not_available,alta,executar QA humano e registrar aceite (trilha executar_qa_humano),true,true,true
MRQ_03320,TGT_0471,phenomenon_type,true,not_available,alta,confirmar e separar o fenomeno de inundacao (trilha separar_fenomeno),true,true,true
MRQ_03321,TGT_0472,source_authority,true,not_available,alta,identificar fonte/autoridade rastreavel do evento,true,false,true
MRQ_03322,TGT_0472,geometry_type,true,not_available,alta,obter geometria oficial (ponto/poligono/bbox) do evento (trilha obter_geometria_oficial),true,true,true
MRQ_03323,TGT_0472,patch_id,true,not_available,media,resolver o patch REV-P correspondente (trilha resolver_patch_link),true,false,true
MRQ_03324,TGT_0472,patch_link_quality,true,not_available,alta,produzir vinculo espacial forte com o patch (trilha resolver_patch_link),true,false,true
MRQ_03325,TGT_0472,uncertainty_m,true,not_available,media,estimar incerteza espacial em metros (trilha estimar_incerteza_espacial),true,false,true
MRQ_03326,TGT_0472,qa_status,true,not_available,alta,executar QA humano e registrar aceite (trilha executar_qa_humano),true,true,true
MRQ_03327,TGT_0472,phenomenon_type,true,not_available,alta,confirmar e separar o fenomeno de inundacao (trilha separar_fenomeno),true,true,true
MRQ_03328,TGT_0473,source_authority,true,not_available,alta,identificar fonte/autoridade rastreavel do evento,true,false,true
MRQ_03329,TGT_0473,geometry_type,true,not_available,alta,obter geometria oficial (ponto/poligono/bbox) do evento (trilha obter_geometria_oficial),true,true,true
MRQ_03330,TGT_0473,patch_id,true,not_available,media,resolver o patch REV-P correspondente (trilha resolver_patch_link),true,false,true
MRQ_03331,TGT_0473,patch_link_quality,true,not_available,alta,produzir vinculo espacial forte com o patch (trilha resolver_patch_link),true,false,true
MRQ_03332,TGT_0473,uncertainty_m,true,not_available,media,estimar incerteza espacial em metros (trilha estimar_incerteza_espacial),true,false,true
MRQ_03333,TGT_0473,qa_status,true,not_available,alta,executar QA humano e registrar aceite (trilha executar_qa_humano),true,true,true
MRQ_03334,TGT_0473,phenomenon_type,true,not_available,alta,confirmar e separar o fenomeno de inundacao (trilha separar_fenomeno),true,true,true
MRQ_03335,TGT_0474,source_authority,true,not_available,alta,identificar fonte/autoridade rastreavel do evento,true,false,true
MRQ_03336,TGT_0474,geometry_type,true,not_available,alta,obter geometria oficial (ponto/poligono/bbox) do evento (trilha obter_geometria_oficial),true,true,true
MRQ_03337,TGT_0474,patch_id,true,not_available,media,resolver o patch REV-P correspondente (trilha resolver_patch_link),true,false,true
MRQ_03338,TGT_0474,patch_link_quality,true,not_available,alta,produzir vinculo espacial forte com o patch (trilha resolver_patch_link),true,false,true
MRQ_03339,TGT_0474,uncertainty_m,true,not_available,media,estimar incerteza espacial em metros (trilha estimar_incerteza_espacial),true,false,true
MRQ_03340,TGT_0474,qa_status,true,not_available,alta,executar QA humano e registrar aceite (trilha executar_qa_humano),true,true,true
MRQ_03341,TGT_0474,phenomenon_type,true,not_available,alta,confirmar e separar o fenomeno de inundacao (trilha separar_fenomeno),true,true,true
MRQ_03342,TGT_0475,source_authority,true,not_available,alta,identificar fonte/autoridade rastreavel do evento,true,false,true
MRQ_03343,TGT_0475,geometry_type,true,not_available,alta,obter geometria oficial (ponto/poligono/bbox) do evento (trilha obter_geometria_oficial),true,true,true
MRQ_03344,TGT_0475,patch_id,true,not_available,media,resolver o patch REV-P correspondente (trilha resolver_patch_link),true,false,true
MRQ_03345,TGT_0475,patch_link_quality,true,not_available,alta,produzir vinculo espacial forte com o patch (trilha resolver_patch_link),true,false,true
MRQ_03346,TGT_0475,uncertainty_m,true,not_available,media,estimar incerteza espacial em metros (trilha estimar_incerteza_espacial),true,false,true
MRQ_03347,TGT_0475,qa_status,true,not_available,alta,executar QA humano e registrar aceite (trilha executar_qa_humano),true,true,true
MRQ_03348,TGT_0475,phenomenon_type,true,not_available,alta,confirmar e separar o fenomeno de inundacao (trilha separar_fenomeno),true,true,true
MRQ_03349,TGT_0476,source_authority,true,not_available,alta,identificar fonte/autoridade rastreavel do evento,true,false,true
MRQ_03350,TGT_0476,geometry_type,true,not_available,alta,obter geometria oficial (ponto/poligono/bbox) do evento (trilha obter_geometria_oficial),true,true,true
MRQ_03351,TGT_0476,patch_id,true,not_available,media,resolver o patch REV-P correspondente (trilha resolver_patch_link),true,false,true
MRQ_03352,TGT_0476,patch_link_quality,true,not_available,alta,produzir vinculo espacial forte com o patch (trilha resolver_patch_link),true,false,true
MRQ_03353,TGT_0476,uncertainty_m,true,not_available,media,estimar incerteza espacial em metros (trilha estimar_incerteza_espacial),true,false,true
MRQ_03354,TGT_0476,qa_status,true,not_available,alta,executar QA humano e registrar aceite (trilha executar_qa_humano),true,true,true
MRQ_03355,TGT_0476,phenomenon_type,true,not_available,alta,confirmar e separar o fenomeno de inundacao (trilha separar_fenomeno),true,true,true
MRQ_03356,TGT_0477,source_authority,true,not_available,alta,identificar fonte/autoridade rastreavel do evento,true,false,true
MRQ_03357,TGT_0477,geometry_type,true,not_available,alta,obter geometria oficial (ponto/poligono/bbox) do evento (trilha obter_geometria_oficial),true,true,true
MRQ_03358,TGT_0477,patch_id,true,not_available,media,resolver o patch REV-P correspondente (trilha resolver_patch_link),true,false,true
MRQ_03359,TGT_0477,patch_link_quality,true,not_available,alta,produzir vinculo espacial forte com o patch (trilha resolver_patch_link),true,false,true
MRQ_03360,TGT_0477,uncertainty_m,true,not_available,media,estimar incerteza espacial em metros (trilha estimar_incerteza_espacial),true,false,true
MRQ_03361,TGT_0477,qa_status,true,not_available,alta,executar QA humano e registrar aceite (trilha executar_qa_humano),true,true,true
MRQ_03362,TGT_0477,phenomenon_type,true,not_available,alta,confirmar e separar o fenomeno de inundacao (trilha separar_fenomeno),true,true,true
MRQ_03363,TGT_0478,source_authority,true,not_available,alta,identificar fonte/autoridade rastreavel do evento,true,false,true
MRQ_03364,TGT_0478,geometry_type,true,not_available,alta,obter geometria oficial (ponto/poligono/bbox) do evento (trilha obter_geometria_oficial),true,true,true
MRQ_03365,TGT_0478,patch_id,true,not_available,media,resolver o patch REV-P correspondente (trilha resolver_patch_link),true,false,true
MRQ_03366,TGT_0478,patch_link_quality,true,not_available,alta,produzir vinculo espacial forte com o patch (trilha resolver_patch_link),true,false,true
MRQ_03367,TGT_0478,uncertainty_m,true,not_available,media,estimar incerteza espacial em metros (trilha estimar_incerteza_espacial),true,false,true
MRQ_03368,TGT_0478,qa_status,true,not_available,alta,executar QA humano e registrar aceite (trilha executar_qa_humano),true,true,true
MRQ_03369,TGT_0478,phenomenon_type,true,not_available,alta,confirmar e separar o fenomeno de inundacao (trilha separar_fenomeno),true,true,true
MRQ_03370,TGT_0479,source_authority,true,not_available,alta,identificar fonte/autoridade rastreavel do evento,true,false,true
MRQ_03371,TGT_0479,geometry_type,true,not_available,alta,obter geometria oficial (ponto/poligono/bbox) do evento (trilha obter_geometria_oficial),true,true,true
MRQ_03372,TGT_0479,patch_id,true,not_available,media,resolver o patch REV-P correspondente (trilha resolver_patch_link),true,false,true
MRQ_03373,TGT_0479,patch_link_quality,true,not_available,alta,produzir vinculo espacial forte com o patch (trilha resolver_patch_link),true,false,true
MRQ_03374,TGT_0479,uncertainty_m,true,not_available,media,estimar incerteza espacial em metros (trilha estimar_incerteza_espacial),true,false,true
MRQ_03375,TGT_0479,qa_status,true,not_available,alta,executar QA humano e registrar aceite (trilha executar_qa_humano),true,true,true
MRQ_03376,TGT_0479,phenomenon_type,true,not_available,alta,confirmar e separar o fenomeno de inundacao (trilha separar_fenomeno),true,true,true
MRQ_03377,TGT_0480,source_authority,true,not_available,alta,identificar fonte/autoridade rastreavel do evento,true,false,true
MRQ_03378,TGT_0480,geometry_type,true,not_available,alta,obter geometria oficial (ponto/poligono/bbox) do evento (trilha obter_geometria_oficial),true,true,true
MRQ_03379,TGT_0480,patch_id,true,not_available,media,resolver o patch REV-P correspondente (trilha resolver_patch_link),true,false,true
MRQ_03380,TGT_0480,patch_link_quality,true,not_available,alta,produzir vinculo espacial forte com o patch (trilha resolver_patch_link),true,false,true
MRQ_03381,TGT_0480,uncertainty_m,true,not_available,media,estimar incerteza espacial em metros (trilha estimar_incerteza_espacial),true,false,true
MRQ_03382,TGT_0480,qa_status,true,not_available,alta,executar QA humano e registrar aceite (trilha executar_qa_humano),true,true,true
MRQ_03383,TGT_0480,phenomenon_type,true,not_available,alta,confirmar e separar o fenomeno de inundacao (trilha separar_fenomeno),true,true,true
MRQ_03384,TGT_0481,source_authority,true,not_available,alta,identificar fonte/autoridade rastreavel do evento,true,false,true
MRQ_03385,TGT_0481,geometry_type,true,not_available,alta,obter geometria oficial (ponto/poligono/bbox) do evento (trilha obter_geometria_oficial),true,true,true
MRQ_03386,TGT_0481,patch_id,true,not_available,media,resolver o patch REV-P correspondente (trilha resolver_patch_link),true,false,true
MRQ_03387,TGT_0481,patch_link_quality,true,not_available,alta,produzir vinculo espacial forte com o patch (trilha resolver_patch_link),true,false,true
MRQ_03388,TGT_0481,uncertainty_m,true,not_available,media,estimar incerteza espacial em metros (trilha estimar_incerteza_espacial),true,false,true
MRQ_03389,TGT_0481,qa_status,true,not_available,alta,executar QA humano e registrar aceite (trilha executar_qa_humano),true,true,true
MRQ_03390,TGT_0481,phenomenon_type,true,not_available,alta,confirmar e separar o fenomeno de inundacao (trilha separar_fenomeno),true,true,true
MRQ_03391,TGT_0482,source_authority,true,not_available,alta,identificar fonte/autoridade rastreavel do evento,true,false,true
MRQ_03392,TGT_0482,geometry_type,true,not_available,alta,obter geometria oficial (ponto/poligono/bbox) do evento (trilha obter_geometria_oficial),true,true,true
MRQ_03393,TGT_0482,patch_id,true,not_available,media,resolver o patch REV-P correspondente (trilha resolver_patch_link),true,false,true
MRQ_03394,TGT_0482,patch_link_quality,true,not_available,alta,produzir vinculo espacial forte com o patch (trilha resolver_patch_link),true,false,true
MRQ_03395,TGT_0482,uncertainty_m,true,not_available,media,estimar incerteza espacial em metros (trilha estimar_incerteza_espacial),true,false,true
MRQ_03396,TGT_0482,qa_status,true,not_available,alta,executar QA humano e registrar aceite (trilha executar_qa_humano),true,true,true
MRQ_03397,TGT_0482,phenomenon_type,true,not_available,alta,confirmar e separar o fenomeno de inundacao (trilha separar_fenomeno),true,true,true
MRQ_03398,TGT_0483,source_authority,true,not_available,alta,identificar fonte/autoridade rastreavel do evento,true,false,true
MRQ_03399,TGT_0483,geometry_type,true,not_available,alta,obter geometria oficial (ponto/poligono/bbox) do evento (trilha obter_geometria_oficial),true,true,true
MRQ_03400,TGT_0483,patch_id,true,not_available,media,resolver o patch REV-P correspondente (trilha resolver_patch_link),true,false,true
MRQ_03401,TGT_0483,patch_link_quality,true,not_available,alta,produzir vinculo espacial forte com o patch (trilha resolver_patch_link),true,false,true
MRQ_03402,TGT_0483,uncertainty_m,true,not_available,media,estimar incerteza espacial em metros (trilha estimar_incerteza_espacial),true,false,true
MRQ_03403,TGT_0483,qa_status,true,not_available,alta,executar QA humano e registrar aceite (trilha executar_qa_humano),true,true,true
MRQ_03404,TGT_0483,phenomenon_type,true,not_available,alta,confirmar e separar o fenomeno de inundacao (trilha separar_fenomeno),true,true,true
MRQ_03405,TGT_0484,source_authority,true,not_available,alta,identificar fonte/autoridade rastreavel do evento,true,false,true
MRQ_03406,TGT_0484,geometry_type,true,not_available,alta,obter geometria oficial (ponto/poligono/bbox) do evento (trilha obter_geometria_oficial),true,true,true
MRQ_03407,TGT_0484,patch_id,true,not_available,media,resolver o patch REV-P correspondente (trilha resolver_patch_link),true,false,true
MRQ_03408,TGT_0484,patch_link_quality,true,not_available,alta,produzir vinculo espacial forte com o patch (trilha resolver_patch_link),true,false,true
MRQ_03409,TGT_0484,uncertainty_m,true,not_available,media,estimar incerteza espacial em metros (trilha estimar_incerteza_espacial),true,false,true
MRQ_03410,TGT_0484,qa_status,true,not_available,alta,executar QA humano e registrar aceite (trilha executar_qa_humano),true,true,true
MRQ_03411,TGT_0484,phenomenon_type,true,not_available,alta,confirmar e separar o fenomeno de inundacao (trilha separar_fenomeno),true,true,true
MRQ_03412,TGT_0485,source_authority,true,not_available,alta,identificar fonte/autoridade rastreavel do evento,true,false,true
MRQ_03413,TGT_0485,geometry_type,true,not_available,alta,obter geometria oficial (ponto/poligono/bbox) do evento (trilha obter_geometria_oficial),true,true,true
MRQ_03414,TGT_0485,patch_id,true,not_available,media,resolver o patch REV-P correspondente (trilha resolver_patch_link),true,false,true
MRQ_03415,TGT_0485,patch_link_quality,true,not_available,alta,produzir vinculo espacial forte com o patch (trilha resolver_patch_link),true,false,true
MRQ_03416,TGT_0485,uncertainty_m,true,not_available,media,estimar incerteza espacial em metros (trilha estimar_incerteza_espacial),true,false,true
MRQ_03417,TGT_0485,qa_status,true,not_available,alta,executar QA humano e registrar aceite (trilha executar_qa_humano),true,true,true
MRQ_03418,TGT_0485,phenomenon_type,true,not_available,alta,confirmar e separar o fenomeno de inundacao (trilha separar_fenomeno),true,true,true
MRQ_03419,TGT_0486,source_authority,true,not_available,alta,identificar fonte/autoridade rastreavel do evento,true,false,true
MRQ_03420,TGT_0486,geometry_type,true,not_available,alta,obter geometria oficial (ponto/poligono/bbox) do evento (trilha obter_geometria_oficial),true,true,true
MRQ_03421,TGT_0486,patch_id,true,not_available,media,resolver o patch REV-P correspondente (trilha resolver_patch_link),true,false,true
MRQ_03422,TGT_0486,patch_link_quality,true,not_available,alta,produzir vinculo espacial forte com o patch (trilha resolver_patch_link),true,false,true
MRQ_03423,TGT_0486,uncertainty_m,true,not_available,media,estimar incerteza espacial em metros (trilha estimar_incerteza_espacial),true,false,true
MRQ_03424,TGT_0486,qa_status,true,not_available,alta,executar QA humano e registrar aceite (trilha executar_qa_humano),true,true,true
MRQ_03425,TGT_0486,phenomenon_type,true,not_available,alta,confirmar e separar o fenomeno de inundacao (trilha separar_fenomeno),true,true,true
MRQ_03426,TGT_0487,source_authority,true,not_available,alta,identificar fonte/autoridade rastreavel do evento,true,false,true
MRQ_03427,TGT_0487,geometry_type,true,not_available,alta,obter geometria oficial (ponto/poligono/bbox) do evento (trilha obter_geometria_oficial),true,true,true
MRQ_03428,TGT_0487,patch_id,true,not_available,media,resolver o patch REV-P correspondente (trilha resolver_patch_link),true,false,true
MRQ_03429,TGT_0487,patch_link_quality,true,not_available,alta,produzir vinculo espacial forte com o patch (trilha resolver_patch_link),true,false,true
MRQ_03430,TGT_0487,uncertainty_m,true,not_available,media,estimar incerteza espacial em metros (trilha estimar_incerteza_espacial),true,false,true
MRQ_03431,TGT_0487,qa_status,true,not_available,alta,executar QA humano e registrar aceite (trilha executar_qa_humano),true,true,true
MRQ_03432,TGT_0487,phenomenon_type,true,not_available,alta,confirmar e separar o fenomeno de inundacao (trilha separar_fenomeno),true,true,true
MRQ_03433,TGT_0488,source_authority,true,not_available,alta,identificar fonte/autoridade rastreavel do evento,true,false,true
MRQ_03434,TGT_0488,geometry_type,true,not_available,alta,obter geometria oficial (ponto/poligono/bbox) do evento (trilha obter_geometria_oficial),true,true,true
MRQ_03435,TGT_0488,patch_id,true,not_available,media,resolver o patch REV-P correspondente (trilha resolver_patch_link),true,false,true
MRQ_03436,TGT_0488,patch_link_quality,true,not_available,alta,produzir vinculo espacial forte com o patch (trilha resolver_patch_link),true,false,true
MRQ_03437,TGT_0488,uncertainty_m,true,not_available,media,estimar incerteza espacial em metros (trilha estimar_incerteza_espacial),true,false,true
MRQ_03438,TGT_0488,qa_status,true,not_available,alta,executar QA humano e registrar aceite (trilha executar_qa_humano),true,true,true
MRQ_03439,TGT_0488,phenomenon_type,true,not_available,alta,confirmar e separar o fenomeno de inundacao (trilha separar_fenomeno),true,true,true
MRQ_03440,TGT_0489,source_authority,true,not_available,alta,identificar fonte/autoridade rastreavel do evento,true,false,true
MRQ_03441,TGT_0489,geometry_type,true,not_available,alta,obter geometria oficial (ponto/poligono/bbox) do evento (trilha obter_geometria_oficial),true,true,true
MRQ_03442,TGT_0489,patch_id,true,not_available,media,resolver o patch REV-P correspondente (trilha resolver_patch_link),true,false,true
MRQ_03443,TGT_0489,patch_link_quality,true,not_available,alta,produzir vinculo espacial forte com o patch (trilha resolver_patch_link),true,false,true
MRQ_03444,TGT_0489,uncertainty_m,true,not_available,media,estimar incerteza espacial em metros (trilha estimar_incerteza_espacial),true,false,true
MRQ_03445,TGT_0489,qa_status,true,not_available,alta,executar QA humano e registrar aceite (trilha executar_qa_humano),true,true,true
MRQ_03446,TGT_0489,phenomenon_type,true,not_available,alta,confirmar e separar o fenomeno de inundacao (trilha separar_fenomeno),true,true,true
MRQ_03447,TGT_0490,source_authority,true,not_available,alta,identificar fonte/autoridade rastreavel do evento,true,false,true
MRQ_03448,TGT_0490,geometry_type,true,not_available,alta,obter geometria oficial (ponto/poligono/bbox) do evento (trilha obter_geometria_oficial),true,true,true
MRQ_03449,TGT_0490,patch_id,true,not_available,media,resolver o patch REV-P correspondente (trilha resolver_patch_link),true,false,true
MRQ_03450,TGT_0490,patch_link_quality,true,not_available,alta,produzir vinculo espacial forte com o patch (trilha resolver_patch_link),true,false,true
MRQ_03451,TGT_0490,uncertainty_m,true,not_available,media,estimar incerteza espacial em metros (trilha estimar_incerteza_espacial),true,false,true
MRQ_03452,TGT_0490,qa_status,true,not_available,alta,executar QA humano e registrar aceite (trilha executar_qa_humano),true,true,true
MRQ_03453,TGT_0490,phenomenon_type,true,not_available,alta,confirmar e separar o fenomeno de inundacao (trilha separar_fenomeno),true,true,true
MRQ_03454,TGT_0491,source_authority,true,not_available,alta,identificar fonte/autoridade rastreavel do evento,true,false,true
MRQ_03455,TGT_0491,geometry_type,true,not_available,alta,obter geometria oficial (ponto/poligono/bbox) do evento (trilha obter_geometria_oficial),true,true,true
MRQ_03456,TGT_0491,patch_id,true,not_available,media,resolver o patch REV-P correspondente (trilha resolver_patch_link),true,false,true
MRQ_03457,TGT_0491,patch_link_quality,true,not_available,alta,produzir vinculo espacial forte com o patch (trilha resolver_patch_link),true,false,true
MRQ_03458,TGT_0491,uncertainty_m,true,not_available,media,estimar incerteza espacial em metros (trilha estimar_incerteza_espacial),true,false,true
MRQ_03459,TGT_0491,qa_status,true,not_available,alta,executar QA humano e registrar aceite (trilha executar_qa_humano),true,true,true
MRQ_03460,TGT_0491,phenomenon_type,true,not_available,alta,confirmar e separar o fenomeno de inundacao (trilha separar_fenomeno),true,true,true
MRQ_03461,TGT_0492,source_authority,true,not_available,alta,identificar fonte/autoridade rastreavel do evento,true,false,true
MRQ_03462,TGT_0492,geometry_type,true,not_available,alta,obter geometria oficial (ponto/poligono/bbox) do evento (trilha obter_geometria_oficial),true,true,true
MRQ_03463,TGT_0492,patch_id,true,not_available,media,resolver o patch REV-P correspondente (trilha resolver_patch_link),true,false,true
MRQ_03464,TGT_0492,patch_link_quality,true,not_available,alta,produzir vinculo espacial forte com o patch (trilha resolver_patch_link),true,false,true
MRQ_03465,TGT_0492,uncertainty_m,true,not_available,media,estimar incerteza espacial em metros (trilha estimar_incerteza_espacial),true,false,true
MRQ_03466,TGT_0492,qa_status,true,not_available,alta,executar QA humano e registrar aceite (trilha executar_qa_humano),true,true,true
MRQ_03467,TGT_0492,phenomenon_type,true,not_available,alta,confirmar e separar o fenomeno de inundacao (trilha separar_fenomeno),true,true,true
MRQ_03468,TGT_0493,source_authority,true,not_available,alta,identificar fonte/autoridade rastreavel do evento,true,false,true
MRQ_03469,TGT_0493,geometry_type,true,not_available,alta,obter geometria oficial (ponto/poligono/bbox) do evento (trilha obter_geometria_oficial),true,true,true
MRQ_03470,TGT_0493,patch_id,true,not_available,media,resolver o patch REV-P correspondente (trilha resolver_patch_link),true,false,true
MRQ_03471,TGT_0493,patch_link_quality,true,not_available,alta,produzir vinculo espacial forte com o patch (trilha resolver_patch_link),true,false,true
MRQ_03472,TGT_0493,uncertainty_m,true,not_available,media,estimar incerteza espacial em metros (trilha estimar_incerteza_espacial),true,false,true
MRQ_03473,TGT_0493,qa_status,true,not_available,alta,executar QA humano e registrar aceite (trilha executar_qa_humano),true,true,true
MRQ_03474,TGT_0493,phenomenon_type,true,not_available,alta,confirmar e separar o fenomeno de inundacao (trilha separar_fenomeno),true,true,true
MRQ_03475,TGT_0494,source_authority,true,not_available,alta,identificar fonte/autoridade rastreavel do evento,true,false,true
MRQ_03476,TGT_0494,geometry_type,true,not_available,alta,obter geometria oficial (ponto/poligono/bbox) do evento (trilha obter_geometria_oficial),true,true,true
MRQ_03477,TGT_0494,patch_id,true,not_available,media,resolver o patch REV-P correspondente (trilha resolver_patch_link),true,false,true
MRQ_03478,TGT_0494,patch_link_quality,true,not_available,alta,produzir vinculo espacial forte com o patch (trilha resolver_patch_link),true,false,true
MRQ_03479,TGT_0494,uncertainty_m,true,not_available,media,estimar incerteza espacial em metros (trilha estimar_incerteza_espacial),true,false,true
MRQ_03480,TGT_0494,qa_status,true,not_available,alta,executar QA humano e registrar aceite (trilha executar_qa_humano),true,true,true
MRQ_03481,TGT_0494,phenomenon_type,true,not_available,alta,confirmar e separar o fenomeno de inundacao (trilha separar_fenomeno),true,true,true
MRQ_03482,TGT_0495,source_authority,true,not_available,alta,identificar fonte/autoridade rastreavel do evento,true,false,true
MRQ_03483,TGT_0495,geometry_type,true,not_available,alta,obter geometria oficial (ponto/poligono/bbox) do evento (trilha obter_geometria_oficial),true,true,true
MRQ_03484,TGT_0495,patch_id,true,not_available,media,resolver o patch REV-P correspondente (trilha resolver_patch_link),true,false,true
MRQ_03485,TGT_0495,patch_link_quality,true,not_available,alta,produzir vinculo espacial forte com o patch (trilha resolver_patch_link),true,false,true
MRQ_03486,TGT_0495,uncertainty_m,true,not_available,media,estimar incerteza espacial em metros (trilha estimar_incerteza_espacial),true,false,true
MRQ_03487,TGT_0495,qa_status,true,not_available,alta,executar QA humano e registrar aceite (trilha executar_qa_humano),true,true,true
MRQ_03488,TGT_0495,phenomenon_type,true,not_available,alta,confirmar e separar o fenomeno de inundacao (trilha separar_fenomeno),true,true,true
MRQ_03489,TGT_0496,source_authority,true,not_available,alta,identificar fonte/autoridade rastreavel do evento,true,false,true
MRQ_03490,TGT_0496,geometry_type,true,not_available,alta,obter geometria oficial (ponto/poligono/bbox) do evento (trilha obter_geometria_oficial),true,true,true
MRQ_03491,TGT_0496,patch_id,true,not_available,media,resolver o patch REV-P correspondente (trilha resolver_patch_link),true,false,true
MRQ_03492,TGT_0496,patch_link_quality,true,not_available,alta,produzir vinculo espacial forte com o patch (trilha resolver_patch_link),true,false,true
MRQ_03493,TGT_0496,uncertainty_m,true,not_available,media,estimar incerteza espacial em metros (trilha estimar_incerteza_espacial),true,false,true
MRQ_03494,TGT_0496,qa_status,true,not_available,alta,executar QA humano e registrar aceite (trilha executar_qa_humano),true,true,true
MRQ_03495,TGT_0496,phenomenon_type,true,not_available,alta,confirmar e separar o fenomeno de inundacao (trilha separar_fenomeno),true,true,true
MRQ_03496,TGT_0497,source_authority,true,not_available,alta,identificar fonte/autoridade rastreavel do evento,true,false,true
MRQ_03497,TGT_0497,geometry_type,true,not_available,alta,obter geometria oficial (ponto/poligono/bbox) do evento (trilha obter_geometria_oficial),true,true,true
MRQ_03498,TGT_0497,patch_id,true,not_available,media,resolver o patch REV-P correspondente (trilha resolver_patch_link),true,false,true
MRQ_03499,TGT_0497,patch_link_quality,true,not_available,alta,produzir vinculo espacial forte com o patch (trilha resolver_patch_link),true,false,true
MRQ_03500,TGT_0497,uncertainty_m,true,not_available,media,estimar incerteza espacial em metros (trilha estimar_incerteza_espacial),true,false,true
MRQ_03501,TGT_0497,qa_status,true,not_available,alta,executar QA humano e registrar aceite (trilha executar_qa_humano),true,true,true
MRQ_03502,TGT_0497,phenomenon_type,true,not_available,alta,confirmar e separar o fenomeno de inundacao (trilha separar_fenomeno),true,true,true
MRQ_03503,TGT_0498,source_authority,true,not_available,alta,identificar fonte/autoridade rastreavel do evento,true,false,true
MRQ_03504,TGT_0498,geometry_type,true,not_available,alta,obter geometria oficial (ponto/poligono/bbox) do evento (trilha obter_geometria_oficial),true,true,true
MRQ_03505,TGT_0498,patch_id,true,not_available,media,resolver o patch REV-P correspondente (trilha resolver_patch_link),true,false,true
MRQ_03506,TGT_0498,patch_link_quality,true,not_available,alta,produzir vinculo espacial forte com o patch (trilha resolver_patch_link),true,false,true
MRQ_03507,TGT_0498,uncertainty_m,true,not_available,media,estimar incerteza espacial em metros (trilha estimar_incerteza_espacial),true,false,true
MRQ_03508,TGT_0498,qa_status,true,not_available,alta,executar QA humano e registrar aceite (trilha executar_qa_humano),true,true,true
MRQ_03509,TGT_0498,phenomenon_type,true,not_available,alta,confirmar e separar o fenomeno de inundacao (trilha separar_fenomeno),true,true,true
MRQ_03510,TGT_0499,source_authority,true,not_available,alta,identificar fonte/autoridade rastreavel do evento,true,false,true
MRQ_03511,TGT_0499,geometry_type,true,not_available,alta,obter geometria oficial (ponto/poligono/bbox) do evento (trilha obter_geometria_oficial),true,true,true
MRQ_03512,TGT_0499,patch_id,true,not_available,media,resolver o patch REV-P correspondente (trilha resolver_patch_link),true,false,true
MRQ_03513,TGT_0499,patch_link_quality,true,not_available,alta,produzir vinculo espacial forte com o patch (trilha resolver_patch_link),true,false,true
MRQ_03514,TGT_0499,uncertainty_m,true,not_available,media,estimar incerteza espacial em metros (trilha estimar_incerteza_espacial),true,false,true
MRQ_03515,TGT_0499,qa_status,true,not_available,alta,executar QA humano e registrar aceite (trilha executar_qa_humano),true,true,true
MRQ_03516,TGT_0499,phenomenon_type,true,not_available,alta,confirmar e separar o fenomeno de inundacao (trilha separar_fenomeno),true,true,true
MRQ_03517,TGT_0500,source_authority,true,not_available,alta,identificar fonte/autoridade rastreavel do evento,true,false,true
MRQ_03518,TGT_0500,geometry_type,true,not_available,alta,obter geometria oficial (ponto/poligono/bbox) do evento (trilha obter_geometria_oficial),true,true,true
MRQ_03519,TGT_0500,patch_id,true,not_available,media,resolver o patch REV-P correspondente (trilha resolver_patch_link),true,false,true
MRQ_03520,TGT_0500,patch_link_quality,true,not_available,alta,produzir vinculo espacial forte com o patch (trilha resolver_patch_link),true,false,true
MRQ_03521,TGT_0500,uncertainty_m,true,not_available,media,estimar incerteza espacial em metros (trilha estimar_incerteza_espacial),true,false,true
MRQ_03522,TGT_0500,qa_status,true,not_available,alta,executar QA humano e registrar aceite (trilha executar_qa_humano),true,true,true
MRQ_03523,TGT_0500,phenomenon_type,true,not_available,alta,confirmar e separar o fenomeno de inundacao (trilha separar_fenomeno),true,true,true
MRQ_03524,TGT_0501,source_authority,true,not_available,alta,identificar fonte/autoridade rastreavel do evento,true,false,true
MRQ_03525,TGT_0501,geometry_type,true,not_available,alta,obter geometria oficial (ponto/poligono/bbox) do evento (trilha obter_geometria_oficial),true,true,true
MRQ_03526,TGT_0501,patch_id,true,not_available,media,resolver o patch REV-P correspondente (trilha resolver_patch_link),true,false,true
MRQ_03527,TGT_0501,patch_link_quality,true,not_available,alta,produzir vinculo espacial forte com o patch (trilha resolver_patch_link),true,false,true
MRQ_03528,TGT_0501,uncertainty_m,true,not_available,media,estimar incerteza espacial em metros (trilha estimar_incerteza_espacial),true,false,true
MRQ_03529,TGT_0501,qa_status,true,not_available,alta,executar QA humano e registrar aceite (trilha executar_qa_humano),true,true,true
MRQ_03530,TGT_0501,phenomenon_type,true,not_available,alta,confirmar e separar o fenomeno de inundacao (trilha separar_fenomeno),true,true,true
MRQ_03531,TGT_0502,source_authority,true,not_available,alta,identificar fonte/autoridade rastreavel do evento,true,false,true
MRQ_03532,TGT_0502,geometry_type,true,not_available,alta,obter geometria oficial (ponto/poligono/bbox) do evento (trilha obter_geometria_oficial),true,true,true
MRQ_03533,TGT_0502,patch_id,true,not_available,media,resolver o patch REV-P correspondente (trilha resolver_patch_link),true,false,true
MRQ_03534,TGT_0502,patch_link_quality,true,not_available,alta,produzir vinculo espacial forte com o patch (trilha resolver_patch_link),true,false,true
MRQ_03535,TGT_0502,uncertainty_m,true,not_available,media,estimar incerteza espacial em metros (trilha estimar_incerteza_espacial),true,false,true
MRQ_03536,TGT_0502,qa_status,true,not_available,alta,executar QA humano e registrar aceite (trilha executar_qa_humano),true,true,true
MRQ_03537,TGT_0502,phenomenon_type,true,not_available,alta,confirmar e separar o fenomeno de inundacao (trilha separar_fenomeno),true,true,true
MRQ_03538,TGT_0503,source_authority,true,not_available,alta,identificar fonte/autoridade rastreavel do evento,true,false,true
MRQ_03539,TGT_0503,geometry_type,true,not_available,alta,obter geometria oficial (ponto/poligono/bbox) do evento (trilha obter_geometria_oficial),true,true,true
MRQ_03540,TGT_0503,patch_id,true,not_available,media,resolver o patch REV-P correspondente (trilha resolver_patch_link),true,false,true
MRQ_03541,TGT_0503,patch_link_quality,true,not_available,alta,produzir vinculo espacial forte com o patch (trilha resolver_patch_link),true,false,true
MRQ_03542,TGT_0503,uncertainty_m,true,not_available,media,estimar incerteza espacial em metros (trilha estimar_incerteza_espacial),true,false,true
MRQ_03543,TGT_0503,qa_status,true,not_available,alta,executar QA humano e registrar aceite (trilha executar_qa_humano),true,true,true
MRQ_03544,TGT_0503,phenomenon_type,true,not_available,alta,confirmar e separar o fenomeno de inundacao (trilha separar_fenomeno),true,true,true
MRQ_03545,TGT_0504,source_authority,true,not_available,alta,identificar fonte/autoridade rastreavel do evento,true,false,true
MRQ_03546,TGT_0504,geometry_type,true,not_available,alta,obter geometria oficial (ponto/poligono/bbox) do evento (trilha obter_geometria_oficial),true,true,true
MRQ_03547,TGT_0504,patch_id,true,not_available,media,resolver o patch REV-P correspondente (trilha resolver_patch_link),true,false,true
MRQ_03548,TGT_0504,patch_link_quality,true,not_available,alta,produzir vinculo espacial forte com o patch (trilha resolver_patch_link),true,false,true
MRQ_03549,TGT_0504,uncertainty_m,true,not_available,media,estimar incerteza espacial em metros (trilha estimar_incerteza_espacial),true,false,true
MRQ_03550,TGT_0504,qa_status,true,not_available,alta,executar QA humano e registrar aceite (trilha executar_qa_humano),true,true,true
MRQ_03551,TGT_0504,phenomenon_type,true,not_available,alta,confirmar e separar o fenomeno de inundacao (trilha separar_fenomeno),true,true,true
MRQ_03552,TGT_0505,source_authority,true,not_available,alta,identificar fonte/autoridade rastreavel do evento,true,false,true
MRQ_03553,TGT_0505,geometry_type,true,not_available,alta,obter geometria oficial (ponto/poligono/bbox) do evento (trilha obter_geometria_oficial),true,true,true
MRQ_03554,TGT_0505,patch_id,true,not_available,media,resolver o patch REV-P correspondente (trilha resolver_patch_link),true,false,true
MRQ_03555,TGT_0505,patch_link_quality,true,not_available,alta,produzir vinculo espacial forte com o patch (trilha resolver_patch_link),true,false,true
MRQ_03556,TGT_0505,uncertainty_m,true,not_available,media,estimar incerteza espacial em metros (trilha estimar_incerteza_espacial),true,false,true
MRQ_03557,TGT_0505,qa_status,true,not_available,alta,executar QA humano e registrar aceite (trilha executar_qa_humano),true,true,true
MRQ_03558,TGT_0505,phenomenon_type,true,not_available,alta,confirmar e separar o fenomeno de inundacao (trilha separar_fenomeno),true,true,true
MRQ_03559,TGT_0506,source_authority,true,not_available,alta,identificar fonte/autoridade rastreavel do evento,true,false,true
MRQ_03560,TGT_0506,geometry_type,true,not_available,alta,obter geometria oficial (ponto/poligono/bbox) do evento (trilha obter_geometria_oficial),true,true,true
MRQ_03561,TGT_0506,patch_id,true,not_available,media,resolver o patch REV-P correspondente (trilha resolver_patch_link),true,false,true
MRQ_03562,TGT_0506,patch_link_quality,true,not_available,alta,produzir vinculo espacial forte com o patch (trilha resolver_patch_link),true,false,true
MRQ_03563,TGT_0506,uncertainty_m,true,not_available,media,estimar incerteza espacial em metros (trilha estimar_incerteza_espacial),true,false,true
MRQ_03564,TGT_0506,qa_status,true,not_available,alta,executar QA humano e registrar aceite (trilha executar_qa_humano),true,true,true
MRQ_03565,TGT_0506,phenomenon_type,true,not_available,alta,confirmar e separar o fenomeno de inundacao (trilha separar_fenomeno),true,true,true
MRQ_03566,TGT_0507,source_authority,true,not_available,alta,identificar fonte/autoridade rastreavel do evento,true,false,true
MRQ_03567,TGT_0507,geometry_type,true,not_available,alta,obter geometria oficial (ponto/poligono/bbox) do evento (trilha obter_geometria_oficial),true,true,true
MRQ_03568,TGT_0507,patch_id,true,not_available,media,resolver o patch REV-P correspondente (trilha resolver_patch_link),true,false,true
MRQ_03569,TGT_0507,patch_link_quality,true,not_available,alta,produzir vinculo espacial forte com o patch (trilha resolver_patch_link),true,false,true
MRQ_03570,TGT_0507,uncertainty_m,true,not_available,media,estimar incerteza espacial em metros (trilha estimar_incerteza_espacial),true,false,true
MRQ_03571,TGT_0507,qa_status,true,not_available,alta,executar QA humano e registrar aceite (trilha executar_qa_humano),true,true,true
MRQ_03572,TGT_0507,phenomenon_type,true,not_available,alta,confirmar e separar o fenomeno de inundacao (trilha separar_fenomeno),true,true,true
MRQ_03573,TGT_0508,source_authority,true,not_available,alta,identificar fonte/autoridade rastreavel do evento,true,false,true
MRQ_03574,TGT_0508,geometry_type,true,not_available,alta,obter geometria oficial (ponto/poligono/bbox) do evento (trilha obter_geometria_oficial),true,true,true
MRQ_03575,TGT_0508,patch_id,true,not_available,media,resolver o patch REV-P correspondente (trilha resolver_patch_link),true,false,true
MRQ_03576,TGT_0508,patch_link_quality,true,not_available,alta,produzir vinculo espacial forte com o patch (trilha resolver_patch_link),true,false,true
MRQ_03577,TGT_0508,uncertainty_m,true,not_available,media,estimar incerteza espacial em metros (trilha estimar_incerteza_espacial),true,false,true
MRQ_03578,TGT_0508,qa_status,true,not_available,alta,executar QA humano e registrar aceite (trilha executar_qa_humano),true,true,true
MRQ_03579,TGT_0508,phenomenon_type,true,not_available,alta,confirmar e separar o fenomeno de inundacao (trilha separar_fenomeno),true,true,true
MRQ_03580,TGT_0509,source_authority,true,not_available,alta,identificar fonte/autoridade rastreavel do evento,true,false,true
MRQ_03581,TGT_0509,geometry_type,true,not_available,alta,obter geometria oficial (ponto/poligono/bbox) do evento (trilha obter_geometria_oficial),true,true,true
MRQ_03582,TGT_0509,patch_id,true,not_available,media,resolver o patch REV-P correspondente (trilha resolver_patch_link),true,false,true
MRQ_03583,TGT_0509,patch_link_quality,true,not_available,alta,produzir vinculo espacial forte com o patch (trilha resolver_patch_link),true,false,true
MRQ_03584,TGT_0509,uncertainty_m,true,not_available,media,estimar incerteza espacial em metros (trilha estimar_incerteza_espacial),true,false,true
MRQ_03585,TGT_0509,qa_status,true,not_available,alta,executar QA humano e registrar aceite (trilha executar_qa_humano),true,true,true
MRQ_03586,TGT_0509,phenomenon_type,true,not_available,alta,confirmar e separar o fenomeno de inundacao (trilha separar_fenomeno),true,true,true
MRQ_03587,TGT_0510,source_authority,true,not_available,alta,identificar fonte/autoridade rastreavel do evento,true,false,true
MRQ_03588,TGT_0510,geometry_type,true,not_available,alta,obter geometria oficial (ponto/poligono/bbox) do evento (trilha obter_geometria_oficial),true,true,true
MRQ_03589,TGT_0510,patch_id,true,not_available,media,resolver o patch REV-P correspondente (trilha resolver_patch_link),true,false,true
MRQ_03590,TGT_0510,patch_link_quality,true,not_available,alta,produzir vinculo espacial forte com o patch (trilha resolver_patch_link),true,false,true
MRQ_03591,TGT_0510,uncertainty_m,true,not_available,media,estimar incerteza espacial em metros (trilha estimar_incerteza_espacial),true,false,true
MRQ_03592,TGT_0510,qa_status,true,not_available,alta,executar QA humano e registrar aceite (trilha executar_qa_humano),true,true,true
MRQ_03593,TGT_0510,phenomenon_type,true,not_available,alta,confirmar e separar o fenomeno de inundacao (trilha separar_fenomeno),true,true,true
MRQ_03594,TGT_0511,source_authority,true,not_available,alta,identificar fonte/autoridade rastreavel do evento,true,false,true
MRQ_03595,TGT_0511,geometry_type,true,not_available,alta,obter geometria oficial (ponto/poligono/bbox) do evento (trilha obter_geometria_oficial),true,true,true
MRQ_03596,TGT_0511,patch_id,true,not_available,media,resolver o patch REV-P correspondente (trilha resolver_patch_link),true,false,true
MRQ_03597,TGT_0511,patch_link_quality,true,not_available,alta,produzir vinculo espacial forte com o patch (trilha resolver_patch_link),true,false,true
MRQ_03598,TGT_0511,uncertainty_m,true,not_available,media,estimar incerteza espacial em metros (trilha estimar_incerteza_espacial),true,false,true
MRQ_03599,TGT_0511,qa_status,true,not_available,alta,executar QA humano e registrar aceite (trilha executar_qa_humano),true,true,true
MRQ_03600,TGT_0511,phenomenon_type,true,not_available,alta,confirmar e separar o fenomeno de inundacao (trilha separar_fenomeno),true,true,true
MRQ_03601,TGT_0512,source_authority,true,not_available,alta,identificar fonte/autoridade rastreavel do evento,true,false,true
MRQ_03602,TGT_0512,geometry_type,true,not_available,alta,obter geometria oficial (ponto/poligono/bbox) do evento (trilha obter_geometria_oficial),true,true,true
MRQ_03603,TGT_0512,patch_id,true,not_available,media,resolver o patch REV-P correspondente (trilha resolver_patch_link),true,false,true
MRQ_03604,TGT_0512,patch_link_quality,true,not_available,alta,produzir vinculo espacial forte com o patch (trilha resolver_patch_link),true,false,true
MRQ_03605,TGT_0512,uncertainty_m,true,not_available,media,estimar incerteza espacial em metros (trilha estimar_incerteza_espacial),true,false,true
MRQ_03606,TGT_0512,qa_status,true,not_available,alta,executar QA humano e registrar aceite (trilha executar_qa_humano),true,true,true
MRQ_03607,TGT_0512,phenomenon_type,true,not_available,alta,confirmar e separar o fenomeno de inundacao (trilha separar_fenomeno),true,true,true
MRQ_03608,TGT_0513,source_authority,true,not_available,alta,identificar fonte/autoridade rastreavel do evento,true,false,true
MRQ_03609,TGT_0513,geometry_type,true,not_available,alta,obter geometria oficial (ponto/poligono/bbox) do evento (trilha obter_geometria_oficial),true,true,true
MRQ_03610,TGT_0513,patch_id,true,not_available,media,resolver o patch REV-P correspondente (trilha resolver_patch_link),true,false,true
MRQ_03611,TGT_0513,patch_link_quality,true,not_available,alta,produzir vinculo espacial forte com o patch (trilha resolver_patch_link),true,false,true
MRQ_03612,TGT_0513,uncertainty_m,true,not_available,media,estimar incerteza espacial em metros (trilha estimar_incerteza_espacial),true,false,true
MRQ_03613,TGT_0513,qa_status,true,not_available,alta,executar QA humano e registrar aceite (trilha executar_qa_humano),true,true,true
MRQ_03614,TGT_0513,phenomenon_type,true,not_available,alta,confirmar e separar o fenomeno de inundacao (trilha separar_fenomeno),true,true,true
MRQ_03615,TGT_0514,source_authority,true,not_available,alta,identificar fonte/autoridade rastreavel do evento,true,false,true
MRQ_03616,TGT_0514,geometry_type,true,not_available,alta,obter geometria oficial (ponto/poligono/bbox) do evento (trilha obter_geometria_oficial),true,true,true
MRQ_03617,TGT_0514,patch_id,true,not_available,media,resolver o patch REV-P correspondente (trilha resolver_patch_link),true,false,true
MRQ_03618,TGT_0514,patch_link_quality,true,not_available,alta,produzir vinculo espacial forte com o patch (trilha resolver_patch_link),true,false,true
MRQ_03619,TGT_0514,uncertainty_m,true,not_available,media,estimar incerteza espacial em metros (trilha estimar_incerteza_espacial),true,false,true
MRQ_03620,TGT_0514,qa_status,true,not_available,alta,executar QA humano e registrar aceite (trilha executar_qa_humano),true,true,true
MRQ_03621,TGT_0514,phenomenon_type,true,not_available,alta,confirmar e separar o fenomeno de inundacao (trilha separar_fenomeno),true,true,true
MRQ_03622,TGT_0515,source_authority,true,not_available,alta,identificar fonte/autoridade rastreavel do evento,true,false,true
MRQ_03623,TGT_0515,geometry_type,true,not_available,alta,obter geometria oficial (ponto/poligono/bbox) do evento (trilha obter_geometria_oficial),true,true,true
MRQ_03624,TGT_0515,patch_id,true,not_available,media,resolver o patch REV-P correspondente (trilha resolver_patch_link),true,false,true
MRQ_03625,TGT_0515,patch_link_quality,true,not_available,alta,produzir vinculo espacial forte com o patch (trilha resolver_patch_link),true,false,true
MRQ_03626,TGT_0515,uncertainty_m,true,not_available,media,estimar incerteza espacial em metros (trilha estimar_incerteza_espacial),true,false,true
MRQ_03627,TGT_0515,qa_status,true,not_available,alta,executar QA humano e registrar aceite (trilha executar_qa_humano),true,true,true
MRQ_03628,TGT_0515,phenomenon_type,true,not_available,alta,confirmar e separar o fenomeno de inundacao (trilha separar_fenomeno),true,true,true
MRQ_03629,TGT_0516,source_authority,true,not_available,alta,identificar fonte/autoridade rastreavel do evento,true,false,true
MRQ_03630,TGT_0516,geometry_type,true,not_available,alta,obter geometria oficial (ponto/poligono/bbox) do evento (trilha obter_geometria_oficial),true,true,true
MRQ_03631,TGT_0516,patch_id,true,not_available,media,resolver o patch REV-P correspondente (trilha resolver_patch_link),true,false,true
MRQ_03632,TGT_0516,patch_link_quality,true,not_available,alta,produzir vinculo espacial forte com o patch (trilha resolver_patch_link),true,false,true
MRQ_03633,TGT_0516,uncertainty_m,true,not_available,media,estimar incerteza espacial em metros (trilha estimar_incerteza_espacial),true,false,true
MRQ_03634,TGT_0516,qa_status,true,not_available,alta,executar QA humano e registrar aceite (trilha executar_qa_humano),true,true,true
MRQ_03635,TGT_0516,phenomenon_type,true,not_available,alta,confirmar e separar o fenomeno de inundacao (trilha separar_fenomeno),true,true,true
MRQ_03636,TGT_0517,source_authority,true,not_available,alta,identificar fonte/autoridade rastreavel do evento,true,false,true
MRQ_03637,TGT_0517,geometry_type,true,not_available,alta,obter geometria oficial (ponto/poligono/bbox) do evento (trilha obter_geometria_oficial),true,true,true
MRQ_03638,TGT_0517,patch_id,true,not_available,media,resolver o patch REV-P correspondente (trilha resolver_patch_link),true,false,true
MRQ_03639,TGT_0517,patch_link_quality,true,not_available,alta,produzir vinculo espacial forte com o patch (trilha resolver_patch_link),true,false,true
MRQ_03640,TGT_0517,uncertainty_m,true,not_available,media,estimar incerteza espacial em metros (trilha estimar_incerteza_espacial),true,false,true
MRQ_03641,TGT_0517,qa_status,true,not_available,alta,executar QA humano e registrar aceite (trilha executar_qa_humano),true,true,true
MRQ_03642,TGT_0517,phenomenon_type,true,not_available,alta,confirmar e separar o fenomeno de inundacao (trilha separar_fenomeno),true,true,true
MRQ_03643,TGT_0518,source_authority,true,not_available,alta,identificar fonte/autoridade rastreavel do evento,true,false,true
MRQ_03644,TGT_0518,geometry_type,true,not_available,alta,obter geometria oficial (ponto/poligono/bbox) do evento (trilha obter_geometria_oficial),true,true,true
MRQ_03645,TGT_0518,patch_id,true,not_available,media,resolver o patch REV-P correspondente (trilha resolver_patch_link),true,false,true
MRQ_03646,TGT_0518,patch_link_quality,true,not_available,alta,produzir vinculo espacial forte com o patch (trilha resolver_patch_link),true,false,true
MRQ_03647,TGT_0518,uncertainty_m,true,not_available,media,estimar incerteza espacial em metros (trilha estimar_incerteza_espacial),true,false,true
MRQ_03648,TGT_0518,qa_status,true,not_available,alta,executar QA humano e registrar aceite (trilha executar_qa_humano),true,true,true
MRQ_03649,TGT_0518,phenomenon_type,true,not_available,alta,confirmar e separar o fenomeno de inundacao (trilha separar_fenomeno),true,true,true
MRQ_03650,TGT_0519,source_authority,true,not_available,alta,identificar fonte/autoridade rastreavel do evento,true,false,true
MRQ_03651,TGT_0519,geometry_type,true,not_available,alta,obter geometria oficial (ponto/poligono/bbox) do evento (trilha obter_geometria_oficial),true,true,true
MRQ_03652,TGT_0519,patch_id,true,not_available,media,resolver o patch REV-P correspondente (trilha resolver_patch_link),true,false,true
MRQ_03653,TGT_0519,patch_link_quality,true,not_available,alta,produzir vinculo espacial forte com o patch (trilha resolver_patch_link),true,false,true
MRQ_03654,TGT_0519,uncertainty_m,true,not_available,media,estimar incerteza espacial em metros (trilha estimar_incerteza_espacial),true,false,true
MRQ_03655,TGT_0519,qa_status,true,not_available,alta,executar QA humano e registrar aceite (trilha executar_qa_humano),true,true,true
MRQ_03656,TGT_0519,phenomenon_type,true,not_available,alta,confirmar e separar o fenomeno de inundacao (trilha separar_fenomeno),true,true,true
MRQ_03657,TGT_0520,source_authority,true,not_available,alta,identificar fonte/autoridade rastreavel do evento,true,false,true
MRQ_03658,TGT_0520,geometry_type,true,not_available,alta,obter geometria oficial (ponto/poligono/bbox) do evento (trilha obter_geometria_oficial),true,true,true
MRQ_03659,TGT_0520,patch_id,true,not_available,media,resolver o patch REV-P correspondente (trilha resolver_patch_link),true,false,true
MRQ_03660,TGT_0520,patch_link_quality,true,not_available,alta,produzir vinculo espacial forte com o patch (trilha resolver_patch_link),true,false,true
MRQ_03661,TGT_0520,uncertainty_m,true,not_available,media,estimar incerteza espacial em metros (trilha estimar_incerteza_espacial),true,false,true
MRQ_03662,TGT_0520,qa_status,true,not_available,alta,executar QA humano e registrar aceite (trilha executar_qa_humano),true,true,true
MRQ_03663,TGT_0520,phenomenon_type,true,not_available,alta,confirmar e separar o fenomeno de inundacao (trilha separar_fenomeno),true,true,true
MRQ_03664,TGT_0521,source_authority,true,not_available,alta,identificar fonte/autoridade rastreavel do evento,true,false,true
MRQ_03665,TGT_0521,geometry_type,true,not_available,alta,obter geometria oficial (ponto/poligono/bbox) do evento (trilha obter_geometria_oficial),true,true,true
MRQ_03666,TGT_0521,patch_id,true,not_available,media,resolver o patch REV-P correspondente (trilha resolver_patch_link),true,false,true
MRQ_03667,TGT_0521,patch_link_quality,true,not_available,alta,produzir vinculo espacial forte com o patch (trilha resolver_patch_link),true,false,true
MRQ_03668,TGT_0521,uncertainty_m,true,not_available,media,estimar incerteza espacial em metros (trilha estimar_incerteza_espacial),true,false,true
MRQ_03669,TGT_0521,qa_status,true,not_available,alta,executar QA humano e registrar aceite (trilha executar_qa_humano),true,true,true
MRQ_03670,TGT_0521,phenomenon_type,true,not_available,alta,confirmar e separar o fenomeno de inundacao (trilha separar_fenomeno),true,true,true
MRQ_03671,TGT_0522,source_authority,true,not_available,alta,identificar fonte/autoridade rastreavel do evento,true,false,true
MRQ_03672,TGT_0522,geometry_type,true,not_available,alta,obter geometria oficial (ponto/poligono/bbox) do evento (trilha obter_geometria_oficial),true,true,true
MRQ_03673,TGT_0522,patch_id,true,not_available,media,resolver o patch REV-P correspondente (trilha resolver_patch_link),true,false,true
MRQ_03674,TGT_0522,patch_link_quality,true,not_available,alta,produzir vinculo espacial forte com o patch (trilha resolver_patch_link),true,false,true
MRQ_03675,TGT_0522,uncertainty_m,true,not_available,media,estimar incerteza espacial em metros (trilha estimar_incerteza_espacial),true,false,true
MRQ_03676,TGT_0522,qa_status,true,not_available,alta,executar QA humano e registrar aceite (trilha executar_qa_humano),true,true,true
MRQ_03677,TGT_0522,phenomenon_type,true,not_available,alta,confirmar e separar o fenomeno de inundacao (trilha separar_fenomeno),true,true,true
MRQ_03678,TGT_0523,source_authority,true,not_available,alta,identificar fonte/autoridade rastreavel do evento,true,false,true
MRQ_03679,TGT_0523,geometry_type,true,not_available,alta,obter geometria oficial (ponto/poligono/bbox) do evento (trilha obter_geometria_oficial),true,true,true
MRQ_03680,TGT_0523,patch_id,true,not_available,media,resolver o patch REV-P correspondente (trilha resolver_patch_link),true,false,true
MRQ_03681,TGT_0523,patch_link_quality,true,not_available,alta,produzir vinculo espacial forte com o patch (trilha resolver_patch_link),true,false,true
MRQ_03682,TGT_0523,uncertainty_m,true,not_available,media,estimar incerteza espacial em metros (trilha estimar_incerteza_espacial),true,false,true
MRQ_03683,TGT_0523,qa_status,true,not_available,alta,executar QA humano e registrar aceite (trilha executar_qa_humano),true,true,true
MRQ_03684,TGT_0523,phenomenon_type,true,not_available,alta,confirmar e separar o fenomeno de inundacao (trilha separar_fenomeno),true,true,true
MRQ_03685,TGT_0524,source_authority,true,not_available,alta,identificar fonte/autoridade rastreavel do evento,true,false,true
MRQ_03686,TGT_0524,geometry_type,true,not_available,alta,obter geometria oficial (ponto/poligono/bbox) do evento (trilha obter_geometria_oficial),true,true,true
MRQ_03687,TGT_0524,patch_id,true,not_available,media,resolver o patch REV-P correspondente (trilha resolver_patch_link),true,false,true
MRQ_03688,TGT_0524,patch_link_quality,true,not_available,alta,produzir vinculo espacial forte com o patch (trilha resolver_patch_link),true,false,true
MRQ_03689,TGT_0524,uncertainty_m,true,not_available,media,estimar incerteza espacial em metros (trilha estimar_incerteza_espacial),true,false,true
MRQ_03690,TGT_0524,qa_status,true,not_available,alta,executar QA humano e registrar aceite (trilha executar_qa_humano),true,true,true
MRQ_03691,TGT_0524,phenomenon_type,true,not_available,alta,confirmar e separar o fenomeno de inundacao (trilha separar_fenomeno),true,true,true
MRQ_03692,TGT_0525,source_authority,true,not_available,alta,identificar fonte/autoridade rastreavel do evento,true,false,true
MRQ_03693,TGT_0525,geometry_type,true,not_available,alta,obter geometria oficial (ponto/poligono/bbox) do evento (trilha obter_geometria_oficial),true,true,true
MRQ_03694,TGT_0525,patch_id,true,not_available,media,resolver o patch REV-P correspondente (trilha resolver_patch_link),true,false,true
MRQ_03695,TGT_0525,patch_link_quality,true,not_available,alta,produzir vinculo espacial forte com o patch (trilha resolver_patch_link),true,false,true
MRQ_03696,TGT_0525,uncertainty_m,true,not_available,media,estimar incerteza espacial em metros (trilha estimar_incerteza_espacial),true,false,true
MRQ_03697,TGT_0525,qa_status,true,not_available,alta,executar QA humano e registrar aceite (trilha executar_qa_humano),true,true,true
MRQ_03698,TGT_0525,phenomenon_type,true,not_available,alta,confirmar e separar o fenomeno de inundacao (trilha separar_fenomeno),true,true,true
MRQ_03699,TGT_0526,source_authority,true,not_available,alta,identificar fonte/autoridade rastreavel do evento,true,false,true
MRQ_03700,TGT_0526,geometry_type,true,not_available,alta,obter geometria oficial (ponto/poligono/bbox) do evento (trilha obter_geometria_oficial),true,true,true
MRQ_03701,TGT_0526,patch_id,true,not_available,media,resolver o patch REV-P correspondente (trilha resolver_patch_link),true,false,true
MRQ_03702,TGT_0526,patch_link_quality,true,not_available,alta,produzir vinculo espacial forte com o patch (trilha resolver_patch_link),true,false,true
MRQ_03703,TGT_0526,uncertainty_m,true,not_available,media,estimar incerteza espacial em metros (trilha estimar_incerteza_espacial),true,false,true
MRQ_03704,TGT_0526,qa_status,true,not_available,alta,executar QA humano e registrar aceite (trilha executar_qa_humano),true,true,true
MRQ_03705,TGT_0526,phenomenon_type,true,not_available,alta,confirmar e separar o fenomeno de inundacao (trilha separar_fenomeno),true,true,true
MRQ_03706,TGT_0527,source_authority,true,not_available,alta,identificar fonte/autoridade rastreavel do evento,true,false,true
MRQ_03707,TGT_0527,geometry_type,true,not_available,alta,obter geometria oficial (ponto/poligono/bbox) do evento (trilha obter_geometria_oficial),true,true,true
MRQ_03708,TGT_0527,patch_id,true,not_available,media,resolver o patch REV-P correspondente (trilha resolver_patch_link),true,false,true
MRQ_03709,TGT_0527,patch_link_quality,true,not_available,alta,produzir vinculo espacial forte com o patch (trilha resolver_patch_link),true,false,true
MRQ_03710,TGT_0527,uncertainty_m,true,not_available,media,estimar incerteza espacial em metros (trilha estimar_incerteza_espacial),true,false,true
MRQ_03711,TGT_0527,qa_status,true,not_available,alta,executar QA humano e registrar aceite (trilha executar_qa_humano),true,true,true
MRQ_03712,TGT_0527,phenomenon_type,true,not_available,alta,confirmar e separar o fenomeno de inundacao (trilha separar_fenomeno),true,true,true
MRQ_03713,TGT_0528,source_authority,true,not_available,alta,identificar fonte/autoridade rastreavel do evento,true,false,true
MRQ_03714,TGT_0528,geometry_type,true,not_available,alta,obter geometria oficial (ponto/poligono/bbox) do evento (trilha obter_geometria_oficial),true,true,true
MRQ_03715,TGT_0528,patch_id,true,not_available,media,resolver o patch REV-P correspondente (trilha resolver_patch_link),true,false,true
MRQ_03716,TGT_0528,patch_link_quality,true,not_available,alta,produzir vinculo espacial forte com o patch (trilha resolver_patch_link),true,false,true
MRQ_03717,TGT_0528,uncertainty_m,true,not_available,media,estimar incerteza espacial em metros (trilha estimar_incerteza_espacial),true,false,true
MRQ_03718,TGT_0528,qa_status,true,not_available,alta,executar QA humano e registrar aceite (trilha executar_qa_humano),true,true,true
MRQ_03719,TGT_0528,phenomenon_type,true,not_available,alta,confirmar e separar o fenomeno de inundacao (trilha separar_fenomeno),true,true,true
MRQ_03720,TGT_0529,source_authority,true,not_available,alta,identificar fonte/autoridade rastreavel do evento,true,false,true
MRQ_03721,TGT_0529,geometry_type,true,not_available,alta,obter geometria oficial (ponto/poligono/bbox) do evento (trilha obter_geometria_oficial),true,true,true
MRQ_03722,TGT_0529,patch_id,true,not_available,media,resolver o patch REV-P correspondente (trilha resolver_patch_link),true,false,true
MRQ_03723,TGT_0529,patch_link_quality,true,not_available,alta,produzir vinculo espacial forte com o patch (trilha resolver_patch_link),true,false,true
MRQ_03724,TGT_0529,uncertainty_m,true,not_available,media,estimar incerteza espacial em metros (trilha estimar_incerteza_espacial),true,false,true
MRQ_03725,TGT_0529,qa_status,true,not_available,alta,executar QA humano e registrar aceite (trilha executar_qa_humano),true,true,true
MRQ_03726,TGT_0529,phenomenon_type,true,not_available,alta,confirmar e separar o fenomeno de inundacao (trilha separar_fenomeno),true,true,true
MRQ_03727,TGT_0530,source_authority,true,not_available,alta,identificar fonte/autoridade rastreavel do evento,true,false,true
MRQ_03728,TGT_0530,geometry_type,true,not_available,alta,obter geometria oficial (ponto/poligono/bbox) do evento (trilha obter_geometria_oficial),true,true,true
MRQ_03729,TGT_0530,patch_id,true,not_available,media,resolver o patch REV-P correspondente (trilha resolver_patch_link),true,false,true
MRQ_03730,TGT_0530,patch_link_quality,true,not_available,alta,produzir vinculo espacial forte com o patch (trilha resolver_patch_link),true,false,true
MRQ_03731,TGT_0530,uncertainty_m,true,not_available,media,estimar incerteza espacial em metros (trilha estimar_incerteza_espacial),true,false,true
MRQ_03732,TGT_0530,qa_status,true,not_available,alta,executar QA humano e registrar aceite (trilha executar_qa_humano),true,true,true
MRQ_03733,TGT_0530,phenomenon_type,true,not_available,alta,confirmar e separar o fenomeno de inundacao (trilha separar_fenomeno),true,true,true
MRQ_03734,TGT_0531,source_authority,true,not_available,alta,identificar fonte/autoridade rastreavel do evento,true,false,true
MRQ_03735,TGT_0531,geometry_type,true,not_available,alta,obter geometria oficial (ponto/poligono/bbox) do evento (trilha obter_geometria_oficial),true,true,true
MRQ_03736,TGT_0531,patch_id,true,not_available,media,resolver o patch REV-P correspondente (trilha resolver_patch_link),true,false,true
MRQ_03737,TGT_0531,patch_link_quality,true,not_available,alta,produzir vinculo espacial forte com o patch (trilha resolver_patch_link),true,false,true
MRQ_03738,TGT_0531,uncertainty_m,true,not_available,media,estimar incerteza espacial em metros (trilha estimar_incerteza_espacial),true,false,true
MRQ_03739,TGT_0531,qa_status,true,not_available,alta,executar QA humano e registrar aceite (trilha executar_qa_humano),true,true,true
MRQ_03740,TGT_0531,phenomenon_type,true,not_available,alta,confirmar e separar o fenomeno de inundacao (trilha separar_fenomeno),true,true,true
MRQ_03741,TGT_0532,source_authority,true,not_available,alta,identificar fonte/autoridade rastreavel do evento,true,false,true
MRQ_03742,TGT_0532,geometry_type,true,not_available,alta,obter geometria oficial (ponto/poligono/bbox) do evento (trilha obter_geometria_oficial),true,true,true
MRQ_03743,TGT_0532,patch_id,true,not_available,media,resolver o patch REV-P correspondente (trilha resolver_patch_link),true,false,true
MRQ_03744,TGT_0532,patch_link_quality,true,not_available,alta,produzir vinculo espacial forte com o patch (trilha resolver_patch_link),true,false,true
MRQ_03745,TGT_0532,uncertainty_m,true,not_available,media,estimar incerteza espacial em metros (trilha estimar_incerteza_espacial),true,false,true
MRQ_03746,TGT_0532,qa_status,true,not_available,alta,executar QA humano e registrar aceite (trilha executar_qa_humano),true,true,true
MRQ_03747,TGT_0532,phenomenon_type,true,not_available,alta,confirmar e separar o fenomeno de inundacao (trilha separar_fenomeno),true,true,true
MRQ_03748,TGT_0533,source_authority,true,not_available,alta,identificar fonte/autoridade rastreavel do evento,true,false,true
MRQ_03749,TGT_0533,geometry_type,true,not_available,alta,obter geometria oficial (ponto/poligono/bbox) do evento (trilha obter_geometria_oficial),true,true,true
MRQ_03750,TGT_0533,patch_id,true,not_available,media,resolver o patch REV-P correspondente (trilha resolver_patch_link),true,false,true
MRQ_03751,TGT_0533,patch_link_quality,true,not_available,alta,produzir vinculo espacial forte com o patch (trilha resolver_patch_link),true,false,true
MRQ_03752,TGT_0533,uncertainty_m,true,not_available,media,estimar incerteza espacial em metros (trilha estimar_incerteza_espacial),true,false,true
MRQ_03753,TGT_0533,qa_status,true,not_available,alta,executar QA humano e registrar aceite (trilha executar_qa_humano),true,true,true
MRQ_03754,TGT_0533,phenomenon_type,true,not_available,alta,confirmar e separar o fenomeno de inundacao (trilha separar_fenomeno),true,true,true
MRQ_03755,TGT_0534,source_authority,true,not_available,alta,identificar fonte/autoridade rastreavel do evento,true,false,true
MRQ_03756,TGT_0534,geometry_type,true,not_available,alta,obter geometria oficial (ponto/poligono/bbox) do evento (trilha obter_geometria_oficial),true,true,true
MRQ_03757,TGT_0534,patch_id,true,not_available,media,resolver o patch REV-P correspondente (trilha resolver_patch_link),true,false,true
MRQ_03758,TGT_0534,patch_link_quality,true,not_available,alta,produzir vinculo espacial forte com o patch (trilha resolver_patch_link),true,false,true
MRQ_03759,TGT_0534,uncertainty_m,true,not_available,media,estimar incerteza espacial em metros (trilha estimar_incerteza_espacial),true,false,true
MRQ_03760,TGT_0534,qa_status,true,not_available,alta,executar QA humano e registrar aceite (trilha executar_qa_humano),true,true,true
MRQ_03761,TGT_0534,phenomenon_type,true,not_available,alta,confirmar e separar o fenomeno de inundacao (trilha separar_fenomeno),true,true,true
MRQ_03762,TGT_0535,source_authority,true,not_available,alta,identificar fonte/autoridade rastreavel do evento,true,false,true
MRQ_03763,TGT_0535,geometry_type,true,not_available,alta,obter geometria oficial (ponto/poligono/bbox) do evento (trilha obter_geometria_oficial),true,true,true
MRQ_03764,TGT_0535,patch_id,true,not_available,media,resolver o patch REV-P correspondente (trilha resolver_patch_link),true,false,true
MRQ_03765,TGT_0535,patch_link_quality,true,not_available,alta,produzir vinculo espacial forte com o patch (trilha resolver_patch_link),true,false,true
MRQ_03766,TGT_0535,uncertainty_m,true,not_available,media,estimar incerteza espacial em metros (trilha estimar_incerteza_espacial),true,false,true
MRQ_03767,TGT_0535,qa_status,true,not_available,alta,executar QA humano e registrar aceite (trilha executar_qa_humano),true,true,true
MRQ_03768,TGT_0535,phenomenon_type,true,not_available,alta,confirmar e separar o fenomeno de inundacao (trilha separar_fenomeno),true,true,true
MRQ_03769,TGT_0536,source_authority,true,not_available,alta,identificar fonte/autoridade rastreavel do evento,true,false,true
MRQ_03770,TGT_0536,geometry_type,true,not_available,alta,obter geometria oficial (ponto/poligono/bbox) do evento (trilha obter_geometria_oficial),true,true,true
MRQ_03771,TGT_0536,patch_id,true,not_available,media,resolver o patch REV-P correspondente (trilha resolver_patch_link),true,false,true
MRQ_03772,TGT_0536,patch_link_quality,true,not_available,alta,produzir vinculo espacial forte com o patch (trilha resolver_patch_link),true,false,true
MRQ_03773,TGT_0536,uncertainty_m,true,not_available,media,estimar incerteza espacial em metros (trilha estimar_incerteza_espacial),true,false,true
MRQ_03774,TGT_0536,qa_status,true,not_available,alta,executar QA humano e registrar aceite (trilha executar_qa_humano),true,true,true
MRQ_03775,TGT_0536,phenomenon_type,true,not_available,alta,confirmar e separar o fenomeno de inundacao (trilha separar_fenomeno),true,true,true
MRQ_03776,TGT_0537,source_authority,true,not_available,alta,identificar fonte/autoridade rastreavel do evento,true,false,true
MRQ_03777,TGT_0537,geometry_type,true,not_available,alta,obter geometria oficial (ponto/poligono/bbox) do evento (trilha obter_geometria_oficial),true,true,true
MRQ_03778,TGT_0537,patch_id,true,not_available,media,resolver o patch REV-P correspondente (trilha resolver_patch_link),true,false,true
MRQ_03779,TGT_0537,patch_link_quality,true,not_available,alta,produzir vinculo espacial forte com o patch (trilha resolver_patch_link),true,false,true
MRQ_03780,TGT_0537,uncertainty_m,true,not_available,media,estimar incerteza espacial em metros (trilha estimar_incerteza_espacial),true,false,true
MRQ_03781,TGT_0537,qa_status,true,not_available,alta,executar QA humano e registrar aceite (trilha executar_qa_humano),true,true,true
MRQ_03782,TGT_0537,phenomenon_type,true,not_available,alta,confirmar e separar o fenomeno de inundacao (trilha separar_fenomeno),true,true,true
MRQ_03783,TGT_0538,source_authority,true,not_available,alta,identificar fonte/autoridade rastreavel do evento,true,false,true
MRQ_03784,TGT_0538,geometry_type,true,not_available,alta,obter geometria oficial (ponto/poligono/bbox) do evento (trilha obter_geometria_oficial),true,true,true
MRQ_03785,TGT_0538,patch_id,true,not_available,media,resolver o patch REV-P correspondente (trilha resolver_patch_link),true,false,true
MRQ_03786,TGT_0538,patch_link_quality,true,not_available,alta,produzir vinculo espacial forte com o patch (trilha resolver_patch_link),true,false,true
MRQ_03787,TGT_0538,uncertainty_m,true,not_available,media,estimar incerteza espacial em metros (trilha estimar_incerteza_espacial),true,false,true
MRQ_03788,TGT_0538,qa_status,true,not_available,alta,executar QA humano e registrar aceite (trilha executar_qa_humano),true,true,true
MRQ_03789,TGT_0538,phenomenon_type,true,not_available,alta,confirmar e separar o fenomeno de inundacao (trilha separar_fenomeno),true,true,true
MRQ_03790,TGT_0539,source_authority,true,not_available,alta,identificar fonte/autoridade rastreavel do evento,true,false,true
MRQ_03791,TGT_0539,geometry_type,true,not_available,alta,obter geometria oficial (ponto/poligono/bbox) do evento (trilha obter_geometria_oficial),true,true,true
MRQ_03792,TGT_0539,patch_id,true,not_available,media,resolver o patch REV-P correspondente (trilha resolver_patch_link),true,false,true
MRQ_03793,TGT_0539,patch_link_quality,true,not_available,alta,produzir vinculo espacial forte com o patch (trilha resolver_patch_link),true,false,true
MRQ_03794,TGT_0539,uncertainty_m,true,not_available,media,estimar incerteza espacial em metros (trilha estimar_incerteza_espacial),true,false,true
MRQ_03795,TGT_0539,qa_status,true,not_available,alta,executar QA humano e registrar aceite (trilha executar_qa_humano),true,true,true
MRQ_03796,TGT_0539,phenomenon_type,true,not_available,alta,confirmar e separar o fenomeno de inundacao (trilha separar_fenomeno),true,true,true
MRQ_03797,TGT_0540,source_authority,true,not_available,alta,identificar fonte/autoridade rastreavel do evento,true,false,true
MRQ_03798,TGT_0540,geometry_type,true,not_available,alta,obter geometria oficial (ponto/poligono/bbox) do evento (trilha obter_geometria_oficial),true,true,true
MRQ_03799,TGT_0540,patch_id,true,not_available,media,resolver o patch REV-P correspondente (trilha resolver_patch_link),true,false,true
MRQ_03800,TGT_0540,patch_link_quality,true,not_available,alta,produzir vinculo espacial forte com o patch (trilha resolver_patch_link),true,false,true
MRQ_03801,TGT_0540,uncertainty_m,true,not_available,media,estimar incerteza espacial em metros (trilha estimar_incerteza_espacial),true,false,true
MRQ_03802,TGT_0540,qa_status,true,not_available,alta,executar QA humano e registrar aceite (trilha executar_qa_humano),true,true,true
MRQ_03803,TGT_0540,phenomenon_type,true,not_available,alta,confirmar e separar o fenomeno de inundacao (trilha separar_fenomeno),true,true,true
MRQ_03804,TGT_0541,source_authority,true,not_available,alta,identificar fonte/autoridade rastreavel do evento,true,false,true
MRQ_03805,TGT_0541,geometry_type,true,not_available,alta,obter geometria oficial (ponto/poligono/bbox) do evento (trilha obter_geometria_oficial),true,true,true
MRQ_03806,TGT_0541,patch_id,true,not_available,media,resolver o patch REV-P correspondente (trilha resolver_patch_link),true,false,true
MRQ_03807,TGT_0541,patch_link_quality,true,not_available,alta,produzir vinculo espacial forte com o patch (trilha resolver_patch_link),true,false,true
MRQ_03808,TGT_0541,uncertainty_m,true,not_available,media,estimar incerteza espacial em metros (trilha estimar_incerteza_espacial),true,false,true
MRQ_03809,TGT_0541,qa_status,true,not_available,alta,executar QA humano e registrar aceite (trilha executar_qa_humano),true,true,true
MRQ_03810,TGT_0541,phenomenon_type,true,not_available,alta,confirmar e separar o fenomeno de inundacao (trilha separar_fenomeno),true,true,true
MRQ_03811,TGT_0542,source_authority,true,not_available,alta,identificar fonte/autoridade rastreavel do evento,true,false,true
MRQ_03812,TGT_0542,geometry_type,true,not_available,alta,obter geometria oficial (ponto/poligono/bbox) do evento (trilha obter_geometria_oficial),true,true,true
MRQ_03813,TGT_0542,patch_id,true,not_available,media,resolver o patch REV-P correspondente (trilha resolver_patch_link),true,false,true
MRQ_03814,TGT_0542,patch_link_quality,true,not_available,alta,produzir vinculo espacial forte com o patch (trilha resolver_patch_link),true,false,true
MRQ_03815,TGT_0542,uncertainty_m,true,not_available,media,estimar incerteza espacial em metros (trilha estimar_incerteza_espacial),true,false,true
MRQ_03816,TGT_0542,qa_status,true,not_available,alta,executar QA humano e registrar aceite (trilha executar_qa_humano),true,true,true
MRQ_03817,TGT_0542,phenomenon_type,true,not_available,alta,confirmar e separar o fenomeno de inundacao (trilha separar_fenomeno),true,true,true
MRQ_03818,TGT_0543,source_authority,true,not_available,alta,identificar fonte/autoridade rastreavel do evento,true,false,true
MRQ_03819,TGT_0543,geometry_type,true,not_available,alta,obter geometria oficial (ponto/poligono/bbox) do evento (trilha obter_geometria_oficial),true,true,true
MRQ_03820,TGT_0543,patch_id,true,not_available,media,resolver o patch REV-P correspondente (trilha resolver_patch_link),true,false,true
MRQ_03821,TGT_0543,patch_link_quality,true,not_available,alta,produzir vinculo espacial forte com o patch (trilha resolver_patch_link),true,false,true
MRQ_03822,TGT_0543,uncertainty_m,true,not_available,media,estimar incerteza espacial em metros (trilha estimar_incerteza_espacial),true,false,true
MRQ_03823,TGT_0543,qa_status,true,not_available,alta,executar QA humano e registrar aceite (trilha executar_qa_humano),true,true,true
MRQ_03824,TGT_0543,phenomenon_type,true,not_available,alta,confirmar e separar o fenomeno de inundacao (trilha separar_fenomeno),true,true,true
MRQ_03825,TGT_0544,source_authority,true,not_available,alta,identificar fonte/autoridade rastreavel do evento,true,false,true
MRQ_03826,TGT_0544,geometry_type,true,not_available,alta,obter geometria oficial (ponto/poligono/bbox) do evento (trilha obter_geometria_oficial),true,true,true
MRQ_03827,TGT_0544,patch_id,true,not_available,media,resolver o patch REV-P correspondente (trilha resolver_patch_link),true,false,true
MRQ_03828,TGT_0544,patch_link_quality,true,not_available,alta,produzir vinculo espacial forte com o patch (trilha resolver_patch_link),true,false,true
MRQ_03829,TGT_0544,uncertainty_m,true,not_available,media,estimar incerteza espacial em metros (trilha estimar_incerteza_espacial),true,false,true
MRQ_03830,TGT_0544,qa_status,true,not_available,alta,executar QA humano e registrar aceite (trilha executar_qa_humano),true,true,true
MRQ_03831,TGT_0544,phenomenon_type,true,not_available,alta,confirmar e separar o fenomeno de inundacao (trilha separar_fenomeno),true,true,true
MRQ_03832,TGT_0545,source_authority,true,not_available,alta,identificar fonte/autoridade rastreavel do evento,true,false,true
MRQ_03833,TGT_0545,geometry_type,true,not_available,alta,obter geometria oficial (ponto/poligono/bbox) do evento (trilha obter_geometria_oficial),true,true,true
MRQ_03834,TGT_0545,patch_id,true,not_available,media,resolver o patch REV-P correspondente (trilha resolver_patch_link),true,false,true
MRQ_03835,TGT_0545,patch_link_quality,true,not_available,alta,produzir vinculo espacial forte com o patch (trilha resolver_patch_link),true,false,true
MRQ_03836,TGT_0545,uncertainty_m,true,not_available,media,estimar incerteza espacial em metros (trilha estimar_incerteza_espacial),true,false,true
MRQ_03837,TGT_0545,qa_status,true,not_available,alta,executar QA humano e registrar aceite (trilha executar_qa_humano),true,true,true
MRQ_03838,TGT_0545,phenomenon_type,true,not_available,alta,confirmar e separar o fenomeno de inundacao (trilha separar_fenomeno),true,true,true
MRQ_03839,TGT_0546,source_authority,true,not_available,alta,identificar fonte/autoridade rastreavel do evento,true,false,true
MRQ_03840,TGT_0546,geometry_type,true,not_available,alta,obter geometria oficial (ponto/poligono/bbox) do evento (trilha obter_geometria_oficial),true,true,true
MRQ_03841,TGT_0546,patch_id,true,not_available,media,resolver o patch REV-P correspondente (trilha resolver_patch_link),true,false,true
MRQ_03842,TGT_0546,patch_link_quality,true,not_available,alta,produzir vinculo espacial forte com o patch (trilha resolver_patch_link),true,false,true
MRQ_03843,TGT_0546,uncertainty_m,true,not_available,media,estimar incerteza espacial em metros (trilha estimar_incerteza_espacial),true,false,true
MRQ_03844,TGT_0546,qa_status,true,not_available,alta,executar QA humano e registrar aceite (trilha executar_qa_humano),true,true,true
MRQ_03845,TGT_0546,phenomenon_type,true,not_available,alta,confirmar e separar o fenomeno de inundacao (trilha separar_fenomeno),true,true,true
MRQ_03846,TGT_0547,geometry_type,true,point,alta,obter geometria oficial (ponto/poligono/bbox) do evento (trilha obter_geometria_oficial),true,true,true
MRQ_03847,TGT_0547,patch_link_quality,true,linked_to_canary_patch,alta,produzir vinculo espacial forte com o patch (trilha resolver_patch_link),true,false,true
MRQ_03848,TGT_0547,qa_status,true,pending,alta,executar QA humano e registrar aceite (trilha executar_qa_humano),true,true,true
MRQ_03849,TGT_0548,geometry_type,true,point,alta,obter geometria oficial (ponto/poligono/bbox) do evento (trilha obter_geometria_oficial),true,true,true
MRQ_03850,TGT_0548,patch_link_quality,true,linked_to_canary_patch,alta,produzir vinculo espacial forte com o patch (trilha resolver_patch_link),true,false,true
MRQ_03851,TGT_0548,qa_status,true,pending,alta,executar QA humano e registrar aceite (trilha executar_qa_humano),true,true,true
MRQ_03852,TGT_0549,geometry_type,true,point,alta,obter geometria oficial (ponto/poligono/bbox) do evento (trilha obter_geometria_oficial),true,true,true
MRQ_03853,TGT_0549,patch_link_quality,true,linked_to_canary_patch,alta,produzir vinculo espacial forte com o patch (trilha resolver_patch_link),true,false,true
MRQ_03854,TGT_0549,qa_status,true,pending,alta,executar QA humano e registrar aceite (trilha executar_qa_humano),true,true,true
MRQ_03855,TGT_0550,geometry_type,true,point,alta,obter geometria oficial (ponto/poligono/bbox) do evento (trilha obter_geometria_oficial),true,true,true
MRQ_03856,TGT_0550,patch_link_quality,true,linked_to_canary_patch,alta,produzir vinculo espacial forte com o patch (trilha resolver_patch_link),true,false,true
MRQ_03857,TGT_0550,qa_status,true,pending,alta,executar QA humano e registrar aceite (trilha executar_qa_humano),true,true,true
MRQ_03858,TGT_0551,geometry_type,true,point,alta,obter geometria oficial (ponto/poligono/bbox) do evento (trilha obter_geometria_oficial),true,true,true
MRQ_03859,TGT_0551,patch_link_quality,true,linked_to_canary_patch,alta,produzir vinculo espacial forte com o patch (trilha resolver_patch_link),true,false,true
MRQ_03860,TGT_0551,qa_status,true,pending,alta,executar QA humano e registrar aceite (trilha executar_qa_humano),true,true,true
MRQ_03861,TGT_0552,geometry_type,true,point,alta,obter geometria oficial (ponto/poligono/bbox) do evento (trilha obter_geometria_oficial),true,true,true
MRQ_03862,TGT_0552,patch_link_quality,true,linked_to_canary_patch,alta,produzir vinculo espacial forte com o patch (trilha resolver_patch_link),true,false,true
MRQ_03863,TGT_0552,qa_status,true,pending,alta,executar QA humano e registrar aceite (trilha executar_qa_humano),true,true,true
MRQ_03864,TGT_0553,geometry_type,true,point,alta,obter geometria oficial (ponto/poligono/bbox) do evento (trilha obter_geometria_oficial),true,true,true
MRQ_03865,TGT_0553,patch_link_quality,true,linked_to_canary_patch,alta,produzir vinculo espacial forte com o patch (trilha resolver_patch_link),true,false,true
MRQ_03866,TGT_0553,qa_status,true,pending,alta,executar QA humano e registrar aceite (trilha executar_qa_humano),true,true,true
MRQ_03867,TGT_0554,geometry_type,true,point,alta,obter geometria oficial (ponto/poligono/bbox) do evento (trilha obter_geometria_oficial),true,true,true
MRQ_03868,TGT_0554,patch_link_quality,true,linked_to_canary_patch,alta,produzir vinculo espacial forte com o patch (trilha resolver_patch_link),true,false,true
MRQ_03869,TGT_0554,qa_status,true,pending,alta,executar QA humano e registrar aceite (trilha executar_qa_humano),true,true,true
MRQ_03870,TGT_0555,geometry_type,true,point,alta,obter geometria oficial (ponto/poligono/bbox) do evento (trilha obter_geometria_oficial),true,true,true
MRQ_03871,TGT_0555,patch_link_quality,true,linked_to_canary_patch,alta,produzir vinculo espacial forte com o patch (trilha resolver_patch_link),true,false,true
MRQ_03872,TGT_0555,qa_status,true,pending,alta,executar QA humano e registrar aceite (trilha executar_qa_humano),true,true,true
MRQ_03873,TGT_0556,geometry_type,true,point,alta,obter geometria oficial (ponto/poligono/bbox) do evento (trilha obter_geometria_oficial),true,true,true
MRQ_03874,TGT_0556,patch_link_quality,true,linked_to_canary_patch,alta,produzir vinculo espacial forte com o patch (trilha resolver_patch_link),true,false,true
MRQ_03875,TGT_0556,qa_status,true,pending,alta,executar QA humano e registrar aceite (trilha executar_qa_humano),true,true,true
MRQ_03876,TGT_0557,geometry_type,true,point,alta,obter geometria oficial (ponto/poligono/bbox) do evento (trilha obter_geometria_oficial),true,true,true
MRQ_03877,TGT_0557,patch_link_quality,true,linked_to_canary_patch,alta,produzir vinculo espacial forte com o patch (trilha resolver_patch_link),true,false,true
MRQ_03878,TGT_0557,qa_status,true,pending,alta,executar QA humano e registrar aceite (trilha executar_qa_humano),true,true,true
