event_id,precision_tier,calibration_eligible_input,included,eligibility_reason,review_only
S15AEVT_000000,T7_rejected_or_non_flood,false,false,source_geocoding_not_eligible,true
S15AEVT_000001,T7_rejected_or_non_flood,false,false,source_geocoding_not_eligible,true
S15AEVT_000002,T7_rejected_or_non_flood,false,false,source_geocoding_not_eligible,true
S15AEVT_000003,T7_rejected_or_non_flood,false,false,source_geocoding_not_eligible,true
S15AEVT_000004,T7_rejected_or_non_flood,false,false,source_geocoding_not_eligible,true
S15AEVT_000005,T7_rejected_or_non_flood,false,false,source_geocoding_not_eligible,true
S15AEVT_000006,T7_rejected_or_non_flood,false,false,source_geocoding_not_eligible,true
S15AEVT_000007,T7_rejected_or_non_flood,false,false,source_geocoding_not_eligible,true
S15AEVT_000008,T7_rejected_or_non_flood,false,false,source_geocoding_not_eligible,true
S15AEVT_000009,T7_rejected_or_non_flood,false,false,source_geocoding_not_eligible,true
S15AEVT_000010,T7_rejected_or_non_flood,false,false,source_geocoding_not_eligible,true
S15AEVT_000011,T7_rejected_or_non_flood,false,false,source_geocoding_not_eligible,true
S15AEVT_000012,T7_rejected_or_non_flood,false,false,source_geocoding_not_eligible,true
S15AEVT_000013,T7_rejected_or_non_flood,false,false,source_geocoding_not_eligible,true
S15AEVT_000014,T7_rejected_or_non_flood,false,false,source_geocoding_not_eligible,true
S15AEVT_000015,T7_rejected_or_non_flood,false,false,source_geocoding_not_eligible,true
S15AEVT_000016,T7_rejected_or_non_flood,false,false,source_geocoding_not_eligible,true
S15AEVT_000017,T7_rejected_or_non_flood,false,false,source_geocoding_not_eligible,true
S15AEVT_000018,T7_rejected_or_non_flood,false,false,source_geocoding_not_eligible,true
S15AEVT_000019,T7_rejected_or_non_flood,false,false,source_geocoding_not_eligible,true
S15AEVT_000020,T7_rejected_or_non_flood,false,false,source_geocoding_not_eligible,true
S15AEVT_000021,T7_rejected_or_non_flood,false,false,source_geocoding_not_eligible,true
S15AEVT_000022,T7_rejected_or_non_flood,false,false,source_geocoding_not_eligible,true
S15AEVT_000023,T7_rejected_or_non_flood,false,false,source_geocoding_not_eligible,true
S15AEVT_000024,T7_rejected_or_non_flood,false,false,source_geocoding_not_eligible,true
S15AEVT_000025,T7_rejected_or_non_flood,false,false,source_geocoding_not_eligible,true
S15AEVT_000026,T7_rejected_or_non_flood,false,false,source_geocoding_not_eligible,true
S15AEVT_000027,T7_rejected_or_non_flood,false,false,source_geocoding_not_eligible,true
S15AEVT_000028,T7_rejected_or_non_flood,false,false,source_geocoding_not_eligible,true
S15AEVT_000029,T7_rejected_or_non_flood,false,false,source_geocoding_not_eligible,true
S15AEVT_000030,T7_rejected_or_non_flood,false,false,source_geocoding_not_eligible,true
S15AEVT_000031,T7_rejected_or_non_flood,false,false,source_geocoding_not_eligible,true
S15AEVT_000032,T7_rejected_or_non_flood,false,false,source_geocoding_not_eligible,true
S15AEVT_000033,T7_rejected_or_non_flood,false,false,source_geocoding_not_eligible,true
S15AEVT_000034,T7_rejected_or_non_flood,false,false,source_geocoding_not_eligible,true
S15AEVT_000035,T7_rejected_or_non_flood,false,false,source_geocoding_not_eligible,true
S15AEVT_000036,T7_rejected_or_non_flood,false,false,source_geocoding_not_eligible,true
S15AEVT_000037,T7_rejected_or_non_flood,false,false,source_geocoding_not_eligible,true
S15AEVT_000038,T7_rejected_or_non_flood,false,false,source_geocoding_not_eligible,true
S15AEVT_000039,T7_rejected_or_non_flood,false,false,source_geocoding_not_eligible,true
S15AEVT_000040,T7_rejected_or_non_flood,false,false,source_geocoding_not_eligible,true
S15AEVT_000041,T7_rejected_or_non_flood,false,false,source_geocoding_not_eligible,true
S15AEVT_000042,T7_rejected_or_non_flood,false,false,source_geocoding_not_eligible,true
S15AEVT_000043,T7_rejected_or_non_flood,false,false,source_geocoding_not_eligible,true
S15AEVT_000044,T7_rejected_or_non_flood,false,false,source_geocoding_not_eligible,true
S15AEVT_000045,T7_rejected_or_non_flood,false,false,source_geocoding_not_eligible,true
S15AEVT_000046,T7_rejected_or_non_flood,false,false,source_geocoding_not_eligible,true
S15AEVT_000047,T7_rejected_or_non_flood,false,false,source_geocoding_not_eligible,true
S15AEVT_000048,T7_rejected_or_non_flood,false,false,source_geocoding_not_eligible,true
S15AEVT_000049,T7_rejected_or_non_flood,false,false,source_geocoding_not_eligible,true
S15AEVT_000050,T7_rejected_or_non_flood,false,false,source_geocoding_not_eligible,true
S15AEVT_000051,T7_rejected_or_non_flood,false,false,source_geocoding_not_eligible,true
S15AEVT_000052,T7_rejected_or_non_flood,false,false,source_geocoding_not_eligible,true
S15AEVT_000053,T7_rejected_or_non_flood,false,false,source_geocoding_not_eligible,true
S15AEVT_000054,T7_rejected_or_non_flood,false,false,source_geocoding_not_eligible,true
S15AEVT_000055,T7_rejected_or_non_flood,false,false,source_geocoding_not_eligible,true
S15AEVT_000056,T7_rejected_or_non_flood,false,false,source_geocoding_not_eligible,true
S15AEVT_000057,T7_rejected_or_non_flood,false,false,source_geocoding_not_eligible,true
S15AEVT_000058,T7_rejected_or_non_flood,false,false,source_geocoding_not_eligible,true
S15AEVT_000059,T7_rejected_or_non_flood,false,false,source_geocoding_not_eligible,true
S15AEVT_000060,T7_rejected_or_non_flood,false,false,source_geocoding_not_eligible,true
S15AEVT_000061,T7_rejected_or_non_flood,false,false,source_geocoding_not_eligible,true
S15AEVT_000062,T7_rejected_or_non_flood,false,false,source_geocoding_not_eligible,true
S15AEVT_000063,T7_rejected_or_non_flood,false,false,source_geocoding_not_eligible,true
S15AEVT_000064,T7_rejected_or_non_flood,false,false,source_geocoding_not_eligible,true
S15AEVT_000065,T7_rejected_or_non_flood,false,false,source_geocoding_not_eligible,true
S15AEVT_000066,T7_rejected_or_non_flood,false,false,source_geocoding_not_eligible,true
S15AEVT_000067,T7_rejected_or_non_flood,false,false,source_geocoding_not_eligible,true
S15AEVT_000068,T7_rejected_or_non_flood,false,false,source_geocoding_not_eligible,true
S15AEVT_000069,T7_rejected_or_non_flood,false,false,source_geocoding_not_eligible,true
S15AEVT_000070,T7_rejected_or_non_flood,false,false,source_geocoding_not_eligible,true
S15AEVT_000071,T7_rejected_or_non_flood,false,false,source_geocoding_not_eligible,true
S15AEVT_000072,T7_rejected_or_non_flood,false,false,source_geocoding_not_eligible,true
S15AEVT_000073,T7_rejected_or_non_flood,false,false,source_geocoding_not_eligible,true
S15AEVT_000074,T7_rejected_or_non_flood,false,false,source_geocoding_not_eligible,true
S15AEVT_000075,T7_rejected_or_non_flood,false,false,source_geocoding_not_eligible,true
S15AEVT_000076,T7_rejected_or_non_flood,false,false,source_geocoding_not_eligible,true
S15AEVT_000077,T7_rejected_or_non_flood,false,false,source_geocoding_not_eligible,true
S15AEVT_000078,T7_rejected_or_non_flood,false,false,source_geocoding_not_eligible,true
S15AEVT_000079,T7_rejected_or_non_flood,false,false,source_geocoding_not_eligible,true
S15AEVT_000080,T7_rejected_or_non_flood,false,false,source_geocoding_not_eligible,true
S15AEVT_000081,T7_rejected_or_non_flood,false,false,source_geocoding_not_eligible,true
S15AEVT_000082,T7_rejected_or_non_flood,false,false,source_geocoding_not_eligible,true
S15AEVT_000083,T7_rejected_or_non_flood,false,false,source_geocoding_not_eligible,true
S15AEVT_000084,T7_rejected_or_non_flood,false,false,source_geocoding_not_eligible,true
S15AEVT_000085,T7_rejected_or_non_flood,false,false,source_geocoding_not_eligible,true
S15AEVT_000086,T7_rejected_or_non_flood,false,false,source_geocoding_not_eligible,true
S15AEVT_000087,T7_rejected_or_non_flood,false,false,source_geocoding_not_eligible,true
S15AEVT_000088,T7_rejected_or_non_flood,false,false,source_geocoding_not_eligible,true
S15AEVT_000089,T7_rejected_or_non_flood,false,false,source_geocoding_not_eligible,true
S15AEVT_000090,T7_rejected_or_non_flood,false,false,source_geocoding_not_eligible,true
S15AEVT_000091,T7_rejected_or_non_flood,false,false,source_geocoding_not_eligible,true
S15AEVT_000092,T7_rejected_or_non_flood,false,false,source_geocoding_not_eligible,true
S15AEVT_000093,T7_rejected_or_non_flood,false,false,source_geocoding_not_eligible,true
S15AEVT_000094,T7_rejected_or_non_flood,false,false,source_geocoding_not_eligible,true
S15AEVT_000095,T7_rejected_or_non_flood,false,false,source_geocoding_not_eligible,true
S15AEVT_000096,T7_rejected_or_non_flood,false,false,source_geocoding_not_eligible,true
S15AEVT_000097,T7_rejected_or_non_flood,false,false,source_geocoding_not_eligible,true
S15AEVT_000098,T7_rejected_or_non_flood,false,false,source_geocoding_not_eligible,true
S15AEVT_000099,T7_rejected_or_non_flood,false,false,source_geocoding_not_eligible,true
S15AEVT_000100,T7_rejected_or_non_flood,false,false,source_geocoding_not_eligible,true
S15AEVT_000101,T7_rejected_or_non_flood,false,false,source_geocoding_not_eligible,true
S15AEVT_000102,T7_rejected_or_non_flood,false,false,source_geocoding_not_eligible,true
S15AEVT_000103,T7_rejected_or_non_flood,false,false,source_geocoding_not_eligible,true
S15AEVT_000104,T7_rejected_or_non_flood,false,false,source_geocoding_not_eligible,true
S15AEVT_000105,T7_rejected_or_non_flood,false,false,source_geocoding_not_eligible,true
S15AEVT_000106,T7_rejected_or_non_flood,false,false,source_geocoding_not_eligible,true
S15AEVT_000107,T7_rejected_or_non_flood,false,false,source_geocoding_not_eligible,true
S15AEVT_000108,T7_rejected_or_non_flood,false,false,source_geocoding_not_eligible,true
S15AEVT_000109,T7_rejected_or_non_flood,false,false,source_geocoding_not_eligible,true
S15AEVT_000110,T7_rejected_or_non_flood,false,false,source_geocoding_not_eligible,true
S15AEVT_000111,T7_rejected_or_non_flood,false,false,source_geocoding_not_eligible,true
S15AEVT_000112,T7_rejected_or_non_flood,false,false,source_geocoding_not_eligible,true
S15AEVT_000113,T7_rejected_or_non_flood,false,false,source_geocoding_not_eligible,true
S15AEVT_000114,T7_rejected_or_non_flood,false,false,source_geocoding_not_eligible,true
S15AEVT_000115,T7_rejected_or_non_flood,false,false,source_geocoding_not_eligible,true
S15AEVT_000116,T7_rejected_or_non_flood,false,false,source_geocoding_not_eligible,true
S15AEVT_000117,T7_rejected_or_non_flood,false,false,source_geocoding_not_eligible,true
S15AEVT_000118,T7_rejected_or_non_flood,false,false,source_geocoding_not_eligible,true
S15AEVT_000119,T7_rejected_or_non_flood,false,false,source_geocoding_not_eligible,true
S15AEVT_000120,T7_rejected_or_non_flood,false,false,source_geocoding_not_eligible,true
S15AEVT_000121,T7_rejected_or_non_flood,false,false,source_geocoding_not_eligible,true
S15AEVT_000122,T7_rejected_or_non_flood,false,false,source_geocoding_not_eligible,true
S15AEVT_000123,T7_rejected_or_non_flood,false,false,source_geocoding_not_eligible,true
S15AEVT_000124,T7_rejected_or_non_flood,false,false,source_geocoding_not_eligible,true
S15AEVT_000125,T7_rejected_or_non_flood,false,false,source_geocoding_not_eligible,true
S15AEVT_000126,T7_rejected_or_non_flood,false,false,source_geocoding_not_eligible,true
S15AEVT_000127,T7_rejected_or_non_flood,false,false,source_geocoding_not_eligible,true
S15AEVT_000128,T7_rejected_or_non_flood,false,false,source_geocoding_not_eligible,true
S15AEVT_000129,T7_rejected_or_non_flood,false,false,source_geocoding_not_eligible,true
S15AEVT_000130,T7_rejected_or_non_flood,false,false,source_geocoding_not_eligible,true
S15AEVT_000131,T7_rejected_or_non_flood,false,false,source_geocoding_not_eligible,true
S15AEVT_000132,T7_rejected_or_non_flood,false,false,source_geocoding_not_eligible,true
S15AEVT_000133,T7_rejected_or_non_flood,false,false,source_geocoding_not_eligible,true
S15AEVT_000134,T7_rejected_or_non_flood,false,false,source_geocoding_not_eligible,true
S15AEVT_000135,T7_rejected_or_non_flood,false,false,source_geocoding_not_eligible,true
S15AEVT_000136,T7_rejected_or_non_flood,false,false,source_geocoding_not_eligible,true
S15AEVT_000137,T7_rejected_or_non_flood,false,false,source_geocoding_not_eligible,true
S15AEVT_000138,T7_rejected_or_non_flood,false,false,source_geocoding_not_eligible,true
S15AEVT_000139,T7_rejected_or_non_flood,false,false,source_geocoding_not_eligible,true
S15AEVT_000140,T7_rejected_or_non_flood,false,false,source_geocoding_not_eligible,true
S15AEVT_000141,T7_rejected_or_non_flood,false,false,source_geocoding_not_eligible,true
S15AEVT_000142,T7_rejected_or_non_flood,false,false,source_geocoding_not_eligible,true
S15AEVT_000143,T7_rejected_or_non_flood,false,false,source_geocoding_not_eligible,true
S15AEVT_000144,T7_rejected_or_non_flood,false,false,source_geocoding_not_eligible,true
S15AEVT_000145,T7_rejected_or_non_flood,false,false,source_geocoding_not_eligible,true
S15AEVT_000146,T7_rejected_or_non_flood,false,false,source_geocoding_not_eligible,true
S15AEVT_000147,T7_rejected_or_non_flood,false,false,source_geocoding_not_eligible,true
S15AEVT_000148,T7_rejected_or_non_flood,false,false,source_geocoding_not_eligible,true
S15AEVT_000149,T7_rejected_or_non_flood,false,false,source_geocoding_not_eligible,true
S15AEVT_000150,T7_rejected_or_non_flood,false,false,source_geocoding_not_eligible,true
S15AEVT_000151,T7_rejected_or_non_flood,false,false,source_geocoding_not_eligible,true
S15AEVT_000152,T7_rejected_or_non_flood,false,false,source_geocoding_not_eligible,true
S15AEVT_000153,T7_rejected_or_non_flood,false,false,source_geocoding_not_eligible,true
S15AEVT_000154,T7_rejected_or_non_flood,false,false,source_geocoding_not_eligible,true
S15AEVT_000155,T7_rejected_or_non_flood,false,false,source_geocoding_not_eligible,true
S15AEVT_000156,T7_rejected_or_non_flood,false,false,source_geocoding_not_eligible,true
S15AEVT_000157,T7_rejected_or_non_flood,false,false,source_geocoding_not_eligible,true
S15AEVT_000158,T7_rejected_or_non_flood,false,false,source_geocoding_not_eligible,true
S15AEVT_000159,T7_rejected_or_non_flood,false,false,source_geocoding_not_eligible,true
S15AEVT_000160,T7_rejected_or_non_flood,false,false,source_geocoding_not_eligible,true
S15AEVT_000161,T7_rejected_or_non_flood,false,false,source_geocoding_not_eligible,true
S15AEVT_000162,T7_rejected_or_non_flood,false,false,source_geocoding_not_eligible,true
S15AEVT_000163,T7_rejected_or_non_flood,false,false,source_geocoding_not_eligible,true
S15AEVT_000164,T7_rejected_or_non_flood,false,false,source_geocoding_not_eligible,true
S15AEVT_000165,T7_rejected_or_non_flood,false,false,source_geocoding_not_eligible,true
S15AEVT_000166,T7_rejected_or_non_flood,false,false,source_geocoding_not_eligible,true
S15AEVT_000167,T7_rejected_or_non_flood,false,false,source_geocoding_not_eligible,true
S15AEVT_000168,T7_rejected_or_non_flood,false,false,source_geocoding_not_eligible,true
S15AEVT_000169,T7_rejected_or_non_flood,false,false,source_geocoding_not_eligible,true
S15AEVT_000170,T7_rejected_or_non_flood,false,false,source_geocoding_not_eligible,true
S15AEVT_000171,T7_rejected_or_non_flood,false,false,source_geocoding_not_eligible,true
S15AEVT_000172,T7_rejected_or_non_flood,false,false,source_geocoding_not_eligible,true
S15AEVT_000173,T7_rejected_or_non_flood,false,false,source_geocoding_not_eligible,true
S15AEVT_000174,T7_rejected_or_non_flood,false,false,source_geocoding_not_eligible,true
S15AEVT_000175,T7_rejected_or_non_flood,false,false,source_geocoding_not_eligible,true
S15AEVT_000176,T7_rejected_or_non_flood,false,false,source_geocoding_not_eligible,true
S15AEVT_000177,T7_rejected_or_non_flood,false,false,source_geocoding_not_eligible,true
S15AEVT_000178,T7_rejected_or_non_flood,false,false,source_geocoding_not_eligible,true
S15AEVT_000179,T7_rejected_or_non_flood,false,false,source_geocoding_not_eligible,true
S15AEVT_000180,T7_rejected_or_non_flood,false,false,source_geocoding_not_eligible,true
S15AEVT_000181,T7_rejected_or_non_flood,false,false,source_geocoding_not_eligible,true
S15AEVT_000182,T7_rejected_or_non_flood,false,false,source_geocoding_not_eligible,true
S15AEVT_000183,T7_rejected_or_non_flood,false,false,source_geocoding_not_eligible,true
S15AEVT_000184,T7_rejected_or_non_flood,false,false,source_geocoding_not_eligible,true
S15AEVT_000185,T7_rejected_or_non_flood,false,false,source_geocoding_not_eligible,true
S15AEVT_000186,T7_rejected_or_non_flood,false,false,source_geocoding_not_eligible,true
S15AEVT_000187,T7_rejected_or_non_flood,false,false,source_geocoding_not_eligible,true
S15AEVT_000188,T7_rejected_or_non_flood,false,false,source_geocoding_not_eligible,true
S15AEVT_000189,T7_rejected_or_non_flood,false,false,source_geocoding_not_eligible,true
S15AEVT_000190,T7_rejected_or_non_flood,false,false,source_geocoding_not_eligible,true
S15AEVT_000191,T7_rejected_or_non_flood,false,false,source_geocoding_not_eligible,true
S15AEVT_000192,T7_rejected_or_non_flood,false,false,source_geocoding_not_eligible,true
S15AEVT_000193,T7_rejected_or_non_flood,false,false,source_geocoding_not_eligible,true
S15AEVT_000194,T7_rejected_or_non_flood,false,false,source_geocoding_not_eligible,true
S15AEVT_000195,T7_rejected_or_non_flood,false,false,source_geocoding_not_eligible,true
S15AEVT_000196,T7_rejected_or_non_flood,false,false,source_geocoding_not_eligible,true
S15AEVT_000197,T7_rejected_or_non_flood,false,false,source_geocoding_not_eligible,true
S15AEVT_000198,T7_rejected_or_non_flood,false,false,source_geocoding_not_eligible,true
S15AEVT_000199,T7_rejected_or_non_flood,false,false,source_geocoding_not_eligible,true
S15AEVT_000200,T7_rejected_or_non_flood,false,false,source_geocoding_not_eligible,true
S15AEVT_000201,T7_rejected_or_non_flood,false,false,source_geocoding_not_eligible,true
S15AEVT_000202,T7_rejected_or_non_flood,false,false,source_geocoding_not_eligible,true
S15AEVT_000203,T7_rejected_or_non_flood,false,false,source_geocoding_not_eligible,true
S15AEVT_000204,T7_rejected_or_non_flood,false,false,source_geocoding_not_eligible,true
S15AEVT_000205,T7_rejected_or_non_flood,false,false,source_geocoding_not_eligible,true
S15AEVT_000206,T7_rejected_or_non_flood,false,false,source_geocoding_not_eligible,true
S15AEVT_000207,T7_rejected_or_non_flood,false,false,source_geocoding_not_eligible,true
S15AEVT_000208,T7_rejected_or_non_flood,false,false,source_geocoding_not_eligible,true
S15AEVT_000209,T7_rejected_or_non_flood,false,false,source_geocoding_not_eligible,true
S15AEVT_000210,T7_rejected_or_non_flood,false,false,source_geocoding_not_eligible,true
S15AEVT_000211,T7_rejected_or_non_flood,false,false,source_geocoding_not_eligible,true
S15AEVT_000212,T7_rejected_or_non_flood,false,false,source_geocoding_not_eligible,true
S15AEVT_000213,T7_rejected_or_non_flood,false,false,source_geocoding_not_eligible,true
S15AEVT_000214,T7_rejected_or_non_flood,false,false,source_geocoding_not_eligible,true
S15AEVT_000215,T7_rejected_or_non_flood,false,false,source_geocoding_not_eligible,true
S15AEVT_000216,T7_rejected_or_non_flood,false,false,source_geocoding_not_eligible,true
S15AEVT_000217,T7_rejected_or_non_flood,false,false,source_geocoding_not_eligible,true
S15AEVT_000218,T7_rejected_or_non_flood,false,false,source_geocoding_not_eligible,true
S15AEVT_000219,T7_rejected_or_non_flood,false,false,source_geocoding_not_eligible,true
S15AEVT_000220,T7_rejected_or_non_flood,false,false,source_geocoding_not_eligible,true
S15AEVT_000221,T7_rejected_or_non_flood,false,false,source_geocoding_not_eligible,true
S15AEVT_000222,T7_rejected_or_non_flood,false,false,source_geocoding_not_eligible,true
S15AEVT_000223,T7_rejected_or_non_flood,false,false,source_geocoding_not_eligible,true
S15AEVT_000224,T7_rejected_or_non_flood,false,false,source_geocoding_not_eligible,true
S15AEVT_000225,T7_rejected_or_non_flood,false,false,source_geocoding_not_eligible,true
S15AEVT_000226,T7_rejected_or_non_flood,false,false,source_geocoding_not_eligible,true
S15AEVT_000227,T7_rejected_or_non_flood,false,false,source_geocoding_not_eligible,true
S15AEVT_000228,T7_rejected_or_non_flood,false,false,source_geocoding_not_eligible,true
S15AEVT_000229,T7_rejected_or_non_flood,false,false,source_geocoding_not_eligible,true
S15AEVT_000230,T7_rejected_or_non_flood,false,false,source_geocoding_not_eligible,true
S15AEVT_000231,T7_rejected_or_non_flood,false,false,source_geocoding_not_eligible,true
S15AEVT_000232,T7_rejected_or_non_flood,false,false,source_geocoding_not_eligible,true
S15AEVT_000233,T7_rejected_or_non_flood,false,false,source_geocoding_not_eligible,true
S15AEVT_000234,T7_rejected_or_non_flood,false,false,source_geocoding_not_eligible,true
S15AEVT_000235,T7_rejected_or_non_flood,false,false,source_geocoding_not_eligible,true
S15AEVT_000236,T7_rejected_or_non_flood,false,false,source_geocoding_not_eligible,true
S15AEVT_000237,T7_rejected_or_non_flood,false,false,source_geocoding_not_eligible,true
S15AEVT_000238,T7_rejected_or_non_flood,false,false,source_geocoding_not_eligible,true
S15AEVT_000239,T7_rejected_or_non_flood,false,false,source_geocoding_not_eligible,true
S15AEVT_000240,T7_rejected_or_non_flood,false,false,source_geocoding_not_eligible,true
S15AEVT_000241,T7_rejected_or_non_flood,false,false,source_geocoding_not_eligible,true
S15AEVT_000242,T7_rejected_or_non_flood,false,false,source_geocoding_not_eligible,true
S15AEVT_000243,T7_rejected_or_non_flood,false,false,source_geocoding_not_eligible,true
S15AEVT_000244,T7_rejected_or_non_flood,false,false,source_geocoding_not_eligible,true
S15AEVT_000245,T7_rejected_or_non_flood,false,false,source_geocoding_not_eligible,true
S15AEVT_000246,T7_rejected_or_non_flood,false,false,source_geocoding_not_eligible,true
S15AEVT_000247,T7_rejected_or_non_flood,false,false,source_geocoding_not_eligible,true
S15AEVT_000248,T7_rejected_or_non_flood,false,false,source_geocoding_not_eligible,true
S15AEVT_000249,T7_rejected_or_non_flood,false,false,source_geocoding_not_eligible,true
S15AEVT_000250,T7_rejected_or_non_flood,false,false,source_geocoding_not_eligible,true
S15AEVT_000251,T7_rejected_or_non_flood,false,false,source_geocoding_not_eligible,true
S15AEVT_000252,T7_rejected_or_non_flood,false,false,source_geocoding_not_eligible,true
S15AEVT_000253,T7_rejected_or_non_flood,false,false,source_geocoding_not_eligible,true
S15AEVT_000254,T7_rejected_or_non_flood,false,false,source_geocoding_not_eligible,true
S15AEVT_000255,T7_rejected_or_non_flood,false,false,source_geocoding_not_eligible,true
S15AEVT_000256,T7_rejected_or_non_flood,false,false,source_geocoding_not_eligible,true
S15AEVT_000257,T7_rejected_or_non_flood,false,false,source_geocoding_not_eligible,true
S15AEVT_000258,T7_rejected_or_non_flood,false,false,source_geocoding_not_eligible,true
S15AEVT_000259,T7_rejected_or_non_flood,false,false,source_geocoding_not_eligible,true
S15AEVT_000260,T7_rejected_or_non_flood,false,false,source_geocoding_not_eligible,true
S15AEVT_000261,T7_rejected_or_non_flood,false,false,source_geocoding_not_eligible,true
S15AEVT_000262,T7_rejected_or_non_flood,false,false,source_geocoding_not_eligible,true
S15AEVT_000263,T7_rejected_or_non_flood,false,false,source_geocoding_not_eligible,true
S15AEVT_000264,T7_rejected_or_non_flood,false,false,source_geocoding_not_eligible,true
S15AEVT_000265,T7_rejected_or_non_flood,false,false,source_geocoding_not_eligible,true
S15AEVT_000266,T7_rejected_or_non_flood,false,false,source_geocoding_not_eligible,true
S15AEVT_000267,T7_rejected_or_non_flood,false,false,source_geocoding_not_eligible,true
S15AEVT_000268,T7_rejected_or_non_flood,false,false,source_geocoding_not_eligible,true
S15AEVT_000269,T7_rejected_or_non_flood,false,false,source_geocoding_not_eligible,true
S15AEVT_000270,T7_rejected_or_non_flood,false,false,source_geocoding_not_eligible,true
S15AEVT_000271,T7_rejected_or_non_flood,false,false,source_geocoding_not_eligible,true
S15AEVT_000272,T7_rejected_or_non_flood,false,false,source_geocoding_not_eligible,true
S15AEVT_000273,T7_rejected_or_non_flood,false,false,source_geocoding_not_eligible,true
S15AEVT_000274,T7_rejected_or_non_flood,false,false,source_geocoding_not_eligible,true
S15AEVT_000275,T7_rejected_or_non_flood,false,false,source_geocoding_not_eligible,true
S15AEVT_000276,T7_rejected_or_non_flood,false,false,source_geocoding_not_eligible,true
S15AEVT_000277,T7_rejected_or_non_flood,false,false,source_geocoding_not_eligible,true
S15AEVT_000278,T7_rejected_or_non_flood,false,false,source_geocoding_not_eligible,true
S15AEVT_000279,T7_rejected_or_non_flood,false,false,source_geocoding_not_eligible,true
S15AEVT_000280,T7_rejected_or_non_flood,false,false,source_geocoding_not_eligible,true
S15AEVT_000281,T7_rejected_or_non_flood,false,false,source_geocoding_not_eligible,true
S15AEVT_000282,T7_rejected_or_non_flood,false,false,source_geocoding_not_eligible,true
S15AEVT_000283,T7_rejected_or_non_flood,false,false,source_geocoding_not_eligible,true
S15AEVT_000284,T7_rejected_or_non_flood,false,false,source_geocoding_not_eligible,true
S15AEVT_000285,T7_rejected_or_non_flood,false,false,source_geocoding_not_eligible,true
S15AEVT_000286,T7_rejected_or_non_flood,false,false,source_geocoding_not_eligible,true
S15AEVT_000287,T7_rejected_or_non_flood,false,false,source_geocoding_not_eligible,true
S15AEVT_000288,T7_rejected_or_non_flood,false,false,source_geocoding_not_eligible,true
S15AEVT_000289,T7_rejected_or_non_flood,false,false,source_geocoding_not_eligible,true
S15AEVT_000290,T7_rejected_or_non_flood,false,false,source_geocoding_not_eligible,true
S15AEVT_000291,T7_rejected_or_non_flood,false,false,source_geocoding_not_eligible,true
S15AEVT_000292,T7_rejected_or_non_flood,false,false,source_geocoding_not_eligible,true
S15AEVT_000293,T7_rejected_or_non_flood,false,false,source_geocoding_not_eligible,true
S15AEVT_000294,T7_rejected_or_non_flood,false,false,source_geocoding_not_eligible,true
S15AEVT_000295,T7_rejected_or_non_flood,false,false,source_geocoding_not_eligible,true
S15AEVT_000296,T7_rejected_or_non_flood,false,false,source_geocoding_not_eligible,true
S15AEVT_000297,T7_rejected_or_non_flood,false,false,source_geocoding_not_eligible,true
S15AEVT_000298,T7_rejected_or_non_flood,false,false,source_geocoding_not_eligible,true
S15AEVT_000299,T7_rejected_or_non_flood,false,false,source_geocoding_not_eligible,true
S15AEVT_000300,T7_rejected_or_non_flood,false,false,source_geocoding_not_eligible,true
S15AEVT_000301,T7_rejected_or_non_flood,false,false,source_geocoding_not_eligible,true
S15AEVT_000302,T7_rejected_or_non_flood,false,false,source_geocoding_not_eligible,true
S15AEVT_000303,T7_rejected_or_non_flood,false,false,source_geocoding_not_eligible,true
S15AEVT_000304,T7_rejected_or_non_flood,false,false,source_geocoding_not_eligible,true
S15AEVT_000305,T7_rejected_or_non_flood,false,false,source_geocoding_not_eligible,true
S15AEVT_000306,T7_rejected_or_non_flood,false,false,source_geocoding_not_eligible,true
S15AEVT_000307,T7_rejected_or_non_flood,false,false,source_geocoding_not_eligible,true
S15AEVT_000308,T7_rejected_or_non_flood,false,false,source_geocoding_not_eligible,true
S15AEVT_000309,T7_rejected_or_non_flood,false,false,source_geocoding_not_eligible,true
S15AEVT_000310,T7_rejected_or_non_flood,false,false,source_geocoding_not_eligible,true
S15AEVT_000311,T7_rejected_or_non_flood,false,false,source_geocoding_not_eligible,true
S15AEVT_000312,T7_rejected_or_non_flood,false,false,source_geocoding_not_eligible,true
S15AEVT_000313,T7_rejected_or_non_flood,false,false,source_geocoding_not_eligible,true
S15AEVT_000314,T7_rejected_or_non_flood,false,false,source_geocoding_not_eligible,true
S15AEVT_000315,T7_rejected_or_non_flood,false,false,source_geocoding_not_eligible,true
S15AEVT_000316,T7_rejected_or_non_flood,false,false,source_geocoding_not_eligible,true
S15AEVT_000317,T7_rejected_or_non_flood,false,false,source_geocoding_not_eligible,true
S15AEVT_000318,T7_rejected_or_non_flood,false,false,source_geocoding_not_eligible,true
S15AEVT_000319,T7_rejected_or_non_flood,false,false,source_geocoding_not_eligible,true
S15AEVT_000320,T7_rejected_or_non_flood,false,false,source_geocoding_not_eligible,true
S15AEVT_000321,T7_rejected_or_non_flood,false,false,source_geocoding_not_eligible,true
S15AEVT_000322,T7_rejected_or_non_flood,false,false,source_geocoding_not_eligible,true
S15AEVT_000323,T7_rejected_or_non_flood,false,false,source_geocoding_not_eligible,true
S15AEVT_000324,T7_rejected_or_non_flood,false,false,source_geocoding_not_eligible,true
S15AEVT_000325,T7_rejected_or_non_flood,false,false,source_geocoding_not_eligible,true
S15AEVT_000326,T7_rejected_or_non_flood,false,false,source_geocoding_not_eligible,true
S15AEVT_000327,T7_rejected_or_non_flood,false,false,source_geocoding_not_eligible,true
S15AEVT_000328,T7_rejected_or_non_flood,false,false,source_geocoding_not_eligible,true
S15AEVT_000329,T7_rejected_or_non_flood,false,false,source_geocoding_not_eligible,true
S15AEVT_000330,T7_rejected_or_non_flood,false,false,source_geocoding_not_eligible,true
S15AEVT_000331,T7_rejected_or_non_flood,false,false,source_geocoding_not_eligible,true
S15AEVT_000332,T7_rejected_or_non_flood,false,false,source_geocoding_not_eligible,true
S15AEVT_000333,T7_rejected_or_non_flood,false,false,source_geocoding_not_eligible,true
S15AEVT_000334,T7_rejected_or_non_flood,false,false,source_geocoding_not_eligible,true
S15AEVT_000335,T7_rejected_or_non_flood,false,false,source_geocoding_not_eligible,true
S15AEVT_000336,T7_rejected_or_non_flood,false,false,source_geocoding_not_eligible,true
S15AEVT_000337,T7_rejected_or_non_flood,false,false,source_geocoding_not_eligible,true
S15AEVT_000338,T7_rejected_or_non_flood,false,false,source_geocoding_not_eligible,true
S15AEVT_000339,T7_rejected_or_non_flood,false,false,source_geocoding_not_eligible,true
S15AEVT_000340,T7_rejected_or_non_flood,false,false,source_geocoding_not_eligible,true
S15AEVT_000341,T7_rejected_or_non_flood,false,false,source_geocoding_not_eligible,true
S15AEVT_000342,T7_rejected_or_non_flood,false,false,source_geocoding_not_eligible,true
S15AEVT_000343,T7_rejected_or_non_flood,false,false,source_geocoding_not_eligible,true
S15AEVT_000344,T7_rejected_or_non_flood,false,false,source_geocoding_not_eligible,true
S15AEVT_000345,T7_rejected_or_non_flood,false,false,source_geocoding_not_eligible,true
S15AEVT_000346,T7_rejected_or_non_flood,false,false,source_geocoding_not_eligible,true
S15AEVT_000347,T7_rejected_or_non_flood,false,false,source_geocoding_not_eligible,true
S15AEVT_000348,T7_rejected_or_non_flood,false,false,source_geocoding_not_eligible,true
S15AEVT_000349,T7_rejected_or_non_flood,false,false,source_geocoding_not_eligible,true
S15AEVT_000350,T7_rejected_or_non_flood,false,false,source_geocoding_not_eligible,true
S15AEVT_000351,T7_rejected_or_non_flood,false,false,source_geocoding_not_eligible,true
S15AEVT_000352,T7_rejected_or_non_flood,false,false,source_geocoding_not_eligible,true
S15AEVT_000353,T7_rejected_or_non_flood,false,false,source_geocoding_not_eligible,true
S15AEVT_000354,T7_rejected_or_non_flood,false,false,source_geocoding_not_eligible,true
S15AEVT_000355,T7_rejected_or_non_flood,false,false,source_geocoding_not_eligible,true
S15AEVT_000356,T7_rejected_or_non_flood,false,false,source_geocoding_not_eligible,true
S15AEVT_000357,T7_rejected_or_non_flood,false,false,source_geocoding_not_eligible,true
S15AEVT_000358,T7_rejected_or_non_flood,false,false,source_geocoding_not_eligible,true
S15AEVT_000359,T7_rejected_or_non_flood,false,false,source_geocoding_not_eligible,true
S15AEVT_000360,T7_rejected_or_non_flood,false,false,source_geocoding_not_eligible,true
S15AEVT_000361,T7_rejected_or_non_flood,false,false,source_geocoding_not_eligible,true
S15AEVT_000362,T7_rejected_or_non_flood,false,false,source_geocoding_not_eligible,true
S15AEVT_000363,T7_rejected_or_non_flood,false,false,source_geocoding_not_eligible,true
S15AEVT_000364,T7_rejected_or_non_flood,false,false,source_geocoding_not_eligible,true
S15AEVT_000365,T7_rejected_or_non_flood,false,false,source_geocoding_not_eligible,true
S15AEVT_000366,T7_rejected_or_non_flood,false,false,source_geocoding_not_eligible,true
S15AEVT_000367,T7_rejected_or_non_flood,false,false,source_geocoding_not_eligible,true
S15AEVT_000368,T7_rejected_or_non_flood,false,false,source_geocoding_not_eligible,true
S15AEVT_000369,T7_rejected_or_non_flood,false,false,source_geocoding_not_eligible,true
S15AEVT_000370,T7_rejected_or_non_flood,false,false,source_geocoding_not_eligible,true
S15AEVT_000371,T7_rejected_or_non_flood,false,false,source_geocoding_not_eligible,true
S15AEVT_000372,T7_rejected_or_non_flood,false,false,source_geocoding_not_eligible,true
S15AEVT_000373,T6_neighborhood_context_only,false,false,source_geocoding_not_eligible,true
S15AEVT_000374,T7_rejected_or_non_flood,false,false,source_geocoding_not_eligible,true
S15AEVT_000375,T7_rejected_or_non_flood,false,false,source_geocoding_not_eligible,true
S15AEVT_000376,T7_rejected_or_non_flood,false,false,source_geocoding_not_eligible,true
S15AEVT_000377,T7_rejected_or_non_flood,false,false,source_geocoding_not_eligible,true
S15AEVT_000378,T7_rejected_or_non_flood,false,false,source_geocoding_not_eligible,true
S15AEVT_000379,T7_rejected_or_non_flood,false,false,source_geocoding_not_eligible,true
S15AEVT_000380,T7_rejected_or_non_flood,false,false,source_geocoding_not_eligible,true
S15AEVT_000381,T7_rejected_or_non_flood,false,false,source_geocoding_not_eligible,true
S15AEVT_000382,T7_rejected_or_non_flood,false,false,source_geocoding_not_eligible,true
S15AEVT_000383,T7_rejected_or_non_flood,false,false,source_geocoding_not_eligible,true
S15AEVT_000384,T7_rejected_or_non_flood,false,false,source_geocoding_not_eligible,true
S15AEVT_000385,T7_rejected_or_non_flood,false,false,source_geocoding_not_eligible,true
S15AEVT_000386,T7_rejected_or_non_flood,false,false,source_geocoding_not_eligible,true
S15AEVT_000387,T7_rejected_or_non_flood,false,false,source_geocoding_not_eligible,true
S15AEVT_000388,T7_rejected_or_non_flood,false,false,source_geocoding_not_eligible,true
S15AEVT_000389,T7_rejected_or_non_flood,false,false,source_geocoding_not_eligible,true
S15AEVT_000390,T7_rejected_or_non_flood,false,false,source_geocoding_not_eligible,true
S15AEVT_000391,T7_rejected_or_non_flood,false,false,source_geocoding_not_eligible,true
S15AEVT_000392,T7_rejected_or_non_flood,false,false,source_geocoding_not_eligible,true
S15AEVT_000393,T7_rejected_or_non_flood,false,false,source_geocoding_not_eligible,true
S15AEVT_000394,T7_rejected_or_non_flood,false,false,source_geocoding_not_eligible,true
S15AEVT_000395,T7_rejected_or_non_flood,false,false,source_geocoding_not_eligible,true
S15AEVT_000396,T7_rejected_or_non_flood,false,false,source_geocoding_not_eligible,true
S15AEVT_000397,T7_rejected_or_non_flood,false,false,source_geocoding_not_eligible,true
S15AEVT_000398,T7_rejected_or_non_flood,false,false,source_geocoding_not_eligible,true
S15AEVT_000399,T7_rejected_or_non_flood,false,false,source_geocoding_not_eligible,true
S15AEVT_000400,T7_rejected_or_non_flood,false,false,source_geocoding_not_eligible,true
S15AEVT_000401,T7_rejected_or_non_flood,false,false,source_geocoding_not_eligible,true
S15AEVT_000402,T7_rejected_or_non_flood,false,false,source_geocoding_not_eligible,true
S15AEVT_000403,T7_rejected_or_non_flood,false,false,source_geocoding_not_eligible,true
S15AEVT_000404,T7_rejected_or_non_flood,false,false,source_geocoding_not_eligible,true
S15AEVT_000405,T7_rejected_or_non_flood,false,false,source_geocoding_not_eligible,true
S15AEVT_000406,T7_rejected_or_non_flood,false,false,source_geocoding_not_eligible,true
S15AEVT_000407,T7_rejected_or_non_flood,false,false,source_geocoding_not_eligible,true
S15AEVT_000408,T7_rejected_or_non_flood,false,false,source_geocoding_not_eligible,true
S15AEVT_000409,T7_rejected_or_non_flood,false,false,source_geocoding_not_eligible,true
S15AEVT_000410,T7_rejected_or_non_flood,false,false,source_geocoding_not_eligible,true
S15AEVT_000411,T7_rejected_or_non_flood,false,false,source_geocoding_not_eligible,true
S15AEVT_000412,T7_rejected_or_non_flood,false,false,source_geocoding_not_eligible,true
S15AEVT_000413,T7_rejected_or_non_flood,false,false,source_geocoding_not_eligible,true
S15AEVT_000414,T7_rejected_or_non_flood,false,false,source_geocoding_not_eligible,true
S15AEVT_000415,T7_rejected_or_non_flood,false,false,source_geocoding_not_eligible,true
S15AEVT_000416,T7_rejected_or_non_flood,false,false,source_geocoding_not_eligible,true
S15AEVT_000417,T7_rejected_or_non_flood,false,false,source_geocoding_not_eligible,true
S15AEVT_000418,T7_rejected_or_non_flood,false,false,source_geocoding_not_eligible,true
S15AEVT_000419,T7_rejected_or_non_flood,false,false,source_geocoding_not_eligible,true
S15AEVT_000420,T7_rejected_or_non_flood,false,false,source_geocoding_not_eligible,true
S15AEVT_000421,T7_rejected_or_non_flood,false,false,source_geocoding_not_eligible,true
S15AEVT_000422,T7_rejected_or_non_flood,false,false,source_geocoding_not_eligible,true
S15AEVT_000423,T7_rejected_or_non_flood,false,false,source_geocoding_not_eligible,true
S15AEVT_000424,T7_rejected_or_non_flood,false,false,source_geocoding_not_eligible,true
S15AEVT_000425,T7_rejected_or_non_flood,false,false,source_geocoding_not_eligible,true
S15AEVT_000426,T7_rejected_or_non_flood,false,false,source_geocoding_not_eligible,true
S15AEVT_000427,T7_rejected_or_non_flood,false,false,source_geocoding_not_eligible,true
S15AEVT_000428,T7_rejected_or_non_flood,false,false,source_geocoding_not_eligible,true
S15AEVT_000429,T7_rejected_or_non_flood,false,false,source_geocoding_not_eligible,true
S15AEVT_000430,T7_rejected_or_non_flood,false,false,source_geocoding_not_eligible,true
S15AEVT_000431,T7_rejected_or_non_flood,false,false,source_geocoding_not_eligible,true
S15AEVT_000432,T7_rejected_or_non_flood,false,false,source_geocoding_not_eligible,true
S15AEVT_000433,T7_rejected_or_non_flood,false,false,source_geocoding_not_eligible,true
S15AEVT_000434,T7_rejected_or_non_flood,false,false,source_geocoding_not_eligible,true
S15AEVT_000435,T7_rejected_or_non_flood,false,false,source_geocoding_not_eligible,true
S15AEVT_000436,T7_rejected_or_non_flood,false,false,source_geocoding_not_eligible,true
S15AEVT_000437,T7_rejected_or_non_flood,false,false,source_geocoding_not_eligible,true
S15AEVT_000438,T7_rejected_or_non_flood,false,false,source_geocoding_not_eligible,true
S15AEVT_000439,T7_rejected_or_non_flood,false,false,source_geocoding_not_eligible,true
S15AEVT_000440,T7_rejected_or_non_flood,false,false,source_geocoding_not_eligible,true
S15AEVT_000441,T7_rejected_or_non_flood,false,false,source_geocoding_not_eligible,true
S15AEVT_000442,T7_rejected_or_non_flood,false,false,source_geocoding_not_eligible,true
S15AEVT_000443,T7_rejected_or_non_flood,false,false,source_geocoding_not_eligible,true
S15AEVT_000444,T7_rejected_or_non_flood,false,false,source_geocoding_not_eligible,true
S15AEVT_000445,T7_rejected_or_non_flood,false,false,source_geocoding_not_eligible,true
S15AEVT_000446,T7_rejected_or_non_flood,false,false,source_geocoding_not_eligible,true
S15AEVT_000447,T7_rejected_or_non_flood,false,false,source_geocoding_not_eligible,true
S15AEVT_000448,T7_rejected_or_non_flood,false,false,source_geocoding_not_eligible,true
S15AEVT_000449,T7_rejected_or_non_flood,false,false,source_geocoding_not_eligible,true
S15AEVT_000450,T7_rejected_or_non_flood,false,false,source_geocoding_not_eligible,true
S15AEVT_000451,T7_rejected_or_non_flood,false,false,source_geocoding_not_eligible,true
S15AEVT_000452,T7_rejected_or_non_flood,false,false,source_geocoding_not_eligible,true
S15AEVT_000453,T7_rejected_or_non_flood,false,false,source_geocoding_not_eligible,true
S15AEVT_000454,T7_rejected_or_non_flood,false,false,source_geocoding_not_eligible,true
S15AEVT_000455,T7_rejected_or_non_flood,false,false,source_geocoding_not_eligible,true
S15AEVT_000456,T7_rejected_or_non_flood,false,false,source_geocoding_not_eligible,true
S15AEVT_000457,T7_rejected_or_non_flood,false,false,source_geocoding_not_eligible,true
S15AEVT_000458,T7_rejected_or_non_flood,false,false,source_geocoding_not_eligible,true
S15AEVT_000459,T7_rejected_or_non_flood,false,false,source_geocoding_not_eligible,true
S15AEVT_000460,T7_rejected_or_non_flood,false,false,source_geocoding_not_eligible,true
S15AEVT_000461,T7_rejected_or_non_flood,false,false,source_geocoding_not_eligible,true
S15AEVT_000462,T7_rejected_or_non_flood,false,false,source_geocoding_not_eligible,true
S15AEVT_000463,T7_rejected_or_non_flood,false,false,source_geocoding_not_eligible,true
S15AEVT_000464,T7_rejected_or_non_flood,false,false,source_geocoding_not_eligible,true
S15AEVT_000465,T7_rejected_or_non_flood,false,false,source_geocoding_not_eligible,true
S15AEVT_000466,T7_rejected_or_non_flood,false,false,source_geocoding_not_eligible,true
S15AEVT_000467,T7_rejected_or_non_flood,false,false,source_geocoding_not_eligible,true
S15AEVT_000468,T7_rejected_or_non_flood,false,false,source_geocoding_not_eligible,true
S15AEVT_000469,T7_rejected_or_non_flood,false,false,source_geocoding_not_eligible,true
S15AEVT_000470,T7_rejected_or_non_flood,false,false,source_geocoding_not_eligible,true
S15AEVT_000471,T7_rejected_or_non_flood,false,false,source_geocoding_not_eligible,true
S15AEVT_000472,T7_rejected_or_non_flood,false,false,source_geocoding_not_eligible,true
S15AEVT_000473,T6_neighborhood_context_only,false,false,source_geocoding_not_eligible,true
S15AEVT_000474,T6_neighborhood_context_only,false,false,source_geocoding_not_eligible,true
S15AEVT_000475,T6_neighborhood_context_only,false,false,source_geocoding_not_eligible,true
S15AEVT_000476,T6_neighborhood_context_only,false,false,source_geocoding_not_eligible,true
S15AEVT_000477,T6_neighborhood_context_only,false,false,source_geocoding_not_eligible,true
S15AEVT_000478,T6_neighborhood_context_only,false,false,source_geocoding_not_eligible,true
S15AEVT_000479,T6_neighborhood_context_only,false,false,source_geocoding_not_eligible,true
S15AEVT_000480,T6_neighborhood_context_only,false,false,source_geocoding_not_eligible,true
S15AEVT_000481,T6_neighborhood_context_only,false,false,source_geocoding_not_eligible,true
S15AEVT_000482,T6_neighborhood_context_only,false,false,source_geocoding_not_eligible,true
S15AEVT_000483,T6_neighborhood_context_only,false,false,source_geocoding_not_eligible,true
S15AEVT_000484,T6_neighborhood_context_only,false,false,source_geocoding_not_eligible,true
S15AEVT_000485,T6_neighborhood_context_only,false,false,source_geocoding_not_eligible,true
S15AEVT_000486,T6_neighborhood_context_only,false,false,source_geocoding_not_eligible,true
S15AEVT_000487,T6_neighborhood_context_only,false,false,source_geocoding_not_eligible,true
S15AEVT_000488,T6_neighborhood_context_only,false,false,source_geocoding_not_eligible,true
S15AEVT_000489,T6_neighborhood_context_only,false,false,source_geocoding_not_eligible,true
S15AEVT_000490,T6_neighborhood_context_only,false,false,source_geocoding_not_eligible,true
S15AEVT_000491,T6_neighborhood_context_only,false,false,source_geocoding_not_eligible,true
S15AEVT_000492,T6_neighborhood_context_only,false,false,source_geocoding_not_eligible,true
S15AEVT_000493,T6_neighborhood_context_only,false,false,source_geocoding_not_eligible,true
S15AEVT_000494,T6_neighborhood_context_only,false,false,source_geocoding_not_eligible,true
S15AEVT_000495,T6_neighborhood_context_only,false,false,source_geocoding_not_eligible,true
S15AEVT_000496,T6_neighborhood_context_only,false,false,source_geocoding_not_eligible,true
S15AEVT_000497,T6_neighborhood_context_only,false,false,source_geocoding_not_eligible,true
S15AEVT_000498,T6_neighborhood_context_only,false,false,source_geocoding_not_eligible,true
S15AEVT_000499,T6_neighborhood_context_only,false,false,source_geocoding_not_eligible,true
S15AEVT_000500,T6_neighborhood_context_only,false,false,source_geocoding_not_eligible,true
S15AEVT_000501,T6_neighborhood_context_only,false,false,source_geocoding_not_eligible,true
S15AEVT_000502,T6_neighborhood_context_only,false,false,source_geocoding_not_eligible,true
S15AEVT_000503,T6_neighborhood_context_only,false,false,source_geocoding_not_eligible,true
S15AEVT_000504,T6_neighborhood_context_only,false,false,source_geocoding_not_eligible,true
S15AEVT_000505,T6_neighborhood_context_only,false,false,source_geocoding_not_eligible,true
S15AEVT_000506,T6_neighborhood_context_only,false,false,source_geocoding_not_eligible,true
S15AEVT_000507,T6_neighborhood_context_only,false,false,source_geocoding_not_eligible,true
S15AEVT_000508,T6_neighborhood_context_only,false,false,source_geocoding_not_eligible,true
S15AEVT_000509,T6_neighborhood_context_only,false,false,source_geocoding_not_eligible,true
S15AEVT_000510,T6_neighborhood_context_only,false,false,source_geocoding_not_eligible,true
S15AEVT_000511,T6_neighborhood_context_only,false,false,source_geocoding_not_eligible,true
S15AEVT_000512,T6_neighborhood_context_only,false,false,source_geocoding_not_eligible,true
S15AEVT_000513,T6_neighborhood_context_only,false,false,source_geocoding_not_eligible,true
S15AEVT_000514,T6_neighborhood_context_only,false,false,source_geocoding_not_eligible,true
S15AEVT_000515,T6_neighborhood_context_only,false,false,source_geocoding_not_eligible,true
S15AEVT_000516,T6_neighborhood_context_only,false,false,source_geocoding_not_eligible,true
S15AEVT_000517,T6_neighborhood_context_only,false,false,source_geocoding_not_eligible,true
S15AEVT_000518,T6_neighborhood_context_only,false,false,source_geocoding_not_eligible,true
S15AEVT_000519,T6_neighborhood_context_only,false,false,source_geocoding_not_eligible,true
S15AEVT_000520,T6_neighborhood_context_only,false,false,source_geocoding_not_eligible,true
S15AEVT_000521,T6_neighborhood_context_only,false,false,source_geocoding_not_eligible,true
S15AEVT_000522,T6_neighborhood_context_only,false,false,source_geocoding_not_eligible,true
S15AEVT_000523,T6_neighborhood_context_only,false,false,source_geocoding_not_eligible,true
S15AEVT_000524,T6_neighborhood_context_only,false,false,source_geocoding_not_eligible,true
S15AEVT_000525,T6_neighborhood_context_only,false,false,source_geocoding_not_eligible,true
S15AEVT_000526,T6_neighborhood_context_only,false,false,source_geocoding_not_eligible,true
S15AEVT_000527,T6_neighborhood_context_only,false,false,source_geocoding_not_eligible,true
S15AEVT_000528,T6_neighborhood_context_only,false,false,source_geocoding_not_eligible,true
S15AEVT_000529,T6_neighborhood_context_only,false,false,source_geocoding_not_eligible,true
S15AEVT_000530,T6_neighborhood_context_only,false,false,source_geocoding_not_eligible,true
S15AEVT_000531,T6_neighborhood_context_only,false,false,source_geocoding_not_eligible,true
S15AEVT_000532,T6_neighborhood_context_only,false,false,source_geocoding_not_eligible,true
S15AEVT_000533,T6_neighborhood_context_only,false,false,source_geocoding_not_eligible,true
S15AEVT_000534,T6_neighborhood_context_only,false,false,source_geocoding_not_eligible,true
S15AEVT_000535,T6_neighborhood_context_only,false,false,source_geocoding_not_eligible,true
S15AEVT_000536,T6_neighborhood_context_only,false,false,source_geocoding_not_eligible,true
S15AEVT_000537,T6_neighborhood_context_only,false,false,source_geocoding_not_eligible,true
S15AEVT_000538,T6_neighborhood_context_only,false,false,source_geocoding_not_eligible,true
S15AEVT_000539,T6_neighborhood_context_only,false,false,source_geocoding_not_eligible,true
S15AEVT_000540,T6_neighborhood_context_only,false,false,source_geocoding_not_eligible,true
S15AEVT_000541,T6_neighborhood_context_only,false,false,source_geocoding_not_eligible,true
S15AEVT_000542,T6_neighborhood_context_only,false,false,source_geocoding_not_eligible,true
S15AEVT_000543,T6_neighborhood_context_only,false,false,source_geocoding_not_eligible,true
S15AEVT_000544,T6_neighborhood_context_only,false,false,source_geocoding_not_eligible,true
S15AEVT_000545,T6_neighborhood_context_only,false,false,source_geocoding_not_eligible,true
S15AEVT_000546,T6_neighborhood_context_only,false,false,source_geocoding_not_eligible,true
S15AEVT_000547,T6_neighborhood_context_only,false,false,source_geocoding_not_eligible,true
S15AEVT_000548,T6_neighborhood_context_only,false,false,source_geocoding_not_eligible,true
S15AEVT_000549,T6_neighborhood_context_only,false,false,source_geocoding_not_eligible,true
S15AEVT_000550,T6_neighborhood_context_only,false,false,source_geocoding_not_eligible,true
S15AEVT_000551,T6_neighborhood_context_only,false,false,source_geocoding_not_eligible,true
S15AEVT_000552,T6_neighborhood_context_only,false,false,source_geocoding_not_eligible,true
S15AEVT_000553,T6_neighborhood_context_only,false,false,source_geocoding_not_eligible,true
S15AEVT_000554,T6_neighborhood_context_only,false,false,source_geocoding_not_eligible,true
S15AEVT_000555,T6_neighborhood_context_only,false,false,source_geocoding_not_eligible,true
S15AEVT_000556,T6_neighborhood_context_only,false,false,source_geocoding_not_eligible,true
S15AEVT_000557,T6_neighborhood_context_only,false,false,source_geocoding_not_eligible,true
S15AEVT_000558,T6_neighborhood_context_only,false,false,source_geocoding_not_eligible,true
S15AEVT_000559,T6_neighborhood_context_only,false,false,source_geocoding_not_eligible,true
S15AEVT_000560,T6_neighborhood_context_only,false,false,source_geocoding_not_eligible,true
S15AEVT_000561,T6_neighborhood_context_only,false,false,source_geocoding_not_eligible,true
S15AEVT_000562,T6_neighborhood_context_only,false,false,source_geocoding_not_eligible,true
S15AEVT_000563,T6_neighborhood_context_only,false,false,source_geocoding_not_eligible,true
S15AEVT_000564,T6_neighborhood_context_only,false,false,source_geocoding_not_eligible,true
S15AEVT_000565,T6_neighborhood_context_only,false,false,source_geocoding_not_eligible,true
S15AEVT_000566,T6_neighborhood_context_only,false,false,source_geocoding_not_eligible,true
S15AEVT_000567,T6_neighborhood_context_only,false,false,source_geocoding_not_eligible,true
S15AEVT_000568,T6_neighborhood_context_only,false,false,source_geocoding_not_eligible,true
S15AEVT_000569,T6_neighborhood_context_only,false,false,source_geocoding_not_eligible,true
S15AEVT_000570,T6_neighborhood_context_only,false,false,source_geocoding_not_eligible,true
S15AEVT_000571,T6_neighborhood_context_only,false,false,source_geocoding_not_eligible,true
S15AEVT_000572,T6_neighborhood_context_only,false,false,source_geocoding_not_eligible,true
S15AEVT_000573,T6_neighborhood_context_only,false,false,source_geocoding_not_eligible,true
S15AEVT_000574,T6_neighborhood_context_only,false,false,source_geocoding_not_eligible,true
S15AEVT_000575,T6_neighborhood_context_only,false,false,source_geocoding_not_eligible,true
S15AEVT_000576,T6_neighborhood_context_only,false,false,source_geocoding_not_eligible,true
S15AEVT_000577,T6_neighborhood_context_only,false,false,source_geocoding_not_eligible,true
S15AEVT_000578,T6_neighborhood_context_only,false,false,source_geocoding_not_eligible,true
S15AEVT_000579,T6_neighborhood_context_only,false,false,source_geocoding_not_eligible,true
S15AEVT_000580,T6_neighborhood_context_only,false,false,source_geocoding_not_eligible,true
S15AEVT_000581,T6_neighborhood_context_only,false,false,source_geocoding_not_eligible,true
S15AEVT_000582,T6_neighborhood_context_only,false,false,source_geocoding_not_eligible,true
S15AEVT_000583,T6_neighborhood_context_only,false,false,source_geocoding_not_eligible,true
S15AEVT_000584,T6_neighborhood_context_only,false,false,source_geocoding_not_eligible,true
S15AEVT_000585,T6_neighborhood_context_only,false,false,source_geocoding_not_eligible,true
S15AEVT_000586,T6_neighborhood_context_only,false,false,source_geocoding_not_eligible,true
S15AEVT_000587,T6_neighborhood_context_only,false,false,source_geocoding_not_eligible,true
S15AEVT_000588,T6_neighborhood_context_only,false,false,source_geocoding_not_eligible,true
S15AEVT_000589,T6_neighborhood_context_only,false,false,source_geocoding_not_eligible,true
S15AEVT_000590,T6_neighborhood_context_only,false,false,source_geocoding_not_eligible,true
S15AEVT_000591,T6_neighborhood_context_only,false,false,source_geocoding_not_eligible,true
S15AEVT_000592,T6_neighborhood_context_only,false,false,source_geocoding_not_eligible,true
S15AEVT_000593,T6_neighborhood_context_only,false,false,source_geocoding_not_eligible,true
S15AEVT_000594,T6_neighborhood_context_only,false,false,source_geocoding_not_eligible,true
S15AEVT_000595,T6_neighborhood_context_only,false,false,source_geocoding_not_eligible,true
S15AEVT_000596,T6_neighborhood_context_only,false,false,source_geocoding_not_eligible,true
S15AEVT_000597,T6_neighborhood_context_only,false,false,source_geocoding_not_eligible,true
S15AEVT_000598,T6_neighborhood_context_only,false,false,source_geocoding_not_eligible,true
S15AEVT_000599,T6_neighborhood_context_only,false,false,source_geocoding_not_eligible,true
S15AEVT_000600,T6_neighborhood_context_only,false,false,source_geocoding_not_eligible,true
S15AEVT_000601,T6_neighborhood_context_only,false,false,source_geocoding_not_eligible,true
S15AEVT_000602,T6_neighborhood_context_only,false,false,source_geocoding_not_eligible,true
S15AEVT_000603,T6_neighborhood_context_only,false,false,source_geocoding_not_eligible,true
S15AEVT_000604,T6_neighborhood_context_only,false,false,source_geocoding_not_eligible,true
S15AEVT_000605,T6_neighborhood_context_only,false,false,source_geocoding_not_eligible,true
S15AEVT_000606,T6_neighborhood_context_only,false,false,source_geocoding_not_eligible,true
S15AEVT_000607,T6_neighborhood_context_only,false,false,source_geocoding_not_eligible,true
S15AEVT_000608,T6_neighborhood_context_only,false,false,source_geocoding_not_eligible,true
S15AEVT_000609,T6_neighborhood_context_only,false,false,source_geocoding_not_eligible,true
S15AEVT_000610,T6_neighborhood_context_only,false,false,source_geocoding_not_eligible,true
S15AEVT_000611,T6_neighborhood_context_only,false,false,source_geocoding_not_eligible,true
S15AEVT_000612,T6_neighborhood_context_only,false,false,source_geocoding_not_eligible,true
S15AEVT_000613,T6_neighborhood_context_only,false,false,source_geocoding_not_eligible,true
S15AEVT_000614,T6_neighborhood_context_only,false,false,source_geocoding_not_eligible,true
S15AEVT_000615,T6_neighborhood_context_only,false,false,source_geocoding_not_eligible,true
S15AEVT_000616,T6_neighborhood_context_only,false,false,source_geocoding_not_eligible,true
S15AEVT_000617,T6_neighborhood_context_only,false,false,source_geocoding_not_eligible,true
S15AEVT_000618,T6_neighborhood_context_only,false,false,source_geocoding_not_eligible,true
S15AEVT_000619,T6_neighborhood_context_only,false,false,source_geocoding_not_eligible,true
S15AEVT_000620,T6_neighborhood_context_only,false,false,source_geocoding_not_eligible,true
S15AEVT_000621,T6_neighborhood_context_only,false,false,source_geocoding_not_eligible,true
S15AEVT_000622,T6_neighborhood_context_only,false,false,source_geocoding_not_eligible,true
S15AEVT_000623,T6_neighborhood_context_only,false,false,source_geocoding_not_eligible,true
S15AEVT_000624,T6_neighborhood_context_only,false,false,source_geocoding_not_eligible,true
S15AEVT_000625,T6_neighborhood_context_only,false,false,source_geocoding_not_eligible,true
S15AEVT_000626,T6_neighborhood_context_only,false,false,source_geocoding_not_eligible,true
S15AEVT_000627,T6_neighborhood_context_only,false,false,source_geocoding_not_eligible,true
S15AEVT_000628,T6_neighborhood_context_only,false,false,source_geocoding_not_eligible,true
S15AEVT_000629,T6_neighborhood_context_only,false,false,source_geocoding_not_eligible,true
S15AEVT_000630,T6_neighborhood_context_only,false,false,source_geocoding_not_eligible,true
S15AEVT_000631,T6_neighborhood_context_only,false,false,source_geocoding_not_eligible,true
S15AEVT_000632,T6_neighborhood_context_only,false,false,source_geocoding_not_eligible,true
S15AEVT_000633,T6_neighborhood_context_only,false,false,source_geocoding_not_eligible,true
S15AEVT_000634,T6_neighborhood_context_only,false,false,source_geocoding_not_eligible,true
S15AEVT_000635,T6_neighborhood_context_only,false,false,source_geocoding_not_eligible,true
S15AEVT_000636,T6_neighborhood_context_only,false,false,source_geocoding_not_eligible,true
S15AEVT_000637,T6_neighborhood_context_only,false,false,source_geocoding_not_eligible,true
S15AEVT_000638,T6_neighborhood_context_only,false,false,source_geocoding_not_eligible,true
S15AEVT_000639,T6_neighborhood_context_only,false,false,source_geocoding_not_eligible,true
S15AEVT_000640,T6_neighborhood_context_only,false,false,source_geocoding_not_eligible,true
S15AEVT_000641,T6_neighborhood_context_only,false,false,source_geocoding_not_eligible,true
S15AEVT_000642,T6_neighborhood_context_only,false,false,source_geocoding_not_eligible,true
S15AEVT_000643,T6_neighborhood_context_only,false,false,source_geocoding_not_eligible,true
S15AEVT_000644,T6_neighborhood_context_only,false,false,source_geocoding_not_eligible,true
S15AEVT_000645,T6_neighborhood_context_only,false,false,source_geocoding_not_eligible,true
S15AEVT_000646,T6_neighborhood_context_only,false,false,source_geocoding_not_eligible,true
S15AEVT_000647,T6_neighborhood_context_only,false,false,source_geocoding_not_eligible,true
S15AEVT_000648,T6_neighborhood_context_only,false,false,source_geocoding_not_eligible,true
S15AEVT_000649,T6_neighborhood_context_only,false,false,source_geocoding_not_eligible,true
S15AEVT_000650,T6_neighborhood_context_only,false,false,source_geocoding_not_eligible,true
S15AEVT_000651,T6_neighborhood_context_only,false,false,source_geocoding_not_eligible,true
S15AEVT_000652,T6_neighborhood_context_only,false,false,source_geocoding_not_eligible,true
S15AEVT_000653,T6_neighborhood_context_only,false,false,source_geocoding_not_eligible,true
S15AEVT_000654,T6_neighborhood_context_only,false,false,source_geocoding_not_eligible,true
S15AEVT_000655,T6_neighborhood_context_only,false,false,source_geocoding_not_eligible,true
S15AEVT_000656,T6_neighborhood_context_only,false,false,source_geocoding_not_eligible,true
S15AEVT_000657,T6_neighborhood_context_only,false,false,source_geocoding_not_eligible,true
S15AEVT_000658,T6_neighborhood_context_only,false,false,source_geocoding_not_eligible,true
S15AEVT_000659,T6_neighborhood_context_only,false,false,source_geocoding_not_eligible,true
S15AEVT_000660,T6_neighborhood_context_only,false,false,source_geocoding_not_eligible,true
S15AEVT_000661,T6_neighborhood_context_only,false,false,source_geocoding_not_eligible,true
S15AEVT_000662,T6_neighborhood_context_only,false,false,source_geocoding_not_eligible,true
S15AEVT_000663,T6_neighborhood_context_only,false,false,source_geocoding_not_eligible,true
S15AEVT_000664,T6_neighborhood_context_only,false,false,source_geocoding_not_eligible,true
S15AEVT_000665,T6_neighborhood_context_only,false,false,source_geocoding_not_eligible,true
S15AEVT_000666,T6_neighborhood_context_only,false,false,source_geocoding_not_eligible,true
S15AEVT_000667,T6_neighborhood_context_only,false,false,source_geocoding_not_eligible,true
S15AEVT_000668,T6_neighborhood_context_only,false,false,source_geocoding_not_eligible,true
S15AEVT_000669,T6_neighborhood_context_only,false,false,source_geocoding_not_eligible,true
S15AEVT_000670,T6_neighborhood_context_only,false,false,source_geocoding_not_eligible,true
S15AEVT_000671,T6_neighborhood_context_only,false,false,source_geocoding_not_eligible,true
S15AEVT_000672,T6_neighborhood_context_only,false,false,source_geocoding_not_eligible,true
S15AEVT_000673,T6_neighborhood_context_only,false,false,source_geocoding_not_eligible,true
S15AEVT_000674,T6_neighborhood_context_only,false,false,source_geocoding_not_eligible,true
S15AEVT_000675,T6_neighborhood_context_only,false,false,source_geocoding_not_eligible,true
S15AEVT_000676,T6_neighborhood_context_only,false,false,source_geocoding_not_eligible,true
S15AEVT_000677,T6_neighborhood_context_only,false,false,source_geocoding_not_eligible,true
S15AEVT_000678,T6_neighborhood_context_only,false,false,source_geocoding_not_eligible,true
S15AEVT_000679,T6_neighborhood_context_only,false,false,source_geocoding_not_eligible,true
S15AEVT_000680,T6_neighborhood_context_only,false,false,source_geocoding_not_eligible,true
S15AEVT_000681,T6_neighborhood_context_only,false,false,source_geocoding_not_eligible,true
S15AEVT_000682,T6_neighborhood_context_only,false,false,source_geocoding_not_eligible,true
S15AEVT_000683,T6_neighborhood_context_only,false,false,source_geocoding_not_eligible,true
S15AEVT_000684,T6_neighborhood_context_only,false,false,source_geocoding_not_eligible,true
S15AEVT_000685,T6_neighborhood_context_only,false,false,source_geocoding_not_eligible,true
S15AEVT_000686,T6_neighborhood_context_only,false,false,source_geocoding_not_eligible,true
S15AEVT_000687,T6_neighborhood_context_only,false,false,source_geocoding_not_eligible,true
S15AEVT_000688,T6_neighborhood_context_only,false,false,source_geocoding_not_eligible,true
S15AEVT_000689,T6_neighborhood_context_only,false,false,source_geocoding_not_eligible,true
S15AEVT_000690,T6_neighborhood_context_only,false,false,source_geocoding_not_eligible,true
S15AEVT_000691,T6_neighborhood_context_only,false,false,source_geocoding_not_eligible,true
S15AEVT_000692,T6_neighborhood_context_only,false,false,source_geocoding_not_eligible,true
S15AEVT_000693,T6_neighborhood_context_only,false,false,source_geocoding_not_eligible,true
S15AEVT_000694,T6_neighborhood_context_only,false,false,source_geocoding_not_eligible,true
S15AEVT_000695,T6_neighborhood_context_only,false,false,source_geocoding_not_eligible,true
S15AEVT_000696,T6_neighborhood_context_only,false,false,source_geocoding_not_eligible,true
S15AEVT_000697,T6_neighborhood_context_only,false,false,source_geocoding_not_eligible,true
S15AEVT_000698,T6_neighborhood_context_only,false,false,source_geocoding_not_eligible,true
S15AEVT_000699,T6_neighborhood_context_only,false,false,source_geocoding_not_eligible,true
S15AEVT_000700,T6_neighborhood_context_only,false,false,source_geocoding_not_eligible,true
S15AEVT_000701,T6_neighborhood_context_only,false,false,source_geocoding_not_eligible,true
S15AEVT_000702,T6_neighborhood_context_only,false,false,source_geocoding_not_eligible,true
S15AEVT_000703,T6_neighborhood_context_only,false,false,source_geocoding_not_eligible,true
S15AEVT_000704,T6_neighborhood_context_only,false,false,source_geocoding_not_eligible,true
S15AEVT_000705,T6_neighborhood_context_only,false,false,source_geocoding_not_eligible,true
S15AEVT_000706,T6_neighborhood_context_only,false,false,source_geocoding_not_eligible,true
S15AEVT_000707,T6_neighborhood_context_only,false,false,source_geocoding_not_eligible,true
S15AEVT_000708,T6_neighborhood_context_only,false,false,source_geocoding_not_eligible,true
S15AEVT_000709,T6_neighborhood_context_only,false,false,source_geocoding_not_eligible,true
S15AEVT_000710,T6_neighborhood_context_only,false,false,source_geocoding_not_eligible,true
S15AEVT_000711,T6_neighborhood_context_only,false,false,source_geocoding_not_eligible,true
S15AEVT_000712,T6_neighborhood_context_only,false,false,source_geocoding_not_eligible,true
S15AEVT_000713,T6_neighborhood_context_only,false,false,source_geocoding_not_eligible,true
S15AEVT_000714,T6_neighborhood_context_only,false,false,source_geocoding_not_eligible,true
S15AEVT_000715,T6_neighborhood_context_only,false,false,source_geocoding_not_eligible,true
S15AEVT_000716,T6_neighborhood_context_only,false,false,source_geocoding_not_eligible,true
S15AEVT_000717,T6_neighborhood_context_only,false,false,source_geocoding_not_eligible,true
S15AEVT_000718,T6_neighborhood_context_only,false,false,source_geocoding_not_eligible,true
S15AEVT_000719,T6_neighborhood_context_only,false,false,source_geocoding_not_eligible,true
S15AEVT_000720,T6_neighborhood_context_only,false,false,source_geocoding_not_eligible,true
S15AEVT_000721,T6_neighborhood_context_only,false,false,source_geocoding_not_eligible,true
S15AEVT_000722,T6_neighborhood_context_only,false,false,source_geocoding_not_eligible,true
S15AEVT_000723,T6_neighborhood_context_only,false,false,source_geocoding_not_eligible,true
S15AEVT_000724,T6_neighborhood_context_only,false,false,source_geocoding_not_eligible,true
S15AEVT_000725,T6_neighborhood_context_only,false,false,source_geocoding_not_eligible,true
S15AEVT_000726,T6_neighborhood_context_only,false,false,source_geocoding_not_eligible,true
S15AEVT_000727,T6_neighborhood_context_only,false,false,source_geocoding_not_eligible,true
S15AEVT_000728,T6_neighborhood_context_only,false,false,source_geocoding_not_eligible,true
S15AEVT_000729,T6_neighborhood_context_only,false,false,source_geocoding_not_eligible,true
S15AEVT_000730,T6_neighborhood_context_only,false,false,source_geocoding_not_eligible,true
S15AEVT_000731,T6_neighborhood_context_only,false,false,source_geocoding_not_eligible,true
S15AEVT_000732,T6_neighborhood_context_only,false,false,source_geocoding_not_eligible,true
S15AEVT_000733,T6_neighborhood_context_only,false,false,source_geocoding_not_eligible,true
S15AEVT_000734,T6_neighborhood_context_only,false,false,source_geocoding_not_eligible,true
S15AEVT_000735,T6_neighborhood_context_only,false,false,source_geocoding_not_eligible,true
S15AEVT_000736,T6_neighborhood_context_only,false,false,source_geocoding_not_eligible,true
S15AEVT_000737,T6_neighborhood_context_only,false,false,source_geocoding_not_eligible,true
S15AEVT_000738,T6_neighborhood_context_only,false,false,source_geocoding_not_eligible,true
S15AEVT_000739,T6_neighborhood_context_only,false,false,source_geocoding_not_eligible,true
S15AEVT_000740,T6_neighborhood_context_only,false,false,source_geocoding_not_eligible,true
S15AEVT_000741,T6_neighborhood_context_only,false,false,source_geocoding_not_eligible,true
S15AEVT_000742,T6_neighborhood_context_only,false,false,source_geocoding_not_eligible,true
S15AEVT_000743,T6_neighborhood_context_only,false,false,source_geocoding_not_eligible,true
S15AEVT_000744,T6_neighborhood_context_only,false,false,source_geocoding_not_eligible,true
S15AEVT_000745,T6_neighborhood_context_only,false,false,source_geocoding_not_eligible,true
S15AEVT_000746,T6_neighborhood_context_only,false,false,source_geocoding_not_eligible,true
S15AEVT_000747,T6_neighborhood_context_only,false,false,source_geocoding_not_eligible,true
S15AEVT_000748,T6_neighborhood_context_only,false,false,source_geocoding_not_eligible,true
S15AEVT_000749,T6_neighborhood_context_only,false,false,source_geocoding_not_eligible,true
S15AEVT_000750,T6_neighborhood_context_only,false,false,source_geocoding_not_eligible,true
S15AEVT_000751,T6_neighborhood_context_only,false,false,source_geocoding_not_eligible,true
S15AEVT_000752,T6_neighborhood_context_only,false,false,source_geocoding_not_eligible,true
S15AEVT_000753,T6_neighborhood_context_only,false,false,source_geocoding_not_eligible,true
S15AEVT_000754,T6_neighborhood_context_only,false,false,source_geocoding_not_eligible,true
S15AEVT_000755,T6_neighborhood_context_only,false,false,source_geocoding_not_eligible,true
S15AEVT_000756,T6_neighborhood_context_only,false,false,source_geocoding_not_eligible,true
S15AEVT_000757,T6_neighborhood_context_only,false,false,source_geocoding_not_eligible,true
S15AEVT_000758,T6_neighborhood_context_only,false,false,source_geocoding_not_eligible,true
S15AEVT_000759,T6_neighborhood_context_only,false,false,source_geocoding_not_eligible,true
S15AEVT_000760,T6_neighborhood_context_only,false,false,source_geocoding_not_eligible,true
S15AEVT_000761,T6_neighborhood_context_only,false,false,source_geocoding_not_eligible,true
S15AEVT_000762,T6_neighborhood_context_only,false,false,source_geocoding_not_eligible,true
S15AEVT_000763,T6_neighborhood_context_only,false,false,source_geocoding_not_eligible,true
S15AEVT_000764,T6_neighborhood_context_only,false,false,source_geocoding_not_eligible,true
S15AEVT_000765,T6_neighborhood_context_only,false,false,source_geocoding_not_eligible,true
S15AEVT_000766,T6_neighborhood_context_only,false,false,source_geocoding_not_eligible,true
S15AEVT_000767,T6_neighborhood_context_only,false,false,source_geocoding_not_eligible,true
S15AEVT_000768,T6_neighborhood_context_only,false,false,source_geocoding_not_eligible,true
S15AEVT_000769,T6_neighborhood_context_only,false,false,source_geocoding_not_eligible,true
S15AEVT_000770,T6_neighborhood_context_only,false,false,source_geocoding_not_eligible,true
S15AEVT_000771,T6_neighborhood_context_only,false,false,source_geocoding_not_eligible,true
S15AEVT_000772,T6_neighborhood_context_only,false,false,source_geocoding_not_eligible,true
S15AEVT_000773,T6_neighborhood_context_only,false,false,source_geocoding_not_eligible,true
S15AEVT_000774,T6_neighborhood_context_only,false,false,source_geocoding_not_eligible,true
S15AEVT_000775,T6_neighborhood_context_only,false,false,source_geocoding_not_eligible,true
S15AEVT_000776,T6_neighborhood_context_only,false,false,source_geocoding_not_eligible,true
S15AEVT_000777,T6_neighborhood_context_only,false,false,source_geocoding_not_eligible,true
S15AEVT_000778,T6_neighborhood_context_only,false,false,source_geocoding_not_eligible,true
S15AEVT_000779,T6_neighborhood_context_only,false,false,source_geocoding_not_eligible,true
S15AEVT_000780,T6_neighborhood_context_only,false,false,source_geocoding_not_eligible,true
S15AEVT_000781,T6_neighborhood_context_only,false,false,source_geocoding_not_eligible,true
S15AEVT_000782,T6_neighborhood_context_only,false,false,source_geocoding_not_eligible,true
S15AEVT_000783,T6_neighborhood_context_only,false,false,source_geocoding_not_eligible,true
S15AEVT_000784,T6_neighborhood_context_only,false,false,source_geocoding_not_eligible,true
S15AEVT_000785,T6_neighborhood_context_only,false,false,source_geocoding_not_eligible,true
S15AEVT_000786,T6_neighborhood_context_only,false,false,source_geocoding_not_eligible,true
S15AEVT_000787,T6_neighborhood_context_only,false,false,source_geocoding_not_eligible,true
S15AEVT_000788,T6_neighborhood_context_only,false,false,source_geocoding_not_eligible,true
S15AEVT_000789,T6_neighborhood_context_only,false,false,source_geocoding_not_eligible,true
S15AEVT_000790,T6_neighborhood_context_only,false,false,source_geocoding_not_eligible,true
S15AEVT_000791,T6_neighborhood_context_only,false,false,source_geocoding_not_eligible,true
S15AEVT_000792,T6_neighborhood_context_only,false,false,source_geocoding_not_eligible,true
S15AEVT_000793,T6_neighborhood_context_only,false,false,source_geocoding_not_eligible,true
S15AEVT_000794,T6_neighborhood_context_only,false,false,source_geocoding_not_eligible,true
S15AEVT_000795,T6_neighborhood_context_only,false,false,source_geocoding_not_eligible,true
S15AEVT_000796,T6_neighborhood_context_only,false,false,source_geocoding_not_eligible,true
S15AEVT_000797,T6_neighborhood_context_only,false,false,source_geocoding_not_eligible,true
S15AEVT_000798,T6_neighborhood_context_only,false,false,source_geocoding_not_eligible,true
S15AEVT_000799,T6_neighborhood_context_only,false,false,source_geocoding_not_eligible,true
S15AEVT_000800,T6_neighborhood_context_only,false,false,source_geocoding_not_eligible,true
S15AEVT_000801,T6_neighborhood_context_only,false,false,source_geocoding_not_eligible,true
S15AEVT_000802,T6_neighborhood_context_only,false,false,source_geocoding_not_eligible,true
S15AEVT_000803,T6_neighborhood_context_only,false,false,source_geocoding_not_eligible,true
S15AEVT_000804,T6_neighborhood_context_only,false,false,source_geocoding_not_eligible,true
S15AEVT_000805,T6_neighborhood_context_only,false,false,source_geocoding_not_eligible,true
S15AEVT_000806,T6_neighborhood_context_only,false,false,source_geocoding_not_eligible,true
S15AEVT_000807,T6_neighborhood_context_only,false,false,source_geocoding_not_eligible,true
S15AEVT_000808,T6_neighborhood_context_only,false,false,source_geocoding_not_eligible,true
S15AEVT_000809,T6_neighborhood_context_only,false,false,source_geocoding_not_eligible,true
S15AEVT_000810,T6_neighborhood_context_only,false,false,source_geocoding_not_eligible,true
S15AEVT_000811,T6_neighborhood_context_only,false,false,source_geocoding_not_eligible,true
S15AEVT_000812,T6_neighborhood_context_only,false,false,source_geocoding_not_eligible,true
S15AEVT_000813,T6_neighborhood_context_only,false,false,source_geocoding_not_eligible,true
S15AEVT_000814,T6_neighborhood_context_only,false,false,source_geocoding_not_eligible,true
S15AEVT_000815,T6_neighborhood_context_only,false,false,source_geocoding_not_eligible,true
S15AEVT_000816,T6_neighborhood_context_only,false,false,source_geocoding_not_eligible,true
S15AEVT_000817,T6_neighborhood_context_only,false,false,source_geocoding_not_eligible,true
S15AEVT_000818,T6_neighborhood_context_only,false,false,source_geocoding_not_eligible,true
S15AEVT_000819,T6_neighborhood_context_only,false,false,source_geocoding_not_eligible,true
S15AEVT_000820,T6_neighborhood_context_only,false,false,source_geocoding_not_eligible,true
S15AEVT_000821,T6_neighborhood_context_only,false,false,source_geocoding_not_eligible,true
S15AEVT_000822,T6_neighborhood_context_only,false,false,source_geocoding_not_eligible,true
S15AEVT_000823,T6_neighborhood_context_only,false,false,source_geocoding_not_eligible,true
S15AEVT_000824,T6_neighborhood_context_only,false,false,source_geocoding_not_eligible,true
S15AEVT_000825,T7_rejected_or_non_flood,false,false,source_geocoding_not_eligible,true
S15AEVT_000826,T7_rejected_or_non_flood,false,false,source_geocoding_not_eligible,true
S15AEVT_000827,T7_rejected_or_non_flood,false,false,source_geocoding_not_eligible,true
S15AEVT_000828,T7_rejected_or_non_flood,false,false,source_geocoding_not_eligible,true
S15AEVT_000829,T7_rejected_or_non_flood,false,false,source_geocoding_not_eligible,true
S15AEVT_000830,T7_rejected_or_non_flood,false,false,source_geocoding_not_eligible,true
S15AEVT_000831,T7_rejected_or_non_flood,false,false,source_geocoding_not_eligible,true
S15AEVT_000832,T7_rejected_or_non_flood,false,false,source_geocoding_not_eligible,true
S15AEVT_000833,T7_rejected_or_non_flood,false,false,source_geocoding_not_eligible,true
S15AEVT_000834,T7_rejected_or_non_flood,false,false,source_geocoding_not_eligible,true
S15AEVT_000835,T7_rejected_or_non_flood,false,false,source_geocoding_not_eligible,true
S15AEVT_000836,T7_rejected_or_non_flood,false,false,source_geocoding_not_eligible,true
S15AEVT_000837,T7_rejected_or_non_flood,false,false,source_geocoding_not_eligible,true
S15AEVT_000838,T7_rejected_or_non_flood,false,false,source_geocoding_not_eligible,true
S15AEVT_000839,T7_rejected_or_non_flood,false,false,source_geocoding_not_eligible,true
S15AEVT_000840,T7_rejected_or_non_flood,false,false,source_geocoding_not_eligible,true
S15AEVT_000841,T7_rejected_or_non_flood,false,false,source_geocoding_not_eligible,true
S15AEVT_000842,T7_rejected_or_non_flood,false,false,source_geocoding_not_eligible,true
S15AEVT_000843,T7_rejected_or_non_flood,false,false,source_geocoding_not_eligible,true
S15AEVT_000844,T7_rejected_or_non_flood,false,false,source_geocoding_not_eligible,true
S15AEVT_000845,T7_rejected_or_non_flood,false,false,source_geocoding_not_eligible,true
S15AEVT_000846,T7_rejected_or_non_flood,false,false,source_geocoding_not_eligible,true
S15AEVT_000847,T7_rejected_or_non_flood,false,false,source_geocoding_not_eligible,true
S15AEVT_000848,T7_rejected_or_non_flood,false,false,source_geocoding_not_eligible,true
S15AEVT_000849,T7_rejected_or_non_flood,false,false,source_geocoding_not_eligible,true
S15AEVT_000850,T7_rejected_or_non_flood,false,false,source_geocoding_not_eligible,true
S15AEVT_000851,T7_rejected_or_non_flood,false,false,source_geocoding_not_eligible,true
S15AEVT_000852,T7_rejected_or_non_flood,false,false,source_geocoding_not_eligible,true
S15AEVT_000853,T7_rejected_or_non_flood,false,false,source_geocoding_not_eligible,true
S15AEVT_000854,T7_rejected_or_non_flood,false,false,source_geocoding_not_eligible,true
S15AEVT_000855,T7_rejected_or_non_flood,false,false,source_geocoding_not_eligible,true
S15AEVT_000856,T7_rejected_or_non_flood,false,false,source_geocoding_not_eligible,true
S15AEVT_000857,T7_rejected_or_non_flood,false,false,source_geocoding_not_eligible,true
S15AEVT_000858,T7_rejected_or_non_flood,false,false,source_geocoding_not_eligible,true
S15AEVT_000859,T7_rejected_or_non_flood,false,false,source_geocoding_not_eligible,true
S15AEVT_000860,T7_rejected_or_non_flood,false,false,source_geocoding_not_eligible,true
S15AEVT_000861,T7_rejected_or_non_flood,false,false,source_geocoding_not_eligible,true
S15AEVT_000862,T7_rejected_or_non_flood,false,false,source_geocoding_not_eligible,true
S15AEVT_000863,T7_rejected_or_non_flood,false,false,source_geocoding_not_eligible,true
S15AEVT_000864,T7_rejected_or_non_flood,false,false,source_geocoding_not_eligible,true
S15AEVT_000865,T7_rejected_or_non_flood,false,false,source_geocoding_not_eligible,true
S15AEVT_000866,T7_rejected_or_non_flood,false,false,source_geocoding_not_eligible,true
S15AEVT_000867,T7_rejected_or_non_flood,false,false,source_geocoding_not_eligible,true
S15AEVT_000868,T7_rejected_or_non_flood,false,false,source_geocoding_not_eligible,true
S15AEVT_000869,T7_rejected_or_non_flood,false,false,source_geocoding_not_eligible,true
S15AEVT_000870,T7_rejected_or_non_flood,false,false,source_geocoding_not_eligible,true
S15AEVT_000871,T7_rejected_or_non_flood,false,false,source_geocoding_not_eligible,true
S15AEVT_000872,T7_rejected_or_non_flood,false,false,source_geocoding_not_eligible,true
S15AEVT_000873,T7_rejected_or_non_flood,false,false,source_geocoding_not_eligible,true
S15AEVT_000874,T7_rejected_or_non_flood,false,false,source_geocoding_not_eligible,true
S15AEVT_000875,T7_rejected_or_non_flood,false,false,source_geocoding_not_eligible,true
S15AEVT_000876,T7_rejected_or_non_flood,false,false,source_geocoding_not_eligible,true
S15AEVT_000877,T7_rejected_or_non_flood,false,false,source_geocoding_not_eligible,true
S15AEVT_000878,T7_rejected_or_non_flood,false,false,source_geocoding_not_eligible,true
S15AEVT_000879,T7_rejected_or_non_flood,false,false,source_geocoding_not_eligible,true
S15AEVT_000880,T7_rejected_or_non_flood,false,false,source_geocoding_not_eligible,true
S15AEVT_000881,T7_rejected_or_non_flood,false,false,source_geocoding_not_eligible,true
S15AEVT_000882,T7_rejected_or_non_flood,false,false,source_geocoding_not_eligible,true
S15AEVT_000883,T7_rejected_or_non_flood,false,false,source_geocoding_not_eligible,true
S15AEVT_000884,T7_rejected_or_non_flood,false,false,source_geocoding_not_eligible,true
S15AEVT_000885,T7_rejected_or_non_flood,false,false,source_geocoding_not_eligible,true
S15AEVT_000886,T7_rejected_or_non_flood,false,false,source_geocoding_not_eligible,true
S15AEVT_000887,T7_rejected_or_non_flood,false,false,source_geocoding_not_eligible,true
S15AEVT_000888,T7_rejected_or_non_flood,false,false,source_geocoding_not_eligible,true
S15AEVT_000889,T7_rejected_or_non_flood,false,false,source_geocoding_not_eligible,true
S15AEVT_000890,T7_rejected_or_non_flood,false,false,source_geocoding_not_eligible,true
S15AEVT_000891,T7_rejected_or_non_flood,false,false,source_geocoding_not_eligible,true
S15AEVT_000892,T7_rejected_or_non_flood,false,false,source_geocoding_not_eligible,true
S15AEVT_000893,T7_rejected_or_non_flood,false,false,source_geocoding_not_eligible,true
S15AEVT_000894,T7_rejected_or_non_flood,false,false,source_geocoding_not_eligible,true
S15AEVT_000895,T7_rejected_or_non_flood,false,false,source_geocoding_not_eligible,true
S15AEVT_000896,T7_rejected_or_non_flood,false,false,source_geocoding_not_eligible,true
S15AEVT_000897,T7_rejected_or_non_flood,false,false,source_geocoding_not_eligible,true
S15AEVT_000898,T7_rejected_or_non_flood,false,false,source_geocoding_not_eligible,true
S15AEVT_000899,T7_rejected_or_non_flood,false,false,source_geocoding_not_eligible,true
S15AEVT_000900,T7_rejected_or_non_flood,false,false,source_geocoding_not_eligible,true
S15AEVT_000901,T7_rejected_or_non_flood,false,false,source_geocoding_not_eligible,true
S15AEVT_000902,T7_rejected_or_non_flood,false,false,source_geocoding_not_eligible,true
S15AEVT_000903,T7_rejected_or_non_flood,false,false,source_geocoding_not_eligible,true
S15AEVT_000904,T7_rejected_or_non_flood,false,false,source_geocoding_not_eligible,true
S15AEVT_000905,T7_rejected_or_non_flood,false,false,source_geocoding_not_eligible,true
S15AEVT_000906,T7_rejected_or_non_flood,false,false,source_geocoding_not_eligible,true
S15AEVT_000907,T7_rejected_or_non_flood,false,false,source_geocoding_not_eligible,true
S15AEVT_000908,T7_rejected_or_non_flood,false,false,source_geocoding_not_eligible,true
S15AEVT_000909,T7_rejected_or_non_flood,false,false,source_geocoding_not_eligible,true
S15AEVT_000910,T7_rejected_or_non_flood,false,false,source_geocoding_not_eligible,true
S15AEVT_000911,T7_rejected_or_non_flood,false,false,source_geocoding_not_eligible,true
S15AEVT_000912,T7_rejected_or_non_flood,false,false,source_geocoding_not_eligible,true
S15AEVT_000913,T7_rejected_or_non_flood,false,false,source_geocoding_not_eligible,true
S15AEVT_000914,T7_rejected_or_non_flood,false,false,source_geocoding_not_eligible,true
S15AEVT_000915,T7_rejected_or_non_flood,false,false,source_geocoding_not_eligible,true
S15AEVT_000916,T7_rejected_or_non_flood,false,false,source_geocoding_not_eligible,true
S15AEVT_000917,T7_rejected_or_non_flood,false,false,source_geocoding_not_eligible,true
S15AEVT_000918,T7_rejected_or_non_flood,false,false,source_geocoding_not_eligible,true
S15AEVT_000919,T7_rejected_or_non_flood,false,false,source_geocoding_not_eligible,true
S15AEVT_000920,T7_rejected_or_non_flood,false,false,source_geocoding_not_eligible,true
S15AEVT_000921,T7_rejected_or_non_flood,false,false,source_geocoding_not_eligible,true
S15AEVT_000922,T7_rejected_or_non_flood,false,false,source_geocoding_not_eligible,true
S15AEVT_000923,T7_rejected_or_non_flood,false,false,source_geocoding_not_eligible,true
S15AEVT_000924,T7_rejected_or_non_flood,false,false,source_geocoding_not_eligible,true
S15AEVT_000925,T7_rejected_or_non_flood,false,false,source_geocoding_not_eligible,true
S15AEVT_000926,T7_rejected_or_non_flood,false,false,source_geocoding_not_eligible,true
S15AEVT_000927,T7_rejected_or_non_flood,false,false,source_geocoding_not_eligible,true
S15AEVT_000928,T7_rejected_or_non_flood,false,false,source_geocoding_not_eligible,true
S15AEVT_000929,T7_rejected_or_non_flood,false,false,source_geocoding_not_eligible,true
S15AEVT_000930,T7_rejected_or_non_flood,false,false,source_geocoding_not_eligible,true
S15AEVT_000931,T7_rejected_or_non_flood,false,false,source_geocoding_not_eligible,true
S15AEVT_000932,T7_rejected_or_non_flood,false,false,source_geocoding_not_eligible,true
S15AEVT_000933,T7_rejected_or_non_flood,false,false,source_geocoding_not_eligible,true
S15AEVT_000934,T7_rejected_or_non_flood,false,false,source_geocoding_not_eligible,true
S15AEVT_000935,T7_rejected_or_non_flood,false,false,source_geocoding_not_eligible,true
S15AEVT_000936,T7_rejected_or_non_flood,false,false,source_geocoding_not_eligible,true
S15AEVT_000937,T7_rejected_or_non_flood,false,false,source_geocoding_not_eligible,true
S15AEVT_000938,T7_rejected_or_non_flood,false,false,source_geocoding_not_eligible,true
S15AEVT_000939,T7_rejected_or_non_flood,false,false,source_geocoding_not_eligible,true
S15AEVT_000940,T7_rejected_or_non_flood,false,false,source_geocoding_not_eligible,true
S15AEVT_000941,T7_rejected_or_non_flood,false,false,source_geocoding_not_eligible,true
S15AEVT_000942,T7_rejected_or_non_flood,false,false,source_geocoding_not_eligible,true
S15AEVT_000943,T7_rejected_or_non_flood,false,false,source_geocoding_not_eligible,true
S15AEVT_000944,T7_rejected_or_non_flood,false,false,source_geocoding_not_eligible,true
S15AEVT_000945,T7_rejected_or_non_flood,false,false,source_geocoding_not_eligible,true
S15AEVT_000946,T7_rejected_or_non_flood,false,false,source_geocoding_not_eligible,true
S15AEVT_000947,T7_rejected_or_non_flood,false,false,source_geocoding_not_eligible,true
S15AEVT_000948,T7_rejected_or_non_flood,false,false,source_geocoding_not_eligible,true
S15AEVT_000949,T7_rejected_or_non_flood,false,false,source_geocoding_not_eligible,true
S15AEVT_000950,T7_rejected_or_non_flood,false,false,source_geocoding_not_eligible,true
S15AEVT_000951,T7_rejected_or_non_flood,false,false,source_geocoding_not_eligible,true
S15AEVT_000952,T7_rejected_or_non_flood,false,false,source_geocoding_not_eligible,true
S15AEVT_000953,T7_rejected_or_non_flood,false,false,source_geocoding_not_eligible,true
S15AEVT_000954,T7_rejected_or_non_flood,false,false,source_geocoding_not_eligible,true
S15AEVT_000955,T7_rejected_or_non_flood,false,false,source_geocoding_not_eligible,true
S15AEVT_000956,T7_rejected_or_non_flood,false,false,source_geocoding_not_eligible,true
S15AEVT_000957,T7_rejected_or_non_flood,false,false,source_geocoding_not_eligible,true
S15AEVT_000958,T7_rejected_or_non_flood,false,false,source_geocoding_not_eligible,true
S15AEVT_000959,T7_rejected_or_non_flood,false,false,source_geocoding_not_eligible,true
S15AEVT_000960,T7_rejected_or_non_flood,false,false,source_geocoding_not_eligible,true
S15AEVT_000961,T7_rejected_or_non_flood,false,false,source_geocoding_not_eligible,true
S15AEVT_000962,T7_rejected_or_non_flood,false,false,source_geocoding_not_eligible,true
S15AEVT_000963,T7_rejected_or_non_flood,false,false,source_geocoding_not_eligible,true
S15AEVT_000964,T7_rejected_or_non_flood,false,false,source_geocoding_not_eligible,true
S15AEVT_000965,T7_rejected_or_non_flood,false,false,source_geocoding_not_eligible,true
S15AEVT_000966,T7_rejected_or_non_flood,false,false,source_geocoding_not_eligible,true
S15AEVT_000967,T7_rejected_or_non_flood,false,false,source_geocoding_not_eligible,true
S15AEVT_000968,T7_rejected_or_non_flood,false,false,source_geocoding_not_eligible,true
S15AEVT_000969,T7_rejected_or_non_flood,false,false,source_geocoding_not_eligible,true
S15AEVT_000970,T7_rejected_or_non_flood,false,false,source_geocoding_not_eligible,true
S15AEVT_000971,T7_rejected_or_non_flood,false,false,source_geocoding_not_eligible,true
S15AEVT_000972,T7_rejected_or_non_flood,false,false,source_geocoding_not_eligible,true
S15AEVT_000973,T7_rejected_or_non_flood,false,false,source_geocoding_not_eligible,true
S15AEVT_000974,T7_rejected_or_non_flood,false,false,source_geocoding_not_eligible,true
S15AEVT_000975,T7_rejected_or_non_flood,false,false,source_geocoding_not_eligible,true
S15AEVT_000976,T7_rejected_or_non_flood,false,false,source_geocoding_not_eligible,true
S15AEVT_000977,T7_rejected_or_non_flood,false,false,source_geocoding_not_eligible,true
S15AEVT_000978,T7_rejected_or_non_flood,false,false,source_geocoding_not_eligible,true
S15AEVT_000979,T7_rejected_or_non_flood,false,false,source_geocoding_not_eligible,true
S15AEVT_000980,T7_rejected_or_non_flood,false,false,source_geocoding_not_eligible,true
S15AEVT_000981,T7_rejected_or_non_flood,false,false,source_geocoding_not_eligible,true
S15AEVT_000982,T7_rejected_or_non_flood,false,false,source_geocoding_not_eligible,true
S15AEVT_000983,T7_rejected_or_non_flood,false,false,source_geocoding_not_eligible,true
S15AEVT_000984,T7_rejected_or_non_flood,false,false,source_geocoding_not_eligible,true
S15AEVT_000985,T7_rejected_or_non_flood,false,false,source_geocoding_not_eligible,true
S15AEVT_000986,T7_rejected_or_non_flood,false,false,source_geocoding_not_eligible,true
S15AEVT_000987,T7_rejected_or_non_flood,false,false,source_geocoding_not_eligible,true
S15AEVT_000988,T7_rejected_or_non_flood,false,false,source_geocoding_not_eligible,true
S15AEVT_000989,T7_rejected_or_non_flood,false,false,source_geocoding_not_eligible,true
S15AEVT_000990,T7_rejected_or_non_flood,false,false,source_geocoding_not_eligible,true
S15AEVT_000991,T7_rejected_or_non_flood,false,false,source_geocoding_not_eligible,true
S15AEVT_000992,T7_rejected_or_non_flood,false,false,source_geocoding_not_eligible,true
S15AEVT_000993,T7_rejected_or_non_flood,false,false,source_geocoding_not_eligible,true
S15AEVT_000994,T7_rejected_or_non_flood,false,false,source_geocoding_not_eligible,true
S15AEVT_000995,T7_rejected_or_non_flood,false,false,source_geocoding_not_eligible,true
S15AEVT_000996,T7_rejected_or_non_flood,false,false,source_geocoding_not_eligible,true
S15AEVT_000997,T7_rejected_or_non_flood,false,false,source_geocoding_not_eligible,true
S15AEVT_000998,T7_rejected_or_non_flood,false,false,source_geocoding_not_eligible,true
S15AEVT_000999,T7_rejected_or_non_flood,false,false,source_geocoding_not_eligible,true
S15AEVT_001000,T7_rejected_or_non_flood,false,false,source_geocoding_not_eligible,true
S15AEVT_001001,T7_rejected_or_non_flood,false,false,source_geocoding_not_eligible,true
S15AEVT_001002,T7_rejected_or_non_flood,false,false,source_geocoding_not_eligible,true
S15AEVT_001003,T7_rejected_or_non_flood,false,false,source_geocoding_not_eligible,true
S15AEVT_001004,T7_rejected_or_non_flood,false,false,source_geocoding_not_eligible,true
S15AEVT_001005,T7_rejected_or_non_flood,false,false,source_geocoding_not_eligible,true
S15AEVT_001006,T7_rejected_or_non_flood,false,false,source_geocoding_not_eligible,true
S15AEVT_001007,T7_rejected_or_non_flood,false,false,source_geocoding_not_eligible,true
S15AEVT_001008,T7_rejected_or_non_flood,false,false,source_geocoding_not_eligible,true
S15AEVT_001009,T7_rejected_or_non_flood,false,false,source_geocoding_not_eligible,true
S15AEVT_001010,T7_rejected_or_non_flood,false,false,source_geocoding_not_eligible,true
S15AEVT_001011,T7_rejected_or_non_flood,false,false,source_geocoding_not_eligible,true
S15AEVT_001012,T7_rejected_or_non_flood,false,false,source_geocoding_not_eligible,true
S15AEVT_001013,T7_rejected_or_non_flood,false,false,source_geocoding_not_eligible,true
S15AEVT_001014,T7_rejected_or_non_flood,false,false,source_geocoding_not_eligible,true
S15AEVT_001015,T7_rejected_or_non_flood,false,false,source_geocoding_not_eligible,true
S15AEVT_001016,T7_rejected_or_non_flood,false,false,source_geocoding_not_eligible,true
S15AEVT_001017,T7_rejected_or_non_flood,false,false,source_geocoding_not_eligible,true
S15AEVT_001018,T7_rejected_or_non_flood,false,false,source_geocoding_not_eligible,true
S15AEVT_001019,T7_rejected_or_non_flood,false,false,source_geocoding_not_eligible,true
S15AEVT_001020,T7_rejected_or_non_flood,false,false,source_geocoding_not_eligible,true
S15AEVT_001021,T7_rejected_or_non_flood,false,false,source_geocoding_not_eligible,true
S15AEVT_001022,T7_rejected_or_non_flood,false,false,source_geocoding_not_eligible,true
S15AEVT_001023,T7_rejected_or_non_flood,false,false,source_geocoding_not_eligible,true
S15AEVT_001024,T7_rejected_or_non_flood,false,false,source_geocoding_not_eligible,true
S15AEVT_001025,T7_rejected_or_non_flood,false,false,source_geocoding_not_eligible,true
S15AEVT_001026,T7_rejected_or_non_flood,false,false,source_geocoding_not_eligible,true
S15AEVT_001027,T7_rejected_or_non_flood,false,false,source_geocoding_not_eligible,true
S15AEVT_001028,T7_rejected_or_non_flood,false,false,source_geocoding_not_eligible,true
S15AEVT_001029,T7_rejected_or_non_flood,false,false,source_geocoding_not_eligible,true
S15AEVT_001030,T7_rejected_or_non_flood,false,false,source_geocoding_not_eligible,true
S15AEVT_001031,T7_rejected_or_non_flood,false,false,source_geocoding_not_eligible,true
S15AEVT_001032,T7_rejected_or_non_flood,false,false,source_geocoding_not_eligible,true
S15AEVT_001033,T7_rejected_or_non_flood,false,false,source_geocoding_not_eligible,true
S15AEVT_001034,T7_rejected_or_non_flood,false,false,source_geocoding_not_eligible,true
S15AEVT_001035,T7_rejected_or_non_flood,false,false,source_geocoding_not_eligible,true
S15AEVT_001036,T7_rejected_or_non_flood,false,false,source_geocoding_not_eligible,true
S15AEVT_001037,T7_rejected_or_non_flood,false,false,source_geocoding_not_eligible,true
S15AEVT_001038,T7_rejected_or_non_flood,false,false,source_geocoding_not_eligible,true
S15AEVT_001039,T7_rejected_or_non_flood,false,false,source_geocoding_not_eligible,true
S15AEVT_001040,T7_rejected_or_non_flood,false,false,source_geocoding_not_eligible,true
S15AEVT_001041,T7_rejected_or_non_flood,false,false,source_geocoding_not_eligible,true
S15AEVT_001042,T7_rejected_or_non_flood,false,false,source_geocoding_not_eligible,true
S15AEVT_001043,T7_rejected_or_non_flood,false,false,source_geocoding_not_eligible,true
S15AEVT_001044,T7_rejected_or_non_flood,false,false,source_geocoding_not_eligible,true
S15AEVT_001045,T7_rejected_or_non_flood,false,false,source_geocoding_not_eligible,true
S15AEVT_001046,T7_rejected_or_non_flood,false,false,source_geocoding_not_eligible,true
S15AEVT_001047,T7_rejected_or_non_flood,false,false,source_geocoding_not_eligible,true
S15AEVT_001048,T7_rejected_or_non_flood,false,false,source_geocoding_not_eligible,true
S15AEVT_001049,T7_rejected_or_non_flood,false,false,source_geocoding_not_eligible,true
S15AEVT_001050,T7_rejected_or_non_flood,false,false,source_geocoding_not_eligible,true
S15AEVT_001051,T7_rejected_or_non_flood,false,false,source_geocoding_not_eligible,true
S15AEVT_001052,T7_rejected_or_non_flood,false,false,source_geocoding_not_eligible,true
S15AEVT_001053,T7_rejected_or_non_flood,false,false,source_geocoding_not_eligible,true
S15AEVT_001054,T7_rejected_or_non_flood,false,false,source_geocoding_not_eligible,true
S15AEVT_001055,T7_rejected_or_non_flood,false,false,source_geocoding_not_eligible,true
S15AEVT_001056,T7_rejected_or_non_flood,false,false,source_geocoding_not_eligible,true
S15AEVT_001057,T7_rejected_or_non_flood,false,false,source_geocoding_not_eligible,true
S15AEVT_001058,T7_rejected_or_non_flood,false,false,source_geocoding_not_eligible,true
S15AEVT_001059,T7_rejected_or_non_flood,false,false,source_geocoding_not_eligible,true
S15AEVT_001060,T7_rejected_or_non_flood,false,false,source_geocoding_not_eligible,true
S15AEVT_001061,T7_rejected_or_non_flood,false,false,source_geocoding_not_eligible,true
S15AEVT_001062,T7_rejected_or_non_flood,false,false,source_geocoding_not_eligible,true
S15AEVT_001063,T7_rejected_or_non_flood,false,false,source_geocoding_not_eligible,true
S15AEVT_001064,T7_rejected_or_non_flood,false,false,source_geocoding_not_eligible,true
S15AEVT_001065,T7_rejected_or_non_flood,false,false,source_geocoding_not_eligible,true
S15AEVT_001066,T7_rejected_or_non_flood,false,false,source_geocoding_not_eligible,true
S15AEVT_001067,T7_rejected_or_non_flood,false,false,source_geocoding_not_eligible,true
S15AEVT_001068,T7_rejected_or_non_flood,false,false,source_geocoding_not_eligible,true
S15AEVT_001069,T7_rejected_or_non_flood,false,false,source_geocoding_not_eligible,true
S15AEVT_001070,T7_rejected_or_non_flood,false,false,source_geocoding_not_eligible,true
S15AEVT_001071,T7_rejected_or_non_flood,false,false,source_geocoding_not_eligible,true
S15AEVT_001072,T7_rejected_or_non_flood,false,false,source_geocoding_not_eligible,true
S15AEVT_001073,T7_rejected_or_non_flood,false,false,source_geocoding_not_eligible,true
S15AEVT_001074,T7_rejected_or_non_flood,false,false,source_geocoding_not_eligible,true
S15AEVT_001075,T7_rejected_or_non_flood,false,false,source_geocoding_not_eligible,true
S15AEVT_001076,T7_rejected_or_non_flood,false,false,source_geocoding_not_eligible,true
S15AEVT_001077,T7_rejected_or_non_flood,false,false,source_geocoding_not_eligible,true
S15AEVT_001078,T7_rejected_or_non_flood,false,false,source_geocoding_not_eligible,true
S15AEVT_001079,T7_rejected_or_non_flood,false,false,source_geocoding_not_eligible,true
S15AEVT_001080,T7_rejected_or_non_flood,false,false,source_geocoding_not_eligible,true
S15AEVT_001081,T7_rejected_or_non_flood,false,false,source_geocoding_not_eligible,true
S15AEVT_001082,T7_rejected_or_non_flood,false,false,source_geocoding_not_eligible,true
S15AEVT_001083,T7_rejected_or_non_flood,false,false,source_geocoding_not_eligible,true
S15AEVT_001084,T7_rejected_or_non_flood,false,false,source_geocoding_not_eligible,true
S15AEVT_001085,T7_rejected_or_non_flood,false,false,source_geocoding_not_eligible,true
S15AEVT_001086,T7_rejected_or_non_flood,false,false,source_geocoding_not_eligible,true
S15AEVT_001087,T7_rejected_or_non_flood,false,false,source_geocoding_not_eligible,true
S15AEVT_001088,T7_rejected_or_non_flood,false,false,source_geocoding_not_eligible,true
S15AEVT_001089,T7_rejected_or_non_flood,false,false,source_geocoding_not_eligible,true
S15AEVT_001090,T7_rejected_or_non_flood,false,false,source_geocoding_not_eligible,true
S15AEVT_001091,T7_rejected_or_non_flood,false,false,source_geocoding_not_eligible,true
S15AEVT_001092,T7_rejected_or_non_flood,false,false,source_geocoding_not_eligible,true
S15AEVT_001093,T7_rejected_or_non_flood,false,false,source_geocoding_not_eligible,true
S15AEVT_001094,T7_rejected_or_non_flood,false,false,source_geocoding_not_eligible,true
S15AEVT_001095,T7_rejected_or_non_flood,false,false,source_geocoding_not_eligible,true
S15AEVT_001096,T7_rejected_or_non_flood,false,false,source_geocoding_not_eligible,true
S15AEVT_001097,T7_rejected_or_non_flood,false,false,source_geocoding_not_eligible,true
S15AEVT_001098,T7_rejected_or_non_flood,false,false,source_geocoding_not_eligible,true
S15AEVT_001099,T7_rejected_or_non_flood,false,false,source_geocoding_not_eligible,true
S15AEVT_001100,T7_rejected_or_non_flood,false,false,source_geocoding_not_eligible,true
S15AEVT_001101,T7_rejected_or_non_flood,false,false,source_geocoding_not_eligible,true
S15AEVT_001102,T7_rejected_or_non_flood,false,false,source_geocoding_not_eligible,true
S15AEVT_001103,T7_rejected_or_non_flood,false,false,source_geocoding_not_eligible,true
S15AEVT_001104,T7_rejected_or_non_flood,false,false,source_geocoding_not_eligible,true
S15AEVT_001105,T7_rejected_or_non_flood,false,false,source_geocoding_not_eligible,true
S15AEVT_001106,T7_rejected_or_non_flood,false,false,source_geocoding_not_eligible,true
S15AEVT_001107,T7_rejected_or_non_flood,false,false,source_geocoding_not_eligible,true
S15AEVT_001108,T7_rejected_or_non_flood,false,false,source_geocoding_not_eligible,true
S15AEVT_001109,T7_rejected_or_non_flood,false,false,source_geocoding_not_eligible,true
S15AEVT_001110,T7_rejected_or_non_flood,false,false,source_geocoding_not_eligible,true
S15AEVT_001111,T7_rejected_or_non_flood,false,false,source_geocoding_not_eligible,true
S15AEVT_001112,T7_rejected_or_non_flood,false,false,source_geocoding_not_eligible,true
S15AEVT_001113,T7_rejected_or_non_flood,false,false,source_geocoding_not_eligible,true
S15AEVT_001114,T7_rejected_or_non_flood,false,false,source_geocoding_not_eligible,true
S15AEVT_001115,T7_rejected_or_non_flood,false,false,source_geocoding_not_eligible,true
S15AEVT_001116,T7_rejected_or_non_flood,false,false,source_geocoding_not_eligible,true
S15AEVT_001117,T7_rejected_or_non_flood,false,false,source_geocoding_not_eligible,true
S15AEVT_001118,T7_rejected_or_non_flood,false,false,source_geocoding_not_eligible,true
S15AEVT_001119,T7_rejected_or_non_flood,false,false,source_geocoding_not_eligible,true
S15AEVT_001120,T7_rejected_or_non_flood,false,false,source_geocoding_not_eligible,true
S15AEVT_001121,T7_rejected_or_non_flood,false,false,source_geocoding_not_eligible,true
S15AEVT_001122,T7_rejected_or_non_flood,false,false,source_geocoding_not_eligible,true
S15AEVT_001123,T7_rejected_or_non_flood,false,false,source_geocoding_not_eligible,true
S15AEVT_001124,T7_rejected_or_non_flood,false,false,source_geocoding_not_eligible,true
S15AEVT_001125,T7_rejected_or_non_flood,false,false,source_geocoding_not_eligible,true
S15AEVT_001126,T7_rejected_or_non_flood,false,false,source_geocoding_not_eligible,true
S15AEVT_001127,T7_rejected_or_non_flood,false,false,source_geocoding_not_eligible,true
S15AEVT_001128,T7_rejected_or_non_flood,false,false,source_geocoding_not_eligible,true
S15AEVT_001129,T7_rejected_or_non_flood,false,false,source_geocoding_not_eligible,true
S15AEVT_001130,T7_rejected_or_non_flood,false,false,source_geocoding_not_eligible,true
S15AEVT_001131,T7_rejected_or_non_flood,false,false,source_geocoding_not_eligible,true
S15AEVT_001132,T7_rejected_or_non_flood,false,false,source_geocoding_not_eligible,true
S15AEVT_001133,T7_rejected_or_non_flood,false,false,source_geocoding_not_eligible,true
S15AEVT_001134,T7_rejected_or_non_flood,false,false,source_geocoding_not_eligible,true
S15AEVT_001135,T7_rejected_or_non_flood,false,false,source_geocoding_not_eligible,true
S15AEVT_001136,T7_rejected_or_non_flood,false,false,source_geocoding_not_eligible,true
S15AEVT_001137,T7_rejected_or_non_flood,false,false,source_geocoding_not_eligible,true
S15AEVT_001138,T7_rejected_or_non_flood,false,false,source_geocoding_not_eligible,true
S15AEVT_001139,T7_rejected_or_non_flood,false,false,source_geocoding_not_eligible,true
S15AEVT_001140,T7_rejected_or_non_flood,false,false,source_geocoding_not_eligible,true
S15AEVT_001141,T7_rejected_or_non_flood,false,false,source_geocoding_not_eligible,true
S15AEVT_001142,T7_rejected_or_non_flood,false,false,source_geocoding_not_eligible,true
S15AEVT_001143,T7_rejected_or_non_flood,false,false,source_geocoding_not_eligible,true
S15AEVT_001144,T7_rejected_or_non_flood,false,false,source_geocoding_not_eligible,true
S15AEVT_001145,T7_rejected_or_non_flood,false,false,source_geocoding_not_eligible,true
S15AEVT_001146,T7_rejected_or_non_flood,false,false,source_geocoding_not_eligible,true
S15AEVT_001147,T7_rejected_or_non_flood,false,false,source_geocoding_not_eligible,true
S15AEVT_001148,T7_rejected_or_non_flood,false,false,source_geocoding_not_eligible,true
S15AEVT_001149,T7_rejected_or_non_flood,false,false,source_geocoding_not_eligible,true
S15AEVT_001150,T7_rejected_or_non_flood,false,false,source_geocoding_not_eligible,true
S15AEVT_001151,T7_rejected_or_non_flood,false,false,source_geocoding_not_eligible,true
S15AEVT_001152,T7_rejected_or_non_flood,false,false,source_geocoding_not_eligible,true
S15AEVT_001153,T7_rejected_or_non_flood,false,false,source_geocoding_not_eligible,true
S15AEVT_001154,T7_rejected_or_non_flood,false,false,source_geocoding_not_eligible,true
S15AEVT_001155,T7_rejected_or_non_flood,false,false,source_geocoding_not_eligible,true
S15AEVT_001156,T7_rejected_or_non_flood,false,false,source_geocoding_not_eligible,true
S15AEVT_001157,T7_rejected_or_non_flood,false,false,source_geocoding_not_eligible,true
S15AEVT_001158,T7_rejected_or_non_flood,false,false,source_geocoding_not_eligible,true
S15AEVT_001159,T7_rejected_or_non_flood,false,false,source_geocoding_not_eligible,true
S15AEVT_001160,T7_rejected_or_non_flood,false,false,source_geocoding_not_eligible,true
S15AEVT_001161,T7_rejected_or_non_flood,false,false,source_geocoding_not_eligible,true
S15AEVT_001162,T7_rejected_or_non_flood,false,false,source_geocoding_not_eligible,true
S15AEVT_001163,T7_rejected_or_non_flood,false,false,source_geocoding_not_eligible,true
S15AEVT_001164,T7_rejected_or_non_flood,false,false,source_geocoding_not_eligible,true
S15AEVT_001165,T7_rejected_or_non_flood,false,false,source_geocoding_not_eligible,true
S15AEVT_001166,T7_rejected_or_non_flood,false,false,source_geocoding_not_eligible,true
S15AEVT_001167,T7_rejected_or_non_flood,false,false,source_geocoding_not_eligible,true
S15AEVT_001168,T7_rejected_or_non_flood,false,false,source_geocoding_not_eligible,true
S15AEVT_001169,T7_rejected_or_non_flood,false,false,source_geocoding_not_eligible,true
S15AEVT_001170,T7_rejected_or_non_flood,false,false,source_geocoding_not_eligible,true
S15AEVT_001171,T7_rejected_or_non_flood,false,false,source_geocoding_not_eligible,true
S15AEVT_001172,T7_rejected_or_non_flood,false,false,source_geocoding_not_eligible,true
S15AEVT_001173,T7_rejected_or_non_flood,false,false,source_geocoding_not_eligible,true
S15AEVT_001174,T7_rejected_or_non_flood,false,false,source_geocoding_not_eligible,true
S15AEVT_001175,T7_rejected_or_non_flood,false,false,source_geocoding_not_eligible,true
S15AEVT_001176,T7_rejected_or_non_flood,false,false,source_geocoding_not_eligible,true
S15AEVT_001177,T7_rejected_or_non_flood,false,false,source_geocoding_not_eligible,true
S15AEVT_001178,T7_rejected_or_non_flood,false,false,source_geocoding_not_eligible,true
S15AEVT_001179,T7_rejected_or_non_flood,false,false,source_geocoding_not_eligible,true
S15AEVT_001180,T7_rejected_or_non_flood,false,false,source_geocoding_not_eligible,true
S15AEVT_001181,T7_rejected_or_non_flood,false,false,source_geocoding_not_eligible,true
S15AEVT_001182,T7_rejected_or_non_flood,false,false,source_geocoding_not_eligible,true
S15AEVT_001183,T7_rejected_or_non_flood,false,false,source_geocoding_not_eligible,true
S15AEVT_001184,T7_rejected_or_non_flood,false,false,source_geocoding_not_eligible,true
S15AEVT_001185,T7_rejected_or_non_flood,false,false,source_geocoding_not_eligible,true
S15AEVT_001186,T7_rejected_or_non_flood,false,false,source_geocoding_not_eligible,true
S15AEVT_001187,T7_rejected_or_non_flood,false,false,source_geocoding_not_eligible,true
S15AEVT_001188,T7_rejected_or_non_flood,false,false,source_geocoding_not_eligible,true
S15AEVT_001189,T7_rejected_or_non_flood,false,false,source_geocoding_not_eligible,true
S15AEVT_001190,T7_rejected_or_non_flood,false,false,source_geocoding_not_eligible,true
S15AEVT_001191,T7_rejected_or_non_flood,false,false,source_geocoding_not_eligible,true
S15AEVT_001192,T7_rejected_or_non_flood,false,false,source_geocoding_not_eligible,true
S15AEVT_001193,T7_rejected_or_non_flood,false,false,source_geocoding_not_eligible,true
S15AEVT_001194,T7_rejected_or_non_flood,false,false,source_geocoding_not_eligible,true
S15AEVT_001195,T7_rejected_or_non_flood,false,false,source_geocoding_not_eligible,true
S15AEVT_001196,T7_rejected_or_non_flood,false,false,source_geocoding_not_eligible,true
S15AEVT_001197,T7_rejected_or_non_flood,false,false,source_geocoding_not_eligible,true
S15AEVT_001198,T7_rejected_or_non_flood,false,false,source_geocoding_not_eligible,true
S15AEVT_001199,T7_rejected_or_non_flood,false,false,source_geocoding_not_eligible,true
S15AEVT_001200,T7_rejected_or_non_flood,false,false,source_geocoding_not_eligible,true
S15AEVT_001201,T7_rejected_or_non_flood,false,false,source_geocoding_not_eligible,true
S15AEVT_001202,T7_rejected_or_non_flood,false,false,source_geocoding_not_eligible,true
S15AEVT_001203,T7_rejected_or_non_flood,false,false,source_geocoding_not_eligible,true
S15AEVT_001204,T7_rejected_or_non_flood,false,false,source_geocoding_not_eligible,true
S15AEVT_001205,T7_rejected_or_non_flood,false,false,source_geocoding_not_eligible,true
S15AEVT_001206,T7_rejected_or_non_flood,false,false,source_geocoding_not_eligible,true
S15AEVT_001207,T7_rejected_or_non_flood,false,false,source_geocoding_not_eligible,true
S15AEVT_001208,T7_rejected_or_non_flood,false,false,source_geocoding_not_eligible,true
S15AEVT_001209,T7_rejected_or_non_flood,false,false,source_geocoding_not_eligible,true
S15AEVT_001210,T7_rejected_or_non_flood,false,false,source_geocoding_not_eligible,true
S15AEVT_001211,T7_rejected_or_non_flood,false,false,source_geocoding_not_eligible,true
S15AEVT_001212,T7_rejected_or_non_flood,false,false,source_geocoding_not_eligible,true
S15AEVT_001213,T7_rejected_or_non_flood,false,false,source_geocoding_not_eligible,true
S15AEVT_001214,T7_rejected_or_non_flood,false,false,source_geocoding_not_eligible,true
S15AEVT_001215,T7_rejected_or_non_flood,false,false,source_geocoding_not_eligible,true
S15AEVT_001216,T7_rejected_or_non_flood,false,false,source_geocoding_not_eligible,true
S15AEVT_001217,T7_rejected_or_non_flood,false,false,source_geocoding_not_eligible,true
S15AEVT_001218,T7_rejected_or_non_flood,false,false,source_geocoding_not_eligible,true
S15AEVT_001219,T7_rejected_or_non_flood,false,false,source_geocoding_not_eligible,true
S15AEVT_001220,T7_rejected_or_non_flood,false,false,source_geocoding_not_eligible,true
S15AEVT_001221,T7_rejected_or_non_flood,false,false,source_geocoding_not_eligible,true
S15AEVT_001222,T7_rejected_or_non_flood,false,false,source_geocoding_not_eligible,true
S15AEVT_001223,T7_rejected_or_non_flood,false,false,source_geocoding_not_eligible,true
S15AEVT_001224,T7_rejected_or_non_flood,false,false,source_geocoding_not_eligible,true
S15AEVT_001225,T7_rejected_or_non_flood,false,false,source_geocoding_not_eligible,true
S15AEVT_001226,T7_rejected_or_non_flood,false,false,source_geocoding_not_eligible,true
S15AEVT_001227,T7_rejected_or_non_flood,false,false,source_geocoding_not_eligible,true
S15AEVT_001228,T7_rejected_or_non_flood,false,false,source_geocoding_not_eligible,true
S15AEVT_001229,T7_rejected_or_non_flood,false,false,source_geocoding_not_eligible,true
S15AEVT_001230,T7_rejected_or_non_flood,false,false,source_geocoding_not_eligible,true
S15AEVT_001231,T7_rejected_or_non_flood,false,false,source_geocoding_not_eligible,true
S15AEVT_001232,T7_rejected_or_non_flood,false,false,source_geocoding_not_eligible,true
S15AEVT_001233,T7_rejected_or_non_flood,false,false,source_geocoding_not_eligible,true
S15AEVT_001234,T7_rejected_or_non_flood,false,false,source_geocoding_not_eligible,true
S15AEVT_001235,T7_rejected_or_non_flood,false,false,source_geocoding_not_eligible,true
S15AEVT_001236,T7_rejected_or_non_flood,false,false,source_geocoding_not_eligible,true
S15AEVT_001237,T7_rejected_or_non_flood,false,false,source_geocoding_not_eligible,true
S15AEVT_001238,T7_rejected_or_non_flood,false,false,source_geocoding_not_eligible,true
S15AEVT_001239,T7_rejected_or_non_flood,false,false,source_geocoding_not_eligible,true
S15AEVT_001240,T7_rejected_or_non_flood,false,false,source_geocoding_not_eligible,true
S15AEVT_001241,T7_rejected_or_non_flood,false,false,source_geocoding_not_eligible,true
S15AEVT_001242,T7_rejected_or_non_flood,false,false,source_geocoding_not_eligible,true
S15AEVT_001243,T7_rejected_or_non_flood,false,false,source_geocoding_not_eligible,true
S15AEVT_001244,T7_rejected_or_non_flood,false,false,source_geocoding_not_eligible,true
S15AEVT_001245,T7_rejected_or_non_flood,false,false,source_geocoding_not_eligible,true
S15AEVT_001246,T7_rejected_or_non_flood,false,false,source_geocoding_not_eligible,true
S15AEVT_001247,T7_rejected_or_non_flood,false,false,source_geocoding_not_eligible,true
S15AEVT_001248,T7_rejected_or_non_flood,false,false,source_geocoding_not_eligible,true
S15AEVT_001249,T7_rejected_or_non_flood,false,false,source_geocoding_not_eligible,true
S15AEVT_001250,T7_rejected_or_non_flood,false,false,source_geocoding_not_eligible,true
S15AEVT_001251,T7_rejected_or_non_flood,false,false,source_geocoding_not_eligible,true
S15AEVT_001252,T7_rejected_or_non_flood,false,false,source_geocoding_not_eligible,true
S15AEVT_001253,T7_rejected_or_non_flood,false,false,source_geocoding_not_eligible,true
S15AEVT_001254,T7_rejected_or_non_flood,false,false,source_geocoding_not_eligible,true
S15AEVT_001255,T7_rejected_or_non_flood,false,false,source_geocoding_not_eligible,true
S15AEVT_001256,T7_rejected_or_non_flood,false,false,source_geocoding_not_eligible,true
S15AEVT_001257,T7_rejected_or_non_flood,false,false,source_geocoding_not_eligible,true
S15AEVT_001258,T7_rejected_or_non_flood,false,false,source_geocoding_not_eligible,true
S15AEVT_001259,T7_rejected_or_non_flood,false,false,source_geocoding_not_eligible,true
S15AEVT_001260,T7_rejected_or_non_flood,false,false,source_geocoding_not_eligible,true
S15AEVT_001261,T7_rejected_or_non_flood,false,false,source_geocoding_not_eligible,true
S15AEVT_001262,T7_rejected_or_non_flood,false,false,source_geocoding_not_eligible,true
S15AEVT_001263,T7_rejected_or_non_flood,false,false,source_geocoding_not_eligible,true
S15AEVT_001264,T7_rejected_or_non_flood,false,false,source_geocoding_not_eligible,true
S15AEVT_001265,T7_rejected_or_non_flood,false,false,source_geocoding_not_eligible,true
S15AEVT_001266,T7_rejected_or_non_flood,false,false,source_geocoding_not_eligible,true
S15AEVT_001267,T7_rejected_or_non_flood,false,false,source_geocoding_not_eligible,true
S15AEVT_001268,T7_rejected_or_non_flood,false,false,source_geocoding_not_eligible,true
S15AEVT_001269,T7_rejected_or_non_flood,false,false,source_geocoding_not_eligible,true
S15AEVT_001270,T7_rejected_or_non_flood,false,false,source_geocoding_not_eligible,true
S15AEVT_001271,T7_rejected_or_non_flood,false,false,source_geocoding_not_eligible,true
S15AEVT_001272,T7_rejected_or_non_flood,false,false,source_geocoding_not_eligible,true
S15AEVT_001273,T7_rejected_or_non_flood,false,false,source_geocoding_not_eligible,true
S15AEVT_001274,T7_rejected_or_non_flood,false,false,source_geocoding_not_eligible,true
S15AEVT_001275,T7_rejected_or_non_flood,false,false,source_geocoding_not_eligible,true
S15AEVT_001276,T7_rejected_or_non_flood,false,false,source_geocoding_not_eligible,true
S15AEVT_001277,T7_rejected_or_non_flood,false,false,source_geocoding_not_eligible,true
S15AEVT_001278,T7_rejected_or_non_flood,false,false,source_geocoding_not_eligible,true
S15AEVT_001279,T7_rejected_or_non_flood,false,false,source_geocoding_not_eligible,true
S15AEVT_001280,T7_rejected_or_non_flood,false,false,source_geocoding_not_eligible,true
S15AEVT_001281,T7_rejected_or_non_flood,false,false,source_geocoding_not_eligible,true
S15AEVT_001282,T7_rejected_or_non_flood,false,false,source_geocoding_not_eligible,true
S15AEVT_001283,T7_rejected_or_non_flood,false,false,source_geocoding_not_eligible,true
S15AEVT_001284,T7_rejected_or_non_flood,false,false,source_geocoding_not_eligible,true
S15AEVT_001285,T7_rejected_or_non_flood,false,false,source_geocoding_not_eligible,true
S15AEVT_001286,T7_rejected_or_non_flood,false,false,source_geocoding_not_eligible,true
S15AEVT_001287,T7_rejected_or_non_flood,false,false,source_geocoding_not_eligible,true
S15AEVT_001288,T7_rejected_or_non_flood,false,false,source_geocoding_not_eligible,true
S15AEVT_001289,T7_rejected_or_non_flood,false,false,source_geocoding_not_eligible,true
S15AEVT_001290,T7_rejected_or_non_flood,false,false,source_geocoding_not_eligible,true
S15AEVT_001291,T7_rejected_or_non_flood,false,false,source_geocoding_not_eligible,true
S15AEVT_001292,T7_rejected_or_non_flood,false,false,source_geocoding_not_eligible,true
S15AEVT_001293,T7_rejected_or_non_flood,false,false,source_geocoding_not_eligible,true
S15AEVT_001294,T7_rejected_or_non_flood,false,false,source_geocoding_not_eligible,true
S15AEVT_001295,T7_rejected_or_non_flood,false,false,source_geocoding_not_eligible,true
S15AEVT_001296,T7_rejected_or_non_flood,false,false,source_geocoding_not_eligible,true
S15AEVT_001297,T7_rejected_or_non_flood,false,false,source_geocoding_not_eligible,true
S15AEVT_001298,T7_rejected_or_non_flood,false,false,source_geocoding_not_eligible,true
S15AEVT_001299,T7_rejected_or_non_flood,false,false,source_geocoding_not_eligible,true
S15AEVT_001300,T7_rejected_or_non_flood,false,false,source_geocoding_not_eligible,true
S15AEVT_001301,T7_rejected_or_non_flood,false,false,source_geocoding_not_eligible,true
S15AEVT_001302,T7_rejected_or_non_flood,false,false,source_geocoding_not_eligible,true
S15AEVT_001303,T7_rejected_or_non_flood,false,false,source_geocoding_not_eligible,true
S15AEVT_001304,T7_rejected_or_non_flood,false,false,source_geocoding_not_eligible,true
S15AEVT_001305,T7_rejected_or_non_flood,false,false,source_geocoding_not_eligible,true
S15AEVT_001306,T7_rejected_or_non_flood,false,false,source_geocoding_not_eligible,true
S15AEVT_001307,T7_rejected_or_non_flood,false,false,source_geocoding_not_eligible,true
S15AEVT_001308,T7_rejected_or_non_flood,false,false,source_geocoding_not_eligible,true
S15AEVT_001309,T7_rejected_or_non_flood,false,false,source_geocoding_not_eligible,true
S15AEVT_001310,T7_rejected_or_non_flood,false,false,source_geocoding_not_eligible,true
S15AEVT_001311,T7_rejected_or_non_flood,false,false,source_geocoding_not_eligible,true
S15AEVT_001312,T7_rejected_or_non_flood,false,false,source_geocoding_not_eligible,true
S15AEVT_001313,T7_rejected_or_non_flood,false,false,source_geocoding_not_eligible,true
S15AEVT_001314,T7_rejected_or_non_flood,false,false,source_geocoding_not_eligible,true
S15AEVT_001315,T7_rejected_or_non_flood,false,false,source_geocoding_not_eligible,true
S15AEVT_001316,T7_rejected_or_non_flood,false,false,source_geocoding_not_eligible,true
S15AEVT_001317,T7_rejected_or_non_flood,false,false,source_geocoding_not_eligible,true
S15AEVT_001318,T7_rejected_or_non_flood,false,false,source_geocoding_not_eligible,true
S15AEVT_001319,T7_rejected_or_non_flood,false,false,source_geocoding_not_eligible,true
S15AEVT_001320,T7_rejected_or_non_flood,false,false,source_geocoding_not_eligible,true
S15AEVT_001321,T7_rejected_or_non_flood,false,false,source_geocoding_not_eligible,true
S15AEVT_001322,T7_rejected_or_non_flood,false,false,source_geocoding_not_eligible,true
S15AEVT_001323,T7_rejected_or_non_flood,false,false,source_geocoding_not_eligible,true
S15AEVT_001324,T7_rejected_or_non_flood,false,false,source_geocoding_not_eligible,true
S15AEVT_001325,T7_rejected_or_non_flood,false,false,source_geocoding_not_eligible,true
S15AEVT_001326,T7_rejected_or_non_flood,false,false,source_geocoding_not_eligible,true
S15AEVT_001327,T7_rejected_or_non_flood,false,false,source_geocoding_not_eligible,true
S15AEVT_001328,T7_rejected_or_non_flood,false,false,source_geocoding_not_eligible,true
S15AEVT_001329,T7_rejected_or_non_flood,false,false,source_geocoding_not_eligible,true
S15AEVT_001330,T7_rejected_or_non_flood,false,false,source_geocoding_not_eligible,true
S15AEVT_001331,T7_rejected_or_non_flood,false,false,source_geocoding_not_eligible,true
S15AEVT_001332,T7_rejected_or_non_flood,false,false,source_geocoding_not_eligible,true
S15AEVT_001333,T7_rejected_or_non_flood,false,false,source_geocoding_not_eligible,true
S15AEVT_001334,T7_rejected_or_non_flood,false,false,source_geocoding_not_eligible,true
S15AEVT_001335,T7_rejected_or_non_flood,false,false,source_geocoding_not_eligible,true
S15AEVT_001336,T7_rejected_or_non_flood,false,false,source_geocoding_not_eligible,true
S15AEVT_001337,T7_rejected_or_non_flood,false,false,source_geocoding_not_eligible,true
S15AEVT_001338,T7_rejected_or_non_flood,false,false,source_geocoding_not_eligible,true
S15AEVT_001339,T7_rejected_or_non_flood,false,false,source_geocoding_not_eligible,true
S15AEVT_001340,T7_rejected_or_non_flood,false,false,source_geocoding_not_eligible,true
S15AEVT_001341,T7_rejected_or_non_flood,false,false,source_geocoding_not_eligible,true
S15AEVT_001342,T7_rejected_or_non_flood,false,false,source_geocoding_not_eligible,true
S15AEVT_001343,T7_rejected_or_non_flood,false,false,source_geocoding_not_eligible,true
S15AEVT_001344,T7_rejected_or_non_flood,false,false,source_geocoding_not_eligible,true
S15AEVT_001345,T7_rejected_or_non_flood,false,false,source_geocoding_not_eligible,true
S15AEVT_001346,T7_rejected_or_non_flood,false,false,source_geocoding_not_eligible,true
S15AEVT_001347,T7_rejected_or_non_flood,false,false,source_geocoding_not_eligible,true
S15AEVT_001348,T7_rejected_or_non_flood,false,false,source_geocoding_not_eligible,true
S15AEVT_001349,T7_rejected_or_non_flood,false,false,source_geocoding_not_eligible,true
S15AEVT_001350,T7_rejected_or_non_flood,false,false,source_geocoding_not_eligible,true
S15AEVT_001351,T7_rejected_or_non_flood,false,false,source_geocoding_not_eligible,true
S15AEVT_001352,T7_rejected_or_non_flood,false,false,source_geocoding_not_eligible,true
S15AEVT_001353,T7_rejected_or_non_flood,false,false,source_geocoding_not_eligible,true
S15AEVT_001354,T7_rejected_or_non_flood,false,false,source_geocoding_not_eligible,true
S15AEVT_001355,T7_rejected_or_non_flood,false,false,source_geocoding_not_eligible,true
S15AEVT_001356,T7_rejected_or_non_flood,false,false,source_geocoding_not_eligible,true
S15AEVT_001357,T7_rejected_or_non_flood,false,false,source_geocoding_not_eligible,true
S15AEVT_001358,T7_rejected_or_non_flood,false,false,source_geocoding_not_eligible,true
S15AEVT_001359,T7_rejected_or_non_flood,false,false,source_geocoding_not_eligible,true
S15AEVT_001360,T7_rejected_or_non_flood,false,false,source_geocoding_not_eligible,true
S15AEVT_001361,T7_rejected_or_non_flood,false,false,source_geocoding_not_eligible,true
S15AEVT_001362,T7_rejected_or_non_flood,false,false,source_geocoding_not_eligible,true
S15AEVT_001363,T7_rejected_or_non_flood,false,false,source_geocoding_not_eligible,true
S15AEVT_001364,T7_rejected_or_non_flood,false,false,source_geocoding_not_eligible,true
S15AEVT_001365,T7_rejected_or_non_flood,false,false,source_geocoding_not_eligible,true
S15AEVT_001366,T7_rejected_or_non_flood,false,false,source_geocoding_not_eligible,true
S15AEVT_001367,T7_rejected_or_non_flood,false,false,source_geocoding_not_eligible,true
S15AEVT_001368,T7_rejected_or_non_flood,false,false,source_geocoding_not_eligible,true
S15AEVT_001369,T7_rejected_or_non_flood,false,false,source_geocoding_not_eligible,true
S15AEVT_001370,T7_rejected_or_non_flood,false,false,source_geocoding_not_eligible,true
S15AEVT_001371,T7_rejected_or_non_flood,false,false,source_geocoding_not_eligible,true
S15AEVT_001372,T7_rejected_or_non_flood,false,false,source_geocoding_not_eligible,true
S15AEVT_001373,T7_rejected_or_non_flood,false,false,source_geocoding_not_eligible,true
S15AEVT_001374,T7_rejected_or_non_flood,false,false,source_geocoding_not_eligible,true
S15AEVT_001375,T7_rejected_or_non_flood,false,false,source_geocoding_not_eligible,true
S15AEVT_001376,T7_rejected_or_non_flood,false,false,source_geocoding_not_eligible,true
S15AEVT_001377,T7_rejected_or_non_flood,false,false,source_geocoding_not_eligible,true
S15AEVT_001378,T7_rejected_or_non_flood,false,false,source_geocoding_not_eligible,true
S15AEVT_001379,T7_rejected_or_non_flood,false,false,source_geocoding_not_eligible,true
S15AEVT_001380,T7_rejected_or_non_flood,false,false,source_geocoding_not_eligible,true
S15AEVT_001381,T7_rejected_or_non_flood,false,false,source_geocoding_not_eligible,true
S15AEVT_001382,T7_rejected_or_non_flood,false,false,source_geocoding_not_eligible,true
S15AEVT_001383,T7_rejected_or_non_flood,false,false,source_geocoding_not_eligible,true
S15AEVT_001384,T7_rejected_or_non_flood,false,false,source_geocoding_not_eligible,true
S15AEVT_001385,T7_rejected_or_non_flood,false,false,source_geocoding_not_eligible,true
S15AEVT_001386,T7_rejected_or_non_flood,false,false,source_geocoding_not_eligible,true
S15AEVT_001387,T7_rejected_or_non_flood,false,false,source_geocoding_not_eligible,true
S15AEVT_001388,T7_rejected_or_non_flood,false,false,source_geocoding_not_eligible,true
S15AEVT_001389,T7_rejected_or_non_flood,false,false,source_geocoding_not_eligible,true
S15AEVT_001390,T7_rejected_or_non_flood,false,false,source_geocoding_not_eligible,true
S15AEVT_001391,T7_rejected_or_non_flood,false,false,source_geocoding_not_eligible,true
S15AEVT_001392,T7_rejected_or_non_flood,false,false,source_geocoding_not_eligible,true
S15AEVT_001393,T7_rejected_or_non_flood,false,false,source_geocoding_not_eligible,true
S15AEVT_001394,T7_rejected_or_non_flood,false,false,source_geocoding_not_eligible,true
S15AEVT_001395,T7_rejected_or_non_flood,false,false,source_geocoding_not_eligible,true
S15AEVT_001396,T7_rejected_or_non_flood,false,false,source_geocoding_not_eligible,true
S15AEVT_001397,T7_rejected_or_non_flood,false,false,source_geocoding_not_eligible,true
S15AEVT_001398,T7_rejected_or_non_flood,false,false,source_geocoding_not_eligible,true
S15AEVT_001399,T7_rejected_or_non_flood,false,false,source_geocoding_not_eligible,true
S15AEVT_001400,T7_rejected_or_non_flood,false,false,source_geocoding_not_eligible,true
S15AEVT_001401,T7_rejected_or_non_flood,false,false,source_geocoding_not_eligible,true
S15AEVT_001402,T7_rejected_or_non_flood,false,false,source_geocoding_not_eligible,true
S15AEVT_001403,T7_rejected_or_non_flood,false,false,source_geocoding_not_eligible,true
S15AEVT_001404,T7_rejected_or_non_flood,false,false,source_geocoding_not_eligible,true
S15AEVT_001405,T7_rejected_or_non_flood,false,false,source_geocoding_not_eligible,true
S15AEVT_001406,T7_rejected_or_non_flood,false,false,source_geocoding_not_eligible,true
S15AEVT_001407,T7_rejected_or_non_flood,false,false,source_geocoding_not_eligible,true
S15AEVT_001408,T7_rejected_or_non_flood,false,false,source_geocoding_not_eligible,true
S15AEVT_001409,T7_rejected_or_non_flood,false,false,source_geocoding_not_eligible,true
S15AEVT_001410,T7_rejected_or_non_flood,false,false,source_geocoding_not_eligible,true
S15AEVT_001411,T7_rejected_or_non_flood,false,false,source_geocoding_not_eligible,true
S15AEVT_001412,T7_rejected_or_non_flood,false,false,source_geocoding_not_eligible,true
S15AEVT_001413,T7_rejected_or_non_flood,false,false,source_geocoding_not_eligible,true
S15AEVT_001414,T7_rejected_or_non_flood,false,false,source_geocoding_not_eligible,true
S15AEVT_001415,T7_rejected_or_non_flood,false,false,source_geocoding_not_eligible,true
S15AEVT_001416,T7_rejected_or_non_flood,false,false,source_geocoding_not_eligible,true
S15AEVT_001417,T7_rejected_or_non_flood,false,false,source_geocoding_not_eligible,true
S15AEVT_001418,T7_rejected_or_non_flood,false,false,source_geocoding_not_eligible,true
S15AEVT_001419,T7_rejected_or_non_flood,false,false,source_geocoding_not_eligible,true
S15AEVT_001420,T7_rejected_or_non_flood,false,false,source_geocoding_not_eligible,true
S15AEVT_001421,T7_rejected_or_non_flood,false,false,source_geocoding_not_eligible,true
S15AEVT_001422,T7_rejected_or_non_flood,false,false,source_geocoding_not_eligible,true
S15AEVT_001423,T7_rejected_or_non_flood,false,false,source_geocoding_not_eligible,true
S15AEVT_001424,T7_rejected_or_non_flood,false,false,source_geocoding_not_eligible,true
S15AEVT_001425,T7_rejected_or_non_flood,false,false,source_geocoding_not_eligible,true
S15AEVT_001426,T7_rejected_or_non_flood,false,false,source_geocoding_not_eligible,true
S15AEVT_001427,T7_rejected_or_non_flood,false,false,source_geocoding_not_eligible,true
S15AEVT_001428,T7_rejected_or_non_flood,false,false,source_geocoding_not_eligible,true
S15AEVT_001429,T7_rejected_or_non_flood,false,false,source_geocoding_not_eligible,true
S15AEVT_001430,T7_rejected_or_non_flood,false,false,source_geocoding_not_eligible,true
S15AEVT_001431,T7_rejected_or_non_flood,false,false,source_geocoding_not_eligible,true
S15AEVT_001432,T7_rejected_or_non_flood,false,false,source_geocoding_not_eligible,true
S15AEVT_001433,T7_rejected_or_non_flood,false,false,source_geocoding_not_eligible,true
S15AEVT_001434,T7_rejected_or_non_flood,false,false,source_geocoding_not_eligible,true
S15AEVT_001435,T7_rejected_or_non_flood,false,false,source_geocoding_not_eligible,true
S15AEVT_001436,T7_rejected_or_non_flood,false,false,source_geocoding_not_eligible,true
S15AEVT_001437,T7_rejected_or_non_flood,false,false,source_geocoding_not_eligible,true
S15AEVT_001438,T7_rejected_or_non_flood,false,false,source_geocoding_not_eligible,true
S15AEVT_001439,T7_rejected_or_non_flood,false,false,source_geocoding_not_eligible,true
S15AEVT_001440,T7_rejected_or_non_flood,false,false,source_geocoding_not_eligible,true
S15AEVT_001441,T7_rejected_or_non_flood,false,false,source_geocoding_not_eligible,true
S15AEVT_001442,T7_rejected_or_non_flood,false,false,source_geocoding_not_eligible,true
S15AEVT_001443,T7_rejected_or_non_flood,false,false,source_geocoding_not_eligible,true
S15AEVT_001444,T7_rejected_or_non_flood,false,false,source_geocoding_not_eligible,true
S15AEVT_001445,T7_rejected_or_non_flood,false,false,source_geocoding_not_eligible,true
S15AEVT_001446,T7_rejected_or_non_flood,false,false,source_geocoding_not_eligible,true
S15AEVT_001447,T7_rejected_or_non_flood,false,false,source_geocoding_not_eligible,true
S15AEVT_001448,T7_rejected_or_non_flood,false,false,source_geocoding_not_eligible,true
S15AEVT_001449,T7_rejected_or_non_flood,false,false,source_geocoding_not_eligible,true
S15AEVT_001450,T7_rejected_or_non_flood,false,false,source_geocoding_not_eligible,true
S15AEVT_001451,T7_rejected_or_non_flood,false,false,source_geocoding_not_eligible,true
S15AEVT_001452,T7_rejected_or_non_flood,false,false,source_geocoding_not_eligible,true
S15AEVT_001453,T7_rejected_or_non_flood,false,false,source_geocoding_not_eligible,true
S15AEVT_001454,T7_rejected_or_non_flood,false,false,source_geocoding_not_eligible,true
S15AEVT_001455,T7_rejected_or_non_flood,false,false,source_geocoding_not_eligible,true
S15AEVT_001456,T7_rejected_or_non_flood,false,false,source_geocoding_not_eligible,true
S15AEVT_001457,T7_rejected_or_non_flood,false,false,source_geocoding_not_eligible,true
S15AEVT_001458,T7_rejected_or_non_flood,false,false,source_geocoding_not_eligible,true
S15AEVT_001459,T7_rejected_or_non_flood,false,false,source_geocoding_not_eligible,true
S15AEVT_001460,T7_rejected_or_non_flood,false,false,source_geocoding_not_eligible,true
S15AEVT_001461,T7_rejected_or_non_flood,false,false,source_geocoding_not_eligible,true
S15AEVT_001462,T7_rejected_or_non_flood,false,false,source_geocoding_not_eligible,true
S15AEVT_001463,T7_rejected_or_non_flood,false,false,source_geocoding_not_eligible,true
S15AEVT_001464,T7_rejected_or_non_flood,false,false,source_geocoding_not_eligible,true
S15AEVT_001465,T7_rejected_or_non_flood,false,false,source_geocoding_not_eligible,true
S15AEVT_001466,T7_rejected_or_non_flood,false,false,source_geocoding_not_eligible,true
S15AEVT_001467,T7_rejected_or_non_flood,false,false,source_geocoding_not_eligible,true
S15AEVT_001468,T7_rejected_or_non_flood,false,false,source_geocoding_not_eligible,true
S15AEVT_001469,T7_rejected_or_non_flood,false,false,source_geocoding_not_eligible,true
S15AEVT_001470,T7_rejected_or_non_flood,false,false,source_geocoding_not_eligible,true
S15AEVT_001471,T7_rejected_or_non_flood,false,false,source_geocoding_not_eligible,true
S15AEVT_001472,T7_rejected_or_non_flood,false,false,source_geocoding_not_eligible,true
S15AEVT_001473,T7_rejected_or_non_flood,false,false,source_geocoding_not_eligible,true
S15AEVT_001474,T7_rejected_or_non_flood,false,false,source_geocoding_not_eligible,true
S15AEVT_001475,T7_rejected_or_non_flood,false,false,source_geocoding_not_eligible,true
S15AEVT_001476,T7_rejected_or_non_flood,false,false,source_geocoding_not_eligible,true
S15AEVT_001477,T7_rejected_or_non_flood,false,false,source_geocoding_not_eligible,true
S15AEVT_001478,T7_rejected_or_non_flood,false,false,source_geocoding_not_eligible,true
S15AEVT_001479,T7_rejected_or_non_flood,false,false,source_geocoding_not_eligible,true
S15AEVT_001480,T7_rejected_or_non_flood,false,false,source_geocoding_not_eligible,true
S15AEVT_001481,T7_rejected_or_non_flood,false,false,source_geocoding_not_eligible,true
S15AEVT_001482,T7_rejected_or_non_flood,false,false,source_geocoding_not_eligible,true
S15AEVT_001483,T7_rejected_or_non_flood,false,false,source_geocoding_not_eligible,true
S15AEVT_001484,T7_rejected_or_non_flood,false,false,source_geocoding_not_eligible,true
S15AEVT_001485,T7_rejected_or_non_flood,false,false,source_geocoding_not_eligible,true
S15AEVT_001486,T7_rejected_or_non_flood,false,false,source_geocoding_not_eligible,true
S15AEVT_001487,T7_rejected_or_non_flood,false,false,source_geocoding_not_eligible,true
S15AEVT_001488,T7_rejected_or_non_flood,false,false,source_geocoding_not_eligible,true
S15AEVT_001489,T7_rejected_or_non_flood,false,false,source_geocoding_not_eligible,true
S15AEVT_001490,T7_rejected_or_non_flood,false,false,source_geocoding_not_eligible,true
S15AEVT_001491,T7_rejected_or_non_flood,false,false,source_geocoding_not_eligible,true
S15AEVT_001492,T7_rejected_or_non_flood,false,false,source_geocoding_not_eligible,true
S15AEVT_001493,T7_rejected_or_non_flood,false,false,source_geocoding_not_eligible,true
S15AEVT_001494,T7_rejected_or_non_flood,false,false,source_geocoding_not_eligible,true
S15AEVT_001495,T7_rejected_or_non_flood,false,false,source_geocoding_not_eligible,true
S15AEVT_001496,T7_rejected_or_non_flood,false,false,source_geocoding_not_eligible,true
S15AEVT_001497,T7_rejected_or_non_flood,false,false,source_geocoding_not_eligible,true
S15AEVT_001498,T7_rejected_or_non_flood,false,false,source_geocoding_not_eligible,true
S15AEVT_001499,T7_rejected_or_non_flood,false,false,source_geocoding_not_eligible,true
S15AEVT_001500,T7_rejected_or_non_flood,false,false,source_geocoding_not_eligible,true
S15AEVT_001501,T7_rejected_or_non_flood,false,false,source_geocoding_not_eligible,true
S15AEVT_001502,T7_rejected_or_non_flood,false,false,source_geocoding_not_eligible,true
S15AEVT_001503,T7_rejected_or_non_flood,false,false,source_geocoding_not_eligible,true
S15AEVT_001504,T7_rejected_or_non_flood,false,false,source_geocoding_not_eligible,true
S15AEVT_001505,T7_rejected_or_non_flood,false,false,source_geocoding_not_eligible,true
S15AEVT_001506,T7_rejected_or_non_flood,false,false,source_geocoding_not_eligible,true
S15AEVT_001507,T7_rejected_or_non_flood,false,false,source_geocoding_not_eligible,true
S15AEVT_001508,T7_rejected_or_non_flood,false,false,source_geocoding_not_eligible,true
S15AEVT_001509,T7_rejected_or_non_flood,false,false,source_geocoding_not_eligible,true
S15AEVT_001510,T7_rejected_or_non_flood,false,false,source_geocoding_not_eligible,true
S15AEVT_001511,T7_rejected_or_non_flood,false,false,source_geocoding_not_eligible,true
S15AEVT_001512,T7_rejected_or_non_flood,false,false,source_geocoding_not_eligible,true
S15AEVT_001513,T7_rejected_or_non_flood,false,false,source_geocoding_not_eligible,true
S15AEVT_001514,T7_rejected_or_non_flood,false,false,source_geocoding_not_eligible,true
S15AEVT_001515,T7_rejected_or_non_flood,false,false,source_geocoding_not_eligible,true
S15AEVT_001516,T7_rejected_or_non_flood,false,false,source_geocoding_not_eligible,true
S15AEVT_001517,T7_rejected_or_non_flood,false,false,source_geocoding_not_eligible,true
S15AEVT_001518,T7_rejected_or_non_flood,false,false,source_geocoding_not_eligible,true
S15AEVT_001519,T7_rejected_or_non_flood,false,false,source_geocoding_not_eligible,true
S15AEVT_001520,T7_rejected_or_non_flood,false,false,source_geocoding_not_eligible,true
S15AEVT_001521,T7_rejected_or_non_flood,false,false,source_geocoding_not_eligible,true
S15AEVT_001522,T7_rejected_or_non_flood,false,false,source_geocoding_not_eligible,true
S15AEVT_001523,T7_rejected_or_non_flood,false,false,source_geocoding_not_eligible,true
S15AEVT_001524,T7_rejected_or_non_flood,false,false,source_geocoding_not_eligible,true
S15AEVT_001525,T7_rejected_or_non_flood,false,false,source_geocoding_not_eligible,true
S15AEVT_001526,T7_rejected_or_non_flood,false,false,source_geocoding_not_eligible,true
S15AEVT_001527,T7_rejected_or_non_flood,false,false,source_geocoding_not_eligible,true
S15AEVT_001528,T7_rejected_or_non_flood,false,false,source_geocoding_not_eligible,true
S15AEVT_001529,T7_rejected_or_non_flood,false,false,source_geocoding_not_eligible,true
S15AEVT_001530,T7_rejected_or_non_flood,false,false,source_geocoding_not_eligible,true
S15AEVT_001531,T7_rejected_or_non_flood,false,false,source_geocoding_not_eligible,true
S15AEVT_001532,T7_rejected_or_non_flood,false,false,source_geocoding_not_eligible,true
S15AEVT_001533,T7_rejected_or_non_flood,false,false,source_geocoding_not_eligible,true
S15AEVT_001534,T7_rejected_or_non_flood,false,false,source_geocoding_not_eligible,true
S15AEVT_001535,T7_rejected_or_non_flood,false,false,source_geocoding_not_eligible,true
S15AEVT_001536,T7_rejected_or_non_flood,false,false,source_geocoding_not_eligible,true
S15AEVT_001537,T7_rejected_or_non_flood,false,false,source_geocoding_not_eligible,true
S15AEVT_001538,T7_rejected_or_non_flood,false,false,source_geocoding_not_eligible,true
S15AEVT_001539,T7_rejected_or_non_flood,false,false,source_geocoding_not_eligible,true
S15AEVT_001540,T7_rejected_or_non_flood,false,false,source_geocoding_not_eligible,true
S15AEVT_001541,T7_rejected_or_non_flood,false,false,source_geocoding_not_eligible,true
S15AEVT_001542,T7_rejected_or_non_flood,false,false,source_geocoding_not_eligible,true
S15AEVT_001543,T7_rejected_or_non_flood,false,false,source_geocoding_not_eligible,true
S15AEVT_001544,T7_rejected_or_non_flood,false,false,source_geocoding_not_eligible,true
S15AEVT_001545,T7_rejected_or_non_flood,false,false,source_geocoding_not_eligible,true
S15AEVT_001546,T7_rejected_or_non_flood,false,false,source_geocoding_not_eligible,true
S15AEVT_001547,T7_rejected_or_non_flood,false,false,source_geocoding_not_eligible,true
S15AEVT_001548,T7_rejected_or_non_flood,false,false,source_geocoding_not_eligible,true
S15AEVT_001549,T7_rejected_or_non_flood,false,false,source_geocoding_not_eligible,true
S15AEVT_001550,T7_rejected_or_non_flood,false,false,source_geocoding_not_eligible,true
S15AEVT_001551,T7_rejected_or_non_flood,false,false,source_geocoding_not_eligible,true
S15AEVT_001552,T7_rejected_or_non_flood,false,false,source_geocoding_not_eligible,true
S15AEVT_001553,T7_rejected_or_non_flood,false,false,source_geocoding_not_eligible,true
S15AEVT_001554,T7_rejected_or_non_flood,false,false,source_geocoding_not_eligible,true
S15AEVT_001555,T7_rejected_or_non_flood,false,false,source_geocoding_not_eligible,true
S15AEVT_001556,T7_rejected_or_non_flood,false,false,source_geocoding_not_eligible,true
S15AEVT_001557,T7_rejected_or_non_flood,false,false,source_geocoding_not_eligible,true
S15AEVT_001558,T7_rejected_or_non_flood,false,false,source_geocoding_not_eligible,true
S15AEVT_001559,T7_rejected_or_non_flood,false,false,source_geocoding_not_eligible,true
S15AEVT_001560,T7_rejected_or_non_flood,false,false,source_geocoding_not_eligible,true
S15AEVT_001561,T7_rejected_or_non_flood,false,false,source_geocoding_not_eligible,true
S15AEVT_001562,T7_rejected_or_non_flood,false,false,source_geocoding_not_eligible,true
S15AEVT_001563,T7_rejected_or_non_flood,false,false,source_geocoding_not_eligible,true
S15AEVT_001564,T7_rejected_or_non_flood,false,false,source_geocoding_not_eligible,true
S15AEVT_001565,T7_rejected_or_non_flood,false,false,source_geocoding_not_eligible,true
S15AEVT_001566,T7_rejected_or_non_flood,false,false,source_geocoding_not_eligible,true
S15AEVT_001567,T7_rejected_or_non_flood,false,false,source_geocoding_not_eligible,true
S15AEVT_001568,T7_rejected_or_non_flood,false,false,source_geocoding_not_eligible,true
S15AEVT_001569,T7_rejected_or_non_flood,false,false,source_geocoding_not_eligible,true
S15AEVT_001570,T7_rejected_or_non_flood,false,false,source_geocoding_not_eligible,true
S15AEVT_001571,T7_rejected_or_non_flood,false,false,source_geocoding_not_eligible,true
S15AEVT_001572,T7_rejected_or_non_flood,false,false,source_geocoding_not_eligible,true
S15AEVT_001573,T7_rejected_or_non_flood,false,false,source_geocoding_not_eligible,true
S15AEVT_001574,T7_rejected_or_non_flood,false,false,source_geocoding_not_eligible,true
S15AEVT_001575,T7_rejected_or_non_flood,false,false,source_geocoding_not_eligible,true
S15AEVT_001576,T7_rejected_or_non_flood,false,false,source_geocoding_not_eligible,true
S15AEVT_001577,T7_rejected_or_non_flood,false,false,source_geocoding_not_eligible,true
S15AEVT_001578,T7_rejected_or_non_flood,false,false,source_geocoding_not_eligible,true
S15AEVT_001579,T7_rejected_or_non_flood,false,false,source_geocoding_not_eligible,true
S15AEVT_001580,T7_rejected_or_non_flood,false,false,source_geocoding_not_eligible,true
S15AEVT_001581,T7_rejected_or_non_flood,false,false,source_geocoding_not_eligible,true
S15AEVT_001582,T7_rejected_or_non_flood,false,false,source_geocoding_not_eligible,true
S15AEVT_001583,T7_rejected_or_non_flood,false,false,source_geocoding_not_eligible,true
S15AEVT_001584,T7_rejected_or_non_flood,false,false,source_geocoding_not_eligible,true
S15AEVT_001585,T7_rejected_or_non_flood,false,false,source_geocoding_not_eligible,true
S15AEVT_001586,T7_rejected_or_non_flood,false,false,source_geocoding_not_eligible,true
S15AEVT_001587,T7_rejected_or_non_flood,false,false,source_geocoding_not_eligible,true
S15AEVT_001588,T7_rejected_or_non_flood,false,false,source_geocoding_not_eligible,true
S15AEVT_001589,T7_rejected_or_non_flood,false,false,source_geocoding_not_eligible,true
S15AEVT_001590,T7_rejected_or_non_flood,false,false,source_geocoding_not_eligible,true
S15AEVT_001591,T7_rejected_or_non_flood,false,false,source_geocoding_not_eligible,true
S15AEVT_001592,T7_rejected_or_non_flood,false,false,source_geocoding_not_eligible,true
S15AEVT_001593,T7_rejected_or_non_flood,false,false,source_geocoding_not_eligible,true
S15AEVT_001594,T7_rejected_or_non_flood,false,false,source_geocoding_not_eligible,true
S15AEVT_001595,T7_rejected_or_non_flood,false,false,source_geocoding_not_eligible,true
S15AEVT_001596,T7_rejected_or_non_flood,false,false,source_geocoding_not_eligible,true
S15AEVT_001597,T7_rejected_or_non_flood,false,false,source_geocoding_not_eligible,true
S15AEVT_001598,T7_rejected_or_non_flood,false,false,source_geocoding_not_eligible,true
S15AEVT_001599,T7_rejected_or_non_flood,false,false,source_geocoding_not_eligible,true
S15AEVT_001600,T7_rejected_or_non_flood,false,false,source_geocoding_not_eligible,true
S15AEVT_001601,T7_rejected_or_non_flood,false,false,source_geocoding_not_eligible,true
S15AEVT_001602,T7_rejected_or_non_flood,false,false,source_geocoding_not_eligible,true
S15AEVT_001603,T7_rejected_or_non_flood,false,false,source_geocoding_not_eligible,true
S15AEVT_001604,T7_rejected_or_non_flood,false,false,source_geocoding_not_eligible,true
S15AEVT_001605,T7_rejected_or_non_flood,false,false,source_geocoding_not_eligible,true
S15AEVT_001606,T7_rejected_or_non_flood,false,false,source_geocoding_not_eligible,true
S15AEVT_001607,T7_rejected_or_non_flood,false,false,source_geocoding_not_eligible,true
S15AEVT_001608,T7_rejected_or_non_flood,false,false,source_geocoding_not_eligible,true
S15AEVT_001609,T7_rejected_or_non_flood,false,false,source_geocoding_not_eligible,true
S15AEVT_001610,T7_rejected_or_non_flood,false,false,source_geocoding_not_eligible,true
S15AEVT_001611,T7_rejected_or_non_flood,false,false,source_geocoding_not_eligible,true
S15AEVT_001612,T7_rejected_or_non_flood,false,false,source_geocoding_not_eligible,true
S15AEVT_001613,T7_rejected_or_non_flood,false,false,source_geocoding_not_eligible,true
S15AEVT_001614,T7_rejected_or_non_flood,false,false,source_geocoding_not_eligible,true
S15AEVT_001615,T7_rejected_or_non_flood,false,false,source_geocoding_not_eligible,true
S15AEVT_001616,T7_rejected_or_non_flood,false,false,source_geocoding_not_eligible,true
S15AEVT_001617,T7_rejected_or_non_flood,false,false,source_geocoding_not_eligible,true
S15AEVT_001618,T7_rejected_or_non_flood,false,false,source_geocoding_not_eligible,true
S15AEVT_001619,T7_rejected_or_non_flood,false,false,source_geocoding_not_eligible,true
S15AEVT_001620,T7_rejected_or_non_flood,false,false,source_geocoding_not_eligible,true
S15AEVT_001621,T7_rejected_or_non_flood,false,false,source_geocoding_not_eligible,true
S15AEVT_001622,T7_rejected_or_non_flood,false,false,source_geocoding_not_eligible,true
S15AEVT_001623,T7_rejected_or_non_flood,false,false,source_geocoding_not_eligible,true
S15AEVT_001624,T7_rejected_or_non_flood,false,false,source_geocoding_not_eligible,true
S15AEVT_001625,T7_rejected_or_non_flood,false,false,source_geocoding_not_eligible,true
S15AEVT_001626,T7_rejected_or_non_flood,false,false,source_geocoding_not_eligible,true
S15AEVT_001627,T7_rejected_or_non_flood,false,false,source_geocoding_not_eligible,true
S15AEVT_001628,T7_rejected_or_non_flood,false,false,source_geocoding_not_eligible,true
S15AEVT_001629,T7_rejected_or_non_flood,false,false,source_geocoding_not_eligible,true
S15AEVT_001630,T7_rejected_or_non_flood,false,false,source_geocoding_not_eligible,true
S15AEVT_001631,T7_rejected_or_non_flood,false,false,source_geocoding_not_eligible,true
S15AEVT_001632,T7_rejected_or_non_flood,false,false,source_geocoding_not_eligible,true
S15AEVT_001633,T7_rejected_or_non_flood,false,false,source_geocoding_not_eligible,true
S15AEVT_001634,T7_rejected_or_non_flood,false,false,source_geocoding_not_eligible,true
S15AEVT_001635,T7_rejected_or_non_flood,false,false,source_geocoding_not_eligible,true
S15AEVT_001636,T7_rejected_or_non_flood,false,false,source_geocoding_not_eligible,true
S15AEVT_001637,T7_rejected_or_non_flood,false,false,source_geocoding_not_eligible,true
S15AEVT_001638,T7_rejected_or_non_flood,false,false,source_geocoding_not_eligible,true
S15AEVT_001639,T7_rejected_or_non_flood,false,false,source_geocoding_not_eligible,true
S15AEVT_001640,T7_rejected_or_non_flood,false,false,source_geocoding_not_eligible,true
S15AEVT_001641,T7_rejected_or_non_flood,false,false,source_geocoding_not_eligible,true
S15AEVT_001642,T7_rejected_or_non_flood,false,false,source_geocoding_not_eligible,true
S15AEVT_001643,T7_rejected_or_non_flood,false,false,source_geocoding_not_eligible,true
S15AEVT_001644,T7_rejected_or_non_flood,false,false,source_geocoding_not_eligible,true
S15AEVT_001645,T7_rejected_or_non_flood,false,false,source_geocoding_not_eligible,true
S15AEVT_001646,T7_rejected_or_non_flood,false,false,source_geocoding_not_eligible,true
S15AEVT_001647,T7_rejected_or_non_flood,false,false,source_geocoding_not_eligible,true
S15AEVT_001648,T7_rejected_or_non_flood,false,false,source_geocoding_not_eligible,true
S15AEVT_001649,T7_rejected_or_non_flood,false,false,source_geocoding_not_eligible,true
S15AEVT_001650,T7_rejected_or_non_flood,false,false,source_geocoding_not_eligible,true
S15AEVT_001651,T7_rejected_or_non_flood,false,false,source_geocoding_not_eligible,true
S15AEVT_001652,T7_rejected_or_non_flood,false,false,source_geocoding_not_eligible,true
S15AEVT_001653,T7_rejected_or_non_flood,false,false,source_geocoding_not_eligible,true
S15AEVT_001654,T7_rejected_or_non_flood,false,false,source_geocoding_not_eligible,true
S15AEVT_001655,T7_rejected_or_non_flood,false,false,source_geocoding_not_eligible,true
S15AEVT_001656,T7_rejected_or_non_flood,false,false,source_geocoding_not_eligible,true
S15AEVT_001657,T7_rejected_or_non_flood,false,false,source_geocoding_not_eligible,true
S15AEVT_001658,T7_rejected_or_non_flood,false,false,source_geocoding_not_eligible,true
S15AEVT_001659,T7_rejected_or_non_flood,false,false,source_geocoding_not_eligible,true
S15AEVT_001660,T7_rejected_or_non_flood,false,false,source_geocoding_not_eligible,true
S15AEVT_001661,T7_rejected_or_non_flood,false,false,source_geocoding_not_eligible,true
S15AEVT_001662,T7_rejected_or_non_flood,false,false,source_geocoding_not_eligible,true
S15AEVT_001663,T7_rejected_or_non_flood,false,false,source_geocoding_not_eligible,true
S15AEVT_001664,T7_rejected_or_non_flood,false,false,source_geocoding_not_eligible,true
S15AEVT_001665,T7_rejected_or_non_flood,false,false,source_geocoding_not_eligible,true
S15AEVT_001666,T7_rejected_or_non_flood,false,false,source_geocoding_not_eligible,true
S15AEVT_001667,T7_rejected_or_non_flood,false,false,source_geocoding_not_eligible,true
S15AEVT_001668,T7_rejected_or_non_flood,false,false,source_geocoding_not_eligible,true
S15AEVT_001669,T7_rejected_or_non_flood,false,false,source_geocoding_not_eligible,true
S15AEVT_001670,T7_rejected_or_non_flood,false,false,source_geocoding_not_eligible,true
S15AEVT_001671,T7_rejected_or_non_flood,false,false,source_geocoding_not_eligible,true
S15AEVT_001672,T7_rejected_or_non_flood,false,false,source_geocoding_not_eligible,true
S15AEVT_001673,T7_rejected_or_non_flood,false,false,source_geocoding_not_eligible,true
S15AEVT_001674,T7_rejected_or_non_flood,false,false,source_geocoding_not_eligible,true
S15AEVT_001675,T7_rejected_or_non_flood,false,false,source_geocoding_not_eligible,true
S15AEVT_001676,T7_rejected_or_non_flood,false,false,source_geocoding_not_eligible,true
S15AEVT_001677,T7_rejected_or_non_flood,false,false,source_geocoding_not_eligible,true
S15AEVT_001678,T7_rejected_or_non_flood,false,false,source_geocoding_not_eligible,true
S15AEVT_001679,T7_rejected_or_non_flood,false,false,source_geocoding_not_eligible,true
S15AEVT_001680,T7_rejected_or_non_flood,false,false,source_geocoding_not_eligible,true
S15AEVT_001681,T7_rejected_or_non_flood,false,false,source_geocoding_not_eligible,true
S15AEVT_001682,T7_rejected_or_non_flood,false,false,source_geocoding_not_eligible,true
S15AEVT_001683,T7_rejected_or_non_flood,false,false,source_geocoding_not_eligible,true
S15AEVT_001684,T7_rejected_or_non_flood,false,false,source_geocoding_not_eligible,true
S15AEVT_001685,T7_rejected_or_non_flood,false,false,source_geocoding_not_eligible,true
S15AEVT_001686,T7_rejected_or_non_flood,false,false,source_geocoding_not_eligible,true
S15AEVT_001687,T7_rejected_or_non_flood,false,false,source_geocoding_not_eligible,true
S15AEVT_001688,T7_rejected_or_non_flood,false,false,source_geocoding_not_eligible,true
S15AEVT_001689,T7_rejected_or_non_flood,false,false,source_geocoding_not_eligible,true
S15AEVT_001690,T7_rejected_or_non_flood,false,false,source_geocoding_not_eligible,true
S15AEVT_001691,T7_rejected_or_non_flood,false,false,source_geocoding_not_eligible,true
S15AEVT_001692,T7_rejected_or_non_flood,false,false,source_geocoding_not_eligible,true
S15AEVT_001693,T7_rejected_or_non_flood,false,false,source_geocoding_not_eligible,true
S15AEVT_001694,T7_rejected_or_non_flood,false,false,source_geocoding_not_eligible,true
S15AEVT_001695,T7_rejected_or_non_flood,false,false,source_geocoding_not_eligible,true
S15AEVT_001696,T7_rejected_or_non_flood,false,false,source_geocoding_not_eligible,true
S15AEVT_001697,T7_rejected_or_non_flood,false,false,source_geocoding_not_eligible,true
S15AEVT_001698,T7_rejected_or_non_flood,false,false,source_geocoding_not_eligible,true
S15AEVT_001699,T7_rejected_or_non_flood,false,false,source_geocoding_not_eligible,true
S15AEVT_001700,T7_rejected_or_non_flood,false,false,source_geocoding_not_eligible,true
S15AEVT_001701,T7_rejected_or_non_flood,false,false,source_geocoding_not_eligible,true
S15AEVT_001702,T7_rejected_or_non_flood,false,false,source_geocoding_not_eligible,true
S15AEVT_001703,T7_rejected_or_non_flood,false,false,source_geocoding_not_eligible,true
S15AEVT_001704,T7_rejected_or_non_flood,false,false,source_geocoding_not_eligible,true
S15AEVT_001705,T7_rejected_or_non_flood,false,false,source_geocoding_not_eligible,true
S15AEVT_001706,T7_rejected_or_non_flood,false,false,source_geocoding_not_eligible,true
S15AEVT_001707,T7_rejected_or_non_flood,false,false,source_geocoding_not_eligible,true
S15AEVT_001708,T7_rejected_or_non_flood,false,false,source_geocoding_not_eligible,true
S15AEVT_001709,T7_rejected_or_non_flood,false,false,source_geocoding_not_eligible,true
S15AEVT_001710,T7_rejected_or_non_flood,false,false,source_geocoding_not_eligible,true
S15AEVT_001711,T7_rejected_or_non_flood,false,false,source_geocoding_not_eligible,true
S15AEVT_001712,T7_rejected_or_non_flood,false,false,source_geocoding_not_eligible,true
S15AEVT_001713,T7_rejected_or_non_flood,false,false,source_geocoding_not_eligible,true
S15AEVT_001714,T7_rejected_or_non_flood,false,false,source_geocoding_not_eligible,true
S15AEVT_001715,T7_rejected_or_non_flood,false,false,source_geocoding_not_eligible,true
S15AEVT_001716,T7_rejected_or_non_flood,false,false,source_geocoding_not_eligible,true
S15AEVT_001717,T7_rejected_or_non_flood,false,false,source_geocoding_not_eligible,true
S15AEVT_001718,T7_rejected_or_non_flood,false,false,source_geocoding_not_eligible,true
S15AEVT_001719,T7_rejected_or_non_flood,false,false,source_geocoding_not_eligible,true
S15AEVT_001720,T7_rejected_or_non_flood,false,false,source_geocoding_not_eligible,true
S15AEVT_001721,T7_rejected_or_non_flood,false,false,source_geocoding_not_eligible,true
S15AEVT_001722,T7_rejected_or_non_flood,false,false,source_geocoding_not_eligible,true
S15AEVT_001723,T7_rejected_or_non_flood,false,false,source_geocoding_not_eligible,true
S15AEVT_001724,T7_rejected_or_non_flood,false,false,source_geocoding_not_eligible,true
S15AEVT_001725,T7_rejected_or_non_flood,false,false,source_geocoding_not_eligible,true
S15AEVT_001726,T7_rejected_or_non_flood,false,false,source_geocoding_not_eligible,true
S15AEVT_001727,T7_rejected_or_non_flood,false,false,source_geocoding_not_eligible,true
S15AEVT_001728,T7_rejected_or_non_flood,false,false,source_geocoding_not_eligible,true
S15AEVT_001729,T7_rejected_or_non_flood,false,false,source_geocoding_not_eligible,true
S15AEVT_001730,T7_rejected_or_non_flood,false,false,source_geocoding_not_eligible,true
S15AEVT_001731,T7_rejected_or_non_flood,false,false,source_geocoding_not_eligible,true
S15AEVT_001732,T7_rejected_or_non_flood,false,false,source_geocoding_not_eligible,true
S15AEVT_001733,T7_rejected_or_non_flood,false,false,source_geocoding_not_eligible,true
S15AEVT_001734,T7_rejected_or_non_flood,false,false,source_geocoding_not_eligible,true
S15AEVT_001735,T7_rejected_or_non_flood,false,false,source_geocoding_not_eligible,true
S15AEVT_001736,T7_rejected_or_non_flood,false,false,source_geocoding_not_eligible,true
S15AEVT_001737,T7_rejected_or_non_flood,false,false,source_geocoding_not_eligible,true
S15AEVT_001738,T7_rejected_or_non_flood,false,false,source_geocoding_not_eligible,true
S15AEVT_001739,T7_rejected_or_non_flood,false,false,source_geocoding_not_eligible,true
S15AEVT_001740,T7_rejected_or_non_flood,false,false,source_geocoding_not_eligible,true
S15AEVT_001741,T7_rejected_or_non_flood,false,false,source_geocoding_not_eligible,true
S15AEVT_001742,T7_rejected_or_non_flood,false,false,source_geocoding_not_eligible,true
S15AEVT_001743,T7_rejected_or_non_flood,false,false,source_geocoding_not_eligible,true
S15AEVT_001744,T7_rejected_or_non_flood,false,false,source_geocoding_not_eligible,true
S15AEVT_001745,T7_rejected_or_non_flood,false,false,source_geocoding_not_eligible,true
S15AEVT_001746,T7_rejected_or_non_flood,false,false,source_geocoding_not_eligible,true
S15AEVT_001747,T7_rejected_or_non_flood,false,false,source_geocoding_not_eligible,true
S15AEVT_001748,T7_rejected_or_non_flood,false,false,source_geocoding_not_eligible,true
S15AEVT_001749,T7_rejected_or_non_flood,false,false,source_geocoding_not_eligible,true
S15AEVT_001750,T7_rejected_or_non_flood,false,false,source_geocoding_not_eligible,true
S15AEVT_001751,T7_rejected_or_non_flood,false,false,source_geocoding_not_eligible,true
S15AEVT_001752,T7_rejected_or_non_flood,false,false,source_geocoding_not_eligible,true
S15AEVT_001753,T7_rejected_or_non_flood,false,false,source_geocoding_not_eligible,true
S15AEVT_001754,T7_rejected_or_non_flood,false,false,source_geocoding_not_eligible,true
S15AEVT_001755,T7_rejected_or_non_flood,false,false,source_geocoding_not_eligible,true
S15AEVT_001756,T7_rejected_or_non_flood,false,false,source_geocoding_not_eligible,true
S15AEVT_001757,T7_rejected_or_non_flood,false,false,source_geocoding_not_eligible,true
S15AEVT_001758,T7_rejected_or_non_flood,false,false,source_geocoding_not_eligible,true
S15AEVT_001759,T7_rejected_or_non_flood,false,false,source_geocoding_not_eligible,true
S15AEVT_001760,T7_rejected_or_non_flood,false,false,source_geocoding_not_eligible,true
S15AEVT_001761,T7_rejected_or_non_flood,false,false,source_geocoding_not_eligible,true
S15AEVT_001762,T7_rejected_or_non_flood,false,false,source_geocoding_not_eligible,true
S15AEVT_001763,T7_rejected_or_non_flood,false,false,source_geocoding_not_eligible,true
S15AEVT_001764,T7_rejected_or_non_flood,false,false,source_geocoding_not_eligible,true
S15AEVT_001765,T7_rejected_or_non_flood,false,false,source_geocoding_not_eligible,true
S15AEVT_001766,T7_rejected_or_non_flood,false,false,source_geocoding_not_eligible,true
S15AEVT_001767,T7_rejected_or_non_flood,false,false,source_geocoding_not_eligible,true
S15AEVT_001768,T7_rejected_or_non_flood,false,false,source_geocoding_not_eligible,true
S15AEVT_001769,T7_rejected_or_non_flood,false,false,source_geocoding_not_eligible,true
S15AEVT_001770,T7_rejected_or_non_flood,false,false,source_geocoding_not_eligible,true
S15AEVT_001771,T7_rejected_or_non_flood,false,false,source_geocoding_not_eligible,true
S15AEVT_001772,T7_rejected_or_non_flood,false,false,source_geocoding_not_eligible,true
S15AEVT_001773,T7_rejected_or_non_flood,false,false,source_geocoding_not_eligible,true
S15AEVT_001774,T7_rejected_or_non_flood,false,false,source_geocoding_not_eligible,true
S15AEVT_001775,T7_rejected_or_non_flood,false,false,source_geocoding_not_eligible,true
S15AEVT_001776,T7_rejected_or_non_flood,false,false,source_geocoding_not_eligible,true
S15AEVT_001777,T7_rejected_or_non_flood,false,false,source_geocoding_not_eligible,true
S15AEVT_001778,T7_rejected_or_non_flood,false,false,source_geocoding_not_eligible,true
S15AEVT_001779,T7_rejected_or_non_flood,false,false,source_geocoding_not_eligible,true
S15AEVT_001780,T7_rejected_or_non_flood,false,false,source_geocoding_not_eligible,true
S15AEVT_001781,T7_rejected_or_non_flood,false,false,source_geocoding_not_eligible,true
S15AEVT_001782,T7_rejected_or_non_flood,false,false,source_geocoding_not_eligible,true
S15AEVT_001783,T7_rejected_or_non_flood,false,false,source_geocoding_not_eligible,true
S15AEVT_001784,T7_rejected_or_non_flood,false,false,source_geocoding_not_eligible,true
S15AEVT_001785,T7_rejected_or_non_flood,false,false,source_geocoding_not_eligible,true
S15AEVT_001786,T7_rejected_or_non_flood,false,false,source_geocoding_not_eligible,true
S15AEVT_001787,T7_rejected_or_non_flood,false,false,source_geocoding_not_eligible,true
S15AEVT_001788,T7_rejected_or_non_flood,false,false,source_geocoding_not_eligible,true
S15AEVT_001789,T7_rejected_or_non_flood,false,false,source_geocoding_not_eligible,true
S15AEVT_001790,T7_rejected_or_non_flood,false,false,source_geocoding_not_eligible,true
S15AEVT_001791,T7_rejected_or_non_flood,false,false,source_geocoding_not_eligible,true
S15AEVT_001792,T7_rejected_or_non_flood,false,false,source_geocoding_not_eligible,true
S15AEVT_001793,T7_rejected_or_non_flood,false,false,source_geocoding_not_eligible,true
S15AEVT_001794,T7_rejected_or_non_flood,false,false,source_geocoding_not_eligible,true
S15AEVT_001795,T7_rejected_or_non_flood,false,false,source_geocoding_not_eligible,true
S15AEVT_001796,T7_rejected_or_non_flood,false,false,source_geocoding_not_eligible,true
S15AEVT_001797,T7_rejected_or_non_flood,false,false,source_geocoding_not_eligible,true
S15AEVT_001798,T7_rejected_or_non_flood,false,false,source_geocoding_not_eligible,true
S15AEVT_001799,T7_rejected_or_non_flood,false,false,source_geocoding_not_eligible,true
S15AEVT_001800,T7_rejected_or_non_flood,false,false,source_geocoding_not_eligible,true
S15AEVT_001801,T7_rejected_or_non_flood,false,false,source_geocoding_not_eligible,true
S15AEVT_001802,T7_rejected_or_non_flood,false,false,source_geocoding_not_eligible,true
S15AEVT_001803,T7_rejected_or_non_flood,false,false,source_geocoding_not_eligible,true
S15AEVT_001804,T7_rejected_or_non_flood,false,false,source_geocoding_not_eligible,true
S15AEVT_001805,T7_rejected_or_non_flood,false,false,source_geocoding_not_eligible,true
S15AEVT_001806,T7_rejected_or_non_flood,false,false,source_geocoding_not_eligible,true
S15AEVT_001807,T7_rejected_or_non_flood,false,false,source_geocoding_not_eligible,true
S15AEVT_001808,T7_rejected_or_non_flood,false,false,source_geocoding_not_eligible,true
S15AEVT_001809,T7_rejected_or_non_flood,false,false,source_geocoding_not_eligible,true
S15AEVT_001810,T7_rejected_or_non_flood,false,false,source_geocoding_not_eligible,true
S15AEVT_001811,T7_rejected_or_non_flood,false,false,source_geocoding_not_eligible,true
S15AEVT_001812,T7_rejected_or_non_flood,false,false,source_geocoding_not_eligible,true
S15AEVT_001813,T7_rejected_or_non_flood,false,false,source_geocoding_not_eligible,true
S15AEVT_001814,T7_rejected_or_non_flood,false,false,source_geocoding_not_eligible,true
S15AEVT_001815,T7_rejected_or_non_flood,false,false,source_geocoding_not_eligible,true
S15AEVT_001816,T7_rejected_or_non_flood,false,false,source_geocoding_not_eligible,true
S15AEVT_001817,T7_rejected_or_non_flood,false,false,source_geocoding_not_eligible,true
S15AEVT_001818,T7_rejected_or_non_flood,false,false,source_geocoding_not_eligible,true
S15AEVT_001819,T7_rejected_or_non_flood,false,false,source_geocoding_not_eligible,true
S15AEVT_001820,T7_rejected_or_non_flood,false,false,source_geocoding_not_eligible,true
S15AEVT_001821,T7_rejected_or_non_flood,false,false,source_geocoding_not_eligible,true
S15AEVT_001822,T7_rejected_or_non_flood,false,false,source_geocoding_not_eligible,true
S15AEVT_001823,T7_rejected_or_non_flood,false,false,source_geocoding_not_eligible,true
S15AEVT_001824,T7_rejected_or_non_flood,false,false,source_geocoding_not_eligible,true
S15AEVT_001825,T7_rejected_or_non_flood,false,false,source_geocoding_not_eligible,true
S15AEVT_001826,T7_rejected_or_non_flood,false,false,source_geocoding_not_eligible,true
S15AEVT_001827,T7_rejected_or_non_flood,false,false,source_geocoding_not_eligible,true
S15AEVT_001828,T7_rejected_or_non_flood,false,false,source_geocoding_not_eligible,true
S15AEVT_001829,T7_rejected_or_non_flood,false,false,source_geocoding_not_eligible,true
S15AEVT_001830,T7_rejected_or_non_flood,false,false,source_geocoding_not_eligible,true
S15AEVT_001831,T7_rejected_or_non_flood,false,false,source_geocoding_not_eligible,true
S15AEVT_001832,T7_rejected_or_non_flood,false,false,source_geocoding_not_eligible,true
S15AEVT_001833,T7_rejected_or_non_flood,false,false,source_geocoding_not_eligible,true
S15AEVT_001834,T7_rejected_or_non_flood,false,false,source_geocoding_not_eligible,true
S15AEVT_001835,T7_rejected_or_non_flood,false,false,source_geocoding_not_eligible,true
S15AEVT_001836,T7_rejected_or_non_flood,false,false,source_geocoding_not_eligible,true
S15AEVT_001837,T7_rejected_or_non_flood,false,false,source_geocoding_not_eligible,true
S15AEVT_001838,T7_rejected_or_non_flood,false,false,source_geocoding_not_eligible,true
S15AEVT_001839,T7_rejected_or_non_flood,false,false,source_geocoding_not_eligible,true
S15AEVT_001840,T7_rejected_or_non_flood,false,false,source_geocoding_not_eligible,true
S15AEVT_001841,T7_rejected_or_non_flood,false,false,source_geocoding_not_eligible,true
S15AEVT_001842,T7_rejected_or_non_flood,false,false,source_geocoding_not_eligible,true
S15AEVT_001843,T7_rejected_or_non_flood,false,false,source_geocoding_not_eligible,true
S15AEVT_001844,T7_rejected_or_non_flood,false,false,source_geocoding_not_eligible,true
S15AEVT_001845,T7_rejected_or_non_flood,false,false,source_geocoding_not_eligible,true
S15AEVT_001846,T7_rejected_or_non_flood,false,false,source_geocoding_not_eligible,true
S15AEVT_001847,T7_rejected_or_non_flood,false,false,source_geocoding_not_eligible,true
S15AEVT_001848,T7_rejected_or_non_flood,false,false,source_geocoding_not_eligible,true
S15AEVT_001849,T7_rejected_or_non_flood,false,false,source_geocoding_not_eligible,true
S15AEVT_001850,T7_rejected_or_non_flood,false,false,source_geocoding_not_eligible,true
S15AEVT_001851,T7_rejected_or_non_flood,false,false,source_geocoding_not_eligible,true
S15AEVT_001852,T7_rejected_or_non_flood,false,false,source_geocoding_not_eligible,true
S15AEVT_001853,T7_rejected_or_non_flood,false,false,source_geocoding_not_eligible,true
S15AEVT_001854,T7_rejected_or_non_flood,false,false,source_geocoding_not_eligible,true
S15AEVT_001855,T7_rejected_or_non_flood,false,false,source_geocoding_not_eligible,true
S15AEVT_001856,T7_rejected_or_non_flood,false,false,source_geocoding_not_eligible,true
S15AEVT_001857,T7_rejected_or_non_flood,false,false,source_geocoding_not_eligible,true
S15AEVT_001858,T7_rejected_or_non_flood,false,false,source_geocoding_not_eligible,true
S15AEVT_001859,T7_rejected_or_non_flood,false,false,source_geocoding_not_eligible,true
S15AEVT_001860,T7_rejected_or_non_flood,false,false,source_geocoding_not_eligible,true
S15AEVT_001861,T7_rejected_or_non_flood,false,false,source_geocoding_not_eligible,true
S15AEVT_001862,T7_rejected_or_non_flood,false,false,source_geocoding_not_eligible,true
S15AEVT_001863,T7_rejected_or_non_flood,false,false,source_geocoding_not_eligible,true
S15AEVT_001864,T7_rejected_or_non_flood,false,false,source_geocoding_not_eligible,true
S15AEVT_001865,T7_rejected_or_non_flood,false,false,source_geocoding_not_eligible,true
S15AEVT_001866,T7_rejected_or_non_flood,false,false,source_geocoding_not_eligible,true
S15AEVT_001867,T7_rejected_or_non_flood,false,false,source_geocoding_not_eligible,true
S15AEVT_001868,T7_rejected_or_non_flood,false,false,source_geocoding_not_eligible,true
S15AEVT_001869,T7_rejected_or_non_flood,false,false,source_geocoding_not_eligible,true
S15AEVT_001870,T7_rejected_or_non_flood,false,false,source_geocoding_not_eligible,true
S15AEVT_001871,T7_rejected_or_non_flood,false,false,source_geocoding_not_eligible,true
S15AEVT_001872,T7_rejected_or_non_flood,false,false,source_geocoding_not_eligible,true
S15AEVT_001873,T7_rejected_or_non_flood,false,false,source_geocoding_not_eligible,true
S15AEVT_001874,T7_rejected_or_non_flood,false,false,source_geocoding_not_eligible,true
S15AEVT_001875,T7_rejected_or_non_flood,false,false,source_geocoding_not_eligible,true
S15AEVT_001876,T7_rejected_or_non_flood,false,false,source_geocoding_not_eligible,true
S15AEVT_001877,T7_rejected_or_non_flood,false,false,source_geocoding_not_eligible,true
S15AEVT_001878,T7_rejected_or_non_flood,false,false,source_geocoding_not_eligible,true
S15AEVT_001879,T7_rejected_or_non_flood,false,false,source_geocoding_not_eligible,true
S15AEVT_001880,T7_rejected_or_non_flood,false,false,source_geocoding_not_eligible,true
S15AEVT_001881,T7_rejected_or_non_flood,false,false,source_geocoding_not_eligible,true
S15AEVT_001882,T7_rejected_or_non_flood,false,false,source_geocoding_not_eligible,true
S15AEVT_001883,T7_rejected_or_non_flood,false,false,source_geocoding_not_eligible,true
S15AEVT_001884,T7_rejected_or_non_flood,false,false,source_geocoding_not_eligible,true
S15AEVT_001885,T7_rejected_or_non_flood,false,false,source_geocoding_not_eligible,true
S15AEVT_001886,T7_rejected_or_non_flood,false,false,source_geocoding_not_eligible,true
S15AEVT_001887,T7_rejected_or_non_flood,false,false,source_geocoding_not_eligible,true
S15AEVT_001888,T7_rejected_or_non_flood,false,false,source_geocoding_not_eligible,true
S15AEVT_001889,T7_rejected_or_non_flood,false,false,source_geocoding_not_eligible,true
S15AEVT_001890,T7_rejected_or_non_flood,false,false,source_geocoding_not_eligible,true
S15AEVT_001891,T7_rejected_or_non_flood,false,false,source_geocoding_not_eligible,true
S15AEVT_001892,T7_rejected_or_non_flood,false,false,source_geocoding_not_eligible,true
S15AEVT_001893,T7_rejected_or_non_flood,false,false,source_geocoding_not_eligible,true
S15AEVT_001894,T7_rejected_or_non_flood,false,false,source_geocoding_not_eligible,true
S15AEVT_001895,T7_rejected_or_non_flood,false,false,source_geocoding_not_eligible,true
S15AEVT_001896,T7_rejected_or_non_flood,false,false,source_geocoding_not_eligible,true
S15AEVT_001897,T7_rejected_or_non_flood,false,false,source_geocoding_not_eligible,true
S15AEVT_001898,T7_rejected_or_non_flood,false,false,source_geocoding_not_eligible,true
S15AEVT_001899,T7_rejected_or_non_flood,false,false,source_geocoding_not_eligible,true
S15AEVT_001900,T7_rejected_or_non_flood,false,false,source_geocoding_not_eligible,true
S15AEVT_001901,T7_rejected_or_non_flood,false,false,source_geocoding_not_eligible,true
S15AEVT_001902,T7_rejected_or_non_flood,false,false,source_geocoding_not_eligible,true
S15AEVT_001903,T7_rejected_or_non_flood,false,false,source_geocoding_not_eligible,true
S15AEVT_001904,T7_rejected_or_non_flood,false,false,source_geocoding_not_eligible,true
S15AEVT_001905,T7_rejected_or_non_flood,false,false,source_geocoding_not_eligible,true
S15AEVT_001906,T7_rejected_or_non_flood,false,false,source_geocoding_not_eligible,true
S15AEVT_001907,T7_rejected_or_non_flood,false,false,source_geocoding_not_eligible,true
S15AEVT_001908,T7_rejected_or_non_flood,false,false,source_geocoding_not_eligible,true
S15AEVT_001909,T7_rejected_or_non_flood,false,false,source_geocoding_not_eligible,true
S15AEVT_001910,T7_rejected_or_non_flood,false,false,source_geocoding_not_eligible,true
S15AEVT_001911,T7_rejected_or_non_flood,false,false,source_geocoding_not_eligible,true
S15AEVT_001912,T7_rejected_or_non_flood,false,false,source_geocoding_not_eligible,true
S15AEVT_001913,T7_rejected_or_non_flood,false,false,source_geocoding_not_eligible,true
S15AEVT_001914,T7_rejected_or_non_flood,false,false,source_geocoding_not_eligible,true
S15AEVT_001915,T7_rejected_or_non_flood,false,false,source_geocoding_not_eligible,true
S15AEVT_001916,T7_rejected_or_non_flood,false,false,source_geocoding_not_eligible,true
S15AEVT_001917,T7_rejected_or_non_flood,false,false,source_geocoding_not_eligible,true
S15AEVT_001918,T7_rejected_or_non_flood,false,false,source_geocoding_not_eligible,true
S15AEVT_001919,T7_rejected_or_non_flood,false,false,source_geocoding_not_eligible,true
S15AEVT_001920,T7_rejected_or_non_flood,false,false,source_geocoding_not_eligible,true
S15AEVT_001921,T7_rejected_or_non_flood,false,false,source_geocoding_not_eligible,true
S15AEVT_001922,T7_rejected_or_non_flood,false,false,source_geocoding_not_eligible,true
S15AEVT_001923,T7_rejected_or_non_flood,false,false,source_geocoding_not_eligible,true
S15AEVT_001924,T7_rejected_or_non_flood,false,false,source_geocoding_not_eligible,true
S15AEVT_001925,T7_rejected_or_non_flood,false,false,source_geocoding_not_eligible,true
S15AEVT_001926,T7_rejected_or_non_flood,false,false,source_geocoding_not_eligible,true
S15AEVT_001927,T7_rejected_or_non_flood,false,false,source_geocoding_not_eligible,true
S15AEVT_001928,T7_rejected_or_non_flood,false,false,source_geocoding_not_eligible,true
S15AEVT_001929,T7_rejected_or_non_flood,false,false,source_geocoding_not_eligible,true
S15AEVT_001930,T7_rejected_or_non_flood,false,false,source_geocoding_not_eligible,true
S15AEVT_001931,T7_rejected_or_non_flood,false,false,source_geocoding_not_eligible,true
S15AEVT_001932,T7_rejected_or_non_flood,false,false,source_geocoding_not_eligible,true
S15AEVT_001933,T7_rejected_or_non_flood,false,false,source_geocoding_not_eligible,true
S15AEVT_001934,T7_rejected_or_non_flood,false,false,source_geocoding_not_eligible,true
S15AEVT_001935,T7_rejected_or_non_flood,false,false,source_geocoding_not_eligible,true
S15AEVT_001936,T7_rejected_or_non_flood,false,false,source_geocoding_not_eligible,true
S15AEVT_001937,T7_rejected_or_non_flood,false,false,source_geocoding_not_eligible,true
S15AEVT_001938,T7_rejected_or_non_flood,false,false,source_geocoding_not_eligible,true
S15AEVT_001939,T7_rejected_or_non_flood,false,false,source_geocoding_not_eligible,true
S15AEVT_001940,T7_rejected_or_non_flood,false,false,source_geocoding_not_eligible,true
S15AEVT_001941,T7_rejected_or_non_flood,false,false,source_geocoding_not_eligible,true
S15AEVT_001942,T7_rejected_or_non_flood,false,false,source_geocoding_not_eligible,true
S15AEVT_001943,T7_rejected_or_non_flood,false,false,source_geocoding_not_eligible,true
S15AEVT_001944,T7_rejected_or_non_flood,false,false,source_geocoding_not_eligible,true
S15AEVT_001945,T7_rejected_or_non_flood,false,false,source_geocoding_not_eligible,true
S15AEVT_001946,T7_rejected_or_non_flood,false,false,source_geocoding_not_eligible,true
S15AEVT_001947,T7_rejected_or_non_flood,false,false,source_geocoding_not_eligible,true
S15AEVT_001948,T7_rejected_or_non_flood,false,false,source_geocoding_not_eligible,true
S15AEVT_001949,T7_rejected_or_non_flood,false,false,source_geocoding_not_eligible,true
S15AEVT_001950,T7_rejected_or_non_flood,false,false,source_geocoding_not_eligible,true
S15AEVT_001951,T7_rejected_or_non_flood,false,false,source_geocoding_not_eligible,true
S15AEVT_001952,T7_rejected_or_non_flood,false,false,source_geocoding_not_eligible,true
S15AEVT_001953,T7_rejected_or_non_flood,false,false,source_geocoding_not_eligible,true
S15AEVT_001954,T7_rejected_or_non_flood,false,false,source_geocoding_not_eligible,true
S15AEVT_001955,T7_rejected_or_non_flood,false,false,source_geocoding_not_eligible,true
S15AEVT_001956,T7_rejected_or_non_flood,false,false,source_geocoding_not_eligible,true
S15AEVT_001957,T7_rejected_or_non_flood,false,false,source_geocoding_not_eligible,true
S15AEVT_001958,T7_rejected_or_non_flood,false,false,source_geocoding_not_eligible,true
S15AEVT_001959,T7_rejected_or_non_flood,false,false,source_geocoding_not_eligible,true
S15AEVT_001960,T7_rejected_or_non_flood,false,false,source_geocoding_not_eligible,true
S15AEVT_001961,T7_rejected_or_non_flood,false,false,source_geocoding_not_eligible,true
S15AEVT_001962,T7_rejected_or_non_flood,false,false,source_geocoding_not_eligible,true
S15AEVT_001963,T7_rejected_or_non_flood,false,false,source_geocoding_not_eligible,true
S15AEVT_001964,T7_rejected_or_non_flood,false,false,source_geocoding_not_eligible,true
S15AEVT_001965,T7_rejected_or_non_flood,false,false,source_geocoding_not_eligible,true
S15AEVT_001966,T7_rejected_or_non_flood,false,false,source_geocoding_not_eligible,true
S15AEVT_001967,T7_rejected_or_non_flood,false,false,source_geocoding_not_eligible,true
S15AEVT_001968,T7_rejected_or_non_flood,false,false,source_geocoding_not_eligible,true
S15AEVT_001969,T7_rejected_or_non_flood,false,false,source_geocoding_not_eligible,true
S15AEVT_001970,T7_rejected_or_non_flood,false,false,source_geocoding_not_eligible,true
S15AEVT_001971,T7_rejected_or_non_flood,false,false,source_geocoding_not_eligible,true
S15AEVT_001972,T7_rejected_or_non_flood,false,false,source_geocoding_not_eligible,true
S15AEVT_001973,T7_rejected_or_non_flood,false,false,source_geocoding_not_eligible,true
S15AEVT_001974,T7_rejected_or_non_flood,false,false,source_geocoding_not_eligible,true
S15AEVT_001975,T7_rejected_or_non_flood,false,false,source_geocoding_not_eligible,true
S15AEVT_001976,T7_rejected_or_non_flood,false,false,source_geocoding_not_eligible,true
S15AEVT_001977,T7_rejected_or_non_flood,false,false,source_geocoding_not_eligible,true
S15AEVT_001978,T7_rejected_or_non_flood,false,false,source_geocoding_not_eligible,true
S15AEVT_001979,T7_rejected_or_non_flood,false,false,source_geocoding_not_eligible,true
S15AEVT_001980,T7_rejected_or_non_flood,false,false,source_geocoding_not_eligible,true
S15AEVT_001981,T7_rejected_or_non_flood,false,false,source_geocoding_not_eligible,true
S15AEVT_001982,T7_rejected_or_non_flood,false,false,source_geocoding_not_eligible,true
S15AEVT_001983,T7_rejected_or_non_flood,false,false,source_geocoding_not_eligible,true
S15AEVT_001984,T7_rejected_or_non_flood,false,false,source_geocoding_not_eligible,true
S15AEVT_001985,T7_rejected_or_non_flood,false,false,source_geocoding_not_eligible,true
S15AEVT_001986,T7_rejected_or_non_flood,false,false,source_geocoding_not_eligible,true
S15AEVT_001987,T7_rejected_or_non_flood,false,false,source_geocoding_not_eligible,true
S15AEVT_001988,T7_rejected_or_non_flood,false,false,source_geocoding_not_eligible,true
S15AEVT_001989,T7_rejected_or_non_flood,false,false,source_geocoding_not_eligible,true
S15AEVT_001990,T7_rejected_or_non_flood,false,false,source_geocoding_not_eligible,true
S15AEVT_001991,T7_rejected_or_non_flood,false,false,source_geocoding_not_eligible,true
S15AEVT_001992,T7_rejected_or_non_flood,false,false,source_geocoding_not_eligible,true
S15AEVT_001993,T7_rejected_or_non_flood,false,false,source_geocoding_not_eligible,true
S15AEVT_001994,T7_rejected_or_non_flood,false,false,source_geocoding_not_eligible,true
S15AEVT_001995,T7_rejected_or_non_flood,false,false,source_geocoding_not_eligible,true
S15AEVT_001996,T7_rejected_or_non_flood,false,false,source_geocoding_not_eligible,true
S15AEVT_001997,T7_rejected_or_non_flood,false,false,source_geocoding_not_eligible,true
S15AEVT_001998,T7_rejected_or_non_flood,false,false,source_geocoding_not_eligible,true
S15AEVT_001999,T7_rejected_or_non_flood,false,false,source_geocoding_not_eligible,true
S15AEVT_002000,T7_rejected_or_non_flood,false,false,source_geocoding_not_eligible,true
S15AEVT_002001,T7_rejected_or_non_flood,false,false,source_geocoding_not_eligible,true
S15AEVT_002002,T7_rejected_or_non_flood,false,false,source_geocoding_not_eligible,true
S15AEVT_002003,T7_rejected_or_non_flood,false,false,source_geocoding_not_eligible,true
S15AEVT_002004,T7_rejected_or_non_flood,false,false,source_geocoding_not_eligible,true
S15AEVT_002005,T7_rejected_or_non_flood,false,false,source_geocoding_not_eligible,true
S15AEVT_002006,T7_rejected_or_non_flood,false,false,source_geocoding_not_eligible,true
S15AEVT_002007,T7_rejected_or_non_flood,false,false,source_geocoding_not_eligible,true
S15AEVT_002008,T7_rejected_or_non_flood,false,false,source_geocoding_not_eligible,true
S15AEVT_002009,T7_rejected_or_non_flood,false,false,source_geocoding_not_eligible,true
S15AEVT_002010,T7_rejected_or_non_flood,false,false,source_geocoding_not_eligible,true
S15AEVT_002011,T7_rejected_or_non_flood,false,false,source_geocoding_not_eligible,true
S15AEVT_002012,T7_rejected_or_non_flood,false,false,source_geocoding_not_eligible,true
S15AEVT_002013,T7_rejected_or_non_flood,false,false,source_geocoding_not_eligible,true
S15AEVT_002014,T7_rejected_or_non_flood,false,false,source_geocoding_not_eligible,true
S15AEVT_002015,T7_rejected_or_non_flood,false,false,source_geocoding_not_eligible,true
S15AEVT_002016,T7_rejected_or_non_flood,false,false,source_geocoding_not_eligible,true
S15AEVT_002017,T7_rejected_or_non_flood,false,false,source_geocoding_not_eligible,true
S15AEVT_002018,T7_rejected_or_non_flood,false,false,source_geocoding_not_eligible,true
S15AEVT_002019,T7_rejected_or_non_flood,false,false,source_geocoding_not_eligible,true
S15AEVT_002020,T7_rejected_or_non_flood,false,false,source_geocoding_not_eligible,true
S15AEVT_002021,T7_rejected_or_non_flood,false,false,source_geocoding_not_eligible,true
S15AEVT_002022,T7_rejected_or_non_flood,false,false,source_geocoding_not_eligible,true
S15AEVT_002023,T7_rejected_or_non_flood,false,false,source_geocoding_not_eligible,true
S15AEVT_002024,T7_rejected_or_non_flood,false,false,source_geocoding_not_eligible,true
S15AEVT_002025,T7_rejected_or_non_flood,false,false,source_geocoding_not_eligible,true
S15AEVT_002026,T7_rejected_or_non_flood,false,false,source_geocoding_not_eligible,true
S15AEVT_002027,T7_rejected_or_non_flood,false,false,source_geocoding_not_eligible,true
S15AEVT_002028,T7_rejected_or_non_flood,false,false,source_geocoding_not_eligible,true
S15AEVT_002029,T7_rejected_or_non_flood,false,false,source_geocoding_not_eligible,true
S15AEVT_002030,T7_rejected_or_non_flood,false,false,source_geocoding_not_eligible,true
S15AEVT_002031,T7_rejected_or_non_flood,false,false,source_geocoding_not_eligible,true
S15AEVT_002032,T7_rejected_or_non_flood,false,false,source_geocoding_not_eligible,true
S15AEVT_002033,T7_rejected_or_non_flood,false,false,source_geocoding_not_eligible,true
S15AEVT_002034,T7_rejected_or_non_flood,false,false,source_geocoding_not_eligible,true
S15AEVT_002035,T7_rejected_or_non_flood,false,false,source_geocoding_not_eligible,true
S15AEVT_002036,T7_rejected_or_non_flood,false,false,source_geocoding_not_eligible,true
S15AEVT_002037,T7_rejected_or_non_flood,false,false,source_geocoding_not_eligible,true
S15AEVT_002038,T7_rejected_or_non_flood,false,false,source_geocoding_not_eligible,true
S15AEVT_002039,T7_rejected_or_non_flood,false,false,source_geocoding_not_eligible,true
S15AEVT_002040,T7_rejected_or_non_flood,false,false,source_geocoding_not_eligible,true
S15AEVT_002041,T7_rejected_or_non_flood,false,false,source_geocoding_not_eligible,true
S15AEVT_002042,T7_rejected_or_non_flood,false,false,source_geocoding_not_eligible,true
S15AEVT_002043,T7_rejected_or_non_flood,false,false,source_geocoding_not_eligible,true
S15AEVT_002044,T7_rejected_or_non_flood,false,false,source_geocoding_not_eligible,true
S15AEVT_002045,T7_rejected_or_non_flood,false,false,source_geocoding_not_eligible,true
S15AEVT_002046,T7_rejected_or_non_flood,false,false,source_geocoding_not_eligible,true
S15AEVT_002047,T7_rejected_or_non_flood,false,false,source_geocoding_not_eligible,true
S15AEVT_002048,T7_rejected_or_non_flood,false,false,source_geocoding_not_eligible,true
S15AEVT_002049,T7_rejected_or_non_flood,false,false,source_geocoding_not_eligible,true
S15AEVT_002050,T7_rejected_or_non_flood,false,false,source_geocoding_not_eligible,true
S15AEVT_002051,T7_rejected_or_non_flood,false,false,source_geocoding_not_eligible,true
S15AEVT_002052,T7_rejected_or_non_flood,false,false,source_geocoding_not_eligible,true
S15AEVT_002053,T7_rejected_or_non_flood,false,false,source_geocoding_not_eligible,true
S15AEVT_002054,T7_rejected_or_non_flood,false,false,source_geocoding_not_eligible,true
S15AEVT_002055,T7_rejected_or_non_flood,false,false,source_geocoding_not_eligible,true
S15AEVT_002056,T7_rejected_or_non_flood,false,false,source_geocoding_not_eligible,true
S15AEVT_002057,T7_rejected_or_non_flood,false,false,source_geocoding_not_eligible,true
S15AEVT_002058,T7_rejected_or_non_flood,false,false,source_geocoding_not_eligible,true
S15AEVT_002059,T7_rejected_or_non_flood,false,false,source_geocoding_not_eligible,true
S15AEVT_002060,T7_rejected_or_non_flood,false,false,source_geocoding_not_eligible,true
S15AEVT_002061,T7_rejected_or_non_flood,false,false,source_geocoding_not_eligible,true
S15AEVT_002062,T7_rejected_or_non_flood,false,false,source_geocoding_not_eligible,true
S15AEVT_002063,T7_rejected_or_non_flood,false,false,source_geocoding_not_eligible,true
S15AEVT_002064,T7_rejected_or_non_flood,false,false,source_geocoding_not_eligible,true
S15AEVT_002065,T7_rejected_or_non_flood,false,false,source_geocoding_not_eligible,true
S15AEVT_002066,T7_rejected_or_non_flood,false,false,source_geocoding_not_eligible,true
S15AEVT_002067,T7_rejected_or_non_flood,false,false,source_geocoding_not_eligible,true
S15AEVT_002068,T7_rejected_or_non_flood,false,false,source_geocoding_not_eligible,true
S15AEVT_002069,T7_rejected_or_non_flood,false,false,source_geocoding_not_eligible,true
S15AEVT_002070,T7_rejected_or_non_flood,false,false,source_geocoding_not_eligible,true
S15AEVT_002071,T7_rejected_or_non_flood,false,false,source_geocoding_not_eligible,true
S15AEVT_002072,T7_rejected_or_non_flood,false,false,source_geocoding_not_eligible,true
S15AEVT_002073,T7_rejected_or_non_flood,false,false,source_geocoding_not_eligible,true
S15AEVT_002074,T7_rejected_or_non_flood,false,false,source_geocoding_not_eligible,true
S15AEVT_002075,T7_rejected_or_non_flood,false,false,source_geocoding_not_eligible,true
S15AEVT_002076,T7_rejected_or_non_flood,false,false,source_geocoding_not_eligible,true
S15AEVT_002077,T7_rejected_or_non_flood,false,false,source_geocoding_not_eligible,true
S15AEVT_002078,T7_rejected_or_non_flood,false,false,source_geocoding_not_eligible,true
S15AEVT_002079,T7_rejected_or_non_flood,false,false,source_geocoding_not_eligible,true
S15AEVT_002080,T7_rejected_or_non_flood,false,false,source_geocoding_not_eligible,true
S15AEVT_002081,T7_rejected_or_non_flood,false,false,source_geocoding_not_eligible,true
S15AEVT_002082,T7_rejected_or_non_flood,false,false,source_geocoding_not_eligible,true
S15AEVT_002083,T7_rejected_or_non_flood,false,false,source_geocoding_not_eligible,true
S15AEVT_002084,T7_rejected_or_non_flood,false,false,source_geocoding_not_eligible,true
S15AEVT_002085,T7_rejected_or_non_flood,false,false,source_geocoding_not_eligible,true
S15AEVT_002086,T7_rejected_or_non_flood,false,false,source_geocoding_not_eligible,true
S15AEVT_002087,T7_rejected_or_non_flood,false,false,source_geocoding_not_eligible,true
S15AEVT_002088,T7_rejected_or_non_flood,false,false,source_geocoding_not_eligible,true
S15AEVT_002089,T7_rejected_or_non_flood,false,false,source_geocoding_not_eligible,true
S15AEVT_002090,T7_rejected_or_non_flood,false,false,source_geocoding_not_eligible,true
S15AEVT_002091,T7_rejected_or_non_flood,false,false,source_geocoding_not_eligible,true
S15AEVT_002092,T7_rejected_or_non_flood,false,false,source_geocoding_not_eligible,true
S15AEVT_002093,T7_rejected_or_non_flood,false,false,source_geocoding_not_eligible,true
S15AEVT_002094,T7_rejected_or_non_flood,false,false,source_geocoding_not_eligible,true
S15AEVT_002095,T7_rejected_or_non_flood,false,false,source_geocoding_not_eligible,true
S15AEVT_002096,T7_rejected_or_non_flood,false,false,source_geocoding_not_eligible,true
S15AEVT_002097,T7_rejected_or_non_flood,false,false,source_geocoding_not_eligible,true
S15AEVT_002098,T7_rejected_or_non_flood,false,false,source_geocoding_not_eligible,true
S15AEVT_002099,T7_rejected_or_non_flood,false,false,source_geocoding_not_eligible,true
S15AEVT_002100,T7_rejected_or_non_flood,false,false,source_geocoding_not_eligible,true
S15AEVT_002101,T7_rejected_or_non_flood,false,false,source_geocoding_not_eligible,true
S15AEVT_002102,T7_rejected_or_non_flood,false,false,source_geocoding_not_eligible,true
S15AEVT_002103,T7_rejected_or_non_flood,false,false,source_geocoding_not_eligible,true
S15AEVT_002104,T7_rejected_or_non_flood,false,false,source_geocoding_not_eligible,true
S15AEVT_002105,T7_rejected_or_non_flood,false,false,source_geocoding_not_eligible,true
S15AEVT_002106,T7_rejected_or_non_flood,false,false,source_geocoding_not_eligible,true
S15AEVT_002107,T7_rejected_or_non_flood,false,false,source_geocoding_not_eligible,true
S15AEVT_002108,T7_rejected_or_non_flood,false,false,source_geocoding_not_eligible,true
S15AEVT_002109,T7_rejected_or_non_flood,false,false,source_geocoding_not_eligible,true
S15AEVT_002110,T7_rejected_or_non_flood,false,false,source_geocoding_not_eligible,true
S15AEVT_002111,T7_rejected_or_non_flood,false,false,source_geocoding_not_eligible,true
S15AEVT_002112,T7_rejected_or_non_flood,false,false,source_geocoding_not_eligible,true
S15AEVT_002113,T7_rejected_or_non_flood,false,false,source_geocoding_not_eligible,true
S15AEVT_002114,T7_rejected_or_non_flood,false,false,source_geocoding_not_eligible,true
S15AEVT_002115,T7_rejected_or_non_flood,false,false,source_geocoding_not_eligible,true
S15AEVT_002116,T7_rejected_or_non_flood,false,false,source_geocoding_not_eligible,true
S15AEVT_002117,T7_rejected_or_non_flood,false,false,source_geocoding_not_eligible,true
S15AEVT_002118,T7_rejected_or_non_flood,false,false,source_geocoding_not_eligible,true
S15AEVT_002119,T7_rejected_or_non_flood,false,false,source_geocoding_not_eligible,true
S15AEVT_002120,T7_rejected_or_non_flood,false,false,source_geocoding_not_eligible,true
S15AEVT_002121,T7_rejected_or_non_flood,false,false,source_geocoding_not_eligible,true
S15AEVT_002122,T7_rejected_or_non_flood,false,false,source_geocoding_not_eligible,true
S15AEVT_002123,T7_rejected_or_non_flood,false,false,source_geocoding_not_eligible,true
S15AEVT_002124,T7_rejected_or_non_flood,false,false,source_geocoding_not_eligible,true
S15AEVT_002125,T7_rejected_or_non_flood,false,false,source_geocoding_not_eligible,true
S15AEVT_002126,T7_rejected_or_non_flood,false,false,source_geocoding_not_eligible,true
S15AEVT_002127,T7_rejected_or_non_flood,false,false,source_geocoding_not_eligible,true
S15AEVT_002128,T7_rejected_or_non_flood,false,false,source_geocoding_not_eligible,true
S15AEVT_002129,T7_rejected_or_non_flood,false,false,source_geocoding_not_eligible,true
S15AEVT_002130,T7_rejected_or_non_flood,false,false,source_geocoding_not_eligible,true
S15AEVT_002131,T7_rejected_or_non_flood,false,false,source_geocoding_not_eligible,true
S15AEVT_002132,T7_rejected_or_non_flood,false,false,source_geocoding_not_eligible,true
S15AEVT_002133,T7_rejected_or_non_flood,false,false,source_geocoding_not_eligible,true
S15AEVT_002134,T7_rejected_or_non_flood,false,false,source_geocoding_not_eligible,true
S15AEVT_002135,T7_rejected_or_non_flood,false,false,source_geocoding_not_eligible,true
S15AEVT_002136,T7_rejected_or_non_flood,false,false,source_geocoding_not_eligible,true
S15AEVT_002137,T7_rejected_or_non_flood,false,false,source_geocoding_not_eligible,true
S15AEVT_002138,T7_rejected_or_non_flood,false,false,source_geocoding_not_eligible,true
S15AEVT_002139,T7_rejected_or_non_flood,false,false,source_geocoding_not_eligible,true
S15AEVT_002140,T7_rejected_or_non_flood,false,false,source_geocoding_not_eligible,true
S15AEVT_002141,T7_rejected_or_non_flood,false,false,source_geocoding_not_eligible,true
S15AEVT_002142,T7_rejected_or_non_flood,false,false,source_geocoding_not_eligible,true
S15AEVT_002143,T7_rejected_or_non_flood,false,false,source_geocoding_not_eligible,true
S15AEVT_002144,T7_rejected_or_non_flood,false,false,source_geocoding_not_eligible,true
S15AEVT_002145,T7_rejected_or_non_flood,false,false,source_geocoding_not_eligible,true
S15AEVT_002146,T7_rejected_or_non_flood,false,false,source_geocoding_not_eligible,true
S15AEVT_002147,T7_rejected_or_non_flood,false,false,source_geocoding_not_eligible,true
S15AEVT_002148,T7_rejected_or_non_flood,false,false,source_geocoding_not_eligible,true
S15AEVT_002149,T7_rejected_or_non_flood,false,false,source_geocoding_not_eligible,true
S15AEVT_002150,T7_rejected_or_non_flood,false,false,source_geocoding_not_eligible,true
S15AEVT_002151,T7_rejected_or_non_flood,false,false,source_geocoding_not_eligible,true
S15AEVT_002152,T7_rejected_or_non_flood,false,false,source_geocoding_not_eligible,true
S15AEVT_002153,T7_rejected_or_non_flood,false,false,source_geocoding_not_eligible,true
S15AEVT_002154,T7_rejected_or_non_flood,false,false,source_geocoding_not_eligible,true
S15AEVT_002155,T7_rejected_or_non_flood,false,false,source_geocoding_not_eligible,true
S15AEVT_002156,T7_rejected_or_non_flood,false,false,source_geocoding_not_eligible,true
S15AEVT_002157,T7_rejected_or_non_flood,false,false,source_geocoding_not_eligible,true
S15AEVT_002158,T7_rejected_or_non_flood,false,false,source_geocoding_not_eligible,true
S15AEVT_002159,T7_rejected_or_non_flood,false,false,source_geocoding_not_eligible,true
S15AEVT_002160,T7_rejected_or_non_flood,false,false,source_geocoding_not_eligible,true
S15AEVT_002161,T7_rejected_or_non_flood,false,false,source_geocoding_not_eligible,true
S15AEVT_002162,T7_rejected_or_non_flood,false,false,source_geocoding_not_eligible,true
S15AEVT_002163,T7_rejected_or_non_flood,false,false,source_geocoding_not_eligible,true
S15AEVT_002164,T7_rejected_or_non_flood,false,false,source_geocoding_not_eligible,true
S15AEVT_002165,T7_rejected_or_non_flood,false,false,source_geocoding_not_eligible,true
S15AEVT_002166,T7_rejected_or_non_flood,false,false,source_geocoding_not_eligible,true
S15AEVT_002167,T7_rejected_or_non_flood,false,false,source_geocoding_not_eligible,true
S15AEVT_002168,T7_rejected_or_non_flood,false,false,source_geocoding_not_eligible,true
S15AEVT_002169,T7_rejected_or_non_flood,false,false,source_geocoding_not_eligible,true
S15AEVT_002170,T7_rejected_or_non_flood,false,false,source_geocoding_not_eligible,true
S15AEVT_002171,T7_rejected_or_non_flood,false,false,source_geocoding_not_eligible,true
S15AEVT_002172,T7_rejected_or_non_flood,false,false,source_geocoding_not_eligible,true
S15AEVT_002173,T7_rejected_or_non_flood,false,false,source_geocoding_not_eligible,true
S15AEVT_002174,T7_rejected_or_non_flood,false,false,source_geocoding_not_eligible,true
S15AEVT_002175,T7_rejected_or_non_flood,false,false,source_geocoding_not_eligible,true
S15AEVT_002176,T7_rejected_or_non_flood,false,false,source_geocoding_not_eligible,true
S15AEVT_002177,T7_rejected_or_non_flood,false,false,source_geocoding_not_eligible,true
S15AEVT_002178,T7_rejected_or_non_flood,false,false,source_geocoding_not_eligible,true
S15AEVT_002179,T7_rejected_or_non_flood,false,false,source_geocoding_not_eligible,true
S15AEVT_002180,T7_rejected_or_non_flood,false,false,source_geocoding_not_eligible,true
S15AEVT_002181,T7_rejected_or_non_flood,false,false,source_geocoding_not_eligible,true
S15AEVT_002182,T7_rejected_or_non_flood,false,false,source_geocoding_not_eligible,true
S15AEVT_002183,T7_rejected_or_non_flood,false,false,source_geocoding_not_eligible,true
S15AEVT_002184,T7_rejected_or_non_flood,false,false,source_geocoding_not_eligible,true
S15AEVT_002185,T7_rejected_or_non_flood,false,false,source_geocoding_not_eligible,true
S15AEVT_002186,T7_rejected_or_non_flood,false,false,source_geocoding_not_eligible,true
S15AEVT_002187,T7_rejected_or_non_flood,false,false,source_geocoding_not_eligible,true
S15AEVT_002188,T7_rejected_or_non_flood,false,false,source_geocoding_not_eligible,true
S15AEVT_002189,T7_rejected_or_non_flood,false,false,source_geocoding_not_eligible,true
S15AEVT_002190,T7_rejected_or_non_flood,false,false,source_geocoding_not_eligible,true
S15AEVT_002191,T7_rejected_or_non_flood,false,false,source_geocoding_not_eligible,true
S15AEVT_002192,T7_rejected_or_non_flood,false,false,source_geocoding_not_eligible,true
S15AEVT_002193,T7_rejected_or_non_flood,false,false,source_geocoding_not_eligible,true
S15AEVT_002194,T7_rejected_or_non_flood,false,false,source_geocoding_not_eligible,true
S15AEVT_002195,T7_rejected_or_non_flood,false,false,source_geocoding_not_eligible,true
S15AEVT_002196,T7_rejected_or_non_flood,false,false,source_geocoding_not_eligible,true
S15AEVT_002197,T7_rejected_or_non_flood,false,false,source_geocoding_not_eligible,true
S15AEVT_002198,T7_rejected_or_non_flood,false,false,source_geocoding_not_eligible,true
S15AEVT_002199,T7_rejected_or_non_flood,false,false,source_geocoding_not_eligible,true
S15AEVT_002200,T7_rejected_or_non_flood,false,false,source_geocoding_not_eligible,true
S15AEVT_002201,T7_rejected_or_non_flood,false,false,source_geocoding_not_eligible,true
S15AEVT_002202,T7_rejected_or_non_flood,false,false,source_geocoding_not_eligible,true
S15AEVT_002203,T7_rejected_or_non_flood,false,false,source_geocoding_not_eligible,true
S15AEVT_002204,T7_rejected_or_non_flood,false,false,source_geocoding_not_eligible,true
S15AEVT_002205,T7_rejected_or_non_flood,false,false,source_geocoding_not_eligible,true
S15AEVT_002206,T7_rejected_or_non_flood,false,false,source_geocoding_not_eligible,true
S15AEVT_002207,T7_rejected_or_non_flood,false,false,source_geocoding_not_eligible,true
S15AEVT_002208,T7_rejected_or_non_flood,false,false,source_geocoding_not_eligible,true
S15AEVT_002209,T7_rejected_or_non_flood,false,false,source_geocoding_not_eligible,true
S15AEVT_002210,T7_rejected_or_non_flood,false,false,source_geocoding_not_eligible,true
S15AEVT_002211,T7_rejected_or_non_flood,false,false,source_geocoding_not_eligible,true
S15AEVT_002212,T7_rejected_or_non_flood,false,false,source_geocoding_not_eligible,true
S15AEVT_002213,T7_rejected_or_non_flood,false,false,source_geocoding_not_eligible,true
S15AEVT_002214,T7_rejected_or_non_flood,false,false,source_geocoding_not_eligible,true
S15AEVT_002215,T7_rejected_or_non_flood,false,false,source_geocoding_not_eligible,true
S15AEVT_002216,T7_rejected_or_non_flood,false,false,source_geocoding_not_eligible,true
S15AEVT_002217,T7_rejected_or_non_flood,false,false,source_geocoding_not_eligible,true
S15AEVT_002218,T7_rejected_or_non_flood,false,false,source_geocoding_not_eligible,true
S15AEVT_002219,T7_rejected_or_non_flood,false,false,source_geocoding_not_eligible,true
S15AEVT_002220,T7_rejected_or_non_flood,false,false,source_geocoding_not_eligible,true
S15AEVT_002221,T7_rejected_or_non_flood,false,false,source_geocoding_not_eligible,true
S15AEVT_002222,T7_rejected_or_non_flood,false,false,source_geocoding_not_eligible,true
S15AEVT_002223,T7_rejected_or_non_flood,false,false,source_geocoding_not_eligible,true
S15AEVT_002224,T7_rejected_or_non_flood,false,false,source_geocoding_not_eligible,true
S15AEVT_002225,T7_rejected_or_non_flood,false,false,source_geocoding_not_eligible,true
S15AEVT_002226,T7_rejected_or_non_flood,false,false,source_geocoding_not_eligible,true
S15AEVT_002227,T7_rejected_or_non_flood,false,false,source_geocoding_not_eligible,true
S15AEVT_002228,T7_rejected_or_non_flood,false,false,source_geocoding_not_eligible,true
S15AEVT_002229,T7_rejected_or_non_flood,false,false,source_geocoding_not_eligible,true
S15AEVT_002230,T7_rejected_or_non_flood,false,false,source_geocoding_not_eligible,true
S15AEVT_002231,T7_rejected_or_non_flood,false,false,source_geocoding_not_eligible,true
S15AEVT_002232,T7_rejected_or_non_flood,false,false,source_geocoding_not_eligible,true
S15AEVT_002233,T7_rejected_or_non_flood,false,false,source_geocoding_not_eligible,true
S15AEVT_002234,T7_rejected_or_non_flood,false,false,source_geocoding_not_eligible,true
S15AEVT_002235,T7_rejected_or_non_flood,false,false,source_geocoding_not_eligible,true
S15AEVT_002236,T7_rejected_or_non_flood,false,false,source_geocoding_not_eligible,true
S15AEVT_002237,T7_rejected_or_non_flood,false,false,source_geocoding_not_eligible,true
S15AEVT_002238,T7_rejected_or_non_flood,false,false,source_geocoding_not_eligible,true
S15AEVT_002239,T7_rejected_or_non_flood,false,false,source_geocoding_not_eligible,true
S15AEVT_002240,T7_rejected_or_non_flood,false,false,source_geocoding_not_eligible,true
S15AEVT_002241,T7_rejected_or_non_flood,false,false,source_geocoding_not_eligible,true
S15AEVT_002242,T7_rejected_or_non_flood,false,false,source_geocoding_not_eligible,true
S15AEVT_002243,T7_rejected_or_non_flood,false,false,source_geocoding_not_eligible,true
S15AEVT_002244,T7_rejected_or_non_flood,false,false,source_geocoding_not_eligible,true
S15AEVT_002245,T7_rejected_or_non_flood,false,false,source_geocoding_not_eligible,true
S15AEVT_002246,T7_rejected_or_non_flood,false,false,source_geocoding_not_eligible,true
S15AEVT_002247,T7_rejected_or_non_flood,false,false,source_geocoding_not_eligible,true
S15AEVT_002248,T7_rejected_or_non_flood,false,false,source_geocoding_not_eligible,true
S15AEVT_002249,T7_rejected_or_non_flood,false,false,source_geocoding_not_eligible,true
S15AEVT_002250,T7_rejected_or_non_flood,false,false,source_geocoding_not_eligible,true
S15AEVT_002251,T7_rejected_or_non_flood,false,false,source_geocoding_not_eligible,true
S15AEVT_002252,T7_rejected_or_non_flood,false,false,source_geocoding_not_eligible,true
S15AEVT_002253,T7_rejected_or_non_flood,false,false,source_geocoding_not_eligible,true
S15AEVT_002254,T7_rejected_or_non_flood,false,false,source_geocoding_not_eligible,true
S15AEVT_002255,T7_rejected_or_non_flood,false,false,source_geocoding_not_eligible,true
S15AEVT_002256,T7_rejected_or_non_flood,false,false,source_geocoding_not_eligible,true
S15AEVT_002257,T7_rejected_or_non_flood,false,false,source_geocoding_not_eligible,true
S15AEVT_002258,T7_rejected_or_non_flood,false,false,source_geocoding_not_eligible,true
S15AEVT_002259,T7_rejected_or_non_flood,false,false,source_geocoding_not_eligible,true
S15AEVT_002260,T7_rejected_or_non_flood,false,false,source_geocoding_not_eligible,true
S15AEVT_002261,T7_rejected_or_non_flood,false,false,source_geocoding_not_eligible,true
S15AEVT_002262,T7_rejected_or_non_flood,false,false,source_geocoding_not_eligible,true
S15AEVT_002263,T7_rejected_or_non_flood,false,false,source_geocoding_not_eligible,true
S15AEVT_002264,T7_rejected_or_non_flood,false,false,source_geocoding_not_eligible,true
S15AEVT_002265,T7_rejected_or_non_flood,false,false,source_geocoding_not_eligible,true
S15AEVT_002266,T7_rejected_or_non_flood,false,false,source_geocoding_not_eligible,true
S15AEVT_002267,T7_rejected_or_non_flood,false,false,source_geocoding_not_eligible,true
S15AEVT_002268,T7_rejected_or_non_flood,false,false,source_geocoding_not_eligible,true
S15AEVT_002269,T7_rejected_or_non_flood,false,false,source_geocoding_not_eligible,true
S15AEVT_002270,T7_rejected_or_non_flood,false,false,source_geocoding_not_eligible,true
S15AEVT_002271,T7_rejected_or_non_flood,false,false,source_geocoding_not_eligible,true
S15AEVT_002272,T7_rejected_or_non_flood,false,false,source_geocoding_not_eligible,true
S15AEVT_002273,T7_rejected_or_non_flood,false,false,source_geocoding_not_eligible,true
S15AEVT_002274,T7_rejected_or_non_flood,false,false,source_geocoding_not_eligible,true
S15AEVT_002275,T7_rejected_or_non_flood,false,false,source_geocoding_not_eligible,true
S15AEVT_002276,T7_rejected_or_non_flood,false,false,source_geocoding_not_eligible,true
S15AEVT_002277,T7_rejected_or_non_flood,false,false,source_geocoding_not_eligible,true
S15AEVT_002278,T7_rejected_or_non_flood,false,false,source_geocoding_not_eligible,true
S15AEVT_002279,T7_rejected_or_non_flood,false,false,source_geocoding_not_eligible,true
S15AEVT_002280,T7_rejected_or_non_flood,false,false,source_geocoding_not_eligible,true
S15AEVT_002281,T7_rejected_or_non_flood,false,false,source_geocoding_not_eligible,true
S15AEVT_002282,T7_rejected_or_non_flood,false,false,source_geocoding_not_eligible,true
S15AEVT_002283,T7_rejected_or_non_flood,false,false,source_geocoding_not_eligible,true
S15AEVT_002284,T7_rejected_or_non_flood,false,false,source_geocoding_not_eligible,true
S15AEVT_002285,T7_rejected_or_non_flood,false,false,source_geocoding_not_eligible,true
S15AEVT_002286,T7_rejected_or_non_flood,false,false,source_geocoding_not_eligible,true
S15AEVT_002287,T7_rejected_or_non_flood,false,false,source_geocoding_not_eligible,true
S15AEVT_002288,T7_rejected_or_non_flood,false,false,source_geocoding_not_eligible,true
S15AEVT_002289,T7_rejected_or_non_flood,false,false,source_geocoding_not_eligible,true
S15AEVT_002290,T7_rejected_or_non_flood,false,false,source_geocoding_not_eligible,true
S15AEVT_002291,T7_rejected_or_non_flood,false,false,source_geocoding_not_eligible,true
S15AEVT_002292,T7_rejected_or_non_flood,false,false,source_geocoding_not_eligible,true
S15AEVT_002293,T7_rejected_or_non_flood,false,false,source_geocoding_not_eligible,true
S15AEVT_002294,T7_rejected_or_non_flood,false,false,source_geocoding_not_eligible,true
S15AEVT_002295,T7_rejected_or_non_flood,false,false,source_geocoding_not_eligible,true
S15AEVT_002296,T7_rejected_or_non_flood,false,false,source_geocoding_not_eligible,true
S15AEVT_002297,T7_rejected_or_non_flood,false,false,source_geocoding_not_eligible,true
S15AEVT_002298,T7_rejected_or_non_flood,false,false,source_geocoding_not_eligible,true
S15AEVT_002299,T7_rejected_or_non_flood,false,false,source_geocoding_not_eligible,true
S15AEVT_002300,T7_rejected_or_non_flood,false,false,source_geocoding_not_eligible,true
S15AEVT_002301,T7_rejected_or_non_flood,false,false,source_geocoding_not_eligible,true
S15AEVT_002302,T7_rejected_or_non_flood,false,false,source_geocoding_not_eligible,true
S15AEVT_002303,T7_rejected_or_non_flood,false,false,source_geocoding_not_eligible,true
S15AEVT_002304,T7_rejected_or_non_flood,false,false,source_geocoding_not_eligible,true
S15AEVT_002305,T7_rejected_or_non_flood,false,false,source_geocoding_not_eligible,true
S15AEVT_002306,T7_rejected_or_non_flood,false,false,source_geocoding_not_eligible,true
S15AEVT_002307,T7_rejected_or_non_flood,false,false,source_geocoding_not_eligible,true
S15AEVT_002308,T7_rejected_or_non_flood,false,false,source_geocoding_not_eligible,true
S15AEVT_002309,T7_rejected_or_non_flood,false,false,source_geocoding_not_eligible,true
S15AEVT_002310,T7_rejected_or_non_flood,false,false,source_geocoding_not_eligible,true
S15AEVT_002311,T7_rejected_or_non_flood,false,false,source_geocoding_not_eligible,true
S15AEVT_002312,T7_rejected_or_non_flood,false,false,source_geocoding_not_eligible,true
S15AEVT_002313,T7_rejected_or_non_flood,false,false,source_geocoding_not_eligible,true
S15AEVT_002314,T7_rejected_or_non_flood,false,false,source_geocoding_not_eligible,true
S15AEVT_002315,T7_rejected_or_non_flood,false,false,source_geocoding_not_eligible,true
S15AEVT_002316,T7_rejected_or_non_flood,false,false,source_geocoding_not_eligible,true
S15AEVT_002317,T7_rejected_or_non_flood,false,false,source_geocoding_not_eligible,true
S15AEVT_002318,T7_rejected_or_non_flood,false,false,source_geocoding_not_eligible,true
S15AEVT_002319,T7_rejected_or_non_flood,false,false,source_geocoding_not_eligible,true
S15AEVT_002320,T7_rejected_or_non_flood,false,false,source_geocoding_not_eligible,true
S15AEVT_002321,T7_rejected_or_non_flood,false,false,source_geocoding_not_eligible,true
S15AEVT_002322,T7_rejected_or_non_flood,false,false,source_geocoding_not_eligible,true
S15AEVT_002323,T7_rejected_or_non_flood,false,false,source_geocoding_not_eligible,true
S15AEVT_002324,T7_rejected_or_non_flood,false,false,source_geocoding_not_eligible,true
S15AEVT_002325,T7_rejected_or_non_flood,false,false,source_geocoding_not_eligible,true
S15AEVT_002326,T5_official_street_segment_candidate,false,false,source_geocoding_not_eligible,true
S15AEVT_002327,T7_rejected_or_non_flood,false,false,source_geocoding_not_eligible,true
S15AEVT_002328,T7_rejected_or_non_flood,false,false,source_geocoding_not_eligible,true
S15AEVT_002329,T5_official_street_segment_candidate,false,false,source_geocoding_not_eligible,true
S15AEVT_002330,T7_rejected_or_non_flood,false,false,source_geocoding_not_eligible,true
S15AEVT_002331,T7_rejected_or_non_flood,false,false,source_geocoding_not_eligible,true
S15AEVT_002332,T7_rejected_or_non_flood,false,false,source_geocoding_not_eligible,true
S15AEVT_002333,T7_rejected_or_non_flood,false,false,source_geocoding_not_eligible,true
S15AEVT_002334,T7_rejected_or_non_flood,false,false,source_geocoding_not_eligible,true
S15AEVT_002335,T7_rejected_or_non_flood,false,false,source_geocoding_not_eligible,true
S15AEVT_002336,T7_rejected_or_non_flood,false,false,source_geocoding_not_eligible,true
S15AEVT_002337,T7_rejected_or_non_flood,false,false,source_geocoding_not_eligible,true
S15AEVT_002338,T7_rejected_or_non_flood,false,false,source_geocoding_not_eligible,true
S15AEVT_002339,T7_rejected_or_non_flood,false,false,source_geocoding_not_eligible,true
S15AEVT_002340,T7_rejected_or_non_flood,false,false,source_geocoding_not_eligible,true
S15AEVT_002341,T7_rejected_or_non_flood,false,false,source_geocoding_not_eligible,true
S15AEVT_002342,T7_rejected_or_non_flood,false,false,source_geocoding_not_eligible,true
S15AEVT_002343,T7_rejected_or_non_flood,false,false,source_geocoding_not_eligible,true
S15AEVT_002344,T7_rejected_or_non_flood,false,false,source_geocoding_not_eligible,true
S15AEVT_002345,T7_rejected_or_non_flood,false,false,source_geocoding_not_eligible,true
S15AEVT_002346,T7_rejected_or_non_flood,false,false,source_geocoding_not_eligible,true
S15AEVT_002347,T7_rejected_or_non_flood,false,false,source_geocoding_not_eligible,true
S15AEVT_002348,T7_rejected_or_non_flood,false,false,source_geocoding_not_eligible,true
S15AEVT_002349,T7_rejected_or_non_flood,false,false,source_geocoding_not_eligible,true
S15AEVT_002350,T7_rejected_or_non_flood,false,false,source_geocoding_not_eligible,true
S15AEVT_002351,T7_rejected_or_non_flood,false,false,source_geocoding_not_eligible,true
S15AEVT_002352,T7_rejected_or_non_flood,false,false,source_geocoding_not_eligible,true
S15AEVT_002353,T7_rejected_or_non_flood,false,false,source_geocoding_not_eligible,true
S15AEVT_002354,T7_rejected_or_non_flood,false,false,source_geocoding_not_eligible,true
S15AEVT_002355,T7_rejected_or_non_flood,false,false,source_geocoding_not_eligible,true
S15AEVT_002356,T7_rejected_or_non_flood,false,false,source_geocoding_not_eligible,true
S15AEVT_002357,T7_rejected_or_non_flood,false,false,source_geocoding_not_eligible,true
S15AEVT_002358,T7_rejected_or_non_flood,false,false,source_geocoding_not_eligible,true
S15AEVT_002359,T7_rejected_or_non_flood,false,false,source_geocoding_not_eligible,true
S15AEVT_002360,T7_rejected_or_non_flood,false,false,source_geocoding_not_eligible,true
S15AEVT_002361,T7_rejected_or_non_flood,false,false,source_geocoding_not_eligible,true
S15AEVT_002362,T7_rejected_or_non_flood,false,false,source_geocoding_not_eligible,true
S15AEVT_002363,T7_rejected_or_non_flood,false,false,source_geocoding_not_eligible,true
S15AEVT_002364,T7_rejected_or_non_flood,false,false,source_geocoding_not_eligible,true
S15AEVT_002365,T7_rejected_or_non_flood,false,false,source_geocoding_not_eligible,true
S15AEVT_002366,T7_rejected_or_non_flood,false,false,source_geocoding_not_eligible,true
S15AEVT_002367,T7_rejected_or_non_flood,false,false,source_geocoding_not_eligible,true
S15AEVT_002368,T7_rejected_or_non_flood,false,false,source_geocoding_not_eligible,true
S15AEVT_002369,T7_rejected_or_non_flood,false,false,source_geocoding_not_eligible,true
S15AEVT_002370,T7_rejected_or_non_flood,false,false,source_geocoding_not_eligible,true
S15AEVT_002371,T7_rejected_or_non_flood,false,false,source_geocoding_not_eligible,true
S15AEVT_002372,T7_rejected_or_non_flood,false,false,source_geocoding_not_eligible,true
S15AEVT_002373,T7_rejected_or_non_flood,false,false,source_geocoding_not_eligible,true
S15AEVT_002374,T7_rejected_or_non_flood,false,false,source_geocoding_not_eligible,true
S15AEVT_002375,T7_rejected_or_non_flood,false,false,source_geocoding_not_eligible,true
S15AEVT_002376,T7_rejected_or_non_flood,false,false,source_geocoding_not_eligible,true
S15AEVT_002377,T7_rejected_or_non_flood,false,false,source_geocoding_not_eligible,true
S15AEVT_002378,T7_rejected_or_non_flood,false,false,source_geocoding_not_eligible,true
S15AEVT_002379,T7_rejected_or_non_flood,false,false,source_geocoding_not_eligible,true
S15AEVT_002380,T7_rejected_or_non_flood,false,false,source_geocoding_not_eligible,true
S15AEVT_002381,T7_rejected_or_non_flood,false,false,source_geocoding_not_eligible,true
S15AEVT_002382,T7_rejected_or_non_flood,false,false,source_geocoding_not_eligible,true
S15AEVT_002383,T7_rejected_or_non_flood,false,false,source_geocoding_not_eligible,true
S15AEVT_002384,T7_rejected_or_non_flood,false,false,source_geocoding_not_eligible,true
S15AEVT_002385,T7_rejected_or_non_flood,false,false,source_geocoding_not_eligible,true
S15AEVT_002386,T7_rejected_or_non_flood,false,false,source_geocoding_not_eligible,true
S15AEVT_002387,T7_rejected_or_non_flood,false,false,source_geocoding_not_eligible,true
S15AEVT_002388,T7_rejected_or_non_flood,false,false,source_geocoding_not_eligible,true
S15AEVT_002389,T7_rejected_or_non_flood,false,false,source_geocoding_not_eligible,true
S15AEVT_002390,T7_rejected_or_non_flood,false,false,source_geocoding_not_eligible,true
S15AEVT_002391,T7_rejected_or_non_flood,false,false,source_geocoding_not_eligible,true
S15AEVT_002392,T7_rejected_or_non_flood,false,false,source_geocoding_not_eligible,true
S15AEVT_002393,T7_rejected_or_non_flood,false,false,source_geocoding_not_eligible,true
S15AEVT_002394,T7_rejected_or_non_flood,false,false,source_geocoding_not_eligible,true
S15AEVT_002395,T7_rejected_or_non_flood,false,false,source_geocoding_not_eligible,true
S15AEVT_002396,T7_rejected_or_non_flood,false,false,source_geocoding_not_eligible,true
S15AEVT_002397,T7_rejected_or_non_flood,false,false,source_geocoding_not_eligible,true
S15AEVT_002398,T7_rejected_or_non_flood,false,false,source_geocoding_not_eligible,true
S15AEVT_002399,T7_rejected_or_non_flood,false,false,source_geocoding_not_eligible,true
S15AEVT_002400,T7_rejected_or_non_flood,false,false,source_geocoding_not_eligible,true
S15AEVT_002401,T7_rejected_or_non_flood,false,false,source_geocoding_not_eligible,true
S15AEVT_002402,T7_rejected_or_non_flood,false,false,source_geocoding_not_eligible,true
S15AEVT_002403,T7_rejected_or_non_flood,false,false,source_geocoding_not_eligible,true
S15AEVT_002404,T7_rejected_or_non_flood,false,false,source_geocoding_not_eligible,true
S15AEVT_002405,T7_rejected_or_non_flood,false,false,source_geocoding_not_eligible,true
S15AEVT_002406,T7_rejected_or_non_flood,false,false,source_geocoding_not_eligible,true
S15AEVT_002407,T7_rejected_or_non_flood,false,false,source_geocoding_not_eligible,true
S15AEVT_002408,T7_rejected_or_non_flood,false,false,source_geocoding_not_eligible,true
S15AEVT_002409,T7_rejected_or_non_flood,false,false,source_geocoding_not_eligible,true
S15AEVT_002410,T7_rejected_or_non_flood,false,false,source_geocoding_not_eligible,true
S15AEVT_002411,T7_rejected_or_non_flood,false,false,source_geocoding_not_eligible,true
S15AEVT_002412,T7_rejected_or_non_flood,false,false,source_geocoding_not_eligible,true
S15AEVT_002413,T7_rejected_or_non_flood,false,false,source_geocoding_not_eligible,true
S15AEVT_002414,T7_rejected_or_non_flood,false,false,source_geocoding_not_eligible,true
S15AEVT_002415,T7_rejected_or_non_flood,false,false,source_geocoding_not_eligible,true
S15AEVT_002416,T7_rejected_or_non_flood,false,false,source_geocoding_not_eligible,true
S15AEVT_002417,T7_rejected_or_non_flood,false,false,source_geocoding_not_eligible,true
S15AEVT_002418,T7_rejected_or_non_flood,false,false,source_geocoding_not_eligible,true
S15AEVT_002419,T7_rejected_or_non_flood,false,false,source_geocoding_not_eligible,true
S15AEVT_002420,T7_rejected_or_non_flood,false,false,source_geocoding_not_eligible,true
S15AEVT_002421,T7_rejected_or_non_flood,false,false,source_geocoding_not_eligible,true
S15AEVT_002422,T7_rejected_or_non_flood,false,false,source_geocoding_not_eligible,true
S15AEVT_002423,T7_rejected_or_non_flood,false,false,source_geocoding_not_eligible,true
S15AEVT_002424,T7_rejected_or_non_flood,false,false,source_geocoding_not_eligible,true
S15AEVT_002425,T7_rejected_or_non_flood,false,false,source_geocoding_not_eligible,true
S15AEVT_002426,T7_rejected_or_non_flood,false,false,source_geocoding_not_eligible,true
S15AEVT_002427,T7_rejected_or_non_flood,false,false,source_geocoding_not_eligible,true
S15AEVT_002428,T7_rejected_or_non_flood,false,false,source_geocoding_not_eligible,true
S15AEVT_002429,T7_rejected_or_non_flood,false,false,source_geocoding_not_eligible,true
S15AEVT_002430,T7_rejected_or_non_flood,false,false,source_geocoding_not_eligible,true
S15AEVT_002431,T7_rejected_or_non_flood,false,false,source_geocoding_not_eligible,true
S15AEVT_002432,T7_rejected_or_non_flood,false,false,source_geocoding_not_eligible,true
S15AEVT_002433,T7_rejected_or_non_flood,false,false,source_geocoding_not_eligible,true
S15AEVT_002434,T7_rejected_or_non_flood,false,false,source_geocoding_not_eligible,true
S15AEVT_002435,T7_rejected_or_non_flood,false,false,source_geocoding_not_eligible,true
S15AEVT_002436,T7_rejected_or_non_flood,false,false,source_geocoding_not_eligible,true
S15AEVT_002437,T7_rejected_or_non_flood,false,false,source_geocoding_not_eligible,true
S15AEVT_002438,T7_rejected_or_non_flood,false,false,source_geocoding_not_eligible,true
S15AEVT_002439,T7_rejected_or_non_flood,false,false,source_geocoding_not_eligible,true
S15AEVT_002440,T7_rejected_or_non_flood,false,false,source_geocoding_not_eligible,true
S15AEVT_002441,T7_rejected_or_non_flood,false,false,source_geocoding_not_eligible,true
S15AEVT_002442,T7_rejected_or_non_flood,false,false,source_geocoding_not_eligible,true
S15AEVT_002443,T7_rejected_or_non_flood,false,false,source_geocoding_not_eligible,true
S15AEVT_002444,T7_rejected_or_non_flood,false,false,source_geocoding_not_eligible,true
S15AEVT_002445,T7_rejected_or_non_flood,false,false,source_geocoding_not_eligible,true
S15AEVT_002446,T7_rejected_or_non_flood,false,false,source_geocoding_not_eligible,true
S15AEVT_002447,T7_rejected_or_non_flood,false,false,source_geocoding_not_eligible,true
S15AEVT_002448,T7_rejected_or_non_flood,false,false,source_geocoding_not_eligible,true
S15AEVT_002449,T7_rejected_or_non_flood,false,false,source_geocoding_not_eligible,true
S15AEVT_002450,T7_rejected_or_non_flood,false,false,source_geocoding_not_eligible,true
S15AEVT_002451,T7_rejected_or_non_flood,false,false,source_geocoding_not_eligible,true
S15AEVT_002452,T7_rejected_or_non_flood,false,false,source_geocoding_not_eligible,true
S15AEVT_002453,T7_rejected_or_non_flood,false,false,source_geocoding_not_eligible,true
S15AEVT_002454,T7_rejected_or_non_flood,false,false,source_geocoding_not_eligible,true
S15AEVT_002455,T7_rejected_or_non_flood,false,false,source_geocoding_not_eligible,true
S15AEVT_002456,T7_rejected_or_non_flood,false,false,source_geocoding_not_eligible,true
S15AEVT_002457,T7_rejected_or_non_flood,false,false,source_geocoding_not_eligible,true
S15AEVT_002458,T7_rejected_or_non_flood,false,false,source_geocoding_not_eligible,true
S15AEVT_002459,T7_rejected_or_non_flood,false,false,source_geocoding_not_eligible,true
S15AEVT_002460,T7_rejected_or_non_flood,false,false,source_geocoding_not_eligible,true
S15AEVT_002461,T7_rejected_or_non_flood,false,false,source_geocoding_not_eligible,true
S15AEVT_002462,T7_rejected_or_non_flood,false,false,source_geocoding_not_eligible,true
S15AEVT_002463,T7_rejected_or_non_flood,false,false,source_geocoding_not_eligible,true
S15AEVT_002464,T7_rejected_or_non_flood,false,false,source_geocoding_not_eligible,true
S15AEVT_002465,T7_rejected_or_non_flood,false,false,source_geocoding_not_eligible,true
S15AEVT_002466,T7_rejected_or_non_flood,false,false,source_geocoding_not_eligible,true
S15AEVT_002467,T7_rejected_or_non_flood,false,false,source_geocoding_not_eligible,true
S15AEVT_002468,T7_rejected_or_non_flood,false,false,source_geocoding_not_eligible,true
S15AEVT_002469,T7_rejected_or_non_flood,false,false,source_geocoding_not_eligible,true
S15AEVT_002470,T7_rejected_or_non_flood,false,false,source_geocoding_not_eligible,true
S15AEVT_002471,T7_rejected_or_non_flood,false,false,source_geocoding_not_eligible,true
S15AEVT_002472,T7_rejected_or_non_flood,false,false,source_geocoding_not_eligible,true
S15AEVT_002473,T7_rejected_or_non_flood,false,false,source_geocoding_not_eligible,true
S15AEVT_002474,T7_rejected_or_non_flood,false,false,source_geocoding_not_eligible,true
S15AEVT_002475,T7_rejected_or_non_flood,false,false,source_geocoding_not_eligible,true
S15AEVT_002476,T7_rejected_or_non_flood,false,false,source_geocoding_not_eligible,true
S15AEVT_002477,T7_rejected_or_non_flood,false,false,source_geocoding_not_eligible,true
S15AEVT_002478,T7_rejected_or_non_flood,false,false,source_geocoding_not_eligible,true
S15AEVT_002479,T7_rejected_or_non_flood,false,false,source_geocoding_not_eligible,true
S15AEVT_002480,T7_rejected_or_non_flood,false,false,source_geocoding_not_eligible,true
S15AEVT_002481,T7_rejected_or_non_flood,false,false,source_geocoding_not_eligible,true
S15AEVT_002482,T7_rejected_or_non_flood,false,false,source_geocoding_not_eligible,true
S15AEVT_002483,T7_rejected_or_non_flood,false,false,source_geocoding_not_eligible,true
S15AEVT_002484,T7_rejected_or_non_flood,false,false,source_geocoding_not_eligible,true
S15AEVT_002485,T7_rejected_or_non_flood,false,false,source_geocoding_not_eligible,true
S15AEVT_002486,T7_rejected_or_non_flood,false,false,source_geocoding_not_eligible,true
S15AEVT_002487,T7_rejected_or_non_flood,false,false,source_geocoding_not_eligible,true
S15AEVT_002488,T7_rejected_or_non_flood,false,false,source_geocoding_not_eligible,true
S15AEVT_002489,T7_rejected_or_non_flood,false,false,source_geocoding_not_eligible,true
S15AEVT_002490,T7_rejected_or_non_flood,false,false,source_geocoding_not_eligible,true
S15AEVT_002491,T7_rejected_or_non_flood,false,false,source_geocoding_not_eligible,true
S15AEVT_002492,T7_rejected_or_non_flood,false,false,source_geocoding_not_eligible,true
S15AEVT_002493,T7_rejected_or_non_flood,false,false,source_geocoding_not_eligible,true
S15AEVT_002494,T7_rejected_or_non_flood,false,false,source_geocoding_not_eligible,true
S15AEVT_002495,T7_rejected_or_non_flood,false,false,source_geocoding_not_eligible,true
S15AEVT_002496,T7_rejected_or_non_flood,false,false,source_geocoding_not_eligible,true
S15AEVT_002497,T7_rejected_or_non_flood,false,false,source_geocoding_not_eligible,true
S15AEVT_002498,T7_rejected_or_non_flood,false,false,source_geocoding_not_eligible,true
S15AEVT_002499,T7_rejected_or_non_flood,false,false,source_geocoding_not_eligible,true
S15AEVT_002500,T7_rejected_or_non_flood,false,false,source_geocoding_not_eligible,true
S15AEVT_002501,T7_rejected_or_non_flood,false,false,source_geocoding_not_eligible,true
S15AEVT_002502,T7_rejected_or_non_flood,false,false,source_geocoding_not_eligible,true
S15AEVT_002503,T7_rejected_or_non_flood,false,false,source_geocoding_not_eligible,true
S15AEVT_002504,T7_rejected_or_non_flood,false,false,source_geocoding_not_eligible,true
S15AEVT_002505,T7_rejected_or_non_flood,false,false,source_geocoding_not_eligible,true
S15AEVT_002506,T7_rejected_or_non_flood,false,false,source_geocoding_not_eligible,true
S15AEVT_002507,T7_rejected_or_non_flood,false,false,source_geocoding_not_eligible,true
S15AEVT_002508,T7_rejected_or_non_flood,false,false,source_geocoding_not_eligible,true
S15AEVT_002509,T7_rejected_or_non_flood,false,false,source_geocoding_not_eligible,true
S15AEVT_002510,T7_rejected_or_non_flood,false,false,source_geocoding_not_eligible,true
S15AEVT_002511,T7_rejected_or_non_flood,false,false,source_geocoding_not_eligible,true
S15AEVT_002512,T7_rejected_or_non_flood,false,false,source_geocoding_not_eligible,true
S15AEVT_002513,T7_rejected_or_non_flood,false,false,source_geocoding_not_eligible,true
S15AEVT_002514,T7_rejected_or_non_flood,false,false,source_geocoding_not_eligible,true
S15AEVT_002515,T7_rejected_or_non_flood,false,false,source_geocoding_not_eligible,true
S15AEVT_002516,T7_rejected_or_non_flood,false,false,source_geocoding_not_eligible,true
S15AEVT_002517,T7_rejected_or_non_flood,false,false,source_geocoding_not_eligible,true
S15AEVT_002518,T7_rejected_or_non_flood,false,false,source_geocoding_not_eligible,true
S15AEVT_002519,T7_rejected_or_non_flood,false,false,source_geocoding_not_eligible,true
S15AEVT_002520,T7_rejected_or_non_flood,false,false,source_geocoding_not_eligible,true
S15AEVT_002521,T7_rejected_or_non_flood,false,false,source_geocoding_not_eligible,true
S15AEVT_002522,T7_rejected_or_non_flood,false,false,source_geocoding_not_eligible,true
S15AEVT_002523,T7_rejected_or_non_flood,false,false,source_geocoding_not_eligible,true
S15AEVT_002524,T7_rejected_or_non_flood,false,false,source_geocoding_not_eligible,true
S15AEVT_002525,T7_rejected_or_non_flood,false,false,source_geocoding_not_eligible,true
S15AEVT_002526,T7_rejected_or_non_flood,false,false,source_geocoding_not_eligible,true
S15AEVT_002527,T7_rejected_or_non_flood,false,false,source_geocoding_not_eligible,true
S15AEVT_002528,T7_rejected_or_non_flood,false,false,source_geocoding_not_eligible,true
S15AEVT_002529,T7_rejected_or_non_flood,false,false,source_geocoding_not_eligible,true
S15AEVT_002530,T7_rejected_or_non_flood,false,false,source_geocoding_not_eligible,true
S15AEVT_002531,T7_rejected_or_non_flood,false,false,source_geocoding_not_eligible,true
S15AEVT_002532,T7_rejected_or_non_flood,false,false,source_geocoding_not_eligible,true
S15AEVT_002533,T7_rejected_or_non_flood,false,false,source_geocoding_not_eligible,true
S15AEVT_002534,T7_rejected_or_non_flood,false,false,source_geocoding_not_eligible,true
S15AEVT_002535,T7_rejected_or_non_flood,false,false,source_geocoding_not_eligible,true
S15AEVT_002536,T7_rejected_or_non_flood,false,false,source_geocoding_not_eligible,true
S15AEVT_002537,T7_rejected_or_non_flood,false,false,source_geocoding_not_eligible,true
S15AEVT_002538,T7_rejected_or_non_flood,false,false,source_geocoding_not_eligible,true
S15AEVT_002539,T7_rejected_or_non_flood,false,false,source_geocoding_not_eligible,true
S15AEVT_002540,T7_rejected_or_non_flood,false,false,source_geocoding_not_eligible,true
S15AEVT_002541,T7_rejected_or_non_flood,false,false,source_geocoding_not_eligible,true
S15AEVT_002542,T7_rejected_or_non_flood,false,false,source_geocoding_not_eligible,true
S15AEVT_002543,T7_rejected_or_non_flood,false,false,source_geocoding_not_eligible,true
S15AEVT_002544,T7_rejected_or_non_flood,false,false,source_geocoding_not_eligible,true
S15AEVT_002545,T7_rejected_or_non_flood,false,false,source_geocoding_not_eligible,true
S15AEVT_002546,T7_rejected_or_non_flood,false,false,source_geocoding_not_eligible,true
S15AEVT_002547,T7_rejected_or_non_flood,false,false,source_geocoding_not_eligible,true
S15AEVT_002548,T7_rejected_or_non_flood,false,false,source_geocoding_not_eligible,true
S15AEVT_002549,T7_rejected_or_non_flood,false,false,source_geocoding_not_eligible,true
S15AEVT_002550,T7_rejected_or_non_flood,false,false,source_geocoding_not_eligible,true
S15AEVT_002551,T7_rejected_or_non_flood,false,false,source_geocoding_not_eligible,true
S15AEVT_002552,T7_rejected_or_non_flood,false,false,source_geocoding_not_eligible,true
S15AEVT_002553,T7_rejected_or_non_flood,false,false,source_geocoding_not_eligible,true
S15AEVT_002554,T7_rejected_or_non_flood,false,false,source_geocoding_not_eligible,true
S15AEVT_002555,T7_rejected_or_non_flood,false,false,source_geocoding_not_eligible,true
S15AEVT_002556,T7_rejected_or_non_flood,false,false,source_geocoding_not_eligible,true
S15AEVT_002557,T7_rejected_or_non_flood,false,false,source_geocoding_not_eligible,true
S15AEVT_002558,T7_rejected_or_non_flood,false,false,source_geocoding_not_eligible,true
S15AEVT_002559,T7_rejected_or_non_flood,false,false,source_geocoding_not_eligible,true
S15AEVT_002560,T7_rejected_or_non_flood,false,false,source_geocoding_not_eligible,true
S15AEVT_002561,T7_rejected_or_non_flood,false,false,source_geocoding_not_eligible,true
S15AEVT_002562,T7_rejected_or_non_flood,false,false,source_geocoding_not_eligible,true
S15AEVT_002563,T7_rejected_or_non_flood,false,false,source_geocoding_not_eligible,true
S15AEVT_002564,T7_rejected_or_non_flood,false,false,source_geocoding_not_eligible,true
S15AEVT_002565,T7_rejected_or_non_flood,false,false,source_geocoding_not_eligible,true
S15AEVT_002566,T7_rejected_or_non_flood,false,false,source_geocoding_not_eligible,true
S15AEVT_002567,T7_rejected_or_non_flood,false,false,source_geocoding_not_eligible,true
S15AEVT_002568,T7_rejected_or_non_flood,false,false,source_geocoding_not_eligible,true
S15AEVT_002569,T7_rejected_or_non_flood,false,false,source_geocoding_not_eligible,true
S15AEVT_002570,T7_rejected_or_non_flood,false,false,source_geocoding_not_eligible,true
S15AEVT_002571,T7_rejected_or_non_flood,false,false,source_geocoding_not_eligible,true
S15AEVT_002572,T7_rejected_or_non_flood,false,false,source_geocoding_not_eligible,true
S15AEVT_002573,T7_rejected_or_non_flood,false,false,source_geocoding_not_eligible,true
S15AEVT_002574,T7_rejected_or_non_flood,false,false,source_geocoding_not_eligible,true
S15AEVT_002575,T7_rejected_or_non_flood,false,false,source_geocoding_not_eligible,true
S15AEVT_002576,T7_rejected_or_non_flood,false,false,source_geocoding_not_eligible,true
S15AEVT_002577,T7_rejected_or_non_flood,false,false,source_geocoding_not_eligible,true
S15AEVT_002578,T7_rejected_or_non_flood,false,false,source_geocoding_not_eligible,true
S15AEVT_002579,T7_rejected_or_non_flood,false,false,source_geocoding_not_eligible,true
S15AEVT_002580,T7_rejected_or_non_flood,false,false,source_geocoding_not_eligible,true
S15AEVT_002581,T7_rejected_or_non_flood,false,false,source_geocoding_not_eligible,true
S15AEVT_002582,T7_rejected_or_non_flood,false,false,source_geocoding_not_eligible,true
S15AEVT_002583,T7_rejected_or_non_flood,false,false,source_geocoding_not_eligible,true
S15AEVT_002584,T7_rejected_or_non_flood,false,false,source_geocoding_not_eligible,true
S15AEVT_002585,T7_rejected_or_non_flood,false,false,source_geocoding_not_eligible,true
S15AEVT_002586,T7_rejected_or_non_flood,false,false,source_geocoding_not_eligible,true
S15AEVT_002587,T7_rejected_or_non_flood,false,false,source_geocoding_not_eligible,true
S15AEVT_002588,T7_rejected_or_non_flood,false,false,source_geocoding_not_eligible,true
S15AEVT_002589,T7_rejected_or_non_flood,false,false,source_geocoding_not_eligible,true
S15AEVT_002590,T7_rejected_or_non_flood,false,false,source_geocoding_not_eligible,true
S15AEVT_002591,T7_rejected_or_non_flood,false,false,source_geocoding_not_eligible,true
S15AEVT_002592,T7_rejected_or_non_flood,false,false,source_geocoding_not_eligible,true
S15AEVT_002593,T7_rejected_or_non_flood,false,false,source_geocoding_not_eligible,true
S15AEVT_002594,T7_rejected_or_non_flood,false,false,source_geocoding_not_eligible,true
S15AEVT_002595,T7_rejected_or_non_flood,false,false,source_geocoding_not_eligible,true
S15AEVT_002596,T7_rejected_or_non_flood,false,false,source_geocoding_not_eligible,true
S15AEVT_002597,T7_rejected_or_non_flood,false,false,source_geocoding_not_eligible,true
S15AEVT_002598,T7_rejected_or_non_flood,false,false,source_geocoding_not_eligible,true
S15AEVT_002599,T7_rejected_or_non_flood,false,false,source_geocoding_not_eligible,true
S15AEVT_002600,T7_rejected_or_non_flood,false,false,source_geocoding_not_eligible,true
S15AEVT_002601,T7_rejected_or_non_flood,false,false,source_geocoding_not_eligible,true
S15AEVT_002602,T7_rejected_or_non_flood,false,false,source_geocoding_not_eligible,true
S15AEVT_002603,T7_rejected_or_non_flood,false,false,source_geocoding_not_eligible,true
S15AEVT_002604,T7_rejected_or_non_flood,false,false,source_geocoding_not_eligible,true
S15AEVT_002605,T7_rejected_or_non_flood,false,false,source_geocoding_not_eligible,true
S15AEVT_002606,T7_rejected_or_non_flood,false,false,source_geocoding_not_eligible,true
S15AEVT_002607,T7_rejected_or_non_flood,false,false,source_geocoding_not_eligible,true
S15AEVT_002608,T7_rejected_or_non_flood,false,false,source_geocoding_not_eligible,true
S15AEVT_002609,T7_rejected_or_non_flood,false,false,source_geocoding_not_eligible,true
S15AEVT_002610,T7_rejected_or_non_flood,false,false,source_geocoding_not_eligible,true
S15AEVT_002611,T7_rejected_or_non_flood,false,false,source_geocoding_not_eligible,true
S15AEVT_002612,T7_rejected_or_non_flood,false,false,source_geocoding_not_eligible,true
S15AEVT_002613,T7_rejected_or_non_flood,false,false,source_geocoding_not_eligible,true
S15AEVT_002614,T7_rejected_or_non_flood,false,false,source_geocoding_not_eligible,true
S15AEVT_002615,T7_rejected_or_non_flood,false,false,source_geocoding_not_eligible,true
S15AEVT_002616,T7_rejected_or_non_flood,false,false,source_geocoding_not_eligible,true
S15AEVT_002617,T7_rejected_or_non_flood,false,false,source_geocoding_not_eligible,true
S15AEVT_002618,T7_rejected_or_non_flood,false,false,source_geocoding_not_eligible,true
S15AEVT_002619,T7_rejected_or_non_flood,false,false,source_geocoding_not_eligible,true
S15AEVT_002620,T7_rejected_or_non_flood,false,false,source_geocoding_not_eligible,true
S15AEVT_002621,T7_rejected_or_non_flood,false,false,source_geocoding_not_eligible,true
S15AEVT_002622,T7_rejected_or_non_flood,false,false,source_geocoding_not_eligible,true
S15AEVT_002623,T7_rejected_or_non_flood,false,false,source_geocoding_not_eligible,true
S15AEVT_002624,T7_rejected_or_non_flood,false,false,source_geocoding_not_eligible,true
S15AEVT_002625,T7_rejected_or_non_flood,false,false,source_geocoding_not_eligible,true
S15AEVT_002626,T7_rejected_or_non_flood,false,false,source_geocoding_not_eligible,true
S15AEVT_002627,T7_rejected_or_non_flood,false,false,source_geocoding_not_eligible,true
S15AEVT_002628,T7_rejected_or_non_flood,false,false,source_geocoding_not_eligible,true
S15AEVT_002629,T7_rejected_or_non_flood,false,false,source_geocoding_not_eligible,true
S15AEVT_002630,T7_rejected_or_non_flood,false,false,source_geocoding_not_eligible,true
S15AEVT_002631,T7_rejected_or_non_flood,false,false,source_geocoding_not_eligible,true
S15AEVT_002632,T7_rejected_or_non_flood,false,false,source_geocoding_not_eligible,true
S15AEVT_002633,T7_rejected_or_non_flood,false,false,source_geocoding_not_eligible,true
S15AEVT_002634,T7_rejected_or_non_flood,false,false,source_geocoding_not_eligible,true
S15AEVT_002635,T7_rejected_or_non_flood,false,false,source_geocoding_not_eligible,true
S15AEVT_002636,T7_rejected_or_non_flood,false,false,source_geocoding_not_eligible,true
S15AEVT_002637,T7_rejected_or_non_flood,false,false,source_geocoding_not_eligible,true
S15AEVT_002638,T7_rejected_or_non_flood,false,false,source_geocoding_not_eligible,true
S15AEVT_002639,T7_rejected_or_non_flood,false,false,source_geocoding_not_eligible,true
S15AEVT_002640,T7_rejected_or_non_flood,false,false,source_geocoding_not_eligible,true
S15AEVT_002641,T7_rejected_or_non_flood,false,false,source_geocoding_not_eligible,true
S15AEVT_002642,T7_rejected_or_non_flood,false,false,source_geocoding_not_eligible,true
S15AEVT_002643,T7_rejected_or_non_flood,false,false,source_geocoding_not_eligible,true
S15AEVT_002644,T7_rejected_or_non_flood,false,false,source_geocoding_not_eligible,true
S15AEVT_002645,T7_rejected_or_non_flood,false,false,source_geocoding_not_eligible,true
S15AEVT_002646,T7_rejected_or_non_flood,false,false,source_geocoding_not_eligible,true
S15AEVT_002647,T7_rejected_or_non_flood,false,false,source_geocoding_not_eligible,true
S15AEVT_002648,T7_rejected_or_non_flood,false,false,source_geocoding_not_eligible,true
S15AEVT_002649,T7_rejected_or_non_flood,false,false,source_geocoding_not_eligible,true
S15AEVT_002650,T7_rejected_or_non_flood,false,false,source_geocoding_not_eligible,true
S15AEVT_002651,T7_rejected_or_non_flood,false,false,source_geocoding_not_eligible,true
S15AEVT_002652,T7_rejected_or_non_flood,false,false,source_geocoding_not_eligible,true
S15AEVT_002653,T7_rejected_or_non_flood,false,false,source_geocoding_not_eligible,true
S15AEVT_002654,T7_rejected_or_non_flood,false,false,source_geocoding_not_eligible,true
S15AEVT_002655,T7_rejected_or_non_flood,false,false,source_geocoding_not_eligible,true
S15AEVT_002656,T7_rejected_or_non_flood,false,false,source_geocoding_not_eligible,true
S15AEVT_002657,T7_rejected_or_non_flood,false,false,source_geocoding_not_eligible,true
S15AEVT_002658,T7_rejected_or_non_flood,false,false,source_geocoding_not_eligible,true
S15AEVT_002659,T7_rejected_or_non_flood,false,false,source_geocoding_not_eligible,true
S15AEVT_002660,T7_rejected_or_non_flood,false,false,source_geocoding_not_eligible,true
S15AEVT_002661,T7_rejected_or_non_flood,false,false,source_geocoding_not_eligible,true
S15AEVT_002662,T7_rejected_or_non_flood,false,false,source_geocoding_not_eligible,true
S15AEVT_002663,T7_rejected_or_non_flood,false,false,source_geocoding_not_eligible,true
S15AEVT_002664,T7_rejected_or_non_flood,false,false,source_geocoding_not_eligible,true
S15AEVT_002665,T7_rejected_or_non_flood,false,false,source_geocoding_not_eligible,true
S15AEVT_002666,T7_rejected_or_non_flood,false,false,source_geocoding_not_eligible,true
S15AEVT_002667,T7_rejected_or_non_flood,false,false,source_geocoding_not_eligible,true
S15AEVT_002668,T7_rejected_or_non_flood,false,false,source_geocoding_not_eligible,true
S15AEVT_002669,T7_rejected_or_non_flood,false,false,source_geocoding_not_eligible,true
S15AEVT_002670,T7_rejected_or_non_flood,false,false,source_geocoding_not_eligible,true
S15AEVT_002671,T7_rejected_or_non_flood,false,false,source_geocoding_not_eligible,true
S15AEVT_002672,T7_rejected_or_non_flood,false,false,source_geocoding_not_eligible,true
S15AEVT_002673,T7_rejected_or_non_flood,false,false,source_geocoding_not_eligible,true
S15AEVT_002674,T7_rejected_or_non_flood,false,false,source_geocoding_not_eligible,true
S15AEVT_002675,T7_rejected_or_non_flood,false,false,source_geocoding_not_eligible,true
S15AEVT_002676,T7_rejected_or_non_flood,false,false,source_geocoding_not_eligible,true
S15AEVT_002677,T7_rejected_or_non_flood,false,false,source_geocoding_not_eligible,true
S15AEVT_002678,T7_rejected_or_non_flood,false,false,source_geocoding_not_eligible,true
S15AEVT_002679,T7_rejected_or_non_flood,false,false,source_geocoding_not_eligible,true
S15AEVT_002680,T7_rejected_or_non_flood,false,false,source_geocoding_not_eligible,true
S15AEVT_002681,T7_rejected_or_non_flood,false,false,source_geocoding_not_eligible,true
S15AEVT_002682,T7_rejected_or_non_flood,false,false,source_geocoding_not_eligible,true
S15AEVT_002683,T7_rejected_or_non_flood,false,false,source_geocoding_not_eligible,true
S15AEVT_002684,T7_rejected_or_non_flood,false,false,source_geocoding_not_eligible,true
S15AEVT_002685,T7_rejected_or_non_flood,false,false,source_geocoding_not_eligible,true
S15AEVT_002686,T7_rejected_or_non_flood,false,false,source_geocoding_not_eligible,true
S15AEVT_002687,T7_rejected_or_non_flood,false,false,source_geocoding_not_eligible,true
S15AEVT_002688,T7_rejected_or_non_flood,false,false,source_geocoding_not_eligible,true
S15AEVT_002689,T7_rejected_or_non_flood,false,false,source_geocoding_not_eligible,true
S15AEVT_002690,T7_rejected_or_non_flood,false,false,source_geocoding_not_eligible,true
S15AEVT_002691,T7_rejected_or_non_flood,false,false,source_geocoding_not_eligible,true
S15AEVT_002692,T7_rejected_or_non_flood,false,false,source_geocoding_not_eligible,true
S15AEVT_002693,T7_rejected_or_non_flood,false,false,source_geocoding_not_eligible,true
S15AEVT_002694,T7_rejected_or_non_flood,false,false,source_geocoding_not_eligible,true
S15AEVT_002695,T7_rejected_or_non_flood,false,false,source_geocoding_not_eligible,true
S15AEVT_002696,T7_rejected_or_non_flood,false,false,source_geocoding_not_eligible,true
S15AEVT_002697,T7_rejected_or_non_flood,false,false,source_geocoding_not_eligible,true
S15AEVT_002698,T7_rejected_or_non_flood,false,false,source_geocoding_not_eligible,true
S15AEVT_002699,T7_rejected_or_non_flood,false,false,source_geocoding_not_eligible,true
S15AEVT_002700,T7_rejected_or_non_flood,false,false,source_geocoding_not_eligible,true
S15AEVT_002701,T7_rejected_or_non_flood,false,false,source_geocoding_not_eligible,true
S15AEVT_002702,T7_rejected_or_non_flood,false,false,source_geocoding_not_eligible,true
S15AEVT_002703,T7_rejected_or_non_flood,false,false,source_geocoding_not_eligible,true
S15AEVT_002704,T7_rejected_or_non_flood,false,false,source_geocoding_not_eligible,true
S15AEVT_002705,T7_rejected_or_non_flood,false,false,source_geocoding_not_eligible,true
S15AEVT_002706,T7_rejected_or_non_flood,false,false,source_geocoding_not_eligible,true
S15AEVT_002707,T7_rejected_or_non_flood,false,false,source_geocoding_not_eligible,true
S15AEVT_002708,T7_rejected_or_non_flood,false,false,source_geocoding_not_eligible,true
S15AEVT_002709,T7_rejected_or_non_flood,false,false,source_geocoding_not_eligible,true
S15AEVT_002710,T7_rejected_or_non_flood,false,false,source_geocoding_not_eligible,true
S15AEVT_002711,T7_rejected_or_non_flood,false,false,source_geocoding_not_eligible,true
S15AEVT_002712,T7_rejected_or_non_flood,false,false,source_geocoding_not_eligible,true
S15AEVT_002713,T7_rejected_or_non_flood,false,false,source_geocoding_not_eligible,true
S15AEVT_002714,T7_rejected_or_non_flood,false,false,source_geocoding_not_eligible,true
S15AEVT_002715,T7_rejected_or_non_flood,false,false,source_geocoding_not_eligible,true
S15AEVT_002716,T7_rejected_or_non_flood,false,false,source_geocoding_not_eligible,true
S15AEVT_002717,T7_rejected_or_non_flood,false,false,source_geocoding_not_eligible,true
S15AEVT_002718,T7_rejected_or_non_flood,false,false,source_geocoding_not_eligible,true
S15AEVT_002719,T7_rejected_or_non_flood,false,false,source_geocoding_not_eligible,true
S15AEVT_002720,T7_rejected_or_non_flood,false,false,source_geocoding_not_eligible,true
S15AEVT_002721,T7_rejected_or_non_flood,false,false,source_geocoding_not_eligible,true
S15AEVT_002722,T7_rejected_or_non_flood,false,false,source_geocoding_not_eligible,true
S15AEVT_002723,T7_rejected_or_non_flood,false,false,source_geocoding_not_eligible,true
S15AEVT_002724,T7_rejected_or_non_flood,false,false,source_geocoding_not_eligible,true
S15AEVT_002725,T7_rejected_or_non_flood,false,false,source_geocoding_not_eligible,true
S15AEVT_002726,T7_rejected_or_non_flood,false,false,source_geocoding_not_eligible,true
S15AEVT_002727,T7_rejected_or_non_flood,false,false,source_geocoding_not_eligible,true
S15AEVT_002728,T7_rejected_or_non_flood,false,false,source_geocoding_not_eligible,true
S15AEVT_002729,T7_rejected_or_non_flood,false,false,source_geocoding_not_eligible,true
S15AEVT_002730,T7_rejected_or_non_flood,false,false,source_geocoding_not_eligible,true
S15AEVT_002731,T7_rejected_or_non_flood,false,false,source_geocoding_not_eligible,true
S15AEVT_002732,T7_rejected_or_non_flood,false,false,source_geocoding_not_eligible,true
S15AEVT_002733,T7_rejected_or_non_flood,false,false,source_geocoding_not_eligible,true
S15AEVT_002734,T7_rejected_or_non_flood,false,false,source_geocoding_not_eligible,true
S15AEVT_002735,T7_rejected_or_non_flood,false,false,source_geocoding_not_eligible,true
S15AEVT_002736,T7_rejected_or_non_flood,false,false,source_geocoding_not_eligible,true
S15AEVT_002737,T7_rejected_or_non_flood,false,false,source_geocoding_not_eligible,true
S15AEVT_002738,T7_rejected_or_non_flood,false,false,source_geocoding_not_eligible,true
S15AEVT_002739,T7_rejected_or_non_flood,false,false,source_geocoding_not_eligible,true
S15AEVT_002740,T7_rejected_or_non_flood,false,false,source_geocoding_not_eligible,true
S15AEVT_002741,T7_rejected_or_non_flood,false,false,source_geocoding_not_eligible,true
S15AEVT_002742,T7_rejected_or_non_flood,false,false,source_geocoding_not_eligible,true
S15AEVT_002743,T7_rejected_or_non_flood,false,false,source_geocoding_not_eligible,true
S15AEVT_002744,T7_rejected_or_non_flood,false,false,source_geocoding_not_eligible,true
S15AEVT_002745,T7_rejected_or_non_flood,false,false,source_geocoding_not_eligible,true
S15AEVT_002746,T7_rejected_or_non_flood,false,false,source_geocoding_not_eligible,true
S15AEVT_002747,T7_rejected_or_non_flood,false,false,source_geocoding_not_eligible,true
S15AEVT_002748,T7_rejected_or_non_flood,false,false,source_geocoding_not_eligible,true
S15AEVT_002749,T7_rejected_or_non_flood,false,false,source_geocoding_not_eligible,true
S15AEVT_002750,T7_rejected_or_non_flood,false,false,source_geocoding_not_eligible,true
S15AEVT_002751,T7_rejected_or_non_flood,false,false,source_geocoding_not_eligible,true
S15AEVT_002752,T7_rejected_or_non_flood,false,false,source_geocoding_not_eligible,true
S15AEVT_002753,T7_rejected_or_non_flood,false,false,source_geocoding_not_eligible,true
S15AEVT_002754,T7_rejected_or_non_flood,false,false,source_geocoding_not_eligible,true
S15AEVT_002755,T7_rejected_or_non_flood,false,false,source_geocoding_not_eligible,true
S15AEVT_002756,T7_rejected_or_non_flood,false,false,source_geocoding_not_eligible,true
S15AEVT_002757,T7_rejected_or_non_flood,false,false,source_geocoding_not_eligible,true
S15AEVT_002758,T7_rejected_or_non_flood,false,false,source_geocoding_not_eligible,true
S15AEVT_002759,T7_rejected_or_non_flood,false,false,source_geocoding_not_eligible,true
S15AEVT_002760,T7_rejected_or_non_flood,false,false,source_geocoding_not_eligible,true
S15AEVT_002761,T7_rejected_or_non_flood,false,false,source_geocoding_not_eligible,true
S15AEVT_002762,T7_rejected_or_non_flood,false,false,source_geocoding_not_eligible,true
S15AEVT_002763,T7_rejected_or_non_flood,false,false,source_geocoding_not_eligible,true
S15AEVT_002764,T7_rejected_or_non_flood,false,false,source_geocoding_not_eligible,true
S15AEVT_002765,T7_rejected_or_non_flood,false,false,source_geocoding_not_eligible,true
S15AEVT_002766,T7_rejected_or_non_flood,false,false,source_geocoding_not_eligible,true
S15AEVT_002767,T7_rejected_or_non_flood,false,false,source_geocoding_not_eligible,true
S15AEVT_002768,T7_rejected_or_non_flood,false,false,source_geocoding_not_eligible,true
S15AEVT_002769,T7_rejected_or_non_flood,false,false,source_geocoding_not_eligible,true
S15AEVT_002770,T7_rejected_or_non_flood,false,false,source_geocoding_not_eligible,true
S15AEVT_002771,T7_rejected_or_non_flood,false,false,source_geocoding_not_eligible,true
S15AEVT_002772,T7_rejected_or_non_flood,false,false,source_geocoding_not_eligible,true
S15AEVT_002773,T7_rejected_or_non_flood,false,false,source_geocoding_not_eligible,true
S15AEVT_002774,T7_rejected_or_non_flood,false,false,source_geocoding_not_eligible,true
S15AEVT_002775,T7_rejected_or_non_flood,false,false,source_geocoding_not_eligible,true
S15AEVT_002776,T7_rejected_or_non_flood,false,false,source_geocoding_not_eligible,true
S15AEVT_002777,T7_rejected_or_non_flood,false,false,source_geocoding_not_eligible,true
S15AEVT_002778,T7_rejected_or_non_flood,false,false,source_geocoding_not_eligible,true
S15AEVT_002779,T7_rejected_or_non_flood,false,false,source_geocoding_not_eligible,true
S15AEVT_002780,T7_rejected_or_non_flood,false,false,source_geocoding_not_eligible,true
S15AEVT_002781,T7_rejected_or_non_flood,false,false,source_geocoding_not_eligible,true
S15AEVT_002782,T7_rejected_or_non_flood,false,false,source_geocoding_not_eligible,true
S15AEVT_002783,T7_rejected_or_non_flood,false,false,source_geocoding_not_eligible,true
S15AEVT_002784,T7_rejected_or_non_flood,false,false,source_geocoding_not_eligible,true
S15AEVT_002785,T7_rejected_or_non_flood,false,false,source_geocoding_not_eligible,true
S15AEVT_002786,T7_rejected_or_non_flood,false,false,source_geocoding_not_eligible,true
S15AEVT_002787,T7_rejected_or_non_flood,false,false,source_geocoding_not_eligible,true
S15AEVT_002788,T7_rejected_or_non_flood,false,false,source_geocoding_not_eligible,true
S15AEVT_002789,T7_rejected_or_non_flood,false,false,source_geocoding_not_eligible,true
S15AEVT_002790,T7_rejected_or_non_flood,false,false,source_geocoding_not_eligible,true
S15AEVT_002791,T7_rejected_or_non_flood,false,false,source_geocoding_not_eligible,true
S15AEVT_002792,T7_rejected_or_non_flood,false,false,source_geocoding_not_eligible,true
S15AEVT_002793,T7_rejected_or_non_flood,false,false,source_geocoding_not_eligible,true
S15AEVT_002794,T7_rejected_or_non_flood,false,false,source_geocoding_not_eligible,true
S15AEVT_002795,T7_rejected_or_non_flood,false,false,source_geocoding_not_eligible,true
S15AEVT_002796,T7_rejected_or_non_flood,false,false,source_geocoding_not_eligible,true
S15AEVT_002797,T7_rejected_or_non_flood,false,false,source_geocoding_not_eligible,true
S15AEVT_002798,T7_rejected_or_non_flood,false,false,source_geocoding_not_eligible,true
S15AEVT_002799,T7_rejected_or_non_flood,false,false,source_geocoding_not_eligible,true
S15AEVT_002800,T7_rejected_or_non_flood,false,false,source_geocoding_not_eligible,true
S15AEVT_002801,T7_rejected_or_non_flood,false,false,source_geocoding_not_eligible,true
S15AEVT_002802,T7_rejected_or_non_flood,false,false,source_geocoding_not_eligible,true
S15AEVT_002803,T7_rejected_or_non_flood,false,false,source_geocoding_not_eligible,true
S15AEVT_002804,T7_rejected_or_non_flood,false,false,source_geocoding_not_eligible,true
S15AEVT_002805,T7_rejected_or_non_flood,false,false,source_geocoding_not_eligible,true
S15AEVT_002806,T7_rejected_or_non_flood,false,false,source_geocoding_not_eligible,true
S15AEVT_002807,T7_rejected_or_non_flood,false,false,source_geocoding_not_eligible,true
S15AEVT_002808,T7_rejected_or_non_flood,false,false,source_geocoding_not_eligible,true
S15AEVT_002809,T7_rejected_or_non_flood,false,false,source_geocoding_not_eligible,true
S15AEVT_002810,T7_rejected_or_non_flood,false,false,source_geocoding_not_eligible,true
S15AEVT_002811,T7_rejected_or_non_flood,false,false,source_geocoding_not_eligible,true
S15AEVT_002812,T7_rejected_or_non_flood,false,false,source_geocoding_not_eligible,true
S15AEVT_002813,T7_rejected_or_non_flood,false,false,source_geocoding_not_eligible,true
S15AEVT_002814,T7_rejected_or_non_flood,false,false,source_geocoding_not_eligible,true
S15AEVT_002815,T7_rejected_or_non_flood,false,false,source_geocoding_not_eligible,true
S15AEVT_002816,T7_rejected_or_non_flood,false,false,source_geocoding_not_eligible,true
S15AEVT_002817,T7_rejected_or_non_flood,false,false,source_geocoding_not_eligible,true
S15AEVT_002818,T7_rejected_or_non_flood,false,false,source_geocoding_not_eligible,true
S15AEVT_002819,T7_rejected_or_non_flood,false,false,source_geocoding_not_eligible,true
S15AEVT_002820,T7_rejected_or_non_flood,false,false,source_geocoding_not_eligible,true
S15AEVT_002821,T7_rejected_or_non_flood,false,false,source_geocoding_not_eligible,true
S15AEVT_002822,T7_rejected_or_non_flood,false,false,source_geocoding_not_eligible,true
S15AEVT_002823,T7_rejected_or_non_flood,false,false,source_geocoding_not_eligible,true
S15AEVT_002824,T7_rejected_or_non_flood,false,false,source_geocoding_not_eligible,true
S15AEVT_002825,T7_rejected_or_non_flood,false,false,source_geocoding_not_eligible,true
S15AEVT_002826,T7_rejected_or_non_flood,false,false,source_geocoding_not_eligible,true
S15AEVT_002827,T7_rejected_or_non_flood,false,false,source_geocoding_not_eligible,true
S15AEVT_002828,T7_rejected_or_non_flood,false,false,source_geocoding_not_eligible,true
S15AEVT_002829,T7_rejected_or_non_flood,false,false,source_geocoding_not_eligible,true
S15AEVT_002830,T7_rejected_or_non_flood,false,false,source_geocoding_not_eligible,true
S15AEVT_002831,T7_rejected_or_non_flood,false,false,source_geocoding_not_eligible,true
S15AEVT_002832,T7_rejected_or_non_flood,false,false,source_geocoding_not_eligible,true
S15AEVT_002833,T7_rejected_or_non_flood,false,false,source_geocoding_not_eligible,true
S15AEVT_002834,T7_rejected_or_non_flood,false,false,source_geocoding_not_eligible,true
S15AEVT_002835,T7_rejected_or_non_flood,false,false,source_geocoding_not_eligible,true
S15AEVT_002836,T7_rejected_or_non_flood,false,false,source_geocoding_not_eligible,true
S15AEVT_002837,T7_rejected_or_non_flood,false,false,source_geocoding_not_eligible,true
S15AEVT_002838,T7_rejected_or_non_flood,false,false,source_geocoding_not_eligible,true
S15AEVT_002839,T7_rejected_or_non_flood,false,false,source_geocoding_not_eligible,true
S15AEVT_002840,T7_rejected_or_non_flood,false,false,source_geocoding_not_eligible,true
S15AEVT_002841,T7_rejected_or_non_flood,false,false,source_geocoding_not_eligible,true
S15AEVT_002842,T7_rejected_or_non_flood,false,false,source_geocoding_not_eligible,true
S15AEVT_002843,T7_rejected_or_non_flood,false,false,source_geocoding_not_eligible,true
S15AEVT_002844,T7_rejected_or_non_flood,false,false,source_geocoding_not_eligible,true
S15AEVT_002845,T7_rejected_or_non_flood,false,false,source_geocoding_not_eligible,true
S15AEVT_002846,T7_rejected_or_non_flood,false,false,source_geocoding_not_eligible,true
S15AEVT_002847,T7_rejected_or_non_flood,false,false,source_geocoding_not_eligible,true
S15AEVT_002848,T7_rejected_or_non_flood,false,false,source_geocoding_not_eligible,true
S15AEVT_002849,T7_rejected_or_non_flood,false,false,source_geocoding_not_eligible,true
S15AEVT_002850,T7_rejected_or_non_flood,false,false,source_geocoding_not_eligible,true
S15AEVT_002851,T7_rejected_or_non_flood,false,false,source_geocoding_not_eligible,true
S15AEVT_002852,T7_rejected_or_non_flood,false,false,source_geocoding_not_eligible,true
S15AEVT_002853,T7_rejected_or_non_flood,false,false,source_geocoding_not_eligible,true
S15AEVT_002854,T7_rejected_or_non_flood,false,false,source_geocoding_not_eligible,true
S15AEVT_002855,T7_rejected_or_non_flood,false,false,source_geocoding_not_eligible,true
S15AEVT_002856,T7_rejected_or_non_flood,false,false,source_geocoding_not_eligible,true
S15AEVT_002857,T7_rejected_or_non_flood,false,false,source_geocoding_not_eligible,true
S15AEVT_002858,T7_rejected_or_non_flood,false,false,source_geocoding_not_eligible,true
S15AEVT_002859,T7_rejected_or_non_flood,false,false,source_geocoding_not_eligible,true
S15AEVT_002860,T7_rejected_or_non_flood,false,false,source_geocoding_not_eligible,true
S15AEVT_002861,T7_rejected_or_non_flood,false,false,source_geocoding_not_eligible,true
S15AEVT_002862,T7_rejected_or_non_flood,false,false,source_geocoding_not_eligible,true
S15AEVT_002863,T7_rejected_or_non_flood,false,false,source_geocoding_not_eligible,true
S15AEVT_002864,T7_rejected_or_non_flood,false,false,source_geocoding_not_eligible,true
S15AEVT_002865,T7_rejected_or_non_flood,false,false,source_geocoding_not_eligible,true
S15AEVT_002866,T7_rejected_or_non_flood,false,false,source_geocoding_not_eligible,true
S15AEVT_002867,T7_rejected_or_non_flood,false,false,source_geocoding_not_eligible,true
S15AEVT_002868,T7_rejected_or_non_flood,false,false,source_geocoding_not_eligible,true
S15AEVT_002869,T7_rejected_or_non_flood,false,false,source_geocoding_not_eligible,true
S15AEVT_002870,T7_rejected_or_non_flood,false,false,source_geocoding_not_eligible,true
S15AEVT_002871,T7_rejected_or_non_flood,false,false,source_geocoding_not_eligible,true
S15AEVT_002872,T7_rejected_or_non_flood,false,false,source_geocoding_not_eligible,true
S15AEVT_002873,T7_rejected_or_non_flood,false,false,source_geocoding_not_eligible,true
S15AEVT_002874,T7_rejected_or_non_flood,false,false,source_geocoding_not_eligible,true
S15AEVT_002875,T7_rejected_or_non_flood,false,false,source_geocoding_not_eligible,true
S15AEVT_002876,T7_rejected_or_non_flood,false,false,source_geocoding_not_eligible,true
S15AEVT_002877,T7_rejected_or_non_flood,false,false,source_geocoding_not_eligible,true
S15AEVT_002878,T7_rejected_or_non_flood,false,false,source_geocoding_not_eligible,true
S15AEVT_002879,T7_rejected_or_non_flood,false,false,source_geocoding_not_eligible,true
S15AEVT_002880,T7_rejected_or_non_flood,false,false,source_geocoding_not_eligible,true
S15AEVT_002881,T7_rejected_or_non_flood,false,false,source_geocoding_not_eligible,true
S15AEVT_002882,T7_rejected_or_non_flood,false,false,source_geocoding_not_eligible,true
S15AEVT_002883,T7_rejected_or_non_flood,false,false,source_geocoding_not_eligible,true
S15AEVT_002884,T7_rejected_or_non_flood,false,false,source_geocoding_not_eligible,true
S15AEVT_002885,T7_rejected_or_non_flood,false,false,source_geocoding_not_eligible,true
S15AEVT_002886,T7_rejected_or_non_flood,false,false,source_geocoding_not_eligible,true
S15AEVT_002887,T7_rejected_or_non_flood,false,false,source_geocoding_not_eligible,true
S15AEVT_002888,T7_rejected_or_non_flood,false,false,source_geocoding_not_eligible,true
S15AEVT_002889,T7_rejected_or_non_flood,false,false,source_geocoding_not_eligible,true
S15AEVT_002890,T7_rejected_or_non_flood,false,false,source_geocoding_not_eligible,true
S15AEVT_002891,T7_rejected_or_non_flood,false,false,source_geocoding_not_eligible,true
S15AEVT_002892,T7_rejected_or_non_flood,false,false,source_geocoding_not_eligible,true
S15AEVT_002893,T7_rejected_or_non_flood,false,false,source_geocoding_not_eligible,true
S15AEVT_002894,T7_rejected_or_non_flood,false,false,source_geocoding_not_eligible,true
S15AEVT_002895,T7_rejected_or_non_flood,false,false,source_geocoding_not_eligible,true
S15AEVT_002896,T7_rejected_or_non_flood,false,false,source_geocoding_not_eligible,true
S15AEVT_002897,T7_rejected_or_non_flood,false,false,source_geocoding_not_eligible,true
S15AEVT_002898,T7_rejected_or_non_flood,false,false,source_geocoding_not_eligible,true
S15AEVT_002899,T7_rejected_or_non_flood,false,false,source_geocoding_not_eligible,true
S15AEVT_002900,T7_rejected_or_non_flood,false,false,source_geocoding_not_eligible,true
S15AEVT_002901,T7_rejected_or_non_flood,false,false,source_geocoding_not_eligible,true
S15AEVT_002902,T7_rejected_or_non_flood,false,false,source_geocoding_not_eligible,true
S15AEVT_002903,T7_rejected_or_non_flood,false,false,source_geocoding_not_eligible,true
S15AEVT_002904,T7_rejected_or_non_flood,false,false,source_geocoding_not_eligible,true
S15AEVT_002905,T7_rejected_or_non_flood,false,false,source_geocoding_not_eligible,true
S15AEVT_002906,T7_rejected_or_non_flood,false,false,source_geocoding_not_eligible,true
S15AEVT_002907,T7_rejected_or_non_flood,false,false,source_geocoding_not_eligible,true
S15AEVT_002908,T7_rejected_or_non_flood,false,false,source_geocoding_not_eligible,true
S15AEVT_002909,T7_rejected_or_non_flood,false,false,source_geocoding_not_eligible,true
S15AEVT_002910,T7_rejected_or_non_flood,false,false,source_geocoding_not_eligible,true
S15AEVT_002911,T7_rejected_or_non_flood,false,false,source_geocoding_not_eligible,true
S15AEVT_002912,T7_rejected_or_non_flood,false,false,source_geocoding_not_eligible,true
S15AEVT_002913,T7_rejected_or_non_flood,false,false,source_geocoding_not_eligible,true
S15AEVT_002914,T7_rejected_or_non_flood,false,false,source_geocoding_not_eligible,true
S15AEVT_002915,T7_rejected_or_non_flood,false,false,source_geocoding_not_eligible,true
S15AEVT_002916,T7_rejected_or_non_flood,false,false,source_geocoding_not_eligible,true
S15AEVT_002917,T7_rejected_or_non_flood,false,false,source_geocoding_not_eligible,true
S15AEVT_002918,T7_rejected_or_non_flood,false,false,source_geocoding_not_eligible,true
S15AEVT_002919,T7_rejected_or_non_flood,false,false,source_geocoding_not_eligible,true
S15AEVT_002920,T7_rejected_or_non_flood,false,false,source_geocoding_not_eligible,true
S15AEVT_002921,T7_rejected_or_non_flood,false,false,source_geocoding_not_eligible,true
S15AEVT_002922,T7_rejected_or_non_flood,false,false,source_geocoding_not_eligible,true
S15AEVT_002923,T7_rejected_or_non_flood,false,false,source_geocoding_not_eligible,true
S15AEVT_002924,T7_rejected_or_non_flood,false,false,source_geocoding_not_eligible,true
S15AEVT_002925,T7_rejected_or_non_flood,false,false,source_geocoding_not_eligible,true
S15AEVT_002926,T7_rejected_or_non_flood,false,false,source_geocoding_not_eligible,true
S15AEVT_002927,T7_rejected_or_non_flood,false,false,source_geocoding_not_eligible,true
S15AEVT_002928,T7_rejected_or_non_flood,false,false,source_geocoding_not_eligible,true
S15AEVT_002929,T7_rejected_or_non_flood,false,false,source_geocoding_not_eligible,true
S15AEVT_002930,T7_rejected_or_non_flood,false,false,source_geocoding_not_eligible,true
S15AEVT_002931,T7_rejected_or_non_flood,false,false,source_geocoding_not_eligible,true
S15AEVT_002932,T7_rejected_or_non_flood,false,false,source_geocoding_not_eligible,true
S15AEVT_002933,T7_rejected_or_non_flood,false,false,source_geocoding_not_eligible,true
S15AEVT_002934,T7_rejected_or_non_flood,false,false,source_geocoding_not_eligible,true
S15AEVT_002935,T7_rejected_or_non_flood,false,false,source_geocoding_not_eligible,true
S15AEVT_002936,T7_rejected_or_non_flood,false,false,source_geocoding_not_eligible,true
S15AEVT_002937,T7_rejected_or_non_flood,false,false,source_geocoding_not_eligible,true
S15AEVT_002938,T7_rejected_or_non_flood,false,false,source_geocoding_not_eligible,true
S15AEVT_002939,T7_rejected_or_non_flood,false,false,source_geocoding_not_eligible,true
S15AEVT_002940,T7_rejected_or_non_flood,false,false,source_geocoding_not_eligible,true
S15AEVT_002941,T7_rejected_or_non_flood,false,false,source_geocoding_not_eligible,true
S15AEVT_002942,T7_rejected_or_non_flood,false,false,source_geocoding_not_eligible,true
S15AEVT_002943,T7_rejected_or_non_flood,false,false,source_geocoding_not_eligible,true
S15AEVT_002944,T7_rejected_or_non_flood,false,false,source_geocoding_not_eligible,true
S15AEVT_002945,T7_rejected_or_non_flood,false,false,source_geocoding_not_eligible,true
S15AEVT_002946,T7_rejected_or_non_flood,false,false,source_geocoding_not_eligible,true
S15AEVT_002947,T7_rejected_or_non_flood,false,false,source_geocoding_not_eligible,true
S15AEVT_002948,T7_rejected_or_non_flood,false,false,source_geocoding_not_eligible,true
S15AEVT_002949,T7_rejected_or_non_flood,false,false,source_geocoding_not_eligible,true
S15AEVT_002950,T7_rejected_or_non_flood,false,false,source_geocoding_not_eligible,true
S15AEVT_002951,T7_rejected_or_non_flood,false,false,source_geocoding_not_eligible,true
S15AEVT_002952,T7_rejected_or_non_flood,false,false,source_geocoding_not_eligible,true
S15AEVT_002953,T7_rejected_or_non_flood,false,false,source_geocoding_not_eligible,true
S15AEVT_002954,T7_rejected_or_non_flood,false,false,source_geocoding_not_eligible,true
S15AEVT_002955,T7_rejected_or_non_flood,false,false,source_geocoding_not_eligible,true
S15AEVT_002956,T7_rejected_or_non_flood,false,false,source_geocoding_not_eligible,true
S15AEVT_002957,T7_rejected_or_non_flood,false,false,source_geocoding_not_eligible,true
S15AEVT_002958,T6_neighborhood_context_only,false,false,source_geocoding_not_eligible,true
S15AEVT_002959,T6_neighborhood_context_only,false,false,source_geocoding_not_eligible,true
S15AEVT_002960,T6_neighborhood_context_only,false,false,source_geocoding_not_eligible,true
S15AEVT_002961,T6_neighborhood_context_only,false,false,source_geocoding_not_eligible,true
S15AEVT_002962,T6_neighborhood_context_only,false,false,source_geocoding_not_eligible,true
S15AEVT_002963,T6_neighborhood_context_only,false,false,source_geocoding_not_eligible,true
S15AEVT_002964,T6_neighborhood_context_only,false,false,source_geocoding_not_eligible,true
S15AEVT_002965,T6_neighborhood_context_only,false,false,source_geocoding_not_eligible,true
S15AEVT_002966,T6_neighborhood_context_only,false,false,source_geocoding_not_eligible,true
S15AEVT_002967,T6_neighborhood_context_only,false,false,source_geocoding_not_eligible,true
S15AEVT_002968,T6_neighborhood_context_only,false,false,source_geocoding_not_eligible,true
S15AEVT_002969,T6_neighborhood_context_only,false,false,source_geocoding_not_eligible,true
S15AEVT_002970,T6_neighborhood_context_only,false,false,source_geocoding_not_eligible,true
S15AEVT_002971,T6_neighborhood_context_only,false,false,source_geocoding_not_eligible,true
S15AEVT_002972,T6_neighborhood_context_only,false,false,source_geocoding_not_eligible,true
S15AEVT_002973,T6_neighborhood_context_only,false,false,source_geocoding_not_eligible,true
S15AEVT_002974,T6_neighborhood_context_only,false,false,source_geocoding_not_eligible,true
S15AEVT_002975,T6_neighborhood_context_only,false,false,source_geocoding_not_eligible,true
S15AEVT_002976,T6_neighborhood_context_only,false,false,source_geocoding_not_eligible,true
S15AEVT_002977,T6_neighborhood_context_only,false,false,source_geocoding_not_eligible,true
S15AEVT_002978,T6_neighborhood_context_only,false,false,source_geocoding_not_eligible,true
S15AEVT_002979,T6_neighborhood_context_only,false,false,source_geocoding_not_eligible,true
S15AEVT_002980,T6_neighborhood_context_only,false,false,source_geocoding_not_eligible,true
S15AEVT_002981,T6_neighborhood_context_only,false,false,source_geocoding_not_eligible,true
S15AEVT_002982,T6_neighborhood_context_only,false,false,source_geocoding_not_eligible,true
S15AEVT_002983,T6_neighborhood_context_only,false,false,source_geocoding_not_eligible,true
S15AEVT_002984,T6_neighborhood_context_only,false,false,source_geocoding_not_eligible,true
S15AEVT_002985,T6_neighborhood_context_only,false,false,source_geocoding_not_eligible,true
S15AEVT_002986,T6_neighborhood_context_only,false,false,source_geocoding_not_eligible,true
S15AEVT_002987,T6_neighborhood_context_only,false,false,source_geocoding_not_eligible,true
S15AEVT_002988,T6_neighborhood_context_only,false,false,source_geocoding_not_eligible,true
S15AEVT_002989,T6_neighborhood_context_only,false,false,source_geocoding_not_eligible,true
S15AEVT_002990,T6_neighborhood_context_only,false,false,source_geocoding_not_eligible,true
S15AEVT_002991,T6_neighborhood_context_only,false,false,source_geocoding_not_eligible,true
S15AEVT_002992,T6_neighborhood_context_only,false,false,source_geocoding_not_eligible,true
S15AEVT_002993,T6_neighborhood_context_only,false,false,source_geocoding_not_eligible,true
S15AEVT_002994,T6_neighborhood_context_only,false,false,source_geocoding_not_eligible,true
S15AEVT_002995,T6_neighborhood_context_only,false,false,source_geocoding_not_eligible,true
S15AEVT_002996,T6_neighborhood_context_only,false,false,source_geocoding_not_eligible,true
S15AEVT_002997,T6_neighborhood_context_only,false,false,source_geocoding_not_eligible,true
S15AEVT_002998,T6_neighborhood_context_only,false,false,source_geocoding_not_eligible,true
S15AEVT_002999,T6_neighborhood_context_only,false,false,source_geocoding_not_eligible,true
S15AEVT_003000,T6_neighborhood_context_only,false,false,source_geocoding_not_eligible,true
S15AEVT_003001,T6_neighborhood_context_only,false,false,source_geocoding_not_eligible,true
S15AEVT_003002,T6_neighborhood_context_only,false,false,source_geocoding_not_eligible,true
S15AEVT_003003,T6_neighborhood_context_only,false,false,source_geocoding_not_eligible,true
S15AEVT_003004,T6_neighborhood_context_only,false,false,source_geocoding_not_eligible,true
S15AEVT_003005,T6_neighborhood_context_only,false,false,source_geocoding_not_eligible,true
S15AEVT_003006,T6_neighborhood_context_only,false,false,source_geocoding_not_eligible,true
S15AEVT_003007,T6_neighborhood_context_only,false,false,source_geocoding_not_eligible,true
S15AEVT_003008,T6_neighborhood_context_only,false,false,source_geocoding_not_eligible,true
S15AEVT_003009,T6_neighborhood_context_only,false,false,source_geocoding_not_eligible,true
S15AEVT_003010,T6_neighborhood_context_only,false,false,source_geocoding_not_eligible,true
S15AEVT_003011,T6_neighborhood_context_only,false,false,source_geocoding_not_eligible,true
S15AEVT_003012,T6_neighborhood_context_only,false,false,source_geocoding_not_eligible,true
S15AEVT_003013,T6_neighborhood_context_only,false,false,source_geocoding_not_eligible,true
S15AEVT_003014,T6_neighborhood_context_only,false,false,source_geocoding_not_eligible,true
S15AEVT_003015,T6_neighborhood_context_only,false,false,source_geocoding_not_eligible,true
S15AEVT_003016,T6_neighborhood_context_only,false,false,source_geocoding_not_eligible,true
S15AEVT_003017,T6_neighborhood_context_only,false,false,source_geocoding_not_eligible,true
S15AEVT_003018,T6_neighborhood_context_only,false,false,source_geocoding_not_eligible,true
S15AEVT_003019,T6_neighborhood_context_only,false,false,source_geocoding_not_eligible,true
S15AEVT_003020,T6_neighborhood_context_only,false,false,source_geocoding_not_eligible,true
S15AEVT_003021,T6_neighborhood_context_only,false,false,source_geocoding_not_eligible,true
S15AEVT_003022,T6_neighborhood_context_only,false,false,source_geocoding_not_eligible,true
S15AEVT_003023,T6_neighborhood_context_only,false,false,source_geocoding_not_eligible,true
S15AEVT_003024,T6_neighborhood_context_only,false,false,source_geocoding_not_eligible,true
S15AEVT_003025,T6_neighborhood_context_only,false,false,source_geocoding_not_eligible,true
S15AEVT_003026,T6_neighborhood_context_only,false,false,source_geocoding_not_eligible,true
S15AEVT_003027,T6_neighborhood_context_only,false,false,source_geocoding_not_eligible,true
S15AEVT_003028,T6_neighborhood_context_only,false,false,source_geocoding_not_eligible,true
S15AEVT_003029,T6_neighborhood_context_only,false,false,source_geocoding_not_eligible,true
S15AEVT_003030,T6_neighborhood_context_only,false,false,source_geocoding_not_eligible,true
S15AEVT_003031,T6_neighborhood_context_only,false,false,source_geocoding_not_eligible,true
S15AEVT_003032,T6_neighborhood_context_only,false,false,source_geocoding_not_eligible,true
S15AEVT_003033,T6_neighborhood_context_only,false,false,source_geocoding_not_eligible,true
S15AEVT_003034,T6_neighborhood_context_only,false,false,source_geocoding_not_eligible,true
S15AEVT_003035,T6_neighborhood_context_only,false,false,source_geocoding_not_eligible,true
S15AEVT_003036,T6_neighborhood_context_only,false,false,source_geocoding_not_eligible,true
S15AEVT_003037,T6_neighborhood_context_only,false,false,source_geocoding_not_eligible,true
S15AEVT_003038,T6_neighborhood_context_only,false,false,source_geocoding_not_eligible,true
S15AEVT_003039,T6_neighborhood_context_only,false,false,source_geocoding_not_eligible,true
S15AEVT_003040,T6_neighborhood_context_only,false,false,source_geocoding_not_eligible,true
S15AEVT_003041,T6_neighborhood_context_only,false,false,source_geocoding_not_eligible,true
S15AEVT_003042,T6_neighborhood_context_only,false,false,source_geocoding_not_eligible,true
S15AEVT_003043,T6_neighborhood_context_only,false,false,source_geocoding_not_eligible,true
S15AEVT_003044,T6_neighborhood_context_only,false,false,source_geocoding_not_eligible,true
S15AEVT_003045,T6_neighborhood_context_only,false,false,source_geocoding_not_eligible,true
S15AEVT_003046,T6_neighborhood_context_only,false,false,source_geocoding_not_eligible,true
S15AEVT_003047,T6_neighborhood_context_only,false,false,source_geocoding_not_eligible,true
S15AEVT_003048,T6_neighborhood_context_only,false,false,source_geocoding_not_eligible,true
S15AEVT_003049,T6_neighborhood_context_only,false,false,source_geocoding_not_eligible,true
S15AEVT_003050,T6_neighborhood_context_only,false,false,source_geocoding_not_eligible,true
S15AEVT_003051,T6_neighborhood_context_only,false,false,source_geocoding_not_eligible,true
S15AEVT_003052,T6_neighborhood_context_only,false,false,source_geocoding_not_eligible,true
S15AEVT_003053,T6_neighborhood_context_only,false,false,source_geocoding_not_eligible,true
S15AEVT_003054,T6_neighborhood_context_only,false,false,source_geocoding_not_eligible,true
S15AEVT_003055,T6_neighborhood_context_only,false,false,source_geocoding_not_eligible,true
S15AEVT_003056,T6_neighborhood_context_only,false,false,source_geocoding_not_eligible,true
S15AEVT_003057,T6_neighborhood_context_only,false,false,source_geocoding_not_eligible,true
S15AEVT_003058,T6_neighborhood_context_only,false,false,source_geocoding_not_eligible,true
S15AEVT_003059,T6_neighborhood_context_only,false,false,source_geocoding_not_eligible,true
S15AEVT_003060,T6_neighborhood_context_only,false,false,source_geocoding_not_eligible,true
S15AEVT_003061,T6_neighborhood_context_only,false,false,source_geocoding_not_eligible,true
S15AEVT_003062,T6_neighborhood_context_only,false,false,source_geocoding_not_eligible,true
S15AEVT_003063,T6_neighborhood_context_only,false,false,source_geocoding_not_eligible,true
S15AEVT_003064,T6_neighborhood_context_only,false,false,source_geocoding_not_eligible,true
S15AEVT_003065,T6_neighborhood_context_only,false,false,source_geocoding_not_eligible,true
S15AEVT_003066,T6_neighborhood_context_only,false,false,source_geocoding_not_eligible,true
S15AEVT_003067,T6_neighborhood_context_only,false,false,source_geocoding_not_eligible,true
S15AEVT_003068,T6_neighborhood_context_only,false,false,source_geocoding_not_eligible,true
S15AEVT_003069,T6_neighborhood_context_only,false,false,source_geocoding_not_eligible,true
S15AEVT_003070,T6_neighborhood_context_only,false,false,source_geocoding_not_eligible,true
S15AEVT_003071,T6_neighborhood_context_only,false,false,source_geocoding_not_eligible,true
S15AEVT_003072,T6_neighborhood_context_only,false,false,source_geocoding_not_eligible,true
S15AEVT_003073,T6_neighborhood_context_only,false,false,source_geocoding_not_eligible,true
S15AEVT_003074,T6_neighborhood_context_only,false,false,source_geocoding_not_eligible,true
S15AEVT_003075,T6_neighborhood_context_only,false,false,source_geocoding_not_eligible,true
S15AEVT_003076,T6_neighborhood_context_only,false,false,source_geocoding_not_eligible,true
S15AEVT_003077,T6_neighborhood_context_only,false,false,source_geocoding_not_eligible,true
S15AEVT_003078,T6_neighborhood_context_only,false,false,source_geocoding_not_eligible,true
S15AEVT_003079,T6_neighborhood_context_only,false,false,source_geocoding_not_eligible,true
S15AEVT_003080,T6_neighborhood_context_only,false,false,source_geocoding_not_eligible,true
S15AEVT_003081,T6_neighborhood_context_only,false,false,source_geocoding_not_eligible,true
S15AEVT_003082,T6_neighborhood_context_only,false,false,source_geocoding_not_eligible,true
S15AEVT_003083,T6_neighborhood_context_only,false,false,source_geocoding_not_eligible,true
S15AEVT_003084,T6_neighborhood_context_only,false,false,source_geocoding_not_eligible,true
S15AEVT_003085,T6_neighborhood_context_only,false,false,source_geocoding_not_eligible,true
S15AEVT_003086,T6_neighborhood_context_only,false,false,source_geocoding_not_eligible,true
S15AEVT_003087,T6_neighborhood_context_only,false,false,source_geocoding_not_eligible,true
S15AEVT_003088,T6_neighborhood_context_only,false,false,source_geocoding_not_eligible,true
S15AEVT_003089,T6_neighborhood_context_only,false,false,source_geocoding_not_eligible,true
S15AEVT_003090,T6_neighborhood_context_only,false,false,source_geocoding_not_eligible,true
S15AEVT_003091,T6_neighborhood_context_only,false,false,source_geocoding_not_eligible,true
S15AEVT_003092,T6_neighborhood_context_only,false,false,source_geocoding_not_eligible,true
S15AEVT_003093,T6_neighborhood_context_only,false,false,source_geocoding_not_eligible,true
S15AEVT_003094,T6_neighborhood_context_only,false,false,source_geocoding_not_eligible,true
S15AEVT_003095,T6_neighborhood_context_only,false,false,source_geocoding_not_eligible,true
S15AEVT_003096,T6_neighborhood_context_only,false,false,source_geocoding_not_eligible,true
S15AEVT_003097,T6_neighborhood_context_only,false,false,source_geocoding_not_eligible,true
S15AEVT_003098,T6_neighborhood_context_only,false,false,source_geocoding_not_eligible,true
S15AEVT_003099,T6_neighborhood_context_only,false,false,source_geocoding_not_eligible,true
S15AEVT_003100,T6_neighborhood_context_only,false,false,source_geocoding_not_eligible,true
S15AEVT_003101,T6_neighborhood_context_only,false,false,source_geocoding_not_eligible,true
S15AEVT_003102,T6_neighborhood_context_only,false,false,source_geocoding_not_eligible,true
S15AEVT_003103,T6_neighborhood_context_only,false,false,source_geocoding_not_eligible,true
S15AEVT_003104,T6_neighborhood_context_only,false,false,source_geocoding_not_eligible,true
S15AEVT_003105,T6_neighborhood_context_only,false,false,source_geocoding_not_eligible,true
S15AEVT_003106,T6_neighborhood_context_only,false,false,source_geocoding_not_eligible,true
S15AEVT_003107,T6_neighborhood_context_only,false,false,source_geocoding_not_eligible,true
S15AEVT_003108,T6_neighborhood_context_only,false,false,source_geocoding_not_eligible,true
S15AEVT_003109,T6_neighborhood_context_only,false,false,source_geocoding_not_eligible,true
S15AEVT_003110,T6_neighborhood_context_only,false,false,source_geocoding_not_eligible,true
S15AEVT_003111,T6_neighborhood_context_only,false,false,source_geocoding_not_eligible,true
S15AEVT_003112,T6_neighborhood_context_only,false,false,source_geocoding_not_eligible,true
S15AEVT_003113,T6_neighborhood_context_only,false,false,source_geocoding_not_eligible,true
S15AEVT_003114,T6_neighborhood_context_only,false,false,source_geocoding_not_eligible,true
S15AEVT_003115,T6_neighborhood_context_only,false,false,source_geocoding_not_eligible,true
S15AEVT_003116,T6_neighborhood_context_only,false,false,source_geocoding_not_eligible,true
S15AEVT_003117,T6_neighborhood_context_only,false,false,source_geocoding_not_eligible,true
S15AEVT_003118,T6_neighborhood_context_only,false,false,source_geocoding_not_eligible,true
S15AEVT_003119,T6_neighborhood_context_only,false,false,source_geocoding_not_eligible,true
S15AEVT_003120,T6_neighborhood_context_only,false,false,source_geocoding_not_eligible,true
S15AEVT_003121,T6_neighborhood_context_only,false,false,source_geocoding_not_eligible,true
S15AEVT_003122,T6_neighborhood_context_only,false,false,source_geocoding_not_eligible,true
S15AEVT_003123,T6_neighborhood_context_only,false,false,source_geocoding_not_eligible,true
S15AEVT_003124,T6_neighborhood_context_only,false,false,source_geocoding_not_eligible,true
S15AEVT_003125,T6_neighborhood_context_only,false,false,source_geocoding_not_eligible,true
S15AEVT_003126,T6_neighborhood_context_only,false,false,source_geocoding_not_eligible,true
S15AEVT_003127,T6_neighborhood_context_only,false,false,source_geocoding_not_eligible,true
S15AEVT_003128,T6_neighborhood_context_only,false,false,source_geocoding_not_eligible,true
S15AEVT_003129,T6_neighborhood_context_only,false,false,source_geocoding_not_eligible,true
S15AEVT_003130,T6_neighborhood_context_only,false,false,source_geocoding_not_eligible,true
S15AEVT_003131,T6_neighborhood_context_only,false,false,source_geocoding_not_eligible,true
S15AEVT_003132,T6_neighborhood_context_only,false,false,source_geocoding_not_eligible,true
S15AEVT_003133,T6_neighborhood_context_only,false,false,source_geocoding_not_eligible,true
S15AEVT_003134,T6_neighborhood_context_only,false,false,source_geocoding_not_eligible,true
S15AEVT_003135,T6_neighborhood_context_only,false,false,source_geocoding_not_eligible,true
S15AEVT_003136,T6_neighborhood_context_only,false,false,source_geocoding_not_eligible,true
S15AEVT_003137,T6_neighborhood_context_only,false,false,source_geocoding_not_eligible,true
S15AEVT_003138,T6_neighborhood_context_only,false,false,source_geocoding_not_eligible,true
S15AEVT_003139,T6_neighborhood_context_only,false,false,source_geocoding_not_eligible,true
S15AEVT_003140,T6_neighborhood_context_only,false,false,source_geocoding_not_eligible,true
S15AEVT_003141,T6_neighborhood_context_only,false,false,source_geocoding_not_eligible,true
S15AEVT_003142,T6_neighborhood_context_only,false,false,source_geocoding_not_eligible,true
S15AEVT_003143,T6_neighborhood_context_only,false,false,source_geocoding_not_eligible,true
S15AEVT_003144,T6_neighborhood_context_only,false,false,source_geocoding_not_eligible,true
S15AEVT_003145,T6_neighborhood_context_only,false,false,source_geocoding_not_eligible,true
S15AEVT_003146,T6_neighborhood_context_only,false,false,source_geocoding_not_eligible,true
S15AEVT_003147,T6_neighborhood_context_only,false,false,source_geocoding_not_eligible,true
S15AEVT_003148,T6_neighborhood_context_only,false,false,source_geocoding_not_eligible,true
S15AEVT_003149,T6_neighborhood_context_only,false,false,source_geocoding_not_eligible,true
S15AEVT_003150,T6_neighborhood_context_only,false,false,source_geocoding_not_eligible,true
S15AEVT_003151,T6_neighborhood_context_only,false,false,source_geocoding_not_eligible,true
S15AEVT_003152,T6_neighborhood_context_only,false,false,source_geocoding_not_eligible,true
S15AEVT_003153,T6_neighborhood_context_only,false,false,source_geocoding_not_eligible,true
S15AEVT_003154,T6_neighborhood_context_only,false,false,source_geocoding_not_eligible,true
S15AEVT_003155,T6_neighborhood_context_only,false,false,source_geocoding_not_eligible,true
S15AEVT_003156,T6_neighborhood_context_only,false,false,source_geocoding_not_eligible,true
S15AEVT_003157,T6_neighborhood_context_only,false,false,source_geocoding_not_eligible,true
S15AEVT_003158,T6_neighborhood_context_only,false,false,source_geocoding_not_eligible,true
S15AEVT_003159,T6_neighborhood_context_only,false,false,source_geocoding_not_eligible,true
S15AEVT_003160,T6_neighborhood_context_only,false,false,source_geocoding_not_eligible,true
S15AEVT_003161,T6_neighborhood_context_only,false,false,source_geocoding_not_eligible,true
S15AEVT_003162,T6_neighborhood_context_only,false,false,source_geocoding_not_eligible,true
S15AEVT_003163,T6_neighborhood_context_only,false,false,source_geocoding_not_eligible,true
S15AEVT_003164,T6_neighborhood_context_only,false,false,source_geocoding_not_eligible,true
S15AEVT_003165,T6_neighborhood_context_only,false,false,source_geocoding_not_eligible,true
S15AEVT_003166,T6_neighborhood_context_only,false,false,source_geocoding_not_eligible,true
S15AEVT_003167,T6_neighborhood_context_only,false,false,source_geocoding_not_eligible,true
S15AEVT_003168,T6_neighborhood_context_only,false,false,source_geocoding_not_eligible,true
S15AEVT_003169,T6_neighborhood_context_only,false,false,source_geocoding_not_eligible,true
S15AEVT_003170,T6_neighborhood_context_only,false,false,source_geocoding_not_eligible,true
S15AEVT_003171,T6_neighborhood_context_only,false,false,source_geocoding_not_eligible,true
S15AEVT_003172,T6_neighborhood_context_only,false,false,source_geocoding_not_eligible,true
S15AEVT_003173,T6_neighborhood_context_only,false,false,source_geocoding_not_eligible,true
S15AEVT_003174,T6_neighborhood_context_only,false,false,source_geocoding_not_eligible,true
S15AEVT_003175,T6_neighborhood_context_only,false,false,source_geocoding_not_eligible,true
S15AEVT_003176,T6_neighborhood_context_only,false,false,source_geocoding_not_eligible,true
S15AEVT_003177,T6_neighborhood_context_only,false,false,source_geocoding_not_eligible,true
S15AEVT_003178,T6_neighborhood_context_only,false,false,source_geocoding_not_eligible,true
S15AEVT_003179,T6_neighborhood_context_only,false,false,source_geocoding_not_eligible,true
S15AEVT_003180,T6_neighborhood_context_only,false,false,source_geocoding_not_eligible,true
S15AEVT_003181,T6_neighborhood_context_only,false,false,source_geocoding_not_eligible,true
S15AEVT_003182,T6_neighborhood_context_only,false,false,source_geocoding_not_eligible,true
S15AEVT_003183,T6_neighborhood_context_only,false,false,source_geocoding_not_eligible,true
S15AEVT_003184,T6_neighborhood_context_only,false,false,source_geocoding_not_eligible,true
S15AEVT_003185,T6_neighborhood_context_only,false,false,source_geocoding_not_eligible,true
S15AEVT_003186,T6_neighborhood_context_only,false,false,source_geocoding_not_eligible,true
S15AEVT_003187,T6_neighborhood_context_only,false,false,source_geocoding_not_eligible,true
S15AEVT_003188,T6_neighborhood_context_only,false,false,source_geocoding_not_eligible,true
S15AEVT_003189,T6_neighborhood_context_only,false,false,source_geocoding_not_eligible,true
S15AEVT_003190,T6_neighborhood_context_only,false,false,source_geocoding_not_eligible,true
S15AEVT_003191,T6_neighborhood_context_only,false,false,source_geocoding_not_eligible,true
S15AEVT_003192,T6_neighborhood_context_only,false,false,source_geocoding_not_eligible,true
S15AEVT_003193,T6_neighborhood_context_only,false,false,source_geocoding_not_eligible,true
S15AEVT_003194,T6_neighborhood_context_only,false,false,source_geocoding_not_eligible,true
S15AEVT_003195,T6_neighborhood_context_only,false,false,source_geocoding_not_eligible,true
S15AEVT_003196,T6_neighborhood_context_only,false,false,source_geocoding_not_eligible,true
S15AEVT_003197,T6_neighborhood_context_only,false,false,source_geocoding_not_eligible,true
S15AEVT_003198,T6_neighborhood_context_only,false,false,source_geocoding_not_eligible,true
S15AEVT_003199,T6_neighborhood_context_only,false,false,source_geocoding_not_eligible,true
S15AEVT_003200,T6_neighborhood_context_only,false,false,source_geocoding_not_eligible,true
S15AEVT_003201,T6_neighborhood_context_only,false,false,source_geocoding_not_eligible,true
S15AEVT_003202,T6_neighborhood_context_only,false,false,source_geocoding_not_eligible,true
S15AEVT_003203,T6_neighborhood_context_only,false,false,source_geocoding_not_eligible,true
S15AEVT_003204,T6_neighborhood_context_only,false,false,source_geocoding_not_eligible,true
S15AEVT_003205,T6_neighborhood_context_only,false,false,source_geocoding_not_eligible,true
S15AEVT_003206,T6_neighborhood_context_only,false,false,source_geocoding_not_eligible,true
S15AEVT_003207,T6_neighborhood_context_only,false,false,source_geocoding_not_eligible,true
S15AEVT_003208,T6_neighborhood_context_only,false,false,source_geocoding_not_eligible,true
S15AEVT_003209,T6_neighborhood_context_only,false,false,source_geocoding_not_eligible,true
S15AEVT_003210,T6_neighborhood_context_only,false,false,source_geocoding_not_eligible,true
S15AEVT_003211,T6_neighborhood_context_only,false,false,source_geocoding_not_eligible,true
S15AEVT_003212,T6_neighborhood_context_only,false,false,source_geocoding_not_eligible,true
S15AEVT_003213,T6_neighborhood_context_only,false,false,source_geocoding_not_eligible,true
S15AEVT_003214,T6_neighborhood_context_only,false,false,source_geocoding_not_eligible,true
S15AEVT_003215,T6_neighborhood_context_only,false,false,source_geocoding_not_eligible,true
S15AEVT_003216,T6_neighborhood_context_only,false,false,source_geocoding_not_eligible,true
S15AEVT_003217,T6_neighborhood_context_only,false,false,source_geocoding_not_eligible,true
S15AEVT_003218,T6_neighborhood_context_only,false,false,source_geocoding_not_eligible,true
S15AEVT_003219,T6_neighborhood_context_only,false,false,source_geocoding_not_eligible,true
S15AEVT_003220,T6_neighborhood_context_only,false,false,source_geocoding_not_eligible,true
S15AEVT_003221,T6_neighborhood_context_only,false,false,source_geocoding_not_eligible,true
S15AEVT_003222,T6_neighborhood_context_only,false,false,source_geocoding_not_eligible,true
S15AEVT_003223,T6_neighborhood_context_only,false,false,source_geocoding_not_eligible,true
S15AEVT_003224,T6_neighborhood_context_only,false,false,source_geocoding_not_eligible,true
S15AEVT_003225,T6_neighborhood_context_only,false,false,source_geocoding_not_eligible,true
S15AEVT_003226,T6_neighborhood_context_only,false,false,source_geocoding_not_eligible,true
S15AEVT_003227,T6_neighborhood_context_only,false,false,source_geocoding_not_eligible,true
S15AEVT_003228,T6_neighborhood_context_only,false,false,source_geocoding_not_eligible,true
S15AEVT_003229,T6_neighborhood_context_only,false,false,source_geocoding_not_eligible,true
S15AEVT_003230,T6_neighborhood_context_only,false,false,source_geocoding_not_eligible,true
S15AEVT_003231,T6_neighborhood_context_only,false,false,source_geocoding_not_eligible,true
S15AEVT_003232,T6_neighborhood_context_only,false,false,source_geocoding_not_eligible,true
S15AEVT_003233,T6_neighborhood_context_only,false,false,source_geocoding_not_eligible,true
S15AEVT_003234,T6_neighborhood_context_only,false,false,source_geocoding_not_eligible,true
S15AEVT_003235,T6_neighborhood_context_only,false,false,source_geocoding_not_eligible,true
S15AEVT_003236,T6_neighborhood_context_only,false,false,source_geocoding_not_eligible,true
S15AEVT_003237,T6_neighborhood_context_only,false,false,source_geocoding_not_eligible,true
S15AEVT_003238,T6_neighborhood_context_only,false,false,source_geocoding_not_eligible,true
S15AEVT_003239,T6_neighborhood_context_only,false,false,source_geocoding_not_eligible,true
S15AEVT_003240,T6_neighborhood_context_only,false,false,source_geocoding_not_eligible,true
S15AEVT_003241,T6_neighborhood_context_only,false,false,source_geocoding_not_eligible,true
S15AEVT_003242,T6_neighborhood_context_only,false,false,source_geocoding_not_eligible,true
S15AEVT_003243,T6_neighborhood_context_only,false,false,source_geocoding_not_eligible,true
S15AEVT_003244,T6_neighborhood_context_only,false,false,source_geocoding_not_eligible,true
S15AEVT_003245,T6_neighborhood_context_only,false,false,source_geocoding_not_eligible,true
S15AEVT_003246,T6_neighborhood_context_only,false,false,source_geocoding_not_eligible,true
S15AEVT_003247,T6_neighborhood_context_only,false,false,source_geocoding_not_eligible,true
S15AEVT_003248,T6_neighborhood_context_only,false,false,source_geocoding_not_eligible,true
S15AEVT_003249,T6_neighborhood_context_only,false,false,source_geocoding_not_eligible,true
S15AEVT_003250,T6_neighborhood_context_only,false,false,source_geocoding_not_eligible,true
S15AEVT_003251,T6_neighborhood_context_only,false,false,source_geocoding_not_eligible,true
S15AEVT_003252,T6_neighborhood_context_only,false,false,source_geocoding_not_eligible,true
S15AEVT_003253,T6_neighborhood_context_only,false,false,source_geocoding_not_eligible,true
S15AEVT_003254,T6_neighborhood_context_only,false,false,source_geocoding_not_eligible,true
S15AEVT_003255,T6_neighborhood_context_only,false,false,source_geocoding_not_eligible,true
S15AEVT_003256,T6_neighborhood_context_only,false,false,source_geocoding_not_eligible,true
S15AEVT_003257,T6_neighborhood_context_only,false,false,source_geocoding_not_eligible,true
S15AEVT_003258,T6_neighborhood_context_only,false,false,source_geocoding_not_eligible,true
S15AEVT_003259,T6_neighborhood_context_only,false,false,source_geocoding_not_eligible,true
S15AEVT_003260,T6_neighborhood_context_only,false,false,source_geocoding_not_eligible,true
S15AEVT_003261,T6_neighborhood_context_only,false,false,source_geocoding_not_eligible,true
S15AEVT_003262,T6_neighborhood_context_only,false,false,source_geocoding_not_eligible,true
S15AEVT_003263,T6_neighborhood_context_only,false,false,source_geocoding_not_eligible,true
S15AEVT_003264,T6_neighborhood_context_only,false,false,source_geocoding_not_eligible,true
S15AEVT_003265,T6_neighborhood_context_only,false,false,source_geocoding_not_eligible,true
S15AEVT_003266,T6_neighborhood_context_only,false,false,source_geocoding_not_eligible,true
S15AEVT_003267,T6_neighborhood_context_only,false,false,source_geocoding_not_eligible,true
S15AEVT_003268,T6_neighborhood_context_only,false,false,source_geocoding_not_eligible,true
S15AEVT_003269,T6_neighborhood_context_only,false,false,source_geocoding_not_eligible,true
S15AEVT_003270,T6_neighborhood_context_only,false,false,source_geocoding_not_eligible,true
S15AEVT_003271,T6_neighborhood_context_only,false,false,source_geocoding_not_eligible,true
S15AEVT_003272,T6_neighborhood_context_only,false,false,source_geocoding_not_eligible,true
S15AEVT_003273,T6_neighborhood_context_only,false,false,source_geocoding_not_eligible,true
S15AEVT_003274,T6_neighborhood_context_only,false,false,source_geocoding_not_eligible,true
S15AEVT_003275,T6_neighborhood_context_only,false,false,source_geocoding_not_eligible,true
S15AEVT_003276,T6_neighborhood_context_only,false,false,source_geocoding_not_eligible,true
S15AEVT_003277,T6_neighborhood_context_only,false,false,source_geocoding_not_eligible,true
S15AEVT_003278,T6_neighborhood_context_only,false,false,source_geocoding_not_eligible,true
S15AEVT_003279,T6_neighborhood_context_only,false,false,source_geocoding_not_eligible,true
S15AEVT_003280,T6_neighborhood_context_only,false,false,source_geocoding_not_eligible,true
S15AEVT_003281,T6_neighborhood_context_only,false,false,source_geocoding_not_eligible,true
S15AEVT_003282,T6_neighborhood_context_only,false,false,source_geocoding_not_eligible,true
S15AEVT_003283,T6_neighborhood_context_only,false,false,source_geocoding_not_eligible,true
S15AEVT_003284,T6_neighborhood_context_only,false,false,source_geocoding_not_eligible,true
S15AEVT_003285,T6_neighborhood_context_only,false,false,source_geocoding_not_eligible,true
S15AEVT_003286,T6_neighborhood_context_only,false,false,source_geocoding_not_eligible,true
S15AEVT_003287,T6_neighborhood_context_only,false,false,source_geocoding_not_eligible,true
S15AEVT_003288,T6_neighborhood_context_only,false,false,source_geocoding_not_eligible,true
S15AEVT_003289,T6_neighborhood_context_only,false,false,source_geocoding_not_eligible,true
S15AEVT_003290,T6_neighborhood_context_only,false,false,source_geocoding_not_eligible,true
S15AEVT_003291,T6_neighborhood_context_only,false,false,source_geocoding_not_eligible,true
S15AEVT_003292,T6_neighborhood_context_only,false,false,source_geocoding_not_eligible,true
S15AEVT_003293,T6_neighborhood_context_only,false,false,source_geocoding_not_eligible,true
S15AEVT_003294,T6_neighborhood_context_only,false,false,source_geocoding_not_eligible,true
S15AEVT_003295,T6_neighborhood_context_only,false,false,source_geocoding_not_eligible,true
S15AEVT_003296,T6_neighborhood_context_only,false,false,source_geocoding_not_eligible,true
S15AEVT_003297,T6_neighborhood_context_only,false,false,source_geocoding_not_eligible,true
S15AEVT_003298,T6_neighborhood_context_only,false,false,source_geocoding_not_eligible,true
S15AEVT_003299,T6_neighborhood_context_only,false,false,source_geocoding_not_eligible,true
S15AEVT_003300,T6_neighborhood_context_only,false,false,source_geocoding_not_eligible,true
S15AEVT_003301,T6_neighborhood_context_only,false,false,source_geocoding_not_eligible,true
S15AEVT_003302,T6_neighborhood_context_only,false,false,source_geocoding_not_eligible,true
S15AEVT_003303,T6_neighborhood_context_only,false,false,source_geocoding_not_eligible,true
S15AEVT_003304,T6_neighborhood_context_only,false,false,source_geocoding_not_eligible,true
S15AEVT_003305,T6_neighborhood_context_only,false,false,source_geocoding_not_eligible,true
S15AEVT_003306,T6_neighborhood_context_only,false,false,source_geocoding_not_eligible,true
S15AEVT_003307,T6_neighborhood_context_only,false,false,source_geocoding_not_eligible,true
S15AEVT_003308,T6_neighborhood_context_only,false,false,source_geocoding_not_eligible,true
S15AEVT_003309,T6_neighborhood_context_only,false,false,source_geocoding_not_eligible,true
S15AEVT_003310,T6_neighborhood_context_only,false,false,source_geocoding_not_eligible,true
S15AEVT_003311,T6_neighborhood_context_only,false,false,source_geocoding_not_eligible,true
S15AEVT_003312,T6_neighborhood_context_only,false,false,source_geocoding_not_eligible,true
S15AEVT_003313,T6_neighborhood_context_only,false,false,source_geocoding_not_eligible,true
S15AEVT_003314,T6_neighborhood_context_only,false,false,source_geocoding_not_eligible,true
S15AEVT_003315,T6_neighborhood_context_only,false,false,source_geocoding_not_eligible,true
S15AEVT_003316,T6_neighborhood_context_only,false,false,source_geocoding_not_eligible,true
S15AEVT_003317,T6_neighborhood_context_only,false,false,source_geocoding_not_eligible,true
S15AEVT_003318,T6_neighborhood_context_only,false,false,source_geocoding_not_eligible,true
S15AEVT_003319,T6_neighborhood_context_only,false,false,source_geocoding_not_eligible,true
S15AEVT_003320,T6_neighborhood_context_only,false,false,source_geocoding_not_eligible,true
S15AEVT_003321,T6_neighborhood_context_only,false,false,source_geocoding_not_eligible,true
S15AEVT_003322,T6_neighborhood_context_only,false,false,source_geocoding_not_eligible,true
S15AEVT_003323,T6_neighborhood_context_only,false,false,source_geocoding_not_eligible,true
S15AEVT_003324,T6_neighborhood_context_only,false,false,source_geocoding_not_eligible,true
S15AEVT_003325,T6_neighborhood_context_only,false,false,source_geocoding_not_eligible,true
S15AEVT_003326,T6_neighborhood_context_only,false,false,source_geocoding_not_eligible,true
S15AEVT_003327,T6_neighborhood_context_only,false,false,source_geocoding_not_eligible,true
S15AEVT_003328,T6_neighborhood_context_only,false,false,source_geocoding_not_eligible,true
S15AEVT_003329,T6_neighborhood_context_only,false,false,source_geocoding_not_eligible,true
S15AEVT_003330,T6_neighborhood_context_only,false,false,source_geocoding_not_eligible,true
S15AEVT_003331,T6_neighborhood_context_only,false,false,source_geocoding_not_eligible,true
S15AEVT_003332,T6_neighborhood_context_only,false,false,source_geocoding_not_eligible,true
S15AEVT_003333,T6_neighborhood_context_only,false,false,source_geocoding_not_eligible,true
S15AEVT_003334,T6_neighborhood_context_only,false,false,source_geocoding_not_eligible,true
S15AEVT_003335,T6_neighborhood_context_only,false,false,source_geocoding_not_eligible,true
S15AEVT_003336,T6_neighborhood_context_only,false,false,source_geocoding_not_eligible,true
S15AEVT_003337,T6_neighborhood_context_only,false,false,source_geocoding_not_eligible,true
S15AEVT_003338,T6_neighborhood_context_only,false,false,source_geocoding_not_eligible,true
S15AEVT_003339,T6_neighborhood_context_only,false,false,source_geocoding_not_eligible,true
S15AEVT_003340,T6_neighborhood_context_only,false,false,source_geocoding_not_eligible,true
S15AEVT_003341,T6_neighborhood_context_only,false,false,source_geocoding_not_eligible,true
S15AEVT_003342,T6_neighborhood_context_only,false,false,source_geocoding_not_eligible,true
S15AEVT_003343,T6_neighborhood_context_only,false,false,source_geocoding_not_eligible,true
S15AEVT_003344,T6_neighborhood_context_only,false,false,source_geocoding_not_eligible,true
S15AEVT_003345,T6_neighborhood_context_only,false,false,source_geocoding_not_eligible,true
S15AEVT_003346,T6_neighborhood_context_only,false,false,source_geocoding_not_eligible,true
S15AEVT_003347,T6_neighborhood_context_only,false,false,source_geocoding_not_eligible,true
S15AEVT_003348,T6_neighborhood_context_only,false,false,source_geocoding_not_eligible,true
S15AEVT_003349,T6_neighborhood_context_only,false,false,source_geocoding_not_eligible,true
S15AEVT_003350,T6_neighborhood_context_only,false,false,source_geocoding_not_eligible,true
S15AEVT_003351,T6_neighborhood_context_only,false,false,source_geocoding_not_eligible,true
S15AEVT_003352,T6_neighborhood_context_only,false,false,source_geocoding_not_eligible,true
S15AEVT_003353,T6_neighborhood_context_only,false,false,source_geocoding_not_eligible,true
S15AEVT_003354,T6_neighborhood_context_only,false,false,source_geocoding_not_eligible,true
S15AEVT_003355,T6_neighborhood_context_only,false,false,source_geocoding_not_eligible,true
S15AEVT_003356,T6_neighborhood_context_only,false,false,source_geocoding_not_eligible,true
S15AEVT_003357,T6_neighborhood_context_only,false,false,source_geocoding_not_eligible,true
S15AEVT_003358,T6_neighborhood_context_only,false,false,source_geocoding_not_eligible,true
S15AEVT_003359,T6_neighborhood_context_only,false,false,source_geocoding_not_eligible,true
S15AEVT_003360,T6_neighborhood_context_only,false,false,source_geocoding_not_eligible,true
S15AEVT_003361,T6_neighborhood_context_only,false,false,source_geocoding_not_eligible,true
S15AEVT_003362,T6_neighborhood_context_only,false,false,source_geocoding_not_eligible,true
S15AEVT_003363,T6_neighborhood_context_only,false,false,source_geocoding_not_eligible,true
S15AEVT_003364,T6_neighborhood_context_only,false,false,source_geocoding_not_eligible,true
S15AEVT_003365,T6_neighborhood_context_only,false,false,source_geocoding_not_eligible,true
S15AEVT_003366,T6_neighborhood_context_only,false,false,source_geocoding_not_eligible,true
S15AEVT_003367,T6_neighborhood_context_only,false,false,source_geocoding_not_eligible,true
S15AEVT_003368,T6_neighborhood_context_only,false,false,source_geocoding_not_eligible,true
S15AEVT_003369,T6_neighborhood_context_only,false,false,source_geocoding_not_eligible,true
S15AEVT_003370,T6_neighborhood_context_only,false,false,source_geocoding_not_eligible,true
S15AEVT_003371,T6_neighborhood_context_only,false,false,source_geocoding_not_eligible,true
S15AEVT_003372,T6_neighborhood_context_only,false,false,source_geocoding_not_eligible,true
S15AEVT_003373,T6_neighborhood_context_only,false,false,source_geocoding_not_eligible,true
S15AEVT_003374,T6_neighborhood_context_only,false,false,source_geocoding_not_eligible,true
S15AEVT_003375,T6_neighborhood_context_only,false,false,source_geocoding_not_eligible,true
S15AEVT_003376,T6_neighborhood_context_only,false,false,source_geocoding_not_eligible,true
S15AEVT_003377,T6_neighborhood_context_only,false,false,source_geocoding_not_eligible,true
S15AEVT_003378,T6_neighborhood_context_only,false,false,source_geocoding_not_eligible,true
S15AEVT_003379,T6_neighborhood_context_only,false,false,source_geocoding_not_eligible,true
S15AEVT_003380,T6_neighborhood_context_only,false,false,source_geocoding_not_eligible,true
S15AEVT_003381,T6_neighborhood_context_only,false,false,source_geocoding_not_eligible,true
S15AEVT_003382,T6_neighborhood_context_only,false,false,source_geocoding_not_eligible,true
S15AEVT_003383,T6_neighborhood_context_only,false,false,source_geocoding_not_eligible,true
S15AEVT_003384,T6_neighborhood_context_only,false,false,source_geocoding_not_eligible,true
S15AEVT_003385,T6_neighborhood_context_only,false,false,source_geocoding_not_eligible,true
S15AEVT_003386,T6_neighborhood_context_only,false,false,source_geocoding_not_eligible,true
S15AEVT_003387,T6_neighborhood_context_only,false,false,source_geocoding_not_eligible,true
S15AEVT_003388,T6_neighborhood_context_only,false,false,source_geocoding_not_eligible,true
S15AEVT_003389,T6_neighborhood_context_only,false,false,source_geocoding_not_eligible,true
S15AEVT_003390,T6_neighborhood_context_only,false,false,source_geocoding_not_eligible,true
S15AEVT_003391,T6_neighborhood_context_only,false,false,source_geocoding_not_eligible,true
S15AEVT_003392,T6_neighborhood_context_only,false,false,source_geocoding_not_eligible,true
S15AEVT_003393,T6_neighborhood_context_only,false,false,source_geocoding_not_eligible,true
S15AEVT_003394,T6_neighborhood_context_only,false,false,source_geocoding_not_eligible,true
S15AEVT_003395,T6_neighborhood_context_only,false,false,source_geocoding_not_eligible,true
S15AEVT_003396,T6_neighborhood_context_only,false,false,source_geocoding_not_eligible,true
S15AEVT_003397,T6_neighborhood_context_only,false,false,source_geocoding_not_eligible,true
S15AEVT_003398,T6_neighborhood_context_only,false,false,source_geocoding_not_eligible,true
S15AEVT_003399,T6_neighborhood_context_only,false,false,source_geocoding_not_eligible,true
S15AEVT_003400,T6_neighborhood_context_only,false,false,source_geocoding_not_eligible,true
S15AEVT_003401,T6_neighborhood_context_only,false,false,source_geocoding_not_eligible,true
S15AEVT_003402,T6_neighborhood_context_only,false,false,source_geocoding_not_eligible,true
S15AEVT_003403,T6_neighborhood_context_only,false,false,source_geocoding_not_eligible,true
S15AEVT_003404,T6_neighborhood_context_only,false,false,source_geocoding_not_eligible,true
S15AEVT_003405,T6_neighborhood_context_only,false,false,source_geocoding_not_eligible,true
S15AEVT_003406,T6_neighborhood_context_only,false,false,source_geocoding_not_eligible,true
S15AEVT_003407,T6_neighborhood_context_only,false,false,source_geocoding_not_eligible,true
S15AEVT_003408,T6_neighborhood_context_only,false,false,source_geocoding_not_eligible,true
S15AEVT_003409,T6_neighborhood_context_only,false,false,source_geocoding_not_eligible,true
S15AEVT_003410,T6_neighborhood_context_only,false,false,source_geocoding_not_eligible,true
S15AEVT_003411,T6_neighborhood_context_only,false,false,source_geocoding_not_eligible,true
S15AEVT_003412,T6_neighborhood_context_only,false,false,source_geocoding_not_eligible,true
S15AEVT_003413,T6_neighborhood_context_only,false,false,source_geocoding_not_eligible,true
S15AEVT_003414,T6_neighborhood_context_only,false,false,source_geocoding_not_eligible,true
S15AEVT_003415,T6_neighborhood_context_only,false,false,source_geocoding_not_eligible,true
S15AEVT_003416,T6_neighborhood_context_only,false,false,source_geocoding_not_eligible,true
S15AEVT_003417,T6_neighborhood_context_only,false,false,source_geocoding_not_eligible,true
S15AEVT_003418,T6_neighborhood_context_only,false,false,source_geocoding_not_eligible,true
S15AEVT_003419,T6_neighborhood_context_only,false,false,source_geocoding_not_eligible,true
S15AEVT_003420,T6_neighborhood_context_only,false,false,source_geocoding_not_eligible,true
S15AEVT_003421,T6_neighborhood_context_only,false,false,source_geocoding_not_eligible,true
S15AEVT_003422,T6_neighborhood_context_only,false,false,source_geocoding_not_eligible,true
S15AEVT_003423,T6_neighborhood_context_only,false,false,source_geocoding_not_eligible,true
S15AEVT_003424,T6_neighborhood_context_only,false,false,source_geocoding_not_eligible,true
S15AEVT_003425,T6_neighborhood_context_only,false,false,source_geocoding_not_eligible,true
S15AEVT_003426,T6_neighborhood_context_only,false,false,source_geocoding_not_eligible,true
S15AEVT_003427,T6_neighborhood_context_only,false,false,source_geocoding_not_eligible,true
S15AEVT_003428,T6_neighborhood_context_only,false,false,source_geocoding_not_eligible,true
S15AEVT_003429,T6_neighborhood_context_only,false,false,source_geocoding_not_eligible,true
S15AEVT_003430,T6_neighborhood_context_only,false,false,source_geocoding_not_eligible,true
S15AEVT_003431,T6_neighborhood_context_only,false,false,source_geocoding_not_eligible,true
S15AEVT_003432,T6_neighborhood_context_only,false,false,source_geocoding_not_eligible,true
S15AEVT_003433,T6_neighborhood_context_only,false,false,source_geocoding_not_eligible,true
S15AEVT_003434,T6_neighborhood_context_only,false,false,source_geocoding_not_eligible,true
S15AEVT_003435,T6_neighborhood_context_only,false,false,source_geocoding_not_eligible,true
S15AEVT_003436,T6_neighborhood_context_only,false,false,source_geocoding_not_eligible,true
S15AEVT_003437,T6_neighborhood_context_only,false,false,source_geocoding_not_eligible,true
S15AEVT_003438,T6_neighborhood_context_only,false,false,source_geocoding_not_eligible,true
S15AEVT_003439,T6_neighborhood_context_only,false,false,source_geocoding_not_eligible,true
S15AEVT_003440,T6_neighborhood_context_only,false,false,source_geocoding_not_eligible,true
S15AEVT_003441,T6_neighborhood_context_only,false,false,source_geocoding_not_eligible,true
S15AEVT_003442,T6_neighborhood_context_only,false,false,source_geocoding_not_eligible,true
S15AEVT_003443,T6_neighborhood_context_only,false,false,source_geocoding_not_eligible,true
S15AEVT_003444,T6_neighborhood_context_only,false,false,source_geocoding_not_eligible,true
S15AEVT_003445,T6_neighborhood_context_only,false,false,source_geocoding_not_eligible,true
S15AEVT_003446,T6_neighborhood_context_only,false,false,source_geocoding_not_eligible,true
S15AEVT_003447,T6_neighborhood_context_only,false,false,source_geocoding_not_eligible,true
S15AEVT_003448,T6_neighborhood_context_only,false,false,source_geocoding_not_eligible,true
S15AEVT_003449,T6_neighborhood_context_only,false,false,source_geocoding_not_eligible,true
S15AEVT_003450,T6_neighborhood_context_only,false,false,source_geocoding_not_eligible,true
S15AEVT_003451,T6_neighborhood_context_only,false,false,source_geocoding_not_eligible,true
S15AEVT_003452,T6_neighborhood_context_only,false,false,source_geocoding_not_eligible,true
S15AEVT_003453,T6_neighborhood_context_only,false,false,source_geocoding_not_eligible,true
S15AEVT_003454,T6_neighborhood_context_only,false,false,source_geocoding_not_eligible,true
S15AEVT_003455,T6_neighborhood_context_only,false,false,source_geocoding_not_eligible,true
S15AEVT_003456,T6_neighborhood_context_only,false,false,source_geocoding_not_eligible,true
S15AEVT_003457,T6_neighborhood_context_only,false,false,source_geocoding_not_eligible,true
S15AEVT_003458,T6_neighborhood_context_only,false,false,source_geocoding_not_eligible,true
S15AEVT_003459,T6_neighborhood_context_only,false,false,source_geocoding_not_eligible,true
S15AEVT_003460,T6_neighborhood_context_only,false,false,source_geocoding_not_eligible,true
S15AEVT_003461,T6_neighborhood_context_only,false,false,source_geocoding_not_eligible,true
S15AEVT_003462,T6_neighborhood_context_only,false,false,source_geocoding_not_eligible,true
S15AEVT_003463,T6_neighborhood_context_only,false,false,source_geocoding_not_eligible,true
S15AEVT_003464,T6_neighborhood_context_only,false,false,source_geocoding_not_eligible,true
S15AEVT_003465,T6_neighborhood_context_only,false,false,source_geocoding_not_eligible,true
S15AEVT_003466,T6_neighborhood_context_only,false,false,source_geocoding_not_eligible,true
S15AEVT_003467,T6_neighborhood_context_only,false,false,source_geocoding_not_eligible,true
S15AEVT_003468,T6_neighborhood_context_only,false,false,source_geocoding_not_eligible,true
S15AEVT_003469,T6_neighborhood_context_only,false,false,source_geocoding_not_eligible,true
S15AEVT_003470,T6_neighborhood_context_only,false,false,source_geocoding_not_eligible,true
S15AEVT_003471,T6_neighborhood_context_only,false,false,source_geocoding_not_eligible,true
S15AEVT_003472,T6_neighborhood_context_only,false,false,source_geocoding_not_eligible,true
S15AEVT_003473,T6_neighborhood_context_only,false,false,source_geocoding_not_eligible,true
S15AEVT_003474,T6_neighborhood_context_only,false,false,source_geocoding_not_eligible,true
S15AEVT_003475,T6_neighborhood_context_only,false,false,source_geocoding_not_eligible,true
S15AEVT_003476,T6_neighborhood_context_only,false,false,source_geocoding_not_eligible,true
S15AEVT_003477,T6_neighborhood_context_only,false,false,source_geocoding_not_eligible,true
S15AEVT_003478,T6_neighborhood_context_only,false,false,source_geocoding_not_eligible,true
S15AEVT_003479,T6_neighborhood_context_only,false,false,source_geocoding_not_eligible,true
S15AEVT_003480,T6_neighborhood_context_only,false,false,source_geocoding_not_eligible,true
S15AEVT_003481,T6_neighborhood_context_only,false,false,source_geocoding_not_eligible,true
S15AEVT_003482,T6_neighborhood_context_only,false,false,source_geocoding_not_eligible,true
S15AEVT_003483,T6_neighborhood_context_only,false,false,source_geocoding_not_eligible,true
S15AEVT_003484,T6_neighborhood_context_only,false,false,source_geocoding_not_eligible,true
S15AEVT_003485,T6_neighborhood_context_only,false,false,source_geocoding_not_eligible,true
S15AEVT_003486,T6_neighborhood_context_only,false,false,source_geocoding_not_eligible,true
S15AEVT_003487,T6_neighborhood_context_only,false,false,source_geocoding_not_eligible,true
S15AEVT_003488,T6_neighborhood_context_only,false,false,source_geocoding_not_eligible,true
S15AEVT_003489,T6_neighborhood_context_only,false,false,source_geocoding_not_eligible,true
S15AEVT_003490,T6_neighborhood_context_only,false,false,source_geocoding_not_eligible,true
S15AEVT_003491,T6_neighborhood_context_only,false,false,source_geocoding_not_eligible,true
S15AEVT_003492,T7_rejected_or_non_flood,false,false,source_geocoding_not_eligible,true
S15AEVT_003493,T7_rejected_or_non_flood,false,false,source_geocoding_not_eligible,true
S15AEVT_003494,T7_rejected_or_non_flood,false,false,source_geocoding_not_eligible,true
S15AEVT_003495,T6_neighborhood_context_only,false,false,source_geocoding_not_eligible,true
S15AEVT_003496,T6_neighborhood_context_only,false,false,source_geocoding_not_eligible,true
S15AEVT_003497,T6_neighborhood_context_only,false,false,source_geocoding_not_eligible,true
S15AEVT_003498,T6_neighborhood_context_only,false,false,source_geocoding_not_eligible,true
S15AEVT_003499,T6_neighborhood_context_only,false,false,source_geocoding_not_eligible,true
S15AEVT_003500,T6_neighborhood_context_only,false,false,source_geocoding_not_eligible,true
S15AEVT_003501,T6_neighborhood_context_only,false,false,source_geocoding_not_eligible,true
S15AEVT_003502,T6_neighborhood_context_only,false,false,source_geocoding_not_eligible,true
S15AEVT_003503,T6_neighborhood_context_only,false,false,source_geocoding_not_eligible,true
S15AEVT_003504,T6_neighborhood_context_only,false,false,source_geocoding_not_eligible,true
S15AEVT_003505,T6_neighborhood_context_only,false,false,source_geocoding_not_eligible,true
S15AEVT_003506,T6_neighborhood_context_only,false,false,source_geocoding_not_eligible,true
S15AEVT_003507,T6_neighborhood_context_only,false,false,source_geocoding_not_eligible,true
S15AEVT_003508,T6_neighborhood_context_only,false,false,source_geocoding_not_eligible,true
S15AEVT_003509,T6_neighborhood_context_only,false,false,source_geocoding_not_eligible,true
S15AEVT_003510,T6_neighborhood_context_only,false,false,source_geocoding_not_eligible,true
S15AEVT_003511,T6_neighborhood_context_only,false,false,source_geocoding_not_eligible,true
S15AEVT_003512,T6_neighborhood_context_only,false,false,source_geocoding_not_eligible,true
S15AEVT_003513,T6_neighborhood_context_only,false,false,source_geocoding_not_eligible,true
S15AEVT_003514,T6_neighborhood_context_only,false,false,source_geocoding_not_eligible,true
S15AEVT_003515,T6_neighborhood_context_only,false,false,source_geocoding_not_eligible,true
S15AEVT_003516,T6_neighborhood_context_only,false,false,source_geocoding_not_eligible,true
S15AEVT_003517,T6_neighborhood_context_only,false,false,source_geocoding_not_eligible,true
S15AEVT_003518,T6_neighborhood_context_only,false,false,source_geocoding_not_eligible,true
S15AEVT_003519,T6_neighborhood_context_only,false,false,source_geocoding_not_eligible,true
S15AEVT_003520,T6_neighborhood_context_only,false,false,source_geocoding_not_eligible,true
S15AEVT_003521,T6_neighborhood_context_only,false,false,source_geocoding_not_eligible,true
S15AEVT_003522,T6_neighborhood_context_only,false,false,source_geocoding_not_eligible,true
S15AEVT_003523,T6_neighborhood_context_only,false,false,source_geocoding_not_eligible,true
S15AEVT_003524,T6_neighborhood_context_only,false,false,source_geocoding_not_eligible,true
S15AEVT_003525,T6_neighborhood_context_only,false,false,source_geocoding_not_eligible,true
S15AEVT_003526,T6_neighborhood_context_only,false,false,source_geocoding_not_eligible,true
S15AEVT_003527,T6_neighborhood_context_only,false,false,source_geocoding_not_eligible,true
S15AEVT_003528,T6_neighborhood_context_only,false,false,source_geocoding_not_eligible,true
S15AEVT_003529,T6_neighborhood_context_only,false,false,source_geocoding_not_eligible,true
S15AEVT_003530,T6_neighborhood_context_only,false,false,source_geocoding_not_eligible,true
S15AEVT_003531,T6_neighborhood_context_only,false,false,source_geocoding_not_eligible,true
S15AEVT_003532,T6_neighborhood_context_only,false,false,source_geocoding_not_eligible,true
S15AEVT_003533,T6_neighborhood_context_only,false,false,source_geocoding_not_eligible,true
S15AEVT_003534,T6_neighborhood_context_only,false,false,source_geocoding_not_eligible,true
S15AEVT_003535,T6_neighborhood_context_only,false,false,source_geocoding_not_eligible,true
S15AEVT_003536,T6_neighborhood_context_only,false,false,source_geocoding_not_eligible,true
S15AEVT_003537,T6_neighborhood_context_only,false,false,source_geocoding_not_eligible,true
S15AEVT_003538,T6_neighborhood_context_only,false,false,source_geocoding_not_eligible,true
S15AEVT_003539,T6_neighborhood_context_only,false,false,source_geocoding_not_eligible,true
S15AEVT_003540,T6_neighborhood_context_only,false,false,source_geocoding_not_eligible,true
S15AEVT_003541,T6_neighborhood_context_only,false,false,source_geocoding_not_eligible,true
S15AEVT_003542,T6_neighborhood_context_only,false,false,source_geocoding_not_eligible,true
S15AEVT_003543,T6_neighborhood_context_only,false,false,source_geocoding_not_eligible,true
S15AEVT_003544,T6_neighborhood_context_only,false,false,source_geocoding_not_eligible,true
S15AEVT_003545,T6_neighborhood_context_only,false,false,source_geocoding_not_eligible,true
S15AEVT_003546,T6_neighborhood_context_only,false,false,source_geocoding_not_eligible,true
S15AEVT_003547,T6_neighborhood_context_only,false,false,source_geocoding_not_eligible,true
S15AEVT_003548,T6_neighborhood_context_only,false,false,source_geocoding_not_eligible,true
S15AEVT_003549,T6_neighborhood_context_only,false,false,source_geocoding_not_eligible,true
S15AEVT_003550,T6_neighborhood_context_only,false,false,source_geocoding_not_eligible,true
S15AEVT_003551,T6_neighborhood_context_only,false,false,source_geocoding_not_eligible,true
S15AEVT_003552,T6_neighborhood_context_only,false,false,source_geocoding_not_eligible,true
S15AEVT_003553,T6_neighborhood_context_only,false,false,source_geocoding_not_eligible,true
S15AEVT_003554,T6_neighborhood_context_only,false,false,source_geocoding_not_eligible,true
S15AEVT_003555,T6_neighborhood_context_only,false,false,source_geocoding_not_eligible,true
S15AEVT_003556,T6_neighborhood_context_only,false,false,source_geocoding_not_eligible,true
S15AEVT_003557,T6_neighborhood_context_only,false,false,source_geocoding_not_eligible,true
S15AEVT_003558,T6_neighborhood_context_only,false,false,source_geocoding_not_eligible,true
S15AEVT_003559,T6_neighborhood_context_only,false,false,source_geocoding_not_eligible,true
S15AEVT_003560,T6_neighborhood_context_only,false,false,source_geocoding_not_eligible,true
S15AEVT_003561,T6_neighborhood_context_only,false,false,source_geocoding_not_eligible,true
S15AEVT_003562,T6_neighborhood_context_only,false,false,source_geocoding_not_eligible,true
S15AEVT_003563,T6_neighborhood_context_only,false,false,source_geocoding_not_eligible,true
S15AEVT_003564,T6_neighborhood_context_only,false,false,source_geocoding_not_eligible,true
S15AEVT_003565,T6_neighborhood_context_only,false,false,source_geocoding_not_eligible,true
S15AEVT_003566,T6_neighborhood_context_only,false,false,source_geocoding_not_eligible,true
S15AEVT_003567,T6_neighborhood_context_only,false,false,source_geocoding_not_eligible,true
S15AEVT_003568,T6_neighborhood_context_only,false,false,source_geocoding_not_eligible,true
S15AEVT_003569,T6_neighborhood_context_only,false,false,source_geocoding_not_eligible,true
S15AEVT_003570,T6_neighborhood_context_only,false,false,source_geocoding_not_eligible,true
S15AEVT_003571,T6_neighborhood_context_only,false,false,source_geocoding_not_eligible,true
S15AEVT_003572,T6_neighborhood_context_only,false,false,source_geocoding_not_eligible,true
S15AEVT_003573,T6_neighborhood_context_only,false,false,source_geocoding_not_eligible,true
S15AEVT_003574,T6_neighborhood_context_only,false,false,source_geocoding_not_eligible,true
S15AEVT_003575,T6_neighborhood_context_only,false,false,source_geocoding_not_eligible,true
S15AEVT_003576,T6_neighborhood_context_only,false,false,source_geocoding_not_eligible,true
S15AEVT_003577,T6_neighborhood_context_only,false,false,source_geocoding_not_eligible,true
S15AEVT_003578,T6_neighborhood_context_only,false,false,source_geocoding_not_eligible,true
S15AEVT_003579,T6_neighborhood_context_only,false,false,source_geocoding_not_eligible,true
S15AEVT_003580,T6_neighborhood_context_only,false,false,source_geocoding_not_eligible,true
S15AEVT_003581,T6_neighborhood_context_only,false,false,source_geocoding_not_eligible,true
S15AEVT_003582,T6_neighborhood_context_only,false,false,source_geocoding_not_eligible,true
S15AEVT_003583,T6_neighborhood_context_only,false,false,source_geocoding_not_eligible,true
S15AEVT_003584,T6_neighborhood_context_only,false,false,source_geocoding_not_eligible,true
S15AEVT_003585,T6_neighborhood_context_only,false,false,source_geocoding_not_eligible,true
S15AEVT_003586,T6_neighborhood_context_only,false,false,source_geocoding_not_eligible,true
S15AEVT_003587,T6_neighborhood_context_only,false,false,source_geocoding_not_eligible,true
S15AEVT_003588,T6_neighborhood_context_only,false,false,source_geocoding_not_eligible,true
S15AEVT_003589,T6_neighborhood_context_only,false,false,source_geocoding_not_eligible,true
S15AEVT_003590,T6_neighborhood_context_only,false,false,source_geocoding_not_eligible,true
S15AEVT_003591,T6_neighborhood_context_only,false,false,source_geocoding_not_eligible,true
S15AEVT_003592,T6_neighborhood_context_only,false,false,source_geocoding_not_eligible,true
S15AEVT_003593,T6_neighborhood_context_only,false,false,source_geocoding_not_eligible,true
S15AEVT_003594,T6_neighborhood_context_only,false,false,source_geocoding_not_eligible,true
S15AEVT_003595,T6_neighborhood_context_only,false,false,source_geocoding_not_eligible,true
S15AEVT_003596,T6_neighborhood_context_only,false,false,source_geocoding_not_eligible,true
S15AEVT_003597,T6_neighborhood_context_only,false,false,source_geocoding_not_eligible,true
S15AEVT_003598,T6_neighborhood_context_only,false,false,source_geocoding_not_eligible,true
S15AEVT_003599,T6_neighborhood_context_only,false,false,source_geocoding_not_eligible,true
S15AEVT_003600,T6_neighborhood_context_only,false,false,source_geocoding_not_eligible,true
S15AEVT_003601,T6_neighborhood_context_only,false,false,source_geocoding_not_eligible,true
S15AEVT_003602,T6_neighborhood_context_only,false,false,source_geocoding_not_eligible,true
S15AEVT_003603,T6_neighborhood_context_only,false,false,source_geocoding_not_eligible,true
S15AEVT_003604,T6_neighborhood_context_only,false,false,source_geocoding_not_eligible,true
S15AEVT_003605,T6_neighborhood_context_only,false,false,source_geocoding_not_eligible,true
S15AEVT_003606,T6_neighborhood_context_only,false,false,source_geocoding_not_eligible,true
S15AEVT_003607,T6_neighborhood_context_only,false,false,source_geocoding_not_eligible,true
S15AEVT_003608,T6_neighborhood_context_only,false,false,source_geocoding_not_eligible,true
S15AEVT_003609,T6_neighborhood_context_only,false,false,source_geocoding_not_eligible,true
S15AEVT_003610,T6_neighborhood_context_only,false,false,source_geocoding_not_eligible,true
S15AEVT_003611,T6_neighborhood_context_only,false,false,source_geocoding_not_eligible,true
S15AEVT_003612,T6_neighborhood_context_only,false,false,source_geocoding_not_eligible,true
S15AEVT_003613,T6_neighborhood_context_only,false,false,source_geocoding_not_eligible,true
S15AEVT_003614,T6_neighborhood_context_only,false,false,source_geocoding_not_eligible,true
S15AEVT_003615,T6_neighborhood_context_only,false,false,source_geocoding_not_eligible,true
S15AEVT_003616,T6_neighborhood_context_only,false,false,source_geocoding_not_eligible,true
S15AEVT_003617,T6_neighborhood_context_only,false,false,source_geocoding_not_eligible,true
S15AEVT_003618,T6_neighborhood_context_only,false,false,source_geocoding_not_eligible,true
S15AEVT_003619,T6_neighborhood_context_only,false,false,source_geocoding_not_eligible,true
S15AEVT_003620,T6_neighborhood_context_only,false,false,source_geocoding_not_eligible,true
S15AEVT_003621,T6_neighborhood_context_only,false,false,source_geocoding_not_eligible,true
S15AEVT_003622,T6_neighborhood_context_only,false,false,source_geocoding_not_eligible,true
S15AEVT_003623,T6_neighborhood_context_only,false,false,source_geocoding_not_eligible,true
S15AEVT_003624,T6_neighborhood_context_only,false,false,source_geocoding_not_eligible,true
S15AEVT_003625,T6_neighborhood_context_only,false,false,source_geocoding_not_eligible,true
S15AEVT_003626,T6_neighborhood_context_only,false,false,source_geocoding_not_eligible,true
S15AEVT_003627,T6_neighborhood_context_only,false,false,source_geocoding_not_eligible,true
S15AEVT_003628,T6_neighborhood_context_only,false,false,source_geocoding_not_eligible,true
S15AEVT_003629,T6_neighborhood_context_only,false,false,source_geocoding_not_eligible,true
S15AEVT_003630,T6_neighborhood_context_only,false,false,source_geocoding_not_eligible,true
S15AEVT_003631,T6_neighborhood_context_only,false,false,source_geocoding_not_eligible,true
S15AEVT_003632,T6_neighborhood_context_only,false,false,source_geocoding_not_eligible,true
S15AEVT_003633,T6_neighborhood_context_only,false,false,source_geocoding_not_eligible,true
S15AEVT_003634,T6_neighborhood_context_only,false,false,source_geocoding_not_eligible,true
S15AEVT_003635,T6_neighborhood_context_only,false,false,source_geocoding_not_eligible,true
S15AEVT_003636,T6_neighborhood_context_only,false,false,source_geocoding_not_eligible,true
S15AEVT_003637,T6_neighborhood_context_only,false,false,source_geocoding_not_eligible,true
S15AEVT_003638,T6_neighborhood_context_only,false,false,source_geocoding_not_eligible,true
S15AEVT_003639,T6_neighborhood_context_only,false,false,source_geocoding_not_eligible,true
S15AEVT_003640,T6_neighborhood_context_only,false,false,source_geocoding_not_eligible,true
S15AEVT_003641,T6_neighborhood_context_only,false,false,source_geocoding_not_eligible,true
S15AEVT_003642,T6_neighborhood_context_only,false,false,source_geocoding_not_eligible,true
S15AEVT_003643,T6_neighborhood_context_only,false,false,source_geocoding_not_eligible,true
S15AEVT_003644,T6_neighborhood_context_only,false,false,source_geocoding_not_eligible,true
S15AEVT_003645,T6_neighborhood_context_only,false,false,source_geocoding_not_eligible,true
S15AEVT_003646,T6_neighborhood_context_only,false,false,source_geocoding_not_eligible,true
S15AEVT_003647,T6_neighborhood_context_only,false,false,source_geocoding_not_eligible,true
S15AEVT_003648,T6_neighborhood_context_only,false,false,source_geocoding_not_eligible,true
S15AEVT_003649,T6_neighborhood_context_only,false,false,source_geocoding_not_eligible,true
S15AEVT_003650,T6_neighborhood_context_only,false,false,source_geocoding_not_eligible,true
S15AEVT_003651,T6_neighborhood_context_only,false,false,source_geocoding_not_eligible,true
S15AEVT_003652,T6_neighborhood_context_only,false,false,source_geocoding_not_eligible,true
S15AEVT_003653,T6_neighborhood_context_only,false,false,source_geocoding_not_eligible,true
S15AEVT_003654,T6_neighborhood_context_only,false,false,source_geocoding_not_eligible,true
S15AEVT_003655,T6_neighborhood_context_only,false,false,source_geocoding_not_eligible,true
S15AEVT_003656,T6_neighborhood_context_only,false,false,source_geocoding_not_eligible,true
S15AEVT_003657,T6_neighborhood_context_only,false,false,source_geocoding_not_eligible,true
S15AEVT_003658,T6_neighborhood_context_only,false,false,source_geocoding_not_eligible,true
S15AEVT_003659,T6_neighborhood_context_only,false,false,source_geocoding_not_eligible,true
S15AEVT_003660,T6_neighborhood_context_only,false,false,source_geocoding_not_eligible,true
S15AEVT_003661,T6_neighborhood_context_only,false,false,source_geocoding_not_eligible,true
S15AEVT_003662,T6_neighborhood_context_only,false,false,source_geocoding_not_eligible,true
S15AEVT_003663,T6_neighborhood_context_only,false,false,source_geocoding_not_eligible,true
S15AEVT_003664,T6_neighborhood_context_only,false,false,source_geocoding_not_eligible,true
S15AEVT_003665,T6_neighborhood_context_only,false,false,source_geocoding_not_eligible,true
S15AEVT_003666,T6_neighborhood_context_only,false,false,source_geocoding_not_eligible,true
S15AEVT_003667,T6_neighborhood_context_only,false,false,source_geocoding_not_eligible,true
S15AEVT_003668,T6_neighborhood_context_only,false,false,source_geocoding_not_eligible,true
S15AEVT_003669,T6_neighborhood_context_only,false,false,source_geocoding_not_eligible,true
S15AEVT_003670,T6_neighborhood_context_only,false,false,source_geocoding_not_eligible,true
S15AEVT_003671,T6_neighborhood_context_only,false,false,source_geocoding_not_eligible,true
S15AEVT_003672,T6_neighborhood_context_only,false,false,source_geocoding_not_eligible,true
S15AEVT_003673,T6_neighborhood_context_only,false,false,source_geocoding_not_eligible,true
S15AEVT_003674,T6_neighborhood_context_only,false,false,source_geocoding_not_eligible,true
S15AEVT_003675,T6_neighborhood_context_only,false,false,source_geocoding_not_eligible,true
S15AEVT_003676,T6_neighborhood_context_only,false,false,source_geocoding_not_eligible,true
S15AEVT_003677,T6_neighborhood_context_only,false,false,source_geocoding_not_eligible,true
S15AEVT_003678,T6_neighborhood_context_only,false,false,source_geocoding_not_eligible,true
S15AEVT_003679,T6_neighborhood_context_only,false,false,source_geocoding_not_eligible,true
S15AEVT_003680,T6_neighborhood_context_only,false,false,source_geocoding_not_eligible,true
S15AEVT_003681,T6_neighborhood_context_only,false,false,source_geocoding_not_eligible,true
S15AEVT_003682,T6_neighborhood_context_only,false,false,source_geocoding_not_eligible,true
S15AEVT_003683,T6_neighborhood_context_only,false,false,source_geocoding_not_eligible,true
S15AEVT_003684,T6_neighborhood_context_only,false,false,source_geocoding_not_eligible,true
S15AEVT_003685,T6_neighborhood_context_only,false,false,source_geocoding_not_eligible,true
S15AEVT_003686,T6_neighborhood_context_only,false,false,source_geocoding_not_eligible,true
S15AEVT_003687,T6_neighborhood_context_only,false,false,source_geocoding_not_eligible,true
S15AEVT_003688,T6_neighborhood_context_only,false,false,source_geocoding_not_eligible,true
S15AEVT_003689,T6_neighborhood_context_only,false,false,source_geocoding_not_eligible,true
S15AEVT_003690,T6_neighborhood_context_only,false,false,source_geocoding_not_eligible,true
S15AEVT_003691,T6_neighborhood_context_only,false,false,source_geocoding_not_eligible,true
S15AEVT_003692,T6_neighborhood_context_only,false,false,source_geocoding_not_eligible,true
S15AEVT_003693,T6_neighborhood_context_only,false,false,source_geocoding_not_eligible,true
S15AEVT_003694,T6_neighborhood_context_only,false,false,source_geocoding_not_eligible,true
S15AEVT_003695,T6_neighborhood_context_only,false,false,source_geocoding_not_eligible,true
S15AEVT_003696,T6_neighborhood_context_only,false,false,source_geocoding_not_eligible,true
S15AEVT_003697,T6_neighborhood_context_only,false,false,source_geocoding_not_eligible,true
S15AEVT_003698,T6_neighborhood_context_only,false,false,source_geocoding_not_eligible,true
S15AEVT_003699,T6_neighborhood_context_only,false,false,source_geocoding_not_eligible,true
S15AEVT_003700,T6_neighborhood_context_only,false,false,source_geocoding_not_eligible,true
S15AEVT_003701,T6_neighborhood_context_only,false,false,source_geocoding_not_eligible,true
S15AEVT_003702,T6_neighborhood_context_only,false,false,source_geocoding_not_eligible,true
S15AEVT_003703,T6_neighborhood_context_only,false,false,source_geocoding_not_eligible,true
S15AEVT_003704,T6_neighborhood_context_only,false,false,source_geocoding_not_eligible,true
S15AEVT_003705,T6_neighborhood_context_only,false,false,source_geocoding_not_eligible,true
S15AEVT_003706,T6_neighborhood_context_only,false,false,source_geocoding_not_eligible,true
S15AEVT_003707,T6_neighborhood_context_only,false,false,source_geocoding_not_eligible,true
S15AEVT_003708,T6_neighborhood_context_only,false,false,source_geocoding_not_eligible,true
S15AEVT_003709,T6_neighborhood_context_only,false,false,source_geocoding_not_eligible,true
S15AEVT_003710,T6_neighborhood_context_only,false,false,source_geocoding_not_eligible,true
S15AEVT_003711,T6_neighborhood_context_only,false,false,source_geocoding_not_eligible,true
S15AEVT_003712,T6_neighborhood_context_only,false,false,source_geocoding_not_eligible,true
S15AEVT_003713,T6_neighborhood_context_only,false,false,source_geocoding_not_eligible,true
S15AEVT_003714,T6_neighborhood_context_only,false,false,source_geocoding_not_eligible,true
S15AEVT_003715,T6_neighborhood_context_only,false,false,source_geocoding_not_eligible,true
S15AEVT_003716,T6_neighborhood_context_only,false,false,source_geocoding_not_eligible,true
S15AEVT_003717,T6_neighborhood_context_only,false,false,source_geocoding_not_eligible,true
S15AEVT_003718,T6_neighborhood_context_only,false,false,source_geocoding_not_eligible,true
S15AEVT_003719,T6_neighborhood_context_only,false,false,source_geocoding_not_eligible,true
S15AEVT_003720,T6_neighborhood_context_only,false,false,source_geocoding_not_eligible,true
S15AEVT_003721,T6_neighborhood_context_only,false,false,source_geocoding_not_eligible,true
S15AEVT_003722,T6_neighborhood_context_only,false,false,source_geocoding_not_eligible,true
S15AEVT_003723,T6_neighborhood_context_only,false,false,source_geocoding_not_eligible,true
S15AEVT_003724,T6_neighborhood_context_only,false,false,source_geocoding_not_eligible,true
S15AEVT_003725,T6_neighborhood_context_only,false,false,source_geocoding_not_eligible,true
S15AEVT_003726,T6_neighborhood_context_only,false,false,source_geocoding_not_eligible,true
S15AEVT_003727,T6_neighborhood_context_only,false,false,source_geocoding_not_eligible,true
S15AEVT_003728,T6_neighborhood_context_only,false,false,source_geocoding_not_eligible,true
S15AEVT_003729,T6_neighborhood_context_only,false,false,source_geocoding_not_eligible,true
S15AEVT_003730,T6_neighborhood_context_only,false,false,source_geocoding_not_eligible,true
S15AEVT_003731,T6_neighborhood_context_only,false,false,source_geocoding_not_eligible,true
S15AEVT_003732,T6_neighborhood_context_only,false,false,source_geocoding_not_eligible,true
S15AEVT_003733,T6_neighborhood_context_only,false,false,source_geocoding_not_eligible,true
S15AEVT_003734,T6_neighborhood_context_only,false,false,source_geocoding_not_eligible,true
S15AEVT_003735,T6_neighborhood_context_only,false,false,source_geocoding_not_eligible,true
S15AEVT_003736,T6_neighborhood_context_only,false,false,source_geocoding_not_eligible,true
S15AEVT_003737,T6_neighborhood_context_only,false,false,source_geocoding_not_eligible,true
S15AEVT_003738,T6_neighborhood_context_only,false,false,source_geocoding_not_eligible,true
S15AEVT_003739,T6_neighborhood_context_only,false,false,source_geocoding_not_eligible,true
S15AEVT_003740,T6_neighborhood_context_only,false,false,source_geocoding_not_eligible,true
S15AEVT_003741,T6_neighborhood_context_only,false,false,source_geocoding_not_eligible,true
S15AEVT_003742,T6_neighborhood_context_only,false,false,source_geocoding_not_eligible,true
S15AEVT_003743,T6_neighborhood_context_only,false,false,source_geocoding_not_eligible,true
S15AEVT_003744,T6_neighborhood_context_only,false,false,source_geocoding_not_eligible,true
S15AEVT_003745,T6_neighborhood_context_only,false,false,source_geocoding_not_eligible,true
S15AEVT_003746,T6_neighborhood_context_only,false,false,source_geocoding_not_eligible,true
S15AEVT_003747,T6_neighborhood_context_only,false,false,source_geocoding_not_eligible,true
S15AEVT_003748,T6_neighborhood_context_only,false,false,source_geocoding_not_eligible,true
S15AEVT_003749,T6_neighborhood_context_only,false,false,source_geocoding_not_eligible,true
S15AEVT_003750,T6_neighborhood_context_only,false,false,source_geocoding_not_eligible,true
S15AEVT_003751,T6_neighborhood_context_only,false,false,source_geocoding_not_eligible,true
S15AEVT_003752,T6_neighborhood_context_only,false,false,source_geocoding_not_eligible,true
S15AEVT_003753,T6_neighborhood_context_only,false,false,source_geocoding_not_eligible,true
S15AEVT_003754,T6_neighborhood_context_only,false,false,source_geocoding_not_eligible,true
S15AEVT_003755,T6_neighborhood_context_only,false,false,source_geocoding_not_eligible,true
S15AEVT_003756,T6_neighborhood_context_only,false,false,source_geocoding_not_eligible,true
S15AEVT_003757,T6_neighborhood_context_only,false,false,source_geocoding_not_eligible,true
S15AEVT_003758,T6_neighborhood_context_only,false,false,source_geocoding_not_eligible,true
S15AEVT_003759,T6_neighborhood_context_only,false,false,source_geocoding_not_eligible,true
S15AEVT_003760,T6_neighborhood_context_only,false,false,source_geocoding_not_eligible,true
S15AEVT_003761,T6_neighborhood_context_only,false,false,source_geocoding_not_eligible,true
S15AEVT_003762,T6_neighborhood_context_only,false,false,source_geocoding_not_eligible,true
S15AEVT_003763,T6_neighborhood_context_only,false,false,source_geocoding_not_eligible,true
S15AEVT_003764,T6_neighborhood_context_only,false,false,source_geocoding_not_eligible,true
S15AEVT_003765,T6_neighborhood_context_only,false,false,source_geocoding_not_eligible,true
S15AEVT_003766,T6_neighborhood_context_only,false,false,source_geocoding_not_eligible,true
S15AEVT_003767,T6_neighborhood_context_only,false,false,source_geocoding_not_eligible,true
S15AEVT_003768,T6_neighborhood_context_only,false,false,source_geocoding_not_eligible,true
S15AEVT_003769,T6_neighborhood_context_only,false,false,source_geocoding_not_eligible,true
S15AEVT_003770,T6_neighborhood_context_only,false,false,source_geocoding_not_eligible,true
S15AEVT_003771,T6_neighborhood_context_only,false,false,source_geocoding_not_eligible,true
S15AEVT_003772,T6_neighborhood_context_only,false,false,source_geocoding_not_eligible,true
S15AEVT_003773,T6_neighborhood_context_only,false,false,source_geocoding_not_eligible,true
S15AEVT_003774,T6_neighborhood_context_only,false,false,source_geocoding_not_eligible,true
S15AEVT_003775,T6_neighborhood_context_only,false,false,source_geocoding_not_eligible,true
S15AEVT_003776,T6_neighborhood_context_only,false,false,source_geocoding_not_eligible,true
S15AEVT_003777,T6_neighborhood_context_only,false,false,source_geocoding_not_eligible,true
S15AEVT_003778,T6_neighborhood_context_only,false,false,source_geocoding_not_eligible,true
S15AEVT_003779,T6_neighborhood_context_only,false,false,source_geocoding_not_eligible,true
S15AEVT_003780,T6_neighborhood_context_only,false,false,source_geocoding_not_eligible,true
S15AEVT_003781,T6_neighborhood_context_only,false,false,source_geocoding_not_eligible,true
S15AEVT_003782,T6_neighborhood_context_only,false,false,source_geocoding_not_eligible,true
S15AEVT_003783,T6_neighborhood_context_only,false,false,source_geocoding_not_eligible,true
S15AEVT_003784,T6_neighborhood_context_only,false,false,source_geocoding_not_eligible,true
S15AEVT_003785,T6_neighborhood_context_only,false,false,source_geocoding_not_eligible,true
S15AEVT_003786,T6_neighborhood_context_only,false,false,source_geocoding_not_eligible,true
S15AEVT_003787,T6_neighborhood_context_only,false,false,source_geocoding_not_eligible,true
S15AEVT_003788,T6_neighborhood_context_only,false,false,source_geocoding_not_eligible,true
S15AEVT_003789,T6_neighborhood_context_only,false,false,source_geocoding_not_eligible,true
S15AEVT_003790,T6_neighborhood_context_only,false,false,source_geocoding_not_eligible,true
S15AEVT_003791,T6_neighborhood_context_only,false,false,source_geocoding_not_eligible,true
S15AEVT_003792,T6_neighborhood_context_only,false,false,source_geocoding_not_eligible,true
S15AEVT_003793,T6_neighborhood_context_only,false,false,source_geocoding_not_eligible,true
S15AEVT_003794,T6_neighborhood_context_only,false,false,source_geocoding_not_eligible,true
S15AEVT_003795,T6_neighborhood_context_only,false,false,source_geocoding_not_eligible,true
S15AEVT_003796,T6_neighborhood_context_only,false,false,source_geocoding_not_eligible,true
S15AEVT_003797,T6_neighborhood_context_only,false,false,source_geocoding_not_eligible,true
S15AEVT_003798,T6_neighborhood_context_only,false,false,source_geocoding_not_eligible,true
S15AEVT_003799,T6_neighborhood_context_only,false,false,source_geocoding_not_eligible,true
S15AEVT_003800,T6_neighborhood_context_only,false,false,source_geocoding_not_eligible,true
S15AEVT_003801,T6_neighborhood_context_only,false,false,source_geocoding_not_eligible,true
S15AEVT_003802,T6_neighborhood_context_only,false,false,source_geocoding_not_eligible,true
S15AEVT_003803,T6_neighborhood_context_only,false,false,source_geocoding_not_eligible,true
S15AEVT_003804,T6_neighborhood_context_only,false,false,source_geocoding_not_eligible,true
S15AEVT_003805,T6_neighborhood_context_only,false,false,source_geocoding_not_eligible,true
S15AEVT_003806,T6_neighborhood_context_only,false,false,source_geocoding_not_eligible,true
S15AEVT_003807,T6_neighborhood_context_only,false,false,source_geocoding_not_eligible,true
S15AEVT_003808,T6_neighborhood_context_only,false,false,source_geocoding_not_eligible,true
S15AEVT_003809,T6_neighborhood_context_only,false,false,source_geocoding_not_eligible,true
S15AEVT_003810,T6_neighborhood_context_only,false,false,source_geocoding_not_eligible,true
S15AEVT_003811,T6_neighborhood_context_only,false,false,source_geocoding_not_eligible,true
S15AEVT_003812,T6_neighborhood_context_only,false,false,source_geocoding_not_eligible,true
S15AEVT_003813,T6_neighborhood_context_only,false,false,source_geocoding_not_eligible,true
S15AEVT_003814,T6_neighborhood_context_only,false,false,source_geocoding_not_eligible,true
S15AEVT_003815,T6_neighborhood_context_only,false,false,source_geocoding_not_eligible,true
S15AEVT_003816,T6_neighborhood_context_only,false,false,source_geocoding_not_eligible,true
S15AEVT_003817,T6_neighborhood_context_only,false,false,source_geocoding_not_eligible,true
S15AEVT_003818,T6_neighborhood_context_only,false,false,source_geocoding_not_eligible,true
S15AEVT_003819,T6_neighborhood_context_only,false,false,source_geocoding_not_eligible,true
S15AEVT_003820,T6_neighborhood_context_only,false,false,source_geocoding_not_eligible,true
S15AEVT_003821,T6_neighborhood_context_only,false,false,source_geocoding_not_eligible,true
S15AEVT_003822,T6_neighborhood_context_only,false,false,source_geocoding_not_eligible,true
S15AEVT_003823,T6_neighborhood_context_only,false,false,source_geocoding_not_eligible,true
S15AEVT_003824,T6_neighborhood_context_only,false,false,source_geocoding_not_eligible,true
S15AEVT_003825,T6_neighborhood_context_only,false,false,source_geocoding_not_eligible,true
S15AEVT_003826,T6_neighborhood_context_only,false,false,source_geocoding_not_eligible,true
S15AEVT_003827,T6_neighborhood_context_only,false,false,source_geocoding_not_eligible,true
S15AEVT_003828,T6_neighborhood_context_only,false,false,source_geocoding_not_eligible,true
S15AEVT_003829,T6_neighborhood_context_only,false,false,source_geocoding_not_eligible,true
S15AEVT_003830,T6_neighborhood_context_only,false,false,source_geocoding_not_eligible,true
S15AEVT_003831,T6_neighborhood_context_only,false,false,source_geocoding_not_eligible,true
S15AEVT_003832,T6_neighborhood_context_only,false,false,source_geocoding_not_eligible,true
S15AEVT_003833,T6_neighborhood_context_only,false,false,source_geocoding_not_eligible,true
S15AEVT_003834,T6_neighborhood_context_only,false,false,source_geocoding_not_eligible,true
S15AEVT_003835,T6_neighborhood_context_only,false,false,source_geocoding_not_eligible,true
S15AEVT_003836,T6_neighborhood_context_only,false,false,source_geocoding_not_eligible,true
S15AEVT_003837,T6_neighborhood_context_only,false,false,source_geocoding_not_eligible,true
S15AEVT_003838,T6_neighborhood_context_only,false,false,source_geocoding_not_eligible,true
S15AEVT_003839,T6_neighborhood_context_only,false,false,source_geocoding_not_eligible,true
S15AEVT_003840,T6_neighborhood_context_only,false,false,source_geocoding_not_eligible,true
S15AEVT_003841,T6_neighborhood_context_only,false,false,source_geocoding_not_eligible,true
S15AEVT_003842,T6_neighborhood_context_only,false,false,source_geocoding_not_eligible,true
S15AEVT_003843,T6_neighborhood_context_only,false,false,source_geocoding_not_eligible,true
S15AEVT_003844,T6_neighborhood_context_only,false,false,source_geocoding_not_eligible,true
S15AEVT_003845,T6_neighborhood_context_only,false,false,source_geocoding_not_eligible,true
S15AEVT_003846,T6_neighborhood_context_only,false,false,source_geocoding_not_eligible,true
S15AEVT_003847,T6_neighborhood_context_only,false,false,source_geocoding_not_eligible,true
S15AEVT_003848,T6_neighborhood_context_only,false,false,source_geocoding_not_eligible,true
S15AEVT_003849,T6_neighborhood_context_only,false,false,source_geocoding_not_eligible,true
S15AEVT_003850,T6_neighborhood_context_only,false,false,source_geocoding_not_eligible,true
S15AEVT_003851,T6_neighborhood_context_only,false,false,source_geocoding_not_eligible,true
S15AEVT_003852,T6_neighborhood_context_only,false,false,source_geocoding_not_eligible,true
S15AEVT_003853,T6_neighborhood_context_only,false,false,source_geocoding_not_eligible,true
S15AEVT_003854,T6_neighborhood_context_only,false,false,source_geocoding_not_eligible,true
S15AEVT_003855,T6_neighborhood_context_only,false,false,source_geocoding_not_eligible,true
S15AEVT_003856,T6_neighborhood_context_only,false,false,source_geocoding_not_eligible,true
S15AEVT_003857,T6_neighborhood_context_only,false,false,source_geocoding_not_eligible,true
S15AEVT_003858,T6_neighborhood_context_only,false,false,source_geocoding_not_eligible,true
S15AEVT_003859,T6_neighborhood_context_only,false,false,source_geocoding_not_eligible,true
S15AEVT_003860,T6_neighborhood_context_only,false,false,source_geocoding_not_eligible,true
S15AEVT_003861,T6_neighborhood_context_only,false,false,source_geocoding_not_eligible,true
S15AEVT_003862,T6_neighborhood_context_only,false,false,source_geocoding_not_eligible,true
S15AEVT_003863,T6_neighborhood_context_only,false,false,source_geocoding_not_eligible,true
S15AEVT_003864,T6_neighborhood_context_only,false,false,source_geocoding_not_eligible,true
S15AEVT_003865,T6_neighborhood_context_only,false,false,source_geocoding_not_eligible,true
S15AEVT_003866,T6_neighborhood_context_only,false,false,source_geocoding_not_eligible,true
S15AEVT_003867,T6_neighborhood_context_only,false,false,source_geocoding_not_eligible,true
S15AEVT_003868,T6_neighborhood_context_only,false,false,source_geocoding_not_eligible,true
S15AEVT_003869,T6_neighborhood_context_only,false,false,source_geocoding_not_eligible,true
S15AEVT_003870,T6_neighborhood_context_only,false,false,source_geocoding_not_eligible,true
S15AEVT_003871,T6_neighborhood_context_only,false,false,source_geocoding_not_eligible,true
S15AEVT_003872,T6_neighborhood_context_only,false,false,source_geocoding_not_eligible,true
S15AEVT_003873,T6_neighborhood_context_only,false,false,source_geocoding_not_eligible,true
S15AEVT_003874,T6_neighborhood_context_only,false,false,source_geocoding_not_eligible,true
S15AEVT_003875,T6_neighborhood_context_only,false,false,source_geocoding_not_eligible,true
S15AEVT_003876,T6_neighborhood_context_only,false,false,source_geocoding_not_eligible,true
S15AEVT_003877,T6_neighborhood_context_only,false,false,source_geocoding_not_eligible,true
S15AEVT_003878,T6_neighborhood_context_only,false,false,source_geocoding_not_eligible,true
S15AEVT_003879,T6_neighborhood_context_only,false,false,source_geocoding_not_eligible,true
S15AEVT_003880,T6_neighborhood_context_only,false,false,source_geocoding_not_eligible,true
S15AEVT_003881,T6_neighborhood_context_only,false,false,source_geocoding_not_eligible,true
S15AEVT_003882,T6_neighborhood_context_only,false,false,source_geocoding_not_eligible,true
S15AEVT_003883,T6_neighborhood_context_only,false,false,source_geocoding_not_eligible,true
S15AEVT_003884,T6_neighborhood_context_only,false,false,source_geocoding_not_eligible,true
S15AEVT_003885,T6_neighborhood_context_only,false,false,source_geocoding_not_eligible,true
S15AEVT_003886,T6_neighborhood_context_only,false,false,source_geocoding_not_eligible,true
S15AEVT_003887,T6_neighborhood_context_only,false,false,source_geocoding_not_eligible,true
S15AEVT_003888,T6_neighborhood_context_only,false,false,source_geocoding_not_eligible,true
S15AEVT_003889,T6_neighborhood_context_only,false,false,source_geocoding_not_eligible,true
S15AEVT_003890,T6_neighborhood_context_only,false,false,source_geocoding_not_eligible,true
S15AEVT_003891,T6_neighborhood_context_only,false,false,source_geocoding_not_eligible,true
S15AEVT_003892,T6_neighborhood_context_only,false,false,source_geocoding_not_eligible,true
S15AEVT_003893,T6_neighborhood_context_only,false,false,source_geocoding_not_eligible,true
S15AEVT_003894,T6_neighborhood_context_only,false,false,source_geocoding_not_eligible,true
S15AEVT_003895,T6_neighborhood_context_only,false,false,source_geocoding_not_eligible,true
S15AEVT_003896,T6_neighborhood_context_only,false,false,source_geocoding_not_eligible,true
S15AEVT_003897,T6_neighborhood_context_only,false,false,source_geocoding_not_eligible,true
S15AEVT_003898,T6_neighborhood_context_only,false,false,source_geocoding_not_eligible,true
S15AEVT_003899,T6_neighborhood_context_only,false,false,source_geocoding_not_eligible,true
S15AEVT_003900,T6_neighborhood_context_only,false,false,source_geocoding_not_eligible,true
S15AEVT_003901,T6_neighborhood_context_only,false,false,source_geocoding_not_eligible,true
S15AEVT_003902,T6_neighborhood_context_only,false,false,source_geocoding_not_eligible,true
S15AEVT_003903,T6_neighborhood_context_only,false,false,source_geocoding_not_eligible,true
S15AEVT_003904,T6_neighborhood_context_only,false,false,source_geocoding_not_eligible,true
S15AEVT_003905,T6_neighborhood_context_only,false,false,source_geocoding_not_eligible,true
S15AEVT_003906,T6_neighborhood_context_only,false,false,source_geocoding_not_eligible,true
S15AEVT_003907,T6_neighborhood_context_only,false,false,source_geocoding_not_eligible,true
S15AEVT_003908,T6_neighborhood_context_only,false,false,source_geocoding_not_eligible,true
S15AEVT_003909,T6_neighborhood_context_only,false,false,source_geocoding_not_eligible,true
S15AEVT_003910,T6_neighborhood_context_only,false,false,source_geocoding_not_eligible,true
S15AEVT_003911,T6_neighborhood_context_only,false,false,source_geocoding_not_eligible,true
S15AEVT_003912,T6_neighborhood_context_only,false,false,source_geocoding_not_eligible,true
S15AEVT_003913,T6_neighborhood_context_only,false,false,source_geocoding_not_eligible,true
S15AEVT_003914,T6_neighborhood_context_only,false,false,source_geocoding_not_eligible,true
S15AEVT_003915,T6_neighborhood_context_only,false,false,source_geocoding_not_eligible,true
S15AEVT_003916,T6_neighborhood_context_only,false,false,source_geocoding_not_eligible,true
S15AEVT_003917,T6_neighborhood_context_only,false,false,source_geocoding_not_eligible,true
S15AEVT_003918,T6_neighborhood_context_only,false,false,source_geocoding_not_eligible,true
S15AEVT_003919,T6_neighborhood_context_only,false,false,source_geocoding_not_eligible,true
S15AEVT_003920,T6_neighborhood_context_only,false,false,source_geocoding_not_eligible,true
S15AEVT_003921,T6_neighborhood_context_only,false,false,source_geocoding_not_eligible,true
S15AEVT_003922,T6_neighborhood_context_only,false,false,source_geocoding_not_eligible,true
S15AEVT_003923,T6_neighborhood_context_only,false,false,source_geocoding_not_eligible,true
S15AEVT_003924,T6_neighborhood_context_only,false,false,source_geocoding_not_eligible,true
S15AEVT_003925,T6_neighborhood_context_only,false,false,source_geocoding_not_eligible,true
S15AEVT_003926,T6_neighborhood_context_only,false,false,source_geocoding_not_eligible,true
S15AEVT_003927,T6_neighborhood_context_only,false,false,source_geocoding_not_eligible,true
S15AEVT_003928,T6_neighborhood_context_only,false,false,source_geocoding_not_eligible,true
S15AEVT_003929,T6_neighborhood_context_only,false,false,source_geocoding_not_eligible,true
S15AEVT_003930,T6_neighborhood_context_only,false,false,source_geocoding_not_eligible,true
S15AEVT_003931,T6_neighborhood_context_only,false,false,source_geocoding_not_eligible,true
S15AEVT_003932,T6_neighborhood_context_only,false,false,source_geocoding_not_eligible,true
S15AEVT_003933,T6_neighborhood_context_only,false,false,source_geocoding_not_eligible,true
S15AEVT_003934,T6_neighborhood_context_only,false,false,source_geocoding_not_eligible,true
S15AEVT_003935,T6_neighborhood_context_only,false,false,source_geocoding_not_eligible,true
S15AEVT_003936,T6_neighborhood_context_only,false,false,source_geocoding_not_eligible,true
S15AEVT_003937,T6_neighborhood_context_only,false,false,source_geocoding_not_eligible,true
S15AEVT_003938,T6_neighborhood_context_only,false,false,source_geocoding_not_eligible,true
S15AEVT_003939,T6_neighborhood_context_only,false,false,source_geocoding_not_eligible,true
S15AEVT_003940,T6_neighborhood_context_only,false,false,source_geocoding_not_eligible,true
S15AEVT_003941,T6_neighborhood_context_only,false,false,source_geocoding_not_eligible,true
S15AEVT_003942,T6_neighborhood_context_only,false,false,source_geocoding_not_eligible,true
S15AEVT_003943,T6_neighborhood_context_only,false,false,source_geocoding_not_eligible,true
S15AEVT_003944,T6_neighborhood_context_only,false,false,source_geocoding_not_eligible,true
S15AEVT_003945,T6_neighborhood_context_only,false,false,source_geocoding_not_eligible,true
S15AEVT_003946,T6_neighborhood_context_only,false,false,source_geocoding_not_eligible,true
S15AEVT_003947,T6_neighborhood_context_only,false,false,source_geocoding_not_eligible,true
S15AEVT_003948,T6_neighborhood_context_only,false,false,source_geocoding_not_eligible,true
S15AEVT_003949,T6_neighborhood_context_only,false,false,source_geocoding_not_eligible,true
S15AEVT_003950,T6_neighborhood_context_only,false,false,source_geocoding_not_eligible,true
S15AEVT_003951,T6_neighborhood_context_only,false,false,source_geocoding_not_eligible,true
S15AEVT_003952,T6_neighborhood_context_only,false,false,source_geocoding_not_eligible,true
S15AEVT_003953,T6_neighborhood_context_only,false,false,source_geocoding_not_eligible,true
S15AEVT_003954,T6_neighborhood_context_only,false,false,source_geocoding_not_eligible,true
S15AEVT_003955,T6_neighborhood_context_only,false,false,source_geocoding_not_eligible,true
S15AEVT_003956,T6_neighborhood_context_only,false,false,source_geocoding_not_eligible,true
S15AEVT_003957,T6_neighborhood_context_only,false,false,source_geocoding_not_eligible,true
S15AEVT_003958,T6_neighborhood_context_only,false,false,source_geocoding_not_eligible,true
S15AEVT_003959,T6_neighborhood_context_only,false,false,source_geocoding_not_eligible,true
S15AEVT_003960,T6_neighborhood_context_only,false,false,source_geocoding_not_eligible,true
S15AEVT_003961,T6_neighborhood_context_only,false,false,source_geocoding_not_eligible,true
S15AEVT_003962,T6_neighborhood_context_only,false,false,source_geocoding_not_eligible,true
S15AEVT_003963,T6_neighborhood_context_only,false,false,source_geocoding_not_eligible,true
S15AEVT_003964,T6_neighborhood_context_only,false,false,source_geocoding_not_eligible,true
S15AEVT_003965,T6_neighborhood_context_only,false,false,source_geocoding_not_eligible,true
S15AEVT_003966,T6_neighborhood_context_only,false,false,source_geocoding_not_eligible,true
S15AEVT_003967,T6_neighborhood_context_only,false,false,source_geocoding_not_eligible,true
S15AEVT_003968,T6_neighborhood_context_only,false,false,source_geocoding_not_eligible,true
S15AEVT_003969,T6_neighborhood_context_only,false,false,source_geocoding_not_eligible,true
S15AEVT_003970,T6_neighborhood_context_only,false,false,source_geocoding_not_eligible,true
S15AEVT_003971,T6_neighborhood_context_only,false,false,source_geocoding_not_eligible,true
S15AEVT_003972,T6_neighborhood_context_only,false,false,source_geocoding_not_eligible,true
S15AEVT_003973,T6_neighborhood_context_only,false,false,source_geocoding_not_eligible,true
S15AEVT_003974,T6_neighborhood_context_only,false,false,source_geocoding_not_eligible,true
S15AEVT_003975,T6_neighborhood_context_only,false,false,source_geocoding_not_eligible,true
S15AEVT_003976,T6_neighborhood_context_only,false,false,source_geocoding_not_eligible,true
S15AEVT_003977,T6_neighborhood_context_only,false,false,source_geocoding_not_eligible,true
S15AEVT_003978,T6_neighborhood_context_only,false,false,source_geocoding_not_eligible,true
S15AEVT_003979,T6_neighborhood_context_only,false,false,source_geocoding_not_eligible,true
S15AEVT_003980,T6_neighborhood_context_only,false,false,source_geocoding_not_eligible,true
S15AEVT_003981,T6_neighborhood_context_only,false,false,source_geocoding_not_eligible,true
S15AEVT_003982,T6_neighborhood_context_only,false,false,source_geocoding_not_eligible,true
S15AEVT_003983,T6_neighborhood_context_only,false,false,source_geocoding_not_eligible,true
S15AEVT_003984,T6_neighborhood_context_only,false,false,source_geocoding_not_eligible,true
S15AEVT_003985,T6_neighborhood_context_only,false,false,source_geocoding_not_eligible,true
S15AEVT_003986,T6_neighborhood_context_only,false,false,source_geocoding_not_eligible,true
S15AEVT_003987,T6_neighborhood_context_only,false,false,source_geocoding_not_eligible,true
S15AEVT_003988,T6_neighborhood_context_only,false,false,source_geocoding_not_eligible,true
S15AEVT_003989,T6_neighborhood_context_only,false,false,source_geocoding_not_eligible,true
S15AEVT_003990,T6_neighborhood_context_only,false,false,source_geocoding_not_eligible,true
S15AEVT_003991,T6_neighborhood_context_only,false,false,source_geocoding_not_eligible,true
S15AEVT_003992,T6_neighborhood_context_only,false,false,source_geocoding_not_eligible,true
S15AEVT_003993,T6_neighborhood_context_only,false,false,source_geocoding_not_eligible,true
S15AEVT_003994,T6_neighborhood_context_only,false,false,source_geocoding_not_eligible,true
S15AEVT_003995,T6_neighborhood_context_only,false,false,source_geocoding_not_eligible,true
S15AEVT_003996,T6_neighborhood_context_only,false,false,source_geocoding_not_eligible,true
S15AEVT_003997,T6_neighborhood_context_only,false,false,source_geocoding_not_eligible,true
S15AEVT_003998,T6_neighborhood_context_only,false,false,source_geocoding_not_eligible,true
S15AEVT_003999,T6_neighborhood_context_only,false,false,source_geocoding_not_eligible,true
S15AEVT_004000,T6_neighborhood_context_only,false,false,source_geocoding_not_eligible,true
S15AEVT_004001,T6_neighborhood_context_only,false,false,source_geocoding_not_eligible,true
S15AEVT_004002,T6_neighborhood_context_only,false,false,source_geocoding_not_eligible,true
S15AEVT_004003,T6_neighborhood_context_only,false,false,source_geocoding_not_eligible,true
S15AEVT_004004,T6_neighborhood_context_only,false,false,source_geocoding_not_eligible,true
S15AEVT_004005,T6_neighborhood_context_only,false,false,source_geocoding_not_eligible,true
S15AEVT_004006,T6_neighborhood_context_only,false,false,source_geocoding_not_eligible,true
S15AEVT_004007,T6_neighborhood_context_only,false,false,source_geocoding_not_eligible,true
S15AEVT_004008,T6_neighborhood_context_only,false,false,source_geocoding_not_eligible,true
S15AEVT_004009,T6_neighborhood_context_only,false,false,source_geocoding_not_eligible,true
S15AEVT_004010,T6_neighborhood_context_only,false,false,source_geocoding_not_eligible,true
S15AEVT_004011,T6_neighborhood_context_only,false,false,source_geocoding_not_eligible,true
S15AEVT_004012,T6_neighborhood_context_only,false,false,source_geocoding_not_eligible,true
S15AEVT_004013,T6_neighborhood_context_only,false,false,source_geocoding_not_eligible,true
S15AEVT_004014,T6_neighborhood_context_only,false,false,source_geocoding_not_eligible,true
S15AEVT_004015,T6_neighborhood_context_only,false,false,source_geocoding_not_eligible,true
S15AEVT_004016,T6_neighborhood_context_only,false,false,source_geocoding_not_eligible,true
S15AEVT_004017,T6_neighborhood_context_only,false,false,source_geocoding_not_eligible,true
S15AEVT_004018,T6_neighborhood_context_only,false,false,source_geocoding_not_eligible,true
S15AEVT_004019,T6_neighborhood_context_only,false,false,source_geocoding_not_eligible,true
S15AEVT_004020,T6_neighborhood_context_only,false,false,source_geocoding_not_eligible,true
S15AEVT_004021,T6_neighborhood_context_only,false,false,source_geocoding_not_eligible,true
S15AEVT_004022,T6_neighborhood_context_only,false,false,source_geocoding_not_eligible,true
S15AEVT_004023,T6_neighborhood_context_only,false,false,source_geocoding_not_eligible,true
S15AEVT_004024,T6_neighborhood_context_only,false,false,source_geocoding_not_eligible,true
S15AEVT_004025,T6_neighborhood_context_only,false,false,source_geocoding_not_eligible,true
S15AEVT_004026,T6_neighborhood_context_only,false,false,source_geocoding_not_eligible,true
S15AEVT_004027,T6_neighborhood_context_only,false,false,source_geocoding_not_eligible,true
S15AEVT_004028,T6_neighborhood_context_only,false,false,source_geocoding_not_eligible,true
S15AEVT_004029,T6_neighborhood_context_only,false,false,source_geocoding_not_eligible,true
S15AEVT_004030,T6_neighborhood_context_only,false,false,source_geocoding_not_eligible,true
S15AEVT_004031,T6_neighborhood_context_only,false,false,source_geocoding_not_eligible,true
S15AEVT_004032,T6_neighborhood_context_only,false,false,source_geocoding_not_eligible,true
S15AEVT_004033,T6_neighborhood_context_only,false,false,source_geocoding_not_eligible,true
S15AEVT_004034,T6_neighborhood_context_only,false,false,source_geocoding_not_eligible,true
S15AEVT_004035,T6_neighborhood_context_only,false,false,source_geocoding_not_eligible,true
S15AEVT_004036,T6_neighborhood_context_only,false,false,source_geocoding_not_eligible,true
S15AEVT_004037,T6_neighborhood_context_only,false,false,source_geocoding_not_eligible,true
S15AEVT_004038,T6_neighborhood_context_only,false,false,source_geocoding_not_eligible,true
S15AEVT_004039,T6_neighborhood_context_only,false,false,source_geocoding_not_eligible,true
S15AEVT_004040,T6_neighborhood_context_only,false,false,source_geocoding_not_eligible,true
S15AEVT_004041,T6_neighborhood_context_only,false,false,source_geocoding_not_eligible,true
S15AEVT_004042,T6_neighborhood_context_only,false,false,source_geocoding_not_eligible,true
S15AEVT_004043,T6_neighborhood_context_only,false,false,source_geocoding_not_eligible,true
S15AEVT_004044,T6_neighborhood_context_only,false,false,source_geocoding_not_eligible,true
S15AEVT_004045,T6_neighborhood_context_only,false,false,source_geocoding_not_eligible,true
S15AEVT_004046,T6_neighborhood_context_only,false,false,source_geocoding_not_eligible,true
S15AEVT_004047,T6_neighborhood_context_only,false,false,source_geocoding_not_eligible,true
S15AEVT_004048,T6_neighborhood_context_only,false,false,source_geocoding_not_eligible,true
S15AEVT_004049,T6_neighborhood_context_only,false,false,source_geocoding_not_eligible,true
S15AEVT_004050,T6_neighborhood_context_only,false,false,source_geocoding_not_eligible,true
S15AEVT_004051,T6_neighborhood_context_only,false,false,source_geocoding_not_eligible,true
S15AEVT_004052,T6_neighborhood_context_only,false,false,source_geocoding_not_eligible,true
S15AEVT_004053,T6_neighborhood_context_only,false,false,source_geocoding_not_eligible,true
S15AEVT_004054,T6_neighborhood_context_only,false,false,source_geocoding_not_eligible,true
S15AEVT_004055,T6_neighborhood_context_only,false,false,source_geocoding_not_eligible,true
S15AEVT_004056,T6_neighborhood_context_only,false,false,source_geocoding_not_eligible,true
S15AEVT_004057,T6_neighborhood_context_only,false,false,source_geocoding_not_eligible,true
S15AEVT_004058,T6_neighborhood_context_only,false,false,source_geocoding_not_eligible,true
S15AEVT_004059,T6_neighborhood_context_only,false,false,source_geocoding_not_eligible,true
S15AEVT_004060,T6_neighborhood_context_only,false,false,source_geocoding_not_eligible,true
S15AEVT_004061,T6_neighborhood_context_only,false,false,source_geocoding_not_eligible,true
S15AEVT_004062,T6_neighborhood_context_only,false,false,source_geocoding_not_eligible,true
S15AEVT_004063,T6_neighborhood_context_only,false,false,source_geocoding_not_eligible,true
S15AEVT_004064,T6_neighborhood_context_only,false,false,source_geocoding_not_eligible,true
S15AEVT_004065,T6_neighborhood_context_only,false,false,source_geocoding_not_eligible,true
S15AEVT_004066,T6_neighborhood_context_only,false,false,source_geocoding_not_eligible,true
S15AEVT_004067,T6_neighborhood_context_only,false,false,source_geocoding_not_eligible,true
S15AEVT_004068,T6_neighborhood_context_only,false,false,source_geocoding_not_eligible,true
S15AEVT_004069,T6_neighborhood_context_only,false,false,source_geocoding_not_eligible,true
S15AEVT_004070,T6_neighborhood_context_only,false,false,source_geocoding_not_eligible,true
S15AEVT_004071,T6_neighborhood_context_only,false,false,source_geocoding_not_eligible,true
S15AEVT_004072,T6_neighborhood_context_only,false,false,source_geocoding_not_eligible,true
S15AEVT_004073,T6_neighborhood_context_only,false,false,source_geocoding_not_eligible,true
S15AEVT_004074,T6_neighborhood_context_only,false,false,source_geocoding_not_eligible,true
S15AEVT_004075,T6_neighborhood_context_only,false,false,source_geocoding_not_eligible,true
S15AEVT_004076,T6_neighborhood_context_only,false,false,source_geocoding_not_eligible,true
S15AEVT_004077,T6_neighborhood_context_only,false,false,source_geocoding_not_eligible,true
S15AEVT_004078,T6_neighborhood_context_only,false,false,source_geocoding_not_eligible,true
S15AEVT_004079,T6_neighborhood_context_only,false,false,source_geocoding_not_eligible,true
S15AEVT_004080,T6_neighborhood_context_only,false,false,source_geocoding_not_eligible,true
S15AEVT_004081,T6_neighborhood_context_only,false,false,source_geocoding_not_eligible,true
S15AEVT_004082,T6_neighborhood_context_only,false,false,source_geocoding_not_eligible,true
S15AEVT_004083,T6_neighborhood_context_only,false,false,source_geocoding_not_eligible,true
S15AEVT_004084,T6_neighborhood_context_only,false,false,source_geocoding_not_eligible,true
S15AEVT_004085,T6_neighborhood_context_only,false,false,source_geocoding_not_eligible,true
S15AEVT_004086,T6_neighborhood_context_only,false,false,source_geocoding_not_eligible,true
S15AEVT_004087,T6_neighborhood_context_only,false,false,source_geocoding_not_eligible,true
S15AEVT_004088,T6_neighborhood_context_only,false,false,source_geocoding_not_eligible,true
S15AEVT_004089,T6_neighborhood_context_only,false,false,source_geocoding_not_eligible,true
S15AEVT_004090,T6_neighborhood_context_only,false,false,source_geocoding_not_eligible,true
S15AEVT_004091,T6_neighborhood_context_only,false,false,source_geocoding_not_eligible,true
S15AEVT_004092,T6_neighborhood_context_only,false,false,source_geocoding_not_eligible,true
S15AEVT_004093,T6_neighborhood_context_only,false,false,source_geocoding_not_eligible,true
S15AEVT_004094,T6_neighborhood_context_only,false,false,source_geocoding_not_eligible,true
S15AEVT_004095,T6_neighborhood_context_only,false,false,source_geocoding_not_eligible,true
S15AEVT_004096,T6_neighborhood_context_only,false,false,source_geocoding_not_eligible,true
S15AEVT_004097,T6_neighborhood_context_only,false,false,source_geocoding_not_eligible,true
S15AEVT_004098,T6_neighborhood_context_only,false,false,source_geocoding_not_eligible,true
S15AEVT_004099,T6_neighborhood_context_only,false,false,source_geocoding_not_eligible,true
S15AEVT_004100,T6_neighborhood_context_only,false,false,source_geocoding_not_eligible,true
S15AEVT_004101,T6_neighborhood_context_only,false,false,source_geocoding_not_eligible,true
S15AEVT_004102,T6_neighborhood_context_only,false,false,source_geocoding_not_eligible,true
S15AEVT_004103,T6_neighborhood_context_only,false,false,source_geocoding_not_eligible,true
S15AEVT_004104,T6_neighborhood_context_only,false,false,source_geocoding_not_eligible,true
S15AEVT_004105,T6_neighborhood_context_only,false,false,source_geocoding_not_eligible,true
S15AEVT_004106,T6_neighborhood_context_only,false,false,source_geocoding_not_eligible,true
S15AEVT_004107,T6_neighborhood_context_only,false,false,source_geocoding_not_eligible,true
S15AEVT_004108,T6_neighborhood_context_only,false,false,source_geocoding_not_eligible,true
S15AEVT_004109,T6_neighborhood_context_only,false,false,source_geocoding_not_eligible,true
S15AEVT_004110,T6_neighborhood_context_only,false,false,source_geocoding_not_eligible,true
S15AEVT_004111,T6_neighborhood_context_only,false,false,source_geocoding_not_eligible,true
S15AEVT_004112,T6_neighborhood_context_only,false,false,source_geocoding_not_eligible,true
S15AEVT_004113,T6_neighborhood_context_only,false,false,source_geocoding_not_eligible,true
S15AEVT_004114,T6_neighborhood_context_only,false,false,source_geocoding_not_eligible,true
S15AEVT_004115,T6_neighborhood_context_only,false,false,source_geocoding_not_eligible,true
S15AEVT_004116,T6_neighborhood_context_only,false,false,source_geocoding_not_eligible,true
S15AEVT_004117,T6_neighborhood_context_only,false,false,source_geocoding_not_eligible,true
S15AEVT_004118,T6_neighborhood_context_only,false,false,source_geocoding_not_eligible,true
S15AEVT_004119,T6_neighborhood_context_only,false,false,source_geocoding_not_eligible,true
S15AEVT_004120,T6_neighborhood_context_only,false,false,source_geocoding_not_eligible,true
S15AEVT_004121,T6_neighborhood_context_only,false,false,source_geocoding_not_eligible,true
S15AEVT_004122,T6_neighborhood_context_only,false,false,source_geocoding_not_eligible,true
S15AEVT_004123,T6_neighborhood_context_only,false,false,source_geocoding_not_eligible,true
S15AEVT_004124,T6_neighborhood_context_only,false,false,source_geocoding_not_eligible,true
S15AEVT_004125,T6_neighborhood_context_only,false,false,source_geocoding_not_eligible,true
S15AEVT_004126,T6_neighborhood_context_only,false,false,source_geocoding_not_eligible,true
S15AEVT_004127,T6_neighborhood_context_only,false,false,source_geocoding_not_eligible,true
S15AEVT_004128,T6_neighborhood_context_only,false,false,source_geocoding_not_eligible,true
S15AEVT_004129,T6_neighborhood_context_only,false,false,source_geocoding_not_eligible,true
S15AEVT_004130,T6_neighborhood_context_only,false,false,source_geocoding_not_eligible,true
S15AEVT_004131,T6_neighborhood_context_only,false,false,source_geocoding_not_eligible,true
S15AEVT_004132,T6_neighborhood_context_only,false,false,source_geocoding_not_eligible,true
S15AEVT_004133,T6_neighborhood_context_only,false,false,source_geocoding_not_eligible,true
S15AEVT_004134,T6_neighborhood_context_only,false,false,source_geocoding_not_eligible,true
S15AEVT_004135,T6_neighborhood_context_only,false,false,source_geocoding_not_eligible,true
S15AEVT_004136,T6_neighborhood_context_only,false,false,source_geocoding_not_eligible,true
S15AEVT_004137,T6_neighborhood_context_only,false,false,source_geocoding_not_eligible,true
S15AEVT_004138,T6_neighborhood_context_only,false,false,source_geocoding_not_eligible,true
S15AEVT_004139,T6_neighborhood_context_only,false,false,source_geocoding_not_eligible,true
S15AEVT_004140,T6_neighborhood_context_only,false,false,source_geocoding_not_eligible,true
S15AEVT_004141,T6_neighborhood_context_only,false,false,source_geocoding_not_eligible,true
S15AEVT_004142,T6_neighborhood_context_only,false,false,source_geocoding_not_eligible,true
S15AEVT_004143,T6_neighborhood_context_only,false,false,source_geocoding_not_eligible,true
S15AEVT_004144,T6_neighborhood_context_only,false,false,source_geocoding_not_eligible,true
S15AEVT_004145,T6_neighborhood_context_only,false,false,source_geocoding_not_eligible,true
S15AEVT_004146,T6_neighborhood_context_only,false,false,source_geocoding_not_eligible,true
S15AEVT_004147,T6_neighborhood_context_only,false,false,source_geocoding_not_eligible,true
S15AEVT_004148,T6_neighborhood_context_only,false,false,source_geocoding_not_eligible,true
S15AEVT_004149,T6_neighborhood_context_only,false,false,source_geocoding_not_eligible,true
S15AEVT_004150,T6_neighborhood_context_only,false,false,source_geocoding_not_eligible,true
S15AEVT_004151,T6_neighborhood_context_only,false,false,source_geocoding_not_eligible,true
S15AEVT_004152,T6_neighborhood_context_only,false,false,source_geocoding_not_eligible,true
S15AEVT_004153,T6_neighborhood_context_only,false,false,source_geocoding_not_eligible,true
S15AEVT_004154,T6_neighborhood_context_only,false,false,source_geocoding_not_eligible,true
S15AEVT_004155,T6_neighborhood_context_only,false,false,source_geocoding_not_eligible,true
S15AEVT_004156,T6_neighborhood_context_only,false,false,source_geocoding_not_eligible,true
S15AEVT_004157,T6_neighborhood_context_only,false,false,source_geocoding_not_eligible,true
S15AEVT_004158,T6_neighborhood_context_only,false,false,source_geocoding_not_eligible,true
S15AEVT_004159,T6_neighborhood_context_only,false,false,source_geocoding_not_eligible,true
S15AEVT_004160,T6_neighborhood_context_only,false,false,source_geocoding_not_eligible,true
S15AEVT_004161,T6_neighborhood_context_only,false,false,source_geocoding_not_eligible,true
S15AEVT_004162,T6_neighborhood_context_only,false,false,source_geocoding_not_eligible,true
S15AEVT_004163,T6_neighborhood_context_only,false,false,source_geocoding_not_eligible,true
S15AEVT_004164,T6_neighborhood_context_only,false,false,source_geocoding_not_eligible,true
S15AEVT_004165,T6_neighborhood_context_only,false,false,source_geocoding_not_eligible,true
S15AEVT_004166,T6_neighborhood_context_only,false,false,source_geocoding_not_eligible,true
S15AEVT_004167,T6_neighborhood_context_only,false,false,source_geocoding_not_eligible,true
S15AEVT_004168,T6_neighborhood_context_only,false,false,source_geocoding_not_eligible,true
S15AEVT_004169,T6_neighborhood_context_only,false,false,source_geocoding_not_eligible,true
S15AEVT_004170,T6_neighborhood_context_only,false,false,source_geocoding_not_eligible,true
S15AEVT_004171,T6_neighborhood_context_only,false,false,source_geocoding_not_eligible,true
S15AEVT_004172,T6_neighborhood_context_only,false,false,source_geocoding_not_eligible,true
S15AEVT_004173,T6_neighborhood_context_only,false,false,source_geocoding_not_eligible,true
S15AEVT_004174,T6_neighborhood_context_only,false,false,source_geocoding_not_eligible,true
S15AEVT_004175,T6_neighborhood_context_only,false,false,source_geocoding_not_eligible,true
S15AEVT_004176,T6_neighborhood_context_only,false,false,source_geocoding_not_eligible,true
S15AEVT_004177,T6_neighborhood_context_only,false,false,source_geocoding_not_eligible,true
S15AEVT_004178,T6_neighborhood_context_only,false,false,source_geocoding_not_eligible,true
S15AEVT_004179,T6_neighborhood_context_only,false,false,source_geocoding_not_eligible,true
S15AEVT_004180,T6_neighborhood_context_only,false,false,source_geocoding_not_eligible,true
S15AEVT_004181,T6_neighborhood_context_only,false,false,source_geocoding_not_eligible,true
S15AEVT_004182,T6_neighborhood_context_only,false,false,source_geocoding_not_eligible,true
S15AEVT_004183,T6_neighborhood_context_only,false,false,source_geocoding_not_eligible,true
S15AEVT_004184,T6_neighborhood_context_only,false,false,source_geocoding_not_eligible,true
S15AEVT_004185,T6_neighborhood_context_only,false,false,source_geocoding_not_eligible,true
S15AEVT_004186,T6_neighborhood_context_only,false,false,source_geocoding_not_eligible,true
S15AEVT_004187,T6_neighborhood_context_only,false,false,source_geocoding_not_eligible,true
S15AEVT_004188,T6_neighborhood_context_only,false,false,source_geocoding_not_eligible,true
S15AEVT_004189,T6_neighborhood_context_only,false,false,source_geocoding_not_eligible,true
S15AEVT_004190,T6_neighborhood_context_only,false,false,source_geocoding_not_eligible,true
S15AEVT_004191,T6_neighborhood_context_only,false,false,source_geocoding_not_eligible,true
S15AEVT_004192,T6_neighborhood_context_only,false,false,source_geocoding_not_eligible,true
S15AEVT_004193,T6_neighborhood_context_only,false,false,source_geocoding_not_eligible,true
S15AEVT_004194,T6_neighborhood_context_only,false,false,source_geocoding_not_eligible,true
S15AEVT_004195,T6_neighborhood_context_only,false,false,source_geocoding_not_eligible,true
S15AEVT_004196,T6_neighborhood_context_only,false,false,source_geocoding_not_eligible,true
S15AEVT_004197,T6_neighborhood_context_only,false,false,source_geocoding_not_eligible,true
S15AEVT_004198,T6_neighborhood_context_only,false,false,source_geocoding_not_eligible,true
S15AEVT_004199,T6_neighborhood_context_only,false,false,source_geocoding_not_eligible,true
S15AEVT_004200,T6_neighborhood_context_only,false,false,source_geocoding_not_eligible,true
S15AEVT_004201,T6_neighborhood_context_only,false,false,source_geocoding_not_eligible,true
S15AEVT_004202,T6_neighborhood_context_only,false,false,source_geocoding_not_eligible,true
S15AEVT_004203,T6_neighborhood_context_only,false,false,source_geocoding_not_eligible,true
S15AEVT_004204,T6_neighborhood_context_only,false,false,source_geocoding_not_eligible,true
S15AEVT_004205,T6_neighborhood_context_only,false,false,source_geocoding_not_eligible,true
S15AEVT_004206,T7_rejected_or_non_flood,false,false,source_geocoding_not_eligible,true
S15AEVT_004207,T7_rejected_or_non_flood,false,false,source_geocoding_not_eligible,true
S15AEVT_004208,T7_rejected_or_non_flood,false,false,source_geocoding_not_eligible,true
S15AEVT_004209,T7_rejected_or_non_flood,false,false,source_geocoding_not_eligible,true
S15AEVT_004210,T7_rejected_or_non_flood,false,false,source_geocoding_not_eligible,true
S15AEVT_004211,T7_rejected_or_non_flood,false,false,source_geocoding_not_eligible,true
S15AEVT_004212,T7_rejected_or_non_flood,false,false,source_geocoding_not_eligible,true
S15AEVT_004213,T7_rejected_or_non_flood,false,false,source_geocoding_not_eligible,true
S15AEVT_004214,T5_official_street_segment_candidate,false,false,source_geocoding_not_eligible,true
S15AEVT_004215,T7_rejected_or_non_flood,false,false,source_geocoding_not_eligible,true
S15AEVT_004216,T7_rejected_or_non_flood,false,false,source_geocoding_not_eligible,true
S15AEVT_004217,T7_rejected_or_non_flood,false,false,source_geocoding_not_eligible,true
S15AEVT_004218,T7_rejected_or_non_flood,false,false,source_geocoding_not_eligible,true
S15AEVT_004219,T7_rejected_or_non_flood,false,false,source_geocoding_not_eligible,true
S15AEVT_004220,T7_rejected_or_non_flood,false,false,source_geocoding_not_eligible,true
S15AEVT_004221,T7_rejected_or_non_flood,false,false,source_geocoding_not_eligible,true
S15AEVT_004222,T7_rejected_or_non_flood,false,false,source_geocoding_not_eligible,true
S15AEVT_004223,T7_rejected_or_non_flood,false,false,source_geocoding_not_eligible,true
S15AEVT_004224,T7_rejected_or_non_flood,false,false,source_geocoding_not_eligible,true
S15AEVT_004225,T7_rejected_or_non_flood,false,false,source_geocoding_not_eligible,true
S15AEVT_004226,T7_rejected_or_non_flood,false,false,source_geocoding_not_eligible,true
S15AEVT_004227,T7_rejected_or_non_flood,false,false,source_geocoding_not_eligible,true
S15AEVT_004228,T7_rejected_or_non_flood,false,false,source_geocoding_not_eligible,true
S15AEVT_004229,T5_official_street_segment_candidate,false,false,source_geocoding_not_eligible,true
S15AEVT_004230,T7_rejected_or_non_flood,false,false,source_geocoding_not_eligible,true
S15AEVT_004231,T7_rejected_or_non_flood,false,false,source_geocoding_not_eligible,true
S15AEVT_004232,T7_rejected_or_non_flood,false,false,source_geocoding_not_eligible,true
S15AEVT_004233,T7_rejected_or_non_flood,false,false,source_geocoding_not_eligible,true
S15AEVT_004234,T7_rejected_or_non_flood,false,false,source_geocoding_not_eligible,true
S15AEVT_004235,T7_rejected_or_non_flood,false,false,source_geocoding_not_eligible,true
S15AEVT_004236,T7_rejected_or_non_flood,false,false,source_geocoding_not_eligible,true
S15AEVT_004237,T7_rejected_or_non_flood,false,false,source_geocoding_not_eligible,true
S15AEVT_004238,T7_rejected_or_non_flood,false,false,source_geocoding_not_eligible,true
S15AEVT_004239,T7_rejected_or_non_flood,false,false,source_geocoding_not_eligible,true
S15AEVT_004240,T7_rejected_or_non_flood,false,false,source_geocoding_not_eligible,true
S15AEVT_004241,T7_rejected_or_non_flood,false,false,source_geocoding_not_eligible,true
S15AEVT_004242,T7_rejected_or_non_flood,false,false,source_geocoding_not_eligible,true
S15AEVT_004243,T7_rejected_or_non_flood,false,false,source_geocoding_not_eligible,true
S15AEVT_004244,T7_rejected_or_non_flood,false,false,source_geocoding_not_eligible,true
S15AEVT_004245,T7_rejected_or_non_flood,false,false,source_geocoding_not_eligible,true
S15AEVT_004246,T7_rejected_or_non_flood,false,false,source_geocoding_not_eligible,true
S15AEVT_004247,T7_rejected_or_non_flood,false,false,source_geocoding_not_eligible,true
S15AEVT_004248,T7_rejected_or_non_flood,false,false,source_geocoding_not_eligible,true
S15AEVT_004249,T7_rejected_or_non_flood,false,false,source_geocoding_not_eligible,true
S15AEVT_004250,T7_rejected_or_non_flood,false,false,source_geocoding_not_eligible,true
S15AEVT_004251,T7_rejected_or_non_flood,false,false,source_geocoding_not_eligible,true
S15AEVT_004252,T5_official_street_segment_candidate,false,false,source_geocoding_not_eligible,true
S15AEVT_004253,T7_rejected_or_non_flood,false,false,source_geocoding_not_eligible,true
S15AEVT_004254,T7_rejected_or_non_flood,false,false,source_geocoding_not_eligible,true
S15AEVT_004255,T7_rejected_or_non_flood,false,false,source_geocoding_not_eligible,true
S15AEVT_004256,T7_rejected_or_non_flood,false,false,source_geocoding_not_eligible,true
S15AEVT_004257,T7_rejected_or_non_flood,false,false,source_geocoding_not_eligible,true
S15AEVT_004258,T5_official_street_segment_candidate,false,false,source_geocoding_not_eligible,true
S15AEVT_004259,T7_rejected_or_non_flood,false,false,source_geocoding_not_eligible,true
S15AEVT_004260,T7_rejected_or_non_flood,false,false,source_geocoding_not_eligible,true
S15AEVT_004261,T7_rejected_or_non_flood,false,false,source_geocoding_not_eligible,true
S15AEVT_004262,T7_rejected_or_non_flood,false,false,source_geocoding_not_eligible,true
S15AEVT_004263,T7_rejected_or_non_flood,false,false,source_geocoding_not_eligible,true
S15AEVT_004264,T7_rejected_or_non_flood,false,false,source_geocoding_not_eligible,true
S15AEVT_004265,T7_rejected_or_non_flood,false,false,source_geocoding_not_eligible,true
S15AEVT_004266,T7_rejected_or_non_flood,false,false,source_geocoding_not_eligible,true
S15AEVT_004267,T7_rejected_or_non_flood,false,false,source_geocoding_not_eligible,true
S15AEVT_004268,T7_rejected_or_non_flood,false,false,source_geocoding_not_eligible,true
S15AEVT_004269,T5_official_street_segment_candidate,false,false,source_geocoding_not_eligible,true
S15AEVT_004270,T7_rejected_or_non_flood,false,false,source_geocoding_not_eligible,true
S15AEVT_004271,T7_rejected_or_non_flood,false,false,source_geocoding_not_eligible,true
S15AEVT_004272,T7_rejected_or_non_flood,false,false,source_geocoding_not_eligible,true
S15AEVT_004273,T7_rejected_or_non_flood,false,false,source_geocoding_not_eligible,true
S15AEVT_004274,T7_rejected_or_non_flood,false,false,source_geocoding_not_eligible,true
S15AEVT_004275,T5_official_street_segment_candidate,false,false,source_geocoding_not_eligible,true
S15AEVT_004276,T5_official_street_segment_candidate,false,false,source_geocoding_not_eligible,true
S15AEVT_004277,T7_rejected_or_non_flood,false,false,source_geocoding_not_eligible,true
S15AEVT_004278,T7_rejected_or_non_flood,false,false,source_geocoding_not_eligible,true
S15AEVT_004279,T7_rejected_or_non_flood,false,false,source_geocoding_not_eligible,true
S15AEVT_004280,T7_rejected_or_non_flood,false,false,source_geocoding_not_eligible,true
S15AEVT_004281,T7_rejected_or_non_flood,false,false,source_geocoding_not_eligible,true
S15AEVT_004282,T7_rejected_or_non_flood,false,false,source_geocoding_not_eligible,true
S15AEVT_004283,T7_rejected_or_non_flood,false,false,source_geocoding_not_eligible,true
S15AEVT_004284,T7_rejected_or_non_flood,false,false,source_geocoding_not_eligible,true
S15AEVT_004285,T7_rejected_or_non_flood,false,false,source_geocoding_not_eligible,true
S15AEVT_004286,T7_rejected_or_non_flood,false,false,source_geocoding_not_eligible,true
S15AEVT_004287,T7_rejected_or_non_flood,false,false,source_geocoding_not_eligible,true
S15AEVT_004288,T7_rejected_or_non_flood,false,false,source_geocoding_not_eligible,true
S15AEVT_004289,T7_rejected_or_non_flood,false,false,source_geocoding_not_eligible,true
S15AEVT_004290,T5_official_street_segment_candidate,false,false,source_geocoding_not_eligible,true
S15AEVT_004291,T7_rejected_or_non_flood,false,false,source_geocoding_not_eligible,true
S15AEVT_004292,T7_rejected_or_non_flood,false,false,source_geocoding_not_eligible,true
S15AEVT_004293,T7_rejected_or_non_flood,false,false,source_geocoding_not_eligible,true
S15AEVT_004294,T7_rejected_or_non_flood,false,false,source_geocoding_not_eligible,true
S15AEVT_004295,T7_rejected_or_non_flood,false,false,source_geocoding_not_eligible,true
S15AEVT_004296,T7_rejected_or_non_flood,false,false,source_geocoding_not_eligible,true
S15AEVT_004297,T7_rejected_or_non_flood,false,false,source_geocoding_not_eligible,true
S15AEVT_004298,T5_official_street_segment_candidate,false,false,source_geocoding_not_eligible,true
S15AEVT_004299,T7_rejected_or_non_flood,false,false,source_geocoding_not_eligible,true
S15AEVT_004300,T7_rejected_or_non_flood,false,false,source_geocoding_not_eligible,true
S15AEVT_004301,T7_rejected_or_non_flood,false,false,source_geocoding_not_eligible,true
S15AEVT_004302,T7_rejected_or_non_flood,false,false,source_geocoding_not_eligible,true
S15AEVT_004303,T7_rejected_or_non_flood,false,false,source_geocoding_not_eligible,true
S15AEVT_004304,T5_official_street_segment_candidate,false,false,source_geocoding_not_eligible,true
S15AEVT_004305,T7_rejected_or_non_flood,false,false,source_geocoding_not_eligible,true
S15AEVT_004306,T5_official_street_segment_candidate,false,false,source_geocoding_not_eligible,true
S15AEVT_004307,T7_rejected_or_non_flood,false,false,source_geocoding_not_eligible,true
S15AEVT_004308,T7_rejected_or_non_flood,false,false,source_geocoding_not_eligible,true
S15AEVT_004309,T7_rejected_or_non_flood,false,false,source_geocoding_not_eligible,true
S15AEVT_004310,T7_rejected_or_non_flood,false,false,source_geocoding_not_eligible,true
S15AEVT_004311,T7_rejected_or_non_flood,false,false,source_geocoding_not_eligible,true
S15AEVT_004312,T7_rejected_or_non_flood,false,false,source_geocoding_not_eligible,true
S15AEVT_004313,T7_rejected_or_non_flood,false,false,source_geocoding_not_eligible,true
S15AEVT_004314,T7_rejected_or_non_flood,false,false,source_geocoding_not_eligible,true
S15AEVT_004315,T7_rejected_or_non_flood,false,false,source_geocoding_not_eligible,true
S15AEVT_004316,T7_rejected_or_non_flood,false,false,source_geocoding_not_eligible,true
S15AEVT_004317,T7_rejected_or_non_flood,false,false,source_geocoding_not_eligible,true
S15AEVT_004318,T7_rejected_or_non_flood,false,false,source_geocoding_not_eligible,true
S15AEVT_004319,T7_rejected_or_non_flood,false,false,source_geocoding_not_eligible,true
S15AEVT_004320,T5_official_street_segment_candidate,false,false,source_geocoding_not_eligible,true
S15AEVT_004321,T7_rejected_or_non_flood,false,false,source_geocoding_not_eligible,true
S15AEVT_004322,T7_rejected_or_non_flood,false,false,source_geocoding_not_eligible,true
S15AEVT_004323,T7_rejected_or_non_flood,false,false,source_geocoding_not_eligible,true
S15AEVT_004324,T7_rejected_or_non_flood,false,false,source_geocoding_not_eligible,true
S15AEVT_004325,T7_rejected_or_non_flood,false,false,source_geocoding_not_eligible,true
S15AEVT_004326,T7_rejected_or_non_flood,false,false,source_geocoding_not_eligible,true
S15AEVT_004327,T7_rejected_or_non_flood,false,false,source_geocoding_not_eligible,true
S15AEVT_004328,T7_rejected_or_non_flood,false,false,source_geocoding_not_eligible,true
S15AEVT_004329,T7_rejected_or_non_flood,false,false,source_geocoding_not_eligible,true
S15AEVT_004330,T5_official_street_segment_candidate,false,false,source_geocoding_not_eligible,true
S15AEVT_004331,T7_rejected_or_non_flood,false,false,source_geocoding_not_eligible,true
S15AEVT_004332,T7_rejected_or_non_flood,false,false,source_geocoding_not_eligible,true
S15AEVT_004333,T7_rejected_or_non_flood,false,false,source_geocoding_not_eligible,true
S15AEVT_004334,T7_rejected_or_non_flood,false,false,source_geocoding_not_eligible,true
S15AEVT_004335,T7_rejected_or_non_flood,false,false,source_geocoding_not_eligible,true
S15AEVT_004336,T7_rejected_or_non_flood,false,false,source_geocoding_not_eligible,true
S15AEVT_004337,T7_rejected_or_non_flood,false,false,source_geocoding_not_eligible,true
S15AEVT_004338,T7_rejected_or_non_flood,false,false,source_geocoding_not_eligible,true
S15AEVT_004339,T5_official_street_segment_candidate,false,false,source_geocoding_not_eligible,true
S15AEVT_004340,T7_rejected_or_non_flood,false,false,source_geocoding_not_eligible,true
S15AEVT_004341,T7_rejected_or_non_flood,false,false,source_geocoding_not_eligible,true
S15AEVT_004342,T7_rejected_or_non_flood,false,false,source_geocoding_not_eligible,true
S15AEVT_004343,T5_official_street_segment_candidate,false,false,source_geocoding_not_eligible,true
S15AEVT_004344,T7_rejected_or_non_flood,false,false,source_geocoding_not_eligible,true
S15AEVT_004345,T7_rejected_or_non_flood,false,false,source_geocoding_not_eligible,true
S15AEVT_004346,T7_rejected_or_non_flood,false,false,source_geocoding_not_eligible,true
S15AEVT_004347,T7_rejected_or_non_flood,false,false,source_geocoding_not_eligible,true
S15AEVT_004348,T5_official_street_segment_candidate,false,false,source_geocoding_not_eligible,true
S15AEVT_004349,T7_rejected_or_non_flood,false,false,source_geocoding_not_eligible,true
S15AEVT_004350,T7_rejected_or_non_flood,false,false,source_geocoding_not_eligible,true
S15AEVT_004351,T5_official_street_segment_candidate,false,false,source_geocoding_not_eligible,true
S15AEVT_004352,T7_rejected_or_non_flood,false,false,source_geocoding_not_eligible,true
S15AEVT_004353,T7_rejected_or_non_flood,false,false,source_geocoding_not_eligible,true
S15AEVT_004354,T7_rejected_or_non_flood,false,false,source_geocoding_not_eligible,true
S15AEVT_004355,T7_rejected_or_non_flood,false,false,source_geocoding_not_eligible,true
S15AEVT_004356,T7_rejected_or_non_flood,false,false,source_geocoding_not_eligible,true
S15AEVT_004357,T5_official_street_segment_candidate,false,false,source_geocoding_not_eligible,true
S15AEVT_004358,T7_rejected_or_non_flood,false,false,source_geocoding_not_eligible,true
S15AEVT_004359,T7_rejected_or_non_flood,false,false,source_geocoding_not_eligible,true
S15AEVT_004360,T7_rejected_or_non_flood,false,false,source_geocoding_not_eligible,true
S15AEVT_004361,T5_official_street_segment_candidate,false,false,source_geocoding_not_eligible,true
S15AEVT_004362,T5_official_street_segment_candidate,false,false,source_geocoding_not_eligible,true
S15AEVT_004363,T7_rejected_or_non_flood,false,false,source_geocoding_not_eligible,true
S15AEVT_004364,T7_rejected_or_non_flood,false,false,source_geocoding_not_eligible,true
S15AEVT_004365,T7_rejected_or_non_flood,false,false,source_geocoding_not_eligible,true
S15AEVT_004366,T7_rejected_or_non_flood,false,false,source_geocoding_not_eligible,true
S15AEVT_004367,T7_rejected_or_non_flood,false,false,source_geocoding_not_eligible,true
S15AEVT_004368,T7_rejected_or_non_flood,false,false,source_geocoding_not_eligible,true
S15AEVT_004369,T7_rejected_or_non_flood,false,false,source_geocoding_not_eligible,true
S15AEVT_004370,T7_rejected_or_non_flood,false,false,source_geocoding_not_eligible,true
S15AEVT_004371,T7_rejected_or_non_flood,false,false,source_geocoding_not_eligible,true
S15AEVT_004372,T5_official_street_segment_candidate,false,false,source_geocoding_not_eligible,true
S15AEVT_004373,T5_official_street_segment_candidate,false,false,source_geocoding_not_eligible,true
S15AEVT_004374,T7_rejected_or_non_flood,false,false,source_geocoding_not_eligible,true
S15AEVT_004375,T7_rejected_or_non_flood,false,false,source_geocoding_not_eligible,true
S15AEVT_004376,T7_rejected_or_non_flood,false,false,source_geocoding_not_eligible,true
S15AEVT_004377,T7_rejected_or_non_flood,false,false,source_geocoding_not_eligible,true
S15AEVT_004378,T7_rejected_or_non_flood,false,false,source_geocoding_not_eligible,true
S15AEVT_004379,T5_official_street_segment_candidate,false,false,source_geocoding_not_eligible,true
S15AEVT_004380,T7_rejected_or_non_flood,false,false,source_geocoding_not_eligible,true
S15AEVT_004381,T7_rejected_or_non_flood,false,false,source_geocoding_not_eligible,true
S15AEVT_004382,T7_rejected_or_non_flood,false,false,source_geocoding_not_eligible,true
S15AEVT_004383,T7_rejected_or_non_flood,false,false,source_geocoding_not_eligible,true
S15AEVT_004384,T5_official_street_segment_candidate,false,false,source_geocoding_not_eligible,true
S15AEVT_004385,T7_rejected_or_non_flood,false,false,source_geocoding_not_eligible,true
S15AEVT_004386,T7_rejected_or_non_flood,false,false,source_geocoding_not_eligible,true
S15AEVT_004387,T7_rejected_or_non_flood,false,false,source_geocoding_not_eligible,true
S15AEVT_004388,T7_rejected_or_non_flood,false,false,source_geocoding_not_eligible,true
S15AEVT_004389,T7_rejected_or_non_flood,false,false,source_geocoding_not_eligible,true
S15AEVT_004390,T7_rejected_or_non_flood,false,false,source_geocoding_not_eligible,true
S15AEVT_004391,T7_rejected_or_non_flood,false,false,source_geocoding_not_eligible,true
S15AEVT_004392,T5_official_street_segment_candidate,false,false,source_geocoding_not_eligible,true
S15AEVT_004393,T7_rejected_or_non_flood,false,false,source_geocoding_not_eligible,true
S15AEVT_004394,T5_official_street_segment_candidate,false,false,source_geocoding_not_eligible,true
S15AEVT_004395,T7_rejected_or_non_flood,false,false,source_geocoding_not_eligible,true
S15AEVT_004396,T7_rejected_or_non_flood,false,false,source_geocoding_not_eligible,true
S15AEVT_004397,T7_rejected_or_non_flood,false,false,source_geocoding_not_eligible,true
S15AEVT_004398,T7_rejected_or_non_flood,false,false,source_geocoding_not_eligible,true
S15AEVT_004399,T7_rejected_or_non_flood,false,false,source_geocoding_not_eligible,true
S15AEVT_004400,T7_rejected_or_non_flood,false,false,source_geocoding_not_eligible,true
S15AEVT_004401,T7_rejected_or_non_flood,false,false,source_geocoding_not_eligible,true
S15AEVT_004402,T5_official_street_segment_candidate,false,false,source_geocoding_not_eligible,true
S15AEVT_004403,T7_rejected_or_non_flood,false,false,source_geocoding_not_eligible,true
S15AEVT_004404,T7_rejected_or_non_flood,false,false,source_geocoding_not_eligible,true
S15AEVT_004405,T7_rejected_or_non_flood,false,false,source_geocoding_not_eligible,true
S15AEVT_004406,T5_official_street_segment_candidate,false,false,source_geocoding_not_eligible,true
S15AEVT_004407,T7_rejected_or_non_flood,false,false,source_geocoding_not_eligible,true
S15AEVT_004408,T7_rejected_or_non_flood,false,false,source_geocoding_not_eligible,true
S15AEVT_004409,T7_rejected_or_non_flood,false,false,source_geocoding_not_eligible,true
S15AEVT_004410,T5_official_street_segment_candidate,false,false,source_geocoding_not_eligible,true
S15AEVT_004411,T7_rejected_or_non_flood,false,false,source_geocoding_not_eligible,true
