exclusion_id,sar_target_id,exclusion_type,exclusion_reason_pt,applies_now,applies_in_future_execution,required_check_future,fail_closed_outcome_pt
EXC_00001,SAR_0001,temporal_window_missing,sem janela pre/pos-evento; SAR nao pode ser recortado no tempo,true,false,false,"se o criterio ocorrer, excluir do canario e nao promover"
EXC_00002,SAR_0002,temporal_window_missing,sem janela pre/pos-evento; SAR nao pode ser recortado no tempo,true,false,false,"se o criterio ocorrer, excluir do canario e nao promover"
EXC_00003,SAR_0003,temporal_window_missing,sem janela pre/pos-evento; SAR nao pode ser recortado no tempo,true,false,false,"se o criterio ocorrer, excluir do canario e nao promover"
EXC_00004,SAR_0004,temporal_window_missing,sem janela pre/pos-evento; SAR nao pode ser recortado no tempo,true,false,false,"se o criterio ocorrer, excluir do canario e nao promover"
EXC_00005,SAR_0005,temporal_window_missing,sem janela pre/pos-evento; SAR nao pode ser recortado no tempo,true,false,false,"se o criterio ocorrer, excluir do canario e nao promover"
EXC_00006,SAR_0006,temporal_window_missing,sem janela pre/pos-evento; SAR nao pode ser recortado no tempo,true,false,false,"se o criterio ocorrer, excluir do canario e nao promover"
EXC_00007,SAR_0007,temporal_window_missing,sem janela pre/pos-evento; SAR nao pode ser recortado no tempo,true,false,false,"se o criterio ocorrer, excluir do canario e nao promover"
EXC_00008,SAR_0008,temporal_window_missing,sem janela pre/pos-evento; SAR nao pode ser recortado no tempo,true,false,false,"se o criterio ocorrer, excluir do canario e nao promover"
EXC_00009,SAR_0009,temporal_window_missing,sem janela pre/pos-evento; SAR nao pode ser recortado no tempo,true,false,false,"se o criterio ocorrer, excluir do canario e nao promover"
EXC_00010,SAR_0010,temporal_window_missing,sem janela pre/pos-evento; SAR nao pode ser recortado no tempo,true,false,false,"se o criterio ocorrer, excluir do canario e nao promover"
EXC_00011,SAR_0011,temporal_window_missing,sem janela pre/pos-evento; SAR nao pode ser recortado no tempo,true,false,false,"se o criterio ocorrer, excluir do canario e nao promover"
EXC_00012,SAR_0012,temporal_window_missing,sem janela pre/pos-evento; SAR nao pode ser recortado no tempo,true,false,false,"se o criterio ocorrer, excluir do canario e nao promover"
EXC_00013,SAR_0013,temporal_window_missing,sem janela pre/pos-evento; SAR nao pode ser recortado no tempo,true,false,false,"se o criterio ocorrer, excluir do canario e nao promover"
EXC_00014,SAR_0014,temporal_window_missing,sem janela pre/pos-evento; SAR nao pode ser recortado no tempo,true,false,false,"se o criterio ocorrer, excluir do canario e nao promover"
EXC_00015,SAR_0015,temporal_window_missing,sem janela pre/pos-evento; SAR nao pode ser recortado no tempo,true,false,false,"se o criterio ocorrer, excluir do canario e nao promover"
EXC_00016,SAR_0016,temporal_window_missing,sem janela pre/pos-evento; SAR nao pode ser recortado no tempo,true,false,false,"se o criterio ocorrer, excluir do canario e nao promover"
EXC_00017,SAR_0017,temporal_window_missing,sem janela pre/pos-evento; SAR nao pode ser recortado no tempo,true,false,false,"se o criterio ocorrer, excluir do canario e nao promover"
EXC_00018,SAR_0018,temporal_window_missing,sem janela pre/pos-evento; SAR nao pode ser recortado no tempo,true,false,false,"se o criterio ocorrer, excluir do canario e nao promover"
EXC_00019,SAR_0019,temporal_window_missing,sem janela pre/pos-evento; SAR nao pode ser recortado no tempo,true,false,false,"se o criterio ocorrer, excluir do canario e nao promover"
EXC_00020,SAR_0020,temporal_window_missing,sem janela pre/pos-evento; SAR nao pode ser recortado no tempo,true,false,false,"se o criterio ocorrer, excluir do canario e nao promover"
EXC_00021,SAR_0021,temporal_window_missing,sem janela pre/pos-evento; SAR nao pode ser recortado no tempo,true,false,false,"se o criterio ocorrer, excluir do canario e nao promover"
EXC_00022,SAR_0022,temporal_window_missing,sem janela pre/pos-evento; SAR nao pode ser recortado no tempo,true,false,false,"se o criterio ocorrer, excluir do canario e nao promover"
EXC_00023,SAR_0023,temporal_window_missing,sem janela pre/pos-evento; SAR nao pode ser recortado no tempo,true,false,false,"se o criterio ocorrer, excluir do canario e nao promover"
EXC_00024,SAR_0024,temporal_window_missing,sem janela pre/pos-evento; SAR nao pode ser recortado no tempo,true,false,false,"se o criterio ocorrer, excluir do canario e nao promover"
EXC_00025,SAR_0025,temporal_window_missing,sem janela pre/pos-evento; SAR nao pode ser recortado no tempo,true,false,false,"se o criterio ocorrer, excluir do canario e nao promover"
EXC_00026,SAR_0026,temporal_window_missing,sem janela pre/pos-evento; SAR nao pode ser recortado no tempo,true,false,false,"se o criterio ocorrer, excluir do canario e nao promover"
EXC_00027,SAR_0027,temporal_window_missing,sem janela pre/pos-evento; SAR nao pode ser recortado no tempo,true,false,false,"se o criterio ocorrer, excluir do canario e nao promover"
EXC_00028,SAR_0028,temporal_window_missing,sem janela pre/pos-evento; SAR nao pode ser recortado no tempo,true,false,false,"se o criterio ocorrer, excluir do canario e nao promover"
EXC_00029,SAR_0029,temporal_window_missing,sem janela pre/pos-evento; SAR nao pode ser recortado no tempo,true,false,false,"se o criterio ocorrer, excluir do canario e nao promover"
EXC_00030,SAR_0030,temporal_window_missing,sem janela pre/pos-evento; SAR nao pode ser recortado no tempo,true,false,false,"se o criterio ocorrer, excluir do canario e nao promover"
EXC_00031,SAR_0031,temporal_window_missing,sem janela pre/pos-evento; SAR nao pode ser recortado no tempo,true,false,false,"se o criterio ocorrer, excluir do canario e nao promover"
EXC_00032,SAR_0032,temporal_window_missing,sem janela pre/pos-evento; SAR nao pode ser recortado no tempo,true,false,false,"se o criterio ocorrer, excluir do canario e nao promover"
EXC_00033,SAR_0033,temporal_window_missing,sem janela pre/pos-evento; SAR nao pode ser recortado no tempo,true,false,false,"se o criterio ocorrer, excluir do canario e nao promover"
EXC_00034,SAR_0034,temporal_window_missing,sem janela pre/pos-evento; SAR nao pode ser recortado no tempo,true,false,false,"se o criterio ocorrer, excluir do canario e nao promover"
EXC_00035,SAR_0035,temporal_window_missing,sem janela pre/pos-evento; SAR nao pode ser recortado no tempo,true,false,false,"se o criterio ocorrer, excluir do canario e nao promover"
EXC_00036,SAR_0036,temporal_window_missing,sem janela pre/pos-evento; SAR nao pode ser recortado no tempo,true,false,false,"se o criterio ocorrer, excluir do canario e nao promover"
EXC_00037,SAR_0037,temporal_window_missing,sem janela pre/pos-evento; SAR nao pode ser recortado no tempo,true,false,false,"se o criterio ocorrer, excluir do canario e nao promover"
EXC_00038,SAR_0038,temporal_window_missing,sem janela pre/pos-evento; SAR nao pode ser recortado no tempo,true,false,false,"se o criterio ocorrer, excluir do canario e nao promover"
EXC_00039,SAR_0039,temporal_window_missing,sem janela pre/pos-evento; SAR nao pode ser recortado no tempo,true,false,false,"se o criterio ocorrer, excluir do canario e nao promover"
EXC_00040,SAR_0040,temporal_window_missing,sem janela pre/pos-evento; SAR nao pode ser recortado no tempo,true,false,false,"se o criterio ocorrer, excluir do canario e nao promover"
EXC_00041,SAR_0041,temporal_window_missing,sem janela pre/pos-evento; SAR nao pode ser recortado no tempo,true,false,false,"se o criterio ocorrer, excluir do canario e nao promover"
EXC_00042,SAR_0042,temporal_window_missing,sem janela pre/pos-evento; SAR nao pode ser recortado no tempo,true,false,false,"se o criterio ocorrer, excluir do canario e nao promover"
EXC_00043,SAR_0043,temporal_window_missing,sem janela pre/pos-evento; SAR nao pode ser recortado no tempo,true,false,false,"se o criterio ocorrer, excluir do canario e nao promover"
EXC_00044,SAR_0044,temporal_window_missing,sem janela pre/pos-evento; SAR nao pode ser recortado no tempo,true,false,false,"se o criterio ocorrer, excluir do canario e nao promover"
EXC_00045,SAR_0045,temporal_window_missing,sem janela pre/pos-evento; SAR nao pode ser recortado no tempo,true,false,false,"se o criterio ocorrer, excluir do canario e nao promover"
EXC_00046,SAR_0046,temporal_window_missing,sem janela pre/pos-evento; SAR nao pode ser recortado no tempo,true,false,false,"se o criterio ocorrer, excluir do canario e nao promover"
EXC_00047,SAR_0047,temporal_window_missing,sem janela pre/pos-evento; SAR nao pode ser recortado no tempo,true,false,false,"se o criterio ocorrer, excluir do canario e nao promover"
EXC_00048,SAR_0048,temporal_window_missing,sem janela pre/pos-evento; SAR nao pode ser recortado no tempo,true,false,false,"se o criterio ocorrer, excluir do canario e nao promover"
EXC_00049,SAR_0049,temporal_window_missing,sem janela pre/pos-evento; SAR nao pode ser recortado no tempo,true,false,false,"se o criterio ocorrer, excluir do canario e nao promover"
EXC_00050,SAR_0050,temporal_window_missing,sem janela pre/pos-evento; SAR nao pode ser recortado no tempo,true,false,false,"se o criterio ocorrer, excluir do canario e nao promover"
EXC_00051,SAR_0051,temporal_window_missing,sem janela pre/pos-evento; SAR nao pode ser recortado no tempo,true,false,false,"se o criterio ocorrer, excluir do canario e nao promover"
EXC_00052,SAR_0052,temporal_window_missing,sem janela pre/pos-evento; SAR nao pode ser recortado no tempo,true,false,false,"se o criterio ocorrer, excluir do canario e nao promover"
EXC_00053,SAR_0053,temporal_window_missing,sem janela pre/pos-evento; SAR nao pode ser recortado no tempo,true,false,false,"se o criterio ocorrer, excluir do canario e nao promover"
EXC_00054,SAR_0054,temporal_window_missing,sem janela pre/pos-evento; SAR nao pode ser recortado no tempo,true,false,false,"se o criterio ocorrer, excluir do canario e nao promover"
EXC_00055,SAR_0055,temporal_window_missing,sem janela pre/pos-evento; SAR nao pode ser recortado no tempo,true,false,false,"se o criterio ocorrer, excluir do canario e nao promover"
EXC_00056,SAR_0056,temporal_window_missing,sem janela pre/pos-evento; SAR nao pode ser recortado no tempo,true,false,false,"se o criterio ocorrer, excluir do canario e nao promover"
EXC_00057,SAR_0057,temporal_window_missing,sem janela pre/pos-evento; SAR nao pode ser recortado no tempo,true,false,false,"se o criterio ocorrer, excluir do canario e nao promover"
EXC_00058,SAR_0058,temporal_window_missing,sem janela pre/pos-evento; SAR nao pode ser recortado no tempo,true,false,false,"se o criterio ocorrer, excluir do canario e nao promover"
EXC_00059,SAR_0059,temporal_window_missing,sem janela pre/pos-evento; SAR nao pode ser recortado no tempo,true,false,false,"se o criterio ocorrer, excluir do canario e nao promover"
EXC_00060,SAR_0060,temporal_window_missing,sem janela pre/pos-evento; SAR nao pode ser recortado no tempo,true,false,false,"se o criterio ocorrer, excluir do canario e nao promover"
EXC_00061,SAR_0061,temporal_window_missing,sem janela pre/pos-evento; SAR nao pode ser recortado no tempo,true,false,false,"se o criterio ocorrer, excluir do canario e nao promover"
EXC_00062,SAR_0062,temporal_window_missing,sem janela pre/pos-evento; SAR nao pode ser recortado no tempo,true,false,false,"se o criterio ocorrer, excluir do canario e nao promover"
EXC_00063,SAR_0063,temporal_window_missing,sem janela pre/pos-evento; SAR nao pode ser recortado no tempo,true,false,false,"se o criterio ocorrer, excluir do canario e nao promover"
EXC_00064,SAR_0064,temporal_window_missing,sem janela pre/pos-evento; SAR nao pode ser recortado no tempo,true,false,false,"se o criterio ocorrer, excluir do canario e nao promover"
EXC_00065,SAR_0065,temporal_window_missing,sem janela pre/pos-evento; SAR nao pode ser recortado no tempo,true,false,false,"se o criterio ocorrer, excluir do canario e nao promover"
EXC_00066,SAR_0066,temporal_window_missing,sem janela pre/pos-evento; SAR nao pode ser recortado no tempo,true,false,false,"se o criterio ocorrer, excluir do canario e nao promover"
EXC_00067,SAR_0067,temporal_window_missing,sem janela pre/pos-evento; SAR nao pode ser recortado no tempo,true,false,false,"se o criterio ocorrer, excluir do canario e nao promover"
EXC_00068,SAR_0068,temporal_window_missing,sem janela pre/pos-evento; SAR nao pode ser recortado no tempo,true,false,false,"se o criterio ocorrer, excluir do canario e nao promover"
EXC_00069,SAR_0069,temporal_window_missing,sem janela pre/pos-evento; SAR nao pode ser recortado no tempo,true,false,false,"se o criterio ocorrer, excluir do canario e nao promover"
EXC_00070,SAR_0070,temporal_window_missing,sem janela pre/pos-evento; SAR nao pode ser recortado no tempo,true,false,false,"se o criterio ocorrer, excluir do canario e nao promover"
EXC_00071,SAR_0071,temporal_window_missing,sem janela pre/pos-evento; SAR nao pode ser recortado no tempo,true,false,false,"se o criterio ocorrer, excluir do canario e nao promover"
EXC_00072,SAR_0072,temporal_window_missing,sem janela pre/pos-evento; SAR nao pode ser recortado no tempo,true,false,false,"se o criterio ocorrer, excluir do canario e nao promover"
EXC_00073,SAR_0073,temporal_window_missing,sem janela pre/pos-evento; SAR nao pode ser recortado no tempo,true,false,false,"se o criterio ocorrer, excluir do canario e nao promover"
EXC_00074,SAR_0074,temporal_window_missing,sem janela pre/pos-evento; SAR nao pode ser recortado no tempo,true,false,false,"se o criterio ocorrer, excluir do canario e nao promover"
EXC_00075,SAR_0075,temporal_window_missing,sem janela pre/pos-evento; SAR nao pode ser recortado no tempo,true,false,false,"se o criterio ocorrer, excluir do canario e nao promover"
EXC_00076,SAR_0076,no_patch_or_aoi,sem patch nem AOI minima para recorte,true,false,false,"se o criterio ocorrer, excluir do canario e nao promover"
EXC_00077,SAR_0076,permanent_water_confusion,risco de confundir agua permanente com inundacao (checar no futuro),false,true,true,"se o criterio ocorrer, excluir do canario e nao promover"
EXC_00078,SAR_0076,urban_shadow_layover,sombra/layover urbano no SAR (checar no futuro),false,true,true,"se o criterio ocorrer, excluir do canario e nao promover"
EXC_00079,SAR_0076,vegetation_ambiguity,ambiguidade por vegetacao (checar no futuro),false,true,true,"se o criterio ocorrer, excluir do canario e nao promover"
EXC_00080,SAR_0076,slope_hand_inconsistent,inconsistencia de declividade/HAND (checar no futuro),false,true,true,"se o criterio ocorrer, excluir do canario e nao promover"
EXC_00081,SAR_0076,no_qa_possible,sem QA humano possivel (checar no futuro),false,true,true,"se o criterio ocorrer, excluir do canario e nao promover"
EXC_00082,SAR_0077,no_patch_or_aoi,sem patch nem AOI minima para recorte,true,false,false,"se o criterio ocorrer, excluir do canario e nao promover"
EXC_00083,SAR_0077,permanent_water_confusion,risco de confundir agua permanente com inundacao (checar no futuro),false,true,true,"se o criterio ocorrer, excluir do canario e nao promover"
EXC_00084,SAR_0077,urban_shadow_layover,sombra/layover urbano no SAR (checar no futuro),false,true,true,"se o criterio ocorrer, excluir do canario e nao promover"
EXC_00085,SAR_0077,vegetation_ambiguity,ambiguidade por vegetacao (checar no futuro),false,true,true,"se o criterio ocorrer, excluir do canario e nao promover"
EXC_00086,SAR_0077,slope_hand_inconsistent,inconsistencia de declividade/HAND (checar no futuro),false,true,true,"se o criterio ocorrer, excluir do canario e nao promover"
EXC_00087,SAR_0077,no_qa_possible,sem QA humano possivel (checar no futuro),false,true,true,"se o criterio ocorrer, excluir do canario e nao promover"
EXC_00088,SAR_0078,no_patch_or_aoi,sem patch nem AOI minima para recorte,true,false,false,"se o criterio ocorrer, excluir do canario e nao promover"
EXC_00089,SAR_0078,permanent_water_confusion,risco de confundir agua permanente com inundacao (checar no futuro),false,true,true,"se o criterio ocorrer, excluir do canario e nao promover"
EXC_00090,SAR_0078,urban_shadow_layover,sombra/layover urbano no SAR (checar no futuro),false,true,true,"se o criterio ocorrer, excluir do canario e nao promover"
EXC_00091,SAR_0078,vegetation_ambiguity,ambiguidade por vegetacao (checar no futuro),false,true,true,"se o criterio ocorrer, excluir do canario e nao promover"
EXC_00092,SAR_0078,slope_hand_inconsistent,inconsistencia de declividade/HAND (checar no futuro),false,true,true,"se o criterio ocorrer, excluir do canario e nao promover"
EXC_00093,SAR_0078,no_qa_possible,sem QA humano possivel (checar no futuro),false,true,true,"se o criterio ocorrer, excluir do canario e nao promover"
EXC_00094,SAR_0079,no_patch_or_aoi,sem patch nem AOI minima para recorte,true,false,false,"se o criterio ocorrer, excluir do canario e nao promover"
EXC_00095,SAR_0079,permanent_water_confusion,risco de confundir agua permanente com inundacao (checar no futuro),false,true,true,"se o criterio ocorrer, excluir do canario e nao promover"
EXC_00096,SAR_0079,urban_shadow_layover,sombra/layover urbano no SAR (checar no futuro),false,true,true,"se o criterio ocorrer, excluir do canario e nao promover"
EXC_00097,SAR_0079,vegetation_ambiguity,ambiguidade por vegetacao (checar no futuro),false,true,true,"se o criterio ocorrer, excluir do canario e nao promover"
EXC_00098,SAR_0079,slope_hand_inconsistent,inconsistencia de declividade/HAND (checar no futuro),false,true,true,"se o criterio ocorrer, excluir do canario e nao promover"
EXC_00099,SAR_0079,no_qa_possible,sem QA humano possivel (checar no futuro),false,true,true,"se o criterio ocorrer, excluir do canario e nao promover"
EXC_00100,SAR_0080,no_patch_or_aoi,sem patch nem AOI minima para recorte,true,false,false,"se o criterio ocorrer, excluir do canario e nao promover"
EXC_00101,SAR_0080,permanent_water_confusion,risco de confundir agua permanente com inundacao (checar no futuro),false,true,true,"se o criterio ocorrer, excluir do canario e nao promover"
EXC_00102,SAR_0080,urban_shadow_layover,sombra/layover urbano no SAR (checar no futuro),false,true,true,"se o criterio ocorrer, excluir do canario e nao promover"
EXC_00103,SAR_0080,vegetation_ambiguity,ambiguidade por vegetacao (checar no futuro),false,true,true,"se o criterio ocorrer, excluir do canario e nao promover"
EXC_00104,SAR_0080,slope_hand_inconsistent,inconsistencia de declividade/HAND (checar no futuro),false,true,true,"se o criterio ocorrer, excluir do canario e nao promover"
EXC_00105,SAR_0080,no_qa_possible,sem QA humano possivel (checar no futuro),false,true,true,"se o criterio ocorrer, excluir do canario e nao promover"
EXC_00106,SAR_0081,no_patch_or_aoi,sem patch nem AOI minima para recorte,true,false,false,"se o criterio ocorrer, excluir do canario e nao promover"
EXC_00107,SAR_0081,permanent_water_confusion,risco de confundir agua permanente com inundacao (checar no futuro),false,true,true,"se o criterio ocorrer, excluir do canario e nao promover"
EXC_00108,SAR_0081,urban_shadow_layover,sombra/layover urbano no SAR (checar no futuro),false,true,true,"se o criterio ocorrer, excluir do canario e nao promover"
EXC_00109,SAR_0081,vegetation_ambiguity,ambiguidade por vegetacao (checar no futuro),false,true,true,"se o criterio ocorrer, excluir do canario e nao promover"
EXC_00110,SAR_0081,slope_hand_inconsistent,inconsistencia de declividade/HAND (checar no futuro),false,true,true,"se o criterio ocorrer, excluir do canario e nao promover"
EXC_00111,SAR_0081,no_qa_possible,sem QA humano possivel (checar no futuro),false,true,true,"se o criterio ocorrer, excluir do canario e nao promover"
EXC_00112,SAR_0082,no_patch_or_aoi,sem patch nem AOI minima para recorte,true,false,false,"se o criterio ocorrer, excluir do canario e nao promover"
EXC_00113,SAR_0082,permanent_water_confusion,risco de confundir agua permanente com inundacao (checar no futuro),false,true,true,"se o criterio ocorrer, excluir do canario e nao promover"
EXC_00114,SAR_0082,urban_shadow_layover,sombra/layover urbano no SAR (checar no futuro),false,true,true,"se o criterio ocorrer, excluir do canario e nao promover"
EXC_00115,SAR_0082,vegetation_ambiguity,ambiguidade por vegetacao (checar no futuro),false,true,true,"se o criterio ocorrer, excluir do canario e nao promover"
EXC_00116,SAR_0082,slope_hand_inconsistent,inconsistencia de declividade/HAND (checar no futuro),false,true,true,"se o criterio ocorrer, excluir do canario e nao promover"
EXC_00117,SAR_0082,no_qa_possible,sem QA humano possivel (checar no futuro),false,true,true,"se o criterio ocorrer, excluir do canario e nao promover"
EXC_00118,SAR_0083,no_patch_or_aoi,sem patch nem AOI minima para recorte,true,false,false,"se o criterio ocorrer, excluir do canario e nao promover"
EXC_00119,SAR_0083,permanent_water_confusion,risco de confundir agua permanente com inundacao (checar no futuro),false,true,true,"se o criterio ocorrer, excluir do canario e nao promover"
EXC_00120,SAR_0083,urban_shadow_layover,sombra/layover urbano no SAR (checar no futuro),false,true,true,"se o criterio ocorrer, excluir do canario e nao promover"
EXC_00121,SAR_0083,vegetation_ambiguity,ambiguidade por vegetacao (checar no futuro),false,true,true,"se o criterio ocorrer, excluir do canario e nao promover"
EXC_00122,SAR_0083,slope_hand_inconsistent,inconsistencia de declividade/HAND (checar no futuro),false,true,true,"se o criterio ocorrer, excluir do canario e nao promover"
EXC_00123,SAR_0083,no_qa_possible,sem QA humano possivel (checar no futuro),false,true,true,"se o criterio ocorrer, excluir do canario e nao promover"
EXC_00124,SAR_0084,no_patch_or_aoi,sem patch nem AOI minima para recorte,true,false,false,"se o criterio ocorrer, excluir do canario e nao promover"
EXC_00125,SAR_0084,permanent_water_confusion,risco de confundir agua permanente com inundacao (checar no futuro),false,true,true,"se o criterio ocorrer, excluir do canario e nao promover"
EXC_00126,SAR_0084,urban_shadow_layover,sombra/layover urbano no SAR (checar no futuro),false,true,true,"se o criterio ocorrer, excluir do canario e nao promover"
EXC_00127,SAR_0084,vegetation_ambiguity,ambiguidade por vegetacao (checar no futuro),false,true,true,"se o criterio ocorrer, excluir do canario e nao promover"
EXC_00128,SAR_0084,slope_hand_inconsistent,inconsistencia de declividade/HAND (checar no futuro),false,true,true,"se o criterio ocorrer, excluir do canario e nao promover"
EXC_00129,SAR_0084,no_qa_possible,sem QA humano possivel (checar no futuro),false,true,true,"se o criterio ocorrer, excluir do canario e nao promover"
EXC_00130,SAR_0085,no_patch_or_aoi,sem patch nem AOI minima para recorte,true,false,false,"se o criterio ocorrer, excluir do canario e nao promover"
EXC_00131,SAR_0085,permanent_water_confusion,risco de confundir agua permanente com inundacao (checar no futuro),false,true,true,"se o criterio ocorrer, excluir do canario e nao promover"
EXC_00132,SAR_0085,urban_shadow_layover,sombra/layover urbano no SAR (checar no futuro),false,true,true,"se o criterio ocorrer, excluir do canario e nao promover"
EXC_00133,SAR_0085,vegetation_ambiguity,ambiguidade por vegetacao (checar no futuro),false,true,true,"se o criterio ocorrer, excluir do canario e nao promover"
EXC_00134,SAR_0085,slope_hand_inconsistent,inconsistencia de declividade/HAND (checar no futuro),false,true,true,"se o criterio ocorrer, excluir do canario e nao promover"
EXC_00135,SAR_0085,no_qa_possible,sem QA humano possivel (checar no futuro),false,true,true,"se o criterio ocorrer, excluir do canario e nao promover"
EXC_00136,SAR_0086,no_patch_or_aoi,sem patch nem AOI minima para recorte,true,false,false,"se o criterio ocorrer, excluir do canario e nao promover"
EXC_00137,SAR_0086,permanent_water_confusion,risco de confundir agua permanente com inundacao (checar no futuro),false,true,true,"se o criterio ocorrer, excluir do canario e nao promover"
EXC_00138,SAR_0086,urban_shadow_layover,sombra/layover urbano no SAR (checar no futuro),false,true,true,"se o criterio ocorrer, excluir do canario e nao promover"
EXC_00139,SAR_0086,vegetation_ambiguity,ambiguidade por vegetacao (checar no futuro),false,true,true,"se o criterio ocorrer, excluir do canario e nao promover"
EXC_00140,SAR_0086,slope_hand_inconsistent,inconsistencia de declividade/HAND (checar no futuro),false,true,true,"se o criterio ocorrer, excluir do canario e nao promover"
EXC_00141,SAR_0086,no_qa_possible,sem QA humano possivel (checar no futuro),false,true,true,"se o criterio ocorrer, excluir do canario e nao promover"
EXC_00142,SAR_0087,no_patch_or_aoi,sem patch nem AOI minima para recorte,true,false,false,"se o criterio ocorrer, excluir do canario e nao promover"
EXC_00143,SAR_0087,permanent_water_confusion,risco de confundir agua permanente com inundacao (checar no futuro),false,true,true,"se o criterio ocorrer, excluir do canario e nao promover"
EXC_00144,SAR_0087,urban_shadow_layover,sombra/layover urbano no SAR (checar no futuro),false,true,true,"se o criterio ocorrer, excluir do canario e nao promover"
EXC_00145,SAR_0087,vegetation_ambiguity,ambiguidade por vegetacao (checar no futuro),false,true,true,"se o criterio ocorrer, excluir do canario e nao promover"
EXC_00146,SAR_0087,slope_hand_inconsistent,inconsistencia de declividade/HAND (checar no futuro),false,true,true,"se o criterio ocorrer, excluir do canario e nao promover"
EXC_00147,SAR_0087,no_qa_possible,sem QA humano possivel (checar no futuro),false,true,true,"se o criterio ocorrer, excluir do canario e nao promover"
EXC_00148,SAR_0088,no_patch_or_aoi,sem patch nem AOI minima para recorte,true,false,false,"se o criterio ocorrer, excluir do canario e nao promover"
EXC_00149,SAR_0088,permanent_water_confusion,risco de confundir agua permanente com inundacao (checar no futuro),false,true,true,"se o criterio ocorrer, excluir do canario e nao promover"
EXC_00150,SAR_0088,urban_shadow_layover,sombra/layover urbano no SAR (checar no futuro),false,true,true,"se o criterio ocorrer, excluir do canario e nao promover"
EXC_00151,SAR_0088,vegetation_ambiguity,ambiguidade por vegetacao (checar no futuro),false,true,true,"se o criterio ocorrer, excluir do canario e nao promover"
EXC_00152,SAR_0088,slope_hand_inconsistent,inconsistencia de declividade/HAND (checar no futuro),false,true,true,"se o criterio ocorrer, excluir do canario e nao promover"
EXC_00153,SAR_0088,no_qa_possible,sem QA humano possivel (checar no futuro),false,true,true,"se o criterio ocorrer, excluir do canario e nao promover"
EXC_00154,SAR_0089,no_patch_or_aoi,sem patch nem AOI minima para recorte,true,false,false,"se o criterio ocorrer, excluir do canario e nao promover"
EXC_00155,SAR_0089,permanent_water_confusion,risco de confundir agua permanente com inundacao (checar no futuro),false,true,true,"se o criterio ocorrer, excluir do canario e nao promover"
EXC_00156,SAR_0089,urban_shadow_layover,sombra/layover urbano no SAR (checar no futuro),false,true,true,"se o criterio ocorrer, excluir do canario e nao promover"
EXC_00157,SAR_0089,vegetation_ambiguity,ambiguidade por vegetacao (checar no futuro),false,true,true,"se o criterio ocorrer, excluir do canario e nao promover"
EXC_00158,SAR_0089,slope_hand_inconsistent,inconsistencia de declividade/HAND (checar no futuro),false,true,true,"se o criterio ocorrer, excluir do canario e nao promover"
EXC_00159,SAR_0089,no_qa_possible,sem QA humano possivel (checar no futuro),false,true,true,"se o criterio ocorrer, excluir do canario e nao promover"
EXC_00160,SAR_0090,no_patch_or_aoi,sem patch nem AOI minima para recorte,true,false,false,"se o criterio ocorrer, excluir do canario e nao promover"
EXC_00161,SAR_0090,permanent_water_confusion,risco de confundir agua permanente com inundacao (checar no futuro),false,true,true,"se o criterio ocorrer, excluir do canario e nao promover"
EXC_00162,SAR_0090,urban_shadow_layover,sombra/layover urbano no SAR (checar no futuro),false,true,true,"se o criterio ocorrer, excluir do canario e nao promover"
EXC_00163,SAR_0090,vegetation_ambiguity,ambiguidade por vegetacao (checar no futuro),false,true,true,"se o criterio ocorrer, excluir do canario e nao promover"
EXC_00164,SAR_0090,slope_hand_inconsistent,inconsistencia de declividade/HAND (checar no futuro),false,true,true,"se o criterio ocorrer, excluir do canario e nao promover"
EXC_00165,SAR_0090,no_qa_possible,sem QA humano possivel (checar no futuro),false,true,true,"se o criterio ocorrer, excluir do canario e nao promover"
EXC_00166,SAR_0091,no_patch_or_aoi,sem patch nem AOI minima para recorte,true,false,false,"se o criterio ocorrer, excluir do canario e nao promover"
EXC_00167,SAR_0091,permanent_water_confusion,risco de confundir agua permanente com inundacao (checar no futuro),false,true,true,"se o criterio ocorrer, excluir do canario e nao promover"
EXC_00168,SAR_0091,urban_shadow_layover,sombra/layover urbano no SAR (checar no futuro),false,true,true,"se o criterio ocorrer, excluir do canario e nao promover"
EXC_00169,SAR_0091,vegetation_ambiguity,ambiguidade por vegetacao (checar no futuro),false,true,true,"se o criterio ocorrer, excluir do canario e nao promover"
EXC_00170,SAR_0091,slope_hand_inconsistent,inconsistencia de declividade/HAND (checar no futuro),false,true,true,"se o criterio ocorrer, excluir do canario e nao promover"
EXC_00171,SAR_0091,no_qa_possible,sem QA humano possivel (checar no futuro),false,true,true,"se o criterio ocorrer, excluir do canario e nao promover"
EXC_00172,SAR_0092,no_patch_or_aoi,sem patch nem AOI minima para recorte,true,false,false,"se o criterio ocorrer, excluir do canario e nao promover"
EXC_00173,SAR_0092,permanent_water_confusion,risco de confundir agua permanente com inundacao (checar no futuro),false,true,true,"se o criterio ocorrer, excluir do canario e nao promover"
EXC_00174,SAR_0092,urban_shadow_layover,sombra/layover urbano no SAR (checar no futuro),false,true,true,"se o criterio ocorrer, excluir do canario e nao promover"
EXC_00175,SAR_0092,vegetation_ambiguity,ambiguidade por vegetacao (checar no futuro),false,true,true,"se o criterio ocorrer, excluir do canario e nao promover"
EXC_00176,SAR_0092,slope_hand_inconsistent,inconsistencia de declividade/HAND (checar no futuro),false,true,true,"se o criterio ocorrer, excluir do canario e nao promover"
EXC_00177,SAR_0092,no_qa_possible,sem QA humano possivel (checar no futuro),false,true,true,"se o criterio ocorrer, excluir do canario e nao promover"
EXC_00178,SAR_0093,permanent_water_confusion,risco de confundir agua permanente com inundacao (checar no futuro),false,true,true,"se o criterio ocorrer, excluir do canario e nao promover"
EXC_00179,SAR_0093,urban_shadow_layover,sombra/layover urbano no SAR (checar no futuro),false,true,true,"se o criterio ocorrer, excluir do canario e nao promover"
EXC_00180,SAR_0093,vegetation_ambiguity,ambiguidade por vegetacao (checar no futuro),false,true,true,"se o criterio ocorrer, excluir do canario e nao promover"
EXC_00181,SAR_0093,slope_hand_inconsistent,inconsistencia de declividade/HAND (checar no futuro),false,true,true,"se o criterio ocorrer, excluir do canario e nao promover"
EXC_00182,SAR_0093,no_qa_possible,sem QA humano possivel (checar no futuro),false,true,true,"se o criterio ocorrer, excluir do canario e nao promover"
EXC_00183,SAR_0094,no_patch_or_aoi,sem patch nem AOI minima para recorte,true,false,false,"se o criterio ocorrer, excluir do canario e nao promover"
EXC_00184,SAR_0094,permanent_water_confusion,risco de confundir agua permanente com inundacao (checar no futuro),false,true,true,"se o criterio ocorrer, excluir do canario e nao promover"
EXC_00185,SAR_0094,urban_shadow_layover,sombra/layover urbano no SAR (checar no futuro),false,true,true,"se o criterio ocorrer, excluir do canario e nao promover"
EXC_00186,SAR_0094,vegetation_ambiguity,ambiguidade por vegetacao (checar no futuro),false,true,true,"se o criterio ocorrer, excluir do canario e nao promover"
EXC_00187,SAR_0094,slope_hand_inconsistent,inconsistencia de declividade/HAND (checar no futuro),false,true,true,"se o criterio ocorrer, excluir do canario e nao promover"
EXC_00188,SAR_0094,no_qa_possible,sem QA humano possivel (checar no futuro),false,true,true,"se o criterio ocorrer, excluir do canario e nao promover"
EXC_00189,SAR_0095,no_patch_or_aoi,sem patch nem AOI minima para recorte,true,false,false,"se o criterio ocorrer, excluir do canario e nao promover"
EXC_00190,SAR_0095,permanent_water_confusion,risco de confundir agua permanente com inundacao (checar no futuro),false,true,true,"se o criterio ocorrer, excluir do canario e nao promover"
EXC_00191,SAR_0095,urban_shadow_layover,sombra/layover urbano no SAR (checar no futuro),false,true,true,"se o criterio ocorrer, excluir do canario e nao promover"
EXC_00192,SAR_0095,vegetation_ambiguity,ambiguidade por vegetacao (checar no futuro),false,true,true,"se o criterio ocorrer, excluir do canario e nao promover"
EXC_00193,SAR_0095,slope_hand_inconsistent,inconsistencia de declividade/HAND (checar no futuro),false,true,true,"se o criterio ocorrer, excluir do canario e nao promover"
EXC_00194,SAR_0095,no_qa_possible,sem QA humano possivel (checar no futuro),false,true,true,"se o criterio ocorrer, excluir do canario e nao promover"
EXC_00195,SAR_0096,no_patch_or_aoi,sem patch nem AOI minima para recorte,true,false,false,"se o criterio ocorrer, excluir do canario e nao promover"
EXC_00196,SAR_0096,permanent_water_confusion,risco de confundir agua permanente com inundacao (checar no futuro),false,true,true,"se o criterio ocorrer, excluir do canario e nao promover"
EXC_00197,SAR_0096,urban_shadow_layover,sombra/layover urbano no SAR (checar no futuro),false,true,true,"se o criterio ocorrer, excluir do canario e nao promover"
EXC_00198,SAR_0096,vegetation_ambiguity,ambiguidade por vegetacao (checar no futuro),false,true,true,"se o criterio ocorrer, excluir do canario e nao promover"
EXC_00199,SAR_0096,slope_hand_inconsistent,inconsistencia de declividade/HAND (checar no futuro),false,true,true,"se o criterio ocorrer, excluir do canario e nao promover"
EXC_00200,SAR_0096,no_qa_possible,sem QA humano possivel (checar no futuro),false,true,true,"se o criterio ocorrer, excluir do canario e nao promover"
EXC_00201,SAR_0097,no_patch_or_aoi,sem patch nem AOI minima para recorte,true,false,false,"se o criterio ocorrer, excluir do canario e nao promover"
EXC_00202,SAR_0097,permanent_water_confusion,risco de confundir agua permanente com inundacao (checar no futuro),false,true,true,"se o criterio ocorrer, excluir do canario e nao promover"
EXC_00203,SAR_0097,urban_shadow_layover,sombra/layover urbano no SAR (checar no futuro),false,true,true,"se o criterio ocorrer, excluir do canario e nao promover"
EXC_00204,SAR_0097,vegetation_ambiguity,ambiguidade por vegetacao (checar no futuro),false,true,true,"se o criterio ocorrer, excluir do canario e nao promover"
EXC_00205,SAR_0097,slope_hand_inconsistent,inconsistencia de declividade/HAND (checar no futuro),false,true,true,"se o criterio ocorrer, excluir do canario e nao promover"
EXC_00206,SAR_0097,no_qa_possible,sem QA humano possivel (checar no futuro),false,true,true,"se o criterio ocorrer, excluir do canario e nao promover"
EXC_00207,SAR_0098,no_patch_or_aoi,sem patch nem AOI minima para recorte,true,false,false,"se o criterio ocorrer, excluir do canario e nao promover"
EXC_00208,SAR_0098,permanent_water_confusion,risco de confundir agua permanente com inundacao (checar no futuro),false,true,true,"se o criterio ocorrer, excluir do canario e nao promover"
EXC_00209,SAR_0098,urban_shadow_layover,sombra/layover urbano no SAR (checar no futuro),false,true,true,"se o criterio ocorrer, excluir do canario e nao promover"
EXC_00210,SAR_0098,vegetation_ambiguity,ambiguidade por vegetacao (checar no futuro),false,true,true,"se o criterio ocorrer, excluir do canario e nao promover"
EXC_00211,SAR_0098,slope_hand_inconsistent,inconsistencia de declividade/HAND (checar no futuro),false,true,true,"se o criterio ocorrer, excluir do canario e nao promover"
EXC_00212,SAR_0098,no_qa_possible,sem QA humano possivel (checar no futuro),false,true,true,"se o criterio ocorrer, excluir do canario e nao promover"
EXC_00213,SAR_0099,no_patch_or_aoi,sem patch nem AOI minima para recorte,true,false,false,"se o criterio ocorrer, excluir do canario e nao promover"
EXC_00214,SAR_0099,permanent_water_confusion,risco de confundir agua permanente com inundacao (checar no futuro),false,true,true,"se o criterio ocorrer, excluir do canario e nao promover"
EXC_00215,SAR_0099,urban_shadow_layover,sombra/layover urbano no SAR (checar no futuro),false,true,true,"se o criterio ocorrer, excluir do canario e nao promover"
EXC_00216,SAR_0099,vegetation_ambiguity,ambiguidade por vegetacao (checar no futuro),false,true,true,"se o criterio ocorrer, excluir do canario e nao promover"
EXC_00217,SAR_0099,slope_hand_inconsistent,inconsistencia de declividade/HAND (checar no futuro),false,true,true,"se o criterio ocorrer, excluir do canario e nao promover"
EXC_00218,SAR_0099,no_qa_possible,sem QA humano possivel (checar no futuro),false,true,true,"se o criterio ocorrer, excluir do canario e nao promover"
EXC_00219,SAR_0100,no_patch_or_aoi,sem patch nem AOI minima para recorte,true,false,false,"se o criterio ocorrer, excluir do canario e nao promover"
EXC_00220,SAR_0100,permanent_water_confusion,risco de confundir agua permanente com inundacao (checar no futuro),false,true,true,"se o criterio ocorrer, excluir do canario e nao promover"
EXC_00221,SAR_0100,urban_shadow_layover,sombra/layover urbano no SAR (checar no futuro),false,true,true,"se o criterio ocorrer, excluir do canario e nao promover"
EXC_00222,SAR_0100,vegetation_ambiguity,ambiguidade por vegetacao (checar no futuro),false,true,true,"se o criterio ocorrer, excluir do canario e nao promover"
EXC_00223,SAR_0100,slope_hand_inconsistent,inconsistencia de declividade/HAND (checar no futuro),false,true,true,"se o criterio ocorrer, excluir do canario e nao promover"
EXC_00224,SAR_0100,no_qa_possible,sem QA humano possivel (checar no futuro),false,true,true,"se o criterio ocorrer, excluir do canario e nao promover"
EXC_00225,SAR_0101,no_patch_or_aoi,sem patch nem AOI minima para recorte,true,false,false,"se o criterio ocorrer, excluir do canario e nao promover"
EXC_00226,SAR_0101,permanent_water_confusion,risco de confundir agua permanente com inundacao (checar no futuro),false,true,true,"se o criterio ocorrer, excluir do canario e nao promover"
EXC_00227,SAR_0101,urban_shadow_layover,sombra/layover urbano no SAR (checar no futuro),false,true,true,"se o criterio ocorrer, excluir do canario e nao promover"
EXC_00228,SAR_0101,vegetation_ambiguity,ambiguidade por vegetacao (checar no futuro),false,true,true,"se o criterio ocorrer, excluir do canario e nao promover"
EXC_00229,SAR_0101,slope_hand_inconsistent,inconsistencia de declividade/HAND (checar no futuro),false,true,true,"se o criterio ocorrer, excluir do canario e nao promover"
EXC_00230,SAR_0101,no_qa_possible,sem QA humano possivel (checar no futuro),false,true,true,"se o criterio ocorrer, excluir do canario e nao promover"
EXC_00231,SAR_0102,no_patch_or_aoi,sem patch nem AOI minima para recorte,true,false,false,"se o criterio ocorrer, excluir do canario e nao promover"
EXC_00232,SAR_0102,permanent_water_confusion,risco de confundir agua permanente com inundacao (checar no futuro),false,true,true,"se o criterio ocorrer, excluir do canario e nao promover"
EXC_00233,SAR_0102,urban_shadow_layover,sombra/layover urbano no SAR (checar no futuro),false,true,true,"se o criterio ocorrer, excluir do canario e nao promover"
EXC_00234,SAR_0102,vegetation_ambiguity,ambiguidade por vegetacao (checar no futuro),false,true,true,"se o criterio ocorrer, excluir do canario e nao promover"
EXC_00235,SAR_0102,slope_hand_inconsistent,inconsistencia de declividade/HAND (checar no futuro),false,true,true,"se o criterio ocorrer, excluir do canario e nao promover"
EXC_00236,SAR_0102,no_qa_possible,sem QA humano possivel (checar no futuro),false,true,true,"se o criterio ocorrer, excluir do canario e nao promover"
EXC_00237,SAR_0103,no_patch_or_aoi,sem patch nem AOI minima para recorte,true,false,false,"se o criterio ocorrer, excluir do canario e nao promover"
EXC_00238,SAR_0103,permanent_water_confusion,risco de confundir agua permanente com inundacao (checar no futuro),false,true,true,"se o criterio ocorrer, excluir do canario e nao promover"
EXC_00239,SAR_0103,urban_shadow_layover,sombra/layover urbano no SAR (checar no futuro),false,true,true,"se o criterio ocorrer, excluir do canario e nao promover"
EXC_00240,SAR_0103,vegetation_ambiguity,ambiguidade por vegetacao (checar no futuro),false,true,true,"se o criterio ocorrer, excluir do canario e nao promover"
EXC_00241,SAR_0103,slope_hand_inconsistent,inconsistencia de declividade/HAND (checar no futuro),false,true,true,"se o criterio ocorrer, excluir do canario e nao promover"
EXC_00242,SAR_0103,no_qa_possible,sem QA humano possivel (checar no futuro),false,true,true,"se o criterio ocorrer, excluir do canario e nao promover"
EXC_00243,SAR_0104,no_patch_or_aoi,sem patch nem AOI minima para recorte,true,false,false,"se o criterio ocorrer, excluir do canario e nao promover"
EXC_00244,SAR_0104,permanent_water_confusion,risco de confundir agua permanente com inundacao (checar no futuro),false,true,true,"se o criterio ocorrer, excluir do canario e nao promover"
EXC_00245,SAR_0104,urban_shadow_layover,sombra/layover urbano no SAR (checar no futuro),false,true,true,"se o criterio ocorrer, excluir do canario e nao promover"
EXC_00246,SAR_0104,vegetation_ambiguity,ambiguidade por vegetacao (checar no futuro),false,true,true,"se o criterio ocorrer, excluir do canario e nao promover"
EXC_00247,SAR_0104,slope_hand_inconsistent,inconsistencia de declividade/HAND (checar no futuro),false,true,true,"se o criterio ocorrer, excluir do canario e nao promover"
EXC_00248,SAR_0104,no_qa_possible,sem QA humano possivel (checar no futuro),false,true,true,"se o criterio ocorrer, excluir do canario e nao promover"
EXC_00249,SAR_0105,no_patch_or_aoi,sem patch nem AOI minima para recorte,true,false,false,"se o criterio ocorrer, excluir do canario e nao promover"
EXC_00250,SAR_0105,permanent_water_confusion,risco de confundir agua permanente com inundacao (checar no futuro),false,true,true,"se o criterio ocorrer, excluir do canario e nao promover"
EXC_00251,SAR_0105,urban_shadow_layover,sombra/layover urbano no SAR (checar no futuro),false,true,true,"se o criterio ocorrer, excluir do canario e nao promover"
EXC_00252,SAR_0105,vegetation_ambiguity,ambiguidade por vegetacao (checar no futuro),false,true,true,"se o criterio ocorrer, excluir do canario e nao promover"
EXC_00253,SAR_0105,slope_hand_inconsistent,inconsistencia de declividade/HAND (checar no futuro),false,true,true,"se o criterio ocorrer, excluir do canario e nao promover"
EXC_00254,SAR_0105,no_qa_possible,sem QA humano possivel (checar no futuro),false,true,true,"se o criterio ocorrer, excluir do canario e nao promover"
EXC_00255,SAR_0106,no_patch_or_aoi,sem patch nem AOI minima para recorte,true,false,false,"se o criterio ocorrer, excluir do canario e nao promover"
EXC_00256,SAR_0106,permanent_water_confusion,risco de confundir agua permanente com inundacao (checar no futuro),false,true,true,"se o criterio ocorrer, excluir do canario e nao promover"
EXC_00257,SAR_0106,urban_shadow_layover,sombra/layover urbano no SAR (checar no futuro),false,true,true,"se o criterio ocorrer, excluir do canario e nao promover"
EXC_00258,SAR_0106,vegetation_ambiguity,ambiguidade por vegetacao (checar no futuro),false,true,true,"se o criterio ocorrer, excluir do canario e nao promover"
EXC_00259,SAR_0106,slope_hand_inconsistent,inconsistencia de declividade/HAND (checar no futuro),false,true,true,"se o criterio ocorrer, excluir do canario e nao promover"
EXC_00260,SAR_0106,no_qa_possible,sem QA humano possivel (checar no futuro),false,true,true,"se o criterio ocorrer, excluir do canario e nao promover"
EXC_00261,SAR_0107,no_patch_or_aoi,sem patch nem AOI minima para recorte,true,false,false,"se o criterio ocorrer, excluir do canario e nao promover"
EXC_00262,SAR_0107,permanent_water_confusion,risco de confundir agua permanente com inundacao (checar no futuro),false,true,true,"se o criterio ocorrer, excluir do canario e nao promover"
EXC_00263,SAR_0107,urban_shadow_layover,sombra/layover urbano no SAR (checar no futuro),false,true,true,"se o criterio ocorrer, excluir do canario e nao promover"
EXC_00264,SAR_0107,vegetation_ambiguity,ambiguidade por vegetacao (checar no futuro),false,true,true,"se o criterio ocorrer, excluir do canario e nao promover"
EXC_00265,SAR_0107,slope_hand_inconsistent,inconsistencia de declividade/HAND (checar no futuro),false,true,true,"se o criterio ocorrer, excluir do canario e nao promover"
EXC_00266,SAR_0107,no_qa_possible,sem QA humano possivel (checar no futuro),false,true,true,"se o criterio ocorrer, excluir do canario e nao promover"
EXC_00267,SAR_0108,no_patch_or_aoi,sem patch nem AOI minima para recorte,true,false,false,"se o criterio ocorrer, excluir do canario e nao promover"
EXC_00268,SAR_0108,permanent_water_confusion,risco de confundir agua permanente com inundacao (checar no futuro),false,true,true,"se o criterio ocorrer, excluir do canario e nao promover"
EXC_00269,SAR_0108,urban_shadow_layover,sombra/layover urbano no SAR (checar no futuro),false,true,true,"se o criterio ocorrer, excluir do canario e nao promover"
EXC_00270,SAR_0108,vegetation_ambiguity,ambiguidade por vegetacao (checar no futuro),false,true,true,"se o criterio ocorrer, excluir do canario e nao promover"
EXC_00271,SAR_0108,slope_hand_inconsistent,inconsistencia de declividade/HAND (checar no futuro),false,true,true,"se o criterio ocorrer, excluir do canario e nao promover"
EXC_00272,SAR_0108,no_qa_possible,sem QA humano possivel (checar no futuro),false,true,true,"se o criterio ocorrer, excluir do canario e nao promover"
EXC_00273,SAR_0109,no_patch_or_aoi,sem patch nem AOI minima para recorte,true,false,false,"se o criterio ocorrer, excluir do canario e nao promover"
EXC_00274,SAR_0109,permanent_water_confusion,risco de confundir agua permanente com inundacao (checar no futuro),false,true,true,"se o criterio ocorrer, excluir do canario e nao promover"
EXC_00275,SAR_0109,urban_shadow_layover,sombra/layover urbano no SAR (checar no futuro),false,true,true,"se o criterio ocorrer, excluir do canario e nao promover"
EXC_00276,SAR_0109,vegetation_ambiguity,ambiguidade por vegetacao (checar no futuro),false,true,true,"se o criterio ocorrer, excluir do canario e nao promover"
EXC_00277,SAR_0109,slope_hand_inconsistent,inconsistencia de declividade/HAND (checar no futuro),false,true,true,"se o criterio ocorrer, excluir do canario e nao promover"
EXC_00278,SAR_0109,no_qa_possible,sem QA humano possivel (checar no futuro),false,true,true,"se o criterio ocorrer, excluir do canario e nao promover"
EXC_00279,SAR_0110,no_patch_or_aoi,sem patch nem AOI minima para recorte,true,false,false,"se o criterio ocorrer, excluir do canario e nao promover"
EXC_00280,SAR_0110,permanent_water_confusion,risco de confundir agua permanente com inundacao (checar no futuro),false,true,true,"se o criterio ocorrer, excluir do canario e nao promover"
EXC_00281,SAR_0110,urban_shadow_layover,sombra/layover urbano no SAR (checar no futuro),false,true,true,"se o criterio ocorrer, excluir do canario e nao promover"
EXC_00282,SAR_0110,vegetation_ambiguity,ambiguidade por vegetacao (checar no futuro),false,true,true,"se o criterio ocorrer, excluir do canario e nao promover"
EXC_00283,SAR_0110,slope_hand_inconsistent,inconsistencia de declividade/HAND (checar no futuro),false,true,true,"se o criterio ocorrer, excluir do canario e nao promover"
EXC_00284,SAR_0110,no_qa_possible,sem QA humano possivel (checar no futuro),false,true,true,"se o criterio ocorrer, excluir do canario e nao promover"
EXC_00285,SAR_0111,no_patch_or_aoi,sem patch nem AOI minima para recorte,true,false,false,"se o criterio ocorrer, excluir do canario e nao promover"
EXC_00286,SAR_0111,permanent_water_confusion,risco de confundir agua permanente com inundacao (checar no futuro),false,true,true,"se o criterio ocorrer, excluir do canario e nao promover"
EXC_00287,SAR_0111,urban_shadow_layover,sombra/layover urbano no SAR (checar no futuro),false,true,true,"se o criterio ocorrer, excluir do canario e nao promover"
EXC_00288,SAR_0111,vegetation_ambiguity,ambiguidade por vegetacao (checar no futuro),false,true,true,"se o criterio ocorrer, excluir do canario e nao promover"
EXC_00289,SAR_0111,slope_hand_inconsistent,inconsistencia de declividade/HAND (checar no futuro),false,true,true,"se o criterio ocorrer, excluir do canario e nao promover"
EXC_00290,SAR_0111,no_qa_possible,sem QA humano possivel (checar no futuro),false,true,true,"se o criterio ocorrer, excluir do canario e nao promover"
EXC_00291,SAR_0112,no_patch_or_aoi,sem patch nem AOI minima para recorte,true,false,false,"se o criterio ocorrer, excluir do canario e nao promover"
EXC_00292,SAR_0112,permanent_water_confusion,risco de confundir agua permanente com inundacao (checar no futuro),false,true,true,"se o criterio ocorrer, excluir do canario e nao promover"
EXC_00293,SAR_0112,urban_shadow_layover,sombra/layover urbano no SAR (checar no futuro),false,true,true,"se o criterio ocorrer, excluir do canario e nao promover"
EXC_00294,SAR_0112,vegetation_ambiguity,ambiguidade por vegetacao (checar no futuro),false,true,true,"se o criterio ocorrer, excluir do canario e nao promover"
EXC_00295,SAR_0112,slope_hand_inconsistent,inconsistencia de declividade/HAND (checar no futuro),false,true,true,"se o criterio ocorrer, excluir do canario e nao promover"
EXC_00296,SAR_0112,no_qa_possible,sem QA humano possivel (checar no futuro),false,true,true,"se o criterio ocorrer, excluir do canario e nao promover"
EXC_00297,SAR_0113,no_patch_or_aoi,sem patch nem AOI minima para recorte,true,false,false,"se o criterio ocorrer, excluir do canario e nao promover"
EXC_00298,SAR_0113,permanent_water_confusion,risco de confundir agua permanente com inundacao (checar no futuro),false,true,true,"se o criterio ocorrer, excluir do canario e nao promover"
EXC_00299,SAR_0113,urban_shadow_layover,sombra/layover urbano no SAR (checar no futuro),false,true,true,"se o criterio ocorrer, excluir do canario e nao promover"
EXC_00300,SAR_0113,vegetation_ambiguity,ambiguidade por vegetacao (checar no futuro),false,true,true,"se o criterio ocorrer, excluir do canario e nao promover"
EXC_00301,SAR_0113,slope_hand_inconsistent,inconsistencia de declividade/HAND (checar no futuro),false,true,true,"se o criterio ocorrer, excluir do canario e nao promover"
EXC_00302,SAR_0113,no_qa_possible,sem QA humano possivel (checar no futuro),false,true,true,"se o criterio ocorrer, excluir do canario e nao promover"
EXC_00303,SAR_0114,no_patch_or_aoi,sem patch nem AOI minima para recorte,true,false,false,"se o criterio ocorrer, excluir do canario e nao promover"
EXC_00304,SAR_0114,permanent_water_confusion,risco de confundir agua permanente com inundacao (checar no futuro),false,true,true,"se o criterio ocorrer, excluir do canario e nao promover"
EXC_00305,SAR_0114,urban_shadow_layover,sombra/layover urbano no SAR (checar no futuro),false,true,true,"se o criterio ocorrer, excluir do canario e nao promover"
EXC_00306,SAR_0114,vegetation_ambiguity,ambiguidade por vegetacao (checar no futuro),false,true,true,"se o criterio ocorrer, excluir do canario e nao promover"
EXC_00307,SAR_0114,slope_hand_inconsistent,inconsistencia de declividade/HAND (checar no futuro),false,true,true,"se o criterio ocorrer, excluir do canario e nao promover"
EXC_00308,SAR_0114,no_qa_possible,sem QA humano possivel (checar no futuro),false,true,true,"se o criterio ocorrer, excluir do canario e nao promover"
EXC_00309,SAR_0115,no_patch_or_aoi,sem patch nem AOI minima para recorte,true,false,false,"se o criterio ocorrer, excluir do canario e nao promover"
EXC_00310,SAR_0115,permanent_water_confusion,risco de confundir agua permanente com inundacao (checar no futuro),false,true,true,"se o criterio ocorrer, excluir do canario e nao promover"
EXC_00311,SAR_0115,urban_shadow_layover,sombra/layover urbano no SAR (checar no futuro),false,true,true,"se o criterio ocorrer, excluir do canario e nao promover"
EXC_00312,SAR_0115,vegetation_ambiguity,ambiguidade por vegetacao (checar no futuro),false,true,true,"se o criterio ocorrer, excluir do canario e nao promover"
EXC_00313,SAR_0115,slope_hand_inconsistent,inconsistencia de declividade/HAND (checar no futuro),false,true,true,"se o criterio ocorrer, excluir do canario e nao promover"
EXC_00314,SAR_0115,no_qa_possible,sem QA humano possivel (checar no futuro),false,true,true,"se o criterio ocorrer, excluir do canario e nao promover"
EXC_00315,SAR_0116,no_patch_or_aoi,sem patch nem AOI minima para recorte,true,false,false,"se o criterio ocorrer, excluir do canario e nao promover"
EXC_00316,SAR_0116,permanent_water_confusion,risco de confundir agua permanente com inundacao (checar no futuro),false,true,true,"se o criterio ocorrer, excluir do canario e nao promover"
EXC_00317,SAR_0116,urban_shadow_layover,sombra/layover urbano no SAR (checar no futuro),false,true,true,"se o criterio ocorrer, excluir do canario e nao promover"
EXC_00318,SAR_0116,vegetation_ambiguity,ambiguidade por vegetacao (checar no futuro),false,true,true,"se o criterio ocorrer, excluir do canario e nao promover"
EXC_00319,SAR_0116,slope_hand_inconsistent,inconsistencia de declividade/HAND (checar no futuro),false,true,true,"se o criterio ocorrer, excluir do canario e nao promover"
EXC_00320,SAR_0116,no_qa_possible,sem QA humano possivel (checar no futuro),false,true,true,"se o criterio ocorrer, excluir do canario e nao promover"
EXC_00321,SAR_0117,no_patch_or_aoi,sem patch nem AOI minima para recorte,true,false,false,"se o criterio ocorrer, excluir do canario e nao promover"
EXC_00322,SAR_0117,permanent_water_confusion,risco de confundir agua permanente com inundacao (checar no futuro),false,true,true,"se o criterio ocorrer, excluir do canario e nao promover"
EXC_00323,SAR_0117,urban_shadow_layover,sombra/layover urbano no SAR (checar no futuro),false,true,true,"se o criterio ocorrer, excluir do canario e nao promover"
EXC_00324,SAR_0117,vegetation_ambiguity,ambiguidade por vegetacao (checar no futuro),false,true,true,"se o criterio ocorrer, excluir do canario e nao promover"
EXC_00325,SAR_0117,slope_hand_inconsistent,inconsistencia de declividade/HAND (checar no futuro),false,true,true,"se o criterio ocorrer, excluir do canario e nao promover"
EXC_00326,SAR_0117,no_qa_possible,sem QA humano possivel (checar no futuro),false,true,true,"se o criterio ocorrer, excluir do canario e nao promover"
EXC_00327,SAR_0118,no_patch_or_aoi,sem patch nem AOI minima para recorte,true,false,false,"se o criterio ocorrer, excluir do canario e nao promover"
EXC_00328,SAR_0118,permanent_water_confusion,risco de confundir agua permanente com inundacao (checar no futuro),false,true,true,"se o criterio ocorrer, excluir do canario e nao promover"
EXC_00329,SAR_0118,urban_shadow_layover,sombra/layover urbano no SAR (checar no futuro),false,true,true,"se o criterio ocorrer, excluir do canario e nao promover"
EXC_00330,SAR_0118,vegetation_ambiguity,ambiguidade por vegetacao (checar no futuro),false,true,true,"se o criterio ocorrer, excluir do canario e nao promover"
EXC_00331,SAR_0118,slope_hand_inconsistent,inconsistencia de declividade/HAND (checar no futuro),false,true,true,"se o criterio ocorrer, excluir do canario e nao promover"
EXC_00332,SAR_0118,no_qa_possible,sem QA humano possivel (checar no futuro),false,true,true,"se o criterio ocorrer, excluir do canario e nao promover"
EXC_00333,SAR_0119,no_patch_or_aoi,sem patch nem AOI minima para recorte,true,false,false,"se o criterio ocorrer, excluir do canario e nao promover"
EXC_00334,SAR_0119,permanent_water_confusion,risco de confundir agua permanente com inundacao (checar no futuro),false,true,true,"se o criterio ocorrer, excluir do canario e nao promover"
EXC_00335,SAR_0119,urban_shadow_layover,sombra/layover urbano no SAR (checar no futuro),false,true,true,"se o criterio ocorrer, excluir do canario e nao promover"
EXC_00336,SAR_0119,vegetation_ambiguity,ambiguidade por vegetacao (checar no futuro),false,true,true,"se o criterio ocorrer, excluir do canario e nao promover"
EXC_00337,SAR_0119,slope_hand_inconsistent,inconsistencia de declividade/HAND (checar no futuro),false,true,true,"se o criterio ocorrer, excluir do canario e nao promover"
EXC_00338,SAR_0119,no_qa_possible,sem QA humano possivel (checar no futuro),false,true,true,"se o criterio ocorrer, excluir do canario e nao promover"
EXC_00339,SAR_0120,no_patch_or_aoi,sem patch nem AOI minima para recorte,true,false,false,"se o criterio ocorrer, excluir do canario e nao promover"
EXC_00340,SAR_0120,permanent_water_confusion,risco de confundir agua permanente com inundacao (checar no futuro),false,true,true,"se o criterio ocorrer, excluir do canario e nao promover"
EXC_00341,SAR_0120,urban_shadow_layover,sombra/layover urbano no SAR (checar no futuro),false,true,true,"se o criterio ocorrer, excluir do canario e nao promover"
EXC_00342,SAR_0120,vegetation_ambiguity,ambiguidade por vegetacao (checar no futuro),false,true,true,"se o criterio ocorrer, excluir do canario e nao promover"
EXC_00343,SAR_0120,slope_hand_inconsistent,inconsistencia de declividade/HAND (checar no futuro),false,true,true,"se o criterio ocorrer, excluir do canario e nao promover"
EXC_00344,SAR_0120,no_qa_possible,sem QA humano possivel (checar no futuro),false,true,true,"se o criterio ocorrer, excluir do canario e nao promover"
EXC_00345,SAR_0121,no_patch_or_aoi,sem patch nem AOI minima para recorte,true,false,false,"se o criterio ocorrer, excluir do canario e nao promover"
EXC_00346,SAR_0121,permanent_water_confusion,risco de confundir agua permanente com inundacao (checar no futuro),false,true,true,"se o criterio ocorrer, excluir do canario e nao promover"
EXC_00347,SAR_0121,urban_shadow_layover,sombra/layover urbano no SAR (checar no futuro),false,true,true,"se o criterio ocorrer, excluir do canario e nao promover"
EXC_00348,SAR_0121,vegetation_ambiguity,ambiguidade por vegetacao (checar no futuro),false,true,true,"se o criterio ocorrer, excluir do canario e nao promover"
EXC_00349,SAR_0121,slope_hand_inconsistent,inconsistencia de declividade/HAND (checar no futuro),false,true,true,"se o criterio ocorrer, excluir do canario e nao promover"
EXC_00350,SAR_0121,no_qa_possible,sem QA humano possivel (checar no futuro),false,true,true,"se o criterio ocorrer, excluir do canario e nao promover"
EXC_00351,SAR_0122,no_patch_or_aoi,sem patch nem AOI minima para recorte,true,false,false,"se o criterio ocorrer, excluir do canario e nao promover"
EXC_00352,SAR_0122,permanent_water_confusion,risco de confundir agua permanente com inundacao (checar no futuro),false,true,true,"se o criterio ocorrer, excluir do canario e nao promover"
EXC_00353,SAR_0122,urban_shadow_layover,sombra/layover urbano no SAR (checar no futuro),false,true,true,"se o criterio ocorrer, excluir do canario e nao promover"
EXC_00354,SAR_0122,vegetation_ambiguity,ambiguidade por vegetacao (checar no futuro),false,true,true,"se o criterio ocorrer, excluir do canario e nao promover"
EXC_00355,SAR_0122,slope_hand_inconsistent,inconsistencia de declividade/HAND (checar no futuro),false,true,true,"se o criterio ocorrer, excluir do canario e nao promover"
EXC_00356,SAR_0122,no_qa_possible,sem QA humano possivel (checar no futuro),false,true,true,"se o criterio ocorrer, excluir do canario e nao promover"
EXC_00357,SAR_0123,no_patch_or_aoi,sem patch nem AOI minima para recorte,true,false,false,"se o criterio ocorrer, excluir do canario e nao promover"
EXC_00358,SAR_0123,permanent_water_confusion,risco de confundir agua permanente com inundacao (checar no futuro),false,true,true,"se o criterio ocorrer, excluir do canario e nao promover"
EXC_00359,SAR_0123,urban_shadow_layover,sombra/layover urbano no SAR (checar no futuro),false,true,true,"se o criterio ocorrer, excluir do canario e nao promover"
EXC_00360,SAR_0123,vegetation_ambiguity,ambiguidade por vegetacao (checar no futuro),false,true,true,"se o criterio ocorrer, excluir do canario e nao promover"
EXC_00361,SAR_0123,slope_hand_inconsistent,inconsistencia de declividade/HAND (checar no futuro),false,true,true,"se o criterio ocorrer, excluir do canario e nao promover"
EXC_00362,SAR_0123,no_qa_possible,sem QA humano possivel (checar no futuro),false,true,true,"se o criterio ocorrer, excluir do canario e nao promover"
EXC_00363,SAR_0124,no_patch_or_aoi,sem patch nem AOI minima para recorte,true,false,false,"se o criterio ocorrer, excluir do canario e nao promover"
EXC_00364,SAR_0124,permanent_water_confusion,risco de confundir agua permanente com inundacao (checar no futuro),false,true,true,"se o criterio ocorrer, excluir do canario e nao promover"
EXC_00365,SAR_0124,urban_shadow_layover,sombra/layover urbano no SAR (checar no futuro),false,true,true,"se o criterio ocorrer, excluir do canario e nao promover"
EXC_00366,SAR_0124,vegetation_ambiguity,ambiguidade por vegetacao (checar no futuro),false,true,true,"se o criterio ocorrer, excluir do canario e nao promover"
EXC_00367,SAR_0124,slope_hand_inconsistent,inconsistencia de declividade/HAND (checar no futuro),false,true,true,"se o criterio ocorrer, excluir do canario e nao promover"
EXC_00368,SAR_0124,no_qa_possible,sem QA humano possivel (checar no futuro),false,true,true,"se o criterio ocorrer, excluir do canario e nao promover"
EXC_00369,SAR_0125,no_patch_or_aoi,sem patch nem AOI minima para recorte,true,false,false,"se o criterio ocorrer, excluir do canario e nao promover"
EXC_00370,SAR_0125,permanent_water_confusion,risco de confundir agua permanente com inundacao (checar no futuro),false,true,true,"se o criterio ocorrer, excluir do canario e nao promover"
EXC_00371,SAR_0125,urban_shadow_layover,sombra/layover urbano no SAR (checar no futuro),false,true,true,"se o criterio ocorrer, excluir do canario e nao promover"
EXC_00372,SAR_0125,vegetation_ambiguity,ambiguidade por vegetacao (checar no futuro),false,true,true,"se o criterio ocorrer, excluir do canario e nao promover"
EXC_00373,SAR_0125,slope_hand_inconsistent,inconsistencia de declividade/HAND (checar no futuro),false,true,true,"se o criterio ocorrer, excluir do canario e nao promover"
EXC_00374,SAR_0125,no_qa_possible,sem QA humano possivel (checar no futuro),false,true,true,"se o criterio ocorrer, excluir do canario e nao promover"
EXC_00375,SAR_0126,no_patch_or_aoi,sem patch nem AOI minima para recorte,true,false,false,"se o criterio ocorrer, excluir do canario e nao promover"
EXC_00376,SAR_0126,permanent_water_confusion,risco de confundir agua permanente com inundacao (checar no futuro),false,true,true,"se o criterio ocorrer, excluir do canario e nao promover"
EXC_00377,SAR_0126,urban_shadow_layover,sombra/layover urbano no SAR (checar no futuro),false,true,true,"se o criterio ocorrer, excluir do canario e nao promover"
EXC_00378,SAR_0126,vegetation_ambiguity,ambiguidade por vegetacao (checar no futuro),false,true,true,"se o criterio ocorrer, excluir do canario e nao promover"
EXC_00379,SAR_0126,slope_hand_inconsistent,inconsistencia de declividade/HAND (checar no futuro),false,true,true,"se o criterio ocorrer, excluir do canario e nao promover"
EXC_00380,SAR_0126,no_qa_possible,sem QA humano possivel (checar no futuro),false,true,true,"se o criterio ocorrer, excluir do canario e nao promover"
EXC_00381,SAR_0127,no_patch_or_aoi,sem patch nem AOI minima para recorte,true,false,false,"se o criterio ocorrer, excluir do canario e nao promover"
EXC_00382,SAR_0127,permanent_water_confusion,risco de confundir agua permanente com inundacao (checar no futuro),false,true,true,"se o criterio ocorrer, excluir do canario e nao promover"
EXC_00383,SAR_0127,urban_shadow_layover,sombra/layover urbano no SAR (checar no futuro),false,true,true,"se o criterio ocorrer, excluir do canario e nao promover"
EXC_00384,SAR_0127,vegetation_ambiguity,ambiguidade por vegetacao (checar no futuro),false,true,true,"se o criterio ocorrer, excluir do canario e nao promover"
EXC_00385,SAR_0127,slope_hand_inconsistent,inconsistencia de declividade/HAND (checar no futuro),false,true,true,"se o criterio ocorrer, excluir do canario e nao promover"
EXC_00386,SAR_0127,no_qa_possible,sem QA humano possivel (checar no futuro),false,true,true,"se o criterio ocorrer, excluir do canario e nao promover"
EXC_00387,SAR_0128,no_patch_or_aoi,sem patch nem AOI minima para recorte,true,false,false,"se o criterio ocorrer, excluir do canario e nao promover"
EXC_00388,SAR_0128,permanent_water_confusion,risco de confundir agua permanente com inundacao (checar no futuro),false,true,true,"se o criterio ocorrer, excluir do canario e nao promover"
EXC_00389,SAR_0128,urban_shadow_layover,sombra/layover urbano no SAR (checar no futuro),false,true,true,"se o criterio ocorrer, excluir do canario e nao promover"
EXC_00390,SAR_0128,vegetation_ambiguity,ambiguidade por vegetacao (checar no futuro),false,true,true,"se o criterio ocorrer, excluir do canario e nao promover"
EXC_00391,SAR_0128,slope_hand_inconsistent,inconsistencia de declividade/HAND (checar no futuro),false,true,true,"se o criterio ocorrer, excluir do canario e nao promover"
EXC_00392,SAR_0128,no_qa_possible,sem QA humano possivel (checar no futuro),false,true,true,"se o criterio ocorrer, excluir do canario e nao promover"
EXC_00393,SAR_0129,no_patch_or_aoi,sem patch nem AOI minima para recorte,true,false,false,"se o criterio ocorrer, excluir do canario e nao promover"
EXC_00394,SAR_0129,permanent_water_confusion,risco de confundir agua permanente com inundacao (checar no futuro),false,true,true,"se o criterio ocorrer, excluir do canario e nao promover"
EXC_00395,SAR_0129,urban_shadow_layover,sombra/layover urbano no SAR (checar no futuro),false,true,true,"se o criterio ocorrer, excluir do canario e nao promover"
EXC_00396,SAR_0129,vegetation_ambiguity,ambiguidade por vegetacao (checar no futuro),false,true,true,"se o criterio ocorrer, excluir do canario e nao promover"
EXC_00397,SAR_0129,slope_hand_inconsistent,inconsistencia de declividade/HAND (checar no futuro),false,true,true,"se o criterio ocorrer, excluir do canario e nao promover"
EXC_00398,SAR_0129,no_qa_possible,sem QA humano possivel (checar no futuro),false,true,true,"se o criterio ocorrer, excluir do canario e nao promover"
EXC_00399,SAR_0130,no_patch_or_aoi,sem patch nem AOI minima para recorte,true,false,false,"se o criterio ocorrer, excluir do canario e nao promover"
EXC_00400,SAR_0130,permanent_water_confusion,risco de confundir agua permanente com inundacao (checar no futuro),false,true,true,"se o criterio ocorrer, excluir do canario e nao promover"
EXC_00401,SAR_0130,urban_shadow_layover,sombra/layover urbano no SAR (checar no futuro),false,true,true,"se o criterio ocorrer, excluir do canario e nao promover"
EXC_00402,SAR_0130,vegetation_ambiguity,ambiguidade por vegetacao (checar no futuro),false,true,true,"se o criterio ocorrer, excluir do canario e nao promover"
EXC_00403,SAR_0130,slope_hand_inconsistent,inconsistencia de declividade/HAND (checar no futuro),false,true,true,"se o criterio ocorrer, excluir do canario e nao promover"
EXC_00404,SAR_0130,no_qa_possible,sem QA humano possivel (checar no futuro),false,true,true,"se o criterio ocorrer, excluir do canario e nao promover"
EXC_00405,SAR_0131,no_patch_or_aoi,sem patch nem AOI minima para recorte,true,false,false,"se o criterio ocorrer, excluir do canario e nao promover"
EXC_00406,SAR_0131,permanent_water_confusion,risco de confundir agua permanente com inundacao (checar no futuro),false,true,true,"se o criterio ocorrer, excluir do canario e nao promover"
EXC_00407,SAR_0131,urban_shadow_layover,sombra/layover urbano no SAR (checar no futuro),false,true,true,"se o criterio ocorrer, excluir do canario e nao promover"
EXC_00408,SAR_0131,vegetation_ambiguity,ambiguidade por vegetacao (checar no futuro),false,true,true,"se o criterio ocorrer, excluir do canario e nao promover"
EXC_00409,SAR_0131,slope_hand_inconsistent,inconsistencia de declividade/HAND (checar no futuro),false,true,true,"se o criterio ocorrer, excluir do canario e nao promover"
EXC_00410,SAR_0131,no_qa_possible,sem QA humano possivel (checar no futuro),false,true,true,"se o criterio ocorrer, excluir do canario e nao promover"
EXC_00411,SAR_0132,no_patch_or_aoi,sem patch nem AOI minima para recorte,true,false,false,"se o criterio ocorrer, excluir do canario e nao promover"
EXC_00412,SAR_0132,permanent_water_confusion,risco de confundir agua permanente com inundacao (checar no futuro),false,true,true,"se o criterio ocorrer, excluir do canario e nao promover"
EXC_00413,SAR_0132,urban_shadow_layover,sombra/layover urbano no SAR (checar no futuro),false,true,true,"se o criterio ocorrer, excluir do canario e nao promover"
EXC_00414,SAR_0132,vegetation_ambiguity,ambiguidade por vegetacao (checar no futuro),false,true,true,"se o criterio ocorrer, excluir do canario e nao promover"
EXC_00415,SAR_0132,slope_hand_inconsistent,inconsistencia de declividade/HAND (checar no futuro),false,true,true,"se o criterio ocorrer, excluir do canario e nao promover"
EXC_00416,SAR_0132,no_qa_possible,sem QA humano possivel (checar no futuro),false,true,true,"se o criterio ocorrer, excluir do canario e nao promover"
EXC_00417,SAR_0133,no_patch_or_aoi,sem patch nem AOI minima para recorte,true,false,false,"se o criterio ocorrer, excluir do canario e nao promover"
EXC_00418,SAR_0133,permanent_water_confusion,risco de confundir agua permanente com inundacao (checar no futuro),false,true,true,"se o criterio ocorrer, excluir do canario e nao promover"
EXC_00419,SAR_0133,urban_shadow_layover,sombra/layover urbano no SAR (checar no futuro),false,true,true,"se o criterio ocorrer, excluir do canario e nao promover"
EXC_00420,SAR_0133,vegetation_ambiguity,ambiguidade por vegetacao (checar no futuro),false,true,true,"se o criterio ocorrer, excluir do canario e nao promover"
EXC_00421,SAR_0133,slope_hand_inconsistent,inconsistencia de declividade/HAND (checar no futuro),false,true,true,"se o criterio ocorrer, excluir do canario e nao promover"
EXC_00422,SAR_0133,no_qa_possible,sem QA humano possivel (checar no futuro),false,true,true,"se o criterio ocorrer, excluir do canario e nao promover"
EXC_00423,SAR_0134,no_patch_or_aoi,sem patch nem AOI minima para recorte,true,false,false,"se o criterio ocorrer, excluir do canario e nao promover"
EXC_00424,SAR_0134,permanent_water_confusion,risco de confundir agua permanente com inundacao (checar no futuro),false,true,true,"se o criterio ocorrer, excluir do canario e nao promover"
EXC_00425,SAR_0134,urban_shadow_layover,sombra/layover urbano no SAR (checar no futuro),false,true,true,"se o criterio ocorrer, excluir do canario e nao promover"
EXC_00426,SAR_0134,vegetation_ambiguity,ambiguidade por vegetacao (checar no futuro),false,true,true,"se o criterio ocorrer, excluir do canario e nao promover"
EXC_00427,SAR_0134,slope_hand_inconsistent,inconsistencia de declividade/HAND (checar no futuro),false,true,true,"se o criterio ocorrer, excluir do canario e nao promover"
EXC_00428,SAR_0134,no_qa_possible,sem QA humano possivel (checar no futuro),false,true,true,"se o criterio ocorrer, excluir do canario e nao promover"
EXC_00429,SAR_0135,no_patch_or_aoi,sem patch nem AOI minima para recorte,true,false,false,"se o criterio ocorrer, excluir do canario e nao promover"
EXC_00430,SAR_0135,permanent_water_confusion,risco de confundir agua permanente com inundacao (checar no futuro),false,true,true,"se o criterio ocorrer, excluir do canario e nao promover"
EXC_00431,SAR_0135,urban_shadow_layover,sombra/layover urbano no SAR (checar no futuro),false,true,true,"se o criterio ocorrer, excluir do canario e nao promover"
EXC_00432,SAR_0135,vegetation_ambiguity,ambiguidade por vegetacao (checar no futuro),false,true,true,"se o criterio ocorrer, excluir do canario e nao promover"
EXC_00433,SAR_0135,slope_hand_inconsistent,inconsistencia de declividade/HAND (checar no futuro),false,true,true,"se o criterio ocorrer, excluir do canario e nao promover"
EXC_00434,SAR_0135,no_qa_possible,sem QA humano possivel (checar no futuro),false,true,true,"se o criterio ocorrer, excluir do canario e nao promover"
EXC_00435,SAR_0136,no_patch_or_aoi,sem patch nem AOI minima para recorte,true,false,false,"se o criterio ocorrer, excluir do canario e nao promover"
EXC_00436,SAR_0136,permanent_water_confusion,risco de confundir agua permanente com inundacao (checar no futuro),false,true,true,"se o criterio ocorrer, excluir do canario e nao promover"
EXC_00437,SAR_0136,urban_shadow_layover,sombra/layover urbano no SAR (checar no futuro),false,true,true,"se o criterio ocorrer, excluir do canario e nao promover"
EXC_00438,SAR_0136,vegetation_ambiguity,ambiguidade por vegetacao (checar no futuro),false,true,true,"se o criterio ocorrer, excluir do canario e nao promover"
EXC_00439,SAR_0136,slope_hand_inconsistent,inconsistencia de declividade/HAND (checar no futuro),false,true,true,"se o criterio ocorrer, excluir do canario e nao promover"
EXC_00440,SAR_0136,no_qa_possible,sem QA humano possivel (checar no futuro),false,true,true,"se o criterio ocorrer, excluir do canario e nao promover"
EXC_00441,SAR_0137,no_patch_or_aoi,sem patch nem AOI minima para recorte,true,false,false,"se o criterio ocorrer, excluir do canario e nao promover"
EXC_00442,SAR_0137,permanent_water_confusion,risco de confundir agua permanente com inundacao (checar no futuro),false,true,true,"se o criterio ocorrer, excluir do canario e nao promover"
EXC_00443,SAR_0137,urban_shadow_layover,sombra/layover urbano no SAR (checar no futuro),false,true,true,"se o criterio ocorrer, excluir do canario e nao promover"
EXC_00444,SAR_0137,vegetation_ambiguity,ambiguidade por vegetacao (checar no futuro),false,true,true,"se o criterio ocorrer, excluir do canario e nao promover"
EXC_00445,SAR_0137,slope_hand_inconsistent,inconsistencia de declividade/HAND (checar no futuro),false,true,true,"se o criterio ocorrer, excluir do canario e nao promover"
EXC_00446,SAR_0137,no_qa_possible,sem QA humano possivel (checar no futuro),false,true,true,"se o criterio ocorrer, excluir do canario e nao promover"
EXC_00447,SAR_0138,no_patch_or_aoi,sem patch nem AOI minima para recorte,true,false,false,"se o criterio ocorrer, excluir do canario e nao promover"
EXC_00448,SAR_0138,permanent_water_confusion,risco de confundir agua permanente com inundacao (checar no futuro),false,true,true,"se o criterio ocorrer, excluir do canario e nao promover"
EXC_00449,SAR_0138,urban_shadow_layover,sombra/layover urbano no SAR (checar no futuro),false,true,true,"se o criterio ocorrer, excluir do canario e nao promover"
EXC_00450,SAR_0138,vegetation_ambiguity,ambiguidade por vegetacao (checar no futuro),false,true,true,"se o criterio ocorrer, excluir do canario e nao promover"
EXC_00451,SAR_0138,slope_hand_inconsistent,inconsistencia de declividade/HAND (checar no futuro),false,true,true,"se o criterio ocorrer, excluir do canario e nao promover"
EXC_00452,SAR_0138,no_qa_possible,sem QA humano possivel (checar no futuro),false,true,true,"se o criterio ocorrer, excluir do canario e nao promover"
EXC_00453,SAR_0139,no_patch_or_aoi,sem patch nem AOI minima para recorte,true,false,false,"se o criterio ocorrer, excluir do canario e nao promover"
EXC_00454,SAR_0139,permanent_water_confusion,risco de confundir agua permanente com inundacao (checar no futuro),false,true,true,"se o criterio ocorrer, excluir do canario e nao promover"
EXC_00455,SAR_0139,urban_shadow_layover,sombra/layover urbano no SAR (checar no futuro),false,true,true,"se o criterio ocorrer, excluir do canario e nao promover"
EXC_00456,SAR_0139,vegetation_ambiguity,ambiguidade por vegetacao (checar no futuro),false,true,true,"se o criterio ocorrer, excluir do canario e nao promover"
EXC_00457,SAR_0139,slope_hand_inconsistent,inconsistencia de declividade/HAND (checar no futuro),false,true,true,"se o criterio ocorrer, excluir do canario e nao promover"
EXC_00458,SAR_0139,no_qa_possible,sem QA humano possivel (checar no futuro),false,true,true,"se o criterio ocorrer, excluir do canario e nao promover"
EXC_00459,SAR_0140,no_patch_or_aoi,sem patch nem AOI minima para recorte,true,false,false,"se o criterio ocorrer, excluir do canario e nao promover"
EXC_00460,SAR_0140,permanent_water_confusion,risco de confundir agua permanente com inundacao (checar no futuro),false,true,true,"se o criterio ocorrer, excluir do canario e nao promover"
EXC_00461,SAR_0140,urban_shadow_layover,sombra/layover urbano no SAR (checar no futuro),false,true,true,"se o criterio ocorrer, excluir do canario e nao promover"
EXC_00462,SAR_0140,vegetation_ambiguity,ambiguidade por vegetacao (checar no futuro),false,true,true,"se o criterio ocorrer, excluir do canario e nao promover"
EXC_00463,SAR_0140,slope_hand_inconsistent,inconsistencia de declividade/HAND (checar no futuro),false,true,true,"se o criterio ocorrer, excluir do canario e nao promover"
EXC_00464,SAR_0140,no_qa_possible,sem QA humano possivel (checar no futuro),false,true,true,"se o criterio ocorrer, excluir do canario e nao promover"
EXC_00465,SAR_0141,no_patch_or_aoi,sem patch nem AOI minima para recorte,true,false,false,"se o criterio ocorrer, excluir do canario e nao promover"
EXC_00466,SAR_0141,permanent_water_confusion,risco de confundir agua permanente com inundacao (checar no futuro),false,true,true,"se o criterio ocorrer, excluir do canario e nao promover"
EXC_00467,SAR_0141,urban_shadow_layover,sombra/layover urbano no SAR (checar no futuro),false,true,true,"se o criterio ocorrer, excluir do canario e nao promover"
EXC_00468,SAR_0141,vegetation_ambiguity,ambiguidade por vegetacao (checar no futuro),false,true,true,"se o criterio ocorrer, excluir do canario e nao promover"
EXC_00469,SAR_0141,slope_hand_inconsistent,inconsistencia de declividade/HAND (checar no futuro),false,true,true,"se o criterio ocorrer, excluir do canario e nao promover"
EXC_00470,SAR_0141,no_qa_possible,sem QA humano possivel (checar no futuro),false,true,true,"se o criterio ocorrer, excluir do canario e nao promover"
EXC_00471,SAR_0142,no_patch_or_aoi,sem patch nem AOI minima para recorte,true,false,false,"se o criterio ocorrer, excluir do canario e nao promover"
EXC_00472,SAR_0142,permanent_water_confusion,risco de confundir agua permanente com inundacao (checar no futuro),false,true,true,"se o criterio ocorrer, excluir do canario e nao promover"
EXC_00473,SAR_0142,urban_shadow_layover,sombra/layover urbano no SAR (checar no futuro),false,true,true,"se o criterio ocorrer, excluir do canario e nao promover"
EXC_00474,SAR_0142,vegetation_ambiguity,ambiguidade por vegetacao (checar no futuro),false,true,true,"se o criterio ocorrer, excluir do canario e nao promover"
EXC_00475,SAR_0142,slope_hand_inconsistent,inconsistencia de declividade/HAND (checar no futuro),false,true,true,"se o criterio ocorrer, excluir do canario e nao promover"
EXC_00476,SAR_0142,no_qa_possible,sem QA humano possivel (checar no futuro),false,true,true,"se o criterio ocorrer, excluir do canario e nao promover"
EXC_00477,SAR_0143,no_patch_or_aoi,sem patch nem AOI minima para recorte,true,false,false,"se o criterio ocorrer, excluir do canario e nao promover"
EXC_00478,SAR_0143,permanent_water_confusion,risco de confundir agua permanente com inundacao (checar no futuro),false,true,true,"se o criterio ocorrer, excluir do canario e nao promover"
EXC_00479,SAR_0143,urban_shadow_layover,sombra/layover urbano no SAR (checar no futuro),false,true,true,"se o criterio ocorrer, excluir do canario e nao promover"
EXC_00480,SAR_0143,vegetation_ambiguity,ambiguidade por vegetacao (checar no futuro),false,true,true,"se o criterio ocorrer, excluir do canario e nao promover"
EXC_00481,SAR_0143,slope_hand_inconsistent,inconsistencia de declividade/HAND (checar no futuro),false,true,true,"se o criterio ocorrer, excluir do canario e nao promover"
EXC_00482,SAR_0143,no_qa_possible,sem QA humano possivel (checar no futuro),false,true,true,"se o criterio ocorrer, excluir do canario e nao promover"
EXC_00483,SAR_0144,no_patch_or_aoi,sem patch nem AOI minima para recorte,true,false,false,"se o criterio ocorrer, excluir do canario e nao promover"
EXC_00484,SAR_0144,permanent_water_confusion,risco de confundir agua permanente com inundacao (checar no futuro),false,true,true,"se o criterio ocorrer, excluir do canario e nao promover"
EXC_00485,SAR_0144,urban_shadow_layover,sombra/layover urbano no SAR (checar no futuro),false,true,true,"se o criterio ocorrer, excluir do canario e nao promover"
EXC_00486,SAR_0144,vegetation_ambiguity,ambiguidade por vegetacao (checar no futuro),false,true,true,"se o criterio ocorrer, excluir do canario e nao promover"
EXC_00487,SAR_0144,slope_hand_inconsistent,inconsistencia de declividade/HAND (checar no futuro),false,true,true,"se o criterio ocorrer, excluir do canario e nao promover"
EXC_00488,SAR_0144,no_qa_possible,sem QA humano possivel (checar no futuro),false,true,true,"se o criterio ocorrer, excluir do canario e nao promover"
EXC_00489,SAR_0145,no_patch_or_aoi,sem patch nem AOI minima para recorte,true,false,false,"se o criterio ocorrer, excluir do canario e nao promover"
EXC_00490,SAR_0145,permanent_water_confusion,risco de confundir agua permanente com inundacao (checar no futuro),false,true,true,"se o criterio ocorrer, excluir do canario e nao promover"
EXC_00491,SAR_0145,urban_shadow_layover,sombra/layover urbano no SAR (checar no futuro),false,true,true,"se o criterio ocorrer, excluir do canario e nao promover"
EXC_00492,SAR_0145,vegetation_ambiguity,ambiguidade por vegetacao (checar no futuro),false,true,true,"se o criterio ocorrer, excluir do canario e nao promover"
EXC_00493,SAR_0145,slope_hand_inconsistent,inconsistencia de declividade/HAND (checar no futuro),false,true,true,"se o criterio ocorrer, excluir do canario e nao promover"
EXC_00494,SAR_0145,no_qa_possible,sem QA humano possivel (checar no futuro),false,true,true,"se o criterio ocorrer, excluir do canario e nao promover"
EXC_00495,SAR_0146,no_patch_or_aoi,sem patch nem AOI minima para recorte,true,false,false,"se o criterio ocorrer, excluir do canario e nao promover"
EXC_00496,SAR_0146,permanent_water_confusion,risco de confundir agua permanente com inundacao (checar no futuro),false,true,true,"se o criterio ocorrer, excluir do canario e nao promover"
EXC_00497,SAR_0146,urban_shadow_layover,sombra/layover urbano no SAR (checar no futuro),false,true,true,"se o criterio ocorrer, excluir do canario e nao promover"
EXC_00498,SAR_0146,vegetation_ambiguity,ambiguidade por vegetacao (checar no futuro),false,true,true,"se o criterio ocorrer, excluir do canario e nao promover"
EXC_00499,SAR_0146,slope_hand_inconsistent,inconsistencia de declividade/HAND (checar no futuro),false,true,true,"se o criterio ocorrer, excluir do canario e nao promover"
EXC_00500,SAR_0146,no_qa_possible,sem QA humano possivel (checar no futuro),false,true,true,"se o criterio ocorrer, excluir do canario e nao promover"
EXC_00501,SAR_0147,no_patch_or_aoi,sem patch nem AOI minima para recorte,true,false,false,"se o criterio ocorrer, excluir do canario e nao promover"
EXC_00502,SAR_0147,permanent_water_confusion,risco de confundir agua permanente com inundacao (checar no futuro),false,true,true,"se o criterio ocorrer, excluir do canario e nao promover"
EXC_00503,SAR_0147,urban_shadow_layover,sombra/layover urbano no SAR (checar no futuro),false,true,true,"se o criterio ocorrer, excluir do canario e nao promover"
EXC_00504,SAR_0147,vegetation_ambiguity,ambiguidade por vegetacao (checar no futuro),false,true,true,"se o criterio ocorrer, excluir do canario e nao promover"
EXC_00505,SAR_0147,slope_hand_inconsistent,inconsistencia de declividade/HAND (checar no futuro),false,true,true,"se o criterio ocorrer, excluir do canario e nao promover"
EXC_00506,SAR_0147,no_qa_possible,sem QA humano possivel (checar no futuro),false,true,true,"se o criterio ocorrer, excluir do canario e nao promover"
EXC_00507,SAR_0148,no_patch_or_aoi,sem patch nem AOI minima para recorte,true,false,false,"se o criterio ocorrer, excluir do canario e nao promover"
EXC_00508,SAR_0148,permanent_water_confusion,risco de confundir agua permanente com inundacao (checar no futuro),false,true,true,"se o criterio ocorrer, excluir do canario e nao promover"
EXC_00509,SAR_0148,urban_shadow_layover,sombra/layover urbano no SAR (checar no futuro),false,true,true,"se o criterio ocorrer, excluir do canario e nao promover"
EXC_00510,SAR_0148,vegetation_ambiguity,ambiguidade por vegetacao (checar no futuro),false,true,true,"se o criterio ocorrer, excluir do canario e nao promover"
EXC_00511,SAR_0148,slope_hand_inconsistent,inconsistencia de declividade/HAND (checar no futuro),false,true,true,"se o criterio ocorrer, excluir do canario e nao promover"
EXC_00512,SAR_0148,no_qa_possible,sem QA humano possivel (checar no futuro),false,true,true,"se o criterio ocorrer, excluir do canario e nao promover"
EXC_00513,SAR_0149,no_patch_or_aoi,sem patch nem AOI minima para recorte,true,false,false,"se o criterio ocorrer, excluir do canario e nao promover"
EXC_00514,SAR_0149,permanent_water_confusion,risco de confundir agua permanente com inundacao (checar no futuro),false,true,true,"se o criterio ocorrer, excluir do canario e nao promover"
EXC_00515,SAR_0149,urban_shadow_layover,sombra/layover urbano no SAR (checar no futuro),false,true,true,"se o criterio ocorrer, excluir do canario e nao promover"
EXC_00516,SAR_0149,vegetation_ambiguity,ambiguidade por vegetacao (checar no futuro),false,true,true,"se o criterio ocorrer, excluir do canario e nao promover"
EXC_00517,SAR_0149,slope_hand_inconsistent,inconsistencia de declividade/HAND (checar no futuro),false,true,true,"se o criterio ocorrer, excluir do canario e nao promover"
EXC_00518,SAR_0149,no_qa_possible,sem QA humano possivel (checar no futuro),false,true,true,"se o criterio ocorrer, excluir do canario e nao promover"
EXC_00519,SAR_0150,no_patch_or_aoi,sem patch nem AOI minima para recorte,true,false,false,"se o criterio ocorrer, excluir do canario e nao promover"
EXC_00520,SAR_0150,permanent_water_confusion,risco de confundir agua permanente com inundacao (checar no futuro),false,true,true,"se o criterio ocorrer, excluir do canario e nao promover"
EXC_00521,SAR_0150,urban_shadow_layover,sombra/layover urbano no SAR (checar no futuro),false,true,true,"se o criterio ocorrer, excluir do canario e nao promover"
EXC_00522,SAR_0150,vegetation_ambiguity,ambiguidade por vegetacao (checar no futuro),false,true,true,"se o criterio ocorrer, excluir do canario e nao promover"
EXC_00523,SAR_0150,slope_hand_inconsistent,inconsistencia de declividade/HAND (checar no futuro),false,true,true,"se o criterio ocorrer, excluir do canario e nao promover"
EXC_00524,SAR_0150,no_qa_possible,sem QA humano possivel (checar no futuro),false,true,true,"se o criterio ocorrer, excluir do canario e nao promover"
EXC_00525,SAR_0151,no_patch_or_aoi,sem patch nem AOI minima para recorte,true,false,false,"se o criterio ocorrer, excluir do canario e nao promover"
EXC_00526,SAR_0151,permanent_water_confusion,risco de confundir agua permanente com inundacao (checar no futuro),false,true,true,"se o criterio ocorrer, excluir do canario e nao promover"
EXC_00527,SAR_0151,urban_shadow_layover,sombra/layover urbano no SAR (checar no futuro),false,true,true,"se o criterio ocorrer, excluir do canario e nao promover"
EXC_00528,SAR_0151,vegetation_ambiguity,ambiguidade por vegetacao (checar no futuro),false,true,true,"se o criterio ocorrer, excluir do canario e nao promover"
EXC_00529,SAR_0151,slope_hand_inconsistent,inconsistencia de declividade/HAND (checar no futuro),false,true,true,"se o criterio ocorrer, excluir do canario e nao promover"
EXC_00530,SAR_0151,no_qa_possible,sem QA humano possivel (checar no futuro),false,true,true,"se o criterio ocorrer, excluir do canario e nao promover"
EXC_00531,SAR_0152,no_patch_or_aoi,sem patch nem AOI minima para recorte,true,false,false,"se o criterio ocorrer, excluir do canario e nao promover"
EXC_00532,SAR_0152,permanent_water_confusion,risco de confundir agua permanente com inundacao (checar no futuro),false,true,true,"se o criterio ocorrer, excluir do canario e nao promover"
EXC_00533,SAR_0152,urban_shadow_layover,sombra/layover urbano no SAR (checar no futuro),false,true,true,"se o criterio ocorrer, excluir do canario e nao promover"
EXC_00534,SAR_0152,vegetation_ambiguity,ambiguidade por vegetacao (checar no futuro),false,true,true,"se o criterio ocorrer, excluir do canario e nao promover"
EXC_00535,SAR_0152,slope_hand_inconsistent,inconsistencia de declividade/HAND (checar no futuro),false,true,true,"se o criterio ocorrer, excluir do canario e nao promover"
EXC_00536,SAR_0152,no_qa_possible,sem QA humano possivel (checar no futuro),false,true,true,"se o criterio ocorrer, excluir do canario e nao promover"
EXC_00537,SAR_0153,no_patch_or_aoi,sem patch nem AOI minima para recorte,true,false,false,"se o criterio ocorrer, excluir do canario e nao promover"
EXC_00538,SAR_0153,permanent_water_confusion,risco de confundir agua permanente com inundacao (checar no futuro),false,true,true,"se o criterio ocorrer, excluir do canario e nao promover"
EXC_00539,SAR_0153,urban_shadow_layover,sombra/layover urbano no SAR (checar no futuro),false,true,true,"se o criterio ocorrer, excluir do canario e nao promover"
EXC_00540,SAR_0153,vegetation_ambiguity,ambiguidade por vegetacao (checar no futuro),false,true,true,"se o criterio ocorrer, excluir do canario e nao promover"
EXC_00541,SAR_0153,slope_hand_inconsistent,inconsistencia de declividade/HAND (checar no futuro),false,true,true,"se o criterio ocorrer, excluir do canario e nao promover"
EXC_00542,SAR_0153,no_qa_possible,sem QA humano possivel (checar no futuro),false,true,true,"se o criterio ocorrer, excluir do canario e nao promover"
EXC_00543,SAR_0154,no_patch_or_aoi,sem patch nem AOI minima para recorte,true,false,false,"se o criterio ocorrer, excluir do canario e nao promover"
EXC_00544,SAR_0154,permanent_water_confusion,risco de confundir agua permanente com inundacao (checar no futuro),false,true,true,"se o criterio ocorrer, excluir do canario e nao promover"
EXC_00545,SAR_0154,urban_shadow_layover,sombra/layover urbano no SAR (checar no futuro),false,true,true,"se o criterio ocorrer, excluir do canario e nao promover"
EXC_00546,SAR_0154,vegetation_ambiguity,ambiguidade por vegetacao (checar no futuro),false,true,true,"se o criterio ocorrer, excluir do canario e nao promover"
EXC_00547,SAR_0154,slope_hand_inconsistent,inconsistencia de declividade/HAND (checar no futuro),false,true,true,"se o criterio ocorrer, excluir do canario e nao promover"
EXC_00548,SAR_0154,no_qa_possible,sem QA humano possivel (checar no futuro),false,true,true,"se o criterio ocorrer, excluir do canario e nao promover"
EXC_00549,SAR_0155,no_patch_or_aoi,sem patch nem AOI minima para recorte,true,false,false,"se o criterio ocorrer, excluir do canario e nao promover"
EXC_00550,SAR_0155,permanent_water_confusion,risco de confundir agua permanente com inundacao (checar no futuro),false,true,true,"se o criterio ocorrer, excluir do canario e nao promover"
EXC_00551,SAR_0155,urban_shadow_layover,sombra/layover urbano no SAR (checar no futuro),false,true,true,"se o criterio ocorrer, excluir do canario e nao promover"
EXC_00552,SAR_0155,vegetation_ambiguity,ambiguidade por vegetacao (checar no futuro),false,true,true,"se o criterio ocorrer, excluir do canario e nao promover"
EXC_00553,SAR_0155,slope_hand_inconsistent,inconsistencia de declividade/HAND (checar no futuro),false,true,true,"se o criterio ocorrer, excluir do canario e nao promover"
EXC_00554,SAR_0155,no_qa_possible,sem QA humano possivel (checar no futuro),false,true,true,"se o criterio ocorrer, excluir do canario e nao promover"
EXC_00555,SAR_0156,no_patch_or_aoi,sem patch nem AOI minima para recorte,true,false,false,"se o criterio ocorrer, excluir do canario e nao promover"
EXC_00556,SAR_0156,permanent_water_confusion,risco de confundir agua permanente com inundacao (checar no futuro),false,true,true,"se o criterio ocorrer, excluir do canario e nao promover"
EXC_00557,SAR_0156,urban_shadow_layover,sombra/layover urbano no SAR (checar no futuro),false,true,true,"se o criterio ocorrer, excluir do canario e nao promover"
EXC_00558,SAR_0156,vegetation_ambiguity,ambiguidade por vegetacao (checar no futuro),false,true,true,"se o criterio ocorrer, excluir do canario e nao promover"
EXC_00559,SAR_0156,slope_hand_inconsistent,inconsistencia de declividade/HAND (checar no futuro),false,true,true,"se o criterio ocorrer, excluir do canario e nao promover"
EXC_00560,SAR_0156,no_qa_possible,sem QA humano possivel (checar no futuro),false,true,true,"se o criterio ocorrer, excluir do canario e nao promover"
EXC_00561,SAR_0157,no_patch_or_aoi,sem patch nem AOI minima para recorte,true,false,false,"se o criterio ocorrer, excluir do canario e nao promover"
EXC_00562,SAR_0157,permanent_water_confusion,risco de confundir agua permanente com inundacao (checar no futuro),false,true,true,"se o criterio ocorrer, excluir do canario e nao promover"
EXC_00563,SAR_0157,urban_shadow_layover,sombra/layover urbano no SAR (checar no futuro),false,true,true,"se o criterio ocorrer, excluir do canario e nao promover"
EXC_00564,SAR_0157,vegetation_ambiguity,ambiguidade por vegetacao (checar no futuro),false,true,true,"se o criterio ocorrer, excluir do canario e nao promover"
EXC_00565,SAR_0157,slope_hand_inconsistent,inconsistencia de declividade/HAND (checar no futuro),false,true,true,"se o criterio ocorrer, excluir do canario e nao promover"
EXC_00566,SAR_0157,no_qa_possible,sem QA humano possivel (checar no futuro),false,true,true,"se o criterio ocorrer, excluir do canario e nao promover"
EXC_00567,SAR_0158,no_patch_or_aoi,sem patch nem AOI minima para recorte,true,false,false,"se o criterio ocorrer, excluir do canario e nao promover"
EXC_00568,SAR_0158,permanent_water_confusion,risco de confundir agua permanente com inundacao (checar no futuro),false,true,true,"se o criterio ocorrer, excluir do canario e nao promover"
EXC_00569,SAR_0158,urban_shadow_layover,sombra/layover urbano no SAR (checar no futuro),false,true,true,"se o criterio ocorrer, excluir do canario e nao promover"
EXC_00570,SAR_0158,vegetation_ambiguity,ambiguidade por vegetacao (checar no futuro),false,true,true,"se o criterio ocorrer, excluir do canario e nao promover"
EXC_00571,SAR_0158,slope_hand_inconsistent,inconsistencia de declividade/HAND (checar no futuro),false,true,true,"se o criterio ocorrer, excluir do canario e nao promover"
EXC_00572,SAR_0158,no_qa_possible,sem QA humano possivel (checar no futuro),false,true,true,"se o criterio ocorrer, excluir do canario e nao promover"
EXC_00573,SAR_0159,no_patch_or_aoi,sem patch nem AOI minima para recorte,true,false,false,"se o criterio ocorrer, excluir do canario e nao promover"
EXC_00574,SAR_0159,permanent_water_confusion,risco de confundir agua permanente com inundacao (checar no futuro),false,true,true,"se o criterio ocorrer, excluir do canario e nao promover"
EXC_00575,SAR_0159,urban_shadow_layover,sombra/layover urbano no SAR (checar no futuro),false,true,true,"se o criterio ocorrer, excluir do canario e nao promover"
EXC_00576,SAR_0159,vegetation_ambiguity,ambiguidade por vegetacao (checar no futuro),false,true,true,"se o criterio ocorrer, excluir do canario e nao promover"
EXC_00577,SAR_0159,slope_hand_inconsistent,inconsistencia de declividade/HAND (checar no futuro),false,true,true,"se o criterio ocorrer, excluir do canario e nao promover"
EXC_00578,SAR_0159,no_qa_possible,sem QA humano possivel (checar no futuro),false,true,true,"se o criterio ocorrer, excluir do canario e nao promover"
EXC_00579,SAR_0160,no_patch_or_aoi,sem patch nem AOI minima para recorte,true,false,false,"se o criterio ocorrer, excluir do canario e nao promover"
EXC_00580,SAR_0160,permanent_water_confusion,risco de confundir agua permanente com inundacao (checar no futuro),false,true,true,"se o criterio ocorrer, excluir do canario e nao promover"
EXC_00581,SAR_0160,urban_shadow_layover,sombra/layover urbano no SAR (checar no futuro),false,true,true,"se o criterio ocorrer, excluir do canario e nao promover"
EXC_00582,SAR_0160,vegetation_ambiguity,ambiguidade por vegetacao (checar no futuro),false,true,true,"se o criterio ocorrer, excluir do canario e nao promover"
EXC_00583,SAR_0160,slope_hand_inconsistent,inconsistencia de declividade/HAND (checar no futuro),false,true,true,"se o criterio ocorrer, excluir do canario e nao promover"
EXC_00584,SAR_0160,no_qa_possible,sem QA humano possivel (checar no futuro),false,true,true,"se o criterio ocorrer, excluir do canario e nao promover"
EXC_00585,SAR_0161,no_patch_or_aoi,sem patch nem AOI minima para recorte,true,false,false,"se o criterio ocorrer, excluir do canario e nao promover"
EXC_00586,SAR_0161,permanent_water_confusion,risco de confundir agua permanente com inundacao (checar no futuro),false,true,true,"se o criterio ocorrer, excluir do canario e nao promover"
EXC_00587,SAR_0161,urban_shadow_layover,sombra/layover urbano no SAR (checar no futuro),false,true,true,"se o criterio ocorrer, excluir do canario e nao promover"
EXC_00588,SAR_0161,vegetation_ambiguity,ambiguidade por vegetacao (checar no futuro),false,true,true,"se o criterio ocorrer, excluir do canario e nao promover"
EXC_00589,SAR_0161,slope_hand_inconsistent,inconsistencia de declividade/HAND (checar no futuro),false,true,true,"se o criterio ocorrer, excluir do canario e nao promover"
EXC_00590,SAR_0161,no_qa_possible,sem QA humano possivel (checar no futuro),false,true,true,"se o criterio ocorrer, excluir do canario e nao promover"
EXC_00591,SAR_0162,no_patch_or_aoi,sem patch nem AOI minima para recorte,true,false,false,"se o criterio ocorrer, excluir do canario e nao promover"
EXC_00592,SAR_0162,permanent_water_confusion,risco de confundir agua permanente com inundacao (checar no futuro),false,true,true,"se o criterio ocorrer, excluir do canario e nao promover"
EXC_00593,SAR_0162,urban_shadow_layover,sombra/layover urbano no SAR (checar no futuro),false,true,true,"se o criterio ocorrer, excluir do canario e nao promover"
EXC_00594,SAR_0162,vegetation_ambiguity,ambiguidade por vegetacao (checar no futuro),false,true,true,"se o criterio ocorrer, excluir do canario e nao promover"
EXC_00595,SAR_0162,slope_hand_inconsistent,inconsistencia de declividade/HAND (checar no futuro),false,true,true,"se o criterio ocorrer, excluir do canario e nao promover"
EXC_00596,SAR_0162,no_qa_possible,sem QA humano possivel (checar no futuro),false,true,true,"se o criterio ocorrer, excluir do canario e nao promover"
EXC_00597,SAR_0163,no_patch_or_aoi,sem patch nem AOI minima para recorte,true,false,false,"se o criterio ocorrer, excluir do canario e nao promover"
EXC_00598,SAR_0163,permanent_water_confusion,risco de confundir agua permanente com inundacao (checar no futuro),false,true,true,"se o criterio ocorrer, excluir do canario e nao promover"
EXC_00599,SAR_0163,urban_shadow_layover,sombra/layover urbano no SAR (checar no futuro),false,true,true,"se o criterio ocorrer, excluir do canario e nao promover"
EXC_00600,SAR_0163,vegetation_ambiguity,ambiguidade por vegetacao (checar no futuro),false,true,true,"se o criterio ocorrer, excluir do canario e nao promover"
EXC_00601,SAR_0163,slope_hand_inconsistent,inconsistencia de declividade/HAND (checar no futuro),false,true,true,"se o criterio ocorrer, excluir do canario e nao promover"
EXC_00602,SAR_0163,no_qa_possible,sem QA humano possivel (checar no futuro),false,true,true,"se o criterio ocorrer, excluir do canario e nao promover"
EXC_00603,SAR_0164,no_patch_or_aoi,sem patch nem AOI minima para recorte,true,false,false,"se o criterio ocorrer, excluir do canario e nao promover"
EXC_00604,SAR_0164,permanent_water_confusion,risco de confundir agua permanente com inundacao (checar no futuro),false,true,true,"se o criterio ocorrer, excluir do canario e nao promover"
EXC_00605,SAR_0164,urban_shadow_layover,sombra/layover urbano no SAR (checar no futuro),false,true,true,"se o criterio ocorrer, excluir do canario e nao promover"
EXC_00606,SAR_0164,vegetation_ambiguity,ambiguidade por vegetacao (checar no futuro),false,true,true,"se o criterio ocorrer, excluir do canario e nao promover"
EXC_00607,SAR_0164,slope_hand_inconsistent,inconsistencia de declividade/HAND (checar no futuro),false,true,true,"se o criterio ocorrer, excluir do canario e nao promover"
EXC_00608,SAR_0164,no_qa_possible,sem QA humano possivel (checar no futuro),false,true,true,"se o criterio ocorrer, excluir do canario e nao promover"
EXC_00609,SAR_0165,no_patch_or_aoi,sem patch nem AOI minima para recorte,true,false,false,"se o criterio ocorrer, excluir do canario e nao promover"
EXC_00610,SAR_0165,permanent_water_confusion,risco de confundir agua permanente com inundacao (checar no futuro),false,true,true,"se o criterio ocorrer, excluir do canario e nao promover"
EXC_00611,SAR_0165,urban_shadow_layover,sombra/layover urbano no SAR (checar no futuro),false,true,true,"se o criterio ocorrer, excluir do canario e nao promover"
EXC_00612,SAR_0165,vegetation_ambiguity,ambiguidade por vegetacao (checar no futuro),false,true,true,"se o criterio ocorrer, excluir do canario e nao promover"
EXC_00613,SAR_0165,slope_hand_inconsistent,inconsistencia de declividade/HAND (checar no futuro),false,true,true,"se o criterio ocorrer, excluir do canario e nao promover"
EXC_00614,SAR_0165,no_qa_possible,sem QA humano possivel (checar no futuro),false,true,true,"se o criterio ocorrer, excluir do canario e nao promover"
EXC_00615,SAR_0166,no_patch_or_aoi,sem patch nem AOI minima para recorte,true,false,false,"se o criterio ocorrer, excluir do canario e nao promover"
EXC_00616,SAR_0166,permanent_water_confusion,risco de confundir agua permanente com inundacao (checar no futuro),false,true,true,"se o criterio ocorrer, excluir do canario e nao promover"
EXC_00617,SAR_0166,urban_shadow_layover,sombra/layover urbano no SAR (checar no futuro),false,true,true,"se o criterio ocorrer, excluir do canario e nao promover"
EXC_00618,SAR_0166,vegetation_ambiguity,ambiguidade por vegetacao (checar no futuro),false,true,true,"se o criterio ocorrer, excluir do canario e nao promover"
EXC_00619,SAR_0166,slope_hand_inconsistent,inconsistencia de declividade/HAND (checar no futuro),false,true,true,"se o criterio ocorrer, excluir do canario e nao promover"
EXC_00620,SAR_0166,no_qa_possible,sem QA humano possivel (checar no futuro),false,true,true,"se o criterio ocorrer, excluir do canario e nao promover"
EXC_00621,SAR_0167,no_patch_or_aoi,sem patch nem AOI minima para recorte,true,false,false,"se o criterio ocorrer, excluir do canario e nao promover"
EXC_00622,SAR_0167,permanent_water_confusion,risco de confundir agua permanente com inundacao (checar no futuro),false,true,true,"se o criterio ocorrer, excluir do canario e nao promover"
EXC_00623,SAR_0167,urban_shadow_layover,sombra/layover urbano no SAR (checar no futuro),false,true,true,"se o criterio ocorrer, excluir do canario e nao promover"
EXC_00624,SAR_0167,vegetation_ambiguity,ambiguidade por vegetacao (checar no futuro),false,true,true,"se o criterio ocorrer, excluir do canario e nao promover"
EXC_00625,SAR_0167,slope_hand_inconsistent,inconsistencia de declividade/HAND (checar no futuro),false,true,true,"se o criterio ocorrer, excluir do canario e nao promover"
EXC_00626,SAR_0167,no_qa_possible,sem QA humano possivel (checar no futuro),false,true,true,"se o criterio ocorrer, excluir do canario e nao promover"
EXC_00627,SAR_0168,no_patch_or_aoi,sem patch nem AOI minima para recorte,true,false,false,"se o criterio ocorrer, excluir do canario e nao promover"
EXC_00628,SAR_0168,permanent_water_confusion,risco de confundir agua permanente com inundacao (checar no futuro),false,true,true,"se o criterio ocorrer, excluir do canario e nao promover"
EXC_00629,SAR_0168,urban_shadow_layover,sombra/layover urbano no SAR (checar no futuro),false,true,true,"se o criterio ocorrer, excluir do canario e nao promover"
EXC_00630,SAR_0168,vegetation_ambiguity,ambiguidade por vegetacao (checar no futuro),false,true,true,"se o criterio ocorrer, excluir do canario e nao promover"
EXC_00631,SAR_0168,slope_hand_inconsistent,inconsistencia de declividade/HAND (checar no futuro),false,true,true,"se o criterio ocorrer, excluir do canario e nao promover"
EXC_00632,SAR_0168,no_qa_possible,sem QA humano possivel (checar no futuro),false,true,true,"se o criterio ocorrer, excluir do canario e nao promover"
EXC_00633,SAR_0169,no_patch_or_aoi,sem patch nem AOI minima para recorte,true,false,false,"se o criterio ocorrer, excluir do canario e nao promover"
EXC_00634,SAR_0169,permanent_water_confusion,risco de confundir agua permanente com inundacao (checar no futuro),false,true,true,"se o criterio ocorrer, excluir do canario e nao promover"
EXC_00635,SAR_0169,urban_shadow_layover,sombra/layover urbano no SAR (checar no futuro),false,true,true,"se o criterio ocorrer, excluir do canario e nao promover"
EXC_00636,SAR_0169,vegetation_ambiguity,ambiguidade por vegetacao (checar no futuro),false,true,true,"se o criterio ocorrer, excluir do canario e nao promover"
EXC_00637,SAR_0169,slope_hand_inconsistent,inconsistencia de declividade/HAND (checar no futuro),false,true,true,"se o criterio ocorrer, excluir do canario e nao promover"
EXC_00638,SAR_0169,no_qa_possible,sem QA humano possivel (checar no futuro),false,true,true,"se o criterio ocorrer, excluir do canario e nao promover"
EXC_00639,SAR_0170,no_patch_or_aoi,sem patch nem AOI minima para recorte,true,false,false,"se o criterio ocorrer, excluir do canario e nao promover"
EXC_00640,SAR_0170,permanent_water_confusion,risco de confundir agua permanente com inundacao (checar no futuro),false,true,true,"se o criterio ocorrer, excluir do canario e nao promover"
EXC_00641,SAR_0170,urban_shadow_layover,sombra/layover urbano no SAR (checar no futuro),false,true,true,"se o criterio ocorrer, excluir do canario e nao promover"
EXC_00642,SAR_0170,vegetation_ambiguity,ambiguidade por vegetacao (checar no futuro),false,true,true,"se o criterio ocorrer, excluir do canario e nao promover"
EXC_00643,SAR_0170,slope_hand_inconsistent,inconsistencia de declividade/HAND (checar no futuro),false,true,true,"se o criterio ocorrer, excluir do canario e nao promover"
EXC_00644,SAR_0170,no_qa_possible,sem QA humano possivel (checar no futuro),false,true,true,"se o criterio ocorrer, excluir do canario e nao promover"
EXC_00645,SAR_0171,no_patch_or_aoi,sem patch nem AOI minima para recorte,true,false,false,"se o criterio ocorrer, excluir do canario e nao promover"
EXC_00646,SAR_0171,permanent_water_confusion,risco de confundir agua permanente com inundacao (checar no futuro),false,true,true,"se o criterio ocorrer, excluir do canario e nao promover"
EXC_00647,SAR_0171,urban_shadow_layover,sombra/layover urbano no SAR (checar no futuro),false,true,true,"se o criterio ocorrer, excluir do canario e nao promover"
EXC_00648,SAR_0171,vegetation_ambiguity,ambiguidade por vegetacao (checar no futuro),false,true,true,"se o criterio ocorrer, excluir do canario e nao promover"
EXC_00649,SAR_0171,slope_hand_inconsistent,inconsistencia de declividade/HAND (checar no futuro),false,true,true,"se o criterio ocorrer, excluir do canario e nao promover"
EXC_00650,SAR_0171,no_qa_possible,sem QA humano possivel (checar no futuro),false,true,true,"se o criterio ocorrer, excluir do canario e nao promover"
EXC_00651,SAR_0172,no_patch_or_aoi,sem patch nem AOI minima para recorte,true,false,false,"se o criterio ocorrer, excluir do canario e nao promover"
EXC_00652,SAR_0172,permanent_water_confusion,risco de confundir agua permanente com inundacao (checar no futuro),false,true,true,"se o criterio ocorrer, excluir do canario e nao promover"
EXC_00653,SAR_0172,urban_shadow_layover,sombra/layover urbano no SAR (checar no futuro),false,true,true,"se o criterio ocorrer, excluir do canario e nao promover"
EXC_00654,SAR_0172,vegetation_ambiguity,ambiguidade por vegetacao (checar no futuro),false,true,true,"se o criterio ocorrer, excluir do canario e nao promover"
EXC_00655,SAR_0172,slope_hand_inconsistent,inconsistencia de declividade/HAND (checar no futuro),false,true,true,"se o criterio ocorrer, excluir do canario e nao promover"
EXC_00656,SAR_0172,no_qa_possible,sem QA humano possivel (checar no futuro),false,true,true,"se o criterio ocorrer, excluir do canario e nao promover"
EXC_00657,SAR_0173,no_patch_or_aoi,sem patch nem AOI minima para recorte,true,false,false,"se o criterio ocorrer, excluir do canario e nao promover"
EXC_00658,SAR_0173,permanent_water_confusion,risco de confundir agua permanente com inundacao (checar no futuro),false,true,true,"se o criterio ocorrer, excluir do canario e nao promover"
EXC_00659,SAR_0173,urban_shadow_layover,sombra/layover urbano no SAR (checar no futuro),false,true,true,"se o criterio ocorrer, excluir do canario e nao promover"
EXC_00660,SAR_0173,vegetation_ambiguity,ambiguidade por vegetacao (checar no futuro),false,true,true,"se o criterio ocorrer, excluir do canario e nao promover"
EXC_00661,SAR_0173,slope_hand_inconsistent,inconsistencia de declividade/HAND (checar no futuro),false,true,true,"se o criterio ocorrer, excluir do canario e nao promover"
EXC_00662,SAR_0173,no_qa_possible,sem QA humano possivel (checar no futuro),false,true,true,"se o criterio ocorrer, excluir do canario e nao promover"
EXC_00663,SAR_0174,temporal_window_missing,sem janela pre/pos-evento; SAR nao pode ser recortado no tempo,true,false,false,"se o criterio ocorrer, excluir do canario e nao promover"
EXC_00664,SAR_0174,mixed_landslide_flood,evento misto inundacao/deslizamento sem separacao,true,false,false,"se o criterio ocorrer, excluir do canario e nao promover"
EXC_00665,SAR_0174,no_patch_or_aoi,sem patch nem AOI minima para recorte,true,false,false,"se o criterio ocorrer, excluir do canario e nao promover"
EXC_00666,SAR_0175,mixed_landslide_flood,evento misto inundacao/deslizamento sem separacao,true,false,false,"se o criterio ocorrer, excluir do canario e nao promover"
EXC_00667,SAR_0175,no_patch_or_aoi,sem patch nem AOI minima para recorte,true,false,false,"se o criterio ocorrer, excluir do canario e nao promover"
EXC_00668,SAR_0175,permanent_water_confusion,risco de confundir agua permanente com inundacao (checar no futuro),false,true,true,"se o criterio ocorrer, excluir do canario e nao promover"
EXC_00669,SAR_0175,urban_shadow_layover,sombra/layover urbano no SAR (checar no futuro),false,true,true,"se o criterio ocorrer, excluir do canario e nao promover"
EXC_00670,SAR_0175,vegetation_ambiguity,ambiguidade por vegetacao (checar no futuro),false,true,true,"se o criterio ocorrer, excluir do canario e nao promover"
EXC_00671,SAR_0175,slope_hand_inconsistent,inconsistencia de declividade/HAND (checar no futuro),false,true,true,"se o criterio ocorrer, excluir do canario e nao promover"
EXC_00672,SAR_0175,no_qa_possible,sem QA humano possivel (checar no futuro),false,true,true,"se o criterio ocorrer, excluir do canario e nao promover"
EXC_00673,SAR_0176,mixed_landslide_flood,evento misto inundacao/deslizamento sem separacao,true,false,false,"se o criterio ocorrer, excluir do canario e nao promover"
EXC_00674,SAR_0176,no_patch_or_aoi,sem patch nem AOI minima para recorte,true,false,false,"se o criterio ocorrer, excluir do canario e nao promover"
EXC_00675,SAR_0176,permanent_water_confusion,risco de confundir agua permanente com inundacao (checar no futuro),false,true,true,"se o criterio ocorrer, excluir do canario e nao promover"
EXC_00676,SAR_0176,urban_shadow_layover,sombra/layover urbano no SAR (checar no futuro),false,true,true,"se o criterio ocorrer, excluir do canario e nao promover"
EXC_00677,SAR_0176,vegetation_ambiguity,ambiguidade por vegetacao (checar no futuro),false,true,true,"se o criterio ocorrer, excluir do canario e nao promover"
EXC_00678,SAR_0176,slope_hand_inconsistent,inconsistencia de declividade/HAND (checar no futuro),false,true,true,"se o criterio ocorrer, excluir do canario e nao promover"
EXC_00679,SAR_0176,no_qa_possible,sem QA humano possivel (checar no futuro),false,true,true,"se o criterio ocorrer, excluir do canario e nao promover"
EXC_00680,SAR_0177,mixed_landslide_flood,evento misto inundacao/deslizamento sem separacao,true,false,false,"se o criterio ocorrer, excluir do canario e nao promover"
EXC_00681,SAR_0177,no_patch_or_aoi,sem patch nem AOI minima para recorte,true,false,false,"se o criterio ocorrer, excluir do canario e nao promover"
EXC_00682,SAR_0177,permanent_water_confusion,risco de confundir agua permanente com inundacao (checar no futuro),false,true,true,"se o criterio ocorrer, excluir do canario e nao promover"
EXC_00683,SAR_0177,urban_shadow_layover,sombra/layover urbano no SAR (checar no futuro),false,true,true,"se o criterio ocorrer, excluir do canario e nao promover"
EXC_00684,SAR_0177,vegetation_ambiguity,ambiguidade por vegetacao (checar no futuro),false,true,true,"se o criterio ocorrer, excluir do canario e nao promover"
EXC_00685,SAR_0177,slope_hand_inconsistent,inconsistencia de declividade/HAND (checar no futuro),false,true,true,"se o criterio ocorrer, excluir do canario e nao promover"
EXC_00686,SAR_0177,no_qa_possible,sem QA humano possivel (checar no futuro),false,true,true,"se o criterio ocorrer, excluir do canario e nao promover"
EXC_00687,SAR_0178,mixed_landslide_flood,evento misto inundacao/deslizamento sem separacao,true,false,false,"se o criterio ocorrer, excluir do canario e nao promover"
EXC_00688,SAR_0178,no_patch_or_aoi,sem patch nem AOI minima para recorte,true,false,false,"se o criterio ocorrer, excluir do canario e nao promover"
EXC_00689,SAR_0178,permanent_water_confusion,risco de confundir agua permanente com inundacao (checar no futuro),false,true,true,"se o criterio ocorrer, excluir do canario e nao promover"
EXC_00690,SAR_0178,urban_shadow_layover,sombra/layover urbano no SAR (checar no futuro),false,true,true,"se o criterio ocorrer, excluir do canario e nao promover"
EXC_00691,SAR_0178,vegetation_ambiguity,ambiguidade por vegetacao (checar no futuro),false,true,true,"se o criterio ocorrer, excluir do canario e nao promover"
EXC_00692,SAR_0178,slope_hand_inconsistent,inconsistencia de declividade/HAND (checar no futuro),false,true,true,"se o criterio ocorrer, excluir do canario e nao promover"
EXC_00693,SAR_0178,no_qa_possible,sem QA humano possivel (checar no futuro),false,true,true,"se o criterio ocorrer, excluir do canario e nao promover"
EXC_00694,SAR_0179,mixed_landslide_flood,evento misto inundacao/deslizamento sem separacao,true,false,false,"se o criterio ocorrer, excluir do canario e nao promover"
EXC_00695,SAR_0179,no_patch_or_aoi,sem patch nem AOI minima para recorte,true,false,false,"se o criterio ocorrer, excluir do canario e nao promover"
EXC_00696,SAR_0179,permanent_water_confusion,risco de confundir agua permanente com inundacao (checar no futuro),false,true,true,"se o criterio ocorrer, excluir do canario e nao promover"
EXC_00697,SAR_0179,urban_shadow_layover,sombra/layover urbano no SAR (checar no futuro),false,true,true,"se o criterio ocorrer, excluir do canario e nao promover"
EXC_00698,SAR_0179,vegetation_ambiguity,ambiguidade por vegetacao (checar no futuro),false,true,true,"se o criterio ocorrer, excluir do canario e nao promover"
EXC_00699,SAR_0179,slope_hand_inconsistent,inconsistencia de declividade/HAND (checar no futuro),false,true,true,"se o criterio ocorrer, excluir do canario e nao promover"
EXC_00700,SAR_0179,no_qa_possible,sem QA humano possivel (checar no futuro),false,true,true,"se o criterio ocorrer, excluir do canario e nao promover"
EXC_00701,SAR_0180,mixed_landslide_flood,evento misto inundacao/deslizamento sem separacao,true,false,false,"se o criterio ocorrer, excluir do canario e nao promover"
EXC_00702,SAR_0180,no_patch_or_aoi,sem patch nem AOI minima para recorte,true,false,false,"se o criterio ocorrer, excluir do canario e nao promover"
EXC_00703,SAR_0180,permanent_water_confusion,risco de confundir agua permanente com inundacao (checar no futuro),false,true,true,"se o criterio ocorrer, excluir do canario e nao promover"
EXC_00704,SAR_0180,urban_shadow_layover,sombra/layover urbano no SAR (checar no futuro),false,true,true,"se o criterio ocorrer, excluir do canario e nao promover"
EXC_00705,SAR_0180,vegetation_ambiguity,ambiguidade por vegetacao (checar no futuro),false,true,true,"se o criterio ocorrer, excluir do canario e nao promover"
EXC_00706,SAR_0180,slope_hand_inconsistent,inconsistencia de declividade/HAND (checar no futuro),false,true,true,"se o criterio ocorrer, excluir do canario e nao promover"
EXC_00707,SAR_0180,no_qa_possible,sem QA humano possivel (checar no futuro),false,true,true,"se o criterio ocorrer, excluir do canario e nao promover"
EXC_00708,SAR_0181,no_patch_or_aoi,sem patch nem AOI minima para recorte,true,false,false,"se o criterio ocorrer, excluir do canario e nao promover"
EXC_00709,SAR_0181,permanent_water_confusion,risco de confundir agua permanente com inundacao (checar no futuro),false,true,true,"se o criterio ocorrer, excluir do canario e nao promover"
EXC_00710,SAR_0181,urban_shadow_layover,sombra/layover urbano no SAR (checar no futuro),false,true,true,"se o criterio ocorrer, excluir do canario e nao promover"
EXC_00711,SAR_0181,vegetation_ambiguity,ambiguidade por vegetacao (checar no futuro),false,true,true,"se o criterio ocorrer, excluir do canario e nao promover"
EXC_00712,SAR_0181,slope_hand_inconsistent,inconsistencia de declividade/HAND (checar no futuro),false,true,true,"se o criterio ocorrer, excluir do canario e nao promover"
EXC_00713,SAR_0181,no_qa_possible,sem QA humano possivel (checar no futuro),false,true,true,"se o criterio ocorrer, excluir do canario e nao promover"
EXC_00714,SAR_0182,temporal_window_missing,sem janela pre/pos-evento; SAR nao pode ser recortado no tempo,true,false,false,"se o criterio ocorrer, excluir do canario e nao promover"
EXC_00715,SAR_0182,no_patch_or_aoi,sem patch nem AOI minima para recorte,true,false,false,"se o criterio ocorrer, excluir do canario e nao promover"
EXC_00716,SAR_0183,temporal_window_missing,sem janela pre/pos-evento; SAR nao pode ser recortado no tempo,true,false,false,"se o criterio ocorrer, excluir do canario e nao promover"
EXC_00717,SAR_0183,no_patch_or_aoi,sem patch nem AOI minima para recorte,true,false,false,"se o criterio ocorrer, excluir do canario e nao promover"
EXC_00718,SAR_0184,mixed_landslide_flood,evento misto inundacao/deslizamento sem separacao,true,false,false,"se o criterio ocorrer, excluir do canario e nao promover"
EXC_00719,SAR_0184,no_patch_or_aoi,sem patch nem AOI minima para recorte,true,false,false,"se o criterio ocorrer, excluir do canario e nao promover"
EXC_00720,SAR_0184,permanent_water_confusion,risco de confundir agua permanente com inundacao (checar no futuro),false,true,true,"se o criterio ocorrer, excluir do canario e nao promover"
EXC_00721,SAR_0184,urban_shadow_layover,sombra/layover urbano no SAR (checar no futuro),false,true,true,"se o criterio ocorrer, excluir do canario e nao promover"
EXC_00722,SAR_0184,vegetation_ambiguity,ambiguidade por vegetacao (checar no futuro),false,true,true,"se o criterio ocorrer, excluir do canario e nao promover"
EXC_00723,SAR_0184,slope_hand_inconsistent,inconsistencia de declividade/HAND (checar no futuro),false,true,true,"se o criterio ocorrer, excluir do canario e nao promover"
EXC_00724,SAR_0184,no_qa_possible,sem QA humano possivel (checar no futuro),false,true,true,"se o criterio ocorrer, excluir do canario e nao promover"
EXC_00725,SAR_0185,mixed_landslide_flood,evento misto inundacao/deslizamento sem separacao,true,false,false,"se o criterio ocorrer, excluir do canario e nao promover"
EXC_00726,SAR_0185,no_patch_or_aoi,sem patch nem AOI minima para recorte,true,false,false,"se o criterio ocorrer, excluir do canario e nao promover"
EXC_00727,SAR_0185,permanent_water_confusion,risco de confundir agua permanente com inundacao (checar no futuro),false,true,true,"se o criterio ocorrer, excluir do canario e nao promover"
EXC_00728,SAR_0185,urban_shadow_layover,sombra/layover urbano no SAR (checar no futuro),false,true,true,"se o criterio ocorrer, excluir do canario e nao promover"
EXC_00729,SAR_0185,vegetation_ambiguity,ambiguidade por vegetacao (checar no futuro),false,true,true,"se o criterio ocorrer, excluir do canario e nao promover"
EXC_00730,SAR_0185,slope_hand_inconsistent,inconsistencia de declividade/HAND (checar no futuro),false,true,true,"se o criterio ocorrer, excluir do canario e nao promover"
EXC_00731,SAR_0185,no_qa_possible,sem QA humano possivel (checar no futuro),false,true,true,"se o criterio ocorrer, excluir do canario e nao promover"
EXC_00732,SAR_0186,permanent_water_confusion,risco de confundir agua permanente com inundacao (checar no futuro),false,true,true,"se o criterio ocorrer, excluir do canario e nao promover"
EXC_00733,SAR_0186,urban_shadow_layover,sombra/layover urbano no SAR (checar no futuro),false,true,true,"se o criterio ocorrer, excluir do canario e nao promover"
EXC_00734,SAR_0186,vegetation_ambiguity,ambiguidade por vegetacao (checar no futuro),false,true,true,"se o criterio ocorrer, excluir do canario e nao promover"
EXC_00735,SAR_0186,slope_hand_inconsistent,inconsistencia de declividade/HAND (checar no futuro),false,true,true,"se o criterio ocorrer, excluir do canario e nao promover"
EXC_00736,SAR_0186,no_qa_possible,sem QA humano possivel (checar no futuro),false,true,true,"se o criterio ocorrer, excluir do canario e nao promover"
EXC_00737,SAR_0187,permanent_water_confusion,risco de confundir agua permanente com inundacao (checar no futuro),false,true,true,"se o criterio ocorrer, excluir do canario e nao promover"
EXC_00738,SAR_0187,urban_shadow_layover,sombra/layover urbano no SAR (checar no futuro),false,true,true,"se o criterio ocorrer, excluir do canario e nao promover"
EXC_00739,SAR_0187,vegetation_ambiguity,ambiguidade por vegetacao (checar no futuro),false,true,true,"se o criterio ocorrer, excluir do canario e nao promover"
EXC_00740,SAR_0187,slope_hand_inconsistent,inconsistencia de declividade/HAND (checar no futuro),false,true,true,"se o criterio ocorrer, excluir do canario e nao promover"
EXC_00741,SAR_0187,no_qa_possible,sem QA humano possivel (checar no futuro),false,true,true,"se o criterio ocorrer, excluir do canario e nao promover"
EXC_00742,SAR_0188,permanent_water_confusion,risco de confundir agua permanente com inundacao (checar no futuro),false,true,true,"se o criterio ocorrer, excluir do canario e nao promover"
EXC_00743,SAR_0188,urban_shadow_layover,sombra/layover urbano no SAR (checar no futuro),false,true,true,"se o criterio ocorrer, excluir do canario e nao promover"
EXC_00744,SAR_0188,vegetation_ambiguity,ambiguidade por vegetacao (checar no futuro),false,true,true,"se o criterio ocorrer, excluir do canario e nao promover"
EXC_00745,SAR_0188,slope_hand_inconsistent,inconsistencia de declividade/HAND (checar no futuro),false,true,true,"se o criterio ocorrer, excluir do canario e nao promover"
EXC_00746,SAR_0188,no_qa_possible,sem QA humano possivel (checar no futuro),false,true,true,"se o criterio ocorrer, excluir do canario e nao promover"
EXC_00747,SAR_0189,no_patch_or_aoi,sem patch nem AOI minima para recorte,true,false,false,"se o criterio ocorrer, excluir do canario e nao promover"
EXC_00748,SAR_0189,permanent_water_confusion,risco de confundir agua permanente com inundacao (checar no futuro),false,true,true,"se o criterio ocorrer, excluir do canario e nao promover"
EXC_00749,SAR_0189,urban_shadow_layover,sombra/layover urbano no SAR (checar no futuro),false,true,true,"se o criterio ocorrer, excluir do canario e nao promover"
EXC_00750,SAR_0189,vegetation_ambiguity,ambiguidade por vegetacao (checar no futuro),false,true,true,"se o criterio ocorrer, excluir do canario e nao promover"
EXC_00751,SAR_0189,slope_hand_inconsistent,inconsistencia de declividade/HAND (checar no futuro),false,true,true,"se o criterio ocorrer, excluir do canario e nao promover"
EXC_00752,SAR_0189,no_qa_possible,sem QA humano possivel (checar no futuro),false,true,true,"se o criterio ocorrer, excluir do canario e nao promover"
EXC_00753,SAR_0190,no_patch_or_aoi,sem patch nem AOI minima para recorte,true,false,false,"se o criterio ocorrer, excluir do canario e nao promover"
EXC_00754,SAR_0190,permanent_water_confusion,risco de confundir agua permanente com inundacao (checar no futuro),false,true,true,"se o criterio ocorrer, excluir do canario e nao promover"
EXC_00755,SAR_0190,urban_shadow_layover,sombra/layover urbano no SAR (checar no futuro),false,true,true,"se o criterio ocorrer, excluir do canario e nao promover"
EXC_00756,SAR_0190,vegetation_ambiguity,ambiguidade por vegetacao (checar no futuro),false,true,true,"se o criterio ocorrer, excluir do canario e nao promover"
EXC_00757,SAR_0190,slope_hand_inconsistent,inconsistencia de declividade/HAND (checar no futuro),false,true,true,"se o criterio ocorrer, excluir do canario e nao promover"
EXC_00758,SAR_0190,no_qa_possible,sem QA humano possivel (checar no futuro),false,true,true,"se o criterio ocorrer, excluir do canario e nao promover"
EXC_00759,SAR_0191,no_patch_or_aoi,sem patch nem AOI minima para recorte,true,false,false,"se o criterio ocorrer, excluir do canario e nao promover"
EXC_00760,SAR_0191,permanent_water_confusion,risco de confundir agua permanente com inundacao (checar no futuro),false,true,true,"se o criterio ocorrer, excluir do canario e nao promover"
EXC_00761,SAR_0191,urban_shadow_layover,sombra/layover urbano no SAR (checar no futuro),false,true,true,"se o criterio ocorrer, excluir do canario e nao promover"
EXC_00762,SAR_0191,vegetation_ambiguity,ambiguidade por vegetacao (checar no futuro),false,true,true,"se o criterio ocorrer, excluir do canario e nao promover"
EXC_00763,SAR_0191,slope_hand_inconsistent,inconsistencia de declividade/HAND (checar no futuro),false,true,true,"se o criterio ocorrer, excluir do canario e nao promover"
EXC_00764,SAR_0191,no_qa_possible,sem QA humano possivel (checar no futuro),false,true,true,"se o criterio ocorrer, excluir do canario e nao promover"
EXC_00765,SAR_0192,no_patch_or_aoi,sem patch nem AOI minima para recorte,true,false,false,"se o criterio ocorrer, excluir do canario e nao promover"
EXC_00766,SAR_0192,permanent_water_confusion,risco de confundir agua permanente com inundacao (checar no futuro),false,true,true,"se o criterio ocorrer, excluir do canario e nao promover"
EXC_00767,SAR_0192,urban_shadow_layover,sombra/layover urbano no SAR (checar no futuro),false,true,true,"se o criterio ocorrer, excluir do canario e nao promover"
EXC_00768,SAR_0192,vegetation_ambiguity,ambiguidade por vegetacao (checar no futuro),false,true,true,"se o criterio ocorrer, excluir do canario e nao promover"
EXC_00769,SAR_0192,slope_hand_inconsistent,inconsistencia de declividade/HAND (checar no futuro),false,true,true,"se o criterio ocorrer, excluir do canario e nao promover"
EXC_00770,SAR_0192,no_qa_possible,sem QA humano possivel (checar no futuro),false,true,true,"se o criterio ocorrer, excluir do canario e nao promover"
EXC_00771,SAR_0193,no_patch_or_aoi,sem patch nem AOI minima para recorte,true,false,false,"se o criterio ocorrer, excluir do canario e nao promover"
EXC_00772,SAR_0193,permanent_water_confusion,risco de confundir agua permanente com inundacao (checar no futuro),false,true,true,"se o criterio ocorrer, excluir do canario e nao promover"
EXC_00773,SAR_0193,urban_shadow_layover,sombra/layover urbano no SAR (checar no futuro),false,true,true,"se o criterio ocorrer, excluir do canario e nao promover"
EXC_00774,SAR_0193,vegetation_ambiguity,ambiguidade por vegetacao (checar no futuro),false,true,true,"se o criterio ocorrer, excluir do canario e nao promover"
EXC_00775,SAR_0193,slope_hand_inconsistent,inconsistencia de declividade/HAND (checar no futuro),false,true,true,"se o criterio ocorrer, excluir do canario e nao promover"
EXC_00776,SAR_0193,no_qa_possible,sem QA humano possivel (checar no futuro),false,true,true,"se o criterio ocorrer, excluir do canario e nao promover"
EXC_00777,SAR_0194,temporal_window_missing,sem janela pre/pos-evento; SAR nao pode ser recortado no tempo,true,false,false,"se o criterio ocorrer, excluir do canario e nao promover"
EXC_00778,SAR_0195,temporal_window_missing,sem janela pre/pos-evento; SAR nao pode ser recortado no tempo,true,false,false,"se o criterio ocorrer, excluir do canario e nao promover"
EXC_00779,SAR_0196,temporal_window_missing,sem janela pre/pos-evento; SAR nao pode ser recortado no tempo,true,false,false,"se o criterio ocorrer, excluir do canario e nao promover"
EXC_00780,SAR_0197,temporal_window_missing,sem janela pre/pos-evento; SAR nao pode ser recortado no tempo,true,false,false,"se o criterio ocorrer, excluir do canario e nao promover"
EXC_00781,SAR_0198,temporal_window_missing,sem janela pre/pos-evento; SAR nao pode ser recortado no tempo,true,false,false,"se o criterio ocorrer, excluir do canario e nao promover"
EXC_00782,SAR_0199,temporal_window_missing,sem janela pre/pos-evento; SAR nao pode ser recortado no tempo,true,false,false,"se o criterio ocorrer, excluir do canario e nao promover"
EXC_00783,SAR_0200,temporal_window_missing,sem janela pre/pos-evento; SAR nao pode ser recortado no tempo,true,false,false,"se o criterio ocorrer, excluir do canario e nao promover"
EXC_00784,SAR_0201,temporal_window_missing,sem janela pre/pos-evento; SAR nao pode ser recortado no tempo,true,false,false,"se o criterio ocorrer, excluir do canario e nao promover"
EXC_00785,SAR_0202,temporal_window_missing,sem janela pre/pos-evento; SAR nao pode ser recortado no tempo,true,false,false,"se o criterio ocorrer, excluir do canario e nao promover"
EXC_00786,SAR_0203,temporal_window_missing,sem janela pre/pos-evento; SAR nao pode ser recortado no tempo,true,false,false,"se o criterio ocorrer, excluir do canario e nao promover"
EXC_00787,SAR_0204,temporal_window_missing,sem janela pre/pos-evento; SAR nao pode ser recortado no tempo,true,false,false,"se o criterio ocorrer, excluir do canario e nao promover"
EXC_00788,SAR_0205,temporal_window_missing,sem janela pre/pos-evento; SAR nao pode ser recortado no tempo,true,false,false,"se o criterio ocorrer, excluir do canario e nao promover"
EXC_00789,SAR_0206,temporal_window_missing,sem janela pre/pos-evento; SAR nao pode ser recortado no tempo,true,false,false,"se o criterio ocorrer, excluir do canario e nao promover"
EXC_00790,SAR_0206,mixed_landslide_flood,evento misto inundacao/deslizamento sem separacao,true,false,false,"se o criterio ocorrer, excluir do canario e nao promover"
EXC_00791,SAR_0206,no_patch_or_aoi,sem patch nem AOI minima para recorte,true,false,false,"se o criterio ocorrer, excluir do canario e nao promover"
EXC_00792,SAR_0207,temporal_window_missing,sem janela pre/pos-evento; SAR nao pode ser recortado no tempo,true,false,false,"se o criterio ocorrer, excluir do canario e nao promover"
EXC_00793,SAR_0208,temporal_window_missing,sem janela pre/pos-evento; SAR nao pode ser recortado no tempo,true,false,false,"se o criterio ocorrer, excluir do canario e nao promover"
EXC_00794,SAR_0209,temporal_window_missing,sem janela pre/pos-evento; SAR nao pode ser recortado no tempo,true,false,false,"se o criterio ocorrer, excluir do canario e nao promover"
EXC_00795,SAR_0210,temporal_window_missing,sem janela pre/pos-evento; SAR nao pode ser recortado no tempo,true,false,false,"se o criterio ocorrer, excluir do canario e nao promover"
EXC_00796,SAR_0211,temporal_window_missing,sem janela pre/pos-evento; SAR nao pode ser recortado no tempo,true,false,false,"se o criterio ocorrer, excluir do canario e nao promover"
EXC_00797,SAR_0212,temporal_window_missing,sem janela pre/pos-evento; SAR nao pode ser recortado no tempo,true,false,false,"se o criterio ocorrer, excluir do canario e nao promover"
EXC_00798,SAR_0213,temporal_window_missing,sem janela pre/pos-evento; SAR nao pode ser recortado no tempo,true,false,false,"se o criterio ocorrer, excluir do canario e nao promover"
EXC_00799,SAR_0214,temporal_window_missing,sem janela pre/pos-evento; SAR nao pode ser recortado no tempo,true,false,false,"se o criterio ocorrer, excluir do canario e nao promover"
EXC_00800,SAR_0215,temporal_window_missing,sem janela pre/pos-evento; SAR nao pode ser recortado no tempo,true,false,false,"se o criterio ocorrer, excluir do canario e nao promover"
EXC_00801,SAR_0216,temporal_window_missing,sem janela pre/pos-evento; SAR nao pode ser recortado no tempo,true,false,false,"se o criterio ocorrer, excluir do canario e nao promover"
EXC_00802,SAR_0217,temporal_window_missing,sem janela pre/pos-evento; SAR nao pode ser recortado no tempo,true,false,false,"se o criterio ocorrer, excluir do canario e nao promover"
EXC_00803,SAR_0218,temporal_window_missing,sem janela pre/pos-evento; SAR nao pode ser recortado no tempo,true,false,false,"se o criterio ocorrer, excluir do canario e nao promover"
EXC_00804,SAR_0219,temporal_window_missing,sem janela pre/pos-evento; SAR nao pode ser recortado no tempo,true,false,false,"se o criterio ocorrer, excluir do canario e nao promover"
EXC_00805,SAR_0220,temporal_window_missing,sem janela pre/pos-evento; SAR nao pode ser recortado no tempo,true,false,false,"se o criterio ocorrer, excluir do canario e nao promover"
EXC_00806,SAR_0221,temporal_window_missing,sem janela pre/pos-evento; SAR nao pode ser recortado no tempo,true,false,false,"se o criterio ocorrer, excluir do canario e nao promover"
EXC_00807,SAR_0222,temporal_window_missing,sem janela pre/pos-evento; SAR nao pode ser recortado no tempo,true,false,false,"se o criterio ocorrer, excluir do canario e nao promover"
EXC_00808,SAR_0223,temporal_window_missing,sem janela pre/pos-evento; SAR nao pode ser recortado no tempo,true,false,false,"se o criterio ocorrer, excluir do canario e nao promover"
EXC_00809,SAR_0224,temporal_window_missing,sem janela pre/pos-evento; SAR nao pode ser recortado no tempo,true,false,false,"se o criterio ocorrer, excluir do canario e nao promover"
EXC_00810,SAR_0225,temporal_window_missing,sem janela pre/pos-evento; SAR nao pode ser recortado no tempo,true,false,false,"se o criterio ocorrer, excluir do canario e nao promover"
EXC_00811,SAR_0226,temporal_window_missing,sem janela pre/pos-evento; SAR nao pode ser recortado no tempo,true,false,false,"se o criterio ocorrer, excluir do canario e nao promover"
EXC_00812,SAR_0227,temporal_window_missing,sem janela pre/pos-evento; SAR nao pode ser recortado no tempo,true,false,false,"se o criterio ocorrer, excluir do canario e nao promover"
EXC_00813,SAR_0228,temporal_window_missing,sem janela pre/pos-evento; SAR nao pode ser recortado no tempo,true,false,false,"se o criterio ocorrer, excluir do canario e nao promover"
EXC_00814,SAR_0229,temporal_window_missing,sem janela pre/pos-evento; SAR nao pode ser recortado no tempo,true,false,false,"se o criterio ocorrer, excluir do canario e nao promover"
EXC_00815,SAR_0230,temporal_window_missing,sem janela pre/pos-evento; SAR nao pode ser recortado no tempo,true,false,false,"se o criterio ocorrer, excluir do canario e nao promover"
EXC_00816,SAR_0231,temporal_window_missing,sem janela pre/pos-evento; SAR nao pode ser recortado no tempo,true,false,false,"se o criterio ocorrer, excluir do canario e nao promover"
EXC_00817,SAR_0232,temporal_window_missing,sem janela pre/pos-evento; SAR nao pode ser recortado no tempo,true,false,false,"se o criterio ocorrer, excluir do canario e nao promover"
EXC_00818,SAR_0233,temporal_window_missing,sem janela pre/pos-evento; SAR nao pode ser recortado no tempo,true,false,false,"se o criterio ocorrer, excluir do canario e nao promover"
EXC_00819,SAR_0234,temporal_window_missing,sem janela pre/pos-evento; SAR nao pode ser recortado no tempo,true,false,false,"se o criterio ocorrer, excluir do canario e nao promover"
EXC_00820,SAR_0235,temporal_window_missing,sem janela pre/pos-evento; SAR nao pode ser recortado no tempo,true,false,false,"se o criterio ocorrer, excluir do canario e nao promover"
EXC_00821,SAR_0236,temporal_window_missing,sem janela pre/pos-evento; SAR nao pode ser recortado no tempo,true,false,false,"se o criterio ocorrer, excluir do canario e nao promover"
EXC_00822,SAR_0237,temporal_window_missing,sem janela pre/pos-evento; SAR nao pode ser recortado no tempo,true,false,false,"se o criterio ocorrer, excluir do canario e nao promover"
EXC_00823,SAR_0238,temporal_window_missing,sem janela pre/pos-evento; SAR nao pode ser recortado no tempo,true,false,false,"se o criterio ocorrer, excluir do canario e nao promover"
EXC_00824,SAR_0239,temporal_window_missing,sem janela pre/pos-evento; SAR nao pode ser recortado no tempo,true,false,false,"se o criterio ocorrer, excluir do canario e nao promover"
EXC_00825,SAR_0240,temporal_window_missing,sem janela pre/pos-evento; SAR nao pode ser recortado no tempo,true,false,false,"se o criterio ocorrer, excluir do canario e nao promover"
EXC_00826,SAR_0241,temporal_window_missing,sem janela pre/pos-evento; SAR nao pode ser recortado no tempo,true,false,false,"se o criterio ocorrer, excluir do canario e nao promover"
EXC_00827,SAR_0242,temporal_window_missing,sem janela pre/pos-evento; SAR nao pode ser recortado no tempo,true,false,false,"se o criterio ocorrer, excluir do canario e nao promover"
EXC_00828,SAR_0243,temporal_window_missing,sem janela pre/pos-evento; SAR nao pode ser recortado no tempo,true,false,false,"se o criterio ocorrer, excluir do canario e nao promover"
EXC_00829,SAR_0244,temporal_window_missing,sem janela pre/pos-evento; SAR nao pode ser recortado no tempo,true,false,false,"se o criterio ocorrer, excluir do canario e nao promover"
EXC_00830,SAR_0245,temporal_window_missing,sem janela pre/pos-evento; SAR nao pode ser recortado no tempo,true,false,false,"se o criterio ocorrer, excluir do canario e nao promover"
EXC_00831,SAR_0246,temporal_window_missing,sem janela pre/pos-evento; SAR nao pode ser recortado no tempo,true,false,false,"se o criterio ocorrer, excluir do canario e nao promover"
EXC_00832,SAR_0247,temporal_window_missing,sem janela pre/pos-evento; SAR nao pode ser recortado no tempo,true,false,false,"se o criterio ocorrer, excluir do canario e nao promover"
EXC_00833,SAR_0248,temporal_window_missing,sem janela pre/pos-evento; SAR nao pode ser recortado no tempo,true,false,false,"se o criterio ocorrer, excluir do canario e nao promover"
EXC_00834,SAR_0249,temporal_window_missing,sem janela pre/pos-evento; SAR nao pode ser recortado no tempo,true,false,false,"se o criterio ocorrer, excluir do canario e nao promover"
EXC_00835,SAR_0250,temporal_window_missing,sem janela pre/pos-evento; SAR nao pode ser recortado no tempo,true,false,false,"se o criterio ocorrer, excluir do canario e nao promover"
EXC_00836,SAR_0251,temporal_window_missing,sem janela pre/pos-evento; SAR nao pode ser recortado no tempo,true,false,false,"se o criterio ocorrer, excluir do canario e nao promover"
EXC_00837,SAR_0252,temporal_window_missing,sem janela pre/pos-evento; SAR nao pode ser recortado no tempo,true,false,false,"se o criterio ocorrer, excluir do canario e nao promover"
EXC_00838,SAR_0253,temporal_window_missing,sem janela pre/pos-evento; SAR nao pode ser recortado no tempo,true,false,false,"se o criterio ocorrer, excluir do canario e nao promover"
EXC_00839,SAR_0254,temporal_window_missing,sem janela pre/pos-evento; SAR nao pode ser recortado no tempo,true,false,false,"se o criterio ocorrer, excluir do canario e nao promover"
EXC_00840,SAR_0255,temporal_window_missing,sem janela pre/pos-evento; SAR nao pode ser recortado no tempo,true,false,false,"se o criterio ocorrer, excluir do canario e nao promover"
EXC_00841,SAR_0256,temporal_window_missing,sem janela pre/pos-evento; SAR nao pode ser recortado no tempo,true,false,false,"se o criterio ocorrer, excluir do canario e nao promover"
EXC_00842,SAR_0257,temporal_window_missing,sem janela pre/pos-evento; SAR nao pode ser recortado no tempo,true,false,false,"se o criterio ocorrer, excluir do canario e nao promover"
EXC_00843,SAR_0258,temporal_window_missing,sem janela pre/pos-evento; SAR nao pode ser recortado no tempo,true,false,false,"se o criterio ocorrer, excluir do canario e nao promover"
EXC_00844,SAR_0259,temporal_window_missing,sem janela pre/pos-evento; SAR nao pode ser recortado no tempo,true,false,false,"se o criterio ocorrer, excluir do canario e nao promover"
EXC_00845,SAR_0260,temporal_window_missing,sem janela pre/pos-evento; SAR nao pode ser recortado no tempo,true,false,false,"se o criterio ocorrer, excluir do canario e nao promover"
EXC_00846,SAR_0261,temporal_window_missing,sem janela pre/pos-evento; SAR nao pode ser recortado no tempo,true,false,false,"se o criterio ocorrer, excluir do canario e nao promover"
EXC_00847,SAR_0262,temporal_window_missing,sem janela pre/pos-evento; SAR nao pode ser recortado no tempo,true,false,false,"se o criterio ocorrer, excluir do canario e nao promover"
EXC_00848,SAR_0263,temporal_window_missing,sem janela pre/pos-evento; SAR nao pode ser recortado no tempo,true,false,false,"se o criterio ocorrer, excluir do canario e nao promover"
EXC_00849,SAR_0264,temporal_window_missing,sem janela pre/pos-evento; SAR nao pode ser recortado no tempo,true,false,false,"se o criterio ocorrer, excluir do canario e nao promover"
EXC_00850,SAR_0265,temporal_window_missing,sem janela pre/pos-evento; SAR nao pode ser recortado no tempo,true,false,false,"se o criterio ocorrer, excluir do canario e nao promover"
EXC_00851,SAR_0266,temporal_window_missing,sem janela pre/pos-evento; SAR nao pode ser recortado no tempo,true,false,false,"se o criterio ocorrer, excluir do canario e nao promover"
EXC_00852,SAR_0267,temporal_window_missing,sem janela pre/pos-evento; SAR nao pode ser recortado no tempo,true,false,false,"se o criterio ocorrer, excluir do canario e nao promover"
EXC_00853,SAR_0268,temporal_window_missing,sem janela pre/pos-evento; SAR nao pode ser recortado no tempo,true,false,false,"se o criterio ocorrer, excluir do canario e nao promover"
EXC_00854,SAR_0269,temporal_window_missing,sem janela pre/pos-evento; SAR nao pode ser recortado no tempo,true,false,false,"se o criterio ocorrer, excluir do canario e nao promover"
EXC_00855,SAR_0270,temporal_window_missing,sem janela pre/pos-evento; SAR nao pode ser recortado no tempo,true,false,false,"se o criterio ocorrer, excluir do canario e nao promover"
EXC_00856,SAR_0271,temporal_window_missing,sem janela pre/pos-evento; SAR nao pode ser recortado no tempo,true,false,false,"se o criterio ocorrer, excluir do canario e nao promover"
EXC_00857,SAR_0272,temporal_window_missing,sem janela pre/pos-evento; SAR nao pode ser recortado no tempo,true,false,false,"se o criterio ocorrer, excluir do canario e nao promover"
EXC_00858,SAR_0273,temporal_window_missing,sem janela pre/pos-evento; SAR nao pode ser recortado no tempo,true,false,false,"se o criterio ocorrer, excluir do canario e nao promover"
EXC_00859,SAR_0274,temporal_window_missing,sem janela pre/pos-evento; SAR nao pode ser recortado no tempo,true,false,false,"se o criterio ocorrer, excluir do canario e nao promover"
EXC_00860,SAR_0275,temporal_window_missing,sem janela pre/pos-evento; SAR nao pode ser recortado no tempo,true,false,false,"se o criterio ocorrer, excluir do canario e nao promover"
EXC_00861,SAR_0276,temporal_window_missing,sem janela pre/pos-evento; SAR nao pode ser recortado no tempo,true,false,false,"se o criterio ocorrer, excluir do canario e nao promover"
EXC_00862,SAR_0277,temporal_window_missing,sem janela pre/pos-evento; SAR nao pode ser recortado no tempo,true,false,false,"se o criterio ocorrer, excluir do canario e nao promover"
EXC_00863,SAR_0278,temporal_window_missing,sem janela pre/pos-evento; SAR nao pode ser recortado no tempo,true,false,false,"se o criterio ocorrer, excluir do canario e nao promover"
EXC_00864,SAR_0279,temporal_window_missing,sem janela pre/pos-evento; SAR nao pode ser recortado no tempo,true,false,false,"se o criterio ocorrer, excluir do canario e nao promover"
EXC_00865,SAR_0280,temporal_window_missing,sem janela pre/pos-evento; SAR nao pode ser recortado no tempo,true,false,false,"se o criterio ocorrer, excluir do canario e nao promover"
EXC_00866,SAR_0281,temporal_window_missing,sem janela pre/pos-evento; SAR nao pode ser recortado no tempo,true,false,false,"se o criterio ocorrer, excluir do canario e nao promover"
EXC_00867,SAR_0282,temporal_window_missing,sem janela pre/pos-evento; SAR nao pode ser recortado no tempo,true,false,false,"se o criterio ocorrer, excluir do canario e nao promover"
EXC_00868,SAR_0283,temporal_window_missing,sem janela pre/pos-evento; SAR nao pode ser recortado no tempo,true,false,false,"se o criterio ocorrer, excluir do canario e nao promover"
EXC_00869,SAR_0284,temporal_window_missing,sem janela pre/pos-evento; SAR nao pode ser recortado no tempo,true,false,false,"se o criterio ocorrer, excluir do canario e nao promover"
EXC_00870,SAR_0285,temporal_window_missing,sem janela pre/pos-evento; SAR nao pode ser recortado no tempo,true,false,false,"se o criterio ocorrer, excluir do canario e nao promover"
EXC_00871,SAR_0286,temporal_window_missing,sem janela pre/pos-evento; SAR nao pode ser recortado no tempo,true,false,false,"se o criterio ocorrer, excluir do canario e nao promover"
EXC_00872,SAR_0287,temporal_window_missing,sem janela pre/pos-evento; SAR nao pode ser recortado no tempo,true,false,false,"se o criterio ocorrer, excluir do canario e nao promover"
EXC_00873,SAR_0288,temporal_window_missing,sem janela pre/pos-evento; SAR nao pode ser recortado no tempo,true,false,false,"se o criterio ocorrer, excluir do canario e nao promover"
EXC_00874,SAR_0289,temporal_window_missing,sem janela pre/pos-evento; SAR nao pode ser recortado no tempo,true,false,false,"se o criterio ocorrer, excluir do canario e nao promover"
EXC_00875,SAR_0290,temporal_window_missing,sem janela pre/pos-evento; SAR nao pode ser recortado no tempo,true,false,false,"se o criterio ocorrer, excluir do canario e nao promover"
EXC_00876,SAR_0291,temporal_window_missing,sem janela pre/pos-evento; SAR nao pode ser recortado no tempo,true,false,false,"se o criterio ocorrer, excluir do canario e nao promover"
EXC_00877,SAR_0292,temporal_window_missing,sem janela pre/pos-evento; SAR nao pode ser recortado no tempo,true,false,false,"se o criterio ocorrer, excluir do canario e nao promover"
EXC_00878,SAR_0293,temporal_window_missing,sem janela pre/pos-evento; SAR nao pode ser recortado no tempo,true,false,false,"se o criterio ocorrer, excluir do canario e nao promover"
EXC_00879,SAR_0294,temporal_window_missing,sem janela pre/pos-evento; SAR nao pode ser recortado no tempo,true,false,false,"se o criterio ocorrer, excluir do canario e nao promover"
EXC_00880,SAR_0295,temporal_window_missing,sem janela pre/pos-evento; SAR nao pode ser recortado no tempo,true,false,false,"se o criterio ocorrer, excluir do canario e nao promover"
EXC_00881,SAR_0296,temporal_window_missing,sem janela pre/pos-evento; SAR nao pode ser recortado no tempo,true,false,false,"se o criterio ocorrer, excluir do canario e nao promover"
EXC_00882,SAR_0297,temporal_window_missing,sem janela pre/pos-evento; SAR nao pode ser recortado no tempo,true,false,false,"se o criterio ocorrer, excluir do canario e nao promover"
EXC_00883,SAR_0298,temporal_window_missing,sem janela pre/pos-evento; SAR nao pode ser recortado no tempo,true,false,false,"se o criterio ocorrer, excluir do canario e nao promover"
EXC_00884,SAR_0299,temporal_window_missing,sem janela pre/pos-evento; SAR nao pode ser recortado no tempo,true,false,false,"se o criterio ocorrer, excluir do canario e nao promover"
EXC_00885,SAR_0300,temporal_window_missing,sem janela pre/pos-evento; SAR nao pode ser recortado no tempo,true,false,false,"se o criterio ocorrer, excluir do canario e nao promover"
EXC_00886,SAR_0301,temporal_window_missing,sem janela pre/pos-evento; SAR nao pode ser recortado no tempo,true,false,false,"se o criterio ocorrer, excluir do canario e nao promover"
EXC_00887,SAR_0302,temporal_window_missing,sem janela pre/pos-evento; SAR nao pode ser recortado no tempo,true,false,false,"se o criterio ocorrer, excluir do canario e nao promover"
EXC_00888,SAR_0303,temporal_window_missing,sem janela pre/pos-evento; SAR nao pode ser recortado no tempo,true,false,false,"se o criterio ocorrer, excluir do canario e nao promover"
EXC_00889,SAR_0304,temporal_window_missing,sem janela pre/pos-evento; SAR nao pode ser recortado no tempo,true,false,false,"se o criterio ocorrer, excluir do canario e nao promover"
EXC_00890,SAR_0305,temporal_window_missing,sem janela pre/pos-evento; SAR nao pode ser recortado no tempo,true,false,false,"se o criterio ocorrer, excluir do canario e nao promover"
EXC_00891,SAR_0306,temporal_window_missing,sem janela pre/pos-evento; SAR nao pode ser recortado no tempo,true,false,false,"se o criterio ocorrer, excluir do canario e nao promover"
EXC_00892,SAR_0307,temporal_window_missing,sem janela pre/pos-evento; SAR nao pode ser recortado no tempo,true,false,false,"se o criterio ocorrer, excluir do canario e nao promover"
EXC_00893,SAR_0308,temporal_window_missing,sem janela pre/pos-evento; SAR nao pode ser recortado no tempo,true,false,false,"se o criterio ocorrer, excluir do canario e nao promover"
EXC_00894,SAR_0309,temporal_window_missing,sem janela pre/pos-evento; SAR nao pode ser recortado no tempo,true,false,false,"se o criterio ocorrer, excluir do canario e nao promover"
EXC_00895,SAR_0310,temporal_window_missing,sem janela pre/pos-evento; SAR nao pode ser recortado no tempo,true,false,false,"se o criterio ocorrer, excluir do canario e nao promover"
EXC_00896,SAR_0311,temporal_window_missing,sem janela pre/pos-evento; SAR nao pode ser recortado no tempo,true,false,false,"se o criterio ocorrer, excluir do canario e nao promover"
EXC_00897,SAR_0312,temporal_window_missing,sem janela pre/pos-evento; SAR nao pode ser recortado no tempo,true,false,false,"se o criterio ocorrer, excluir do canario e nao promover"
EXC_00898,SAR_0313,temporal_window_missing,sem janela pre/pos-evento; SAR nao pode ser recortado no tempo,true,false,false,"se o criterio ocorrer, excluir do canario e nao promover"
EXC_00899,SAR_0314,temporal_window_missing,sem janela pre/pos-evento; SAR nao pode ser recortado no tempo,true,false,false,"se o criterio ocorrer, excluir do canario e nao promover"
EXC_00900,SAR_0315,temporal_window_missing,sem janela pre/pos-evento; SAR nao pode ser recortado no tempo,true,false,false,"se o criterio ocorrer, excluir do canario e nao promover"
EXC_00901,SAR_0316,temporal_window_missing,sem janela pre/pos-evento; SAR nao pode ser recortado no tempo,true,false,false,"se o criterio ocorrer, excluir do canario e nao promover"
EXC_00902,SAR_0317,temporal_window_missing,sem janela pre/pos-evento; SAR nao pode ser recortado no tempo,true,false,false,"se o criterio ocorrer, excluir do canario e nao promover"
EXC_00903,SAR_0318,temporal_window_missing,sem janela pre/pos-evento; SAR nao pode ser recortado no tempo,true,false,false,"se o criterio ocorrer, excluir do canario e nao promover"
EXC_00904,SAR_0319,temporal_window_missing,sem janela pre/pos-evento; SAR nao pode ser recortado no tempo,true,false,false,"se o criterio ocorrer, excluir do canario e nao promover"
EXC_00905,SAR_0320,temporal_window_missing,sem janela pre/pos-evento; SAR nao pode ser recortado no tempo,true,false,false,"se o criterio ocorrer, excluir do canario e nao promover"
EXC_00906,SAR_0321,temporal_window_missing,sem janela pre/pos-evento; SAR nao pode ser recortado no tempo,true,false,false,"se o criterio ocorrer, excluir do canario e nao promover"
EXC_00907,SAR_0322,temporal_window_missing,sem janela pre/pos-evento; SAR nao pode ser recortado no tempo,true,false,false,"se o criterio ocorrer, excluir do canario e nao promover"
EXC_00908,SAR_0323,temporal_window_missing,sem janela pre/pos-evento; SAR nao pode ser recortado no tempo,true,false,false,"se o criterio ocorrer, excluir do canario e nao promover"
EXC_00909,SAR_0324,temporal_window_missing,sem janela pre/pos-evento; SAR nao pode ser recortado no tempo,true,false,false,"se o criterio ocorrer, excluir do canario e nao promover"
EXC_00910,SAR_0325,temporal_window_missing,sem janela pre/pos-evento; SAR nao pode ser recortado no tempo,true,false,false,"se o criterio ocorrer, excluir do canario e nao promover"
EXC_00911,SAR_0326,temporal_window_missing,sem janela pre/pos-evento; SAR nao pode ser recortado no tempo,true,false,false,"se o criterio ocorrer, excluir do canario e nao promover"
EXC_00912,SAR_0327,temporal_window_missing,sem janela pre/pos-evento; SAR nao pode ser recortado no tempo,true,false,false,"se o criterio ocorrer, excluir do canario e nao promover"
EXC_00913,SAR_0328,temporal_window_missing,sem janela pre/pos-evento; SAR nao pode ser recortado no tempo,true,false,false,"se o criterio ocorrer, excluir do canario e nao promover"
EXC_00914,SAR_0329,temporal_window_missing,sem janela pre/pos-evento; SAR nao pode ser recortado no tempo,true,false,false,"se o criterio ocorrer, excluir do canario e nao promover"
EXC_00915,SAR_0330,temporal_window_missing,sem janela pre/pos-evento; SAR nao pode ser recortado no tempo,true,false,false,"se o criterio ocorrer, excluir do canario e nao promover"
EXC_00916,SAR_0331,temporal_window_missing,sem janela pre/pos-evento; SAR nao pode ser recortado no tempo,true,false,false,"se o criterio ocorrer, excluir do canario e nao promover"
EXC_00917,SAR_0332,temporal_window_missing,sem janela pre/pos-evento; SAR nao pode ser recortado no tempo,true,false,false,"se o criterio ocorrer, excluir do canario e nao promover"
EXC_00918,SAR_0333,temporal_window_missing,sem janela pre/pos-evento; SAR nao pode ser recortado no tempo,true,false,false,"se o criterio ocorrer, excluir do canario e nao promover"
EXC_00919,SAR_0334,temporal_window_missing,sem janela pre/pos-evento; SAR nao pode ser recortado no tempo,true,false,false,"se o criterio ocorrer, excluir do canario e nao promover"
EXC_00920,SAR_0335,temporal_window_missing,sem janela pre/pos-evento; SAR nao pode ser recortado no tempo,true,false,false,"se o criterio ocorrer, excluir do canario e nao promover"
EXC_00921,SAR_0336,temporal_window_missing,sem janela pre/pos-evento; SAR nao pode ser recortado no tempo,true,false,false,"se o criterio ocorrer, excluir do canario e nao promover"
EXC_00922,SAR_0337,temporal_window_missing,sem janela pre/pos-evento; SAR nao pode ser recortado no tempo,true,false,false,"se o criterio ocorrer, excluir do canario e nao promover"
EXC_00923,SAR_0338,temporal_window_missing,sem janela pre/pos-evento; SAR nao pode ser recortado no tempo,true,false,false,"se o criterio ocorrer, excluir do canario e nao promover"
EXC_00924,SAR_0339,temporal_window_missing,sem janela pre/pos-evento; SAR nao pode ser recortado no tempo,true,false,false,"se o criterio ocorrer, excluir do canario e nao promover"
EXC_00925,SAR_0340,temporal_window_missing,sem janela pre/pos-evento; SAR nao pode ser recortado no tempo,true,false,false,"se o criterio ocorrer, excluir do canario e nao promover"
EXC_00926,SAR_0341,temporal_window_missing,sem janela pre/pos-evento; SAR nao pode ser recortado no tempo,true,false,false,"se o criterio ocorrer, excluir do canario e nao promover"
EXC_00927,SAR_0342,temporal_window_missing,sem janela pre/pos-evento; SAR nao pode ser recortado no tempo,true,false,false,"se o criterio ocorrer, excluir do canario e nao promover"
EXC_00928,SAR_0343,temporal_window_missing,sem janela pre/pos-evento; SAR nao pode ser recortado no tempo,true,false,false,"se o criterio ocorrer, excluir do canario e nao promover"
EXC_00929,SAR_0344,temporal_window_missing,sem janela pre/pos-evento; SAR nao pode ser recortado no tempo,true,false,false,"se o criterio ocorrer, excluir do canario e nao promover"
EXC_00930,SAR_0345,temporal_window_missing,sem janela pre/pos-evento; SAR nao pode ser recortado no tempo,true,false,false,"se o criterio ocorrer, excluir do canario e nao promover"
EXC_00931,SAR_0346,temporal_window_missing,sem janela pre/pos-evento; SAR nao pode ser recortado no tempo,true,false,false,"se o criterio ocorrer, excluir do canario e nao promover"
EXC_00932,SAR_0347,temporal_window_missing,sem janela pre/pos-evento; SAR nao pode ser recortado no tempo,true,false,false,"se o criterio ocorrer, excluir do canario e nao promover"
EXC_00933,SAR_0348,temporal_window_missing,sem janela pre/pos-evento; SAR nao pode ser recortado no tempo,true,false,false,"se o criterio ocorrer, excluir do canario e nao promover"
EXC_00934,SAR_0349,temporal_window_missing,sem janela pre/pos-evento; SAR nao pode ser recortado no tempo,true,false,false,"se o criterio ocorrer, excluir do canario e nao promover"
EXC_00935,SAR_0350,temporal_window_missing,sem janela pre/pos-evento; SAR nao pode ser recortado no tempo,true,false,false,"se o criterio ocorrer, excluir do canario e nao promover"
EXC_00936,SAR_0351,temporal_window_missing,sem janela pre/pos-evento; SAR nao pode ser recortado no tempo,true,false,false,"se o criterio ocorrer, excluir do canario e nao promover"
EXC_00937,SAR_0352,temporal_window_missing,sem janela pre/pos-evento; SAR nao pode ser recortado no tempo,true,false,false,"se o criterio ocorrer, excluir do canario e nao promover"
EXC_00938,SAR_0353,temporal_window_missing,sem janela pre/pos-evento; SAR nao pode ser recortado no tempo,true,false,false,"se o criterio ocorrer, excluir do canario e nao promover"
EXC_00939,SAR_0354,temporal_window_missing,sem janela pre/pos-evento; SAR nao pode ser recortado no tempo,true,false,false,"se o criterio ocorrer, excluir do canario e nao promover"
EXC_00940,SAR_0355,temporal_window_missing,sem janela pre/pos-evento; SAR nao pode ser recortado no tempo,true,false,false,"se o criterio ocorrer, excluir do canario e nao promover"
EXC_00941,SAR_0356,temporal_window_missing,sem janela pre/pos-evento; SAR nao pode ser recortado no tempo,true,false,false,"se o criterio ocorrer, excluir do canario e nao promover"
EXC_00942,SAR_0357,temporal_window_missing,sem janela pre/pos-evento; SAR nao pode ser recortado no tempo,true,false,false,"se o criterio ocorrer, excluir do canario e nao promover"
EXC_00943,SAR_0358,temporal_window_missing,sem janela pre/pos-evento; SAR nao pode ser recortado no tempo,true,false,false,"se o criterio ocorrer, excluir do canario e nao promover"
EXC_00944,SAR_0359,temporal_window_missing,sem janela pre/pos-evento; SAR nao pode ser recortado no tempo,true,false,false,"se o criterio ocorrer, excluir do canario e nao promover"
EXC_00945,SAR_0360,temporal_window_missing,sem janela pre/pos-evento; SAR nao pode ser recortado no tempo,true,false,false,"se o criterio ocorrer, excluir do canario e nao promover"
EXC_00946,SAR_0361,temporal_window_missing,sem janela pre/pos-evento; SAR nao pode ser recortado no tempo,true,false,false,"se o criterio ocorrer, excluir do canario e nao promover"
EXC_00947,SAR_0362,temporal_window_missing,sem janela pre/pos-evento; SAR nao pode ser recortado no tempo,true,false,false,"se o criterio ocorrer, excluir do canario e nao promover"
EXC_00948,SAR_0363,temporal_window_missing,sem janela pre/pos-evento; SAR nao pode ser recortado no tempo,true,false,false,"se o criterio ocorrer, excluir do canario e nao promover"
EXC_00949,SAR_0364,temporal_window_missing,sem janela pre/pos-evento; SAR nao pode ser recortado no tempo,true,false,false,"se o criterio ocorrer, excluir do canario e nao promover"
EXC_00950,SAR_0365,temporal_window_missing,sem janela pre/pos-evento; SAR nao pode ser recortado no tempo,true,false,false,"se o criterio ocorrer, excluir do canario e nao promover"
EXC_00951,SAR_0366,temporal_window_missing,sem janela pre/pos-evento; SAR nao pode ser recortado no tempo,true,false,false,"se o criterio ocorrer, excluir do canario e nao promover"
EXC_00952,SAR_0367,temporal_window_missing,sem janela pre/pos-evento; SAR nao pode ser recortado no tempo,true,false,false,"se o criterio ocorrer, excluir do canario e nao promover"
EXC_00953,SAR_0368,no_patch_or_aoi,sem patch nem AOI minima para recorte,true,false,false,"se o criterio ocorrer, excluir do canario e nao promover"
EXC_00954,SAR_0368,permanent_water_confusion,risco de confundir agua permanente com inundacao (checar no futuro),false,true,true,"se o criterio ocorrer, excluir do canario e nao promover"
EXC_00955,SAR_0368,urban_shadow_layover,sombra/layover urbano no SAR (checar no futuro),false,true,true,"se o criterio ocorrer, excluir do canario e nao promover"
EXC_00956,SAR_0368,vegetation_ambiguity,ambiguidade por vegetacao (checar no futuro),false,true,true,"se o criterio ocorrer, excluir do canario e nao promover"
EXC_00957,SAR_0368,slope_hand_inconsistent,inconsistencia de declividade/HAND (checar no futuro),false,true,true,"se o criterio ocorrer, excluir do canario e nao promover"
EXC_00958,SAR_0368,no_qa_possible,sem QA humano possivel (checar no futuro),false,true,true,"se o criterio ocorrer, excluir do canario e nao promover"
EXC_00959,SAR_0369,no_patch_or_aoi,sem patch nem AOI minima para recorte,true,false,false,"se o criterio ocorrer, excluir do canario e nao promover"
EXC_00960,SAR_0369,permanent_water_confusion,risco de confundir agua permanente com inundacao (checar no futuro),false,true,true,"se o criterio ocorrer, excluir do canario e nao promover"
EXC_00961,SAR_0369,urban_shadow_layover,sombra/layover urbano no SAR (checar no futuro),false,true,true,"se o criterio ocorrer, excluir do canario e nao promover"
EXC_00962,SAR_0369,vegetation_ambiguity,ambiguidade por vegetacao (checar no futuro),false,true,true,"se o criterio ocorrer, excluir do canario e nao promover"
EXC_00963,SAR_0369,slope_hand_inconsistent,inconsistencia de declividade/HAND (checar no futuro),false,true,true,"se o criterio ocorrer, excluir do canario e nao promover"
EXC_00964,SAR_0369,no_qa_possible,sem QA humano possivel (checar no futuro),false,true,true,"se o criterio ocorrer, excluir do canario e nao promover"
EXC_00965,SAR_0370,no_patch_or_aoi,sem patch nem AOI minima para recorte,true,false,false,"se o criterio ocorrer, excluir do canario e nao promover"
EXC_00966,SAR_0370,permanent_water_confusion,risco de confundir agua permanente com inundacao (checar no futuro),false,true,true,"se o criterio ocorrer, excluir do canario e nao promover"
EXC_00967,SAR_0370,urban_shadow_layover,sombra/layover urbano no SAR (checar no futuro),false,true,true,"se o criterio ocorrer, excluir do canario e nao promover"
EXC_00968,SAR_0370,vegetation_ambiguity,ambiguidade por vegetacao (checar no futuro),false,true,true,"se o criterio ocorrer, excluir do canario e nao promover"
EXC_00969,SAR_0370,slope_hand_inconsistent,inconsistencia de declividade/HAND (checar no futuro),false,true,true,"se o criterio ocorrer, excluir do canario e nao promover"
EXC_00970,SAR_0370,no_qa_possible,sem QA humano possivel (checar no futuro),false,true,true,"se o criterio ocorrer, excluir do canario e nao promover"
EXC_00971,SAR_0371,no_patch_or_aoi,sem patch nem AOI minima para recorte,true,false,false,"se o criterio ocorrer, excluir do canario e nao promover"
EXC_00972,SAR_0371,permanent_water_confusion,risco de confundir agua permanente com inundacao (checar no futuro),false,true,true,"se o criterio ocorrer, excluir do canario e nao promover"
EXC_00973,SAR_0371,urban_shadow_layover,sombra/layover urbano no SAR (checar no futuro),false,true,true,"se o criterio ocorrer, excluir do canario e nao promover"
EXC_00974,SAR_0371,vegetation_ambiguity,ambiguidade por vegetacao (checar no futuro),false,true,true,"se o criterio ocorrer, excluir do canario e nao promover"
EXC_00975,SAR_0371,slope_hand_inconsistent,inconsistencia de declividade/HAND (checar no futuro),false,true,true,"se o criterio ocorrer, excluir do canario e nao promover"
EXC_00976,SAR_0371,no_qa_possible,sem QA humano possivel (checar no futuro),false,true,true,"se o criterio ocorrer, excluir do canario e nao promover"
EXC_00977,SAR_0372,no_patch_or_aoi,sem patch nem AOI minima para recorte,true,false,false,"se o criterio ocorrer, excluir do canario e nao promover"
EXC_00978,SAR_0372,permanent_water_confusion,risco de confundir agua permanente com inundacao (checar no futuro),false,true,true,"se o criterio ocorrer, excluir do canario e nao promover"
EXC_00979,SAR_0372,urban_shadow_layover,sombra/layover urbano no SAR (checar no futuro),false,true,true,"se o criterio ocorrer, excluir do canario e nao promover"
EXC_00980,SAR_0372,vegetation_ambiguity,ambiguidade por vegetacao (checar no futuro),false,true,true,"se o criterio ocorrer, excluir do canario e nao promover"
EXC_00981,SAR_0372,slope_hand_inconsistent,inconsistencia de declividade/HAND (checar no futuro),false,true,true,"se o criterio ocorrer, excluir do canario e nao promover"
EXC_00982,SAR_0372,no_qa_possible,sem QA humano possivel (checar no futuro),false,true,true,"se o criterio ocorrer, excluir do canario e nao promover"
EXC_00983,SAR_0373,temporal_window_missing,sem janela pre/pos-evento; SAR nao pode ser recortado no tempo,true,false,false,"se o criterio ocorrer, excluir do canario e nao promover"
EXC_00984,SAR_0373,no_patch_or_aoi,sem patch nem AOI minima para recorte,true,false,false,"se o criterio ocorrer, excluir do canario e nao promover"
EXC_00985,SAR_0374,no_patch_or_aoi,sem patch nem AOI minima para recorte,true,false,false,"se o criterio ocorrer, excluir do canario e nao promover"
EXC_00986,SAR_0374,permanent_water_confusion,risco de confundir agua permanente com inundacao (checar no futuro),false,true,true,"se o criterio ocorrer, excluir do canario e nao promover"
EXC_00987,SAR_0374,urban_shadow_layover,sombra/layover urbano no SAR (checar no futuro),false,true,true,"se o criterio ocorrer, excluir do canario e nao promover"
EXC_00988,SAR_0374,vegetation_ambiguity,ambiguidade por vegetacao (checar no futuro),false,true,true,"se o criterio ocorrer, excluir do canario e nao promover"
EXC_00989,SAR_0374,slope_hand_inconsistent,inconsistencia de declividade/HAND (checar no futuro),false,true,true,"se o criterio ocorrer, excluir do canario e nao promover"
EXC_00990,SAR_0374,no_qa_possible,sem QA humano possivel (checar no futuro),false,true,true,"se o criterio ocorrer, excluir do canario e nao promover"
EXC_00991,SAR_0375,no_patch_or_aoi,sem patch nem AOI minima para recorte,true,false,false,"se o criterio ocorrer, excluir do canario e nao promover"
EXC_00992,SAR_0375,permanent_water_confusion,risco de confundir agua permanente com inundacao (checar no futuro),false,true,true,"se o criterio ocorrer, excluir do canario e nao promover"
EXC_00993,SAR_0375,urban_shadow_layover,sombra/layover urbano no SAR (checar no futuro),false,true,true,"se o criterio ocorrer, excluir do canario e nao promover"
EXC_00994,SAR_0375,vegetation_ambiguity,ambiguidade por vegetacao (checar no futuro),false,true,true,"se o criterio ocorrer, excluir do canario e nao promover"
EXC_00995,SAR_0375,slope_hand_inconsistent,inconsistencia de declividade/HAND (checar no futuro),false,true,true,"se o criterio ocorrer, excluir do canario e nao promover"
EXC_00996,SAR_0375,no_qa_possible,sem QA humano possivel (checar no futuro),false,true,true,"se o criterio ocorrer, excluir do canario e nao promover"
EXC_00997,SAR_0376,temporal_window_missing,sem janela pre/pos-evento; SAR nao pode ser recortado no tempo,true,false,false,"se o criterio ocorrer, excluir do canario e nao promover"
EXC_00998,SAR_0376,no_patch_or_aoi,sem patch nem AOI minima para recorte,true,false,false,"se o criterio ocorrer, excluir do canario e nao promover"
EXC_00999,SAR_0377,temporal_window_missing,sem janela pre/pos-evento; SAR nao pode ser recortado no tempo,true,false,false,"se o criterio ocorrer, excluir do canario e nao promover"
EXC_01000,SAR_0377,no_patch_or_aoi,sem patch nem AOI minima para recorte,true,false,false,"se o criterio ocorrer, excluir do canario e nao promover"
EXC_01001,SAR_0378,temporal_window_missing,sem janela pre/pos-evento; SAR nao pode ser recortado no tempo,true,false,false,"se o criterio ocorrer, excluir do canario e nao promover"
EXC_01002,SAR_0378,no_patch_or_aoi,sem patch nem AOI minima para recorte,true,false,false,"se o criterio ocorrer, excluir do canario e nao promover"
EXC_01003,SAR_0379,temporal_window_missing,sem janela pre/pos-evento; SAR nao pode ser recortado no tempo,true,false,false,"se o criterio ocorrer, excluir do canario e nao promover"
EXC_01004,SAR_0379,mixed_landslide_flood,evento misto inundacao/deslizamento sem separacao,true,false,false,"se o criterio ocorrer, excluir do canario e nao promover"
EXC_01005,SAR_0379,no_patch_or_aoi,sem patch nem AOI minima para recorte,true,false,false,"se o criterio ocorrer, excluir do canario e nao promover"
EXC_01006,SAR_0380,temporal_window_missing,sem janela pre/pos-evento; SAR nao pode ser recortado no tempo,true,false,false,"se o criterio ocorrer, excluir do canario e nao promover"
EXC_01007,SAR_0380,mixed_landslide_flood,evento misto inundacao/deslizamento sem separacao,true,false,false,"se o criterio ocorrer, excluir do canario e nao promover"
EXC_01008,SAR_0380,no_patch_or_aoi,sem patch nem AOI minima para recorte,true,false,false,"se o criterio ocorrer, excluir do canario e nao promover"
EXC_01009,SAR_0381,temporal_window_missing,sem janela pre/pos-evento; SAR nao pode ser recortado no tempo,true,false,false,"se o criterio ocorrer, excluir do canario e nao promover"
EXC_01010,SAR_0381,mixed_landslide_flood,evento misto inundacao/deslizamento sem separacao,true,false,false,"se o criterio ocorrer, excluir do canario e nao promover"
EXC_01011,SAR_0381,no_patch_or_aoi,sem patch nem AOI minima para recorte,true,false,false,"se o criterio ocorrer, excluir do canario e nao promover"
EXC_01012,SAR_0382,temporal_window_missing,sem janela pre/pos-evento; SAR nao pode ser recortado no tempo,true,false,false,"se o criterio ocorrer, excluir do canario e nao promover"
EXC_01013,SAR_0382,mixed_landslide_flood,evento misto inundacao/deslizamento sem separacao,true,false,false,"se o criterio ocorrer, excluir do canario e nao promover"
EXC_01014,SAR_0382,no_patch_or_aoi,sem patch nem AOI minima para recorte,true,false,false,"se o criterio ocorrer, excluir do canario e nao promover"
EXC_01015,SAR_0383,temporal_window_missing,sem janela pre/pos-evento; SAR nao pode ser recortado no tempo,true,false,false,"se o criterio ocorrer, excluir do canario e nao promover"
EXC_01016,SAR_0383,no_patch_or_aoi,sem patch nem AOI minima para recorte,true,false,false,"se o criterio ocorrer, excluir do canario e nao promover"
EXC_01017,SAR_0384,temporal_window_missing,sem janela pre/pos-evento; SAR nao pode ser recortado no tempo,true,false,false,"se o criterio ocorrer, excluir do canario e nao promover"
EXC_01018,SAR_0384,no_patch_or_aoi,sem patch nem AOI minima para recorte,true,false,false,"se o criterio ocorrer, excluir do canario e nao promover"
EXC_01019,SAR_0385,temporal_window_missing,sem janela pre/pos-evento; SAR nao pode ser recortado no tempo,true,false,false,"se o criterio ocorrer, excluir do canario e nao promover"
EXC_01020,SAR_0385,mixed_landslide_flood,evento misto inundacao/deslizamento sem separacao,true,false,false,"se o criterio ocorrer, excluir do canario e nao promover"
EXC_01021,SAR_0385,no_patch_or_aoi,sem patch nem AOI minima para recorte,true,false,false,"se o criterio ocorrer, excluir do canario e nao promover"
EXC_01022,SAR_0386,no_patch_or_aoi,sem patch nem AOI minima para recorte,true,false,false,"se o criterio ocorrer, excluir do canario e nao promover"
EXC_01023,SAR_0386,permanent_water_confusion,risco de confundir agua permanente com inundacao (checar no futuro),false,true,true,"se o criterio ocorrer, excluir do canario e nao promover"
EXC_01024,SAR_0386,urban_shadow_layover,sombra/layover urbano no SAR (checar no futuro),false,true,true,"se o criterio ocorrer, excluir do canario e nao promover"
EXC_01025,SAR_0386,vegetation_ambiguity,ambiguidade por vegetacao (checar no futuro),false,true,true,"se o criterio ocorrer, excluir do canario e nao promover"
EXC_01026,SAR_0386,slope_hand_inconsistent,inconsistencia de declividade/HAND (checar no futuro),false,true,true,"se o criterio ocorrer, excluir do canario e nao promover"
EXC_01027,SAR_0386,no_qa_possible,sem QA humano possivel (checar no futuro),false,true,true,"se o criterio ocorrer, excluir do canario e nao promover"
EXC_01028,SAR_0387,no_patch_or_aoi,sem patch nem AOI minima para recorte,true,false,false,"se o criterio ocorrer, excluir do canario e nao promover"
EXC_01029,SAR_0387,permanent_water_confusion,risco de confundir agua permanente com inundacao (checar no futuro),false,true,true,"se o criterio ocorrer, excluir do canario e nao promover"
EXC_01030,SAR_0387,urban_shadow_layover,sombra/layover urbano no SAR (checar no futuro),false,true,true,"se o criterio ocorrer, excluir do canario e nao promover"
EXC_01031,SAR_0387,vegetation_ambiguity,ambiguidade por vegetacao (checar no futuro),false,true,true,"se o criterio ocorrer, excluir do canario e nao promover"
EXC_01032,SAR_0387,slope_hand_inconsistent,inconsistencia de declividade/HAND (checar no futuro),false,true,true,"se o criterio ocorrer, excluir do canario e nao promover"
EXC_01033,SAR_0387,no_qa_possible,sem QA humano possivel (checar no futuro),false,true,true,"se o criterio ocorrer, excluir do canario e nao promover"
EXC_01034,SAR_0388,no_patch_or_aoi,sem patch nem AOI minima para recorte,true,false,false,"se o criterio ocorrer, excluir do canario e nao promover"
EXC_01035,SAR_0388,permanent_water_confusion,risco de confundir agua permanente com inundacao (checar no futuro),false,true,true,"se o criterio ocorrer, excluir do canario e nao promover"
EXC_01036,SAR_0388,urban_shadow_layover,sombra/layover urbano no SAR (checar no futuro),false,true,true,"se o criterio ocorrer, excluir do canario e nao promover"
EXC_01037,SAR_0388,vegetation_ambiguity,ambiguidade por vegetacao (checar no futuro),false,true,true,"se o criterio ocorrer, excluir do canario e nao promover"
EXC_01038,SAR_0388,slope_hand_inconsistent,inconsistencia de declividade/HAND (checar no futuro),false,true,true,"se o criterio ocorrer, excluir do canario e nao promover"
EXC_01039,SAR_0388,no_qa_possible,sem QA humano possivel (checar no futuro),false,true,true,"se o criterio ocorrer, excluir do canario e nao promover"
EXC_01040,SAR_0389,no_patch_or_aoi,sem patch nem AOI minima para recorte,true,false,false,"se o criterio ocorrer, excluir do canario e nao promover"
EXC_01041,SAR_0389,permanent_water_confusion,risco de confundir agua permanente com inundacao (checar no futuro),false,true,true,"se o criterio ocorrer, excluir do canario e nao promover"
EXC_01042,SAR_0389,urban_shadow_layover,sombra/layover urbano no SAR (checar no futuro),false,true,true,"se o criterio ocorrer, excluir do canario e nao promover"
EXC_01043,SAR_0389,vegetation_ambiguity,ambiguidade por vegetacao (checar no futuro),false,true,true,"se o criterio ocorrer, excluir do canario e nao promover"
EXC_01044,SAR_0389,slope_hand_inconsistent,inconsistencia de declividade/HAND (checar no futuro),false,true,true,"se o criterio ocorrer, excluir do canario e nao promover"
EXC_01045,SAR_0389,no_qa_possible,sem QA humano possivel (checar no futuro),false,true,true,"se o criterio ocorrer, excluir do canario e nao promover"
EXC_01046,SAR_0390,no_patch_or_aoi,sem patch nem AOI minima para recorte,true,false,false,"se o criterio ocorrer, excluir do canario e nao promover"
EXC_01047,SAR_0390,permanent_water_confusion,risco de confundir agua permanente com inundacao (checar no futuro),false,true,true,"se o criterio ocorrer, excluir do canario e nao promover"
EXC_01048,SAR_0390,urban_shadow_layover,sombra/layover urbano no SAR (checar no futuro),false,true,true,"se o criterio ocorrer, excluir do canario e nao promover"
EXC_01049,SAR_0390,vegetation_ambiguity,ambiguidade por vegetacao (checar no futuro),false,true,true,"se o criterio ocorrer, excluir do canario e nao promover"
EXC_01050,SAR_0390,slope_hand_inconsistent,inconsistencia de declividade/HAND (checar no futuro),false,true,true,"se o criterio ocorrer, excluir do canario e nao promover"
EXC_01051,SAR_0390,no_qa_possible,sem QA humano possivel (checar no futuro),false,true,true,"se o criterio ocorrer, excluir do canario e nao promover"
EXC_01052,SAR_0391,no_patch_or_aoi,sem patch nem AOI minima para recorte,true,false,false,"se o criterio ocorrer, excluir do canario e nao promover"
EXC_01053,SAR_0391,permanent_water_confusion,risco de confundir agua permanente com inundacao (checar no futuro),false,true,true,"se o criterio ocorrer, excluir do canario e nao promover"
EXC_01054,SAR_0391,urban_shadow_layover,sombra/layover urbano no SAR (checar no futuro),false,true,true,"se o criterio ocorrer, excluir do canario e nao promover"
EXC_01055,SAR_0391,vegetation_ambiguity,ambiguidade por vegetacao (checar no futuro),false,true,true,"se o criterio ocorrer, excluir do canario e nao promover"
EXC_01056,SAR_0391,slope_hand_inconsistent,inconsistencia de declividade/HAND (checar no futuro),false,true,true,"se o criterio ocorrer, excluir do canario e nao promover"
EXC_01057,SAR_0391,no_qa_possible,sem QA humano possivel (checar no futuro),false,true,true,"se o criterio ocorrer, excluir do canario e nao promover"
EXC_01058,SAR_0392,no_patch_or_aoi,sem patch nem AOI minima para recorte,true,false,false,"se o criterio ocorrer, excluir do canario e nao promover"
EXC_01059,SAR_0392,permanent_water_confusion,risco de confundir agua permanente com inundacao (checar no futuro),false,true,true,"se o criterio ocorrer, excluir do canario e nao promover"
EXC_01060,SAR_0392,urban_shadow_layover,sombra/layover urbano no SAR (checar no futuro),false,true,true,"se o criterio ocorrer, excluir do canario e nao promover"
EXC_01061,SAR_0392,vegetation_ambiguity,ambiguidade por vegetacao (checar no futuro),false,true,true,"se o criterio ocorrer, excluir do canario e nao promover"
EXC_01062,SAR_0392,slope_hand_inconsistent,inconsistencia de declividade/HAND (checar no futuro),false,true,true,"se o criterio ocorrer, excluir do canario e nao promover"
EXC_01063,SAR_0392,no_qa_possible,sem QA humano possivel (checar no futuro),false,true,true,"se o criterio ocorrer, excluir do canario e nao promover"
EXC_01064,SAR_0393,no_patch_or_aoi,sem patch nem AOI minima para recorte,true,false,false,"se o criterio ocorrer, excluir do canario e nao promover"
EXC_01065,SAR_0393,permanent_water_confusion,risco de confundir agua permanente com inundacao (checar no futuro),false,true,true,"se o criterio ocorrer, excluir do canario e nao promover"
EXC_01066,SAR_0393,urban_shadow_layover,sombra/layover urbano no SAR (checar no futuro),false,true,true,"se o criterio ocorrer, excluir do canario e nao promover"
EXC_01067,SAR_0393,vegetation_ambiguity,ambiguidade por vegetacao (checar no futuro),false,true,true,"se o criterio ocorrer, excluir do canario e nao promover"
EXC_01068,SAR_0393,slope_hand_inconsistent,inconsistencia de declividade/HAND (checar no futuro),false,true,true,"se o criterio ocorrer, excluir do canario e nao promover"
EXC_01069,SAR_0393,no_qa_possible,sem QA humano possivel (checar no futuro),false,true,true,"se o criterio ocorrer, excluir do canario e nao promover"
EXC_01070,SAR_0394,no_patch_or_aoi,sem patch nem AOI minima para recorte,true,false,false,"se o criterio ocorrer, excluir do canario e nao promover"
EXC_01071,SAR_0394,permanent_water_confusion,risco de confundir agua permanente com inundacao (checar no futuro),false,true,true,"se o criterio ocorrer, excluir do canario e nao promover"
EXC_01072,SAR_0394,urban_shadow_layover,sombra/layover urbano no SAR (checar no futuro),false,true,true,"se o criterio ocorrer, excluir do canario e nao promover"
EXC_01073,SAR_0394,vegetation_ambiguity,ambiguidade por vegetacao (checar no futuro),false,true,true,"se o criterio ocorrer, excluir do canario e nao promover"
EXC_01074,SAR_0394,slope_hand_inconsistent,inconsistencia de declividade/HAND (checar no futuro),false,true,true,"se o criterio ocorrer, excluir do canario e nao promover"
EXC_01075,SAR_0394,no_qa_possible,sem QA humano possivel (checar no futuro),false,true,true,"se o criterio ocorrer, excluir do canario e nao promover"
EXC_01076,SAR_0395,no_patch_or_aoi,sem patch nem AOI minima para recorte,true,false,false,"se o criterio ocorrer, excluir do canario e nao promover"
EXC_01077,SAR_0395,permanent_water_confusion,risco de confundir agua permanente com inundacao (checar no futuro),false,true,true,"se o criterio ocorrer, excluir do canario e nao promover"
EXC_01078,SAR_0395,urban_shadow_layover,sombra/layover urbano no SAR (checar no futuro),false,true,true,"se o criterio ocorrer, excluir do canario e nao promover"
EXC_01079,SAR_0395,vegetation_ambiguity,ambiguidade por vegetacao (checar no futuro),false,true,true,"se o criterio ocorrer, excluir do canario e nao promover"
EXC_01080,SAR_0395,slope_hand_inconsistent,inconsistencia de declividade/HAND (checar no futuro),false,true,true,"se o criterio ocorrer, excluir do canario e nao promover"
EXC_01081,SAR_0395,no_qa_possible,sem QA humano possivel (checar no futuro),false,true,true,"se o criterio ocorrer, excluir do canario e nao promover"
EXC_01082,SAR_0396,no_patch_or_aoi,sem patch nem AOI minima para recorte,true,false,false,"se o criterio ocorrer, excluir do canario e nao promover"
EXC_01083,SAR_0396,permanent_water_confusion,risco de confundir agua permanente com inundacao (checar no futuro),false,true,true,"se o criterio ocorrer, excluir do canario e nao promover"
EXC_01084,SAR_0396,urban_shadow_layover,sombra/layover urbano no SAR (checar no futuro),false,true,true,"se o criterio ocorrer, excluir do canario e nao promover"
EXC_01085,SAR_0396,vegetation_ambiguity,ambiguidade por vegetacao (checar no futuro),false,true,true,"se o criterio ocorrer, excluir do canario e nao promover"
EXC_01086,SAR_0396,slope_hand_inconsistent,inconsistencia de declividade/HAND (checar no futuro),false,true,true,"se o criterio ocorrer, excluir do canario e nao promover"
EXC_01087,SAR_0396,no_qa_possible,sem QA humano possivel (checar no futuro),false,true,true,"se o criterio ocorrer, excluir do canario e nao promover"
EXC_01088,SAR_0397,no_patch_or_aoi,sem patch nem AOI minima para recorte,true,false,false,"se o criterio ocorrer, excluir do canario e nao promover"
EXC_01089,SAR_0397,permanent_water_confusion,risco de confundir agua permanente com inundacao (checar no futuro),false,true,true,"se o criterio ocorrer, excluir do canario e nao promover"
EXC_01090,SAR_0397,urban_shadow_layover,sombra/layover urbano no SAR (checar no futuro),false,true,true,"se o criterio ocorrer, excluir do canario e nao promover"
EXC_01091,SAR_0397,vegetation_ambiguity,ambiguidade por vegetacao (checar no futuro),false,true,true,"se o criterio ocorrer, excluir do canario e nao promover"
EXC_01092,SAR_0397,slope_hand_inconsistent,inconsistencia de declividade/HAND (checar no futuro),false,true,true,"se o criterio ocorrer, excluir do canario e nao promover"
EXC_01093,SAR_0397,no_qa_possible,sem QA humano possivel (checar no futuro),false,true,true,"se o criterio ocorrer, excluir do canario e nao promover"
EXC_01094,SAR_0398,no_patch_or_aoi,sem patch nem AOI minima para recorte,true,false,false,"se o criterio ocorrer, excluir do canario e nao promover"
EXC_01095,SAR_0398,permanent_water_confusion,risco de confundir agua permanente com inundacao (checar no futuro),false,true,true,"se o criterio ocorrer, excluir do canario e nao promover"
EXC_01096,SAR_0398,urban_shadow_layover,sombra/layover urbano no SAR (checar no futuro),false,true,true,"se o criterio ocorrer, excluir do canario e nao promover"
EXC_01097,SAR_0398,vegetation_ambiguity,ambiguidade por vegetacao (checar no futuro),false,true,true,"se o criterio ocorrer, excluir do canario e nao promover"
EXC_01098,SAR_0398,slope_hand_inconsistent,inconsistencia de declividade/HAND (checar no futuro),false,true,true,"se o criterio ocorrer, excluir do canario e nao promover"
EXC_01099,SAR_0398,no_qa_possible,sem QA humano possivel (checar no futuro),false,true,true,"se o criterio ocorrer, excluir do canario e nao promover"
EXC_01100,SAR_0399,no_patch_or_aoi,sem patch nem AOI minima para recorte,true,false,false,"se o criterio ocorrer, excluir do canario e nao promover"
EXC_01101,SAR_0399,permanent_water_confusion,risco de confundir agua permanente com inundacao (checar no futuro),false,true,true,"se o criterio ocorrer, excluir do canario e nao promover"
EXC_01102,SAR_0399,urban_shadow_layover,sombra/layover urbano no SAR (checar no futuro),false,true,true,"se o criterio ocorrer, excluir do canario e nao promover"
EXC_01103,SAR_0399,vegetation_ambiguity,ambiguidade por vegetacao (checar no futuro),false,true,true,"se o criterio ocorrer, excluir do canario e nao promover"
EXC_01104,SAR_0399,slope_hand_inconsistent,inconsistencia de declividade/HAND (checar no futuro),false,true,true,"se o criterio ocorrer, excluir do canario e nao promover"
EXC_01105,SAR_0399,no_qa_possible,sem QA humano possivel (checar no futuro),false,true,true,"se o criterio ocorrer, excluir do canario e nao promover"
EXC_01106,SAR_0400,no_patch_or_aoi,sem patch nem AOI minima para recorte,true,false,false,"se o criterio ocorrer, excluir do canario e nao promover"
EXC_01107,SAR_0400,permanent_water_confusion,risco de confundir agua permanente com inundacao (checar no futuro),false,true,true,"se o criterio ocorrer, excluir do canario e nao promover"
EXC_01108,SAR_0400,urban_shadow_layover,sombra/layover urbano no SAR (checar no futuro),false,true,true,"se o criterio ocorrer, excluir do canario e nao promover"
EXC_01109,SAR_0400,vegetation_ambiguity,ambiguidade por vegetacao (checar no futuro),false,true,true,"se o criterio ocorrer, excluir do canario e nao promover"
EXC_01110,SAR_0400,slope_hand_inconsistent,inconsistencia de declividade/HAND (checar no futuro),false,true,true,"se o criterio ocorrer, excluir do canario e nao promover"
EXC_01111,SAR_0400,no_qa_possible,sem QA humano possivel (checar no futuro),false,true,true,"se o criterio ocorrer, excluir do canario e nao promover"
EXC_01112,SAR_0401,no_patch_or_aoi,sem patch nem AOI minima para recorte,true,false,false,"se o criterio ocorrer, excluir do canario e nao promover"
EXC_01113,SAR_0401,permanent_water_confusion,risco de confundir agua permanente com inundacao (checar no futuro),false,true,true,"se o criterio ocorrer, excluir do canario e nao promover"
EXC_01114,SAR_0401,urban_shadow_layover,sombra/layover urbano no SAR (checar no futuro),false,true,true,"se o criterio ocorrer, excluir do canario e nao promover"
EXC_01115,SAR_0401,vegetation_ambiguity,ambiguidade por vegetacao (checar no futuro),false,true,true,"se o criterio ocorrer, excluir do canario e nao promover"
EXC_01116,SAR_0401,slope_hand_inconsistent,inconsistencia de declividade/HAND (checar no futuro),false,true,true,"se o criterio ocorrer, excluir do canario e nao promover"
EXC_01117,SAR_0401,no_qa_possible,sem QA humano possivel (checar no futuro),false,true,true,"se o criterio ocorrer, excluir do canario e nao promover"
EXC_01118,SAR_0402,no_patch_or_aoi,sem patch nem AOI minima para recorte,true,false,false,"se o criterio ocorrer, excluir do canario e nao promover"
EXC_01119,SAR_0402,permanent_water_confusion,risco de confundir agua permanente com inundacao (checar no futuro),false,true,true,"se o criterio ocorrer, excluir do canario e nao promover"
EXC_01120,SAR_0402,urban_shadow_layover,sombra/layover urbano no SAR (checar no futuro),false,true,true,"se o criterio ocorrer, excluir do canario e nao promover"
EXC_01121,SAR_0402,vegetation_ambiguity,ambiguidade por vegetacao (checar no futuro),false,true,true,"se o criterio ocorrer, excluir do canario e nao promover"
EXC_01122,SAR_0402,slope_hand_inconsistent,inconsistencia de declividade/HAND (checar no futuro),false,true,true,"se o criterio ocorrer, excluir do canario e nao promover"
EXC_01123,SAR_0402,no_qa_possible,sem QA humano possivel (checar no futuro),false,true,true,"se o criterio ocorrer, excluir do canario e nao promover"
EXC_01124,SAR_0403,no_patch_or_aoi,sem patch nem AOI minima para recorte,true,false,false,"se o criterio ocorrer, excluir do canario e nao promover"
EXC_01125,SAR_0403,permanent_water_confusion,risco de confundir agua permanente com inundacao (checar no futuro),false,true,true,"se o criterio ocorrer, excluir do canario e nao promover"
EXC_01126,SAR_0403,urban_shadow_layover,sombra/layover urbano no SAR (checar no futuro),false,true,true,"se o criterio ocorrer, excluir do canario e nao promover"
EXC_01127,SAR_0403,vegetation_ambiguity,ambiguidade por vegetacao (checar no futuro),false,true,true,"se o criterio ocorrer, excluir do canario e nao promover"
EXC_01128,SAR_0403,slope_hand_inconsistent,inconsistencia de declividade/HAND (checar no futuro),false,true,true,"se o criterio ocorrer, excluir do canario e nao promover"
EXC_01129,SAR_0403,no_qa_possible,sem QA humano possivel (checar no futuro),false,true,true,"se o criterio ocorrer, excluir do canario e nao promover"
EXC_01130,SAR_0404,no_patch_or_aoi,sem patch nem AOI minima para recorte,true,false,false,"se o criterio ocorrer, excluir do canario e nao promover"
EXC_01131,SAR_0404,permanent_water_confusion,risco de confundir agua permanente com inundacao (checar no futuro),false,true,true,"se o criterio ocorrer, excluir do canario e nao promover"
EXC_01132,SAR_0404,urban_shadow_layover,sombra/layover urbano no SAR (checar no futuro),false,true,true,"se o criterio ocorrer, excluir do canario e nao promover"
EXC_01133,SAR_0404,vegetation_ambiguity,ambiguidade por vegetacao (checar no futuro),false,true,true,"se o criterio ocorrer, excluir do canario e nao promover"
EXC_01134,SAR_0404,slope_hand_inconsistent,inconsistencia de declividade/HAND (checar no futuro),false,true,true,"se o criterio ocorrer, excluir do canario e nao promover"
EXC_01135,SAR_0404,no_qa_possible,sem QA humano possivel (checar no futuro),false,true,true,"se o criterio ocorrer, excluir do canario e nao promover"
EXC_01136,SAR_0405,no_patch_or_aoi,sem patch nem AOI minima para recorte,true,false,false,"se o criterio ocorrer, excluir do canario e nao promover"
EXC_01137,SAR_0405,permanent_water_confusion,risco de confundir agua permanente com inundacao (checar no futuro),false,true,true,"se o criterio ocorrer, excluir do canario e nao promover"
EXC_01138,SAR_0405,urban_shadow_layover,sombra/layover urbano no SAR (checar no futuro),false,true,true,"se o criterio ocorrer, excluir do canario e nao promover"
EXC_01139,SAR_0405,vegetation_ambiguity,ambiguidade por vegetacao (checar no futuro),false,true,true,"se o criterio ocorrer, excluir do canario e nao promover"
EXC_01140,SAR_0405,slope_hand_inconsistent,inconsistencia de declividade/HAND (checar no futuro),false,true,true,"se o criterio ocorrer, excluir do canario e nao promover"
EXC_01141,SAR_0405,no_qa_possible,sem QA humano possivel (checar no futuro),false,true,true,"se o criterio ocorrer, excluir do canario e nao promover"
EXC_01142,SAR_0406,no_patch_or_aoi,sem patch nem AOI minima para recorte,true,false,false,"se o criterio ocorrer, excluir do canario e nao promover"
EXC_01143,SAR_0406,permanent_water_confusion,risco de confundir agua permanente com inundacao (checar no futuro),false,true,true,"se o criterio ocorrer, excluir do canario e nao promover"
EXC_01144,SAR_0406,urban_shadow_layover,sombra/layover urbano no SAR (checar no futuro),false,true,true,"se o criterio ocorrer, excluir do canario e nao promover"
EXC_01145,SAR_0406,vegetation_ambiguity,ambiguidade por vegetacao (checar no futuro),false,true,true,"se o criterio ocorrer, excluir do canario e nao promover"
EXC_01146,SAR_0406,slope_hand_inconsistent,inconsistencia de declividade/HAND (checar no futuro),false,true,true,"se o criterio ocorrer, excluir do canario e nao promover"
EXC_01147,SAR_0406,no_qa_possible,sem QA humano possivel (checar no futuro),false,true,true,"se o criterio ocorrer, excluir do canario e nao promover"
EXC_01148,SAR_0407,no_patch_or_aoi,sem patch nem AOI minima para recorte,true,false,false,"se o criterio ocorrer, excluir do canario e nao promover"
EXC_01149,SAR_0407,permanent_water_confusion,risco de confundir agua permanente com inundacao (checar no futuro),false,true,true,"se o criterio ocorrer, excluir do canario e nao promover"
EXC_01150,SAR_0407,urban_shadow_layover,sombra/layover urbano no SAR (checar no futuro),false,true,true,"se o criterio ocorrer, excluir do canario e nao promover"
EXC_01151,SAR_0407,vegetation_ambiguity,ambiguidade por vegetacao (checar no futuro),false,true,true,"se o criterio ocorrer, excluir do canario e nao promover"
EXC_01152,SAR_0407,slope_hand_inconsistent,inconsistencia de declividade/HAND (checar no futuro),false,true,true,"se o criterio ocorrer, excluir do canario e nao promover"
EXC_01153,SAR_0407,no_qa_possible,sem QA humano possivel (checar no futuro),false,true,true,"se o criterio ocorrer, excluir do canario e nao promover"
EXC_01154,SAR_0408,no_patch_or_aoi,sem patch nem AOI minima para recorte,true,false,false,"se o criterio ocorrer, excluir do canario e nao promover"
EXC_01155,SAR_0408,permanent_water_confusion,risco de confundir agua permanente com inundacao (checar no futuro),false,true,true,"se o criterio ocorrer, excluir do canario e nao promover"
EXC_01156,SAR_0408,urban_shadow_layover,sombra/layover urbano no SAR (checar no futuro),false,true,true,"se o criterio ocorrer, excluir do canario e nao promover"
EXC_01157,SAR_0408,vegetation_ambiguity,ambiguidade por vegetacao (checar no futuro),false,true,true,"se o criterio ocorrer, excluir do canario e nao promover"
EXC_01158,SAR_0408,slope_hand_inconsistent,inconsistencia de declividade/HAND (checar no futuro),false,true,true,"se o criterio ocorrer, excluir do canario e nao promover"
EXC_01159,SAR_0408,no_qa_possible,sem QA humano possivel (checar no futuro),false,true,true,"se o criterio ocorrer, excluir do canario e nao promover"
EXC_01160,SAR_0409,no_patch_or_aoi,sem patch nem AOI minima para recorte,true,false,false,"se o criterio ocorrer, excluir do canario e nao promover"
EXC_01161,SAR_0409,permanent_water_confusion,risco de confundir agua permanente com inundacao (checar no futuro),false,true,true,"se o criterio ocorrer, excluir do canario e nao promover"
EXC_01162,SAR_0409,urban_shadow_layover,sombra/layover urbano no SAR (checar no futuro),false,true,true,"se o criterio ocorrer, excluir do canario e nao promover"
EXC_01163,SAR_0409,vegetation_ambiguity,ambiguidade por vegetacao (checar no futuro),false,true,true,"se o criterio ocorrer, excluir do canario e nao promover"
EXC_01164,SAR_0409,slope_hand_inconsistent,inconsistencia de declividade/HAND (checar no futuro),false,true,true,"se o criterio ocorrer, excluir do canario e nao promover"
EXC_01165,SAR_0409,no_qa_possible,sem QA humano possivel (checar no futuro),false,true,true,"se o criterio ocorrer, excluir do canario e nao promover"
EXC_01166,SAR_0410,no_patch_or_aoi,sem patch nem AOI minima para recorte,true,false,false,"se o criterio ocorrer, excluir do canario e nao promover"
EXC_01167,SAR_0410,permanent_water_confusion,risco de confundir agua permanente com inundacao (checar no futuro),false,true,true,"se o criterio ocorrer, excluir do canario e nao promover"
EXC_01168,SAR_0410,urban_shadow_layover,sombra/layover urbano no SAR (checar no futuro),false,true,true,"se o criterio ocorrer, excluir do canario e nao promover"
EXC_01169,SAR_0410,vegetation_ambiguity,ambiguidade por vegetacao (checar no futuro),false,true,true,"se o criterio ocorrer, excluir do canario e nao promover"
EXC_01170,SAR_0410,slope_hand_inconsistent,inconsistencia de declividade/HAND (checar no futuro),false,true,true,"se o criterio ocorrer, excluir do canario e nao promover"
EXC_01171,SAR_0410,no_qa_possible,sem QA humano possivel (checar no futuro),false,true,true,"se o criterio ocorrer, excluir do canario e nao promover"
EXC_01172,SAR_0411,no_patch_or_aoi,sem patch nem AOI minima para recorte,true,false,false,"se o criterio ocorrer, excluir do canario e nao promover"
EXC_01173,SAR_0411,permanent_water_confusion,risco de confundir agua permanente com inundacao (checar no futuro),false,true,true,"se o criterio ocorrer, excluir do canario e nao promover"
EXC_01174,SAR_0411,urban_shadow_layover,sombra/layover urbano no SAR (checar no futuro),false,true,true,"se o criterio ocorrer, excluir do canario e nao promover"
EXC_01175,SAR_0411,vegetation_ambiguity,ambiguidade por vegetacao (checar no futuro),false,true,true,"se o criterio ocorrer, excluir do canario e nao promover"
EXC_01176,SAR_0411,slope_hand_inconsistent,inconsistencia de declividade/HAND (checar no futuro),false,true,true,"se o criterio ocorrer, excluir do canario e nao promover"
EXC_01177,SAR_0411,no_qa_possible,sem QA humano possivel (checar no futuro),false,true,true,"se o criterio ocorrer, excluir do canario e nao promover"
EXC_01178,SAR_0412,no_patch_or_aoi,sem patch nem AOI minima para recorte,true,false,false,"se o criterio ocorrer, excluir do canario e nao promover"
EXC_01179,SAR_0412,permanent_water_confusion,risco de confundir agua permanente com inundacao (checar no futuro),false,true,true,"se o criterio ocorrer, excluir do canario e nao promover"
EXC_01180,SAR_0412,urban_shadow_layover,sombra/layover urbano no SAR (checar no futuro),false,true,true,"se o criterio ocorrer, excluir do canario e nao promover"
EXC_01181,SAR_0412,vegetation_ambiguity,ambiguidade por vegetacao (checar no futuro),false,true,true,"se o criterio ocorrer, excluir do canario e nao promover"
EXC_01182,SAR_0412,slope_hand_inconsistent,inconsistencia de declividade/HAND (checar no futuro),false,true,true,"se o criterio ocorrer, excluir do canario e nao promover"
EXC_01183,SAR_0412,no_qa_possible,sem QA humano possivel (checar no futuro),false,true,true,"se o criterio ocorrer, excluir do canario e nao promover"
EXC_01184,SAR_0413,no_patch_or_aoi,sem patch nem AOI minima para recorte,true,false,false,"se o criterio ocorrer, excluir do canario e nao promover"
EXC_01185,SAR_0413,permanent_water_confusion,risco de confundir agua permanente com inundacao (checar no futuro),false,true,true,"se o criterio ocorrer, excluir do canario e nao promover"
EXC_01186,SAR_0413,urban_shadow_layover,sombra/layover urbano no SAR (checar no futuro),false,true,true,"se o criterio ocorrer, excluir do canario e nao promover"
EXC_01187,SAR_0413,vegetation_ambiguity,ambiguidade por vegetacao (checar no futuro),false,true,true,"se o criterio ocorrer, excluir do canario e nao promover"
EXC_01188,SAR_0413,slope_hand_inconsistent,inconsistencia de declividade/HAND (checar no futuro),false,true,true,"se o criterio ocorrer, excluir do canario e nao promover"
EXC_01189,SAR_0413,no_qa_possible,sem QA humano possivel (checar no futuro),false,true,true,"se o criterio ocorrer, excluir do canario e nao promover"
EXC_01190,SAR_0414,no_patch_or_aoi,sem patch nem AOI minima para recorte,true,false,false,"se o criterio ocorrer, excluir do canario e nao promover"
EXC_01191,SAR_0414,permanent_water_confusion,risco de confundir agua permanente com inundacao (checar no futuro),false,true,true,"se o criterio ocorrer, excluir do canario e nao promover"
EXC_01192,SAR_0414,urban_shadow_layover,sombra/layover urbano no SAR (checar no futuro),false,true,true,"se o criterio ocorrer, excluir do canario e nao promover"
EXC_01193,SAR_0414,vegetation_ambiguity,ambiguidade por vegetacao (checar no futuro),false,true,true,"se o criterio ocorrer, excluir do canario e nao promover"
EXC_01194,SAR_0414,slope_hand_inconsistent,inconsistencia de declividade/HAND (checar no futuro),false,true,true,"se o criterio ocorrer, excluir do canario e nao promover"
EXC_01195,SAR_0414,no_qa_possible,sem QA humano possivel (checar no futuro),false,true,true,"se o criterio ocorrer, excluir do canario e nao promover"
EXC_01196,SAR_0415,no_patch_or_aoi,sem patch nem AOI minima para recorte,true,false,false,"se o criterio ocorrer, excluir do canario e nao promover"
EXC_01197,SAR_0415,permanent_water_confusion,risco de confundir agua permanente com inundacao (checar no futuro),false,true,true,"se o criterio ocorrer, excluir do canario e nao promover"
EXC_01198,SAR_0415,urban_shadow_layover,sombra/layover urbano no SAR (checar no futuro),false,true,true,"se o criterio ocorrer, excluir do canario e nao promover"
EXC_01199,SAR_0415,vegetation_ambiguity,ambiguidade por vegetacao (checar no futuro),false,true,true,"se o criterio ocorrer, excluir do canario e nao promover"
EXC_01200,SAR_0415,slope_hand_inconsistent,inconsistencia de declividade/HAND (checar no futuro),false,true,true,"se o criterio ocorrer, excluir do canario e nao promover"
EXC_01201,SAR_0415,no_qa_possible,sem QA humano possivel (checar no futuro),false,true,true,"se o criterio ocorrer, excluir do canario e nao promover"
EXC_01202,SAR_0416,no_patch_or_aoi,sem patch nem AOI minima para recorte,true,false,false,"se o criterio ocorrer, excluir do canario e nao promover"
EXC_01203,SAR_0416,permanent_water_confusion,risco de confundir agua permanente com inundacao (checar no futuro),false,true,true,"se o criterio ocorrer, excluir do canario e nao promover"
EXC_01204,SAR_0416,urban_shadow_layover,sombra/layover urbano no SAR (checar no futuro),false,true,true,"se o criterio ocorrer, excluir do canario e nao promover"
EXC_01205,SAR_0416,vegetation_ambiguity,ambiguidade por vegetacao (checar no futuro),false,true,true,"se o criterio ocorrer, excluir do canario e nao promover"
EXC_01206,SAR_0416,slope_hand_inconsistent,inconsistencia de declividade/HAND (checar no futuro),false,true,true,"se o criterio ocorrer, excluir do canario e nao promover"
EXC_01207,SAR_0416,no_qa_possible,sem QA humano possivel (checar no futuro),false,true,true,"se o criterio ocorrer, excluir do canario e nao promover"
EXC_01208,SAR_0417,no_patch_or_aoi,sem patch nem AOI minima para recorte,true,false,false,"se o criterio ocorrer, excluir do canario e nao promover"
EXC_01209,SAR_0417,permanent_water_confusion,risco de confundir agua permanente com inundacao (checar no futuro),false,true,true,"se o criterio ocorrer, excluir do canario e nao promover"
EXC_01210,SAR_0417,urban_shadow_layover,sombra/layover urbano no SAR (checar no futuro),false,true,true,"se o criterio ocorrer, excluir do canario e nao promover"
EXC_01211,SAR_0417,vegetation_ambiguity,ambiguidade por vegetacao (checar no futuro),false,true,true,"se o criterio ocorrer, excluir do canario e nao promover"
EXC_01212,SAR_0417,slope_hand_inconsistent,inconsistencia de declividade/HAND (checar no futuro),false,true,true,"se o criterio ocorrer, excluir do canario e nao promover"
EXC_01213,SAR_0417,no_qa_possible,sem QA humano possivel (checar no futuro),false,true,true,"se o criterio ocorrer, excluir do canario e nao promover"
EXC_01214,SAR_0418,no_patch_or_aoi,sem patch nem AOI minima para recorte,true,false,false,"se o criterio ocorrer, excluir do canario e nao promover"
EXC_01215,SAR_0418,permanent_water_confusion,risco de confundir agua permanente com inundacao (checar no futuro),false,true,true,"se o criterio ocorrer, excluir do canario e nao promover"
EXC_01216,SAR_0418,urban_shadow_layover,sombra/layover urbano no SAR (checar no futuro),false,true,true,"se o criterio ocorrer, excluir do canario e nao promover"
EXC_01217,SAR_0418,vegetation_ambiguity,ambiguidade por vegetacao (checar no futuro),false,true,true,"se o criterio ocorrer, excluir do canario e nao promover"
EXC_01218,SAR_0418,slope_hand_inconsistent,inconsistencia de declividade/HAND (checar no futuro),false,true,true,"se o criterio ocorrer, excluir do canario e nao promover"
EXC_01219,SAR_0418,no_qa_possible,sem QA humano possivel (checar no futuro),false,true,true,"se o criterio ocorrer, excluir do canario e nao promover"
EXC_01220,SAR_0419,no_patch_or_aoi,sem patch nem AOI minima para recorte,true,false,false,"se o criterio ocorrer, excluir do canario e nao promover"
EXC_01221,SAR_0419,permanent_water_confusion,risco de confundir agua permanente com inundacao (checar no futuro),false,true,true,"se o criterio ocorrer, excluir do canario e nao promover"
EXC_01222,SAR_0419,urban_shadow_layover,sombra/layover urbano no SAR (checar no futuro),false,true,true,"se o criterio ocorrer, excluir do canario e nao promover"
EXC_01223,SAR_0419,vegetation_ambiguity,ambiguidade por vegetacao (checar no futuro),false,true,true,"se o criterio ocorrer, excluir do canario e nao promover"
EXC_01224,SAR_0419,slope_hand_inconsistent,inconsistencia de declividade/HAND (checar no futuro),false,true,true,"se o criterio ocorrer, excluir do canario e nao promover"
EXC_01225,SAR_0419,no_qa_possible,sem QA humano possivel (checar no futuro),false,true,true,"se o criterio ocorrer, excluir do canario e nao promover"
EXC_01226,SAR_0420,no_patch_or_aoi,sem patch nem AOI minima para recorte,true,false,false,"se o criterio ocorrer, excluir do canario e nao promover"
EXC_01227,SAR_0420,permanent_water_confusion,risco de confundir agua permanente com inundacao (checar no futuro),false,true,true,"se o criterio ocorrer, excluir do canario e nao promover"
EXC_01228,SAR_0420,urban_shadow_layover,sombra/layover urbano no SAR (checar no futuro),false,true,true,"se o criterio ocorrer, excluir do canario e nao promover"
EXC_01229,SAR_0420,vegetation_ambiguity,ambiguidade por vegetacao (checar no futuro),false,true,true,"se o criterio ocorrer, excluir do canario e nao promover"
EXC_01230,SAR_0420,slope_hand_inconsistent,inconsistencia de declividade/HAND (checar no futuro),false,true,true,"se o criterio ocorrer, excluir do canario e nao promover"
EXC_01231,SAR_0420,no_qa_possible,sem QA humano possivel (checar no futuro),false,true,true,"se o criterio ocorrer, excluir do canario e nao promover"
EXC_01232,SAR_0421,no_patch_or_aoi,sem patch nem AOI minima para recorte,true,false,false,"se o criterio ocorrer, excluir do canario e nao promover"
EXC_01233,SAR_0421,permanent_water_confusion,risco de confundir agua permanente com inundacao (checar no futuro),false,true,true,"se o criterio ocorrer, excluir do canario e nao promover"
EXC_01234,SAR_0421,urban_shadow_layover,sombra/layover urbano no SAR (checar no futuro),false,true,true,"se o criterio ocorrer, excluir do canario e nao promover"
EXC_01235,SAR_0421,vegetation_ambiguity,ambiguidade por vegetacao (checar no futuro),false,true,true,"se o criterio ocorrer, excluir do canario e nao promover"
EXC_01236,SAR_0421,slope_hand_inconsistent,inconsistencia de declividade/HAND (checar no futuro),false,true,true,"se o criterio ocorrer, excluir do canario e nao promover"
EXC_01237,SAR_0421,no_qa_possible,sem QA humano possivel (checar no futuro),false,true,true,"se o criterio ocorrer, excluir do canario e nao promover"
EXC_01238,SAR_0422,no_patch_or_aoi,sem patch nem AOI minima para recorte,true,false,false,"se o criterio ocorrer, excluir do canario e nao promover"
EXC_01239,SAR_0422,permanent_water_confusion,risco de confundir agua permanente com inundacao (checar no futuro),false,true,true,"se o criterio ocorrer, excluir do canario e nao promover"
EXC_01240,SAR_0422,urban_shadow_layover,sombra/layover urbano no SAR (checar no futuro),false,true,true,"se o criterio ocorrer, excluir do canario e nao promover"
EXC_01241,SAR_0422,vegetation_ambiguity,ambiguidade por vegetacao (checar no futuro),false,true,true,"se o criterio ocorrer, excluir do canario e nao promover"
EXC_01242,SAR_0422,slope_hand_inconsistent,inconsistencia de declividade/HAND (checar no futuro),false,true,true,"se o criterio ocorrer, excluir do canario e nao promover"
EXC_01243,SAR_0422,no_qa_possible,sem QA humano possivel (checar no futuro),false,true,true,"se o criterio ocorrer, excluir do canario e nao promover"
EXC_01244,SAR_0423,no_patch_or_aoi,sem patch nem AOI minima para recorte,true,false,false,"se o criterio ocorrer, excluir do canario e nao promover"
EXC_01245,SAR_0423,permanent_water_confusion,risco de confundir agua permanente com inundacao (checar no futuro),false,true,true,"se o criterio ocorrer, excluir do canario e nao promover"
EXC_01246,SAR_0423,urban_shadow_layover,sombra/layover urbano no SAR (checar no futuro),false,true,true,"se o criterio ocorrer, excluir do canario e nao promover"
EXC_01247,SAR_0423,vegetation_ambiguity,ambiguidade por vegetacao (checar no futuro),false,true,true,"se o criterio ocorrer, excluir do canario e nao promover"
EXC_01248,SAR_0423,slope_hand_inconsistent,inconsistencia de declividade/HAND (checar no futuro),false,true,true,"se o criterio ocorrer, excluir do canario e nao promover"
EXC_01249,SAR_0423,no_qa_possible,sem QA humano possivel (checar no futuro),false,true,true,"se o criterio ocorrer, excluir do canario e nao promover"
EXC_01250,SAR_0424,no_patch_or_aoi,sem patch nem AOI minima para recorte,true,false,false,"se o criterio ocorrer, excluir do canario e nao promover"
EXC_01251,SAR_0424,permanent_water_confusion,risco de confundir agua permanente com inundacao (checar no futuro),false,true,true,"se o criterio ocorrer, excluir do canario e nao promover"
EXC_01252,SAR_0424,urban_shadow_layover,sombra/layover urbano no SAR (checar no futuro),false,true,true,"se o criterio ocorrer, excluir do canario e nao promover"
EXC_01253,SAR_0424,vegetation_ambiguity,ambiguidade por vegetacao (checar no futuro),false,true,true,"se o criterio ocorrer, excluir do canario e nao promover"
EXC_01254,SAR_0424,slope_hand_inconsistent,inconsistencia de declividade/HAND (checar no futuro),false,true,true,"se o criterio ocorrer, excluir do canario e nao promover"
EXC_01255,SAR_0424,no_qa_possible,sem QA humano possivel (checar no futuro),false,true,true,"se o criterio ocorrer, excluir do canario e nao promover"
EXC_01256,SAR_0425,no_patch_or_aoi,sem patch nem AOI minima para recorte,true,false,false,"se o criterio ocorrer, excluir do canario e nao promover"
EXC_01257,SAR_0425,permanent_water_confusion,risco de confundir agua permanente com inundacao (checar no futuro),false,true,true,"se o criterio ocorrer, excluir do canario e nao promover"
EXC_01258,SAR_0425,urban_shadow_layover,sombra/layover urbano no SAR (checar no futuro),false,true,true,"se o criterio ocorrer, excluir do canario e nao promover"
EXC_01259,SAR_0425,vegetation_ambiguity,ambiguidade por vegetacao (checar no futuro),false,true,true,"se o criterio ocorrer, excluir do canario e nao promover"
EXC_01260,SAR_0425,slope_hand_inconsistent,inconsistencia de declividade/HAND (checar no futuro),false,true,true,"se o criterio ocorrer, excluir do canario e nao promover"
EXC_01261,SAR_0425,no_qa_possible,sem QA humano possivel (checar no futuro),false,true,true,"se o criterio ocorrer, excluir do canario e nao promover"
EXC_01262,SAR_0426,no_patch_or_aoi,sem patch nem AOI minima para recorte,true,false,false,"se o criterio ocorrer, excluir do canario e nao promover"
EXC_01263,SAR_0426,permanent_water_confusion,risco de confundir agua permanente com inundacao (checar no futuro),false,true,true,"se o criterio ocorrer, excluir do canario e nao promover"
EXC_01264,SAR_0426,urban_shadow_layover,sombra/layover urbano no SAR (checar no futuro),false,true,true,"se o criterio ocorrer, excluir do canario e nao promover"
EXC_01265,SAR_0426,vegetation_ambiguity,ambiguidade por vegetacao (checar no futuro),false,true,true,"se o criterio ocorrer, excluir do canario e nao promover"
EXC_01266,SAR_0426,slope_hand_inconsistent,inconsistencia de declividade/HAND (checar no futuro),false,true,true,"se o criterio ocorrer, excluir do canario e nao promover"
EXC_01267,SAR_0426,no_qa_possible,sem QA humano possivel (checar no futuro),false,true,true,"se o criterio ocorrer, excluir do canario e nao promover"
EXC_01268,SAR_0427,no_patch_or_aoi,sem patch nem AOI minima para recorte,true,false,false,"se o criterio ocorrer, excluir do canario e nao promover"
EXC_01269,SAR_0427,permanent_water_confusion,risco de confundir agua permanente com inundacao (checar no futuro),false,true,true,"se o criterio ocorrer, excluir do canario e nao promover"
EXC_01270,SAR_0427,urban_shadow_layover,sombra/layover urbano no SAR (checar no futuro),false,true,true,"se o criterio ocorrer, excluir do canario e nao promover"
EXC_01271,SAR_0427,vegetation_ambiguity,ambiguidade por vegetacao (checar no futuro),false,true,true,"se o criterio ocorrer, excluir do canario e nao promover"
EXC_01272,SAR_0427,slope_hand_inconsistent,inconsistencia de declividade/HAND (checar no futuro),false,true,true,"se o criterio ocorrer, excluir do canario e nao promover"
EXC_01273,SAR_0427,no_qa_possible,sem QA humano possivel (checar no futuro),false,true,true,"se o criterio ocorrer, excluir do canario e nao promover"
EXC_01274,SAR_0428,no_patch_or_aoi,sem patch nem AOI minima para recorte,true,false,false,"se o criterio ocorrer, excluir do canario e nao promover"
EXC_01275,SAR_0428,permanent_water_confusion,risco de confundir agua permanente com inundacao (checar no futuro),false,true,true,"se o criterio ocorrer, excluir do canario e nao promover"
EXC_01276,SAR_0428,urban_shadow_layover,sombra/layover urbano no SAR (checar no futuro),false,true,true,"se o criterio ocorrer, excluir do canario e nao promover"
EXC_01277,SAR_0428,vegetation_ambiguity,ambiguidade por vegetacao (checar no futuro),false,true,true,"se o criterio ocorrer, excluir do canario e nao promover"
EXC_01278,SAR_0428,slope_hand_inconsistent,inconsistencia de declividade/HAND (checar no futuro),false,true,true,"se o criterio ocorrer, excluir do canario e nao promover"
EXC_01279,SAR_0428,no_qa_possible,sem QA humano possivel (checar no futuro),false,true,true,"se o criterio ocorrer, excluir do canario e nao promover"
EXC_01280,SAR_0429,no_patch_or_aoi,sem patch nem AOI minima para recorte,true,false,false,"se o criterio ocorrer, excluir do canario e nao promover"
EXC_01281,SAR_0429,permanent_water_confusion,risco de confundir agua permanente com inundacao (checar no futuro),false,true,true,"se o criterio ocorrer, excluir do canario e nao promover"
EXC_01282,SAR_0429,urban_shadow_layover,sombra/layover urbano no SAR (checar no futuro),false,true,true,"se o criterio ocorrer, excluir do canario e nao promover"
EXC_01283,SAR_0429,vegetation_ambiguity,ambiguidade por vegetacao (checar no futuro),false,true,true,"se o criterio ocorrer, excluir do canario e nao promover"
EXC_01284,SAR_0429,slope_hand_inconsistent,inconsistencia de declividade/HAND (checar no futuro),false,true,true,"se o criterio ocorrer, excluir do canario e nao promover"
EXC_01285,SAR_0429,no_qa_possible,sem QA humano possivel (checar no futuro),false,true,true,"se o criterio ocorrer, excluir do canario e nao promover"
EXC_01286,SAR_0430,no_patch_or_aoi,sem patch nem AOI minima para recorte,true,false,false,"se o criterio ocorrer, excluir do canario e nao promover"
EXC_01287,SAR_0430,permanent_water_confusion,risco de confundir agua permanente com inundacao (checar no futuro),false,true,true,"se o criterio ocorrer, excluir do canario e nao promover"
EXC_01288,SAR_0430,urban_shadow_layover,sombra/layover urbano no SAR (checar no futuro),false,true,true,"se o criterio ocorrer, excluir do canario e nao promover"
EXC_01289,SAR_0430,vegetation_ambiguity,ambiguidade por vegetacao (checar no futuro),false,true,true,"se o criterio ocorrer, excluir do canario e nao promover"
EXC_01290,SAR_0430,slope_hand_inconsistent,inconsistencia de declividade/HAND (checar no futuro),false,true,true,"se o criterio ocorrer, excluir do canario e nao promover"
EXC_01291,SAR_0430,no_qa_possible,sem QA humano possivel (checar no futuro),false,true,true,"se o criterio ocorrer, excluir do canario e nao promover"
EXC_01292,SAR_0431,no_patch_or_aoi,sem patch nem AOI minima para recorte,true,false,false,"se o criterio ocorrer, excluir do canario e nao promover"
EXC_01293,SAR_0431,permanent_water_confusion,risco de confundir agua permanente com inundacao (checar no futuro),false,true,true,"se o criterio ocorrer, excluir do canario e nao promover"
EXC_01294,SAR_0431,urban_shadow_layover,sombra/layover urbano no SAR (checar no futuro),false,true,true,"se o criterio ocorrer, excluir do canario e nao promover"
EXC_01295,SAR_0431,vegetation_ambiguity,ambiguidade por vegetacao (checar no futuro),false,true,true,"se o criterio ocorrer, excluir do canario e nao promover"
EXC_01296,SAR_0431,slope_hand_inconsistent,inconsistencia de declividade/HAND (checar no futuro),false,true,true,"se o criterio ocorrer, excluir do canario e nao promover"
EXC_01297,SAR_0431,no_qa_possible,sem QA humano possivel (checar no futuro),false,true,true,"se o criterio ocorrer, excluir do canario e nao promover"
EXC_01298,SAR_0432,no_patch_or_aoi,sem patch nem AOI minima para recorte,true,false,false,"se o criterio ocorrer, excluir do canario e nao promover"
EXC_01299,SAR_0432,permanent_water_confusion,risco de confundir agua permanente com inundacao (checar no futuro),false,true,true,"se o criterio ocorrer, excluir do canario e nao promover"
EXC_01300,SAR_0432,urban_shadow_layover,sombra/layover urbano no SAR (checar no futuro),false,true,true,"se o criterio ocorrer, excluir do canario e nao promover"
EXC_01301,SAR_0432,vegetation_ambiguity,ambiguidade por vegetacao (checar no futuro),false,true,true,"se o criterio ocorrer, excluir do canario e nao promover"
EXC_01302,SAR_0432,slope_hand_inconsistent,inconsistencia de declividade/HAND (checar no futuro),false,true,true,"se o criterio ocorrer, excluir do canario e nao promover"
EXC_01303,SAR_0432,no_qa_possible,sem QA humano possivel (checar no futuro),false,true,true,"se o criterio ocorrer, excluir do canario e nao promover"
EXC_01304,SAR_0433,no_patch_or_aoi,sem patch nem AOI minima para recorte,true,false,false,"se o criterio ocorrer, excluir do canario e nao promover"
EXC_01305,SAR_0433,permanent_water_confusion,risco de confundir agua permanente com inundacao (checar no futuro),false,true,true,"se o criterio ocorrer, excluir do canario e nao promover"
EXC_01306,SAR_0433,urban_shadow_layover,sombra/layover urbano no SAR (checar no futuro),false,true,true,"se o criterio ocorrer, excluir do canario e nao promover"
EXC_01307,SAR_0433,vegetation_ambiguity,ambiguidade por vegetacao (checar no futuro),false,true,true,"se o criterio ocorrer, excluir do canario e nao promover"
EXC_01308,SAR_0433,slope_hand_inconsistent,inconsistencia de declividade/HAND (checar no futuro),false,true,true,"se o criterio ocorrer, excluir do canario e nao promover"
EXC_01309,SAR_0433,no_qa_possible,sem QA humano possivel (checar no futuro),false,true,true,"se o criterio ocorrer, excluir do canario e nao promover"
EXC_01310,SAR_0434,no_patch_or_aoi,sem patch nem AOI minima para recorte,true,false,false,"se o criterio ocorrer, excluir do canario e nao promover"
EXC_01311,SAR_0434,permanent_water_confusion,risco de confundir agua permanente com inundacao (checar no futuro),false,true,true,"se o criterio ocorrer, excluir do canario e nao promover"
EXC_01312,SAR_0434,urban_shadow_layover,sombra/layover urbano no SAR (checar no futuro),false,true,true,"se o criterio ocorrer, excluir do canario e nao promover"
EXC_01313,SAR_0434,vegetation_ambiguity,ambiguidade por vegetacao (checar no futuro),false,true,true,"se o criterio ocorrer, excluir do canario e nao promover"
EXC_01314,SAR_0434,slope_hand_inconsistent,inconsistencia de declividade/HAND (checar no futuro),false,true,true,"se o criterio ocorrer, excluir do canario e nao promover"
EXC_01315,SAR_0434,no_qa_possible,sem QA humano possivel (checar no futuro),false,true,true,"se o criterio ocorrer, excluir do canario e nao promover"
EXC_01316,SAR_0435,no_patch_or_aoi,sem patch nem AOI minima para recorte,true,false,false,"se o criterio ocorrer, excluir do canario e nao promover"
EXC_01317,SAR_0435,permanent_water_confusion,risco de confundir agua permanente com inundacao (checar no futuro),false,true,true,"se o criterio ocorrer, excluir do canario e nao promover"
EXC_01318,SAR_0435,urban_shadow_layover,sombra/layover urbano no SAR (checar no futuro),false,true,true,"se o criterio ocorrer, excluir do canario e nao promover"
EXC_01319,SAR_0435,vegetation_ambiguity,ambiguidade por vegetacao (checar no futuro),false,true,true,"se o criterio ocorrer, excluir do canario e nao promover"
EXC_01320,SAR_0435,slope_hand_inconsistent,inconsistencia de declividade/HAND (checar no futuro),false,true,true,"se o criterio ocorrer, excluir do canario e nao promover"
EXC_01321,SAR_0435,no_qa_possible,sem QA humano possivel (checar no futuro),false,true,true,"se o criterio ocorrer, excluir do canario e nao promover"
EXC_01322,SAR_0436,no_patch_or_aoi,sem patch nem AOI minima para recorte,true,false,false,"se o criterio ocorrer, excluir do canario e nao promover"
EXC_01323,SAR_0436,permanent_water_confusion,risco de confundir agua permanente com inundacao (checar no futuro),false,true,true,"se o criterio ocorrer, excluir do canario e nao promover"
EXC_01324,SAR_0436,urban_shadow_layover,sombra/layover urbano no SAR (checar no futuro),false,true,true,"se o criterio ocorrer, excluir do canario e nao promover"
EXC_01325,SAR_0436,vegetation_ambiguity,ambiguidade por vegetacao (checar no futuro),false,true,true,"se o criterio ocorrer, excluir do canario e nao promover"
EXC_01326,SAR_0436,slope_hand_inconsistent,inconsistencia de declividade/HAND (checar no futuro),false,true,true,"se o criterio ocorrer, excluir do canario e nao promover"
EXC_01327,SAR_0436,no_qa_possible,sem QA humano possivel (checar no futuro),false,true,true,"se o criterio ocorrer, excluir do canario e nao promover"
EXC_01328,SAR_0437,no_patch_or_aoi,sem patch nem AOI minima para recorte,true,false,false,"se o criterio ocorrer, excluir do canario e nao promover"
EXC_01329,SAR_0437,permanent_water_confusion,risco de confundir agua permanente com inundacao (checar no futuro),false,true,true,"se o criterio ocorrer, excluir do canario e nao promover"
EXC_01330,SAR_0437,urban_shadow_layover,sombra/layover urbano no SAR (checar no futuro),false,true,true,"se o criterio ocorrer, excluir do canario e nao promover"
EXC_01331,SAR_0437,vegetation_ambiguity,ambiguidade por vegetacao (checar no futuro),false,true,true,"se o criterio ocorrer, excluir do canario e nao promover"
EXC_01332,SAR_0437,slope_hand_inconsistent,inconsistencia de declividade/HAND (checar no futuro),false,true,true,"se o criterio ocorrer, excluir do canario e nao promover"
EXC_01333,SAR_0437,no_qa_possible,sem QA humano possivel (checar no futuro),false,true,true,"se o criterio ocorrer, excluir do canario e nao promover"
EXC_01334,SAR_0438,no_patch_or_aoi,sem patch nem AOI minima para recorte,true,false,false,"se o criterio ocorrer, excluir do canario e nao promover"
EXC_01335,SAR_0438,permanent_water_confusion,risco de confundir agua permanente com inundacao (checar no futuro),false,true,true,"se o criterio ocorrer, excluir do canario e nao promover"
EXC_01336,SAR_0438,urban_shadow_layover,sombra/layover urbano no SAR (checar no futuro),false,true,true,"se o criterio ocorrer, excluir do canario e nao promover"
EXC_01337,SAR_0438,vegetation_ambiguity,ambiguidade por vegetacao (checar no futuro),false,true,true,"se o criterio ocorrer, excluir do canario e nao promover"
EXC_01338,SAR_0438,slope_hand_inconsistent,inconsistencia de declividade/HAND (checar no futuro),false,true,true,"se o criterio ocorrer, excluir do canario e nao promover"
EXC_01339,SAR_0438,no_qa_possible,sem QA humano possivel (checar no futuro),false,true,true,"se o criterio ocorrer, excluir do canario e nao promover"
EXC_01340,SAR_0439,no_patch_or_aoi,sem patch nem AOI minima para recorte,true,false,false,"se o criterio ocorrer, excluir do canario e nao promover"
EXC_01341,SAR_0439,permanent_water_confusion,risco de confundir agua permanente com inundacao (checar no futuro),false,true,true,"se o criterio ocorrer, excluir do canario e nao promover"
EXC_01342,SAR_0439,urban_shadow_layover,sombra/layover urbano no SAR (checar no futuro),false,true,true,"se o criterio ocorrer, excluir do canario e nao promover"
EXC_01343,SAR_0439,vegetation_ambiguity,ambiguidade por vegetacao (checar no futuro),false,true,true,"se o criterio ocorrer, excluir do canario e nao promover"
EXC_01344,SAR_0439,slope_hand_inconsistent,inconsistencia de declividade/HAND (checar no futuro),false,true,true,"se o criterio ocorrer, excluir do canario e nao promover"
EXC_01345,SAR_0439,no_qa_possible,sem QA humano possivel (checar no futuro),false,true,true,"se o criterio ocorrer, excluir do canario e nao promover"
EXC_01346,SAR_0440,no_patch_or_aoi,sem patch nem AOI minima para recorte,true,false,false,"se o criterio ocorrer, excluir do canario e nao promover"
EXC_01347,SAR_0440,permanent_water_confusion,risco de confundir agua permanente com inundacao (checar no futuro),false,true,true,"se o criterio ocorrer, excluir do canario e nao promover"
EXC_01348,SAR_0440,urban_shadow_layover,sombra/layover urbano no SAR (checar no futuro),false,true,true,"se o criterio ocorrer, excluir do canario e nao promover"
EXC_01349,SAR_0440,vegetation_ambiguity,ambiguidade por vegetacao (checar no futuro),false,true,true,"se o criterio ocorrer, excluir do canario e nao promover"
EXC_01350,SAR_0440,slope_hand_inconsistent,inconsistencia de declividade/HAND (checar no futuro),false,true,true,"se o criterio ocorrer, excluir do canario e nao promover"
EXC_01351,SAR_0440,no_qa_possible,sem QA humano possivel (checar no futuro),false,true,true,"se o criterio ocorrer, excluir do canario e nao promover"
EXC_01352,SAR_0441,no_patch_or_aoi,sem patch nem AOI minima para recorte,true,false,false,"se o criterio ocorrer, excluir do canario e nao promover"
EXC_01353,SAR_0441,permanent_water_confusion,risco de confundir agua permanente com inundacao (checar no futuro),false,true,true,"se o criterio ocorrer, excluir do canario e nao promover"
EXC_01354,SAR_0441,urban_shadow_layover,sombra/layover urbano no SAR (checar no futuro),false,true,true,"se o criterio ocorrer, excluir do canario e nao promover"
EXC_01355,SAR_0441,vegetation_ambiguity,ambiguidade por vegetacao (checar no futuro),false,true,true,"se o criterio ocorrer, excluir do canario e nao promover"
EXC_01356,SAR_0441,slope_hand_inconsistent,inconsistencia de declividade/HAND (checar no futuro),false,true,true,"se o criterio ocorrer, excluir do canario e nao promover"
EXC_01357,SAR_0441,no_qa_possible,sem QA humano possivel (checar no futuro),false,true,true,"se o criterio ocorrer, excluir do canario e nao promover"
EXC_01358,SAR_0442,no_patch_or_aoi,sem patch nem AOI minima para recorte,true,false,false,"se o criterio ocorrer, excluir do canario e nao promover"
EXC_01359,SAR_0442,permanent_water_confusion,risco de confundir agua permanente com inundacao (checar no futuro),false,true,true,"se o criterio ocorrer, excluir do canario e nao promover"
EXC_01360,SAR_0442,urban_shadow_layover,sombra/layover urbano no SAR (checar no futuro),false,true,true,"se o criterio ocorrer, excluir do canario e nao promover"
EXC_01361,SAR_0442,vegetation_ambiguity,ambiguidade por vegetacao (checar no futuro),false,true,true,"se o criterio ocorrer, excluir do canario e nao promover"
EXC_01362,SAR_0442,slope_hand_inconsistent,inconsistencia de declividade/HAND (checar no futuro),false,true,true,"se o criterio ocorrer, excluir do canario e nao promover"
EXC_01363,SAR_0442,no_qa_possible,sem QA humano possivel (checar no futuro),false,true,true,"se o criterio ocorrer, excluir do canario e nao promover"
EXC_01364,SAR_0443,no_patch_or_aoi,sem patch nem AOI minima para recorte,true,false,false,"se o criterio ocorrer, excluir do canario e nao promover"
EXC_01365,SAR_0443,permanent_water_confusion,risco de confundir agua permanente com inundacao (checar no futuro),false,true,true,"se o criterio ocorrer, excluir do canario e nao promover"
EXC_01366,SAR_0443,urban_shadow_layover,sombra/layover urbano no SAR (checar no futuro),false,true,true,"se o criterio ocorrer, excluir do canario e nao promover"
EXC_01367,SAR_0443,vegetation_ambiguity,ambiguidade por vegetacao (checar no futuro),false,true,true,"se o criterio ocorrer, excluir do canario e nao promover"
EXC_01368,SAR_0443,slope_hand_inconsistent,inconsistencia de declividade/HAND (checar no futuro),false,true,true,"se o criterio ocorrer, excluir do canario e nao promover"
EXC_01369,SAR_0443,no_qa_possible,sem QA humano possivel (checar no futuro),false,true,true,"se o criterio ocorrer, excluir do canario e nao promover"
EXC_01370,SAR_0444,no_patch_or_aoi,sem patch nem AOI minima para recorte,true,false,false,"se o criterio ocorrer, excluir do canario e nao promover"
EXC_01371,SAR_0444,permanent_water_confusion,risco de confundir agua permanente com inundacao (checar no futuro),false,true,true,"se o criterio ocorrer, excluir do canario e nao promover"
EXC_01372,SAR_0444,urban_shadow_layover,sombra/layover urbano no SAR (checar no futuro),false,true,true,"se o criterio ocorrer, excluir do canario e nao promover"
EXC_01373,SAR_0444,vegetation_ambiguity,ambiguidade por vegetacao (checar no futuro),false,true,true,"se o criterio ocorrer, excluir do canario e nao promover"
EXC_01374,SAR_0444,slope_hand_inconsistent,inconsistencia de declividade/HAND (checar no futuro),false,true,true,"se o criterio ocorrer, excluir do canario e nao promover"
EXC_01375,SAR_0444,no_qa_possible,sem QA humano possivel (checar no futuro),false,true,true,"se o criterio ocorrer, excluir do canario e nao promover"
EXC_01376,SAR_0445,no_patch_or_aoi,sem patch nem AOI minima para recorte,true,false,false,"se o criterio ocorrer, excluir do canario e nao promover"
EXC_01377,SAR_0445,permanent_water_confusion,risco de confundir agua permanente com inundacao (checar no futuro),false,true,true,"se o criterio ocorrer, excluir do canario e nao promover"
EXC_01378,SAR_0445,urban_shadow_layover,sombra/layover urbano no SAR (checar no futuro),false,true,true,"se o criterio ocorrer, excluir do canario e nao promover"
EXC_01379,SAR_0445,vegetation_ambiguity,ambiguidade por vegetacao (checar no futuro),false,true,true,"se o criterio ocorrer, excluir do canario e nao promover"
EXC_01380,SAR_0445,slope_hand_inconsistent,inconsistencia de declividade/HAND (checar no futuro),false,true,true,"se o criterio ocorrer, excluir do canario e nao promover"
EXC_01381,SAR_0445,no_qa_possible,sem QA humano possivel (checar no futuro),false,true,true,"se o criterio ocorrer, excluir do canario e nao promover"
EXC_01382,SAR_0446,no_patch_or_aoi,sem patch nem AOI minima para recorte,true,false,false,"se o criterio ocorrer, excluir do canario e nao promover"
EXC_01383,SAR_0446,permanent_water_confusion,risco de confundir agua permanente com inundacao (checar no futuro),false,true,true,"se o criterio ocorrer, excluir do canario e nao promover"
EXC_01384,SAR_0446,urban_shadow_layover,sombra/layover urbano no SAR (checar no futuro),false,true,true,"se o criterio ocorrer, excluir do canario e nao promover"
EXC_01385,SAR_0446,vegetation_ambiguity,ambiguidade por vegetacao (checar no futuro),false,true,true,"se o criterio ocorrer, excluir do canario e nao promover"
EXC_01386,SAR_0446,slope_hand_inconsistent,inconsistencia de declividade/HAND (checar no futuro),false,true,true,"se o criterio ocorrer, excluir do canario e nao promover"
EXC_01387,SAR_0446,no_qa_possible,sem QA humano possivel (checar no futuro),false,true,true,"se o criterio ocorrer, excluir do canario e nao promover"
EXC_01388,SAR_0447,no_patch_or_aoi,sem patch nem AOI minima para recorte,true,false,false,"se o criterio ocorrer, excluir do canario e nao promover"
EXC_01389,SAR_0447,permanent_water_confusion,risco de confundir agua permanente com inundacao (checar no futuro),false,true,true,"se o criterio ocorrer, excluir do canario e nao promover"
EXC_01390,SAR_0447,urban_shadow_layover,sombra/layover urbano no SAR (checar no futuro),false,true,true,"se o criterio ocorrer, excluir do canario e nao promover"
EXC_01391,SAR_0447,vegetation_ambiguity,ambiguidade por vegetacao (checar no futuro),false,true,true,"se o criterio ocorrer, excluir do canario e nao promover"
EXC_01392,SAR_0447,slope_hand_inconsistent,inconsistencia de declividade/HAND (checar no futuro),false,true,true,"se o criterio ocorrer, excluir do canario e nao promover"
EXC_01393,SAR_0447,no_qa_possible,sem QA humano possivel (checar no futuro),false,true,true,"se o criterio ocorrer, excluir do canario e nao promover"
EXC_01394,SAR_0448,no_patch_or_aoi,sem patch nem AOI minima para recorte,true,false,false,"se o criterio ocorrer, excluir do canario e nao promover"
EXC_01395,SAR_0448,permanent_water_confusion,risco de confundir agua permanente com inundacao (checar no futuro),false,true,true,"se o criterio ocorrer, excluir do canario e nao promover"
EXC_01396,SAR_0448,urban_shadow_layover,sombra/layover urbano no SAR (checar no futuro),false,true,true,"se o criterio ocorrer, excluir do canario e nao promover"
EXC_01397,SAR_0448,vegetation_ambiguity,ambiguidade por vegetacao (checar no futuro),false,true,true,"se o criterio ocorrer, excluir do canario e nao promover"
EXC_01398,SAR_0448,slope_hand_inconsistent,inconsistencia de declividade/HAND (checar no futuro),false,true,true,"se o criterio ocorrer, excluir do canario e nao promover"
EXC_01399,SAR_0448,no_qa_possible,sem QA humano possivel (checar no futuro),false,true,true,"se o criterio ocorrer, excluir do canario e nao promover"
EXC_01400,SAR_0449,no_patch_or_aoi,sem patch nem AOI minima para recorte,true,false,false,"se o criterio ocorrer, excluir do canario e nao promover"
EXC_01401,SAR_0449,permanent_water_confusion,risco de confundir agua permanente com inundacao (checar no futuro),false,true,true,"se o criterio ocorrer, excluir do canario e nao promover"
EXC_01402,SAR_0449,urban_shadow_layover,sombra/layover urbano no SAR (checar no futuro),false,true,true,"se o criterio ocorrer, excluir do canario e nao promover"
EXC_01403,SAR_0449,vegetation_ambiguity,ambiguidade por vegetacao (checar no futuro),false,true,true,"se o criterio ocorrer, excluir do canario e nao promover"
EXC_01404,SAR_0449,slope_hand_inconsistent,inconsistencia de declividade/HAND (checar no futuro),false,true,true,"se o criterio ocorrer, excluir do canario e nao promover"
EXC_01405,SAR_0449,no_qa_possible,sem QA humano possivel (checar no futuro),false,true,true,"se o criterio ocorrer, excluir do canario e nao promover"
EXC_01406,SAR_0450,no_patch_or_aoi,sem patch nem AOI minima para recorte,true,false,false,"se o criterio ocorrer, excluir do canario e nao promover"
EXC_01407,SAR_0450,permanent_water_confusion,risco de confundir agua permanente com inundacao (checar no futuro),false,true,true,"se o criterio ocorrer, excluir do canario e nao promover"
EXC_01408,SAR_0450,urban_shadow_layover,sombra/layover urbano no SAR (checar no futuro),false,true,true,"se o criterio ocorrer, excluir do canario e nao promover"
EXC_01409,SAR_0450,vegetation_ambiguity,ambiguidade por vegetacao (checar no futuro),false,true,true,"se o criterio ocorrer, excluir do canario e nao promover"
EXC_01410,SAR_0450,slope_hand_inconsistent,inconsistencia de declividade/HAND (checar no futuro),false,true,true,"se o criterio ocorrer, excluir do canario e nao promover"
EXC_01411,SAR_0450,no_qa_possible,sem QA humano possivel (checar no futuro),false,true,true,"se o criterio ocorrer, excluir do canario e nao promover"
EXC_01412,SAR_0451,no_patch_or_aoi,sem patch nem AOI minima para recorte,true,false,false,"se o criterio ocorrer, excluir do canario e nao promover"
EXC_01413,SAR_0451,permanent_water_confusion,risco de confundir agua permanente com inundacao (checar no futuro),false,true,true,"se o criterio ocorrer, excluir do canario e nao promover"
EXC_01414,SAR_0451,urban_shadow_layover,sombra/layover urbano no SAR (checar no futuro),false,true,true,"se o criterio ocorrer, excluir do canario e nao promover"
EXC_01415,SAR_0451,vegetation_ambiguity,ambiguidade por vegetacao (checar no futuro),false,true,true,"se o criterio ocorrer, excluir do canario e nao promover"
EXC_01416,SAR_0451,slope_hand_inconsistent,inconsistencia de declividade/HAND (checar no futuro),false,true,true,"se o criterio ocorrer, excluir do canario e nao promover"
EXC_01417,SAR_0451,no_qa_possible,sem QA humano possivel (checar no futuro),false,true,true,"se o criterio ocorrer, excluir do canario e nao promover"
EXC_01418,SAR_0452,no_patch_or_aoi,sem patch nem AOI minima para recorte,true,false,false,"se o criterio ocorrer, excluir do canario e nao promover"
EXC_01419,SAR_0452,permanent_water_confusion,risco de confundir agua permanente com inundacao (checar no futuro),false,true,true,"se o criterio ocorrer, excluir do canario e nao promover"
EXC_01420,SAR_0452,urban_shadow_layover,sombra/layover urbano no SAR (checar no futuro),false,true,true,"se o criterio ocorrer, excluir do canario e nao promover"
EXC_01421,SAR_0452,vegetation_ambiguity,ambiguidade por vegetacao (checar no futuro),false,true,true,"se o criterio ocorrer, excluir do canario e nao promover"
EXC_01422,SAR_0452,slope_hand_inconsistent,inconsistencia de declividade/HAND (checar no futuro),false,true,true,"se o criterio ocorrer, excluir do canario e nao promover"
EXC_01423,SAR_0452,no_qa_possible,sem QA humano possivel (checar no futuro),false,true,true,"se o criterio ocorrer, excluir do canario e nao promover"
EXC_01424,SAR_0453,no_patch_or_aoi,sem patch nem AOI minima para recorte,true,false,false,"se o criterio ocorrer, excluir do canario e nao promover"
EXC_01425,SAR_0453,permanent_water_confusion,risco de confundir agua permanente com inundacao (checar no futuro),false,true,true,"se o criterio ocorrer, excluir do canario e nao promover"
EXC_01426,SAR_0453,urban_shadow_layover,sombra/layover urbano no SAR (checar no futuro),false,true,true,"se o criterio ocorrer, excluir do canario e nao promover"
EXC_01427,SAR_0453,vegetation_ambiguity,ambiguidade por vegetacao (checar no futuro),false,true,true,"se o criterio ocorrer, excluir do canario e nao promover"
EXC_01428,SAR_0453,slope_hand_inconsistent,inconsistencia de declividade/HAND (checar no futuro),false,true,true,"se o criterio ocorrer, excluir do canario e nao promover"
EXC_01429,SAR_0453,no_qa_possible,sem QA humano possivel (checar no futuro),false,true,true,"se o criterio ocorrer, excluir do canario e nao promover"
EXC_01430,SAR_0454,no_patch_or_aoi,sem patch nem AOI minima para recorte,true,false,false,"se o criterio ocorrer, excluir do canario e nao promover"
EXC_01431,SAR_0454,permanent_water_confusion,risco de confundir agua permanente com inundacao (checar no futuro),false,true,true,"se o criterio ocorrer, excluir do canario e nao promover"
EXC_01432,SAR_0454,urban_shadow_layover,sombra/layover urbano no SAR (checar no futuro),false,true,true,"se o criterio ocorrer, excluir do canario e nao promover"
EXC_01433,SAR_0454,vegetation_ambiguity,ambiguidade por vegetacao (checar no futuro),false,true,true,"se o criterio ocorrer, excluir do canario e nao promover"
EXC_01434,SAR_0454,slope_hand_inconsistent,inconsistencia de declividade/HAND (checar no futuro),false,true,true,"se o criterio ocorrer, excluir do canario e nao promover"
EXC_01435,SAR_0454,no_qa_possible,sem QA humano possivel (checar no futuro),false,true,true,"se o criterio ocorrer, excluir do canario e nao promover"
EXC_01436,SAR_0455,no_patch_or_aoi,sem patch nem AOI minima para recorte,true,false,false,"se o criterio ocorrer, excluir do canario e nao promover"
EXC_01437,SAR_0455,permanent_water_confusion,risco de confundir agua permanente com inundacao (checar no futuro),false,true,true,"se o criterio ocorrer, excluir do canario e nao promover"
EXC_01438,SAR_0455,urban_shadow_layover,sombra/layover urbano no SAR (checar no futuro),false,true,true,"se o criterio ocorrer, excluir do canario e nao promover"
EXC_01439,SAR_0455,vegetation_ambiguity,ambiguidade por vegetacao (checar no futuro),false,true,true,"se o criterio ocorrer, excluir do canario e nao promover"
EXC_01440,SAR_0455,slope_hand_inconsistent,inconsistencia de declividade/HAND (checar no futuro),false,true,true,"se o criterio ocorrer, excluir do canario e nao promover"
EXC_01441,SAR_0455,no_qa_possible,sem QA humano possivel (checar no futuro),false,true,true,"se o criterio ocorrer, excluir do canario e nao promover"
EXC_01442,SAR_0456,no_patch_or_aoi,sem patch nem AOI minima para recorte,true,false,false,"se o criterio ocorrer, excluir do canario e nao promover"
EXC_01443,SAR_0456,permanent_water_confusion,risco de confundir agua permanente com inundacao (checar no futuro),false,true,true,"se o criterio ocorrer, excluir do canario e nao promover"
EXC_01444,SAR_0456,urban_shadow_layover,sombra/layover urbano no SAR (checar no futuro),false,true,true,"se o criterio ocorrer, excluir do canario e nao promover"
EXC_01445,SAR_0456,vegetation_ambiguity,ambiguidade por vegetacao (checar no futuro),false,true,true,"se o criterio ocorrer, excluir do canario e nao promover"
EXC_01446,SAR_0456,slope_hand_inconsistent,inconsistencia de declividade/HAND (checar no futuro),false,true,true,"se o criterio ocorrer, excluir do canario e nao promover"
EXC_01447,SAR_0456,no_qa_possible,sem QA humano possivel (checar no futuro),false,true,true,"se o criterio ocorrer, excluir do canario e nao promover"
EXC_01448,SAR_0457,no_patch_or_aoi,sem patch nem AOI minima para recorte,true,false,false,"se o criterio ocorrer, excluir do canario e nao promover"
EXC_01449,SAR_0457,permanent_water_confusion,risco de confundir agua permanente com inundacao (checar no futuro),false,true,true,"se o criterio ocorrer, excluir do canario e nao promover"
EXC_01450,SAR_0457,urban_shadow_layover,sombra/layover urbano no SAR (checar no futuro),false,true,true,"se o criterio ocorrer, excluir do canario e nao promover"
EXC_01451,SAR_0457,vegetation_ambiguity,ambiguidade por vegetacao (checar no futuro),false,true,true,"se o criterio ocorrer, excluir do canario e nao promover"
EXC_01452,SAR_0457,slope_hand_inconsistent,inconsistencia de declividade/HAND (checar no futuro),false,true,true,"se o criterio ocorrer, excluir do canario e nao promover"
EXC_01453,SAR_0457,no_qa_possible,sem QA humano possivel (checar no futuro),false,true,true,"se o criterio ocorrer, excluir do canario e nao promover"
EXC_01454,SAR_0458,no_patch_or_aoi,sem patch nem AOI minima para recorte,true,false,false,"se o criterio ocorrer, excluir do canario e nao promover"
EXC_01455,SAR_0458,permanent_water_confusion,risco de confundir agua permanente com inundacao (checar no futuro),false,true,true,"se o criterio ocorrer, excluir do canario e nao promover"
EXC_01456,SAR_0458,urban_shadow_layover,sombra/layover urbano no SAR (checar no futuro),false,true,true,"se o criterio ocorrer, excluir do canario e nao promover"
EXC_01457,SAR_0458,vegetation_ambiguity,ambiguidade por vegetacao (checar no futuro),false,true,true,"se o criterio ocorrer, excluir do canario e nao promover"
EXC_01458,SAR_0458,slope_hand_inconsistent,inconsistencia de declividade/HAND (checar no futuro),false,true,true,"se o criterio ocorrer, excluir do canario e nao promover"
EXC_01459,SAR_0458,no_qa_possible,sem QA humano possivel (checar no futuro),false,true,true,"se o criterio ocorrer, excluir do canario e nao promover"
EXC_01460,SAR_0459,no_patch_or_aoi,sem patch nem AOI minima para recorte,true,false,false,"se o criterio ocorrer, excluir do canario e nao promover"
EXC_01461,SAR_0459,permanent_water_confusion,risco de confundir agua permanente com inundacao (checar no futuro),false,true,true,"se o criterio ocorrer, excluir do canario e nao promover"
EXC_01462,SAR_0459,urban_shadow_layover,sombra/layover urbano no SAR (checar no futuro),false,true,true,"se o criterio ocorrer, excluir do canario e nao promover"
EXC_01463,SAR_0459,vegetation_ambiguity,ambiguidade por vegetacao (checar no futuro),false,true,true,"se o criterio ocorrer, excluir do canario e nao promover"
EXC_01464,SAR_0459,slope_hand_inconsistent,inconsistencia de declividade/HAND (checar no futuro),false,true,true,"se o criterio ocorrer, excluir do canario e nao promover"
EXC_01465,SAR_0459,no_qa_possible,sem QA humano possivel (checar no futuro),false,true,true,"se o criterio ocorrer, excluir do canario e nao promover"
EXC_01466,SAR_0460,no_patch_or_aoi,sem patch nem AOI minima para recorte,true,false,false,"se o criterio ocorrer, excluir do canario e nao promover"
EXC_01467,SAR_0460,permanent_water_confusion,risco de confundir agua permanente com inundacao (checar no futuro),false,true,true,"se o criterio ocorrer, excluir do canario e nao promover"
EXC_01468,SAR_0460,urban_shadow_layover,sombra/layover urbano no SAR (checar no futuro),false,true,true,"se o criterio ocorrer, excluir do canario e nao promover"
EXC_01469,SAR_0460,vegetation_ambiguity,ambiguidade por vegetacao (checar no futuro),false,true,true,"se o criterio ocorrer, excluir do canario e nao promover"
EXC_01470,SAR_0460,slope_hand_inconsistent,inconsistencia de declividade/HAND (checar no futuro),false,true,true,"se o criterio ocorrer, excluir do canario e nao promover"
EXC_01471,SAR_0460,no_qa_possible,sem QA humano possivel (checar no futuro),false,true,true,"se o criterio ocorrer, excluir do canario e nao promover"
EXC_01472,SAR_0461,no_patch_or_aoi,sem patch nem AOI minima para recorte,true,false,false,"se o criterio ocorrer, excluir do canario e nao promover"
EXC_01473,SAR_0461,permanent_water_confusion,risco de confundir agua permanente com inundacao (checar no futuro),false,true,true,"se o criterio ocorrer, excluir do canario e nao promover"
EXC_01474,SAR_0461,urban_shadow_layover,sombra/layover urbano no SAR (checar no futuro),false,true,true,"se o criterio ocorrer, excluir do canario e nao promover"
EXC_01475,SAR_0461,vegetation_ambiguity,ambiguidade por vegetacao (checar no futuro),false,true,true,"se o criterio ocorrer, excluir do canario e nao promover"
EXC_01476,SAR_0461,slope_hand_inconsistent,inconsistencia de declividade/HAND (checar no futuro),false,true,true,"se o criterio ocorrer, excluir do canario e nao promover"
EXC_01477,SAR_0461,no_qa_possible,sem QA humano possivel (checar no futuro),false,true,true,"se o criterio ocorrer, excluir do canario e nao promover"
EXC_01478,SAR_0462,no_patch_or_aoi,sem patch nem AOI minima para recorte,true,false,false,"se o criterio ocorrer, excluir do canario e nao promover"
EXC_01479,SAR_0462,permanent_water_confusion,risco de confundir agua permanente com inundacao (checar no futuro),false,true,true,"se o criterio ocorrer, excluir do canario e nao promover"
EXC_01480,SAR_0462,urban_shadow_layover,sombra/layover urbano no SAR (checar no futuro),false,true,true,"se o criterio ocorrer, excluir do canario e nao promover"
EXC_01481,SAR_0462,vegetation_ambiguity,ambiguidade por vegetacao (checar no futuro),false,true,true,"se o criterio ocorrer, excluir do canario e nao promover"
EXC_01482,SAR_0462,slope_hand_inconsistent,inconsistencia de declividade/HAND (checar no futuro),false,true,true,"se o criterio ocorrer, excluir do canario e nao promover"
EXC_01483,SAR_0462,no_qa_possible,sem QA humano possivel (checar no futuro),false,true,true,"se o criterio ocorrer, excluir do canario e nao promover"
EXC_01484,SAR_0463,no_patch_or_aoi,sem patch nem AOI minima para recorte,true,false,false,"se o criterio ocorrer, excluir do canario e nao promover"
EXC_01485,SAR_0463,permanent_water_confusion,risco de confundir agua permanente com inundacao (checar no futuro),false,true,true,"se o criterio ocorrer, excluir do canario e nao promover"
EXC_01486,SAR_0463,urban_shadow_layover,sombra/layover urbano no SAR (checar no futuro),false,true,true,"se o criterio ocorrer, excluir do canario e nao promover"
EXC_01487,SAR_0463,vegetation_ambiguity,ambiguidade por vegetacao (checar no futuro),false,true,true,"se o criterio ocorrer, excluir do canario e nao promover"
EXC_01488,SAR_0463,slope_hand_inconsistent,inconsistencia de declividade/HAND (checar no futuro),false,true,true,"se o criterio ocorrer, excluir do canario e nao promover"
EXC_01489,SAR_0463,no_qa_possible,sem QA humano possivel (checar no futuro),false,true,true,"se o criterio ocorrer, excluir do canario e nao promover"
EXC_01490,SAR_0464,no_patch_or_aoi,sem patch nem AOI minima para recorte,true,false,false,"se o criterio ocorrer, excluir do canario e nao promover"
EXC_01491,SAR_0464,permanent_water_confusion,risco de confundir agua permanente com inundacao (checar no futuro),false,true,true,"se o criterio ocorrer, excluir do canario e nao promover"
EXC_01492,SAR_0464,urban_shadow_layover,sombra/layover urbano no SAR (checar no futuro),false,true,true,"se o criterio ocorrer, excluir do canario e nao promover"
EXC_01493,SAR_0464,vegetation_ambiguity,ambiguidade por vegetacao (checar no futuro),false,true,true,"se o criterio ocorrer, excluir do canario e nao promover"
EXC_01494,SAR_0464,slope_hand_inconsistent,inconsistencia de declividade/HAND (checar no futuro),false,true,true,"se o criterio ocorrer, excluir do canario e nao promover"
EXC_01495,SAR_0464,no_qa_possible,sem QA humano possivel (checar no futuro),false,true,true,"se o criterio ocorrer, excluir do canario e nao promover"
EXC_01496,SAR_0465,no_patch_or_aoi,sem patch nem AOI minima para recorte,true,false,false,"se o criterio ocorrer, excluir do canario e nao promover"
EXC_01497,SAR_0465,permanent_water_confusion,risco de confundir agua permanente com inundacao (checar no futuro),false,true,true,"se o criterio ocorrer, excluir do canario e nao promover"
EXC_01498,SAR_0465,urban_shadow_layover,sombra/layover urbano no SAR (checar no futuro),false,true,true,"se o criterio ocorrer, excluir do canario e nao promover"
EXC_01499,SAR_0465,vegetation_ambiguity,ambiguidade por vegetacao (checar no futuro),false,true,true,"se o criterio ocorrer, excluir do canario e nao promover"
EXC_01500,SAR_0465,slope_hand_inconsistent,inconsistencia de declividade/HAND (checar no futuro),false,true,true,"se o criterio ocorrer, excluir do canario e nao promover"
EXC_01501,SAR_0465,no_qa_possible,sem QA humano possivel (checar no futuro),false,true,true,"se o criterio ocorrer, excluir do canario e nao promover"
EXC_01502,SAR_0466,no_patch_or_aoi,sem patch nem AOI minima para recorte,true,false,false,"se o criterio ocorrer, excluir do canario e nao promover"
EXC_01503,SAR_0466,permanent_water_confusion,risco de confundir agua permanente com inundacao (checar no futuro),false,true,true,"se o criterio ocorrer, excluir do canario e nao promover"
EXC_01504,SAR_0466,urban_shadow_layover,sombra/layover urbano no SAR (checar no futuro),false,true,true,"se o criterio ocorrer, excluir do canario e nao promover"
EXC_01505,SAR_0466,vegetation_ambiguity,ambiguidade por vegetacao (checar no futuro),false,true,true,"se o criterio ocorrer, excluir do canario e nao promover"
EXC_01506,SAR_0466,slope_hand_inconsistent,inconsistencia de declividade/HAND (checar no futuro),false,true,true,"se o criterio ocorrer, excluir do canario e nao promover"
EXC_01507,SAR_0466,no_qa_possible,sem QA humano possivel (checar no futuro),false,true,true,"se o criterio ocorrer, excluir do canario e nao promover"
EXC_01508,SAR_0467,no_patch_or_aoi,sem patch nem AOI minima para recorte,true,false,false,"se o criterio ocorrer, excluir do canario e nao promover"
EXC_01509,SAR_0467,permanent_water_confusion,risco de confundir agua permanente com inundacao (checar no futuro),false,true,true,"se o criterio ocorrer, excluir do canario e nao promover"
EXC_01510,SAR_0467,urban_shadow_layover,sombra/layover urbano no SAR (checar no futuro),false,true,true,"se o criterio ocorrer, excluir do canario e nao promover"
EXC_01511,SAR_0467,vegetation_ambiguity,ambiguidade por vegetacao (checar no futuro),false,true,true,"se o criterio ocorrer, excluir do canario e nao promover"
EXC_01512,SAR_0467,slope_hand_inconsistent,inconsistencia de declividade/HAND (checar no futuro),false,true,true,"se o criterio ocorrer, excluir do canario e nao promover"
EXC_01513,SAR_0467,no_qa_possible,sem QA humano possivel (checar no futuro),false,true,true,"se o criterio ocorrer, excluir do canario e nao promover"
EXC_01514,SAR_0468,no_patch_or_aoi,sem patch nem AOI minima para recorte,true,false,false,"se o criterio ocorrer, excluir do canario e nao promover"
EXC_01515,SAR_0468,permanent_water_confusion,risco de confundir agua permanente com inundacao (checar no futuro),false,true,true,"se o criterio ocorrer, excluir do canario e nao promover"
EXC_01516,SAR_0468,urban_shadow_layover,sombra/layover urbano no SAR (checar no futuro),false,true,true,"se o criterio ocorrer, excluir do canario e nao promover"
EXC_01517,SAR_0468,vegetation_ambiguity,ambiguidade por vegetacao (checar no futuro),false,true,true,"se o criterio ocorrer, excluir do canario e nao promover"
EXC_01518,SAR_0468,slope_hand_inconsistent,inconsistencia de declividade/HAND (checar no futuro),false,true,true,"se o criterio ocorrer, excluir do canario e nao promover"
EXC_01519,SAR_0468,no_qa_possible,sem QA humano possivel (checar no futuro),false,true,true,"se o criterio ocorrer, excluir do canario e nao promover"
EXC_01520,SAR_0469,no_patch_or_aoi,sem patch nem AOI minima para recorte,true,false,false,"se o criterio ocorrer, excluir do canario e nao promover"
EXC_01521,SAR_0469,permanent_water_confusion,risco de confundir agua permanente com inundacao (checar no futuro),false,true,true,"se o criterio ocorrer, excluir do canario e nao promover"
EXC_01522,SAR_0469,urban_shadow_layover,sombra/layover urbano no SAR (checar no futuro),false,true,true,"se o criterio ocorrer, excluir do canario e nao promover"
EXC_01523,SAR_0469,vegetation_ambiguity,ambiguidade por vegetacao (checar no futuro),false,true,true,"se o criterio ocorrer, excluir do canario e nao promover"
EXC_01524,SAR_0469,slope_hand_inconsistent,inconsistencia de declividade/HAND (checar no futuro),false,true,true,"se o criterio ocorrer, excluir do canario e nao promover"
EXC_01525,SAR_0469,no_qa_possible,sem QA humano possivel (checar no futuro),false,true,true,"se o criterio ocorrer, excluir do canario e nao promover"
EXC_01526,SAR_0470,no_patch_or_aoi,sem patch nem AOI minima para recorte,true,false,false,"se o criterio ocorrer, excluir do canario e nao promover"
EXC_01527,SAR_0470,permanent_water_confusion,risco de confundir agua permanente com inundacao (checar no futuro),false,true,true,"se o criterio ocorrer, excluir do canario e nao promover"
EXC_01528,SAR_0470,urban_shadow_layover,sombra/layover urbano no SAR (checar no futuro),false,true,true,"se o criterio ocorrer, excluir do canario e nao promover"
EXC_01529,SAR_0470,vegetation_ambiguity,ambiguidade por vegetacao (checar no futuro),false,true,true,"se o criterio ocorrer, excluir do canario e nao promover"
EXC_01530,SAR_0470,slope_hand_inconsistent,inconsistencia de declividade/HAND (checar no futuro),false,true,true,"se o criterio ocorrer, excluir do canario e nao promover"
EXC_01531,SAR_0470,no_qa_possible,sem QA humano possivel (checar no futuro),false,true,true,"se o criterio ocorrer, excluir do canario e nao promover"
EXC_01532,SAR_0471,no_patch_or_aoi,sem patch nem AOI minima para recorte,true,false,false,"se o criterio ocorrer, excluir do canario e nao promover"
EXC_01533,SAR_0471,permanent_water_confusion,risco de confundir agua permanente com inundacao (checar no futuro),false,true,true,"se o criterio ocorrer, excluir do canario e nao promover"
EXC_01534,SAR_0471,urban_shadow_layover,sombra/layover urbano no SAR (checar no futuro),false,true,true,"se o criterio ocorrer, excluir do canario e nao promover"
EXC_01535,SAR_0471,vegetation_ambiguity,ambiguidade por vegetacao (checar no futuro),false,true,true,"se o criterio ocorrer, excluir do canario e nao promover"
EXC_01536,SAR_0471,slope_hand_inconsistent,inconsistencia de declividade/HAND (checar no futuro),false,true,true,"se o criterio ocorrer, excluir do canario e nao promover"
EXC_01537,SAR_0471,no_qa_possible,sem QA humano possivel (checar no futuro),false,true,true,"se o criterio ocorrer, excluir do canario e nao promover"
EXC_01538,SAR_0472,no_patch_or_aoi,sem patch nem AOI minima para recorte,true,false,false,"se o criterio ocorrer, excluir do canario e nao promover"
EXC_01539,SAR_0472,permanent_water_confusion,risco de confundir agua permanente com inundacao (checar no futuro),false,true,true,"se o criterio ocorrer, excluir do canario e nao promover"
EXC_01540,SAR_0472,urban_shadow_layover,sombra/layover urbano no SAR (checar no futuro),false,true,true,"se o criterio ocorrer, excluir do canario e nao promover"
EXC_01541,SAR_0472,vegetation_ambiguity,ambiguidade por vegetacao (checar no futuro),false,true,true,"se o criterio ocorrer, excluir do canario e nao promover"
EXC_01542,SAR_0472,slope_hand_inconsistent,inconsistencia de declividade/HAND (checar no futuro),false,true,true,"se o criterio ocorrer, excluir do canario e nao promover"
EXC_01543,SAR_0472,no_qa_possible,sem QA humano possivel (checar no futuro),false,true,true,"se o criterio ocorrer, excluir do canario e nao promover"
EXC_01544,SAR_0473,no_patch_or_aoi,sem patch nem AOI minima para recorte,true,false,false,"se o criterio ocorrer, excluir do canario e nao promover"
EXC_01545,SAR_0473,permanent_water_confusion,risco de confundir agua permanente com inundacao (checar no futuro),false,true,true,"se o criterio ocorrer, excluir do canario e nao promover"
EXC_01546,SAR_0473,urban_shadow_layover,sombra/layover urbano no SAR (checar no futuro),false,true,true,"se o criterio ocorrer, excluir do canario e nao promover"
EXC_01547,SAR_0473,vegetation_ambiguity,ambiguidade por vegetacao (checar no futuro),false,true,true,"se o criterio ocorrer, excluir do canario e nao promover"
EXC_01548,SAR_0473,slope_hand_inconsistent,inconsistencia de declividade/HAND (checar no futuro),false,true,true,"se o criterio ocorrer, excluir do canario e nao promover"
EXC_01549,SAR_0473,no_qa_possible,sem QA humano possivel (checar no futuro),false,true,true,"se o criterio ocorrer, excluir do canario e nao promover"
EXC_01550,SAR_0474,no_patch_or_aoi,sem patch nem AOI minima para recorte,true,false,false,"se o criterio ocorrer, excluir do canario e nao promover"
EXC_01551,SAR_0474,permanent_water_confusion,risco de confundir agua permanente com inundacao (checar no futuro),false,true,true,"se o criterio ocorrer, excluir do canario e nao promover"
EXC_01552,SAR_0474,urban_shadow_layover,sombra/layover urbano no SAR (checar no futuro),false,true,true,"se o criterio ocorrer, excluir do canario e nao promover"
EXC_01553,SAR_0474,vegetation_ambiguity,ambiguidade por vegetacao (checar no futuro),false,true,true,"se o criterio ocorrer, excluir do canario e nao promover"
EXC_01554,SAR_0474,slope_hand_inconsistent,inconsistencia de declividade/HAND (checar no futuro),false,true,true,"se o criterio ocorrer, excluir do canario e nao promover"
EXC_01555,SAR_0474,no_qa_possible,sem QA humano possivel (checar no futuro),false,true,true,"se o criterio ocorrer, excluir do canario e nao promover"
EXC_01556,SAR_0475,no_patch_or_aoi,sem patch nem AOI minima para recorte,true,false,false,"se o criterio ocorrer, excluir do canario e nao promover"
EXC_01557,SAR_0475,permanent_water_confusion,risco de confundir agua permanente com inundacao (checar no futuro),false,true,true,"se o criterio ocorrer, excluir do canario e nao promover"
EXC_01558,SAR_0475,urban_shadow_layover,sombra/layover urbano no SAR (checar no futuro),false,true,true,"se o criterio ocorrer, excluir do canario e nao promover"
EXC_01559,SAR_0475,vegetation_ambiguity,ambiguidade por vegetacao (checar no futuro),false,true,true,"se o criterio ocorrer, excluir do canario e nao promover"
EXC_01560,SAR_0475,slope_hand_inconsistent,inconsistencia de declividade/HAND (checar no futuro),false,true,true,"se o criterio ocorrer, excluir do canario e nao promover"
EXC_01561,SAR_0475,no_qa_possible,sem QA humano possivel (checar no futuro),false,true,true,"se o criterio ocorrer, excluir do canario e nao promover"
EXC_01562,SAR_0476,no_patch_or_aoi,sem patch nem AOI minima para recorte,true,false,false,"se o criterio ocorrer, excluir do canario e nao promover"
EXC_01563,SAR_0476,permanent_water_confusion,risco de confundir agua permanente com inundacao (checar no futuro),false,true,true,"se o criterio ocorrer, excluir do canario e nao promover"
EXC_01564,SAR_0476,urban_shadow_layover,sombra/layover urbano no SAR (checar no futuro),false,true,true,"se o criterio ocorrer, excluir do canario e nao promover"
EXC_01565,SAR_0476,vegetation_ambiguity,ambiguidade por vegetacao (checar no futuro),false,true,true,"se o criterio ocorrer, excluir do canario e nao promover"
EXC_01566,SAR_0476,slope_hand_inconsistent,inconsistencia de declividade/HAND (checar no futuro),false,true,true,"se o criterio ocorrer, excluir do canario e nao promover"
EXC_01567,SAR_0476,no_qa_possible,sem QA humano possivel (checar no futuro),false,true,true,"se o criterio ocorrer, excluir do canario e nao promover"
EXC_01568,SAR_0477,no_patch_or_aoi,sem patch nem AOI minima para recorte,true,false,false,"se o criterio ocorrer, excluir do canario e nao promover"
EXC_01569,SAR_0477,permanent_water_confusion,risco de confundir agua permanente com inundacao (checar no futuro),false,true,true,"se o criterio ocorrer, excluir do canario e nao promover"
EXC_01570,SAR_0477,urban_shadow_layover,sombra/layover urbano no SAR (checar no futuro),false,true,true,"se o criterio ocorrer, excluir do canario e nao promover"
EXC_01571,SAR_0477,vegetation_ambiguity,ambiguidade por vegetacao (checar no futuro),false,true,true,"se o criterio ocorrer, excluir do canario e nao promover"
EXC_01572,SAR_0477,slope_hand_inconsistent,inconsistencia de declividade/HAND (checar no futuro),false,true,true,"se o criterio ocorrer, excluir do canario e nao promover"
EXC_01573,SAR_0477,no_qa_possible,sem QA humano possivel (checar no futuro),false,true,true,"se o criterio ocorrer, excluir do canario e nao promover"
EXC_01574,SAR_0478,no_patch_or_aoi,sem patch nem AOI minima para recorte,true,false,false,"se o criterio ocorrer, excluir do canario e nao promover"
EXC_01575,SAR_0478,permanent_water_confusion,risco de confundir agua permanente com inundacao (checar no futuro),false,true,true,"se o criterio ocorrer, excluir do canario e nao promover"
EXC_01576,SAR_0478,urban_shadow_layover,sombra/layover urbano no SAR (checar no futuro),false,true,true,"se o criterio ocorrer, excluir do canario e nao promover"
EXC_01577,SAR_0478,vegetation_ambiguity,ambiguidade por vegetacao (checar no futuro),false,true,true,"se o criterio ocorrer, excluir do canario e nao promover"
EXC_01578,SAR_0478,slope_hand_inconsistent,inconsistencia de declividade/HAND (checar no futuro),false,true,true,"se o criterio ocorrer, excluir do canario e nao promover"
EXC_01579,SAR_0478,no_qa_possible,sem QA humano possivel (checar no futuro),false,true,true,"se o criterio ocorrer, excluir do canario e nao promover"
EXC_01580,SAR_0479,no_patch_or_aoi,sem patch nem AOI minima para recorte,true,false,false,"se o criterio ocorrer, excluir do canario e nao promover"
EXC_01581,SAR_0479,permanent_water_confusion,risco de confundir agua permanente com inundacao (checar no futuro),false,true,true,"se o criterio ocorrer, excluir do canario e nao promover"
EXC_01582,SAR_0479,urban_shadow_layover,sombra/layover urbano no SAR (checar no futuro),false,true,true,"se o criterio ocorrer, excluir do canario e nao promover"
EXC_01583,SAR_0479,vegetation_ambiguity,ambiguidade por vegetacao (checar no futuro),false,true,true,"se o criterio ocorrer, excluir do canario e nao promover"
EXC_01584,SAR_0479,slope_hand_inconsistent,inconsistencia de declividade/HAND (checar no futuro),false,true,true,"se o criterio ocorrer, excluir do canario e nao promover"
EXC_01585,SAR_0479,no_qa_possible,sem QA humano possivel (checar no futuro),false,true,true,"se o criterio ocorrer, excluir do canario e nao promover"
EXC_01586,SAR_0480,no_patch_or_aoi,sem patch nem AOI minima para recorte,true,false,false,"se o criterio ocorrer, excluir do canario e nao promover"
EXC_01587,SAR_0480,permanent_water_confusion,risco de confundir agua permanente com inundacao (checar no futuro),false,true,true,"se o criterio ocorrer, excluir do canario e nao promover"
EXC_01588,SAR_0480,urban_shadow_layover,sombra/layover urbano no SAR (checar no futuro),false,true,true,"se o criterio ocorrer, excluir do canario e nao promover"
EXC_01589,SAR_0480,vegetation_ambiguity,ambiguidade por vegetacao (checar no futuro),false,true,true,"se o criterio ocorrer, excluir do canario e nao promover"
EXC_01590,SAR_0480,slope_hand_inconsistent,inconsistencia de declividade/HAND (checar no futuro),false,true,true,"se o criterio ocorrer, excluir do canario e nao promover"
EXC_01591,SAR_0480,no_qa_possible,sem QA humano possivel (checar no futuro),false,true,true,"se o criterio ocorrer, excluir do canario e nao promover"
EXC_01592,SAR_0481,no_patch_or_aoi,sem patch nem AOI minima para recorte,true,false,false,"se o criterio ocorrer, excluir do canario e nao promover"
EXC_01593,SAR_0481,permanent_water_confusion,risco de confundir agua permanente com inundacao (checar no futuro),false,true,true,"se o criterio ocorrer, excluir do canario e nao promover"
EXC_01594,SAR_0481,urban_shadow_layover,sombra/layover urbano no SAR (checar no futuro),false,true,true,"se o criterio ocorrer, excluir do canario e nao promover"
EXC_01595,SAR_0481,vegetation_ambiguity,ambiguidade por vegetacao (checar no futuro),false,true,true,"se o criterio ocorrer, excluir do canario e nao promover"
EXC_01596,SAR_0481,slope_hand_inconsistent,inconsistencia de declividade/HAND (checar no futuro),false,true,true,"se o criterio ocorrer, excluir do canario e nao promover"
EXC_01597,SAR_0481,no_qa_possible,sem QA humano possivel (checar no futuro),false,true,true,"se o criterio ocorrer, excluir do canario e nao promover"
EXC_01598,SAR_0482,no_patch_or_aoi,sem patch nem AOI minima para recorte,true,false,false,"se o criterio ocorrer, excluir do canario e nao promover"
EXC_01599,SAR_0482,permanent_water_confusion,risco de confundir agua permanente com inundacao (checar no futuro),false,true,true,"se o criterio ocorrer, excluir do canario e nao promover"
EXC_01600,SAR_0482,urban_shadow_layover,sombra/layover urbano no SAR (checar no futuro),false,true,true,"se o criterio ocorrer, excluir do canario e nao promover"
EXC_01601,SAR_0482,vegetation_ambiguity,ambiguidade por vegetacao (checar no futuro),false,true,true,"se o criterio ocorrer, excluir do canario e nao promover"
EXC_01602,SAR_0482,slope_hand_inconsistent,inconsistencia de declividade/HAND (checar no futuro),false,true,true,"se o criterio ocorrer, excluir do canario e nao promover"
EXC_01603,SAR_0482,no_qa_possible,sem QA humano possivel (checar no futuro),false,true,true,"se o criterio ocorrer, excluir do canario e nao promover"
EXC_01604,SAR_0483,no_patch_or_aoi,sem patch nem AOI minima para recorte,true,false,false,"se o criterio ocorrer, excluir do canario e nao promover"
EXC_01605,SAR_0483,permanent_water_confusion,risco de confundir agua permanente com inundacao (checar no futuro),false,true,true,"se o criterio ocorrer, excluir do canario e nao promover"
EXC_01606,SAR_0483,urban_shadow_layover,sombra/layover urbano no SAR (checar no futuro),false,true,true,"se o criterio ocorrer, excluir do canario e nao promover"
EXC_01607,SAR_0483,vegetation_ambiguity,ambiguidade por vegetacao (checar no futuro),false,true,true,"se o criterio ocorrer, excluir do canario e nao promover"
EXC_01608,SAR_0483,slope_hand_inconsistent,inconsistencia de declividade/HAND (checar no futuro),false,true,true,"se o criterio ocorrer, excluir do canario e nao promover"
EXC_01609,SAR_0483,no_qa_possible,sem QA humano possivel (checar no futuro),false,true,true,"se o criterio ocorrer, excluir do canario e nao promover"
EXC_01610,SAR_0484,no_patch_or_aoi,sem patch nem AOI minima para recorte,true,false,false,"se o criterio ocorrer, excluir do canario e nao promover"
EXC_01611,SAR_0484,permanent_water_confusion,risco de confundir agua permanente com inundacao (checar no futuro),false,true,true,"se o criterio ocorrer, excluir do canario e nao promover"
EXC_01612,SAR_0484,urban_shadow_layover,sombra/layover urbano no SAR (checar no futuro),false,true,true,"se o criterio ocorrer, excluir do canario e nao promover"
EXC_01613,SAR_0484,vegetation_ambiguity,ambiguidade por vegetacao (checar no futuro),false,true,true,"se o criterio ocorrer, excluir do canario e nao promover"
EXC_01614,SAR_0484,slope_hand_inconsistent,inconsistencia de declividade/HAND (checar no futuro),false,true,true,"se o criterio ocorrer, excluir do canario e nao promover"
EXC_01615,SAR_0484,no_qa_possible,sem QA humano possivel (checar no futuro),false,true,true,"se o criterio ocorrer, excluir do canario e nao promover"
EXC_01616,SAR_0485,no_patch_or_aoi,sem patch nem AOI minima para recorte,true,false,false,"se o criterio ocorrer, excluir do canario e nao promover"
EXC_01617,SAR_0485,permanent_water_confusion,risco de confundir agua permanente com inundacao (checar no futuro),false,true,true,"se o criterio ocorrer, excluir do canario e nao promover"
EXC_01618,SAR_0485,urban_shadow_layover,sombra/layover urbano no SAR (checar no futuro),false,true,true,"se o criterio ocorrer, excluir do canario e nao promover"
EXC_01619,SAR_0485,vegetation_ambiguity,ambiguidade por vegetacao (checar no futuro),false,true,true,"se o criterio ocorrer, excluir do canario e nao promover"
EXC_01620,SAR_0485,slope_hand_inconsistent,inconsistencia de declividade/HAND (checar no futuro),false,true,true,"se o criterio ocorrer, excluir do canario e nao promover"
EXC_01621,SAR_0485,no_qa_possible,sem QA humano possivel (checar no futuro),false,true,true,"se o criterio ocorrer, excluir do canario e nao promover"
EXC_01622,SAR_0486,no_patch_or_aoi,sem patch nem AOI minima para recorte,true,false,false,"se o criterio ocorrer, excluir do canario e nao promover"
EXC_01623,SAR_0486,permanent_water_confusion,risco de confundir agua permanente com inundacao (checar no futuro),false,true,true,"se o criterio ocorrer, excluir do canario e nao promover"
EXC_01624,SAR_0486,urban_shadow_layover,sombra/layover urbano no SAR (checar no futuro),false,true,true,"se o criterio ocorrer, excluir do canario e nao promover"
EXC_01625,SAR_0486,vegetation_ambiguity,ambiguidade por vegetacao (checar no futuro),false,true,true,"se o criterio ocorrer, excluir do canario e nao promover"
EXC_01626,SAR_0486,slope_hand_inconsistent,inconsistencia de declividade/HAND (checar no futuro),false,true,true,"se o criterio ocorrer, excluir do canario e nao promover"
EXC_01627,SAR_0486,no_qa_possible,sem QA humano possivel (checar no futuro),false,true,true,"se o criterio ocorrer, excluir do canario e nao promover"
EXC_01628,SAR_0487,no_patch_or_aoi,sem patch nem AOI minima para recorte,true,false,false,"se o criterio ocorrer, excluir do canario e nao promover"
EXC_01629,SAR_0487,permanent_water_confusion,risco de confundir agua permanente com inundacao (checar no futuro),false,true,true,"se o criterio ocorrer, excluir do canario e nao promover"
EXC_01630,SAR_0487,urban_shadow_layover,sombra/layover urbano no SAR (checar no futuro),false,true,true,"se o criterio ocorrer, excluir do canario e nao promover"
EXC_01631,SAR_0487,vegetation_ambiguity,ambiguidade por vegetacao (checar no futuro),false,true,true,"se o criterio ocorrer, excluir do canario e nao promover"
EXC_01632,SAR_0487,slope_hand_inconsistent,inconsistencia de declividade/HAND (checar no futuro),false,true,true,"se o criterio ocorrer, excluir do canario e nao promover"
EXC_01633,SAR_0487,no_qa_possible,sem QA humano possivel (checar no futuro),false,true,true,"se o criterio ocorrer, excluir do canario e nao promover"
EXC_01634,SAR_0488,no_patch_or_aoi,sem patch nem AOI minima para recorte,true,false,false,"se o criterio ocorrer, excluir do canario e nao promover"
EXC_01635,SAR_0488,permanent_water_confusion,risco de confundir agua permanente com inundacao (checar no futuro),false,true,true,"se o criterio ocorrer, excluir do canario e nao promover"
EXC_01636,SAR_0488,urban_shadow_layover,sombra/layover urbano no SAR (checar no futuro),false,true,true,"se o criterio ocorrer, excluir do canario e nao promover"
EXC_01637,SAR_0488,vegetation_ambiguity,ambiguidade por vegetacao (checar no futuro),false,true,true,"se o criterio ocorrer, excluir do canario e nao promover"
EXC_01638,SAR_0488,slope_hand_inconsistent,inconsistencia de declividade/HAND (checar no futuro),false,true,true,"se o criterio ocorrer, excluir do canario e nao promover"
EXC_01639,SAR_0488,no_qa_possible,sem QA humano possivel (checar no futuro),false,true,true,"se o criterio ocorrer, excluir do canario e nao promover"
EXC_01640,SAR_0489,no_patch_or_aoi,sem patch nem AOI minima para recorte,true,false,false,"se o criterio ocorrer, excluir do canario e nao promover"
EXC_01641,SAR_0489,permanent_water_confusion,risco de confundir agua permanente com inundacao (checar no futuro),false,true,true,"se o criterio ocorrer, excluir do canario e nao promover"
EXC_01642,SAR_0489,urban_shadow_layover,sombra/layover urbano no SAR (checar no futuro),false,true,true,"se o criterio ocorrer, excluir do canario e nao promover"
EXC_01643,SAR_0489,vegetation_ambiguity,ambiguidade por vegetacao (checar no futuro),false,true,true,"se o criterio ocorrer, excluir do canario e nao promover"
EXC_01644,SAR_0489,slope_hand_inconsistent,inconsistencia de declividade/HAND (checar no futuro),false,true,true,"se o criterio ocorrer, excluir do canario e nao promover"
EXC_01645,SAR_0489,no_qa_possible,sem QA humano possivel (checar no futuro),false,true,true,"se o criterio ocorrer, excluir do canario e nao promover"
EXC_01646,SAR_0490,no_patch_or_aoi,sem patch nem AOI minima para recorte,true,false,false,"se o criterio ocorrer, excluir do canario e nao promover"
EXC_01647,SAR_0490,permanent_water_confusion,risco de confundir agua permanente com inundacao (checar no futuro),false,true,true,"se o criterio ocorrer, excluir do canario e nao promover"
EXC_01648,SAR_0490,urban_shadow_layover,sombra/layover urbano no SAR (checar no futuro),false,true,true,"se o criterio ocorrer, excluir do canario e nao promover"
EXC_01649,SAR_0490,vegetation_ambiguity,ambiguidade por vegetacao (checar no futuro),false,true,true,"se o criterio ocorrer, excluir do canario e nao promover"
EXC_01650,SAR_0490,slope_hand_inconsistent,inconsistencia de declividade/HAND (checar no futuro),false,true,true,"se o criterio ocorrer, excluir do canario e nao promover"
EXC_01651,SAR_0490,no_qa_possible,sem QA humano possivel (checar no futuro),false,true,true,"se o criterio ocorrer, excluir do canario e nao promover"
EXC_01652,SAR_0491,no_patch_or_aoi,sem patch nem AOI minima para recorte,true,false,false,"se o criterio ocorrer, excluir do canario e nao promover"
EXC_01653,SAR_0491,permanent_water_confusion,risco de confundir agua permanente com inundacao (checar no futuro),false,true,true,"se o criterio ocorrer, excluir do canario e nao promover"
EXC_01654,SAR_0491,urban_shadow_layover,sombra/layover urbano no SAR (checar no futuro),false,true,true,"se o criterio ocorrer, excluir do canario e nao promover"
EXC_01655,SAR_0491,vegetation_ambiguity,ambiguidade por vegetacao (checar no futuro),false,true,true,"se o criterio ocorrer, excluir do canario e nao promover"
EXC_01656,SAR_0491,slope_hand_inconsistent,inconsistencia de declividade/HAND (checar no futuro),false,true,true,"se o criterio ocorrer, excluir do canario e nao promover"
EXC_01657,SAR_0491,no_qa_possible,sem QA humano possivel (checar no futuro),false,true,true,"se o criterio ocorrer, excluir do canario e nao promover"
EXC_01658,SAR_0492,no_patch_or_aoi,sem patch nem AOI minima para recorte,true,false,false,"se o criterio ocorrer, excluir do canario e nao promover"
EXC_01659,SAR_0492,permanent_water_confusion,risco de confundir agua permanente com inundacao (checar no futuro),false,true,true,"se o criterio ocorrer, excluir do canario e nao promover"
EXC_01660,SAR_0492,urban_shadow_layover,sombra/layover urbano no SAR (checar no futuro),false,true,true,"se o criterio ocorrer, excluir do canario e nao promover"
EXC_01661,SAR_0492,vegetation_ambiguity,ambiguidade por vegetacao (checar no futuro),false,true,true,"se o criterio ocorrer, excluir do canario e nao promover"
EXC_01662,SAR_0492,slope_hand_inconsistent,inconsistencia de declividade/HAND (checar no futuro),false,true,true,"se o criterio ocorrer, excluir do canario e nao promover"
EXC_01663,SAR_0492,no_qa_possible,sem QA humano possivel (checar no futuro),false,true,true,"se o criterio ocorrer, excluir do canario e nao promover"
EXC_01664,SAR_0493,no_patch_or_aoi,sem patch nem AOI minima para recorte,true,false,false,"se o criterio ocorrer, excluir do canario e nao promover"
EXC_01665,SAR_0493,permanent_water_confusion,risco de confundir agua permanente com inundacao (checar no futuro),false,true,true,"se o criterio ocorrer, excluir do canario e nao promover"
EXC_01666,SAR_0493,urban_shadow_layover,sombra/layover urbano no SAR (checar no futuro),false,true,true,"se o criterio ocorrer, excluir do canario e nao promover"
EXC_01667,SAR_0493,vegetation_ambiguity,ambiguidade por vegetacao (checar no futuro),false,true,true,"se o criterio ocorrer, excluir do canario e nao promover"
EXC_01668,SAR_0493,slope_hand_inconsistent,inconsistencia de declividade/HAND (checar no futuro),false,true,true,"se o criterio ocorrer, excluir do canario e nao promover"
EXC_01669,SAR_0493,no_qa_possible,sem QA humano possivel (checar no futuro),false,true,true,"se o criterio ocorrer, excluir do canario e nao promover"
EXC_01670,SAR_0494,no_patch_or_aoi,sem patch nem AOI minima para recorte,true,false,false,"se o criterio ocorrer, excluir do canario e nao promover"
EXC_01671,SAR_0494,permanent_water_confusion,risco de confundir agua permanente com inundacao (checar no futuro),false,true,true,"se o criterio ocorrer, excluir do canario e nao promover"
EXC_01672,SAR_0494,urban_shadow_layover,sombra/layover urbano no SAR (checar no futuro),false,true,true,"se o criterio ocorrer, excluir do canario e nao promover"
EXC_01673,SAR_0494,vegetation_ambiguity,ambiguidade por vegetacao (checar no futuro),false,true,true,"se o criterio ocorrer, excluir do canario e nao promover"
EXC_01674,SAR_0494,slope_hand_inconsistent,inconsistencia de declividade/HAND (checar no futuro),false,true,true,"se o criterio ocorrer, excluir do canario e nao promover"
EXC_01675,SAR_0494,no_qa_possible,sem QA humano possivel (checar no futuro),false,true,true,"se o criterio ocorrer, excluir do canario e nao promover"
EXC_01676,SAR_0495,no_patch_or_aoi,sem patch nem AOI minima para recorte,true,false,false,"se o criterio ocorrer, excluir do canario e nao promover"
EXC_01677,SAR_0495,permanent_water_confusion,risco de confundir agua permanente com inundacao (checar no futuro),false,true,true,"se o criterio ocorrer, excluir do canario e nao promover"
EXC_01678,SAR_0495,urban_shadow_layover,sombra/layover urbano no SAR (checar no futuro),false,true,true,"se o criterio ocorrer, excluir do canario e nao promover"
EXC_01679,SAR_0495,vegetation_ambiguity,ambiguidade por vegetacao (checar no futuro),false,true,true,"se o criterio ocorrer, excluir do canario e nao promover"
EXC_01680,SAR_0495,slope_hand_inconsistent,inconsistencia de declividade/HAND (checar no futuro),false,true,true,"se o criterio ocorrer, excluir do canario e nao promover"
EXC_01681,SAR_0495,no_qa_possible,sem QA humano possivel (checar no futuro),false,true,true,"se o criterio ocorrer, excluir do canario e nao promover"
EXC_01682,SAR_0496,no_patch_or_aoi,sem patch nem AOI minima para recorte,true,false,false,"se o criterio ocorrer, excluir do canario e nao promover"
EXC_01683,SAR_0496,permanent_water_confusion,risco de confundir agua permanente com inundacao (checar no futuro),false,true,true,"se o criterio ocorrer, excluir do canario e nao promover"
EXC_01684,SAR_0496,urban_shadow_layover,sombra/layover urbano no SAR (checar no futuro),false,true,true,"se o criterio ocorrer, excluir do canario e nao promover"
EXC_01685,SAR_0496,vegetation_ambiguity,ambiguidade por vegetacao (checar no futuro),false,true,true,"se o criterio ocorrer, excluir do canario e nao promover"
EXC_01686,SAR_0496,slope_hand_inconsistent,inconsistencia de declividade/HAND (checar no futuro),false,true,true,"se o criterio ocorrer, excluir do canario e nao promover"
EXC_01687,SAR_0496,no_qa_possible,sem QA humano possivel (checar no futuro),false,true,true,"se o criterio ocorrer, excluir do canario e nao promover"
EXC_01688,SAR_0497,no_patch_or_aoi,sem patch nem AOI minima para recorte,true,false,false,"se o criterio ocorrer, excluir do canario e nao promover"
EXC_01689,SAR_0497,permanent_water_confusion,risco de confundir agua permanente com inundacao (checar no futuro),false,true,true,"se o criterio ocorrer, excluir do canario e nao promover"
EXC_01690,SAR_0497,urban_shadow_layover,sombra/layover urbano no SAR (checar no futuro),false,true,true,"se o criterio ocorrer, excluir do canario e nao promover"
EXC_01691,SAR_0497,vegetation_ambiguity,ambiguidade por vegetacao (checar no futuro),false,true,true,"se o criterio ocorrer, excluir do canario e nao promover"
EXC_01692,SAR_0497,slope_hand_inconsistent,inconsistencia de declividade/HAND (checar no futuro),false,true,true,"se o criterio ocorrer, excluir do canario e nao promover"
EXC_01693,SAR_0497,no_qa_possible,sem QA humano possivel (checar no futuro),false,true,true,"se o criterio ocorrer, excluir do canario e nao promover"
EXC_01694,SAR_0498,no_patch_or_aoi,sem patch nem AOI minima para recorte,true,false,false,"se o criterio ocorrer, excluir do canario e nao promover"
EXC_01695,SAR_0498,permanent_water_confusion,risco de confundir agua permanente com inundacao (checar no futuro),false,true,true,"se o criterio ocorrer, excluir do canario e nao promover"
EXC_01696,SAR_0498,urban_shadow_layover,sombra/layover urbano no SAR (checar no futuro),false,true,true,"se o criterio ocorrer, excluir do canario e nao promover"
EXC_01697,SAR_0498,vegetation_ambiguity,ambiguidade por vegetacao (checar no futuro),false,true,true,"se o criterio ocorrer, excluir do canario e nao promover"
EXC_01698,SAR_0498,slope_hand_inconsistent,inconsistencia de declividade/HAND (checar no futuro),false,true,true,"se o criterio ocorrer, excluir do canario e nao promover"
EXC_01699,SAR_0498,no_qa_possible,sem QA humano possivel (checar no futuro),false,true,true,"se o criterio ocorrer, excluir do canario e nao promover"
EXC_01700,SAR_0499,no_patch_or_aoi,sem patch nem AOI minima para recorte,true,false,false,"se o criterio ocorrer, excluir do canario e nao promover"
EXC_01701,SAR_0499,permanent_water_confusion,risco de confundir agua permanente com inundacao (checar no futuro),false,true,true,"se o criterio ocorrer, excluir do canario e nao promover"
EXC_01702,SAR_0499,urban_shadow_layover,sombra/layover urbano no SAR (checar no futuro),false,true,true,"se o criterio ocorrer, excluir do canario e nao promover"
EXC_01703,SAR_0499,vegetation_ambiguity,ambiguidade por vegetacao (checar no futuro),false,true,true,"se o criterio ocorrer, excluir do canario e nao promover"
EXC_01704,SAR_0499,slope_hand_inconsistent,inconsistencia de declividade/HAND (checar no futuro),false,true,true,"se o criterio ocorrer, excluir do canario e nao promover"
EXC_01705,SAR_0499,no_qa_possible,sem QA humano possivel (checar no futuro),false,true,true,"se o criterio ocorrer, excluir do canario e nao promover"
EXC_01706,SAR_0500,no_patch_or_aoi,sem patch nem AOI minima para recorte,true,false,false,"se o criterio ocorrer, excluir do canario e nao promover"
EXC_01707,SAR_0500,permanent_water_confusion,risco de confundir agua permanente com inundacao (checar no futuro),false,true,true,"se o criterio ocorrer, excluir do canario e nao promover"
EXC_01708,SAR_0500,urban_shadow_layover,sombra/layover urbano no SAR (checar no futuro),false,true,true,"se o criterio ocorrer, excluir do canario e nao promover"
EXC_01709,SAR_0500,vegetation_ambiguity,ambiguidade por vegetacao (checar no futuro),false,true,true,"se o criterio ocorrer, excluir do canario e nao promover"
EXC_01710,SAR_0500,slope_hand_inconsistent,inconsistencia de declividade/HAND (checar no futuro),false,true,true,"se o criterio ocorrer, excluir do canario e nao promover"
EXC_01711,SAR_0500,no_qa_possible,sem QA humano possivel (checar no futuro),false,true,true,"se o criterio ocorrer, excluir do canario e nao promover"
EXC_01712,SAR_0501,no_patch_or_aoi,sem patch nem AOI minima para recorte,true,false,false,"se o criterio ocorrer, excluir do canario e nao promover"
EXC_01713,SAR_0501,permanent_water_confusion,risco de confundir agua permanente com inundacao (checar no futuro),false,true,true,"se o criterio ocorrer, excluir do canario e nao promover"
EXC_01714,SAR_0501,urban_shadow_layover,sombra/layover urbano no SAR (checar no futuro),false,true,true,"se o criterio ocorrer, excluir do canario e nao promover"
EXC_01715,SAR_0501,vegetation_ambiguity,ambiguidade por vegetacao (checar no futuro),false,true,true,"se o criterio ocorrer, excluir do canario e nao promover"
EXC_01716,SAR_0501,slope_hand_inconsistent,inconsistencia de declividade/HAND (checar no futuro),false,true,true,"se o criterio ocorrer, excluir do canario e nao promover"
EXC_01717,SAR_0501,no_qa_possible,sem QA humano possivel (checar no futuro),false,true,true,"se o criterio ocorrer, excluir do canario e nao promover"
EXC_01718,SAR_0502,no_patch_or_aoi,sem patch nem AOI minima para recorte,true,false,false,"se o criterio ocorrer, excluir do canario e nao promover"
EXC_01719,SAR_0502,permanent_water_confusion,risco de confundir agua permanente com inundacao (checar no futuro),false,true,true,"se o criterio ocorrer, excluir do canario e nao promover"
EXC_01720,SAR_0502,urban_shadow_layover,sombra/layover urbano no SAR (checar no futuro),false,true,true,"se o criterio ocorrer, excluir do canario e nao promover"
EXC_01721,SAR_0502,vegetation_ambiguity,ambiguidade por vegetacao (checar no futuro),false,true,true,"se o criterio ocorrer, excluir do canario e nao promover"
EXC_01722,SAR_0502,slope_hand_inconsistent,inconsistencia de declividade/HAND (checar no futuro),false,true,true,"se o criterio ocorrer, excluir do canario e nao promover"
EXC_01723,SAR_0502,no_qa_possible,sem QA humano possivel (checar no futuro),false,true,true,"se o criterio ocorrer, excluir do canario e nao promover"
EXC_01724,SAR_0503,no_patch_or_aoi,sem patch nem AOI minima para recorte,true,false,false,"se o criterio ocorrer, excluir do canario e nao promover"
EXC_01725,SAR_0503,permanent_water_confusion,risco de confundir agua permanente com inundacao (checar no futuro),false,true,true,"se o criterio ocorrer, excluir do canario e nao promover"
EXC_01726,SAR_0503,urban_shadow_layover,sombra/layover urbano no SAR (checar no futuro),false,true,true,"se o criterio ocorrer, excluir do canario e nao promover"
EXC_01727,SAR_0503,vegetation_ambiguity,ambiguidade por vegetacao (checar no futuro),false,true,true,"se o criterio ocorrer, excluir do canario e nao promover"
EXC_01728,SAR_0503,slope_hand_inconsistent,inconsistencia de declividade/HAND (checar no futuro),false,true,true,"se o criterio ocorrer, excluir do canario e nao promover"
EXC_01729,SAR_0503,no_qa_possible,sem QA humano possivel (checar no futuro),false,true,true,"se o criterio ocorrer, excluir do canario e nao promover"
EXC_01730,SAR_0504,no_patch_or_aoi,sem patch nem AOI minima para recorte,true,false,false,"se o criterio ocorrer, excluir do canario e nao promover"
EXC_01731,SAR_0504,permanent_water_confusion,risco de confundir agua permanente com inundacao (checar no futuro),false,true,true,"se o criterio ocorrer, excluir do canario e nao promover"
EXC_01732,SAR_0504,urban_shadow_layover,sombra/layover urbano no SAR (checar no futuro),false,true,true,"se o criterio ocorrer, excluir do canario e nao promover"
EXC_01733,SAR_0504,vegetation_ambiguity,ambiguidade por vegetacao (checar no futuro),false,true,true,"se o criterio ocorrer, excluir do canario e nao promover"
EXC_01734,SAR_0504,slope_hand_inconsistent,inconsistencia de declividade/HAND (checar no futuro),false,true,true,"se o criterio ocorrer, excluir do canario e nao promover"
EXC_01735,SAR_0504,no_qa_possible,sem QA humano possivel (checar no futuro),false,true,true,"se o criterio ocorrer, excluir do canario e nao promover"
EXC_01736,SAR_0505,no_patch_or_aoi,sem patch nem AOI minima para recorte,true,false,false,"se o criterio ocorrer, excluir do canario e nao promover"
EXC_01737,SAR_0505,permanent_water_confusion,risco de confundir agua permanente com inundacao (checar no futuro),false,true,true,"se o criterio ocorrer, excluir do canario e nao promover"
EXC_01738,SAR_0505,urban_shadow_layover,sombra/layover urbano no SAR (checar no futuro),false,true,true,"se o criterio ocorrer, excluir do canario e nao promover"
EXC_01739,SAR_0505,vegetation_ambiguity,ambiguidade por vegetacao (checar no futuro),false,true,true,"se o criterio ocorrer, excluir do canario e nao promover"
EXC_01740,SAR_0505,slope_hand_inconsistent,inconsistencia de declividade/HAND (checar no futuro),false,true,true,"se o criterio ocorrer, excluir do canario e nao promover"
EXC_01741,SAR_0505,no_qa_possible,sem QA humano possivel (checar no futuro),false,true,true,"se o criterio ocorrer, excluir do canario e nao promover"
EXC_01742,SAR_0506,no_patch_or_aoi,sem patch nem AOI minima para recorte,true,false,false,"se o criterio ocorrer, excluir do canario e nao promover"
EXC_01743,SAR_0506,permanent_water_confusion,risco de confundir agua permanente com inundacao (checar no futuro),false,true,true,"se o criterio ocorrer, excluir do canario e nao promover"
EXC_01744,SAR_0506,urban_shadow_layover,sombra/layover urbano no SAR (checar no futuro),false,true,true,"se o criterio ocorrer, excluir do canario e nao promover"
EXC_01745,SAR_0506,vegetation_ambiguity,ambiguidade por vegetacao (checar no futuro),false,true,true,"se o criterio ocorrer, excluir do canario e nao promover"
EXC_01746,SAR_0506,slope_hand_inconsistent,inconsistencia de declividade/HAND (checar no futuro),false,true,true,"se o criterio ocorrer, excluir do canario e nao promover"
EXC_01747,SAR_0506,no_qa_possible,sem QA humano possivel (checar no futuro),false,true,true,"se o criterio ocorrer, excluir do canario e nao promover"
EXC_01748,SAR_0507,no_patch_or_aoi,sem patch nem AOI minima para recorte,true,false,false,"se o criterio ocorrer, excluir do canario e nao promover"
EXC_01749,SAR_0507,permanent_water_confusion,risco de confundir agua permanente com inundacao (checar no futuro),false,true,true,"se o criterio ocorrer, excluir do canario e nao promover"
EXC_01750,SAR_0507,urban_shadow_layover,sombra/layover urbano no SAR (checar no futuro),false,true,true,"se o criterio ocorrer, excluir do canario e nao promover"
EXC_01751,SAR_0507,vegetation_ambiguity,ambiguidade por vegetacao (checar no futuro),false,true,true,"se o criterio ocorrer, excluir do canario e nao promover"
EXC_01752,SAR_0507,slope_hand_inconsistent,inconsistencia de declividade/HAND (checar no futuro),false,true,true,"se o criterio ocorrer, excluir do canario e nao promover"
EXC_01753,SAR_0507,no_qa_possible,sem QA humano possivel (checar no futuro),false,true,true,"se o criterio ocorrer, excluir do canario e nao promover"
EXC_01754,SAR_0508,no_patch_or_aoi,sem patch nem AOI minima para recorte,true,false,false,"se o criterio ocorrer, excluir do canario e nao promover"
EXC_01755,SAR_0508,permanent_water_confusion,risco de confundir agua permanente com inundacao (checar no futuro),false,true,true,"se o criterio ocorrer, excluir do canario e nao promover"
EXC_01756,SAR_0508,urban_shadow_layover,sombra/layover urbano no SAR (checar no futuro),false,true,true,"se o criterio ocorrer, excluir do canario e nao promover"
EXC_01757,SAR_0508,vegetation_ambiguity,ambiguidade por vegetacao (checar no futuro),false,true,true,"se o criterio ocorrer, excluir do canario e nao promover"
EXC_01758,SAR_0508,slope_hand_inconsistent,inconsistencia de declividade/HAND (checar no futuro),false,true,true,"se o criterio ocorrer, excluir do canario e nao promover"
EXC_01759,SAR_0508,no_qa_possible,sem QA humano possivel (checar no futuro),false,true,true,"se o criterio ocorrer, excluir do canario e nao promover"
EXC_01760,SAR_0509,no_patch_or_aoi,sem patch nem AOI minima para recorte,true,false,false,"se o criterio ocorrer, excluir do canario e nao promover"
EXC_01761,SAR_0509,permanent_water_confusion,risco de confundir agua permanente com inundacao (checar no futuro),false,true,true,"se o criterio ocorrer, excluir do canario e nao promover"
EXC_01762,SAR_0509,urban_shadow_layover,sombra/layover urbano no SAR (checar no futuro),false,true,true,"se o criterio ocorrer, excluir do canario e nao promover"
EXC_01763,SAR_0509,vegetation_ambiguity,ambiguidade por vegetacao (checar no futuro),false,true,true,"se o criterio ocorrer, excluir do canario e nao promover"
EXC_01764,SAR_0509,slope_hand_inconsistent,inconsistencia de declividade/HAND (checar no futuro),false,true,true,"se o criterio ocorrer, excluir do canario e nao promover"
EXC_01765,SAR_0509,no_qa_possible,sem QA humano possivel (checar no futuro),false,true,true,"se o criterio ocorrer, excluir do canario e nao promover"
EXC_01766,SAR_0510,no_patch_or_aoi,sem patch nem AOI minima para recorte,true,false,false,"se o criterio ocorrer, excluir do canario e nao promover"
EXC_01767,SAR_0510,permanent_water_confusion,risco de confundir agua permanente com inundacao (checar no futuro),false,true,true,"se o criterio ocorrer, excluir do canario e nao promover"
EXC_01768,SAR_0510,urban_shadow_layover,sombra/layover urbano no SAR (checar no futuro),false,true,true,"se o criterio ocorrer, excluir do canario e nao promover"
EXC_01769,SAR_0510,vegetation_ambiguity,ambiguidade por vegetacao (checar no futuro),false,true,true,"se o criterio ocorrer, excluir do canario e nao promover"
EXC_01770,SAR_0510,slope_hand_inconsistent,inconsistencia de declividade/HAND (checar no futuro),false,true,true,"se o criterio ocorrer, excluir do canario e nao promover"
EXC_01771,SAR_0510,no_qa_possible,sem QA humano possivel (checar no futuro),false,true,true,"se o criterio ocorrer, excluir do canario e nao promover"
EXC_01772,SAR_0511,no_patch_or_aoi,sem patch nem AOI minima para recorte,true,false,false,"se o criterio ocorrer, excluir do canario e nao promover"
EXC_01773,SAR_0511,permanent_water_confusion,risco de confundir agua permanente com inundacao (checar no futuro),false,true,true,"se o criterio ocorrer, excluir do canario e nao promover"
EXC_01774,SAR_0511,urban_shadow_layover,sombra/layover urbano no SAR (checar no futuro),false,true,true,"se o criterio ocorrer, excluir do canario e nao promover"
EXC_01775,SAR_0511,vegetation_ambiguity,ambiguidade por vegetacao (checar no futuro),false,true,true,"se o criterio ocorrer, excluir do canario e nao promover"
EXC_01776,SAR_0511,slope_hand_inconsistent,inconsistencia de declividade/HAND (checar no futuro),false,true,true,"se o criterio ocorrer, excluir do canario e nao promover"
EXC_01777,SAR_0511,no_qa_possible,sem QA humano possivel (checar no futuro),false,true,true,"se o criterio ocorrer, excluir do canario e nao promover"
EXC_01778,SAR_0512,no_patch_or_aoi,sem patch nem AOI minima para recorte,true,false,false,"se o criterio ocorrer, excluir do canario e nao promover"
EXC_01779,SAR_0512,permanent_water_confusion,risco de confundir agua permanente com inundacao (checar no futuro),false,true,true,"se o criterio ocorrer, excluir do canario e nao promover"
EXC_01780,SAR_0512,urban_shadow_layover,sombra/layover urbano no SAR (checar no futuro),false,true,true,"se o criterio ocorrer, excluir do canario e nao promover"
EXC_01781,SAR_0512,vegetation_ambiguity,ambiguidade por vegetacao (checar no futuro),false,true,true,"se o criterio ocorrer, excluir do canario e nao promover"
EXC_01782,SAR_0512,slope_hand_inconsistent,inconsistencia de declividade/HAND (checar no futuro),false,true,true,"se o criterio ocorrer, excluir do canario e nao promover"
EXC_01783,SAR_0512,no_qa_possible,sem QA humano possivel (checar no futuro),false,true,true,"se o criterio ocorrer, excluir do canario e nao promover"
EXC_01784,SAR_0513,no_patch_or_aoi,sem patch nem AOI minima para recorte,true,false,false,"se o criterio ocorrer, excluir do canario e nao promover"
EXC_01785,SAR_0513,permanent_water_confusion,risco de confundir agua permanente com inundacao (checar no futuro),false,true,true,"se o criterio ocorrer, excluir do canario e nao promover"
EXC_01786,SAR_0513,urban_shadow_layover,sombra/layover urbano no SAR (checar no futuro),false,true,true,"se o criterio ocorrer, excluir do canario e nao promover"
EXC_01787,SAR_0513,vegetation_ambiguity,ambiguidade por vegetacao (checar no futuro),false,true,true,"se o criterio ocorrer, excluir do canario e nao promover"
EXC_01788,SAR_0513,slope_hand_inconsistent,inconsistencia de declividade/HAND (checar no futuro),false,true,true,"se o criterio ocorrer, excluir do canario e nao promover"
EXC_01789,SAR_0513,no_qa_possible,sem QA humano possivel (checar no futuro),false,true,true,"se o criterio ocorrer, excluir do canario e nao promover"
EXC_01790,SAR_0514,no_patch_or_aoi,sem patch nem AOI minima para recorte,true,false,false,"se o criterio ocorrer, excluir do canario e nao promover"
EXC_01791,SAR_0514,permanent_water_confusion,risco de confundir agua permanente com inundacao (checar no futuro),false,true,true,"se o criterio ocorrer, excluir do canario e nao promover"
EXC_01792,SAR_0514,urban_shadow_layover,sombra/layover urbano no SAR (checar no futuro),false,true,true,"se o criterio ocorrer, excluir do canario e nao promover"
EXC_01793,SAR_0514,vegetation_ambiguity,ambiguidade por vegetacao (checar no futuro),false,true,true,"se o criterio ocorrer, excluir do canario e nao promover"
EXC_01794,SAR_0514,slope_hand_inconsistent,inconsistencia de declividade/HAND (checar no futuro),false,true,true,"se o criterio ocorrer, excluir do canario e nao promover"
EXC_01795,SAR_0514,no_qa_possible,sem QA humano possivel (checar no futuro),false,true,true,"se o criterio ocorrer, excluir do canario e nao promover"
EXC_01796,SAR_0515,no_patch_or_aoi,sem patch nem AOI minima para recorte,true,false,false,"se o criterio ocorrer, excluir do canario e nao promover"
EXC_01797,SAR_0515,permanent_water_confusion,risco de confundir agua permanente com inundacao (checar no futuro),false,true,true,"se o criterio ocorrer, excluir do canario e nao promover"
EXC_01798,SAR_0515,urban_shadow_layover,sombra/layover urbano no SAR (checar no futuro),false,true,true,"se o criterio ocorrer, excluir do canario e nao promover"
EXC_01799,SAR_0515,vegetation_ambiguity,ambiguidade por vegetacao (checar no futuro),false,true,true,"se o criterio ocorrer, excluir do canario e nao promover"
EXC_01800,SAR_0515,slope_hand_inconsistent,inconsistencia de declividade/HAND (checar no futuro),false,true,true,"se o criterio ocorrer, excluir do canario e nao promover"
EXC_01801,SAR_0515,no_qa_possible,sem QA humano possivel (checar no futuro),false,true,true,"se o criterio ocorrer, excluir do canario e nao promover"
EXC_01802,SAR_0516,no_patch_or_aoi,sem patch nem AOI minima para recorte,true,false,false,"se o criterio ocorrer, excluir do canario e nao promover"
EXC_01803,SAR_0516,permanent_water_confusion,risco de confundir agua permanente com inundacao (checar no futuro),false,true,true,"se o criterio ocorrer, excluir do canario e nao promover"
EXC_01804,SAR_0516,urban_shadow_layover,sombra/layover urbano no SAR (checar no futuro),false,true,true,"se o criterio ocorrer, excluir do canario e nao promover"
EXC_01805,SAR_0516,vegetation_ambiguity,ambiguidade por vegetacao (checar no futuro),false,true,true,"se o criterio ocorrer, excluir do canario e nao promover"
EXC_01806,SAR_0516,slope_hand_inconsistent,inconsistencia de declividade/HAND (checar no futuro),false,true,true,"se o criterio ocorrer, excluir do canario e nao promover"
EXC_01807,SAR_0516,no_qa_possible,sem QA humano possivel (checar no futuro),false,true,true,"se o criterio ocorrer, excluir do canario e nao promover"
EXC_01808,SAR_0517,no_patch_or_aoi,sem patch nem AOI minima para recorte,true,false,false,"se o criterio ocorrer, excluir do canario e nao promover"
EXC_01809,SAR_0517,permanent_water_confusion,risco de confundir agua permanente com inundacao (checar no futuro),false,true,true,"se o criterio ocorrer, excluir do canario e nao promover"
EXC_01810,SAR_0517,urban_shadow_layover,sombra/layover urbano no SAR (checar no futuro),false,true,true,"se o criterio ocorrer, excluir do canario e nao promover"
EXC_01811,SAR_0517,vegetation_ambiguity,ambiguidade por vegetacao (checar no futuro),false,true,true,"se o criterio ocorrer, excluir do canario e nao promover"
EXC_01812,SAR_0517,slope_hand_inconsistent,inconsistencia de declividade/HAND (checar no futuro),false,true,true,"se o criterio ocorrer, excluir do canario e nao promover"
EXC_01813,SAR_0517,no_qa_possible,sem QA humano possivel (checar no futuro),false,true,true,"se o criterio ocorrer, excluir do canario e nao promover"
EXC_01814,SAR_0518,no_patch_or_aoi,sem patch nem AOI minima para recorte,true,false,false,"se o criterio ocorrer, excluir do canario e nao promover"
EXC_01815,SAR_0518,permanent_water_confusion,risco de confundir agua permanente com inundacao (checar no futuro),false,true,true,"se o criterio ocorrer, excluir do canario e nao promover"
EXC_01816,SAR_0518,urban_shadow_layover,sombra/layover urbano no SAR (checar no futuro),false,true,true,"se o criterio ocorrer, excluir do canario e nao promover"
EXC_01817,SAR_0518,vegetation_ambiguity,ambiguidade por vegetacao (checar no futuro),false,true,true,"se o criterio ocorrer, excluir do canario e nao promover"
EXC_01818,SAR_0518,slope_hand_inconsistent,inconsistencia de declividade/HAND (checar no futuro),false,true,true,"se o criterio ocorrer, excluir do canario e nao promover"
EXC_01819,SAR_0518,no_qa_possible,sem QA humano possivel (checar no futuro),false,true,true,"se o criterio ocorrer, excluir do canario e nao promover"
EXC_01820,SAR_0519,no_patch_or_aoi,sem patch nem AOI minima para recorte,true,false,false,"se o criterio ocorrer, excluir do canario e nao promover"
EXC_01821,SAR_0519,permanent_water_confusion,risco de confundir agua permanente com inundacao (checar no futuro),false,true,true,"se o criterio ocorrer, excluir do canario e nao promover"
EXC_01822,SAR_0519,urban_shadow_layover,sombra/layover urbano no SAR (checar no futuro),false,true,true,"se o criterio ocorrer, excluir do canario e nao promover"
EXC_01823,SAR_0519,vegetation_ambiguity,ambiguidade por vegetacao (checar no futuro),false,true,true,"se o criterio ocorrer, excluir do canario e nao promover"
EXC_01824,SAR_0519,slope_hand_inconsistent,inconsistencia de declividade/HAND (checar no futuro),false,true,true,"se o criterio ocorrer, excluir do canario e nao promover"
EXC_01825,SAR_0519,no_qa_possible,sem QA humano possivel (checar no futuro),false,true,true,"se o criterio ocorrer, excluir do canario e nao promover"
EXC_01826,SAR_0520,no_patch_or_aoi,sem patch nem AOI minima para recorte,true,false,false,"se o criterio ocorrer, excluir do canario e nao promover"
EXC_01827,SAR_0520,permanent_water_confusion,risco de confundir agua permanente com inundacao (checar no futuro),false,true,true,"se o criterio ocorrer, excluir do canario e nao promover"
EXC_01828,SAR_0520,urban_shadow_layover,sombra/layover urbano no SAR (checar no futuro),false,true,true,"se o criterio ocorrer, excluir do canario e nao promover"
EXC_01829,SAR_0520,vegetation_ambiguity,ambiguidade por vegetacao (checar no futuro),false,true,true,"se o criterio ocorrer, excluir do canario e nao promover"
EXC_01830,SAR_0520,slope_hand_inconsistent,inconsistencia de declividade/HAND (checar no futuro),false,true,true,"se o criterio ocorrer, excluir do canario e nao promover"
EXC_01831,SAR_0520,no_qa_possible,sem QA humano possivel (checar no futuro),false,true,true,"se o criterio ocorrer, excluir do canario e nao promover"
EXC_01832,SAR_0521,no_patch_or_aoi,sem patch nem AOI minima para recorte,true,false,false,"se o criterio ocorrer, excluir do canario e nao promover"
EXC_01833,SAR_0521,permanent_water_confusion,risco de confundir agua permanente com inundacao (checar no futuro),false,true,true,"se o criterio ocorrer, excluir do canario e nao promover"
EXC_01834,SAR_0521,urban_shadow_layover,sombra/layover urbano no SAR (checar no futuro),false,true,true,"se o criterio ocorrer, excluir do canario e nao promover"
EXC_01835,SAR_0521,vegetation_ambiguity,ambiguidade por vegetacao (checar no futuro),false,true,true,"se o criterio ocorrer, excluir do canario e nao promover"
EXC_01836,SAR_0521,slope_hand_inconsistent,inconsistencia de declividade/HAND (checar no futuro),false,true,true,"se o criterio ocorrer, excluir do canario e nao promover"
EXC_01837,SAR_0521,no_qa_possible,sem QA humano possivel (checar no futuro),false,true,true,"se o criterio ocorrer, excluir do canario e nao promover"
EXC_01838,SAR_0522,no_patch_or_aoi,sem patch nem AOI minima para recorte,true,false,false,"se o criterio ocorrer, excluir do canario e nao promover"
EXC_01839,SAR_0522,permanent_water_confusion,risco de confundir agua permanente com inundacao (checar no futuro),false,true,true,"se o criterio ocorrer, excluir do canario e nao promover"
EXC_01840,SAR_0522,urban_shadow_layover,sombra/layover urbano no SAR (checar no futuro),false,true,true,"se o criterio ocorrer, excluir do canario e nao promover"
EXC_01841,SAR_0522,vegetation_ambiguity,ambiguidade por vegetacao (checar no futuro),false,true,true,"se o criterio ocorrer, excluir do canario e nao promover"
EXC_01842,SAR_0522,slope_hand_inconsistent,inconsistencia de declividade/HAND (checar no futuro),false,true,true,"se o criterio ocorrer, excluir do canario e nao promover"
EXC_01843,SAR_0522,no_qa_possible,sem QA humano possivel (checar no futuro),false,true,true,"se o criterio ocorrer, excluir do canario e nao promover"
EXC_01844,SAR_0523,no_patch_or_aoi,sem patch nem AOI minima para recorte,true,false,false,"se o criterio ocorrer, excluir do canario e nao promover"
EXC_01845,SAR_0523,permanent_water_confusion,risco de confundir agua permanente com inundacao (checar no futuro),false,true,true,"se o criterio ocorrer, excluir do canario e nao promover"
EXC_01846,SAR_0523,urban_shadow_layover,sombra/layover urbano no SAR (checar no futuro),false,true,true,"se o criterio ocorrer, excluir do canario e nao promover"
EXC_01847,SAR_0523,vegetation_ambiguity,ambiguidade por vegetacao (checar no futuro),false,true,true,"se o criterio ocorrer, excluir do canario e nao promover"
EXC_01848,SAR_0523,slope_hand_inconsistent,inconsistencia de declividade/HAND (checar no futuro),false,true,true,"se o criterio ocorrer, excluir do canario e nao promover"
EXC_01849,SAR_0523,no_qa_possible,sem QA humano possivel (checar no futuro),false,true,true,"se o criterio ocorrer, excluir do canario e nao promover"
EXC_01850,SAR_0524,no_patch_or_aoi,sem patch nem AOI minima para recorte,true,false,false,"se o criterio ocorrer, excluir do canario e nao promover"
EXC_01851,SAR_0524,permanent_water_confusion,risco de confundir agua permanente com inundacao (checar no futuro),false,true,true,"se o criterio ocorrer, excluir do canario e nao promover"
EXC_01852,SAR_0524,urban_shadow_layover,sombra/layover urbano no SAR (checar no futuro),false,true,true,"se o criterio ocorrer, excluir do canario e nao promover"
EXC_01853,SAR_0524,vegetation_ambiguity,ambiguidade por vegetacao (checar no futuro),false,true,true,"se o criterio ocorrer, excluir do canario e nao promover"
EXC_01854,SAR_0524,slope_hand_inconsistent,inconsistencia de declividade/HAND (checar no futuro),false,true,true,"se o criterio ocorrer, excluir do canario e nao promover"
EXC_01855,SAR_0524,no_qa_possible,sem QA humano possivel (checar no futuro),false,true,true,"se o criterio ocorrer, excluir do canario e nao promover"
EXC_01856,SAR_0525,no_patch_or_aoi,sem patch nem AOI minima para recorte,true,false,false,"se o criterio ocorrer, excluir do canario e nao promover"
EXC_01857,SAR_0525,permanent_water_confusion,risco de confundir agua permanente com inundacao (checar no futuro),false,true,true,"se o criterio ocorrer, excluir do canario e nao promover"
EXC_01858,SAR_0525,urban_shadow_layover,sombra/layover urbano no SAR (checar no futuro),false,true,true,"se o criterio ocorrer, excluir do canario e nao promover"
EXC_01859,SAR_0525,vegetation_ambiguity,ambiguidade por vegetacao (checar no futuro),false,true,true,"se o criterio ocorrer, excluir do canario e nao promover"
EXC_01860,SAR_0525,slope_hand_inconsistent,inconsistencia de declividade/HAND (checar no futuro),false,true,true,"se o criterio ocorrer, excluir do canario e nao promover"
EXC_01861,SAR_0525,no_qa_possible,sem QA humano possivel (checar no futuro),false,true,true,"se o criterio ocorrer, excluir do canario e nao promover"
EXC_01862,SAR_0526,no_patch_or_aoi,sem patch nem AOI minima para recorte,true,false,false,"se o criterio ocorrer, excluir do canario e nao promover"
EXC_01863,SAR_0526,permanent_water_confusion,risco de confundir agua permanente com inundacao (checar no futuro),false,true,true,"se o criterio ocorrer, excluir do canario e nao promover"
EXC_01864,SAR_0526,urban_shadow_layover,sombra/layover urbano no SAR (checar no futuro),false,true,true,"se o criterio ocorrer, excluir do canario e nao promover"
EXC_01865,SAR_0526,vegetation_ambiguity,ambiguidade por vegetacao (checar no futuro),false,true,true,"se o criterio ocorrer, excluir do canario e nao promover"
EXC_01866,SAR_0526,slope_hand_inconsistent,inconsistencia de declividade/HAND (checar no futuro),false,true,true,"se o criterio ocorrer, excluir do canario e nao promover"
EXC_01867,SAR_0526,no_qa_possible,sem QA humano possivel (checar no futuro),false,true,true,"se o criterio ocorrer, excluir do canario e nao promover"
EXC_01868,SAR_0527,no_patch_or_aoi,sem patch nem AOI minima para recorte,true,false,false,"se o criterio ocorrer, excluir do canario e nao promover"
EXC_01869,SAR_0527,permanent_water_confusion,risco de confundir agua permanente com inundacao (checar no futuro),false,true,true,"se o criterio ocorrer, excluir do canario e nao promover"
EXC_01870,SAR_0527,urban_shadow_layover,sombra/layover urbano no SAR (checar no futuro),false,true,true,"se o criterio ocorrer, excluir do canario e nao promover"
EXC_01871,SAR_0527,vegetation_ambiguity,ambiguidade por vegetacao (checar no futuro),false,true,true,"se o criterio ocorrer, excluir do canario e nao promover"
EXC_01872,SAR_0527,slope_hand_inconsistent,inconsistencia de declividade/HAND (checar no futuro),false,true,true,"se o criterio ocorrer, excluir do canario e nao promover"
EXC_01873,SAR_0527,no_qa_possible,sem QA humano possivel (checar no futuro),false,true,true,"se o criterio ocorrer, excluir do canario e nao promover"
EXC_01874,SAR_0528,no_patch_or_aoi,sem patch nem AOI minima para recorte,true,false,false,"se o criterio ocorrer, excluir do canario e nao promover"
EXC_01875,SAR_0528,permanent_water_confusion,risco de confundir agua permanente com inundacao (checar no futuro),false,true,true,"se o criterio ocorrer, excluir do canario e nao promover"
EXC_01876,SAR_0528,urban_shadow_layover,sombra/layover urbano no SAR (checar no futuro),false,true,true,"se o criterio ocorrer, excluir do canario e nao promover"
EXC_01877,SAR_0528,vegetation_ambiguity,ambiguidade por vegetacao (checar no futuro),false,true,true,"se o criterio ocorrer, excluir do canario e nao promover"
EXC_01878,SAR_0528,slope_hand_inconsistent,inconsistencia de declividade/HAND (checar no futuro),false,true,true,"se o criterio ocorrer, excluir do canario e nao promover"
EXC_01879,SAR_0528,no_qa_possible,sem QA humano possivel (checar no futuro),false,true,true,"se o criterio ocorrer, excluir do canario e nao promover"
EXC_01880,SAR_0529,no_patch_or_aoi,sem patch nem AOI minima para recorte,true,false,false,"se o criterio ocorrer, excluir do canario e nao promover"
EXC_01881,SAR_0529,permanent_water_confusion,risco de confundir agua permanente com inundacao (checar no futuro),false,true,true,"se o criterio ocorrer, excluir do canario e nao promover"
EXC_01882,SAR_0529,urban_shadow_layover,sombra/layover urbano no SAR (checar no futuro),false,true,true,"se o criterio ocorrer, excluir do canario e nao promover"
EXC_01883,SAR_0529,vegetation_ambiguity,ambiguidade por vegetacao (checar no futuro),false,true,true,"se o criterio ocorrer, excluir do canario e nao promover"
EXC_01884,SAR_0529,slope_hand_inconsistent,inconsistencia de declividade/HAND (checar no futuro),false,true,true,"se o criterio ocorrer, excluir do canario e nao promover"
EXC_01885,SAR_0529,no_qa_possible,sem QA humano possivel (checar no futuro),false,true,true,"se o criterio ocorrer, excluir do canario e nao promover"
EXC_01886,SAR_0530,no_patch_or_aoi,sem patch nem AOI minima para recorte,true,false,false,"se o criterio ocorrer, excluir do canario e nao promover"
EXC_01887,SAR_0530,permanent_water_confusion,risco de confundir agua permanente com inundacao (checar no futuro),false,true,true,"se o criterio ocorrer, excluir do canario e nao promover"
EXC_01888,SAR_0530,urban_shadow_layover,sombra/layover urbano no SAR (checar no futuro),false,true,true,"se o criterio ocorrer, excluir do canario e nao promover"
EXC_01889,SAR_0530,vegetation_ambiguity,ambiguidade por vegetacao (checar no futuro),false,true,true,"se o criterio ocorrer, excluir do canario e nao promover"
EXC_01890,SAR_0530,slope_hand_inconsistent,inconsistencia de declividade/HAND (checar no futuro),false,true,true,"se o criterio ocorrer, excluir do canario e nao promover"
EXC_01891,SAR_0530,no_qa_possible,sem QA humano possivel (checar no futuro),false,true,true,"se o criterio ocorrer, excluir do canario e nao promover"
EXC_01892,SAR_0531,no_patch_or_aoi,sem patch nem AOI minima para recorte,true,false,false,"se o criterio ocorrer, excluir do canario e nao promover"
EXC_01893,SAR_0531,permanent_water_confusion,risco de confundir agua permanente com inundacao (checar no futuro),false,true,true,"se o criterio ocorrer, excluir do canario e nao promover"
EXC_01894,SAR_0531,urban_shadow_layover,sombra/layover urbano no SAR (checar no futuro),false,true,true,"se o criterio ocorrer, excluir do canario e nao promover"
EXC_01895,SAR_0531,vegetation_ambiguity,ambiguidade por vegetacao (checar no futuro),false,true,true,"se o criterio ocorrer, excluir do canario e nao promover"
EXC_01896,SAR_0531,slope_hand_inconsistent,inconsistencia de declividade/HAND (checar no futuro),false,true,true,"se o criterio ocorrer, excluir do canario e nao promover"
EXC_01897,SAR_0531,no_qa_possible,sem QA humano possivel (checar no futuro),false,true,true,"se o criterio ocorrer, excluir do canario e nao promover"
EXC_01898,SAR_0532,no_patch_or_aoi,sem patch nem AOI minima para recorte,true,false,false,"se o criterio ocorrer, excluir do canario e nao promover"
EXC_01899,SAR_0532,permanent_water_confusion,risco de confundir agua permanente com inundacao (checar no futuro),false,true,true,"se o criterio ocorrer, excluir do canario e nao promover"
EXC_01900,SAR_0532,urban_shadow_layover,sombra/layover urbano no SAR (checar no futuro),false,true,true,"se o criterio ocorrer, excluir do canario e nao promover"
EXC_01901,SAR_0532,vegetation_ambiguity,ambiguidade por vegetacao (checar no futuro),false,true,true,"se o criterio ocorrer, excluir do canario e nao promover"
EXC_01902,SAR_0532,slope_hand_inconsistent,inconsistencia de declividade/HAND (checar no futuro),false,true,true,"se o criterio ocorrer, excluir do canario e nao promover"
EXC_01903,SAR_0532,no_qa_possible,sem QA humano possivel (checar no futuro),false,true,true,"se o criterio ocorrer, excluir do canario e nao promover"
EXC_01904,SAR_0533,no_patch_or_aoi,sem patch nem AOI minima para recorte,true,false,false,"se o criterio ocorrer, excluir do canario e nao promover"
EXC_01905,SAR_0533,permanent_water_confusion,risco de confundir agua permanente com inundacao (checar no futuro),false,true,true,"se o criterio ocorrer, excluir do canario e nao promover"
EXC_01906,SAR_0533,urban_shadow_layover,sombra/layover urbano no SAR (checar no futuro),false,true,true,"se o criterio ocorrer, excluir do canario e nao promover"
EXC_01907,SAR_0533,vegetation_ambiguity,ambiguidade por vegetacao (checar no futuro),false,true,true,"se o criterio ocorrer, excluir do canario e nao promover"
EXC_01908,SAR_0533,slope_hand_inconsistent,inconsistencia de declividade/HAND (checar no futuro),false,true,true,"se o criterio ocorrer, excluir do canario e nao promover"
EXC_01909,SAR_0533,no_qa_possible,sem QA humano possivel (checar no futuro),false,true,true,"se o criterio ocorrer, excluir do canario e nao promover"
EXC_01910,SAR_0534,no_patch_or_aoi,sem patch nem AOI minima para recorte,true,false,false,"se o criterio ocorrer, excluir do canario e nao promover"
EXC_01911,SAR_0534,permanent_water_confusion,risco de confundir agua permanente com inundacao (checar no futuro),false,true,true,"se o criterio ocorrer, excluir do canario e nao promover"
EXC_01912,SAR_0534,urban_shadow_layover,sombra/layover urbano no SAR (checar no futuro),false,true,true,"se o criterio ocorrer, excluir do canario e nao promover"
EXC_01913,SAR_0534,vegetation_ambiguity,ambiguidade por vegetacao (checar no futuro),false,true,true,"se o criterio ocorrer, excluir do canario e nao promover"
EXC_01914,SAR_0534,slope_hand_inconsistent,inconsistencia de declividade/HAND (checar no futuro),false,true,true,"se o criterio ocorrer, excluir do canario e nao promover"
EXC_01915,SAR_0534,no_qa_possible,sem QA humano possivel (checar no futuro),false,true,true,"se o criterio ocorrer, excluir do canario e nao promover"
EXC_01916,SAR_0535,no_patch_or_aoi,sem patch nem AOI minima para recorte,true,false,false,"se o criterio ocorrer, excluir do canario e nao promover"
EXC_01917,SAR_0535,permanent_water_confusion,risco de confundir agua permanente com inundacao (checar no futuro),false,true,true,"se o criterio ocorrer, excluir do canario e nao promover"
EXC_01918,SAR_0535,urban_shadow_layover,sombra/layover urbano no SAR (checar no futuro),false,true,true,"se o criterio ocorrer, excluir do canario e nao promover"
EXC_01919,SAR_0535,vegetation_ambiguity,ambiguidade por vegetacao (checar no futuro),false,true,true,"se o criterio ocorrer, excluir do canario e nao promover"
EXC_01920,SAR_0535,slope_hand_inconsistent,inconsistencia de declividade/HAND (checar no futuro),false,true,true,"se o criterio ocorrer, excluir do canario e nao promover"
EXC_01921,SAR_0535,no_qa_possible,sem QA humano possivel (checar no futuro),false,true,true,"se o criterio ocorrer, excluir do canario e nao promover"
EXC_01922,SAR_0536,no_patch_or_aoi,sem patch nem AOI minima para recorte,true,false,false,"se o criterio ocorrer, excluir do canario e nao promover"
EXC_01923,SAR_0536,permanent_water_confusion,risco de confundir agua permanente com inundacao (checar no futuro),false,true,true,"se o criterio ocorrer, excluir do canario e nao promover"
EXC_01924,SAR_0536,urban_shadow_layover,sombra/layover urbano no SAR (checar no futuro),false,true,true,"se o criterio ocorrer, excluir do canario e nao promover"
EXC_01925,SAR_0536,vegetation_ambiguity,ambiguidade por vegetacao (checar no futuro),false,true,true,"se o criterio ocorrer, excluir do canario e nao promover"
EXC_01926,SAR_0536,slope_hand_inconsistent,inconsistencia de declividade/HAND (checar no futuro),false,true,true,"se o criterio ocorrer, excluir do canario e nao promover"
EXC_01927,SAR_0536,no_qa_possible,sem QA humano possivel (checar no futuro),false,true,true,"se o criterio ocorrer, excluir do canario e nao promover"
EXC_01928,SAR_0537,no_patch_or_aoi,sem patch nem AOI minima para recorte,true,false,false,"se o criterio ocorrer, excluir do canario e nao promover"
EXC_01929,SAR_0537,permanent_water_confusion,risco de confundir agua permanente com inundacao (checar no futuro),false,true,true,"se o criterio ocorrer, excluir do canario e nao promover"
EXC_01930,SAR_0537,urban_shadow_layover,sombra/layover urbano no SAR (checar no futuro),false,true,true,"se o criterio ocorrer, excluir do canario e nao promover"
EXC_01931,SAR_0537,vegetation_ambiguity,ambiguidade por vegetacao (checar no futuro),false,true,true,"se o criterio ocorrer, excluir do canario e nao promover"
EXC_01932,SAR_0537,slope_hand_inconsistent,inconsistencia de declividade/HAND (checar no futuro),false,true,true,"se o criterio ocorrer, excluir do canario e nao promover"
EXC_01933,SAR_0537,no_qa_possible,sem QA humano possivel (checar no futuro),false,true,true,"se o criterio ocorrer, excluir do canario e nao promover"
EXC_01934,SAR_0538,no_patch_or_aoi,sem patch nem AOI minima para recorte,true,false,false,"se o criterio ocorrer, excluir do canario e nao promover"
EXC_01935,SAR_0538,permanent_water_confusion,risco de confundir agua permanente com inundacao (checar no futuro),false,true,true,"se o criterio ocorrer, excluir do canario e nao promover"
EXC_01936,SAR_0538,urban_shadow_layover,sombra/layover urbano no SAR (checar no futuro),false,true,true,"se o criterio ocorrer, excluir do canario e nao promover"
EXC_01937,SAR_0538,vegetation_ambiguity,ambiguidade por vegetacao (checar no futuro),false,true,true,"se o criterio ocorrer, excluir do canario e nao promover"
EXC_01938,SAR_0538,slope_hand_inconsistent,inconsistencia de declividade/HAND (checar no futuro),false,true,true,"se o criterio ocorrer, excluir do canario e nao promover"
EXC_01939,SAR_0538,no_qa_possible,sem QA humano possivel (checar no futuro),false,true,true,"se o criterio ocorrer, excluir do canario e nao promover"
EXC_01940,SAR_0539,no_patch_or_aoi,sem patch nem AOI minima para recorte,true,false,false,"se o criterio ocorrer, excluir do canario e nao promover"
EXC_01941,SAR_0539,permanent_water_confusion,risco de confundir agua permanente com inundacao (checar no futuro),false,true,true,"se o criterio ocorrer, excluir do canario e nao promover"
EXC_01942,SAR_0539,urban_shadow_layover,sombra/layover urbano no SAR (checar no futuro),false,true,true,"se o criterio ocorrer, excluir do canario e nao promover"
EXC_01943,SAR_0539,vegetation_ambiguity,ambiguidade por vegetacao (checar no futuro),false,true,true,"se o criterio ocorrer, excluir do canario e nao promover"
EXC_01944,SAR_0539,slope_hand_inconsistent,inconsistencia de declividade/HAND (checar no futuro),false,true,true,"se o criterio ocorrer, excluir do canario e nao promover"
EXC_01945,SAR_0539,no_qa_possible,sem QA humano possivel (checar no futuro),false,true,true,"se o criterio ocorrer, excluir do canario e nao promover"
EXC_01946,SAR_0540,no_patch_or_aoi,sem patch nem AOI minima para recorte,true,false,false,"se o criterio ocorrer, excluir do canario e nao promover"
EXC_01947,SAR_0540,permanent_water_confusion,risco de confundir agua permanente com inundacao (checar no futuro),false,true,true,"se o criterio ocorrer, excluir do canario e nao promover"
EXC_01948,SAR_0540,urban_shadow_layover,sombra/layover urbano no SAR (checar no futuro),false,true,true,"se o criterio ocorrer, excluir do canario e nao promover"
EXC_01949,SAR_0540,vegetation_ambiguity,ambiguidade por vegetacao (checar no futuro),false,true,true,"se o criterio ocorrer, excluir do canario e nao promover"
EXC_01950,SAR_0540,slope_hand_inconsistent,inconsistencia de declividade/HAND (checar no futuro),false,true,true,"se o criterio ocorrer, excluir do canario e nao promover"
EXC_01951,SAR_0540,no_qa_possible,sem QA humano possivel (checar no futuro),false,true,true,"se o criterio ocorrer, excluir do canario e nao promover"
EXC_01952,SAR_0541,no_patch_or_aoi,sem patch nem AOI minima para recorte,true,false,false,"se o criterio ocorrer, excluir do canario e nao promover"
EXC_01953,SAR_0541,permanent_water_confusion,risco de confundir agua permanente com inundacao (checar no futuro),false,true,true,"se o criterio ocorrer, excluir do canario e nao promover"
EXC_01954,SAR_0541,urban_shadow_layover,sombra/layover urbano no SAR (checar no futuro),false,true,true,"se o criterio ocorrer, excluir do canario e nao promover"
EXC_01955,SAR_0541,vegetation_ambiguity,ambiguidade por vegetacao (checar no futuro),false,true,true,"se o criterio ocorrer, excluir do canario e nao promover"
EXC_01956,SAR_0541,slope_hand_inconsistent,inconsistencia de declividade/HAND (checar no futuro),false,true,true,"se o criterio ocorrer, excluir do canario e nao promover"
EXC_01957,SAR_0541,no_qa_possible,sem QA humano possivel (checar no futuro),false,true,true,"se o criterio ocorrer, excluir do canario e nao promover"
EXC_01958,SAR_0542,no_patch_or_aoi,sem patch nem AOI minima para recorte,true,false,false,"se o criterio ocorrer, excluir do canario e nao promover"
EXC_01959,SAR_0542,permanent_water_confusion,risco de confundir agua permanente com inundacao (checar no futuro),false,true,true,"se o criterio ocorrer, excluir do canario e nao promover"
EXC_01960,SAR_0542,urban_shadow_layover,sombra/layover urbano no SAR (checar no futuro),false,true,true,"se o criterio ocorrer, excluir do canario e nao promover"
EXC_01961,SAR_0542,vegetation_ambiguity,ambiguidade por vegetacao (checar no futuro),false,true,true,"se o criterio ocorrer, excluir do canario e nao promover"
EXC_01962,SAR_0542,slope_hand_inconsistent,inconsistencia de declividade/HAND (checar no futuro),false,true,true,"se o criterio ocorrer, excluir do canario e nao promover"
EXC_01963,SAR_0542,no_qa_possible,sem QA humano possivel (checar no futuro),false,true,true,"se o criterio ocorrer, excluir do canario e nao promover"
EXC_01964,SAR_0543,no_patch_or_aoi,sem patch nem AOI minima para recorte,true,false,false,"se o criterio ocorrer, excluir do canario e nao promover"
EXC_01965,SAR_0543,permanent_water_confusion,risco de confundir agua permanente com inundacao (checar no futuro),false,true,true,"se o criterio ocorrer, excluir do canario e nao promover"
EXC_01966,SAR_0543,urban_shadow_layover,sombra/layover urbano no SAR (checar no futuro),false,true,true,"se o criterio ocorrer, excluir do canario e nao promover"
EXC_01967,SAR_0543,vegetation_ambiguity,ambiguidade por vegetacao (checar no futuro),false,true,true,"se o criterio ocorrer, excluir do canario e nao promover"
EXC_01968,SAR_0543,slope_hand_inconsistent,inconsistencia de declividade/HAND (checar no futuro),false,true,true,"se o criterio ocorrer, excluir do canario e nao promover"
EXC_01969,SAR_0543,no_qa_possible,sem QA humano possivel (checar no futuro),false,true,true,"se o criterio ocorrer, excluir do canario e nao promover"
EXC_01970,SAR_0544,no_patch_or_aoi,sem patch nem AOI minima para recorte,true,false,false,"se o criterio ocorrer, excluir do canario e nao promover"
EXC_01971,SAR_0544,permanent_water_confusion,risco de confundir agua permanente com inundacao (checar no futuro),false,true,true,"se o criterio ocorrer, excluir do canario e nao promover"
EXC_01972,SAR_0544,urban_shadow_layover,sombra/layover urbano no SAR (checar no futuro),false,true,true,"se o criterio ocorrer, excluir do canario e nao promover"
EXC_01973,SAR_0544,vegetation_ambiguity,ambiguidade por vegetacao (checar no futuro),false,true,true,"se o criterio ocorrer, excluir do canario e nao promover"
EXC_01974,SAR_0544,slope_hand_inconsistent,inconsistencia de declividade/HAND (checar no futuro),false,true,true,"se o criterio ocorrer, excluir do canario e nao promover"
EXC_01975,SAR_0544,no_qa_possible,sem QA humano possivel (checar no futuro),false,true,true,"se o criterio ocorrer, excluir do canario e nao promover"
EXC_01976,SAR_0545,no_patch_or_aoi,sem patch nem AOI minima para recorte,true,false,false,"se o criterio ocorrer, excluir do canario e nao promover"
EXC_01977,SAR_0545,permanent_water_confusion,risco de confundir agua permanente com inundacao (checar no futuro),false,true,true,"se o criterio ocorrer, excluir do canario e nao promover"
EXC_01978,SAR_0545,urban_shadow_layover,sombra/layover urbano no SAR (checar no futuro),false,true,true,"se o criterio ocorrer, excluir do canario e nao promover"
EXC_01979,SAR_0545,vegetation_ambiguity,ambiguidade por vegetacao (checar no futuro),false,true,true,"se o criterio ocorrer, excluir do canario e nao promover"
EXC_01980,SAR_0545,slope_hand_inconsistent,inconsistencia de declividade/HAND (checar no futuro),false,true,true,"se o criterio ocorrer, excluir do canario e nao promover"
EXC_01981,SAR_0545,no_qa_possible,sem QA humano possivel (checar no futuro),false,true,true,"se o criterio ocorrer, excluir do canario e nao promover"
EXC_01982,SAR_0546,no_patch_or_aoi,sem patch nem AOI minima para recorte,true,false,false,"se o criterio ocorrer, excluir do canario e nao promover"
EXC_01983,SAR_0546,permanent_water_confusion,risco de confundir agua permanente com inundacao (checar no futuro),false,true,true,"se o criterio ocorrer, excluir do canario e nao promover"
EXC_01984,SAR_0546,urban_shadow_layover,sombra/layover urbano no SAR (checar no futuro),false,true,true,"se o criterio ocorrer, excluir do canario e nao promover"
EXC_01985,SAR_0546,vegetation_ambiguity,ambiguidade por vegetacao (checar no futuro),false,true,true,"se o criterio ocorrer, excluir do canario e nao promover"
EXC_01986,SAR_0546,slope_hand_inconsistent,inconsistencia de declividade/HAND (checar no futuro),false,true,true,"se o criterio ocorrer, excluir do canario e nao promover"
EXC_01987,SAR_0546,no_qa_possible,sem QA humano possivel (checar no futuro),false,true,true,"se o criterio ocorrer, excluir do canario e nao promover"
EXC_01988,SAR_0547,permanent_water_confusion,risco de confundir agua permanente com inundacao (checar no futuro),false,true,true,"se o criterio ocorrer, excluir do canario e nao promover"
EXC_01989,SAR_0547,urban_shadow_layover,sombra/layover urbano no SAR (checar no futuro),false,true,true,"se o criterio ocorrer, excluir do canario e nao promover"
EXC_01990,SAR_0547,vegetation_ambiguity,ambiguidade por vegetacao (checar no futuro),false,true,true,"se o criterio ocorrer, excluir do canario e nao promover"
EXC_01991,SAR_0547,slope_hand_inconsistent,inconsistencia de declividade/HAND (checar no futuro),false,true,true,"se o criterio ocorrer, excluir do canario e nao promover"
EXC_01992,SAR_0547,no_qa_possible,sem QA humano possivel (checar no futuro),false,true,true,"se o criterio ocorrer, excluir do canario e nao promover"
EXC_01993,SAR_0548,permanent_water_confusion,risco de confundir agua permanente com inundacao (checar no futuro),false,true,true,"se o criterio ocorrer, excluir do canario e nao promover"
EXC_01994,SAR_0548,urban_shadow_layover,sombra/layover urbano no SAR (checar no futuro),false,true,true,"se o criterio ocorrer, excluir do canario e nao promover"
EXC_01995,SAR_0548,vegetation_ambiguity,ambiguidade por vegetacao (checar no futuro),false,true,true,"se o criterio ocorrer, excluir do canario e nao promover"
EXC_01996,SAR_0548,slope_hand_inconsistent,inconsistencia de declividade/HAND (checar no futuro),false,true,true,"se o criterio ocorrer, excluir do canario e nao promover"
EXC_01997,SAR_0548,no_qa_possible,sem QA humano possivel (checar no futuro),false,true,true,"se o criterio ocorrer, excluir do canario e nao promover"
EXC_01998,SAR_0549,permanent_water_confusion,risco de confundir agua permanente com inundacao (checar no futuro),false,true,true,"se o criterio ocorrer, excluir do canario e nao promover"
EXC_01999,SAR_0549,urban_shadow_layover,sombra/layover urbano no SAR (checar no futuro),false,true,true,"se o criterio ocorrer, excluir do canario e nao promover"
EXC_02000,SAR_0549,vegetation_ambiguity,ambiguidade por vegetacao (checar no futuro),false,true,true,"se o criterio ocorrer, excluir do canario e nao promover"
EXC_02001,SAR_0549,slope_hand_inconsistent,inconsistencia de declividade/HAND (checar no futuro),false,true,true,"se o criterio ocorrer, excluir do canario e nao promover"
EXC_02002,SAR_0549,no_qa_possible,sem QA humano possivel (checar no futuro),false,true,true,"se o criterio ocorrer, excluir do canario e nao promover"
EXC_02003,SAR_0550,permanent_water_confusion,risco de confundir agua permanente com inundacao (checar no futuro),false,true,true,"se o criterio ocorrer, excluir do canario e nao promover"
EXC_02004,SAR_0550,urban_shadow_layover,sombra/layover urbano no SAR (checar no futuro),false,true,true,"se o criterio ocorrer, excluir do canario e nao promover"
EXC_02005,SAR_0550,vegetation_ambiguity,ambiguidade por vegetacao (checar no futuro),false,true,true,"se o criterio ocorrer, excluir do canario e nao promover"
EXC_02006,SAR_0550,slope_hand_inconsistent,inconsistencia de declividade/HAND (checar no futuro),false,true,true,"se o criterio ocorrer, excluir do canario e nao promover"
EXC_02007,SAR_0550,no_qa_possible,sem QA humano possivel (checar no futuro),false,true,true,"se o criterio ocorrer, excluir do canario e nao promover"
EXC_02008,SAR_0551,permanent_water_confusion,risco de confundir agua permanente com inundacao (checar no futuro),false,true,true,"se o criterio ocorrer, excluir do canario e nao promover"
EXC_02009,SAR_0551,urban_shadow_layover,sombra/layover urbano no SAR (checar no futuro),false,true,true,"se o criterio ocorrer, excluir do canario e nao promover"
EXC_02010,SAR_0551,vegetation_ambiguity,ambiguidade por vegetacao (checar no futuro),false,true,true,"se o criterio ocorrer, excluir do canario e nao promover"
EXC_02011,SAR_0551,slope_hand_inconsistent,inconsistencia de declividade/HAND (checar no futuro),false,true,true,"se o criterio ocorrer, excluir do canario e nao promover"
EXC_02012,SAR_0551,no_qa_possible,sem QA humano possivel (checar no futuro),false,true,true,"se o criterio ocorrer, excluir do canario e nao promover"
EXC_02013,SAR_0552,permanent_water_confusion,risco de confundir agua permanente com inundacao (checar no futuro),false,true,true,"se o criterio ocorrer, excluir do canario e nao promover"
EXC_02014,SAR_0552,urban_shadow_layover,sombra/layover urbano no SAR (checar no futuro),false,true,true,"se o criterio ocorrer, excluir do canario e nao promover"
EXC_02015,SAR_0552,vegetation_ambiguity,ambiguidade por vegetacao (checar no futuro),false,true,true,"se o criterio ocorrer, excluir do canario e nao promover"
EXC_02016,SAR_0552,slope_hand_inconsistent,inconsistencia de declividade/HAND (checar no futuro),false,true,true,"se o criterio ocorrer, excluir do canario e nao promover"
EXC_02017,SAR_0552,no_qa_possible,sem QA humano possivel (checar no futuro),false,true,true,"se o criterio ocorrer, excluir do canario e nao promover"
EXC_02018,SAR_0553,permanent_water_confusion,risco de confundir agua permanente com inundacao (checar no futuro),false,true,true,"se o criterio ocorrer, excluir do canario e nao promover"
EXC_02019,SAR_0553,urban_shadow_layover,sombra/layover urbano no SAR (checar no futuro),false,true,true,"se o criterio ocorrer, excluir do canario e nao promover"
EXC_02020,SAR_0553,vegetation_ambiguity,ambiguidade por vegetacao (checar no futuro),false,true,true,"se o criterio ocorrer, excluir do canario e nao promover"
EXC_02021,SAR_0553,slope_hand_inconsistent,inconsistencia de declividade/HAND (checar no futuro),false,true,true,"se o criterio ocorrer, excluir do canario e nao promover"
EXC_02022,SAR_0553,no_qa_possible,sem QA humano possivel (checar no futuro),false,true,true,"se o criterio ocorrer, excluir do canario e nao promover"
EXC_02023,SAR_0554,permanent_water_confusion,risco de confundir agua permanente com inundacao (checar no futuro),false,true,true,"se o criterio ocorrer, excluir do canario e nao promover"
EXC_02024,SAR_0554,urban_shadow_layover,sombra/layover urbano no SAR (checar no futuro),false,true,true,"se o criterio ocorrer, excluir do canario e nao promover"
EXC_02025,SAR_0554,vegetation_ambiguity,ambiguidade por vegetacao (checar no futuro),false,true,true,"se o criterio ocorrer, excluir do canario e nao promover"
EXC_02026,SAR_0554,slope_hand_inconsistent,inconsistencia de declividade/HAND (checar no futuro),false,true,true,"se o criterio ocorrer, excluir do canario e nao promover"
EXC_02027,SAR_0554,no_qa_possible,sem QA humano possivel (checar no futuro),false,true,true,"se o criterio ocorrer, excluir do canario e nao promover"
EXC_02028,SAR_0555,permanent_water_confusion,risco de confundir agua permanente com inundacao (checar no futuro),false,true,true,"se o criterio ocorrer, excluir do canario e nao promover"
EXC_02029,SAR_0555,urban_shadow_layover,sombra/layover urbano no SAR (checar no futuro),false,true,true,"se o criterio ocorrer, excluir do canario e nao promover"
EXC_02030,SAR_0555,vegetation_ambiguity,ambiguidade por vegetacao (checar no futuro),false,true,true,"se o criterio ocorrer, excluir do canario e nao promover"
EXC_02031,SAR_0555,slope_hand_inconsistent,inconsistencia de declividade/HAND (checar no futuro),false,true,true,"se o criterio ocorrer, excluir do canario e nao promover"
EXC_02032,SAR_0555,no_qa_possible,sem QA humano possivel (checar no futuro),false,true,true,"se o criterio ocorrer, excluir do canario e nao promover"
EXC_02033,SAR_0556,permanent_water_confusion,risco de confundir agua permanente com inundacao (checar no futuro),false,true,true,"se o criterio ocorrer, excluir do canario e nao promover"
EXC_02034,SAR_0556,urban_shadow_layover,sombra/layover urbano no SAR (checar no futuro),false,true,true,"se o criterio ocorrer, excluir do canario e nao promover"
EXC_02035,SAR_0556,vegetation_ambiguity,ambiguidade por vegetacao (checar no futuro),false,true,true,"se o criterio ocorrer, excluir do canario e nao promover"
EXC_02036,SAR_0556,slope_hand_inconsistent,inconsistencia de declividade/HAND (checar no futuro),false,true,true,"se o criterio ocorrer, excluir do canario e nao promover"
EXC_02037,SAR_0556,no_qa_possible,sem QA humano possivel (checar no futuro),false,true,true,"se o criterio ocorrer, excluir do canario e nao promover"
EXC_02038,SAR_0557,permanent_water_confusion,risco de confundir agua permanente com inundacao (checar no futuro),false,true,true,"se o criterio ocorrer, excluir do canario e nao promover"
EXC_02039,SAR_0557,urban_shadow_layover,sombra/layover urbano no SAR (checar no futuro),false,true,true,"se o criterio ocorrer, excluir do canario e nao promover"
EXC_02040,SAR_0557,vegetation_ambiguity,ambiguidade por vegetacao (checar no futuro),false,true,true,"se o criterio ocorrer, excluir do canario e nao promover"
EXC_02041,SAR_0557,slope_hand_inconsistent,inconsistencia de declividade/HAND (checar no futuro),false,true,true,"se o criterio ocorrer, excluir do canario e nao promover"
EXC_02042,SAR_0557,no_qa_possible,sem QA humano possivel (checar no futuro),false,true,true,"se o criterio ocorrer, excluir do canario e nao promover"
