plan_id,geometry_target_id,step_order,action_pt,expected_artifact_pt,success_criteria_pt,fail_closed_outcome_pt,manual_review_required,can_be_automated_future,requires_network_future,requires_official_source_future,requires_sar_future
GPL_00001,GEO_0001,1,manter como contexto/bloqueado; sem aquisicao geometrica neste marco,nenhum artefato de aquisicao neste marco,registro preservado como contexto auditavel,"permanece review-only, sem promocao e sem treino",true,false,false,false,false
GPL_00002,GEO_0002,1,manter como contexto/bloqueado; sem aquisicao geometrica neste marco,nenhum artefato de aquisicao neste marco,registro preservado como contexto auditavel,"permanece review-only, sem promocao e sem treino",true,false,false,false,false
GPL_00003,GEO_0003,1,manter como contexto/bloqueado; sem aquisicao geometrica neste marco,nenhum artefato de aquisicao neste marco,registro preservado como contexto auditavel,"permanece review-only, sem promocao e sem treino",true,false,false,false,false
GPL_00004,GEO_0004,1,manter como contexto/bloqueado; sem aquisicao geometrica neste marco,nenhum artefato de aquisicao neste marco,registro preservado como contexto auditavel,"permanece review-only, sem promocao e sem treino",true,false,false,false,false
GPL_00005,GEO_0005,1,manter como contexto/bloqueado; sem aquisicao geometrica neste marco,nenhum artefato de aquisicao neste marco,registro preservado como contexto auditavel,"permanece review-only, sem promocao e sem treino",true,false,false,false,false
GPL_00006,GEO_0006,1,manter como contexto/bloqueado; sem aquisicao geometrica neste marco,nenhum artefato de aquisicao neste marco,registro preservado como contexto auditavel,"permanece review-only, sem promocao e sem treino",true,false,false,false,false
GPL_00007,GEO_0007,1,buscar poligono oficial do evento em base ja conhecida (sem consulta agora),poligono oficial associado ao evento,poligono oficial associado ao evento registrado e auditavel,"sem o artefato, permanece review-only sem promocao",true,true,true,true,false
GPL_00008,GEO_0007,2,consultar base setorial oficial no futuro (Defesa Civil/SGB/APAC/IPPUC/CEMADEN/S2iD),geometria/atributo oficial da base setorial,geometria/atributo oficial da base setorial registrado e auditavel,"sem o artefato, permanece review-only sem promocao",true,true,true,true,false
GPL_00009,GEO_0007,3,estimar incerteza geometrica (uncertainty_m) do candidato,uncertainty_m quantificada,uncertainty_m quantificada registrado e auditavel,"sem o artefato, permanece review-only sem promocao",true,false,false,false,false
GPL_00010,GEO_0008,1,buscar poligono oficial do evento em base ja conhecida (sem consulta agora),poligono oficial associado ao evento,poligono oficial associado ao evento registrado e auditavel,"sem o artefato, permanece review-only sem promocao",true,true,true,true,false
GPL_00011,GEO_0008,2,consultar base setorial oficial no futuro (Defesa Civil/SGB/APAC/IPPUC/CEMADEN/S2iD),geometria/atributo oficial da base setorial,geometria/atributo oficial da base setorial registrado e auditavel,"sem o artefato, permanece review-only sem promocao",true,true,true,true,false
GPL_00012,GEO_0008,3,estimar incerteza geometrica (uncertainty_m) do candidato,uncertainty_m quantificada,uncertainty_m quantificada registrado e auditavel,"sem o artefato, permanece review-only sem promocao",true,false,false,false,false
GPL_00013,GEO_0009,1,buscar poligono oficial do evento em base ja conhecida (sem consulta agora),poligono oficial associado ao evento,poligono oficial associado ao evento registrado e auditavel,"sem o artefato, permanece review-only sem promocao",true,true,true,true,false
GPL_00014,GEO_0009,2,consultar base setorial oficial no futuro (Defesa Civil/SGB/APAC/IPPUC/CEMADEN/S2iD),geometria/atributo oficial da base setorial,geometria/atributo oficial da base setorial registrado e auditavel,"sem o artefato, permanece review-only sem promocao",true,true,true,true,false
GPL_00015,GEO_0009,3,estimar incerteza geometrica (uncertainty_m) do candidato,uncertainty_m quantificada,uncertainty_m quantificada registrado e auditavel,"sem o artefato, permanece review-only sem promocao",true,false,false,false,false
GPL_00016,GEO_0010,1,buscar poligono oficial do evento em base ja conhecida (sem consulta agora),poligono oficial associado ao evento,poligono oficial associado ao evento registrado e auditavel,"sem o artefato, permanece review-only sem promocao",true,true,true,true,false
GPL_00017,GEO_0010,2,consultar base setorial oficial no futuro (Defesa Civil/SGB/APAC/IPPUC/CEMADEN/S2iD),geometria/atributo oficial da base setorial,geometria/atributo oficial da base setorial registrado e auditavel,"sem o artefato, permanece review-only sem promocao",true,true,true,true,false
GPL_00018,GEO_0010,3,estimar incerteza geometrica (uncertainty_m) do candidato,uncertainty_m quantificada,uncertainty_m quantificada registrado e auditavel,"sem o artefato, permanece review-only sem promocao",true,false,false,false,false
GPL_00019,GEO_0011,1,buscar poligono oficial do evento em base ja conhecida (sem consulta agora),poligono oficial associado ao evento,poligono oficial associado ao evento registrado e auditavel,"sem o artefato, permanece review-only sem promocao",true,true,true,true,false
GPL_00020,GEO_0011,2,consultar base setorial oficial no futuro (Defesa Civil/SGB/APAC/IPPUC/CEMADEN/S2iD),geometria/atributo oficial da base setorial,geometria/atributo oficial da base setorial registrado e auditavel,"sem o artefato, permanece review-only sem promocao",true,true,true,true,false
GPL_00021,GEO_0011,3,estimar incerteza geometrica (uncertainty_m) do candidato,uncertainty_m quantificada,uncertainty_m quantificada registrado e auditavel,"sem o artefato, permanece review-only sem promocao",true,false,false,false,false
GPL_00022,GEO_0012,1,buscar poligono oficial do evento em base ja conhecida (sem consulta agora),poligono oficial associado ao evento,poligono oficial associado ao evento registrado e auditavel,"sem o artefato, permanece review-only sem promocao",true,true,true,true,false
GPL_00023,GEO_0012,2,consultar base setorial oficial no futuro (Defesa Civil/SGB/APAC/IPPUC/CEMADEN/S2iD),geometria/atributo oficial da base setorial,geometria/atributo oficial da base setorial registrado e auditavel,"sem o artefato, permanece review-only sem promocao",true,true,true,true,false
GPL_00024,GEO_0012,3,estimar incerteza geometrica (uncertainty_m) do candidato,uncertainty_m quantificada,uncertainty_m quantificada registrado e auditavel,"sem o artefato, permanece review-only sem promocao",true,false,false,false,false
GPL_00025,GEO_0013,1,buscar poligono oficial do evento em base ja conhecida (sem consulta agora),poligono oficial associado ao evento,poligono oficial associado ao evento registrado e auditavel,"sem o artefato, permanece review-only sem promocao",true,true,true,true,false
GPL_00026,GEO_0013,2,consultar base setorial oficial no futuro (Defesa Civil/SGB/APAC/IPPUC/CEMADEN/S2iD),geometria/atributo oficial da base setorial,geometria/atributo oficial da base setorial registrado e auditavel,"sem o artefato, permanece review-only sem promocao",true,true,true,true,false
GPL_00027,GEO_0013,3,estimar incerteza geometrica (uncertainty_m) do candidato,uncertainty_m quantificada,uncertainty_m quantificada registrado e auditavel,"sem o artefato, permanece review-only sem promocao",true,false,false,false,false
GPL_00028,GEO_0014,1,buscar poligono oficial do evento em base ja conhecida (sem consulta agora),poligono oficial associado ao evento,poligono oficial associado ao evento registrado e auditavel,"sem o artefato, permanece review-only sem promocao",true,true,true,true,false
GPL_00029,GEO_0014,2,consultar base setorial oficial no futuro (Defesa Civil/SGB/APAC/IPPUC/CEMADEN/S2iD),geometria/atributo oficial da base setorial,geometria/atributo oficial da base setorial registrado e auditavel,"sem o artefato, permanece review-only sem promocao",true,true,true,true,false
GPL_00030,GEO_0014,3,estimar incerteza geometrica (uncertainty_m) do candidato,uncertainty_m quantificada,uncertainty_m quantificada registrado e auditavel,"sem o artefato, permanece review-only sem promocao",true,false,false,false,false
GPL_00031,GEO_0015,1,buscar poligono oficial do evento em base ja conhecida (sem consulta agora),poligono oficial associado ao evento,poligono oficial associado ao evento registrado e auditavel,"sem o artefato, permanece review-only sem promocao",true,true,true,true,false
GPL_00032,GEO_0015,2,consultar base setorial oficial no futuro (Defesa Civil/SGB/APAC/IPPUC/CEMADEN/S2iD),geometria/atributo oficial da base setorial,geometria/atributo oficial da base setorial registrado e auditavel,"sem o artefato, permanece review-only sem promocao",true,true,true,true,false
GPL_00033,GEO_0015,3,estimar incerteza geometrica (uncertainty_m) do candidato,uncertainty_m quantificada,uncertainty_m quantificada registrado e auditavel,"sem o artefato, permanece review-only sem promocao",true,false,false,false,false
GPL_00034,GEO_0016,1,buscar poligono oficial do evento em base ja conhecida (sem consulta agora),poligono oficial associado ao evento,poligono oficial associado ao evento registrado e auditavel,"sem o artefato, permanece review-only sem promocao",true,true,true,true,false
GPL_00035,GEO_0016,2,consultar base setorial oficial no futuro (Defesa Civil/SGB/APAC/IPPUC/CEMADEN/S2iD),geometria/atributo oficial da base setorial,geometria/atributo oficial da base setorial registrado e auditavel,"sem o artefato, permanece review-only sem promocao",true,true,true,true,false
GPL_00036,GEO_0016,3,estimar incerteza geometrica (uncertainty_m) do candidato,uncertainty_m quantificada,uncertainty_m quantificada registrado e auditavel,"sem o artefato, permanece review-only sem promocao",true,false,false,false,false
GPL_00037,GEO_0017,1,buscar poligono oficial do evento em base ja conhecida (sem consulta agora),poligono oficial associado ao evento,poligono oficial associado ao evento registrado e auditavel,"sem o artefato, permanece review-only sem promocao",true,true,true,true,false
GPL_00038,GEO_0017,2,consultar base setorial oficial no futuro (Defesa Civil/SGB/APAC/IPPUC/CEMADEN/S2iD),geometria/atributo oficial da base setorial,geometria/atributo oficial da base setorial registrado e auditavel,"sem o artefato, permanece review-only sem promocao",true,true,true,true,false
GPL_00039,GEO_0017,3,estimar incerteza geometrica (uncertainty_m) do candidato,uncertainty_m quantificada,uncertainty_m quantificada registrado e auditavel,"sem o artefato, permanece review-only sem promocao",true,false,false,false,false
GPL_00040,GEO_0018,1,buscar poligono oficial do evento em base ja conhecida (sem consulta agora),poligono oficial associado ao evento,poligono oficial associado ao evento registrado e auditavel,"sem o artefato, permanece review-only sem promocao",true,true,true,true,false
GPL_00041,GEO_0018,2,consultar base setorial oficial no futuro (Defesa Civil/SGB/APAC/IPPUC/CEMADEN/S2iD),geometria/atributo oficial da base setorial,geometria/atributo oficial da base setorial registrado e auditavel,"sem o artefato, permanece review-only sem promocao",true,true,true,true,false
GPL_00042,GEO_0018,3,estimar incerteza geometrica (uncertainty_m) do candidato,uncertainty_m quantificada,uncertainty_m quantificada registrado e auditavel,"sem o artefato, permanece review-only sem promocao",true,false,false,false,false
GPL_00043,GEO_0019,1,buscar poligono oficial do evento em base ja conhecida (sem consulta agora),poligono oficial associado ao evento,poligono oficial associado ao evento registrado e auditavel,"sem o artefato, permanece review-only sem promocao",true,true,true,true,false
GPL_00044,GEO_0019,2,consultar base setorial oficial no futuro (Defesa Civil/SGB/APAC/IPPUC/CEMADEN/S2iD),geometria/atributo oficial da base setorial,geometria/atributo oficial da base setorial registrado e auditavel,"sem o artefato, permanece review-only sem promocao",true,true,true,true,false
GPL_00045,GEO_0019,3,estimar incerteza geometrica (uncertainty_m) do candidato,uncertainty_m quantificada,uncertainty_m quantificada registrado e auditavel,"sem o artefato, permanece review-only sem promocao",true,false,false,false,false
GPL_00046,GEO_0020,1,buscar poligono oficial do evento em base ja conhecida (sem consulta agora),poligono oficial associado ao evento,poligono oficial associado ao evento registrado e auditavel,"sem o artefato, permanece review-only sem promocao",true,true,true,true,false
GPL_00047,GEO_0020,2,consultar base setorial oficial no futuro (Defesa Civil/SGB/APAC/IPPUC/CEMADEN/S2iD),geometria/atributo oficial da base setorial,geometria/atributo oficial da base setorial registrado e auditavel,"sem o artefato, permanece review-only sem promocao",true,true,true,true,false
GPL_00048,GEO_0020,3,estimar incerteza geometrica (uncertainty_m) do candidato,uncertainty_m quantificada,uncertainty_m quantificada registrado e auditavel,"sem o artefato, permanece review-only sem promocao",true,false,false,false,false
GPL_00049,GEO_0020,4,validar/fortalecer o vinculo entre geometria e patch REV-P,patch_link_quality forte auditavel,patch_link_quality forte auditavel registrado e auditavel,"sem o artefato, permanece review-only sem promocao",true,false,false,false,false
GPL_00050,GEO_0021,1,buscar poligono oficial do evento em base ja conhecida (sem consulta agora),poligono oficial associado ao evento,poligono oficial associado ao evento registrado e auditavel,"sem o artefato, permanece review-only sem promocao",true,true,true,true,false
GPL_00051,GEO_0021,2,consultar base setorial oficial no futuro (Defesa Civil/SGB/APAC/IPPUC/CEMADEN/S2iD),geometria/atributo oficial da base setorial,geometria/atributo oficial da base setorial registrado e auditavel,"sem o artefato, permanece review-only sem promocao",true,true,true,true,false
GPL_00052,GEO_0021,3,estimar incerteza geometrica (uncertainty_m) do candidato,uncertainty_m quantificada,uncertainty_m quantificada registrado e auditavel,"sem o artefato, permanece review-only sem promocao",true,false,false,false,false
GPL_00053,GEO_0022,1,buscar poligono oficial do evento em base ja conhecida (sem consulta agora),poligono oficial associado ao evento,poligono oficial associado ao evento registrado e auditavel,"sem o artefato, permanece review-only sem promocao",true,true,true,true,false
GPL_00054,GEO_0022,2,consultar base setorial oficial no futuro (Defesa Civil/SGB/APAC/IPPUC/CEMADEN/S2iD),geometria/atributo oficial da base setorial,geometria/atributo oficial da base setorial registrado e auditavel,"sem o artefato, permanece review-only sem promocao",true,true,true,true,false
GPL_00055,GEO_0022,3,estimar incerteza geometrica (uncertainty_m) do candidato,uncertainty_m quantificada,uncertainty_m quantificada registrado e auditavel,"sem o artefato, permanece review-only sem promocao",true,false,false,false,false
GPL_00056,GEO_0022,4,validar/fortalecer o vinculo entre geometria e patch REV-P,patch_link_quality forte auditavel,patch_link_quality forte auditavel registrado e auditavel,"sem o artefato, permanece review-only sem promocao",true,false,false,false,false
GPL_00057,GEO_0023,1,buscar poligono oficial do evento em base ja conhecida (sem consulta agora),poligono oficial associado ao evento,poligono oficial associado ao evento registrado e auditavel,"sem o artefato, permanece review-only sem promocao",true,true,true,true,false
GPL_00058,GEO_0023,2,consultar base setorial oficial no futuro (Defesa Civil/SGB/APAC/IPPUC/CEMADEN/S2iD),geometria/atributo oficial da base setorial,geometria/atributo oficial da base setorial registrado e auditavel,"sem o artefato, permanece review-only sem promocao",true,true,true,true,false
GPL_00059,GEO_0023,3,estimar incerteza geometrica (uncertainty_m) do candidato,uncertainty_m quantificada,uncertainty_m quantificada registrado e auditavel,"sem o artefato, permanece review-only sem promocao",true,false,false,false,false
GPL_00060,GEO_0024,1,buscar poligono oficial do evento em base ja conhecida (sem consulta agora),poligono oficial associado ao evento,poligono oficial associado ao evento registrado e auditavel,"sem o artefato, permanece review-only sem promocao",true,true,true,true,false
GPL_00061,GEO_0024,2,consultar base setorial oficial no futuro (Defesa Civil/SGB/APAC/IPPUC/CEMADEN/S2iD),geometria/atributo oficial da base setorial,geometria/atributo oficial da base setorial registrado e auditavel,"sem o artefato, permanece review-only sem promocao",true,true,true,true,false
GPL_00062,GEO_0024,3,estimar incerteza geometrica (uncertainty_m) do candidato,uncertainty_m quantificada,uncertainty_m quantificada registrado e auditavel,"sem o artefato, permanece review-only sem promocao",true,false,false,false,false
GPL_00063,GEO_0025,1,buscar poligono oficial do evento em base ja conhecida (sem consulta agora),poligono oficial associado ao evento,poligono oficial associado ao evento registrado e auditavel,"sem o artefato, permanece review-only sem promocao",true,true,true,true,false
GPL_00064,GEO_0025,2,consultar base setorial oficial no futuro (Defesa Civil/SGB/APAC/IPPUC/CEMADEN/S2iD),geometria/atributo oficial da base setorial,geometria/atributo oficial da base setorial registrado e auditavel,"sem o artefato, permanece review-only sem promocao",true,true,true,true,false
GPL_00065,GEO_0025,3,estimar incerteza geometrica (uncertainty_m) do candidato,uncertainty_m quantificada,uncertainty_m quantificada registrado e auditavel,"sem o artefato, permanece review-only sem promocao",true,false,false,false,false
GPL_00066,GEO_0026,1,buscar poligono oficial do evento em base ja conhecida (sem consulta agora),poligono oficial associado ao evento,poligono oficial associado ao evento registrado e auditavel,"sem o artefato, permanece review-only sem promocao",true,true,true,true,false
GPL_00067,GEO_0026,2,consultar base setorial oficial no futuro (Defesa Civil/SGB/APAC/IPPUC/CEMADEN/S2iD),geometria/atributo oficial da base setorial,geometria/atributo oficial da base setorial registrado e auditavel,"sem o artefato, permanece review-only sem promocao",true,true,true,true,false
GPL_00068,GEO_0026,3,estimar incerteza geometrica (uncertainty_m) do candidato,uncertainty_m quantificada,uncertainty_m quantificada registrado e auditavel,"sem o artefato, permanece review-only sem promocao",true,false,false,false,false
GPL_00069,GEO_0027,1,buscar poligono oficial do evento em base ja conhecida (sem consulta agora),poligono oficial associado ao evento,poligono oficial associado ao evento registrado e auditavel,"sem o artefato, permanece review-only sem promocao",true,true,true,true,false
GPL_00070,GEO_0027,2,consultar base setorial oficial no futuro (Defesa Civil/SGB/APAC/IPPUC/CEMADEN/S2iD),geometria/atributo oficial da base setorial,geometria/atributo oficial da base setorial registrado e auditavel,"sem o artefato, permanece review-only sem promocao",true,true,true,true,false
GPL_00071,GEO_0027,3,estimar incerteza geometrica (uncertainty_m) do candidato,uncertainty_m quantificada,uncertainty_m quantificada registrado e auditavel,"sem o artefato, permanece review-only sem promocao",true,false,false,false,false
GPL_00072,GEO_0028,1,buscar poligono oficial do evento em base ja conhecida (sem consulta agora),poligono oficial associado ao evento,poligono oficial associado ao evento registrado e auditavel,"sem o artefato, permanece review-only sem promocao",true,true,true,true,false
GPL_00073,GEO_0028,2,consultar base setorial oficial no futuro (Defesa Civil/SGB/APAC/IPPUC/CEMADEN/S2iD),geometria/atributo oficial da base setorial,geometria/atributo oficial da base setorial registrado e auditavel,"sem o artefato, permanece review-only sem promocao",true,true,true,true,false
GPL_00074,GEO_0028,3,estimar incerteza geometrica (uncertainty_m) do candidato,uncertainty_m quantificada,uncertainty_m quantificada registrado e auditavel,"sem o artefato, permanece review-only sem promocao",true,false,false,false,false
GPL_00075,GEO_0029,1,buscar poligono oficial do evento em base ja conhecida (sem consulta agora),poligono oficial associado ao evento,poligono oficial associado ao evento registrado e auditavel,"sem o artefato, permanece review-only sem promocao",true,true,true,true,false
GPL_00076,GEO_0029,2,consultar base setorial oficial no futuro (Defesa Civil/SGB/APAC/IPPUC/CEMADEN/S2iD),geometria/atributo oficial da base setorial,geometria/atributo oficial da base setorial registrado e auditavel,"sem o artefato, permanece review-only sem promocao",true,true,true,true,false
GPL_00077,GEO_0029,3,estimar incerteza geometrica (uncertainty_m) do candidato,uncertainty_m quantificada,uncertainty_m quantificada registrado e auditavel,"sem o artefato, permanece review-only sem promocao",true,false,false,false,false
GPL_00078,GEO_0030,1,buscar poligono oficial do evento em base ja conhecida (sem consulta agora),poligono oficial associado ao evento,poligono oficial associado ao evento registrado e auditavel,"sem o artefato, permanece review-only sem promocao",true,true,true,true,false
GPL_00079,GEO_0030,2,consultar base setorial oficial no futuro (Defesa Civil/SGB/APAC/IPPUC/CEMADEN/S2iD),geometria/atributo oficial da base setorial,geometria/atributo oficial da base setorial registrado e auditavel,"sem o artefato, permanece review-only sem promocao",true,true,true,true,false
GPL_00080,GEO_0030,3,estimar incerteza geometrica (uncertainty_m) do candidato,uncertainty_m quantificada,uncertainty_m quantificada registrado e auditavel,"sem o artefato, permanece review-only sem promocao",true,false,false,false,false
GPL_00081,GEO_0031,1,buscar poligono oficial do evento em base ja conhecida (sem consulta agora),poligono oficial associado ao evento,poligono oficial associado ao evento registrado e auditavel,"sem o artefato, permanece review-only sem promocao",true,true,true,true,false
GPL_00082,GEO_0031,2,consultar base setorial oficial no futuro (Defesa Civil/SGB/APAC/IPPUC/CEMADEN/S2iD),geometria/atributo oficial da base setorial,geometria/atributo oficial da base setorial registrado e auditavel,"sem o artefato, permanece review-only sem promocao",true,true,true,true,false
GPL_00083,GEO_0031,3,estimar incerteza geometrica (uncertainty_m) do candidato,uncertainty_m quantificada,uncertainty_m quantificada registrado e auditavel,"sem o artefato, permanece review-only sem promocao",true,false,false,false,false
GPL_00084,GEO_0031,4,validar/fortalecer o vinculo entre geometria e patch REV-P,patch_link_quality forte auditavel,patch_link_quality forte auditavel registrado e auditavel,"sem o artefato, permanece review-only sem promocao",true,false,false,false,false
GPL_00085,GEO_0032,1,buscar poligono oficial do evento em base ja conhecida (sem consulta agora),poligono oficial associado ao evento,poligono oficial associado ao evento registrado e auditavel,"sem o artefato, permanece review-only sem promocao",true,true,true,true,false
GPL_00086,GEO_0032,2,consultar base setorial oficial no futuro (Defesa Civil/SGB/APAC/IPPUC/CEMADEN/S2iD),geometria/atributo oficial da base setorial,geometria/atributo oficial da base setorial registrado e auditavel,"sem o artefato, permanece review-only sem promocao",true,true,true,true,false
GPL_00087,GEO_0032,3,estimar incerteza geometrica (uncertainty_m) do candidato,uncertainty_m quantificada,uncertainty_m quantificada registrado e auditavel,"sem o artefato, permanece review-only sem promocao",true,false,false,false,false
GPL_00088,GEO_0033,1,buscar poligono oficial do evento em base ja conhecida (sem consulta agora),poligono oficial associado ao evento,poligono oficial associado ao evento registrado e auditavel,"sem o artefato, permanece review-only sem promocao",true,true,true,true,false
GPL_00089,GEO_0033,2,consultar base setorial oficial no futuro (Defesa Civil/SGB/APAC/IPPUC/CEMADEN/S2iD),geometria/atributo oficial da base setorial,geometria/atributo oficial da base setorial registrado e auditavel,"sem o artefato, permanece review-only sem promocao",true,true,true,true,false
GPL_00090,GEO_0033,3,estimar incerteza geometrica (uncertainty_m) do candidato,uncertainty_m quantificada,uncertainty_m quantificada registrado e auditavel,"sem o artefato, permanece review-only sem promocao",true,false,false,false,false
GPL_00091,GEO_0033,4,validar/fortalecer o vinculo entre geometria e patch REV-P,patch_link_quality forte auditavel,patch_link_quality forte auditavel registrado e auditavel,"sem o artefato, permanece review-only sem promocao",true,false,false,false,false
GPL_00092,GEO_0034,1,buscar poligono oficial do evento em base ja conhecida (sem consulta agora),poligono oficial associado ao evento,poligono oficial associado ao evento registrado e auditavel,"sem o artefato, permanece review-only sem promocao",true,true,true,true,false
GPL_00093,GEO_0034,2,consultar base setorial oficial no futuro (Defesa Civil/SGB/APAC/IPPUC/CEMADEN/S2iD),geometria/atributo oficial da base setorial,geometria/atributo oficial da base setorial registrado e auditavel,"sem o artefato, permanece review-only sem promocao",true,true,true,true,false
GPL_00094,GEO_0034,3,estimar incerteza geometrica (uncertainty_m) do candidato,uncertainty_m quantificada,uncertainty_m quantificada registrado e auditavel,"sem o artefato, permanece review-only sem promocao",true,false,false,false,false
GPL_00095,GEO_0035,1,buscar poligono oficial do evento em base ja conhecida (sem consulta agora),poligono oficial associado ao evento,poligono oficial associado ao evento registrado e auditavel,"sem o artefato, permanece review-only sem promocao",true,true,true,true,false
GPL_00096,GEO_0035,2,consultar base setorial oficial no futuro (Defesa Civil/SGB/APAC/IPPUC/CEMADEN/S2iD),geometria/atributo oficial da base setorial,geometria/atributo oficial da base setorial registrado e auditavel,"sem o artefato, permanece review-only sem promocao",true,true,true,true,false
GPL_00097,GEO_0035,3,estimar incerteza geometrica (uncertainty_m) do candidato,uncertainty_m quantificada,uncertainty_m quantificada registrado e auditavel,"sem o artefato, permanece review-only sem promocao",true,false,false,false,false
GPL_00098,GEO_0036,1,buscar poligono oficial do evento em base ja conhecida (sem consulta agora),poligono oficial associado ao evento,poligono oficial associado ao evento registrado e auditavel,"sem o artefato, permanece review-only sem promocao",true,true,true,true,false
GPL_00099,GEO_0036,2,consultar base setorial oficial no futuro (Defesa Civil/SGB/APAC/IPPUC/CEMADEN/S2iD),geometria/atributo oficial da base setorial,geometria/atributo oficial da base setorial registrado e auditavel,"sem o artefato, permanece review-only sem promocao",true,true,true,true,false
GPL_00100,GEO_0036,3,estimar incerteza geometrica (uncertainty_m) do candidato,uncertainty_m quantificada,uncertainty_m quantificada registrado e auditavel,"sem o artefato, permanece review-only sem promocao",true,false,false,false,false
GPL_00101,GEO_0037,1,buscar poligono oficial do evento em base ja conhecida (sem consulta agora),poligono oficial associado ao evento,poligono oficial associado ao evento registrado e auditavel,"sem o artefato, permanece review-only sem promocao",true,true,true,true,false
GPL_00102,GEO_0037,2,consultar base setorial oficial no futuro (Defesa Civil/SGB/APAC/IPPUC/CEMADEN/S2iD),geometria/atributo oficial da base setorial,geometria/atributo oficial da base setorial registrado e auditavel,"sem o artefato, permanece review-only sem promocao",true,true,true,true,false
GPL_00103,GEO_0037,3,estimar incerteza geometrica (uncertainty_m) do candidato,uncertainty_m quantificada,uncertainty_m quantificada registrado e auditavel,"sem o artefato, permanece review-only sem promocao",true,false,false,false,false
GPL_00104,GEO_0038,1,buscar poligono oficial do evento em base ja conhecida (sem consulta agora),poligono oficial associado ao evento,poligono oficial associado ao evento registrado e auditavel,"sem o artefato, permanece review-only sem promocao",true,true,true,true,false
GPL_00105,GEO_0038,2,consultar base setorial oficial no futuro (Defesa Civil/SGB/APAC/IPPUC/CEMADEN/S2iD),geometria/atributo oficial da base setorial,geometria/atributo oficial da base setorial registrado e auditavel,"sem o artefato, permanece review-only sem promocao",true,true,true,true,false
GPL_00106,GEO_0038,3,estimar incerteza geometrica (uncertainty_m) do candidato,uncertainty_m quantificada,uncertainty_m quantificada registrado e auditavel,"sem o artefato, permanece review-only sem promocao",true,false,false,false,false
GPL_00107,GEO_0039,1,buscar poligono oficial do evento em base ja conhecida (sem consulta agora),poligono oficial associado ao evento,poligono oficial associado ao evento registrado e auditavel,"sem o artefato, permanece review-only sem promocao",true,true,true,true,false
GPL_00108,GEO_0039,2,consultar base setorial oficial no futuro (Defesa Civil/SGB/APAC/IPPUC/CEMADEN/S2iD),geometria/atributo oficial da base setorial,geometria/atributo oficial da base setorial registrado e auditavel,"sem o artefato, permanece review-only sem promocao",true,true,true,true,false
GPL_00109,GEO_0039,3,estimar incerteza geometrica (uncertainty_m) do candidato,uncertainty_m quantificada,uncertainty_m quantificada registrado e auditavel,"sem o artefato, permanece review-only sem promocao",true,false,false,false,false
GPL_00110,GEO_0040,1,buscar poligono oficial do evento em base ja conhecida (sem consulta agora),poligono oficial associado ao evento,poligono oficial associado ao evento registrado e auditavel,"sem o artefato, permanece review-only sem promocao",true,true,true,true,false
GPL_00111,GEO_0040,2,consultar base setorial oficial no futuro (Defesa Civil/SGB/APAC/IPPUC/CEMADEN/S2iD),geometria/atributo oficial da base setorial,geometria/atributo oficial da base setorial registrado e auditavel,"sem o artefato, permanece review-only sem promocao",true,true,true,true,false
GPL_00112,GEO_0040,3,estimar incerteza geometrica (uncertainty_m) do candidato,uncertainty_m quantificada,uncertainty_m quantificada registrado e auditavel,"sem o artefato, permanece review-only sem promocao",true,false,false,false,false
GPL_00113,GEO_0040,4,validar/fortalecer o vinculo entre geometria e patch REV-P,patch_link_quality forte auditavel,patch_link_quality forte auditavel registrado e auditavel,"sem o artefato, permanece review-only sem promocao",true,false,false,false,false
GPL_00114,GEO_0041,1,buscar poligono oficial do evento em base ja conhecida (sem consulta agora),poligono oficial associado ao evento,poligono oficial associado ao evento registrado e auditavel,"sem o artefato, permanece review-only sem promocao",true,true,true,true,false
GPL_00115,GEO_0041,2,consultar base setorial oficial no futuro (Defesa Civil/SGB/APAC/IPPUC/CEMADEN/S2iD),geometria/atributo oficial da base setorial,geometria/atributo oficial da base setorial registrado e auditavel,"sem o artefato, permanece review-only sem promocao",true,true,true,true,false
GPL_00116,GEO_0041,3,estimar incerteza geometrica (uncertainty_m) do candidato,uncertainty_m quantificada,uncertainty_m quantificada registrado e auditavel,"sem o artefato, permanece review-only sem promocao",true,false,false,false,false
GPL_00117,GEO_0042,1,buscar poligono oficial do evento em base ja conhecida (sem consulta agora),poligono oficial associado ao evento,poligono oficial associado ao evento registrado e auditavel,"sem o artefato, permanece review-only sem promocao",true,true,true,true,false
GPL_00118,GEO_0042,2,consultar base setorial oficial no futuro (Defesa Civil/SGB/APAC/IPPUC/CEMADEN/S2iD),geometria/atributo oficial da base setorial,geometria/atributo oficial da base setorial registrado e auditavel,"sem o artefato, permanece review-only sem promocao",true,true,true,true,false
GPL_00119,GEO_0042,3,estimar incerteza geometrica (uncertainty_m) do candidato,uncertainty_m quantificada,uncertainty_m quantificada registrado e auditavel,"sem o artefato, permanece review-only sem promocao",true,false,false,false,false
GPL_00120,GEO_0043,1,buscar poligono oficial do evento em base ja conhecida (sem consulta agora),poligono oficial associado ao evento,poligono oficial associado ao evento registrado e auditavel,"sem o artefato, permanece review-only sem promocao",true,true,true,true,false
GPL_00121,GEO_0043,2,consultar base setorial oficial no futuro (Defesa Civil/SGB/APAC/IPPUC/CEMADEN/S2iD),geometria/atributo oficial da base setorial,geometria/atributo oficial da base setorial registrado e auditavel,"sem o artefato, permanece review-only sem promocao",true,true,true,true,false
GPL_00122,GEO_0043,3,estimar incerteza geometrica (uncertainty_m) do candidato,uncertainty_m quantificada,uncertainty_m quantificada registrado e auditavel,"sem o artefato, permanece review-only sem promocao",true,false,false,false,false
GPL_00123,GEO_0044,1,buscar poligono oficial do evento em base ja conhecida (sem consulta agora),poligono oficial associado ao evento,poligono oficial associado ao evento registrado e auditavel,"sem o artefato, permanece review-only sem promocao",true,true,true,true,false
GPL_00124,GEO_0044,2,consultar base setorial oficial no futuro (Defesa Civil/SGB/APAC/IPPUC/CEMADEN/S2iD),geometria/atributo oficial da base setorial,geometria/atributo oficial da base setorial registrado e auditavel,"sem o artefato, permanece review-only sem promocao",true,true,true,true,false
GPL_00125,GEO_0044,3,estimar incerteza geometrica (uncertainty_m) do candidato,uncertainty_m quantificada,uncertainty_m quantificada registrado e auditavel,"sem o artefato, permanece review-only sem promocao",true,false,false,false,false
GPL_00126,GEO_0045,1,buscar poligono oficial do evento em base ja conhecida (sem consulta agora),poligono oficial associado ao evento,poligono oficial associado ao evento registrado e auditavel,"sem o artefato, permanece review-only sem promocao",true,true,true,true,false
GPL_00127,GEO_0045,2,consultar base setorial oficial no futuro (Defesa Civil/SGB/APAC/IPPUC/CEMADEN/S2iD),geometria/atributo oficial da base setorial,geometria/atributo oficial da base setorial registrado e auditavel,"sem o artefato, permanece review-only sem promocao",true,true,true,true,false
GPL_00128,GEO_0045,3,estimar incerteza geometrica (uncertainty_m) do candidato,uncertainty_m quantificada,uncertainty_m quantificada registrado e auditavel,"sem o artefato, permanece review-only sem promocao",true,false,false,false,false
GPL_00129,GEO_0046,1,buscar poligono oficial do evento em base ja conhecida (sem consulta agora),poligono oficial associado ao evento,poligono oficial associado ao evento registrado e auditavel,"sem o artefato, permanece review-only sem promocao",true,true,true,true,false
GPL_00130,GEO_0046,2,consultar base setorial oficial no futuro (Defesa Civil/SGB/APAC/IPPUC/CEMADEN/S2iD),geometria/atributo oficial da base setorial,geometria/atributo oficial da base setorial registrado e auditavel,"sem o artefato, permanece review-only sem promocao",true,true,true,true,false
GPL_00131,GEO_0046,3,estimar incerteza geometrica (uncertainty_m) do candidato,uncertainty_m quantificada,uncertainty_m quantificada registrado e auditavel,"sem o artefato, permanece review-only sem promocao",true,false,false,false,false
GPL_00132,GEO_0047,1,buscar poligono oficial do evento em base ja conhecida (sem consulta agora),poligono oficial associado ao evento,poligono oficial associado ao evento registrado e auditavel,"sem o artefato, permanece review-only sem promocao",true,true,true,true,false
GPL_00133,GEO_0047,2,consultar base setorial oficial no futuro (Defesa Civil/SGB/APAC/IPPUC/CEMADEN/S2iD),geometria/atributo oficial da base setorial,geometria/atributo oficial da base setorial registrado e auditavel,"sem o artefato, permanece review-only sem promocao",true,true,true,true,false
GPL_00134,GEO_0047,3,estimar incerteza geometrica (uncertainty_m) do candidato,uncertainty_m quantificada,uncertainty_m quantificada registrado e auditavel,"sem o artefato, permanece review-only sem promocao",true,false,false,false,false
GPL_00135,GEO_0048,1,buscar poligono oficial do evento em base ja conhecida (sem consulta agora),poligono oficial associado ao evento,poligono oficial associado ao evento registrado e auditavel,"sem o artefato, permanece review-only sem promocao",true,true,true,true,false
GPL_00136,GEO_0048,2,consultar base setorial oficial no futuro (Defesa Civil/SGB/APAC/IPPUC/CEMADEN/S2iD),geometria/atributo oficial da base setorial,geometria/atributo oficial da base setorial registrado e auditavel,"sem o artefato, permanece review-only sem promocao",true,true,true,true,false
GPL_00137,GEO_0048,3,estimar incerteza geometrica (uncertainty_m) do candidato,uncertainty_m quantificada,uncertainty_m quantificada registrado e auditavel,"sem o artefato, permanece review-only sem promocao",true,false,false,false,false
GPL_00138,GEO_0049,1,buscar poligono oficial do evento em base ja conhecida (sem consulta agora),poligono oficial associado ao evento,poligono oficial associado ao evento registrado e auditavel,"sem o artefato, permanece review-only sem promocao",true,true,true,true,false
GPL_00139,GEO_0049,2,consultar base setorial oficial no futuro (Defesa Civil/SGB/APAC/IPPUC/CEMADEN/S2iD),geometria/atributo oficial da base setorial,geometria/atributo oficial da base setorial registrado e auditavel,"sem o artefato, permanece review-only sem promocao",true,true,true,true,false
GPL_00140,GEO_0049,3,estimar incerteza geometrica (uncertainty_m) do candidato,uncertainty_m quantificada,uncertainty_m quantificada registrado e auditavel,"sem o artefato, permanece review-only sem promocao",true,false,false,false,false
GPL_00141,GEO_0050,1,buscar poligono oficial do evento em base ja conhecida (sem consulta agora),poligono oficial associado ao evento,poligono oficial associado ao evento registrado e auditavel,"sem o artefato, permanece review-only sem promocao",true,true,true,true,false
GPL_00142,GEO_0050,2,consultar base setorial oficial no futuro (Defesa Civil/SGB/APAC/IPPUC/CEMADEN/S2iD),geometria/atributo oficial da base setorial,geometria/atributo oficial da base setorial registrado e auditavel,"sem o artefato, permanece review-only sem promocao",true,true,true,true,false
GPL_00143,GEO_0050,3,estimar incerteza geometrica (uncertainty_m) do candidato,uncertainty_m quantificada,uncertainty_m quantificada registrado e auditavel,"sem o artefato, permanece review-only sem promocao",true,false,false,false,false
GPL_00144,GEO_0051,1,buscar poligono oficial do evento em base ja conhecida (sem consulta agora),poligono oficial associado ao evento,poligono oficial associado ao evento registrado e auditavel,"sem o artefato, permanece review-only sem promocao",true,true,true,true,false
GPL_00145,GEO_0051,2,consultar base setorial oficial no futuro (Defesa Civil/SGB/APAC/IPPUC/CEMADEN/S2iD),geometria/atributo oficial da base setorial,geometria/atributo oficial da base setorial registrado e auditavel,"sem o artefato, permanece review-only sem promocao",true,true,true,true,false
GPL_00146,GEO_0051,3,estimar incerteza geometrica (uncertainty_m) do candidato,uncertainty_m quantificada,uncertainty_m quantificada registrado e auditavel,"sem o artefato, permanece review-only sem promocao",true,false,false,false,false
GPL_00147,GEO_0052,1,buscar poligono oficial do evento em base ja conhecida (sem consulta agora),poligono oficial associado ao evento,poligono oficial associado ao evento registrado e auditavel,"sem o artefato, permanece review-only sem promocao",true,true,true,true,false
GPL_00148,GEO_0052,2,consultar base setorial oficial no futuro (Defesa Civil/SGB/APAC/IPPUC/CEMADEN/S2iD),geometria/atributo oficial da base setorial,geometria/atributo oficial da base setorial registrado e auditavel,"sem o artefato, permanece review-only sem promocao",true,true,true,true,false
GPL_00149,GEO_0052,3,estimar incerteza geometrica (uncertainty_m) do candidato,uncertainty_m quantificada,uncertainty_m quantificada registrado e auditavel,"sem o artefato, permanece review-only sem promocao",true,false,false,false,false
GPL_00150,GEO_0053,1,buscar poligono oficial do evento em base ja conhecida (sem consulta agora),poligono oficial associado ao evento,poligono oficial associado ao evento registrado e auditavel,"sem o artefato, permanece review-only sem promocao",true,true,true,true,false
GPL_00151,GEO_0053,2,consultar base setorial oficial no futuro (Defesa Civil/SGB/APAC/IPPUC/CEMADEN/S2iD),geometria/atributo oficial da base setorial,geometria/atributo oficial da base setorial registrado e auditavel,"sem o artefato, permanece review-only sem promocao",true,true,true,true,false
GPL_00152,GEO_0053,3,estimar incerteza geometrica (uncertainty_m) do candidato,uncertainty_m quantificada,uncertainty_m quantificada registrado e auditavel,"sem o artefato, permanece review-only sem promocao",true,false,false,false,false
GPL_00153,GEO_0054,1,buscar poligono oficial do evento em base ja conhecida (sem consulta agora),poligono oficial associado ao evento,poligono oficial associado ao evento registrado e auditavel,"sem o artefato, permanece review-only sem promocao",true,true,true,true,false
GPL_00154,GEO_0054,2,consultar base setorial oficial no futuro (Defesa Civil/SGB/APAC/IPPUC/CEMADEN/S2iD),geometria/atributo oficial da base setorial,geometria/atributo oficial da base setorial registrado e auditavel,"sem o artefato, permanece review-only sem promocao",true,true,true,true,false
GPL_00155,GEO_0054,3,estimar incerteza geometrica (uncertainty_m) do candidato,uncertainty_m quantificada,uncertainty_m quantificada registrado e auditavel,"sem o artefato, permanece review-only sem promocao",true,false,false,false,false
GPL_00156,GEO_0055,1,buscar poligono oficial do evento em base ja conhecida (sem consulta agora),poligono oficial associado ao evento,poligono oficial associado ao evento registrado e auditavel,"sem o artefato, permanece review-only sem promocao",true,true,true,true,false
GPL_00157,GEO_0055,2,consultar base setorial oficial no futuro (Defesa Civil/SGB/APAC/IPPUC/CEMADEN/S2iD),geometria/atributo oficial da base setorial,geometria/atributo oficial da base setorial registrado e auditavel,"sem o artefato, permanece review-only sem promocao",true,true,true,true,false
GPL_00158,GEO_0055,3,estimar incerteza geometrica (uncertainty_m) do candidato,uncertainty_m quantificada,uncertainty_m quantificada registrado e auditavel,"sem o artefato, permanece review-only sem promocao",true,false,false,false,false
GPL_00159,GEO_0056,1,buscar poligono oficial do evento em base ja conhecida (sem consulta agora),poligono oficial associado ao evento,poligono oficial associado ao evento registrado e auditavel,"sem o artefato, permanece review-only sem promocao",true,true,true,true,false
GPL_00160,GEO_0056,2,consultar base setorial oficial no futuro (Defesa Civil/SGB/APAC/IPPUC/CEMADEN/S2iD),geometria/atributo oficial da base setorial,geometria/atributo oficial da base setorial registrado e auditavel,"sem o artefato, permanece review-only sem promocao",true,true,true,true,false
GPL_00161,GEO_0056,3,estimar incerteza geometrica (uncertainty_m) do candidato,uncertainty_m quantificada,uncertainty_m quantificada registrado e auditavel,"sem o artefato, permanece review-only sem promocao",true,false,false,false,false
GPL_00162,GEO_0057,1,buscar poligono oficial do evento em base ja conhecida (sem consulta agora),poligono oficial associado ao evento,poligono oficial associado ao evento registrado e auditavel,"sem o artefato, permanece review-only sem promocao",true,true,true,true,false
GPL_00163,GEO_0057,2,consultar base setorial oficial no futuro (Defesa Civil/SGB/APAC/IPPUC/CEMADEN/S2iD),geometria/atributo oficial da base setorial,geometria/atributo oficial da base setorial registrado e auditavel,"sem o artefato, permanece review-only sem promocao",true,true,true,true,false
GPL_00164,GEO_0057,3,estimar incerteza geometrica (uncertainty_m) do candidato,uncertainty_m quantificada,uncertainty_m quantificada registrado e auditavel,"sem o artefato, permanece review-only sem promocao",true,false,false,false,false
GPL_00165,GEO_0058,1,buscar poligono oficial do evento em base ja conhecida (sem consulta agora),poligono oficial associado ao evento,poligono oficial associado ao evento registrado e auditavel,"sem o artefato, permanece review-only sem promocao",true,true,true,true,false
GPL_00166,GEO_0058,2,consultar base setorial oficial no futuro (Defesa Civil/SGB/APAC/IPPUC/CEMADEN/S2iD),geometria/atributo oficial da base setorial,geometria/atributo oficial da base setorial registrado e auditavel,"sem o artefato, permanece review-only sem promocao",true,true,true,true,false
GPL_00167,GEO_0058,3,estimar incerteza geometrica (uncertainty_m) do candidato,uncertainty_m quantificada,uncertainty_m quantificada registrado e auditavel,"sem o artefato, permanece review-only sem promocao",true,false,false,false,false
GPL_00168,GEO_0059,1,buscar poligono oficial do evento em base ja conhecida (sem consulta agora),poligono oficial associado ao evento,poligono oficial associado ao evento registrado e auditavel,"sem o artefato, permanece review-only sem promocao",true,true,true,true,false
GPL_00169,GEO_0059,2,consultar base setorial oficial no futuro (Defesa Civil/SGB/APAC/IPPUC/CEMADEN/S2iD),geometria/atributo oficial da base setorial,geometria/atributo oficial da base setorial registrado e auditavel,"sem o artefato, permanece review-only sem promocao",true,true,true,true,false
GPL_00170,GEO_0059,3,estimar incerteza geometrica (uncertainty_m) do candidato,uncertainty_m quantificada,uncertainty_m quantificada registrado e auditavel,"sem o artefato, permanece review-only sem promocao",true,false,false,false,false
GPL_00171,GEO_0060,1,buscar poligono oficial do evento em base ja conhecida (sem consulta agora),poligono oficial associado ao evento,poligono oficial associado ao evento registrado e auditavel,"sem o artefato, permanece review-only sem promocao",true,true,true,true,false
GPL_00172,GEO_0060,2,consultar base setorial oficial no futuro (Defesa Civil/SGB/APAC/IPPUC/CEMADEN/S2iD),geometria/atributo oficial da base setorial,geometria/atributo oficial da base setorial registrado e auditavel,"sem o artefato, permanece review-only sem promocao",true,true,true,true,false
GPL_00173,GEO_0060,3,estimar incerteza geometrica (uncertainty_m) do candidato,uncertainty_m quantificada,uncertainty_m quantificada registrado e auditavel,"sem o artefato, permanece review-only sem promocao",true,false,false,false,false
GPL_00174,GEO_0061,1,buscar poligono oficial do evento em base ja conhecida (sem consulta agora),poligono oficial associado ao evento,poligono oficial associado ao evento registrado e auditavel,"sem o artefato, permanece review-only sem promocao",true,true,true,true,false
GPL_00175,GEO_0061,2,consultar base setorial oficial no futuro (Defesa Civil/SGB/APAC/IPPUC/CEMADEN/S2iD),geometria/atributo oficial da base setorial,geometria/atributo oficial da base setorial registrado e auditavel,"sem o artefato, permanece review-only sem promocao",true,true,true,true,false
GPL_00176,GEO_0061,3,estimar incerteza geometrica (uncertainty_m) do candidato,uncertainty_m quantificada,uncertainty_m quantificada registrado e auditavel,"sem o artefato, permanece review-only sem promocao",true,false,false,false,false
GPL_00177,GEO_0062,1,buscar poligono oficial do evento em base ja conhecida (sem consulta agora),poligono oficial associado ao evento,poligono oficial associado ao evento registrado e auditavel,"sem o artefato, permanece review-only sem promocao",true,true,true,true,false
GPL_00178,GEO_0062,2,consultar base setorial oficial no futuro (Defesa Civil/SGB/APAC/IPPUC/CEMADEN/S2iD),geometria/atributo oficial da base setorial,geometria/atributo oficial da base setorial registrado e auditavel,"sem o artefato, permanece review-only sem promocao",true,true,true,true,false
GPL_00179,GEO_0062,3,estimar incerteza geometrica (uncertainty_m) do candidato,uncertainty_m quantificada,uncertainty_m quantificada registrado e auditavel,"sem o artefato, permanece review-only sem promocao",true,false,false,false,false
GPL_00180,GEO_0063,1,buscar poligono oficial do evento em base ja conhecida (sem consulta agora),poligono oficial associado ao evento,poligono oficial associado ao evento registrado e auditavel,"sem o artefato, permanece review-only sem promocao",true,true,true,true,false
GPL_00181,GEO_0063,2,consultar base setorial oficial no futuro (Defesa Civil/SGB/APAC/IPPUC/CEMADEN/S2iD),geometria/atributo oficial da base setorial,geometria/atributo oficial da base setorial registrado e auditavel,"sem o artefato, permanece review-only sem promocao",true,true,true,true,false
GPL_00182,GEO_0063,3,estimar incerteza geometrica (uncertainty_m) do candidato,uncertainty_m quantificada,uncertainty_m quantificada registrado e auditavel,"sem o artefato, permanece review-only sem promocao",true,false,false,false,false
GPL_00183,GEO_0064,1,buscar poligono oficial do evento em base ja conhecida (sem consulta agora),poligono oficial associado ao evento,poligono oficial associado ao evento registrado e auditavel,"sem o artefato, permanece review-only sem promocao",true,true,true,true,false
GPL_00184,GEO_0064,2,consultar base setorial oficial no futuro (Defesa Civil/SGB/APAC/IPPUC/CEMADEN/S2iD),geometria/atributo oficial da base setorial,geometria/atributo oficial da base setorial registrado e auditavel,"sem o artefato, permanece review-only sem promocao",true,true,true,true,false
GPL_00185,GEO_0064,3,estimar incerteza geometrica (uncertainty_m) do candidato,uncertainty_m quantificada,uncertainty_m quantificada registrado e auditavel,"sem o artefato, permanece review-only sem promocao",true,false,false,false,false
GPL_00186,GEO_0065,1,buscar poligono oficial do evento em base ja conhecida (sem consulta agora),poligono oficial associado ao evento,poligono oficial associado ao evento registrado e auditavel,"sem o artefato, permanece review-only sem promocao",true,true,true,true,false
GPL_00187,GEO_0065,2,consultar base setorial oficial no futuro (Defesa Civil/SGB/APAC/IPPUC/CEMADEN/S2iD),geometria/atributo oficial da base setorial,geometria/atributo oficial da base setorial registrado e auditavel,"sem o artefato, permanece review-only sem promocao",true,true,true,true,false
GPL_00188,GEO_0065,3,estimar incerteza geometrica (uncertainty_m) do candidato,uncertainty_m quantificada,uncertainty_m quantificada registrado e auditavel,"sem o artefato, permanece review-only sem promocao",true,false,false,false,false
GPL_00189,GEO_0066,1,buscar poligono oficial do evento em base ja conhecida (sem consulta agora),poligono oficial associado ao evento,poligono oficial associado ao evento registrado e auditavel,"sem o artefato, permanece review-only sem promocao",true,true,true,true,false
GPL_00190,GEO_0066,2,consultar base setorial oficial no futuro (Defesa Civil/SGB/APAC/IPPUC/CEMADEN/S2iD),geometria/atributo oficial da base setorial,geometria/atributo oficial da base setorial registrado e auditavel,"sem o artefato, permanece review-only sem promocao",true,true,true,true,false
GPL_00191,GEO_0066,3,estimar incerteza geometrica (uncertainty_m) do candidato,uncertainty_m quantificada,uncertainty_m quantificada registrado e auditavel,"sem o artefato, permanece review-only sem promocao",true,false,false,false,false
GPL_00192,GEO_0067,1,buscar poligono oficial do evento em base ja conhecida (sem consulta agora),poligono oficial associado ao evento,poligono oficial associado ao evento registrado e auditavel,"sem o artefato, permanece review-only sem promocao",true,true,true,true,false
GPL_00193,GEO_0067,2,consultar base setorial oficial no futuro (Defesa Civil/SGB/APAC/IPPUC/CEMADEN/S2iD),geometria/atributo oficial da base setorial,geometria/atributo oficial da base setorial registrado e auditavel,"sem o artefato, permanece review-only sem promocao",true,true,true,true,false
GPL_00194,GEO_0067,3,estimar incerteza geometrica (uncertainty_m) do candidato,uncertainty_m quantificada,uncertainty_m quantificada registrado e auditavel,"sem o artefato, permanece review-only sem promocao",true,false,false,false,false
GPL_00195,GEO_0068,1,buscar poligono oficial do evento em base ja conhecida (sem consulta agora),poligono oficial associado ao evento,poligono oficial associado ao evento registrado e auditavel,"sem o artefato, permanece review-only sem promocao",true,true,true,true,false
GPL_00196,GEO_0068,2,consultar base setorial oficial no futuro (Defesa Civil/SGB/APAC/IPPUC/CEMADEN/S2iD),geometria/atributo oficial da base setorial,geometria/atributo oficial da base setorial registrado e auditavel,"sem o artefato, permanece review-only sem promocao",true,true,true,true,false
GPL_00197,GEO_0068,3,estimar incerteza geometrica (uncertainty_m) do candidato,uncertainty_m quantificada,uncertainty_m quantificada registrado e auditavel,"sem o artefato, permanece review-only sem promocao",true,false,false,false,false
GPL_00198,GEO_0068,4,validar/fortalecer o vinculo entre geometria e patch REV-P,patch_link_quality forte auditavel,patch_link_quality forte auditavel registrado e auditavel,"sem o artefato, permanece review-only sem promocao",true,false,false,false,false
GPL_00199,GEO_0069,1,buscar poligono oficial do evento em base ja conhecida (sem consulta agora),poligono oficial associado ao evento,poligono oficial associado ao evento registrado e auditavel,"sem o artefato, permanece review-only sem promocao",true,true,true,true,false
GPL_00200,GEO_0069,2,consultar base setorial oficial no futuro (Defesa Civil/SGB/APAC/IPPUC/CEMADEN/S2iD),geometria/atributo oficial da base setorial,geometria/atributo oficial da base setorial registrado e auditavel,"sem o artefato, permanece review-only sem promocao",true,true,true,true,false
GPL_00201,GEO_0069,3,estimar incerteza geometrica (uncertainty_m) do candidato,uncertainty_m quantificada,uncertainty_m quantificada registrado e auditavel,"sem o artefato, permanece review-only sem promocao",true,false,false,false,false
GPL_00202,GEO_0070,1,buscar poligono oficial do evento em base ja conhecida (sem consulta agora),poligono oficial associado ao evento,poligono oficial associado ao evento registrado e auditavel,"sem o artefato, permanece review-only sem promocao",true,true,true,true,false
GPL_00203,GEO_0070,2,consultar base setorial oficial no futuro (Defesa Civil/SGB/APAC/IPPUC/CEMADEN/S2iD),geometria/atributo oficial da base setorial,geometria/atributo oficial da base setorial registrado e auditavel,"sem o artefato, permanece review-only sem promocao",true,true,true,true,false
GPL_00204,GEO_0070,3,estimar incerteza geometrica (uncertainty_m) do candidato,uncertainty_m quantificada,uncertainty_m quantificada registrado e auditavel,"sem o artefato, permanece review-only sem promocao",true,false,false,false,false
GPL_00205,GEO_0071,1,buscar poligono oficial do evento em base ja conhecida (sem consulta agora),poligono oficial associado ao evento,poligono oficial associado ao evento registrado e auditavel,"sem o artefato, permanece review-only sem promocao",true,true,true,true,false
GPL_00206,GEO_0071,2,consultar base setorial oficial no futuro (Defesa Civil/SGB/APAC/IPPUC/CEMADEN/S2iD),geometria/atributo oficial da base setorial,geometria/atributo oficial da base setorial registrado e auditavel,"sem o artefato, permanece review-only sem promocao",true,true,true,true,false
GPL_00207,GEO_0071,3,estimar incerteza geometrica (uncertainty_m) do candidato,uncertainty_m quantificada,uncertainty_m quantificada registrado e auditavel,"sem o artefato, permanece review-only sem promocao",true,false,false,false,false
GPL_00208,GEO_0072,1,buscar poligono oficial do evento em base ja conhecida (sem consulta agora),poligono oficial associado ao evento,poligono oficial associado ao evento registrado e auditavel,"sem o artefato, permanece review-only sem promocao",true,true,true,true,false
GPL_00209,GEO_0072,2,consultar base setorial oficial no futuro (Defesa Civil/SGB/APAC/IPPUC/CEMADEN/S2iD),geometria/atributo oficial da base setorial,geometria/atributo oficial da base setorial registrado e auditavel,"sem o artefato, permanece review-only sem promocao",true,true,true,true,false
GPL_00210,GEO_0072,3,estimar incerteza geometrica (uncertainty_m) do candidato,uncertainty_m quantificada,uncertainty_m quantificada registrado e auditavel,"sem o artefato, permanece review-only sem promocao",true,false,false,false,false
GPL_00211,GEO_0073,1,buscar poligono oficial do evento em base ja conhecida (sem consulta agora),poligono oficial associado ao evento,poligono oficial associado ao evento registrado e auditavel,"sem o artefato, permanece review-only sem promocao",true,true,true,true,false
GPL_00212,GEO_0073,2,consultar base setorial oficial no futuro (Defesa Civil/SGB/APAC/IPPUC/CEMADEN/S2iD),geometria/atributo oficial da base setorial,geometria/atributo oficial da base setorial registrado e auditavel,"sem o artefato, permanece review-only sem promocao",true,true,true,true,false
GPL_00213,GEO_0073,3,estimar incerteza geometrica (uncertainty_m) do candidato,uncertainty_m quantificada,uncertainty_m quantificada registrado e auditavel,"sem o artefato, permanece review-only sem promocao",true,false,false,false,false
GPL_00214,GEO_0073,4,validar/fortalecer o vinculo entre geometria e patch REV-P,patch_link_quality forte auditavel,patch_link_quality forte auditavel registrado e auditavel,"sem o artefato, permanece review-only sem promocao",true,false,false,false,false
GPL_00215,GEO_0074,1,buscar poligono oficial do evento em base ja conhecida (sem consulta agora),poligono oficial associado ao evento,poligono oficial associado ao evento registrado e auditavel,"sem o artefato, permanece review-only sem promocao",true,true,true,true,false
GPL_00216,GEO_0074,2,consultar base setorial oficial no futuro (Defesa Civil/SGB/APAC/IPPUC/CEMADEN/S2iD),geometria/atributo oficial da base setorial,geometria/atributo oficial da base setorial registrado e auditavel,"sem o artefato, permanece review-only sem promocao",true,true,true,true,false
GPL_00217,GEO_0074,3,estimar incerteza geometrica (uncertainty_m) do candidato,uncertainty_m quantificada,uncertainty_m quantificada registrado e auditavel,"sem o artefato, permanece review-only sem promocao",true,false,false,false,false
GPL_00218,GEO_0074,4,validar/fortalecer o vinculo entre geometria e patch REV-P,patch_link_quality forte auditavel,patch_link_quality forte auditavel registrado e auditavel,"sem o artefato, permanece review-only sem promocao",true,false,false,false,false
GPL_00219,GEO_0075,1,buscar poligono oficial do evento em base ja conhecida (sem consulta agora),poligono oficial associado ao evento,poligono oficial associado ao evento registrado e auditavel,"sem o artefato, permanece review-only sem promocao",true,true,true,true,false
GPL_00220,GEO_0075,2,consultar base setorial oficial no futuro (Defesa Civil/SGB/APAC/IPPUC/CEMADEN/S2iD),geometria/atributo oficial da base setorial,geometria/atributo oficial da base setorial registrado e auditavel,"sem o artefato, permanece review-only sem promocao",true,true,true,true,false
GPL_00221,GEO_0075,3,estimar incerteza geometrica (uncertainty_m) do candidato,uncertainty_m quantificada,uncertainty_m quantificada registrado e auditavel,"sem o artefato, permanece review-only sem promocao",true,false,false,false,false
GPL_00222,GEO_0075,4,validar/fortalecer o vinculo entre geometria e patch REV-P,patch_link_quality forte auditavel,patch_link_quality forte auditavel registrado e auditavel,"sem o artefato, permanece review-only sem promocao",true,false,false,false,false
GPL_00223,GEO_0076,1,manter como contexto/bloqueado; sem aquisicao geometrica neste marco,nenhum artefato de aquisicao neste marco,registro preservado como contexto auditavel,"permanece review-only, sem promocao e sem treino",true,false,false,false,false
GPL_00224,GEO_0077,1,manter como contexto/bloqueado; sem aquisicao geometrica neste marco,nenhum artefato de aquisicao neste marco,registro preservado como contexto auditavel,"permanece review-only, sem promocao e sem treino",true,false,false,false,false
GPL_00225,GEO_0078,1,manter como contexto/bloqueado; sem aquisicao geometrica neste marco,nenhum artefato de aquisicao neste marco,registro preservado como contexto auditavel,"permanece review-only, sem promocao e sem treino",true,false,false,false,false
GPL_00226,GEO_0079,1,manter como contexto/bloqueado; sem aquisicao geometrica neste marco,nenhum artefato de aquisicao neste marco,registro preservado como contexto auditavel,"permanece review-only, sem promocao e sem treino",true,false,false,false,false
GPL_00227,GEO_0080,1,manter como contexto/bloqueado; sem aquisicao geometrica neste marco,nenhum artefato de aquisicao neste marco,registro preservado como contexto auditavel,"permanece review-only, sem promocao e sem treino",true,false,false,false,false
GPL_00228,GEO_0081,1,manter como contexto/bloqueado; sem aquisicao geometrica neste marco,nenhum artefato de aquisicao neste marco,registro preservado como contexto auditavel,"permanece review-only, sem promocao e sem treino",true,false,false,false,false
GPL_00229,GEO_0082,1,manter como contexto/bloqueado; sem aquisicao geometrica neste marco,nenhum artefato de aquisicao neste marco,registro preservado como contexto auditavel,"permanece review-only, sem promocao e sem treino",true,false,false,false,false
GPL_00230,GEO_0083,1,manter como contexto/bloqueado; sem aquisicao geometrica neste marco,nenhum artefato de aquisicao neste marco,registro preservado como contexto auditavel,"permanece review-only, sem promocao e sem treino",true,false,false,false,false
GPL_00231,GEO_0084,1,manter como contexto/bloqueado; sem aquisicao geometrica neste marco,nenhum artefato de aquisicao neste marco,registro preservado como contexto auditavel,"permanece review-only, sem promocao e sem treino",true,false,false,false,false
GPL_00232,GEO_0085,1,manter como contexto/bloqueado; sem aquisicao geometrica neste marco,nenhum artefato de aquisicao neste marco,registro preservado como contexto auditavel,"permanece review-only, sem promocao e sem treino",true,false,false,false,false
GPL_00233,GEO_0086,1,manter como contexto/bloqueado; sem aquisicao geometrica neste marco,nenhum artefato de aquisicao neste marco,registro preservado como contexto auditavel,"permanece review-only, sem promocao e sem treino",true,false,false,false,false
GPL_00234,GEO_0087,1,manter como contexto/bloqueado; sem aquisicao geometrica neste marco,nenhum artefato de aquisicao neste marco,registro preservado como contexto auditavel,"permanece review-only, sem promocao e sem treino",true,false,false,false,false
GPL_00235,GEO_0088,1,manter como contexto/bloqueado; sem aquisicao geometrica neste marco,nenhum artefato de aquisicao neste marco,registro preservado como contexto auditavel,"permanece review-only, sem promocao e sem treino",true,false,false,false,false
GPL_00236,GEO_0089,1,manter como contexto/bloqueado; sem aquisicao geometrica neste marco,nenhum artefato de aquisicao neste marco,registro preservado como contexto auditavel,"permanece review-only, sem promocao e sem treino",true,false,false,false,false
GPL_00237,GEO_0090,1,manter como contexto/bloqueado; sem aquisicao geometrica neste marco,nenhum artefato de aquisicao neste marco,registro preservado como contexto auditavel,"permanece review-only, sem promocao e sem treino",true,false,false,false,false
GPL_00238,GEO_0091,1,manter como contexto/bloqueado; sem aquisicao geometrica neste marco,nenhum artefato de aquisicao neste marco,registro preservado como contexto auditavel,"permanece review-only, sem promocao e sem treino",true,false,false,false,false
GPL_00239,GEO_0092,1,manter como contexto/bloqueado; sem aquisicao geometrica neste marco,nenhum artefato de aquisicao neste marco,registro preservado como contexto auditavel,"permanece review-only, sem promocao e sem treino",true,false,false,false,false
GPL_00240,GEO_0093,1,buscar poligono oficial do evento em base ja conhecida (sem consulta agora),poligono oficial associado ao evento,poligono oficial associado ao evento registrado e auditavel,"sem o artefato, permanece review-only sem promocao",true,true,true,true,false
GPL_00241,GEO_0093,2,consultar base setorial oficial no futuro (Defesa Civil/SGB/APAC/IPPUC/CEMADEN/S2iD),geometria/atributo oficial da base setorial,geometria/atributo oficial da base setorial registrado e auditavel,"sem o artefato, permanece review-only sem promocao",true,true,true,true,false
GPL_00242,GEO_0093,3,preparar alvo de footprint tecnico SAR para execucao futura (sem rodar SAR),especificacao de footprint SAR,especificacao de footprint SAR registrado e auditavel,"sem o artefato, permanece review-only sem promocao",true,true,false,false,true
GPL_00243,GEO_0093,4,estimar incerteza geometrica (uncertainty_m) do candidato,uncertainty_m quantificada,uncertainty_m quantificada registrado e auditavel,"sem o artefato, permanece review-only sem promocao",true,false,false,false,false
GPL_00244,GEO_0094,1,manter como contexto/bloqueado; sem aquisicao geometrica neste marco,nenhum artefato de aquisicao neste marco,registro preservado como contexto auditavel,"permanece review-only, sem promocao e sem treino",true,false,false,false,false
GPL_00245,GEO_0095,1,manter como contexto/bloqueado; sem aquisicao geometrica neste marco,nenhum artefato de aquisicao neste marco,registro preservado como contexto auditavel,"permanece review-only, sem promocao e sem treino",true,false,false,false,false
GPL_00246,GEO_0096,1,manter como contexto/bloqueado; sem aquisicao geometrica neste marco,nenhum artefato de aquisicao neste marco,registro preservado como contexto auditavel,"permanece review-only, sem promocao e sem treino",true,false,false,false,false
GPL_00247,GEO_0097,1,manter como contexto/bloqueado; sem aquisicao geometrica neste marco,nenhum artefato de aquisicao neste marco,registro preservado como contexto auditavel,"permanece review-only, sem promocao e sem treino",true,false,false,false,false
GPL_00248,GEO_0098,1,manter como contexto/bloqueado; sem aquisicao geometrica neste marco,nenhum artefato de aquisicao neste marco,registro preservado como contexto auditavel,"permanece review-only, sem promocao e sem treino",true,false,false,false,false
GPL_00249,GEO_0099,1,manter como contexto/bloqueado; sem aquisicao geometrica neste marco,nenhum artefato de aquisicao neste marco,registro preservado como contexto auditavel,"permanece review-only, sem promocao e sem treino",true,false,false,false,false
GPL_00250,GEO_0100,1,manter como contexto/bloqueado; sem aquisicao geometrica neste marco,nenhum artefato de aquisicao neste marco,registro preservado como contexto auditavel,"permanece review-only, sem promocao e sem treino",true,false,false,false,false
GPL_00251,GEO_0101,1,manter como contexto/bloqueado; sem aquisicao geometrica neste marco,nenhum artefato de aquisicao neste marco,registro preservado como contexto auditavel,"permanece review-only, sem promocao e sem treino",true,false,false,false,false
GPL_00252,GEO_0102,1,manter como contexto/bloqueado; sem aquisicao geometrica neste marco,nenhum artefato de aquisicao neste marco,registro preservado como contexto auditavel,"permanece review-only, sem promocao e sem treino",true,false,false,false,false
GPL_00253,GEO_0103,1,manter como contexto/bloqueado; sem aquisicao geometrica neste marco,nenhum artefato de aquisicao neste marco,registro preservado como contexto auditavel,"permanece review-only, sem promocao e sem treino",true,false,false,false,false
GPL_00254,GEO_0104,1,manter como contexto/bloqueado; sem aquisicao geometrica neste marco,nenhum artefato de aquisicao neste marco,registro preservado como contexto auditavel,"permanece review-only, sem promocao e sem treino",true,false,false,false,false
GPL_00255,GEO_0105,1,manter como contexto/bloqueado; sem aquisicao geometrica neste marco,nenhum artefato de aquisicao neste marco,registro preservado como contexto auditavel,"permanece review-only, sem promocao e sem treino",true,false,false,false,false
GPL_00256,GEO_0106,1,manter como contexto/bloqueado; sem aquisicao geometrica neste marco,nenhum artefato de aquisicao neste marco,registro preservado como contexto auditavel,"permanece review-only, sem promocao e sem treino",true,false,false,false,false
GPL_00257,GEO_0107,1,manter como contexto/bloqueado; sem aquisicao geometrica neste marco,nenhum artefato de aquisicao neste marco,registro preservado como contexto auditavel,"permanece review-only, sem promocao e sem treino",true,false,false,false,false
GPL_00258,GEO_0108,1,manter como contexto/bloqueado; sem aquisicao geometrica neste marco,nenhum artefato de aquisicao neste marco,registro preservado como contexto auditavel,"permanece review-only, sem promocao e sem treino",true,false,false,false,false
GPL_00259,GEO_0109,1,manter como contexto/bloqueado; sem aquisicao geometrica neste marco,nenhum artefato de aquisicao neste marco,registro preservado como contexto auditavel,"permanece review-only, sem promocao e sem treino",true,false,false,false,false
GPL_00260,GEO_0110,1,manter como contexto/bloqueado; sem aquisicao geometrica neste marco,nenhum artefato de aquisicao neste marco,registro preservado como contexto auditavel,"permanece review-only, sem promocao e sem treino",true,false,false,false,false
GPL_00261,GEO_0111,1,manter como contexto/bloqueado; sem aquisicao geometrica neste marco,nenhum artefato de aquisicao neste marco,registro preservado como contexto auditavel,"permanece review-only, sem promocao e sem treino",true,false,false,false,false
GPL_00262,GEO_0112,1,manter como contexto/bloqueado; sem aquisicao geometrica neste marco,nenhum artefato de aquisicao neste marco,registro preservado como contexto auditavel,"permanece review-only, sem promocao e sem treino",true,false,false,false,false
GPL_00263,GEO_0113,1,manter como contexto/bloqueado; sem aquisicao geometrica neste marco,nenhum artefato de aquisicao neste marco,registro preservado como contexto auditavel,"permanece review-only, sem promocao e sem treino",true,false,false,false,false
GPL_00264,GEO_0114,1,manter como contexto/bloqueado; sem aquisicao geometrica neste marco,nenhum artefato de aquisicao neste marco,registro preservado como contexto auditavel,"permanece review-only, sem promocao e sem treino",true,false,false,false,false
GPL_00265,GEO_0115,1,manter como contexto/bloqueado; sem aquisicao geometrica neste marco,nenhum artefato de aquisicao neste marco,registro preservado como contexto auditavel,"permanece review-only, sem promocao e sem treino",true,false,false,false,false
GPL_00266,GEO_0116,1,manter como contexto/bloqueado; sem aquisicao geometrica neste marco,nenhum artefato de aquisicao neste marco,registro preservado como contexto auditavel,"permanece review-only, sem promocao e sem treino",true,false,false,false,false
GPL_00267,GEO_0117,1,manter como contexto/bloqueado; sem aquisicao geometrica neste marco,nenhum artefato de aquisicao neste marco,registro preservado como contexto auditavel,"permanece review-only, sem promocao e sem treino",true,false,false,false,false
GPL_00268,GEO_0118,1,manter como contexto/bloqueado; sem aquisicao geometrica neste marco,nenhum artefato de aquisicao neste marco,registro preservado como contexto auditavel,"permanece review-only, sem promocao e sem treino",true,false,false,false,false
GPL_00269,GEO_0119,1,manter como contexto/bloqueado; sem aquisicao geometrica neste marco,nenhum artefato de aquisicao neste marco,registro preservado como contexto auditavel,"permanece review-only, sem promocao e sem treino",true,false,false,false,false
GPL_00270,GEO_0120,1,manter como contexto/bloqueado; sem aquisicao geometrica neste marco,nenhum artefato de aquisicao neste marco,registro preservado como contexto auditavel,"permanece review-only, sem promocao e sem treino",true,false,false,false,false
GPL_00271,GEO_0121,1,manter como contexto/bloqueado; sem aquisicao geometrica neste marco,nenhum artefato de aquisicao neste marco,registro preservado como contexto auditavel,"permanece review-only, sem promocao e sem treino",true,false,false,false,false
GPL_00272,GEO_0122,1,manter como contexto/bloqueado; sem aquisicao geometrica neste marco,nenhum artefato de aquisicao neste marco,registro preservado como contexto auditavel,"permanece review-only, sem promocao e sem treino",true,false,false,false,false
GPL_00273,GEO_0123,1,manter como contexto/bloqueado; sem aquisicao geometrica neste marco,nenhum artefato de aquisicao neste marco,registro preservado como contexto auditavel,"permanece review-only, sem promocao e sem treino",true,false,false,false,false
GPL_00274,GEO_0124,1,manter como contexto/bloqueado; sem aquisicao geometrica neste marco,nenhum artefato de aquisicao neste marco,registro preservado como contexto auditavel,"permanece review-only, sem promocao e sem treino",true,false,false,false,false
GPL_00275,GEO_0125,1,manter como contexto/bloqueado; sem aquisicao geometrica neste marco,nenhum artefato de aquisicao neste marco,registro preservado como contexto auditavel,"permanece review-only, sem promocao e sem treino",true,false,false,false,false
GPL_00276,GEO_0126,1,manter como contexto/bloqueado; sem aquisicao geometrica neste marco,nenhum artefato de aquisicao neste marco,registro preservado como contexto auditavel,"permanece review-only, sem promocao e sem treino",true,false,false,false,false
GPL_00277,GEO_0127,1,manter como contexto/bloqueado; sem aquisicao geometrica neste marco,nenhum artefato de aquisicao neste marco,registro preservado como contexto auditavel,"permanece review-only, sem promocao e sem treino",true,false,false,false,false
GPL_00278,GEO_0128,1,manter como contexto/bloqueado; sem aquisicao geometrica neste marco,nenhum artefato de aquisicao neste marco,registro preservado como contexto auditavel,"permanece review-only, sem promocao e sem treino",true,false,false,false,false
GPL_00279,GEO_0129,1,manter como contexto/bloqueado; sem aquisicao geometrica neste marco,nenhum artefato de aquisicao neste marco,registro preservado como contexto auditavel,"permanece review-only, sem promocao e sem treino",true,false,false,false,false
GPL_00280,GEO_0130,1,manter como contexto/bloqueado; sem aquisicao geometrica neste marco,nenhum artefato de aquisicao neste marco,registro preservado como contexto auditavel,"permanece review-only, sem promocao e sem treino",true,false,false,false,false
GPL_00281,GEO_0131,1,manter como contexto/bloqueado; sem aquisicao geometrica neste marco,nenhum artefato de aquisicao neste marco,registro preservado como contexto auditavel,"permanece review-only, sem promocao e sem treino",true,false,false,false,false
GPL_00282,GEO_0132,1,manter como contexto/bloqueado; sem aquisicao geometrica neste marco,nenhum artefato de aquisicao neste marco,registro preservado como contexto auditavel,"permanece review-only, sem promocao e sem treino",true,false,false,false,false
GPL_00283,GEO_0133,1,manter como contexto/bloqueado; sem aquisicao geometrica neste marco,nenhum artefato de aquisicao neste marco,registro preservado como contexto auditavel,"permanece review-only, sem promocao e sem treino",true,false,false,false,false
GPL_00284,GEO_0134,1,manter como contexto/bloqueado; sem aquisicao geometrica neste marco,nenhum artefato de aquisicao neste marco,registro preservado como contexto auditavel,"permanece review-only, sem promocao e sem treino",true,false,false,false,false
GPL_00285,GEO_0135,1,manter como contexto/bloqueado; sem aquisicao geometrica neste marco,nenhum artefato de aquisicao neste marco,registro preservado como contexto auditavel,"permanece review-only, sem promocao e sem treino",true,false,false,false,false
GPL_00286,GEO_0136,1,manter como contexto/bloqueado; sem aquisicao geometrica neste marco,nenhum artefato de aquisicao neste marco,registro preservado como contexto auditavel,"permanece review-only, sem promocao e sem treino",true,false,false,false,false
GPL_00287,GEO_0137,1,manter como contexto/bloqueado; sem aquisicao geometrica neste marco,nenhum artefato de aquisicao neste marco,registro preservado como contexto auditavel,"permanece review-only, sem promocao e sem treino",true,false,false,false,false
GPL_00288,GEO_0138,1,manter como contexto/bloqueado; sem aquisicao geometrica neste marco,nenhum artefato de aquisicao neste marco,registro preservado como contexto auditavel,"permanece review-only, sem promocao e sem treino",true,false,false,false,false
GPL_00289,GEO_0139,1,manter como contexto/bloqueado; sem aquisicao geometrica neste marco,nenhum artefato de aquisicao neste marco,registro preservado como contexto auditavel,"permanece review-only, sem promocao e sem treino",true,false,false,false,false
GPL_00290,GEO_0140,1,manter como contexto/bloqueado; sem aquisicao geometrica neste marco,nenhum artefato de aquisicao neste marco,registro preservado como contexto auditavel,"permanece review-only, sem promocao e sem treino",true,false,false,false,false
GPL_00291,GEO_0141,1,manter como contexto/bloqueado; sem aquisicao geometrica neste marco,nenhum artefato de aquisicao neste marco,registro preservado como contexto auditavel,"permanece review-only, sem promocao e sem treino",true,false,false,false,false
GPL_00292,GEO_0142,1,manter como contexto/bloqueado; sem aquisicao geometrica neste marco,nenhum artefato de aquisicao neste marco,registro preservado como contexto auditavel,"permanece review-only, sem promocao e sem treino",true,false,false,false,false
GPL_00293,GEO_0143,1,manter como contexto/bloqueado; sem aquisicao geometrica neste marco,nenhum artefato de aquisicao neste marco,registro preservado como contexto auditavel,"permanece review-only, sem promocao e sem treino",true,false,false,false,false
GPL_00294,GEO_0144,1,manter como contexto/bloqueado; sem aquisicao geometrica neste marco,nenhum artefato de aquisicao neste marco,registro preservado como contexto auditavel,"permanece review-only, sem promocao e sem treino",true,false,false,false,false
GPL_00295,GEO_0145,1,manter como contexto/bloqueado; sem aquisicao geometrica neste marco,nenhum artefato de aquisicao neste marco,registro preservado como contexto auditavel,"permanece review-only, sem promocao e sem treino",true,false,false,false,false
GPL_00296,GEO_0146,1,manter como contexto/bloqueado; sem aquisicao geometrica neste marco,nenhum artefato de aquisicao neste marco,registro preservado como contexto auditavel,"permanece review-only, sem promocao e sem treino",true,false,false,false,false
GPL_00297,GEO_0147,1,manter como contexto/bloqueado; sem aquisicao geometrica neste marco,nenhum artefato de aquisicao neste marco,registro preservado como contexto auditavel,"permanece review-only, sem promocao e sem treino",true,false,false,false,false
GPL_00298,GEO_0148,1,manter como contexto/bloqueado; sem aquisicao geometrica neste marco,nenhum artefato de aquisicao neste marco,registro preservado como contexto auditavel,"permanece review-only, sem promocao e sem treino",true,false,false,false,false
GPL_00299,GEO_0149,1,manter como contexto/bloqueado; sem aquisicao geometrica neste marco,nenhum artefato de aquisicao neste marco,registro preservado como contexto auditavel,"permanece review-only, sem promocao e sem treino",true,false,false,false,false
GPL_00300,GEO_0150,1,manter como contexto/bloqueado; sem aquisicao geometrica neste marco,nenhum artefato de aquisicao neste marco,registro preservado como contexto auditavel,"permanece review-only, sem promocao e sem treino",true,false,false,false,false
GPL_00301,GEO_0151,1,manter como contexto/bloqueado; sem aquisicao geometrica neste marco,nenhum artefato de aquisicao neste marco,registro preservado como contexto auditavel,"permanece review-only, sem promocao e sem treino",true,false,false,false,false
GPL_00302,GEO_0152,1,manter como contexto/bloqueado; sem aquisicao geometrica neste marco,nenhum artefato de aquisicao neste marco,registro preservado como contexto auditavel,"permanece review-only, sem promocao e sem treino",true,false,false,false,false
GPL_00303,GEO_0153,1,manter como contexto/bloqueado; sem aquisicao geometrica neste marco,nenhum artefato de aquisicao neste marco,registro preservado como contexto auditavel,"permanece review-only, sem promocao e sem treino",true,false,false,false,false
GPL_00304,GEO_0154,1,manter como contexto/bloqueado; sem aquisicao geometrica neste marco,nenhum artefato de aquisicao neste marco,registro preservado como contexto auditavel,"permanece review-only, sem promocao e sem treino",true,false,false,false,false
GPL_00305,GEO_0155,1,manter como contexto/bloqueado; sem aquisicao geometrica neste marco,nenhum artefato de aquisicao neste marco,registro preservado como contexto auditavel,"permanece review-only, sem promocao e sem treino",true,false,false,false,false
GPL_00306,GEO_0156,1,manter como contexto/bloqueado; sem aquisicao geometrica neste marco,nenhum artefato de aquisicao neste marco,registro preservado como contexto auditavel,"permanece review-only, sem promocao e sem treino",true,false,false,false,false
GPL_00307,GEO_0157,1,manter como contexto/bloqueado; sem aquisicao geometrica neste marco,nenhum artefato de aquisicao neste marco,registro preservado como contexto auditavel,"permanece review-only, sem promocao e sem treino",true,false,false,false,false
GPL_00308,GEO_0158,1,manter como contexto/bloqueado; sem aquisicao geometrica neste marco,nenhum artefato de aquisicao neste marco,registro preservado como contexto auditavel,"permanece review-only, sem promocao e sem treino",true,false,false,false,false
GPL_00309,GEO_0159,1,manter como contexto/bloqueado; sem aquisicao geometrica neste marco,nenhum artefato de aquisicao neste marco,registro preservado como contexto auditavel,"permanece review-only, sem promocao e sem treino",true,false,false,false,false
GPL_00310,GEO_0160,1,manter como contexto/bloqueado; sem aquisicao geometrica neste marco,nenhum artefato de aquisicao neste marco,registro preservado como contexto auditavel,"permanece review-only, sem promocao e sem treino",true,false,false,false,false
GPL_00311,GEO_0161,1,manter como contexto/bloqueado; sem aquisicao geometrica neste marco,nenhum artefato de aquisicao neste marco,registro preservado como contexto auditavel,"permanece review-only, sem promocao e sem treino",true,false,false,false,false
GPL_00312,GEO_0162,1,manter como contexto/bloqueado; sem aquisicao geometrica neste marco,nenhum artefato de aquisicao neste marco,registro preservado como contexto auditavel,"permanece review-only, sem promocao e sem treino",true,false,false,false,false
GPL_00313,GEO_0163,1,manter como contexto/bloqueado; sem aquisicao geometrica neste marco,nenhum artefato de aquisicao neste marco,registro preservado como contexto auditavel,"permanece review-only, sem promocao e sem treino",true,false,false,false,false
GPL_00314,GEO_0164,1,manter como contexto/bloqueado; sem aquisicao geometrica neste marco,nenhum artefato de aquisicao neste marco,registro preservado como contexto auditavel,"permanece review-only, sem promocao e sem treino",true,false,false,false,false
GPL_00315,GEO_0165,1,manter como contexto/bloqueado; sem aquisicao geometrica neste marco,nenhum artefato de aquisicao neste marco,registro preservado como contexto auditavel,"permanece review-only, sem promocao e sem treino",true,false,false,false,false
GPL_00316,GEO_0166,1,manter como contexto/bloqueado; sem aquisicao geometrica neste marco,nenhum artefato de aquisicao neste marco,registro preservado como contexto auditavel,"permanece review-only, sem promocao e sem treino",true,false,false,false,false
GPL_00317,GEO_0167,1,manter como contexto/bloqueado; sem aquisicao geometrica neste marco,nenhum artefato de aquisicao neste marco,registro preservado como contexto auditavel,"permanece review-only, sem promocao e sem treino",true,false,false,false,false
GPL_00318,GEO_0168,1,manter como contexto/bloqueado; sem aquisicao geometrica neste marco,nenhum artefato de aquisicao neste marco,registro preservado como contexto auditavel,"permanece review-only, sem promocao e sem treino",true,false,false,false,false
GPL_00319,GEO_0169,1,manter como contexto/bloqueado; sem aquisicao geometrica neste marco,nenhum artefato de aquisicao neste marco,registro preservado como contexto auditavel,"permanece review-only, sem promocao e sem treino",true,false,false,false,false
GPL_00320,GEO_0170,1,manter como contexto/bloqueado; sem aquisicao geometrica neste marco,nenhum artefato de aquisicao neste marco,registro preservado como contexto auditavel,"permanece review-only, sem promocao e sem treino",true,false,false,false,false
GPL_00321,GEO_0171,1,manter como contexto/bloqueado; sem aquisicao geometrica neste marco,nenhum artefato de aquisicao neste marco,registro preservado como contexto auditavel,"permanece review-only, sem promocao e sem treino",true,false,false,false,false
GPL_00322,GEO_0172,1,manter como contexto/bloqueado; sem aquisicao geometrica neste marco,nenhum artefato de aquisicao neste marco,registro preservado como contexto auditavel,"permanece review-only, sem promocao e sem treino",true,false,false,false,false
GPL_00323,GEO_0173,1,manter como contexto/bloqueado; sem aquisicao geometrica neste marco,nenhum artefato de aquisicao neste marco,registro preservado como contexto auditavel,"permanece review-only, sem promocao e sem treino",true,false,false,false,false
GPL_00324,GEO_0174,1,manter como contexto/bloqueado; sem aquisicao geometrica neste marco,nenhum artefato de aquisicao neste marco,registro preservado como contexto auditavel,"permanece review-only, sem promocao e sem treino",true,false,false,false,false
GPL_00325,GEO_0175,1,manter como contexto/bloqueado; sem aquisicao geometrica neste marco,nenhum artefato de aquisicao neste marco,registro preservado como contexto auditavel,"permanece review-only, sem promocao e sem treino",true,false,false,false,false
GPL_00326,GEO_0176,1,manter como contexto/bloqueado; sem aquisicao geometrica neste marco,nenhum artefato de aquisicao neste marco,registro preservado como contexto auditavel,"permanece review-only, sem promocao e sem treino",true,false,false,false,false
GPL_00327,GEO_0177,1,manter como contexto/bloqueado; sem aquisicao geometrica neste marco,nenhum artefato de aquisicao neste marco,registro preservado como contexto auditavel,"permanece review-only, sem promocao e sem treino",true,false,false,false,false
GPL_00328,GEO_0178,1,manter como contexto/bloqueado; sem aquisicao geometrica neste marco,nenhum artefato de aquisicao neste marco,registro preservado como contexto auditavel,"permanece review-only, sem promocao e sem treino",true,false,false,false,false
GPL_00329,GEO_0179,1,manter como contexto/bloqueado; sem aquisicao geometrica neste marco,nenhum artefato de aquisicao neste marco,registro preservado como contexto auditavel,"permanece review-only, sem promocao e sem treino",true,false,false,false,false
GPL_00330,GEO_0180,1,manter como contexto/bloqueado; sem aquisicao geometrica neste marco,nenhum artefato de aquisicao neste marco,registro preservado como contexto auditavel,"permanece review-only, sem promocao e sem treino",true,false,false,false,false
GPL_00331,GEO_0181,1,manter como contexto/bloqueado; sem aquisicao geometrica neste marco,nenhum artefato de aquisicao neste marco,registro preservado como contexto auditavel,"permanece review-only, sem promocao e sem treino",true,false,false,false,false
GPL_00332,GEO_0182,1,manter como contexto/bloqueado; sem aquisicao geometrica neste marco,nenhum artefato de aquisicao neste marco,registro preservado como contexto auditavel,"permanece review-only, sem promocao e sem treino",true,false,false,false,false
GPL_00333,GEO_0183,1,manter como contexto/bloqueado; sem aquisicao geometrica neste marco,nenhum artefato de aquisicao neste marco,registro preservado como contexto auditavel,"permanece review-only, sem promocao e sem treino",true,false,false,false,false
GPL_00334,GEO_0184,1,manter como contexto/bloqueado; sem aquisicao geometrica neste marco,nenhum artefato de aquisicao neste marco,registro preservado como contexto auditavel,"permanece review-only, sem promocao e sem treino",true,false,false,false,false
GPL_00335,GEO_0185,1,manter como contexto/bloqueado; sem aquisicao geometrica neste marco,nenhum artefato de aquisicao neste marco,registro preservado como contexto auditavel,"permanece review-only, sem promocao e sem treino",true,false,false,false,false
GPL_00336,GEO_0186,1,manter como contexto/bloqueado; sem aquisicao geometrica neste marco,nenhum artefato de aquisicao neste marco,registro preservado como contexto auditavel,"permanece review-only, sem promocao e sem treino",true,false,false,false,false
GPL_00337,GEO_0187,1,manter como contexto/bloqueado; sem aquisicao geometrica neste marco,nenhum artefato de aquisicao neste marco,registro preservado como contexto auditavel,"permanece review-only, sem promocao e sem treino",true,false,false,false,false
GPL_00338,GEO_0188,1,manter como contexto/bloqueado; sem aquisicao geometrica neste marco,nenhum artefato de aquisicao neste marco,registro preservado como contexto auditavel,"permanece review-only, sem promocao e sem treino",true,false,false,false,false
GPL_00339,GEO_0189,1,manter como contexto/bloqueado; sem aquisicao geometrica neste marco,nenhum artefato de aquisicao neste marco,registro preservado como contexto auditavel,"permanece review-only, sem promocao e sem treino",true,false,false,false,false
GPL_00340,GEO_0190,1,manter como contexto/bloqueado; sem aquisicao geometrica neste marco,nenhum artefato de aquisicao neste marco,registro preservado como contexto auditavel,"permanece review-only, sem promocao e sem treino",true,false,false,false,false
GPL_00341,GEO_0191,1,manter como contexto/bloqueado; sem aquisicao geometrica neste marco,nenhum artefato de aquisicao neste marco,registro preservado como contexto auditavel,"permanece review-only, sem promocao e sem treino",true,false,false,false,false
GPL_00342,GEO_0192,1,manter como contexto/bloqueado; sem aquisicao geometrica neste marco,nenhum artefato de aquisicao neste marco,registro preservado como contexto auditavel,"permanece review-only, sem promocao e sem treino",true,false,false,false,false
GPL_00343,GEO_0193,1,manter como contexto/bloqueado; sem aquisicao geometrica neste marco,nenhum artefato de aquisicao neste marco,registro preservado como contexto auditavel,"permanece review-only, sem promocao e sem treino",true,false,false,false,false
GPL_00344,GEO_0194,1,manter como contexto/bloqueado; sem aquisicao geometrica neste marco,nenhum artefato de aquisicao neste marco,registro preservado como contexto auditavel,"permanece review-only, sem promocao e sem treino",true,false,false,false,false
GPL_00345,GEO_0195,1,manter como contexto/bloqueado; sem aquisicao geometrica neste marco,nenhum artefato de aquisicao neste marco,registro preservado como contexto auditavel,"permanece review-only, sem promocao e sem treino",true,false,false,false,false
GPL_00346,GEO_0196,1,manter como contexto/bloqueado; sem aquisicao geometrica neste marco,nenhum artefato de aquisicao neste marco,registro preservado como contexto auditavel,"permanece review-only, sem promocao e sem treino",true,false,false,false,false
GPL_00347,GEO_0197,1,manter como contexto/bloqueado; sem aquisicao geometrica neste marco,nenhum artefato de aquisicao neste marco,registro preservado como contexto auditavel,"permanece review-only, sem promocao e sem treino",true,false,false,false,false
GPL_00348,GEO_0198,1,manter como contexto/bloqueado; sem aquisicao geometrica neste marco,nenhum artefato de aquisicao neste marco,registro preservado como contexto auditavel,"permanece review-only, sem promocao e sem treino",true,false,false,false,false
GPL_00349,GEO_0199,1,manter como contexto/bloqueado; sem aquisicao geometrica neste marco,nenhum artefato de aquisicao neste marco,registro preservado como contexto auditavel,"permanece review-only, sem promocao e sem treino",true,false,false,false,false
GPL_00350,GEO_0200,1,manter como contexto/bloqueado; sem aquisicao geometrica neste marco,nenhum artefato de aquisicao neste marco,registro preservado como contexto auditavel,"permanece review-only, sem promocao e sem treino",true,false,false,false,false
GPL_00351,GEO_0201,1,manter como contexto/bloqueado; sem aquisicao geometrica neste marco,nenhum artefato de aquisicao neste marco,registro preservado como contexto auditavel,"permanece review-only, sem promocao e sem treino",true,false,false,false,false
GPL_00352,GEO_0202,1,manter como contexto/bloqueado; sem aquisicao geometrica neste marco,nenhum artefato de aquisicao neste marco,registro preservado como contexto auditavel,"permanece review-only, sem promocao e sem treino",true,false,false,false,false
GPL_00353,GEO_0203,1,manter como contexto/bloqueado; sem aquisicao geometrica neste marco,nenhum artefato de aquisicao neste marco,registro preservado como contexto auditavel,"permanece review-only, sem promocao e sem treino",true,false,false,false,false
GPL_00354,GEO_0204,1,manter como contexto/bloqueado; sem aquisicao geometrica neste marco,nenhum artefato de aquisicao neste marco,registro preservado como contexto auditavel,"permanece review-only, sem promocao e sem treino",true,false,false,false,false
GPL_00355,GEO_0205,1,manter como contexto/bloqueado; sem aquisicao geometrica neste marco,nenhum artefato de aquisicao neste marco,registro preservado como contexto auditavel,"permanece review-only, sem promocao e sem treino",true,false,false,false,false
GPL_00356,GEO_0206,1,manter como contexto/bloqueado; sem aquisicao geometrica neste marco,nenhum artefato de aquisicao neste marco,registro preservado como contexto auditavel,"permanece review-only, sem promocao e sem treino",true,false,false,false,false
GPL_00357,GEO_0207,1,manter como contexto/bloqueado; sem aquisicao geometrica neste marco,nenhum artefato de aquisicao neste marco,registro preservado como contexto auditavel,"permanece review-only, sem promocao e sem treino",true,false,false,false,false
GPL_00358,GEO_0208,1,manter como contexto/bloqueado; sem aquisicao geometrica neste marco,nenhum artefato de aquisicao neste marco,registro preservado como contexto auditavel,"permanece review-only, sem promocao e sem treino",true,false,false,false,false
GPL_00359,GEO_0209,1,manter como contexto/bloqueado; sem aquisicao geometrica neste marco,nenhum artefato de aquisicao neste marco,registro preservado como contexto auditavel,"permanece review-only, sem promocao e sem treino",true,false,false,false,false
GPL_00360,GEO_0210,1,manter como contexto/bloqueado; sem aquisicao geometrica neste marco,nenhum artefato de aquisicao neste marco,registro preservado como contexto auditavel,"permanece review-only, sem promocao e sem treino",true,false,false,false,false
GPL_00361,GEO_0211,1,manter como contexto/bloqueado; sem aquisicao geometrica neste marco,nenhum artefato de aquisicao neste marco,registro preservado como contexto auditavel,"permanece review-only, sem promocao e sem treino",true,false,false,false,false
GPL_00362,GEO_0212,1,manter como contexto/bloqueado; sem aquisicao geometrica neste marco,nenhum artefato de aquisicao neste marco,registro preservado como contexto auditavel,"permanece review-only, sem promocao e sem treino",true,false,false,false,false
GPL_00363,GEO_0213,1,manter como contexto/bloqueado; sem aquisicao geometrica neste marco,nenhum artefato de aquisicao neste marco,registro preservado como contexto auditavel,"permanece review-only, sem promocao e sem treino",true,false,false,false,false
GPL_00364,GEO_0214,1,manter como contexto/bloqueado; sem aquisicao geometrica neste marco,nenhum artefato de aquisicao neste marco,registro preservado como contexto auditavel,"permanece review-only, sem promocao e sem treino",true,false,false,false,false
GPL_00365,GEO_0215,1,manter como contexto/bloqueado; sem aquisicao geometrica neste marco,nenhum artefato de aquisicao neste marco,registro preservado como contexto auditavel,"permanece review-only, sem promocao e sem treino",true,false,false,false,false
GPL_00366,GEO_0216,1,manter como contexto/bloqueado; sem aquisicao geometrica neste marco,nenhum artefato de aquisicao neste marco,registro preservado como contexto auditavel,"permanece review-only, sem promocao e sem treino",true,false,false,false,false
GPL_00367,GEO_0217,1,manter como contexto/bloqueado; sem aquisicao geometrica neste marco,nenhum artefato de aquisicao neste marco,registro preservado como contexto auditavel,"permanece review-only, sem promocao e sem treino",true,false,false,false,false
GPL_00368,GEO_0218,1,manter como contexto/bloqueado; sem aquisicao geometrica neste marco,nenhum artefato de aquisicao neste marco,registro preservado como contexto auditavel,"permanece review-only, sem promocao e sem treino",true,false,false,false,false
GPL_00369,GEO_0219,1,manter como contexto/bloqueado; sem aquisicao geometrica neste marco,nenhum artefato de aquisicao neste marco,registro preservado como contexto auditavel,"permanece review-only, sem promocao e sem treino",true,false,false,false,false
GPL_00370,GEO_0220,1,manter como contexto/bloqueado; sem aquisicao geometrica neste marco,nenhum artefato de aquisicao neste marco,registro preservado como contexto auditavel,"permanece review-only, sem promocao e sem treino",true,false,false,false,false
GPL_00371,GEO_0221,1,manter como contexto/bloqueado; sem aquisicao geometrica neste marco,nenhum artefato de aquisicao neste marco,registro preservado como contexto auditavel,"permanece review-only, sem promocao e sem treino",true,false,false,false,false
GPL_00372,GEO_0222,1,manter como contexto/bloqueado; sem aquisicao geometrica neste marco,nenhum artefato de aquisicao neste marco,registro preservado como contexto auditavel,"permanece review-only, sem promocao e sem treino",true,false,false,false,false
GPL_00373,GEO_0223,1,manter como contexto/bloqueado; sem aquisicao geometrica neste marco,nenhum artefato de aquisicao neste marco,registro preservado como contexto auditavel,"permanece review-only, sem promocao e sem treino",true,false,false,false,false
GPL_00374,GEO_0224,1,manter como contexto/bloqueado; sem aquisicao geometrica neste marco,nenhum artefato de aquisicao neste marco,registro preservado como contexto auditavel,"permanece review-only, sem promocao e sem treino",true,false,false,false,false
GPL_00375,GEO_0225,1,manter como contexto/bloqueado; sem aquisicao geometrica neste marco,nenhum artefato de aquisicao neste marco,registro preservado como contexto auditavel,"permanece review-only, sem promocao e sem treino",true,false,false,false,false
GPL_00376,GEO_0226,1,manter como contexto/bloqueado; sem aquisicao geometrica neste marco,nenhum artefato de aquisicao neste marco,registro preservado como contexto auditavel,"permanece review-only, sem promocao e sem treino",true,false,false,false,false
GPL_00377,GEO_0227,1,manter como contexto/bloqueado; sem aquisicao geometrica neste marco,nenhum artefato de aquisicao neste marco,registro preservado como contexto auditavel,"permanece review-only, sem promocao e sem treino",true,false,false,false,false
GPL_00378,GEO_0228,1,manter como contexto/bloqueado; sem aquisicao geometrica neste marco,nenhum artefato de aquisicao neste marco,registro preservado como contexto auditavel,"permanece review-only, sem promocao e sem treino",true,false,false,false,false
GPL_00379,GEO_0229,1,manter como contexto/bloqueado; sem aquisicao geometrica neste marco,nenhum artefato de aquisicao neste marco,registro preservado como contexto auditavel,"permanece review-only, sem promocao e sem treino",true,false,false,false,false
GPL_00380,GEO_0230,1,manter como contexto/bloqueado; sem aquisicao geometrica neste marco,nenhum artefato de aquisicao neste marco,registro preservado como contexto auditavel,"permanece review-only, sem promocao e sem treino",true,false,false,false,false
GPL_00381,GEO_0231,1,manter como contexto/bloqueado; sem aquisicao geometrica neste marco,nenhum artefato de aquisicao neste marco,registro preservado como contexto auditavel,"permanece review-only, sem promocao e sem treino",true,false,false,false,false
GPL_00382,GEO_0232,1,manter como contexto/bloqueado; sem aquisicao geometrica neste marco,nenhum artefato de aquisicao neste marco,registro preservado como contexto auditavel,"permanece review-only, sem promocao e sem treino",true,false,false,false,false
GPL_00383,GEO_0233,1,manter como contexto/bloqueado; sem aquisicao geometrica neste marco,nenhum artefato de aquisicao neste marco,registro preservado como contexto auditavel,"permanece review-only, sem promocao e sem treino",true,false,false,false,false
GPL_00384,GEO_0234,1,manter como contexto/bloqueado; sem aquisicao geometrica neste marco,nenhum artefato de aquisicao neste marco,registro preservado como contexto auditavel,"permanece review-only, sem promocao e sem treino",true,false,false,false,false
GPL_00385,GEO_0235,1,manter como contexto/bloqueado; sem aquisicao geometrica neste marco,nenhum artefato de aquisicao neste marco,registro preservado como contexto auditavel,"permanece review-only, sem promocao e sem treino",true,false,false,false,false
GPL_00386,GEO_0236,1,manter como contexto/bloqueado; sem aquisicao geometrica neste marco,nenhum artefato de aquisicao neste marco,registro preservado como contexto auditavel,"permanece review-only, sem promocao e sem treino",true,false,false,false,false
GPL_00387,GEO_0237,1,manter como contexto/bloqueado; sem aquisicao geometrica neste marco,nenhum artefato de aquisicao neste marco,registro preservado como contexto auditavel,"permanece review-only, sem promocao e sem treino",true,false,false,false,false
GPL_00388,GEO_0238,1,manter como contexto/bloqueado; sem aquisicao geometrica neste marco,nenhum artefato de aquisicao neste marco,registro preservado como contexto auditavel,"permanece review-only, sem promocao e sem treino",true,false,false,false,false
GPL_00389,GEO_0239,1,manter como contexto/bloqueado; sem aquisicao geometrica neste marco,nenhum artefato de aquisicao neste marco,registro preservado como contexto auditavel,"permanece review-only, sem promocao e sem treino",true,false,false,false,false
GPL_00390,GEO_0240,1,manter como contexto/bloqueado; sem aquisicao geometrica neste marco,nenhum artefato de aquisicao neste marco,registro preservado como contexto auditavel,"permanece review-only, sem promocao e sem treino",true,false,false,false,false
GPL_00391,GEO_0241,1,manter como contexto/bloqueado; sem aquisicao geometrica neste marco,nenhum artefato de aquisicao neste marco,registro preservado como contexto auditavel,"permanece review-only, sem promocao e sem treino",true,false,false,false,false
GPL_00392,GEO_0242,1,manter como contexto/bloqueado; sem aquisicao geometrica neste marco,nenhum artefato de aquisicao neste marco,registro preservado como contexto auditavel,"permanece review-only, sem promocao e sem treino",true,false,false,false,false
GPL_00393,GEO_0243,1,manter como contexto/bloqueado; sem aquisicao geometrica neste marco,nenhum artefato de aquisicao neste marco,registro preservado como contexto auditavel,"permanece review-only, sem promocao e sem treino",true,false,false,false,false
GPL_00394,GEO_0244,1,manter como contexto/bloqueado; sem aquisicao geometrica neste marco,nenhum artefato de aquisicao neste marco,registro preservado como contexto auditavel,"permanece review-only, sem promocao e sem treino",true,false,false,false,false
GPL_00395,GEO_0245,1,manter como contexto/bloqueado; sem aquisicao geometrica neste marco,nenhum artefato de aquisicao neste marco,registro preservado como contexto auditavel,"permanece review-only, sem promocao e sem treino",true,false,false,false,false
GPL_00396,GEO_0246,1,manter como contexto/bloqueado; sem aquisicao geometrica neste marco,nenhum artefato de aquisicao neste marco,registro preservado como contexto auditavel,"permanece review-only, sem promocao e sem treino",true,false,false,false,false
GPL_00397,GEO_0247,1,manter como contexto/bloqueado; sem aquisicao geometrica neste marco,nenhum artefato de aquisicao neste marco,registro preservado como contexto auditavel,"permanece review-only, sem promocao e sem treino",true,false,false,false,false
GPL_00398,GEO_0248,1,manter como contexto/bloqueado; sem aquisicao geometrica neste marco,nenhum artefato de aquisicao neste marco,registro preservado como contexto auditavel,"permanece review-only, sem promocao e sem treino",true,false,false,false,false
GPL_00399,GEO_0249,1,manter como contexto/bloqueado; sem aquisicao geometrica neste marco,nenhum artefato de aquisicao neste marco,registro preservado como contexto auditavel,"permanece review-only, sem promocao e sem treino",true,false,false,false,false
GPL_00400,GEO_0250,1,manter como contexto/bloqueado; sem aquisicao geometrica neste marco,nenhum artefato de aquisicao neste marco,registro preservado como contexto auditavel,"permanece review-only, sem promocao e sem treino",true,false,false,false,false
GPL_00401,GEO_0251,1,manter como contexto/bloqueado; sem aquisicao geometrica neste marco,nenhum artefato de aquisicao neste marco,registro preservado como contexto auditavel,"permanece review-only, sem promocao e sem treino",true,false,false,false,false
GPL_00402,GEO_0252,1,manter como contexto/bloqueado; sem aquisicao geometrica neste marco,nenhum artefato de aquisicao neste marco,registro preservado como contexto auditavel,"permanece review-only, sem promocao e sem treino",true,false,false,false,false
GPL_00403,GEO_0253,1,manter como contexto/bloqueado; sem aquisicao geometrica neste marco,nenhum artefato de aquisicao neste marco,registro preservado como contexto auditavel,"permanece review-only, sem promocao e sem treino",true,false,false,false,false
GPL_00404,GEO_0254,1,manter como contexto/bloqueado; sem aquisicao geometrica neste marco,nenhum artefato de aquisicao neste marco,registro preservado como contexto auditavel,"permanece review-only, sem promocao e sem treino",true,false,false,false,false
GPL_00405,GEO_0255,1,manter como contexto/bloqueado; sem aquisicao geometrica neste marco,nenhum artefato de aquisicao neste marco,registro preservado como contexto auditavel,"permanece review-only, sem promocao e sem treino",true,false,false,false,false
GPL_00406,GEO_0256,1,manter como contexto/bloqueado; sem aquisicao geometrica neste marco,nenhum artefato de aquisicao neste marco,registro preservado como contexto auditavel,"permanece review-only, sem promocao e sem treino",true,false,false,false,false
GPL_00407,GEO_0257,1,manter como contexto/bloqueado; sem aquisicao geometrica neste marco,nenhum artefato de aquisicao neste marco,registro preservado como contexto auditavel,"permanece review-only, sem promocao e sem treino",true,false,false,false,false
GPL_00408,GEO_0258,1,manter como contexto/bloqueado; sem aquisicao geometrica neste marco,nenhum artefato de aquisicao neste marco,registro preservado como contexto auditavel,"permanece review-only, sem promocao e sem treino",true,false,false,false,false
GPL_00409,GEO_0259,1,manter como contexto/bloqueado; sem aquisicao geometrica neste marco,nenhum artefato de aquisicao neste marco,registro preservado como contexto auditavel,"permanece review-only, sem promocao e sem treino",true,false,false,false,false
GPL_00410,GEO_0260,1,manter como contexto/bloqueado; sem aquisicao geometrica neste marco,nenhum artefato de aquisicao neste marco,registro preservado como contexto auditavel,"permanece review-only, sem promocao e sem treino",true,false,false,false,false
GPL_00411,GEO_0261,1,manter como contexto/bloqueado; sem aquisicao geometrica neste marco,nenhum artefato de aquisicao neste marco,registro preservado como contexto auditavel,"permanece review-only, sem promocao e sem treino",true,false,false,false,false
GPL_00412,GEO_0262,1,manter como contexto/bloqueado; sem aquisicao geometrica neste marco,nenhum artefato de aquisicao neste marco,registro preservado como contexto auditavel,"permanece review-only, sem promocao e sem treino",true,false,false,false,false
GPL_00413,GEO_0263,1,manter como contexto/bloqueado; sem aquisicao geometrica neste marco,nenhum artefato de aquisicao neste marco,registro preservado como contexto auditavel,"permanece review-only, sem promocao e sem treino",true,false,false,false,false
GPL_00414,GEO_0264,1,manter como contexto/bloqueado; sem aquisicao geometrica neste marco,nenhum artefato de aquisicao neste marco,registro preservado como contexto auditavel,"permanece review-only, sem promocao e sem treino",true,false,false,false,false
GPL_00415,GEO_0265,1,manter como contexto/bloqueado; sem aquisicao geometrica neste marco,nenhum artefato de aquisicao neste marco,registro preservado como contexto auditavel,"permanece review-only, sem promocao e sem treino",true,false,false,false,false
GPL_00416,GEO_0266,1,manter como contexto/bloqueado; sem aquisicao geometrica neste marco,nenhum artefato de aquisicao neste marco,registro preservado como contexto auditavel,"permanece review-only, sem promocao e sem treino",true,false,false,false,false
GPL_00417,GEO_0267,1,manter como contexto/bloqueado; sem aquisicao geometrica neste marco,nenhum artefato de aquisicao neste marco,registro preservado como contexto auditavel,"permanece review-only, sem promocao e sem treino",true,false,false,false,false
GPL_00418,GEO_0268,1,manter como contexto/bloqueado; sem aquisicao geometrica neste marco,nenhum artefato de aquisicao neste marco,registro preservado como contexto auditavel,"permanece review-only, sem promocao e sem treino",true,false,false,false,false
GPL_00419,GEO_0269,1,manter como contexto/bloqueado; sem aquisicao geometrica neste marco,nenhum artefato de aquisicao neste marco,registro preservado como contexto auditavel,"permanece review-only, sem promocao e sem treino",true,false,false,false,false
GPL_00420,GEO_0270,1,manter como contexto/bloqueado; sem aquisicao geometrica neste marco,nenhum artefato de aquisicao neste marco,registro preservado como contexto auditavel,"permanece review-only, sem promocao e sem treino",true,false,false,false,false
GPL_00421,GEO_0271,1,manter como contexto/bloqueado; sem aquisicao geometrica neste marco,nenhum artefato de aquisicao neste marco,registro preservado como contexto auditavel,"permanece review-only, sem promocao e sem treino",true,false,false,false,false
GPL_00422,GEO_0272,1,manter como contexto/bloqueado; sem aquisicao geometrica neste marco,nenhum artefato de aquisicao neste marco,registro preservado como contexto auditavel,"permanece review-only, sem promocao e sem treino",true,false,false,false,false
GPL_00423,GEO_0273,1,manter como contexto/bloqueado; sem aquisicao geometrica neste marco,nenhum artefato de aquisicao neste marco,registro preservado como contexto auditavel,"permanece review-only, sem promocao e sem treino",true,false,false,false,false
GPL_00424,GEO_0274,1,manter como contexto/bloqueado; sem aquisicao geometrica neste marco,nenhum artefato de aquisicao neste marco,registro preservado como contexto auditavel,"permanece review-only, sem promocao e sem treino",true,false,false,false,false
GPL_00425,GEO_0275,1,manter como contexto/bloqueado; sem aquisicao geometrica neste marco,nenhum artefato de aquisicao neste marco,registro preservado como contexto auditavel,"permanece review-only, sem promocao e sem treino",true,false,false,false,false
GPL_00426,GEO_0276,1,manter como contexto/bloqueado; sem aquisicao geometrica neste marco,nenhum artefato de aquisicao neste marco,registro preservado como contexto auditavel,"permanece review-only, sem promocao e sem treino",true,false,false,false,false
GPL_00427,GEO_0277,1,manter como contexto/bloqueado; sem aquisicao geometrica neste marco,nenhum artefato de aquisicao neste marco,registro preservado como contexto auditavel,"permanece review-only, sem promocao e sem treino",true,false,false,false,false
GPL_00428,GEO_0278,1,manter como contexto/bloqueado; sem aquisicao geometrica neste marco,nenhum artefato de aquisicao neste marco,registro preservado como contexto auditavel,"permanece review-only, sem promocao e sem treino",true,false,false,false,false
GPL_00429,GEO_0279,1,manter como contexto/bloqueado; sem aquisicao geometrica neste marco,nenhum artefato de aquisicao neste marco,registro preservado como contexto auditavel,"permanece review-only, sem promocao e sem treino",true,false,false,false,false
GPL_00430,GEO_0280,1,manter como contexto/bloqueado; sem aquisicao geometrica neste marco,nenhum artefato de aquisicao neste marco,registro preservado como contexto auditavel,"permanece review-only, sem promocao e sem treino",true,false,false,false,false
GPL_00431,GEO_0281,1,manter como contexto/bloqueado; sem aquisicao geometrica neste marco,nenhum artefato de aquisicao neste marco,registro preservado como contexto auditavel,"permanece review-only, sem promocao e sem treino",true,false,false,false,false
GPL_00432,GEO_0282,1,manter como contexto/bloqueado; sem aquisicao geometrica neste marco,nenhum artefato de aquisicao neste marco,registro preservado como contexto auditavel,"permanece review-only, sem promocao e sem treino",true,false,false,false,false
GPL_00433,GEO_0283,1,manter como contexto/bloqueado; sem aquisicao geometrica neste marco,nenhum artefato de aquisicao neste marco,registro preservado como contexto auditavel,"permanece review-only, sem promocao e sem treino",true,false,false,false,false
GPL_00434,GEO_0284,1,manter como contexto/bloqueado; sem aquisicao geometrica neste marco,nenhum artefato de aquisicao neste marco,registro preservado como contexto auditavel,"permanece review-only, sem promocao e sem treino",true,false,false,false,false
GPL_00435,GEO_0285,1,manter como contexto/bloqueado; sem aquisicao geometrica neste marco,nenhum artefato de aquisicao neste marco,registro preservado como contexto auditavel,"permanece review-only, sem promocao e sem treino",true,false,false,false,false
GPL_00436,GEO_0286,1,manter como contexto/bloqueado; sem aquisicao geometrica neste marco,nenhum artefato de aquisicao neste marco,registro preservado como contexto auditavel,"permanece review-only, sem promocao e sem treino",true,false,false,false,false
GPL_00437,GEO_0287,1,manter como contexto/bloqueado; sem aquisicao geometrica neste marco,nenhum artefato de aquisicao neste marco,registro preservado como contexto auditavel,"permanece review-only, sem promocao e sem treino",true,false,false,false,false
GPL_00438,GEO_0288,1,manter como contexto/bloqueado; sem aquisicao geometrica neste marco,nenhum artefato de aquisicao neste marco,registro preservado como contexto auditavel,"permanece review-only, sem promocao e sem treino",true,false,false,false,false
GPL_00439,GEO_0289,1,manter como contexto/bloqueado; sem aquisicao geometrica neste marco,nenhum artefato de aquisicao neste marco,registro preservado como contexto auditavel,"permanece review-only, sem promocao e sem treino",true,false,false,false,false
GPL_00440,GEO_0290,1,manter como contexto/bloqueado; sem aquisicao geometrica neste marco,nenhum artefato de aquisicao neste marco,registro preservado como contexto auditavel,"permanece review-only, sem promocao e sem treino",true,false,false,false,false
GPL_00441,GEO_0291,1,manter como contexto/bloqueado; sem aquisicao geometrica neste marco,nenhum artefato de aquisicao neste marco,registro preservado como contexto auditavel,"permanece review-only, sem promocao e sem treino",true,false,false,false,false
GPL_00442,GEO_0292,1,manter como contexto/bloqueado; sem aquisicao geometrica neste marco,nenhum artefato de aquisicao neste marco,registro preservado como contexto auditavel,"permanece review-only, sem promocao e sem treino",true,false,false,false,false
GPL_00443,GEO_0293,1,manter como contexto/bloqueado; sem aquisicao geometrica neste marco,nenhum artefato de aquisicao neste marco,registro preservado como contexto auditavel,"permanece review-only, sem promocao e sem treino",true,false,false,false,false
GPL_00444,GEO_0294,1,manter como contexto/bloqueado; sem aquisicao geometrica neste marco,nenhum artefato de aquisicao neste marco,registro preservado como contexto auditavel,"permanece review-only, sem promocao e sem treino",true,false,false,false,false
GPL_00445,GEO_0295,1,manter como contexto/bloqueado; sem aquisicao geometrica neste marco,nenhum artefato de aquisicao neste marco,registro preservado como contexto auditavel,"permanece review-only, sem promocao e sem treino",true,false,false,false,false
GPL_00446,GEO_0296,1,manter como contexto/bloqueado; sem aquisicao geometrica neste marco,nenhum artefato de aquisicao neste marco,registro preservado como contexto auditavel,"permanece review-only, sem promocao e sem treino",true,false,false,false,false
GPL_00447,GEO_0297,1,manter como contexto/bloqueado; sem aquisicao geometrica neste marco,nenhum artefato de aquisicao neste marco,registro preservado como contexto auditavel,"permanece review-only, sem promocao e sem treino",true,false,false,false,false
GPL_00448,GEO_0298,1,manter como contexto/bloqueado; sem aquisicao geometrica neste marco,nenhum artefato de aquisicao neste marco,registro preservado como contexto auditavel,"permanece review-only, sem promocao e sem treino",true,false,false,false,false
GPL_00449,GEO_0299,1,manter como contexto/bloqueado; sem aquisicao geometrica neste marco,nenhum artefato de aquisicao neste marco,registro preservado como contexto auditavel,"permanece review-only, sem promocao e sem treino",true,false,false,false,false
GPL_00450,GEO_0300,1,manter como contexto/bloqueado; sem aquisicao geometrica neste marco,nenhum artefato de aquisicao neste marco,registro preservado como contexto auditavel,"permanece review-only, sem promocao e sem treino",true,false,false,false,false
GPL_00451,GEO_0301,1,manter como contexto/bloqueado; sem aquisicao geometrica neste marco,nenhum artefato de aquisicao neste marco,registro preservado como contexto auditavel,"permanece review-only, sem promocao e sem treino",true,false,false,false,false
GPL_00452,GEO_0302,1,manter como contexto/bloqueado; sem aquisicao geometrica neste marco,nenhum artefato de aquisicao neste marco,registro preservado como contexto auditavel,"permanece review-only, sem promocao e sem treino",true,false,false,false,false
GPL_00453,GEO_0303,1,manter como contexto/bloqueado; sem aquisicao geometrica neste marco,nenhum artefato de aquisicao neste marco,registro preservado como contexto auditavel,"permanece review-only, sem promocao e sem treino",true,false,false,false,false
GPL_00454,GEO_0304,1,manter como contexto/bloqueado; sem aquisicao geometrica neste marco,nenhum artefato de aquisicao neste marco,registro preservado como contexto auditavel,"permanece review-only, sem promocao e sem treino",true,false,false,false,false
GPL_00455,GEO_0305,1,manter como contexto/bloqueado; sem aquisicao geometrica neste marco,nenhum artefato de aquisicao neste marco,registro preservado como contexto auditavel,"permanece review-only, sem promocao e sem treino",true,false,false,false,false
GPL_00456,GEO_0306,1,manter como contexto/bloqueado; sem aquisicao geometrica neste marco,nenhum artefato de aquisicao neste marco,registro preservado como contexto auditavel,"permanece review-only, sem promocao e sem treino",true,false,false,false,false
GPL_00457,GEO_0307,1,manter como contexto/bloqueado; sem aquisicao geometrica neste marco,nenhum artefato de aquisicao neste marco,registro preservado como contexto auditavel,"permanece review-only, sem promocao e sem treino",true,false,false,false,false
GPL_00458,GEO_0308,1,manter como contexto/bloqueado; sem aquisicao geometrica neste marco,nenhum artefato de aquisicao neste marco,registro preservado como contexto auditavel,"permanece review-only, sem promocao e sem treino",true,false,false,false,false
GPL_00459,GEO_0309,1,manter como contexto/bloqueado; sem aquisicao geometrica neste marco,nenhum artefato de aquisicao neste marco,registro preservado como contexto auditavel,"permanece review-only, sem promocao e sem treino",true,false,false,false,false
GPL_00460,GEO_0310,1,manter como contexto/bloqueado; sem aquisicao geometrica neste marco,nenhum artefato de aquisicao neste marco,registro preservado como contexto auditavel,"permanece review-only, sem promocao e sem treino",true,false,false,false,false
GPL_00461,GEO_0311,1,manter como contexto/bloqueado; sem aquisicao geometrica neste marco,nenhum artefato de aquisicao neste marco,registro preservado como contexto auditavel,"permanece review-only, sem promocao e sem treino",true,false,false,false,false
GPL_00462,GEO_0312,1,manter como contexto/bloqueado; sem aquisicao geometrica neste marco,nenhum artefato de aquisicao neste marco,registro preservado como contexto auditavel,"permanece review-only, sem promocao e sem treino",true,false,false,false,false
GPL_00463,GEO_0313,1,manter como contexto/bloqueado; sem aquisicao geometrica neste marco,nenhum artefato de aquisicao neste marco,registro preservado como contexto auditavel,"permanece review-only, sem promocao e sem treino",true,false,false,false,false
GPL_00464,GEO_0314,1,manter como contexto/bloqueado; sem aquisicao geometrica neste marco,nenhum artefato de aquisicao neste marco,registro preservado como contexto auditavel,"permanece review-only, sem promocao e sem treino",true,false,false,false,false
GPL_00465,GEO_0315,1,manter como contexto/bloqueado; sem aquisicao geometrica neste marco,nenhum artefato de aquisicao neste marco,registro preservado como contexto auditavel,"permanece review-only, sem promocao e sem treino",true,false,false,false,false
GPL_00466,GEO_0316,1,manter como contexto/bloqueado; sem aquisicao geometrica neste marco,nenhum artefato de aquisicao neste marco,registro preservado como contexto auditavel,"permanece review-only, sem promocao e sem treino",true,false,false,false,false
GPL_00467,GEO_0317,1,manter como contexto/bloqueado; sem aquisicao geometrica neste marco,nenhum artefato de aquisicao neste marco,registro preservado como contexto auditavel,"permanece review-only, sem promocao e sem treino",true,false,false,false,false
GPL_00468,GEO_0318,1,manter como contexto/bloqueado; sem aquisicao geometrica neste marco,nenhum artefato de aquisicao neste marco,registro preservado como contexto auditavel,"permanece review-only, sem promocao e sem treino",true,false,false,false,false
GPL_00469,GEO_0319,1,manter como contexto/bloqueado; sem aquisicao geometrica neste marco,nenhum artefato de aquisicao neste marco,registro preservado como contexto auditavel,"permanece review-only, sem promocao e sem treino",true,false,false,false,false
GPL_00470,GEO_0320,1,manter como contexto/bloqueado; sem aquisicao geometrica neste marco,nenhum artefato de aquisicao neste marco,registro preservado como contexto auditavel,"permanece review-only, sem promocao e sem treino",true,false,false,false,false
GPL_00471,GEO_0321,1,manter como contexto/bloqueado; sem aquisicao geometrica neste marco,nenhum artefato de aquisicao neste marco,registro preservado como contexto auditavel,"permanece review-only, sem promocao e sem treino",true,false,false,false,false
GPL_00472,GEO_0322,1,manter como contexto/bloqueado; sem aquisicao geometrica neste marco,nenhum artefato de aquisicao neste marco,registro preservado como contexto auditavel,"permanece review-only, sem promocao e sem treino",true,false,false,false,false
GPL_00473,GEO_0323,1,manter como contexto/bloqueado; sem aquisicao geometrica neste marco,nenhum artefato de aquisicao neste marco,registro preservado como contexto auditavel,"permanece review-only, sem promocao e sem treino",true,false,false,false,false
GPL_00474,GEO_0324,1,manter como contexto/bloqueado; sem aquisicao geometrica neste marco,nenhum artefato de aquisicao neste marco,registro preservado como contexto auditavel,"permanece review-only, sem promocao e sem treino",true,false,false,false,false
GPL_00475,GEO_0325,1,manter como contexto/bloqueado; sem aquisicao geometrica neste marco,nenhum artefato de aquisicao neste marco,registro preservado como contexto auditavel,"permanece review-only, sem promocao e sem treino",true,false,false,false,false
GPL_00476,GEO_0326,1,manter como contexto/bloqueado; sem aquisicao geometrica neste marco,nenhum artefato de aquisicao neste marco,registro preservado como contexto auditavel,"permanece review-only, sem promocao e sem treino",true,false,false,false,false
GPL_00477,GEO_0327,1,manter como contexto/bloqueado; sem aquisicao geometrica neste marco,nenhum artefato de aquisicao neste marco,registro preservado como contexto auditavel,"permanece review-only, sem promocao e sem treino",true,false,false,false,false
GPL_00478,GEO_0328,1,manter como contexto/bloqueado; sem aquisicao geometrica neste marco,nenhum artefato de aquisicao neste marco,registro preservado como contexto auditavel,"permanece review-only, sem promocao e sem treino",true,false,false,false,false
GPL_00479,GEO_0329,1,manter como contexto/bloqueado; sem aquisicao geometrica neste marco,nenhum artefato de aquisicao neste marco,registro preservado como contexto auditavel,"permanece review-only, sem promocao e sem treino",true,false,false,false,false
GPL_00480,GEO_0330,1,manter como contexto/bloqueado; sem aquisicao geometrica neste marco,nenhum artefato de aquisicao neste marco,registro preservado como contexto auditavel,"permanece review-only, sem promocao e sem treino",true,false,false,false,false
GPL_00481,GEO_0331,1,manter como contexto/bloqueado; sem aquisicao geometrica neste marco,nenhum artefato de aquisicao neste marco,registro preservado como contexto auditavel,"permanece review-only, sem promocao e sem treino",true,false,false,false,false
GPL_00482,GEO_0332,1,manter como contexto/bloqueado; sem aquisicao geometrica neste marco,nenhum artefato de aquisicao neste marco,registro preservado como contexto auditavel,"permanece review-only, sem promocao e sem treino",true,false,false,false,false
GPL_00483,GEO_0333,1,manter como contexto/bloqueado; sem aquisicao geometrica neste marco,nenhum artefato de aquisicao neste marco,registro preservado como contexto auditavel,"permanece review-only, sem promocao e sem treino",true,false,false,false,false
GPL_00484,GEO_0334,1,manter como contexto/bloqueado; sem aquisicao geometrica neste marco,nenhum artefato de aquisicao neste marco,registro preservado como contexto auditavel,"permanece review-only, sem promocao e sem treino",true,false,false,false,false
GPL_00485,GEO_0335,1,manter como contexto/bloqueado; sem aquisicao geometrica neste marco,nenhum artefato de aquisicao neste marco,registro preservado como contexto auditavel,"permanece review-only, sem promocao e sem treino",true,false,false,false,false
GPL_00486,GEO_0336,1,manter como contexto/bloqueado; sem aquisicao geometrica neste marco,nenhum artefato de aquisicao neste marco,registro preservado como contexto auditavel,"permanece review-only, sem promocao e sem treino",true,false,false,false,false
GPL_00487,GEO_0337,1,manter como contexto/bloqueado; sem aquisicao geometrica neste marco,nenhum artefato de aquisicao neste marco,registro preservado como contexto auditavel,"permanece review-only, sem promocao e sem treino",true,false,false,false,false
GPL_00488,GEO_0338,1,manter como contexto/bloqueado; sem aquisicao geometrica neste marco,nenhum artefato de aquisicao neste marco,registro preservado como contexto auditavel,"permanece review-only, sem promocao e sem treino",true,false,false,false,false
GPL_00489,GEO_0339,1,manter como contexto/bloqueado; sem aquisicao geometrica neste marco,nenhum artefato de aquisicao neste marco,registro preservado como contexto auditavel,"permanece review-only, sem promocao e sem treino",true,false,false,false,false
GPL_00490,GEO_0340,1,manter como contexto/bloqueado; sem aquisicao geometrica neste marco,nenhum artefato de aquisicao neste marco,registro preservado como contexto auditavel,"permanece review-only, sem promocao e sem treino",true,false,false,false,false
GPL_00491,GEO_0341,1,manter como contexto/bloqueado; sem aquisicao geometrica neste marco,nenhum artefato de aquisicao neste marco,registro preservado como contexto auditavel,"permanece review-only, sem promocao e sem treino",true,false,false,false,false
GPL_00492,GEO_0342,1,manter como contexto/bloqueado; sem aquisicao geometrica neste marco,nenhum artefato de aquisicao neste marco,registro preservado como contexto auditavel,"permanece review-only, sem promocao e sem treino",true,false,false,false,false
GPL_00493,GEO_0343,1,manter como contexto/bloqueado; sem aquisicao geometrica neste marco,nenhum artefato de aquisicao neste marco,registro preservado como contexto auditavel,"permanece review-only, sem promocao e sem treino",true,false,false,false,false
GPL_00494,GEO_0344,1,manter como contexto/bloqueado; sem aquisicao geometrica neste marco,nenhum artefato de aquisicao neste marco,registro preservado como contexto auditavel,"permanece review-only, sem promocao e sem treino",true,false,false,false,false
GPL_00495,GEO_0345,1,manter como contexto/bloqueado; sem aquisicao geometrica neste marco,nenhum artefato de aquisicao neste marco,registro preservado como contexto auditavel,"permanece review-only, sem promocao e sem treino",true,false,false,false,false
GPL_00496,GEO_0346,1,manter como contexto/bloqueado; sem aquisicao geometrica neste marco,nenhum artefato de aquisicao neste marco,registro preservado como contexto auditavel,"permanece review-only, sem promocao e sem treino",true,false,false,false,false
GPL_00497,GEO_0347,1,manter como contexto/bloqueado; sem aquisicao geometrica neste marco,nenhum artefato de aquisicao neste marco,registro preservado como contexto auditavel,"permanece review-only, sem promocao e sem treino",true,false,false,false,false
GPL_00498,GEO_0348,1,manter como contexto/bloqueado; sem aquisicao geometrica neste marco,nenhum artefato de aquisicao neste marco,registro preservado como contexto auditavel,"permanece review-only, sem promocao e sem treino",true,false,false,false,false
GPL_00499,GEO_0349,1,manter como contexto/bloqueado; sem aquisicao geometrica neste marco,nenhum artefato de aquisicao neste marco,registro preservado como contexto auditavel,"permanece review-only, sem promocao e sem treino",true,false,false,false,false
GPL_00500,GEO_0350,1,manter como contexto/bloqueado; sem aquisicao geometrica neste marco,nenhum artefato de aquisicao neste marco,registro preservado como contexto auditavel,"permanece review-only, sem promocao e sem treino",true,false,false,false,false
GPL_00501,GEO_0351,1,manter como contexto/bloqueado; sem aquisicao geometrica neste marco,nenhum artefato de aquisicao neste marco,registro preservado como contexto auditavel,"permanece review-only, sem promocao e sem treino",true,false,false,false,false
GPL_00502,GEO_0352,1,manter como contexto/bloqueado; sem aquisicao geometrica neste marco,nenhum artefato de aquisicao neste marco,registro preservado como contexto auditavel,"permanece review-only, sem promocao e sem treino",true,false,false,false,false
GPL_00503,GEO_0353,1,manter como contexto/bloqueado; sem aquisicao geometrica neste marco,nenhum artefato de aquisicao neste marco,registro preservado como contexto auditavel,"permanece review-only, sem promocao e sem treino",true,false,false,false,false
GPL_00504,GEO_0354,1,manter como contexto/bloqueado; sem aquisicao geometrica neste marco,nenhum artefato de aquisicao neste marco,registro preservado como contexto auditavel,"permanece review-only, sem promocao e sem treino",true,false,false,false,false
GPL_00505,GEO_0355,1,manter como contexto/bloqueado; sem aquisicao geometrica neste marco,nenhum artefato de aquisicao neste marco,registro preservado como contexto auditavel,"permanece review-only, sem promocao e sem treino",true,false,false,false,false
GPL_00506,GEO_0356,1,manter como contexto/bloqueado; sem aquisicao geometrica neste marco,nenhum artefato de aquisicao neste marco,registro preservado como contexto auditavel,"permanece review-only, sem promocao e sem treino",true,false,false,false,false
GPL_00507,GEO_0357,1,manter como contexto/bloqueado; sem aquisicao geometrica neste marco,nenhum artefato de aquisicao neste marco,registro preservado como contexto auditavel,"permanece review-only, sem promocao e sem treino",true,false,false,false,false
GPL_00508,GEO_0358,1,manter como contexto/bloqueado; sem aquisicao geometrica neste marco,nenhum artefato de aquisicao neste marco,registro preservado como contexto auditavel,"permanece review-only, sem promocao e sem treino",true,false,false,false,false
GPL_00509,GEO_0359,1,manter como contexto/bloqueado; sem aquisicao geometrica neste marco,nenhum artefato de aquisicao neste marco,registro preservado como contexto auditavel,"permanece review-only, sem promocao e sem treino",true,false,false,false,false
GPL_00510,GEO_0360,1,manter como contexto/bloqueado; sem aquisicao geometrica neste marco,nenhum artefato de aquisicao neste marco,registro preservado como contexto auditavel,"permanece review-only, sem promocao e sem treino",true,false,false,false,false
GPL_00511,GEO_0361,1,manter como contexto/bloqueado; sem aquisicao geometrica neste marco,nenhum artefato de aquisicao neste marco,registro preservado como contexto auditavel,"permanece review-only, sem promocao e sem treino",true,false,false,false,false
GPL_00512,GEO_0362,1,manter como contexto/bloqueado; sem aquisicao geometrica neste marco,nenhum artefato de aquisicao neste marco,registro preservado como contexto auditavel,"permanece review-only, sem promocao e sem treino",true,false,false,false,false
GPL_00513,GEO_0363,1,manter como contexto/bloqueado; sem aquisicao geometrica neste marco,nenhum artefato de aquisicao neste marco,registro preservado como contexto auditavel,"permanece review-only, sem promocao e sem treino",true,false,false,false,false
GPL_00514,GEO_0364,1,manter como contexto/bloqueado; sem aquisicao geometrica neste marco,nenhum artefato de aquisicao neste marco,registro preservado como contexto auditavel,"permanece review-only, sem promocao e sem treino",true,false,false,false,false
GPL_00515,GEO_0365,1,manter como contexto/bloqueado; sem aquisicao geometrica neste marco,nenhum artefato de aquisicao neste marco,registro preservado como contexto auditavel,"permanece review-only, sem promocao e sem treino",true,false,false,false,false
GPL_00516,GEO_0366,1,manter como contexto/bloqueado; sem aquisicao geometrica neste marco,nenhum artefato de aquisicao neste marco,registro preservado como contexto auditavel,"permanece review-only, sem promocao e sem treino",true,false,false,false,false
GPL_00517,GEO_0367,1,manter como contexto/bloqueado; sem aquisicao geometrica neste marco,nenhum artefato de aquisicao neste marco,registro preservado como contexto auditavel,"permanece review-only, sem promocao e sem treino",true,false,false,false,false
GPL_00518,GEO_0368,1,manter como contexto/bloqueado; sem aquisicao geometrica neste marco,nenhum artefato de aquisicao neste marco,registro preservado como contexto auditavel,"permanece review-only, sem promocao e sem treino",true,false,false,false,false
GPL_00519,GEO_0369,1,manter como contexto/bloqueado; sem aquisicao geometrica neste marco,nenhum artefato de aquisicao neste marco,registro preservado como contexto auditavel,"permanece review-only, sem promocao e sem treino",true,false,false,false,false
GPL_00520,GEO_0370,1,manter como contexto/bloqueado; sem aquisicao geometrica neste marco,nenhum artefato de aquisicao neste marco,registro preservado como contexto auditavel,"permanece review-only, sem promocao e sem treino",true,false,false,false,false
GPL_00521,GEO_0371,1,manter como contexto/bloqueado; sem aquisicao geometrica neste marco,nenhum artefato de aquisicao neste marco,registro preservado como contexto auditavel,"permanece review-only, sem promocao e sem treino",true,false,false,false,false
GPL_00522,GEO_0372,1,manter como contexto/bloqueado; sem aquisicao geometrica neste marco,nenhum artefato de aquisicao neste marco,registro preservado como contexto auditavel,"permanece review-only, sem promocao e sem treino",true,false,false,false,false
GPL_00523,GEO_0373,1,manter como contexto/bloqueado; sem aquisicao geometrica neste marco,nenhum artefato de aquisicao neste marco,registro preservado como contexto auditavel,"permanece review-only, sem promocao e sem treino",true,false,false,false,false
GPL_00524,GEO_0374,1,manter como contexto/bloqueado; sem aquisicao geometrica neste marco,nenhum artefato de aquisicao neste marco,registro preservado como contexto auditavel,"permanece review-only, sem promocao e sem treino",true,false,false,false,false
GPL_00525,GEO_0375,1,manter como contexto/bloqueado; sem aquisicao geometrica neste marco,nenhum artefato de aquisicao neste marco,registro preservado como contexto auditavel,"permanece review-only, sem promocao e sem treino",true,false,false,false,false
GPL_00526,GEO_0376,1,manter como contexto/bloqueado; sem aquisicao geometrica neste marco,nenhum artefato de aquisicao neste marco,registro preservado como contexto auditavel,"permanece review-only, sem promocao e sem treino",true,false,false,false,false
GPL_00527,GEO_0377,1,manter como contexto/bloqueado; sem aquisicao geometrica neste marco,nenhum artefato de aquisicao neste marco,registro preservado como contexto auditavel,"permanece review-only, sem promocao e sem treino",true,false,false,false,false
GPL_00528,GEO_0378,1,manter como contexto/bloqueado; sem aquisicao geometrica neste marco,nenhum artefato de aquisicao neste marco,registro preservado como contexto auditavel,"permanece review-only, sem promocao e sem treino",true,false,false,false,false
GPL_00529,GEO_0379,1,manter como contexto/bloqueado; sem aquisicao geometrica neste marco,nenhum artefato de aquisicao neste marco,registro preservado como contexto auditavel,"permanece review-only, sem promocao e sem treino",true,false,false,false,false
GPL_00530,GEO_0380,1,manter como contexto/bloqueado; sem aquisicao geometrica neste marco,nenhum artefato de aquisicao neste marco,registro preservado como contexto auditavel,"permanece review-only, sem promocao e sem treino",true,false,false,false,false
GPL_00531,GEO_0381,1,manter como contexto/bloqueado; sem aquisicao geometrica neste marco,nenhum artefato de aquisicao neste marco,registro preservado como contexto auditavel,"permanece review-only, sem promocao e sem treino",true,false,false,false,false
GPL_00532,GEO_0382,1,manter como contexto/bloqueado; sem aquisicao geometrica neste marco,nenhum artefato de aquisicao neste marco,registro preservado como contexto auditavel,"permanece review-only, sem promocao e sem treino",true,false,false,false,false
GPL_00533,GEO_0383,1,manter como contexto/bloqueado; sem aquisicao geometrica neste marco,nenhum artefato de aquisicao neste marco,registro preservado como contexto auditavel,"permanece review-only, sem promocao e sem treino",true,false,false,false,false
GPL_00534,GEO_0384,1,manter como contexto/bloqueado; sem aquisicao geometrica neste marco,nenhum artefato de aquisicao neste marco,registro preservado como contexto auditavel,"permanece review-only, sem promocao e sem treino",true,false,false,false,false
GPL_00535,GEO_0385,1,manter como contexto/bloqueado; sem aquisicao geometrica neste marco,nenhum artefato de aquisicao neste marco,registro preservado como contexto auditavel,"permanece review-only, sem promocao e sem treino",true,false,false,false,false
GPL_00536,GEO_0386,1,manter como contexto/bloqueado; sem aquisicao geometrica neste marco,nenhum artefato de aquisicao neste marco,registro preservado como contexto auditavel,"permanece review-only, sem promocao e sem treino",true,false,false,false,false
GPL_00537,GEO_0387,1,manter como contexto/bloqueado; sem aquisicao geometrica neste marco,nenhum artefato de aquisicao neste marco,registro preservado como contexto auditavel,"permanece review-only, sem promocao e sem treino",true,false,false,false,false
GPL_00538,GEO_0388,1,manter como contexto/bloqueado; sem aquisicao geometrica neste marco,nenhum artefato de aquisicao neste marco,registro preservado como contexto auditavel,"permanece review-only, sem promocao e sem treino",true,false,false,false,false
GPL_00539,GEO_0389,1,manter como contexto/bloqueado; sem aquisicao geometrica neste marco,nenhum artefato de aquisicao neste marco,registro preservado como contexto auditavel,"permanece review-only, sem promocao e sem treino",true,false,false,false,false
GPL_00540,GEO_0390,1,manter como contexto/bloqueado; sem aquisicao geometrica neste marco,nenhum artefato de aquisicao neste marco,registro preservado como contexto auditavel,"permanece review-only, sem promocao e sem treino",true,false,false,false,false
GPL_00541,GEO_0391,1,manter como contexto/bloqueado; sem aquisicao geometrica neste marco,nenhum artefato de aquisicao neste marco,registro preservado como contexto auditavel,"permanece review-only, sem promocao e sem treino",true,false,false,false,false
GPL_00542,GEO_0392,1,manter como contexto/bloqueado; sem aquisicao geometrica neste marco,nenhum artefato de aquisicao neste marco,registro preservado como contexto auditavel,"permanece review-only, sem promocao e sem treino",true,false,false,false,false
GPL_00543,GEO_0393,1,manter como contexto/bloqueado; sem aquisicao geometrica neste marco,nenhum artefato de aquisicao neste marco,registro preservado como contexto auditavel,"permanece review-only, sem promocao e sem treino",true,false,false,false,false
GPL_00544,GEO_0394,1,manter como contexto/bloqueado; sem aquisicao geometrica neste marco,nenhum artefato de aquisicao neste marco,registro preservado como contexto auditavel,"permanece review-only, sem promocao e sem treino",true,false,false,false,false
GPL_00545,GEO_0395,1,manter como contexto/bloqueado; sem aquisicao geometrica neste marco,nenhum artefato de aquisicao neste marco,registro preservado como contexto auditavel,"permanece review-only, sem promocao e sem treino",true,false,false,false,false
GPL_00546,GEO_0396,1,manter como contexto/bloqueado; sem aquisicao geometrica neste marco,nenhum artefato de aquisicao neste marco,registro preservado como contexto auditavel,"permanece review-only, sem promocao e sem treino",true,false,false,false,false
GPL_00547,GEO_0397,1,manter como contexto/bloqueado; sem aquisicao geometrica neste marco,nenhum artefato de aquisicao neste marco,registro preservado como contexto auditavel,"permanece review-only, sem promocao e sem treino",true,false,false,false,false
GPL_00548,GEO_0398,1,manter como contexto/bloqueado; sem aquisicao geometrica neste marco,nenhum artefato de aquisicao neste marco,registro preservado como contexto auditavel,"permanece review-only, sem promocao e sem treino",true,false,false,false,false
GPL_00549,GEO_0399,1,manter como contexto/bloqueado; sem aquisicao geometrica neste marco,nenhum artefato de aquisicao neste marco,registro preservado como contexto auditavel,"permanece review-only, sem promocao e sem treino",true,false,false,false,false
GPL_00550,GEO_0400,1,manter como contexto/bloqueado; sem aquisicao geometrica neste marco,nenhum artefato de aquisicao neste marco,registro preservado como contexto auditavel,"permanece review-only, sem promocao e sem treino",true,false,false,false,false
GPL_00551,GEO_0401,1,manter como contexto/bloqueado; sem aquisicao geometrica neste marco,nenhum artefato de aquisicao neste marco,registro preservado como contexto auditavel,"permanece review-only, sem promocao e sem treino",true,false,false,false,false
GPL_00552,GEO_0402,1,manter como contexto/bloqueado; sem aquisicao geometrica neste marco,nenhum artefato de aquisicao neste marco,registro preservado como contexto auditavel,"permanece review-only, sem promocao e sem treino",true,false,false,false,false
GPL_00553,GEO_0403,1,manter como contexto/bloqueado; sem aquisicao geometrica neste marco,nenhum artefato de aquisicao neste marco,registro preservado como contexto auditavel,"permanece review-only, sem promocao e sem treino",true,false,false,false,false
GPL_00554,GEO_0404,1,manter como contexto/bloqueado; sem aquisicao geometrica neste marco,nenhum artefato de aquisicao neste marco,registro preservado como contexto auditavel,"permanece review-only, sem promocao e sem treino",true,false,false,false,false
GPL_00555,GEO_0405,1,manter como contexto/bloqueado; sem aquisicao geometrica neste marco,nenhum artefato de aquisicao neste marco,registro preservado como contexto auditavel,"permanece review-only, sem promocao e sem treino",true,false,false,false,false
GPL_00556,GEO_0406,1,manter como contexto/bloqueado; sem aquisicao geometrica neste marco,nenhum artefato de aquisicao neste marco,registro preservado como contexto auditavel,"permanece review-only, sem promocao e sem treino",true,false,false,false,false
GPL_00557,GEO_0407,1,manter como contexto/bloqueado; sem aquisicao geometrica neste marco,nenhum artefato de aquisicao neste marco,registro preservado como contexto auditavel,"permanece review-only, sem promocao e sem treino",true,false,false,false,false
GPL_00558,GEO_0408,1,manter como contexto/bloqueado; sem aquisicao geometrica neste marco,nenhum artefato de aquisicao neste marco,registro preservado como contexto auditavel,"permanece review-only, sem promocao e sem treino",true,false,false,false,false
GPL_00559,GEO_0409,1,manter como contexto/bloqueado; sem aquisicao geometrica neste marco,nenhum artefato de aquisicao neste marco,registro preservado como contexto auditavel,"permanece review-only, sem promocao e sem treino",true,false,false,false,false
GPL_00560,GEO_0410,1,manter como contexto/bloqueado; sem aquisicao geometrica neste marco,nenhum artefato de aquisicao neste marco,registro preservado como contexto auditavel,"permanece review-only, sem promocao e sem treino",true,false,false,false,false
GPL_00561,GEO_0411,1,manter como contexto/bloqueado; sem aquisicao geometrica neste marco,nenhum artefato de aquisicao neste marco,registro preservado como contexto auditavel,"permanece review-only, sem promocao e sem treino",true,false,false,false,false
GPL_00562,GEO_0412,1,manter como contexto/bloqueado; sem aquisicao geometrica neste marco,nenhum artefato de aquisicao neste marco,registro preservado como contexto auditavel,"permanece review-only, sem promocao e sem treino",true,false,false,false,false
GPL_00563,GEO_0413,1,manter como contexto/bloqueado; sem aquisicao geometrica neste marco,nenhum artefato de aquisicao neste marco,registro preservado como contexto auditavel,"permanece review-only, sem promocao e sem treino",true,false,false,false,false
GPL_00564,GEO_0414,1,manter como contexto/bloqueado; sem aquisicao geometrica neste marco,nenhum artefato de aquisicao neste marco,registro preservado como contexto auditavel,"permanece review-only, sem promocao e sem treino",true,false,false,false,false
GPL_00565,GEO_0415,1,manter como contexto/bloqueado; sem aquisicao geometrica neste marco,nenhum artefato de aquisicao neste marco,registro preservado como contexto auditavel,"permanece review-only, sem promocao e sem treino",true,false,false,false,false
GPL_00566,GEO_0416,1,manter como contexto/bloqueado; sem aquisicao geometrica neste marco,nenhum artefato de aquisicao neste marco,registro preservado como contexto auditavel,"permanece review-only, sem promocao e sem treino",true,false,false,false,false
GPL_00567,GEO_0417,1,manter como contexto/bloqueado; sem aquisicao geometrica neste marco,nenhum artefato de aquisicao neste marco,registro preservado como contexto auditavel,"permanece review-only, sem promocao e sem treino",true,false,false,false,false
GPL_00568,GEO_0418,1,manter como contexto/bloqueado; sem aquisicao geometrica neste marco,nenhum artefato de aquisicao neste marco,registro preservado como contexto auditavel,"permanece review-only, sem promocao e sem treino",true,false,false,false,false
GPL_00569,GEO_0419,1,manter como contexto/bloqueado; sem aquisicao geometrica neste marco,nenhum artefato de aquisicao neste marco,registro preservado como contexto auditavel,"permanece review-only, sem promocao e sem treino",true,false,false,false,false
GPL_00570,GEO_0420,1,manter como contexto/bloqueado; sem aquisicao geometrica neste marco,nenhum artefato de aquisicao neste marco,registro preservado como contexto auditavel,"permanece review-only, sem promocao e sem treino",true,false,false,false,false
GPL_00571,GEO_0421,1,manter como contexto/bloqueado; sem aquisicao geometrica neste marco,nenhum artefato de aquisicao neste marco,registro preservado como contexto auditavel,"permanece review-only, sem promocao e sem treino",true,false,false,false,false
GPL_00572,GEO_0422,1,manter como contexto/bloqueado; sem aquisicao geometrica neste marco,nenhum artefato de aquisicao neste marco,registro preservado como contexto auditavel,"permanece review-only, sem promocao e sem treino",true,false,false,false,false
GPL_00573,GEO_0423,1,manter como contexto/bloqueado; sem aquisicao geometrica neste marco,nenhum artefato de aquisicao neste marco,registro preservado como contexto auditavel,"permanece review-only, sem promocao e sem treino",true,false,false,false,false
GPL_00574,GEO_0424,1,manter como contexto/bloqueado; sem aquisicao geometrica neste marco,nenhum artefato de aquisicao neste marco,registro preservado como contexto auditavel,"permanece review-only, sem promocao e sem treino",true,false,false,false,false
GPL_00575,GEO_0425,1,manter como contexto/bloqueado; sem aquisicao geometrica neste marco,nenhum artefato de aquisicao neste marco,registro preservado como contexto auditavel,"permanece review-only, sem promocao e sem treino",true,false,false,false,false
GPL_00576,GEO_0426,1,manter como contexto/bloqueado; sem aquisicao geometrica neste marco,nenhum artefato de aquisicao neste marco,registro preservado como contexto auditavel,"permanece review-only, sem promocao e sem treino",true,false,false,false,false
GPL_00577,GEO_0427,1,manter como contexto/bloqueado; sem aquisicao geometrica neste marco,nenhum artefato de aquisicao neste marco,registro preservado como contexto auditavel,"permanece review-only, sem promocao e sem treino",true,false,false,false,false
GPL_00578,GEO_0428,1,manter como contexto/bloqueado; sem aquisicao geometrica neste marco,nenhum artefato de aquisicao neste marco,registro preservado como contexto auditavel,"permanece review-only, sem promocao e sem treino",true,false,false,false,false
GPL_00579,GEO_0429,1,manter como contexto/bloqueado; sem aquisicao geometrica neste marco,nenhum artefato de aquisicao neste marco,registro preservado como contexto auditavel,"permanece review-only, sem promocao e sem treino",true,false,false,false,false
GPL_00580,GEO_0430,1,manter como contexto/bloqueado; sem aquisicao geometrica neste marco,nenhum artefato de aquisicao neste marco,registro preservado como contexto auditavel,"permanece review-only, sem promocao e sem treino",true,false,false,false,false
GPL_00581,GEO_0431,1,manter como contexto/bloqueado; sem aquisicao geometrica neste marco,nenhum artefato de aquisicao neste marco,registro preservado como contexto auditavel,"permanece review-only, sem promocao e sem treino",true,false,false,false,false
GPL_00582,GEO_0432,1,manter como contexto/bloqueado; sem aquisicao geometrica neste marco,nenhum artefato de aquisicao neste marco,registro preservado como contexto auditavel,"permanece review-only, sem promocao e sem treino",true,false,false,false,false
GPL_00583,GEO_0433,1,manter como contexto/bloqueado; sem aquisicao geometrica neste marco,nenhum artefato de aquisicao neste marco,registro preservado como contexto auditavel,"permanece review-only, sem promocao e sem treino",true,false,false,false,false
GPL_00584,GEO_0434,1,manter como contexto/bloqueado; sem aquisicao geometrica neste marco,nenhum artefato de aquisicao neste marco,registro preservado como contexto auditavel,"permanece review-only, sem promocao e sem treino",true,false,false,false,false
GPL_00585,GEO_0435,1,manter como contexto/bloqueado; sem aquisicao geometrica neste marco,nenhum artefato de aquisicao neste marco,registro preservado como contexto auditavel,"permanece review-only, sem promocao e sem treino",true,false,false,false,false
GPL_00586,GEO_0436,1,manter como contexto/bloqueado; sem aquisicao geometrica neste marco,nenhum artefato de aquisicao neste marco,registro preservado como contexto auditavel,"permanece review-only, sem promocao e sem treino",true,false,false,false,false
GPL_00587,GEO_0437,1,manter como contexto/bloqueado; sem aquisicao geometrica neste marco,nenhum artefato de aquisicao neste marco,registro preservado como contexto auditavel,"permanece review-only, sem promocao e sem treino",true,false,false,false,false
GPL_00588,GEO_0438,1,manter como contexto/bloqueado; sem aquisicao geometrica neste marco,nenhum artefato de aquisicao neste marco,registro preservado como contexto auditavel,"permanece review-only, sem promocao e sem treino",true,false,false,false,false
GPL_00589,GEO_0439,1,manter como contexto/bloqueado; sem aquisicao geometrica neste marco,nenhum artefato de aquisicao neste marco,registro preservado como contexto auditavel,"permanece review-only, sem promocao e sem treino",true,false,false,false,false
GPL_00590,GEO_0440,1,manter como contexto/bloqueado; sem aquisicao geometrica neste marco,nenhum artefato de aquisicao neste marco,registro preservado como contexto auditavel,"permanece review-only, sem promocao e sem treino",true,false,false,false,false
GPL_00591,GEO_0441,1,manter como contexto/bloqueado; sem aquisicao geometrica neste marco,nenhum artefato de aquisicao neste marco,registro preservado como contexto auditavel,"permanece review-only, sem promocao e sem treino",true,false,false,false,false
GPL_00592,GEO_0442,1,manter como contexto/bloqueado; sem aquisicao geometrica neste marco,nenhum artefato de aquisicao neste marco,registro preservado como contexto auditavel,"permanece review-only, sem promocao e sem treino",true,false,false,false,false
GPL_00593,GEO_0443,1,manter como contexto/bloqueado; sem aquisicao geometrica neste marco,nenhum artefato de aquisicao neste marco,registro preservado como contexto auditavel,"permanece review-only, sem promocao e sem treino",true,false,false,false,false
GPL_00594,GEO_0444,1,manter como contexto/bloqueado; sem aquisicao geometrica neste marco,nenhum artefato de aquisicao neste marco,registro preservado como contexto auditavel,"permanece review-only, sem promocao e sem treino",true,false,false,false,false
GPL_00595,GEO_0445,1,manter como contexto/bloqueado; sem aquisicao geometrica neste marco,nenhum artefato de aquisicao neste marco,registro preservado como contexto auditavel,"permanece review-only, sem promocao e sem treino",true,false,false,false,false
GPL_00596,GEO_0446,1,manter como contexto/bloqueado; sem aquisicao geometrica neste marco,nenhum artefato de aquisicao neste marco,registro preservado como contexto auditavel,"permanece review-only, sem promocao e sem treino",true,false,false,false,false
GPL_00597,GEO_0447,1,manter como contexto/bloqueado; sem aquisicao geometrica neste marco,nenhum artefato de aquisicao neste marco,registro preservado como contexto auditavel,"permanece review-only, sem promocao e sem treino",true,false,false,false,false
GPL_00598,GEO_0448,1,manter como contexto/bloqueado; sem aquisicao geometrica neste marco,nenhum artefato de aquisicao neste marco,registro preservado como contexto auditavel,"permanece review-only, sem promocao e sem treino",true,false,false,false,false
GPL_00599,GEO_0449,1,manter como contexto/bloqueado; sem aquisicao geometrica neste marco,nenhum artefato de aquisicao neste marco,registro preservado como contexto auditavel,"permanece review-only, sem promocao e sem treino",true,false,false,false,false
GPL_00600,GEO_0450,1,manter como contexto/bloqueado; sem aquisicao geometrica neste marco,nenhum artefato de aquisicao neste marco,registro preservado como contexto auditavel,"permanece review-only, sem promocao e sem treino",true,false,false,false,false
GPL_00601,GEO_0451,1,manter como contexto/bloqueado; sem aquisicao geometrica neste marco,nenhum artefato de aquisicao neste marco,registro preservado como contexto auditavel,"permanece review-only, sem promocao e sem treino",true,false,false,false,false
GPL_00602,GEO_0452,1,manter como contexto/bloqueado; sem aquisicao geometrica neste marco,nenhum artefato de aquisicao neste marco,registro preservado como contexto auditavel,"permanece review-only, sem promocao e sem treino",true,false,false,false,false
GPL_00603,GEO_0453,1,manter como contexto/bloqueado; sem aquisicao geometrica neste marco,nenhum artefato de aquisicao neste marco,registro preservado como contexto auditavel,"permanece review-only, sem promocao e sem treino",true,false,false,false,false
GPL_00604,GEO_0454,1,manter como contexto/bloqueado; sem aquisicao geometrica neste marco,nenhum artefato de aquisicao neste marco,registro preservado como contexto auditavel,"permanece review-only, sem promocao e sem treino",true,false,false,false,false
GPL_00605,GEO_0455,1,manter como contexto/bloqueado; sem aquisicao geometrica neste marco,nenhum artefato de aquisicao neste marco,registro preservado como contexto auditavel,"permanece review-only, sem promocao e sem treino",true,false,false,false,false
GPL_00606,GEO_0456,1,manter como contexto/bloqueado; sem aquisicao geometrica neste marco,nenhum artefato de aquisicao neste marco,registro preservado como contexto auditavel,"permanece review-only, sem promocao e sem treino",true,false,false,false,false
GPL_00607,GEO_0457,1,manter como contexto/bloqueado; sem aquisicao geometrica neste marco,nenhum artefato de aquisicao neste marco,registro preservado como contexto auditavel,"permanece review-only, sem promocao e sem treino",true,false,false,false,false
GPL_00608,GEO_0458,1,manter como contexto/bloqueado; sem aquisicao geometrica neste marco,nenhum artefato de aquisicao neste marco,registro preservado como contexto auditavel,"permanece review-only, sem promocao e sem treino",true,false,false,false,false
GPL_00609,GEO_0459,1,manter como contexto/bloqueado; sem aquisicao geometrica neste marco,nenhum artefato de aquisicao neste marco,registro preservado como contexto auditavel,"permanece review-only, sem promocao e sem treino",true,false,false,false,false
GPL_00610,GEO_0460,1,manter como contexto/bloqueado; sem aquisicao geometrica neste marco,nenhum artefato de aquisicao neste marco,registro preservado como contexto auditavel,"permanece review-only, sem promocao e sem treino",true,false,false,false,false
GPL_00611,GEO_0461,1,manter como contexto/bloqueado; sem aquisicao geometrica neste marco,nenhum artefato de aquisicao neste marco,registro preservado como contexto auditavel,"permanece review-only, sem promocao e sem treino",true,false,false,false,false
GPL_00612,GEO_0462,1,manter como contexto/bloqueado; sem aquisicao geometrica neste marco,nenhum artefato de aquisicao neste marco,registro preservado como contexto auditavel,"permanece review-only, sem promocao e sem treino",true,false,false,false,false
GPL_00613,GEO_0463,1,manter como contexto/bloqueado; sem aquisicao geometrica neste marco,nenhum artefato de aquisicao neste marco,registro preservado como contexto auditavel,"permanece review-only, sem promocao e sem treino",true,false,false,false,false
GPL_00614,GEO_0464,1,manter como contexto/bloqueado; sem aquisicao geometrica neste marco,nenhum artefato de aquisicao neste marco,registro preservado como contexto auditavel,"permanece review-only, sem promocao e sem treino",true,false,false,false,false
GPL_00615,GEO_0465,1,manter como contexto/bloqueado; sem aquisicao geometrica neste marco,nenhum artefato de aquisicao neste marco,registro preservado como contexto auditavel,"permanece review-only, sem promocao e sem treino",true,false,false,false,false
GPL_00616,GEO_0466,1,manter como contexto/bloqueado; sem aquisicao geometrica neste marco,nenhum artefato de aquisicao neste marco,registro preservado como contexto auditavel,"permanece review-only, sem promocao e sem treino",true,false,false,false,false
GPL_00617,GEO_0467,1,manter como contexto/bloqueado; sem aquisicao geometrica neste marco,nenhum artefato de aquisicao neste marco,registro preservado como contexto auditavel,"permanece review-only, sem promocao e sem treino",true,false,false,false,false
GPL_00618,GEO_0468,1,manter como contexto/bloqueado; sem aquisicao geometrica neste marco,nenhum artefato de aquisicao neste marco,registro preservado como contexto auditavel,"permanece review-only, sem promocao e sem treino",true,false,false,false,false
GPL_00619,GEO_0469,1,manter como contexto/bloqueado; sem aquisicao geometrica neste marco,nenhum artefato de aquisicao neste marco,registro preservado como contexto auditavel,"permanece review-only, sem promocao e sem treino",true,false,false,false,false
GPL_00620,GEO_0470,1,manter como contexto/bloqueado; sem aquisicao geometrica neste marco,nenhum artefato de aquisicao neste marco,registro preservado como contexto auditavel,"permanece review-only, sem promocao e sem treino",true,false,false,false,false
GPL_00621,GEO_0471,1,manter como contexto/bloqueado; sem aquisicao geometrica neste marco,nenhum artefato de aquisicao neste marco,registro preservado como contexto auditavel,"permanece review-only, sem promocao e sem treino",true,false,false,false,false
GPL_00622,GEO_0472,1,manter como contexto/bloqueado; sem aquisicao geometrica neste marco,nenhum artefato de aquisicao neste marco,registro preservado como contexto auditavel,"permanece review-only, sem promocao e sem treino",true,false,false,false,false
GPL_00623,GEO_0473,1,manter como contexto/bloqueado; sem aquisicao geometrica neste marco,nenhum artefato de aquisicao neste marco,registro preservado como contexto auditavel,"permanece review-only, sem promocao e sem treino",true,false,false,false,false
GPL_00624,GEO_0474,1,manter como contexto/bloqueado; sem aquisicao geometrica neste marco,nenhum artefato de aquisicao neste marco,registro preservado como contexto auditavel,"permanece review-only, sem promocao e sem treino",true,false,false,false,false
GPL_00625,GEO_0475,1,manter como contexto/bloqueado; sem aquisicao geometrica neste marco,nenhum artefato de aquisicao neste marco,registro preservado como contexto auditavel,"permanece review-only, sem promocao e sem treino",true,false,false,false,false
GPL_00626,GEO_0476,1,manter como contexto/bloqueado; sem aquisicao geometrica neste marco,nenhum artefato de aquisicao neste marco,registro preservado como contexto auditavel,"permanece review-only, sem promocao e sem treino",true,false,false,false,false
GPL_00627,GEO_0477,1,manter como contexto/bloqueado; sem aquisicao geometrica neste marco,nenhum artefato de aquisicao neste marco,registro preservado como contexto auditavel,"permanece review-only, sem promocao e sem treino",true,false,false,false,false
GPL_00628,GEO_0478,1,manter como contexto/bloqueado; sem aquisicao geometrica neste marco,nenhum artefato de aquisicao neste marco,registro preservado como contexto auditavel,"permanece review-only, sem promocao e sem treino",true,false,false,false,false
GPL_00629,GEO_0479,1,manter como contexto/bloqueado; sem aquisicao geometrica neste marco,nenhum artefato de aquisicao neste marco,registro preservado como contexto auditavel,"permanece review-only, sem promocao e sem treino",true,false,false,false,false
GPL_00630,GEO_0480,1,manter como contexto/bloqueado; sem aquisicao geometrica neste marco,nenhum artefato de aquisicao neste marco,registro preservado como contexto auditavel,"permanece review-only, sem promocao e sem treino",true,false,false,false,false
GPL_00631,GEO_0481,1,manter como contexto/bloqueado; sem aquisicao geometrica neste marco,nenhum artefato de aquisicao neste marco,registro preservado como contexto auditavel,"permanece review-only, sem promocao e sem treino",true,false,false,false,false
GPL_00632,GEO_0482,1,manter como contexto/bloqueado; sem aquisicao geometrica neste marco,nenhum artefato de aquisicao neste marco,registro preservado como contexto auditavel,"permanece review-only, sem promocao e sem treino",true,false,false,false,false
GPL_00633,GEO_0483,1,manter como contexto/bloqueado; sem aquisicao geometrica neste marco,nenhum artefato de aquisicao neste marco,registro preservado como contexto auditavel,"permanece review-only, sem promocao e sem treino",true,false,false,false,false
GPL_00634,GEO_0484,1,manter como contexto/bloqueado; sem aquisicao geometrica neste marco,nenhum artefato de aquisicao neste marco,registro preservado como contexto auditavel,"permanece review-only, sem promocao e sem treino",true,false,false,false,false
GPL_00635,GEO_0485,1,manter como contexto/bloqueado; sem aquisicao geometrica neste marco,nenhum artefato de aquisicao neste marco,registro preservado como contexto auditavel,"permanece review-only, sem promocao e sem treino",true,false,false,false,false
GPL_00636,GEO_0486,1,manter como contexto/bloqueado; sem aquisicao geometrica neste marco,nenhum artefato de aquisicao neste marco,registro preservado como contexto auditavel,"permanece review-only, sem promocao e sem treino",true,false,false,false,false
GPL_00637,GEO_0487,1,manter como contexto/bloqueado; sem aquisicao geometrica neste marco,nenhum artefato de aquisicao neste marco,registro preservado como contexto auditavel,"permanece review-only, sem promocao e sem treino",true,false,false,false,false
GPL_00638,GEO_0488,1,manter como contexto/bloqueado; sem aquisicao geometrica neste marco,nenhum artefato de aquisicao neste marco,registro preservado como contexto auditavel,"permanece review-only, sem promocao e sem treino",true,false,false,false,false
GPL_00639,GEO_0489,1,manter como contexto/bloqueado; sem aquisicao geometrica neste marco,nenhum artefato de aquisicao neste marco,registro preservado como contexto auditavel,"permanece review-only, sem promocao e sem treino",true,false,false,false,false
GPL_00640,GEO_0490,1,manter como contexto/bloqueado; sem aquisicao geometrica neste marco,nenhum artefato de aquisicao neste marco,registro preservado como contexto auditavel,"permanece review-only, sem promocao e sem treino",true,false,false,false,false
GPL_00641,GEO_0491,1,manter como contexto/bloqueado; sem aquisicao geometrica neste marco,nenhum artefato de aquisicao neste marco,registro preservado como contexto auditavel,"permanece review-only, sem promocao e sem treino",true,false,false,false,false
GPL_00642,GEO_0492,1,manter como contexto/bloqueado; sem aquisicao geometrica neste marco,nenhum artefato de aquisicao neste marco,registro preservado como contexto auditavel,"permanece review-only, sem promocao e sem treino",true,false,false,false,false
GPL_00643,GEO_0493,1,manter como contexto/bloqueado; sem aquisicao geometrica neste marco,nenhum artefato de aquisicao neste marco,registro preservado como contexto auditavel,"permanece review-only, sem promocao e sem treino",true,false,false,false,false
GPL_00644,GEO_0494,1,manter como contexto/bloqueado; sem aquisicao geometrica neste marco,nenhum artefato de aquisicao neste marco,registro preservado como contexto auditavel,"permanece review-only, sem promocao e sem treino",true,false,false,false,false
GPL_00645,GEO_0495,1,manter como contexto/bloqueado; sem aquisicao geometrica neste marco,nenhum artefato de aquisicao neste marco,registro preservado como contexto auditavel,"permanece review-only, sem promocao e sem treino",true,false,false,false,false
GPL_00646,GEO_0496,1,manter como contexto/bloqueado; sem aquisicao geometrica neste marco,nenhum artefato de aquisicao neste marco,registro preservado como contexto auditavel,"permanece review-only, sem promocao e sem treino",true,false,false,false,false
GPL_00647,GEO_0497,1,manter como contexto/bloqueado; sem aquisicao geometrica neste marco,nenhum artefato de aquisicao neste marco,registro preservado como contexto auditavel,"permanece review-only, sem promocao e sem treino",true,false,false,false,false
GPL_00648,GEO_0498,1,manter como contexto/bloqueado; sem aquisicao geometrica neste marco,nenhum artefato de aquisicao neste marco,registro preservado como contexto auditavel,"permanece review-only, sem promocao e sem treino",true,false,false,false,false
GPL_00649,GEO_0499,1,manter como contexto/bloqueado; sem aquisicao geometrica neste marco,nenhum artefato de aquisicao neste marco,registro preservado como contexto auditavel,"permanece review-only, sem promocao e sem treino",true,false,false,false,false
GPL_00650,GEO_0500,1,manter como contexto/bloqueado; sem aquisicao geometrica neste marco,nenhum artefato de aquisicao neste marco,registro preservado como contexto auditavel,"permanece review-only, sem promocao e sem treino",true,false,false,false,false
GPL_00651,GEO_0501,1,manter como contexto/bloqueado; sem aquisicao geometrica neste marco,nenhum artefato de aquisicao neste marco,registro preservado como contexto auditavel,"permanece review-only, sem promocao e sem treino",true,false,false,false,false
GPL_00652,GEO_0502,1,manter como contexto/bloqueado; sem aquisicao geometrica neste marco,nenhum artefato de aquisicao neste marco,registro preservado como contexto auditavel,"permanece review-only, sem promocao e sem treino",true,false,false,false,false
GPL_00653,GEO_0503,1,manter como contexto/bloqueado; sem aquisicao geometrica neste marco,nenhum artefato de aquisicao neste marco,registro preservado como contexto auditavel,"permanece review-only, sem promocao e sem treino",true,false,false,false,false
GPL_00654,GEO_0504,1,manter como contexto/bloqueado; sem aquisicao geometrica neste marco,nenhum artefato de aquisicao neste marco,registro preservado como contexto auditavel,"permanece review-only, sem promocao e sem treino",true,false,false,false,false
GPL_00655,GEO_0505,1,manter como contexto/bloqueado; sem aquisicao geometrica neste marco,nenhum artefato de aquisicao neste marco,registro preservado como contexto auditavel,"permanece review-only, sem promocao e sem treino",true,false,false,false,false
GPL_00656,GEO_0506,1,manter como contexto/bloqueado; sem aquisicao geometrica neste marco,nenhum artefato de aquisicao neste marco,registro preservado como contexto auditavel,"permanece review-only, sem promocao e sem treino",true,false,false,false,false
GPL_00657,GEO_0507,1,manter como contexto/bloqueado; sem aquisicao geometrica neste marco,nenhum artefato de aquisicao neste marco,registro preservado como contexto auditavel,"permanece review-only, sem promocao e sem treino",true,false,false,false,false
GPL_00658,GEO_0508,1,manter como contexto/bloqueado; sem aquisicao geometrica neste marco,nenhum artefato de aquisicao neste marco,registro preservado como contexto auditavel,"permanece review-only, sem promocao e sem treino",true,false,false,false,false
GPL_00659,GEO_0509,1,manter como contexto/bloqueado; sem aquisicao geometrica neste marco,nenhum artefato de aquisicao neste marco,registro preservado como contexto auditavel,"permanece review-only, sem promocao e sem treino",true,false,false,false,false
GPL_00660,GEO_0510,1,manter como contexto/bloqueado; sem aquisicao geometrica neste marco,nenhum artefato de aquisicao neste marco,registro preservado como contexto auditavel,"permanece review-only, sem promocao e sem treino",true,false,false,false,false
GPL_00661,GEO_0511,1,manter como contexto/bloqueado; sem aquisicao geometrica neste marco,nenhum artefato de aquisicao neste marco,registro preservado como contexto auditavel,"permanece review-only, sem promocao e sem treino",true,false,false,false,false
GPL_00662,GEO_0512,1,manter como contexto/bloqueado; sem aquisicao geometrica neste marco,nenhum artefato de aquisicao neste marco,registro preservado como contexto auditavel,"permanece review-only, sem promocao e sem treino",true,false,false,false,false
GPL_00663,GEO_0513,1,manter como contexto/bloqueado; sem aquisicao geometrica neste marco,nenhum artefato de aquisicao neste marco,registro preservado como contexto auditavel,"permanece review-only, sem promocao e sem treino",true,false,false,false,false
GPL_00664,GEO_0514,1,manter como contexto/bloqueado; sem aquisicao geometrica neste marco,nenhum artefato de aquisicao neste marco,registro preservado como contexto auditavel,"permanece review-only, sem promocao e sem treino",true,false,false,false,false
GPL_00665,GEO_0515,1,manter como contexto/bloqueado; sem aquisicao geometrica neste marco,nenhum artefato de aquisicao neste marco,registro preservado como contexto auditavel,"permanece review-only, sem promocao e sem treino",true,false,false,false,false
GPL_00666,GEO_0516,1,manter como contexto/bloqueado; sem aquisicao geometrica neste marco,nenhum artefato de aquisicao neste marco,registro preservado como contexto auditavel,"permanece review-only, sem promocao e sem treino",true,false,false,false,false
GPL_00667,GEO_0517,1,manter como contexto/bloqueado; sem aquisicao geometrica neste marco,nenhum artefato de aquisicao neste marco,registro preservado como contexto auditavel,"permanece review-only, sem promocao e sem treino",true,false,false,false,false
GPL_00668,GEO_0518,1,manter como contexto/bloqueado; sem aquisicao geometrica neste marco,nenhum artefato de aquisicao neste marco,registro preservado como contexto auditavel,"permanece review-only, sem promocao e sem treino",true,false,false,false,false
GPL_00669,GEO_0519,1,manter como contexto/bloqueado; sem aquisicao geometrica neste marco,nenhum artefato de aquisicao neste marco,registro preservado como contexto auditavel,"permanece review-only, sem promocao e sem treino",true,false,false,false,false
GPL_00670,GEO_0520,1,manter como contexto/bloqueado; sem aquisicao geometrica neste marco,nenhum artefato de aquisicao neste marco,registro preservado como contexto auditavel,"permanece review-only, sem promocao e sem treino",true,false,false,false,false
GPL_00671,GEO_0521,1,manter como contexto/bloqueado; sem aquisicao geometrica neste marco,nenhum artefato de aquisicao neste marco,registro preservado como contexto auditavel,"permanece review-only, sem promocao e sem treino",true,false,false,false,false
GPL_00672,GEO_0522,1,manter como contexto/bloqueado; sem aquisicao geometrica neste marco,nenhum artefato de aquisicao neste marco,registro preservado como contexto auditavel,"permanece review-only, sem promocao e sem treino",true,false,false,false,false
GPL_00673,GEO_0523,1,manter como contexto/bloqueado; sem aquisicao geometrica neste marco,nenhum artefato de aquisicao neste marco,registro preservado como contexto auditavel,"permanece review-only, sem promocao e sem treino",true,false,false,false,false
GPL_00674,GEO_0524,1,manter como contexto/bloqueado; sem aquisicao geometrica neste marco,nenhum artefato de aquisicao neste marco,registro preservado como contexto auditavel,"permanece review-only, sem promocao e sem treino",true,false,false,false,false
GPL_00675,GEO_0525,1,manter como contexto/bloqueado; sem aquisicao geometrica neste marco,nenhum artefato de aquisicao neste marco,registro preservado como contexto auditavel,"permanece review-only, sem promocao e sem treino",true,false,false,false,false
GPL_00676,GEO_0526,1,manter como contexto/bloqueado; sem aquisicao geometrica neste marco,nenhum artefato de aquisicao neste marco,registro preservado como contexto auditavel,"permanece review-only, sem promocao e sem treino",true,false,false,false,false
GPL_00677,GEO_0527,1,manter como contexto/bloqueado; sem aquisicao geometrica neste marco,nenhum artefato de aquisicao neste marco,registro preservado como contexto auditavel,"permanece review-only, sem promocao e sem treino",true,false,false,false,false
GPL_00678,GEO_0528,1,manter como contexto/bloqueado; sem aquisicao geometrica neste marco,nenhum artefato de aquisicao neste marco,registro preservado como contexto auditavel,"permanece review-only, sem promocao e sem treino",true,false,false,false,false
GPL_00679,GEO_0529,1,manter como contexto/bloqueado; sem aquisicao geometrica neste marco,nenhum artefato de aquisicao neste marco,registro preservado como contexto auditavel,"permanece review-only, sem promocao e sem treino",true,false,false,false,false
GPL_00680,GEO_0530,1,manter como contexto/bloqueado; sem aquisicao geometrica neste marco,nenhum artefato de aquisicao neste marco,registro preservado como contexto auditavel,"permanece review-only, sem promocao e sem treino",true,false,false,false,false
GPL_00681,GEO_0531,1,manter como contexto/bloqueado; sem aquisicao geometrica neste marco,nenhum artefato de aquisicao neste marco,registro preservado como contexto auditavel,"permanece review-only, sem promocao e sem treino",true,false,false,false,false
GPL_00682,GEO_0532,1,manter como contexto/bloqueado; sem aquisicao geometrica neste marco,nenhum artefato de aquisicao neste marco,registro preservado como contexto auditavel,"permanece review-only, sem promocao e sem treino",true,false,false,false,false
GPL_00683,GEO_0533,1,manter como contexto/bloqueado; sem aquisicao geometrica neste marco,nenhum artefato de aquisicao neste marco,registro preservado como contexto auditavel,"permanece review-only, sem promocao e sem treino",true,false,false,false,false
GPL_00684,GEO_0534,1,manter como contexto/bloqueado; sem aquisicao geometrica neste marco,nenhum artefato de aquisicao neste marco,registro preservado como contexto auditavel,"permanece review-only, sem promocao e sem treino",true,false,false,false,false
GPL_00685,GEO_0535,1,manter como contexto/bloqueado; sem aquisicao geometrica neste marco,nenhum artefato de aquisicao neste marco,registro preservado como contexto auditavel,"permanece review-only, sem promocao e sem treino",true,false,false,false,false
GPL_00686,GEO_0536,1,manter como contexto/bloqueado; sem aquisicao geometrica neste marco,nenhum artefato de aquisicao neste marco,registro preservado como contexto auditavel,"permanece review-only, sem promocao e sem treino",true,false,false,false,false
GPL_00687,GEO_0537,1,manter como contexto/bloqueado; sem aquisicao geometrica neste marco,nenhum artefato de aquisicao neste marco,registro preservado como contexto auditavel,"permanece review-only, sem promocao e sem treino",true,false,false,false,false
GPL_00688,GEO_0538,1,manter como contexto/bloqueado; sem aquisicao geometrica neste marco,nenhum artefato de aquisicao neste marco,registro preservado como contexto auditavel,"permanece review-only, sem promocao e sem treino",true,false,false,false,false
GPL_00689,GEO_0539,1,manter como contexto/bloqueado; sem aquisicao geometrica neste marco,nenhum artefato de aquisicao neste marco,registro preservado como contexto auditavel,"permanece review-only, sem promocao e sem treino",true,false,false,false,false
GPL_00690,GEO_0540,1,manter como contexto/bloqueado; sem aquisicao geometrica neste marco,nenhum artefato de aquisicao neste marco,registro preservado como contexto auditavel,"permanece review-only, sem promocao e sem treino",true,false,false,false,false
GPL_00691,GEO_0541,1,manter como contexto/bloqueado; sem aquisicao geometrica neste marco,nenhum artefato de aquisicao neste marco,registro preservado como contexto auditavel,"permanece review-only, sem promocao e sem treino",true,false,false,false,false
GPL_00692,GEO_0542,1,manter como contexto/bloqueado; sem aquisicao geometrica neste marco,nenhum artefato de aquisicao neste marco,registro preservado como contexto auditavel,"permanece review-only, sem promocao e sem treino",true,false,false,false,false
GPL_00693,GEO_0543,1,manter como contexto/bloqueado; sem aquisicao geometrica neste marco,nenhum artefato de aquisicao neste marco,registro preservado como contexto auditavel,"permanece review-only, sem promocao e sem treino",true,false,false,false,false
GPL_00694,GEO_0544,1,manter como contexto/bloqueado; sem aquisicao geometrica neste marco,nenhum artefato de aquisicao neste marco,registro preservado como contexto auditavel,"permanece review-only, sem promocao e sem treino",true,false,false,false,false
GPL_00695,GEO_0545,1,manter como contexto/bloqueado; sem aquisicao geometrica neste marco,nenhum artefato de aquisicao neste marco,registro preservado como contexto auditavel,"permanece review-only, sem promocao e sem treino",true,false,false,false,false
GPL_00696,GEO_0546,1,manter como contexto/bloqueado; sem aquisicao geometrica neste marco,nenhum artefato de aquisicao neste marco,registro preservado como contexto auditavel,"permanece review-only, sem promocao e sem treino",true,false,false,false,false
GPL_00697,GEO_0547,1,buscar poligono oficial do evento em base ja conhecida (sem consulta agora),poligono oficial associado ao evento,poligono oficial associado ao evento registrado e auditavel,"sem o artefato, permanece review-only sem promocao",true,true,true,true,false
GPL_00698,GEO_0547,2,consultar base setorial oficial no futuro (Defesa Civil/SGB/APAC/IPPUC/CEMADEN/S2iD),geometria/atributo oficial da base setorial,geometria/atributo oficial da base setorial registrado e auditavel,"sem o artefato, permanece review-only sem promocao",true,true,true,true,false
GPL_00699,GEO_0547,3,preparar alvo de footprint tecnico SAR para execucao futura (sem rodar SAR),especificacao de footprint SAR,especificacao de footprint SAR registrado e auditavel,"sem o artefato, permanece review-only sem promocao",true,true,false,false,true
GPL_00700,GEO_0547,4,validar/fortalecer o vinculo entre geometria e patch REV-P,patch_link_quality forte auditavel,patch_link_quality forte auditavel registrado e auditavel,"sem o artefato, permanece review-only sem promocao",true,false,false,false,false
GPL_00701,GEO_0548,1,buscar poligono oficial do evento em base ja conhecida (sem consulta agora),poligono oficial associado ao evento,poligono oficial associado ao evento registrado e auditavel,"sem o artefato, permanece review-only sem promocao",true,true,true,true,false
GPL_00702,GEO_0548,2,consultar base setorial oficial no futuro (Defesa Civil/SGB/APAC/IPPUC/CEMADEN/S2iD),geometria/atributo oficial da base setorial,geometria/atributo oficial da base setorial registrado e auditavel,"sem o artefato, permanece review-only sem promocao",true,true,true,true,false
GPL_00703,GEO_0548,3,preparar alvo de footprint tecnico SAR para execucao futura (sem rodar SAR),especificacao de footprint SAR,especificacao de footprint SAR registrado e auditavel,"sem o artefato, permanece review-only sem promocao",true,true,false,false,true
GPL_00704,GEO_0548,4,validar/fortalecer o vinculo entre geometria e patch REV-P,patch_link_quality forte auditavel,patch_link_quality forte auditavel registrado e auditavel,"sem o artefato, permanece review-only sem promocao",true,false,false,false,false
GPL_00705,GEO_0549,1,buscar poligono oficial do evento em base ja conhecida (sem consulta agora),poligono oficial associado ao evento,poligono oficial associado ao evento registrado e auditavel,"sem o artefato, permanece review-only sem promocao",true,true,true,true,false
GPL_00706,GEO_0549,2,consultar base setorial oficial no futuro (Defesa Civil/SGB/APAC/IPPUC/CEMADEN/S2iD),geometria/atributo oficial da base setorial,geometria/atributo oficial da base setorial registrado e auditavel,"sem o artefato, permanece review-only sem promocao",true,true,true,true,false
GPL_00707,GEO_0549,3,preparar alvo de footprint tecnico SAR para execucao futura (sem rodar SAR),especificacao de footprint SAR,especificacao de footprint SAR registrado e auditavel,"sem o artefato, permanece review-only sem promocao",true,true,false,false,true
GPL_00708,GEO_0549,4,validar/fortalecer o vinculo entre geometria e patch REV-P,patch_link_quality forte auditavel,patch_link_quality forte auditavel registrado e auditavel,"sem o artefato, permanece review-only sem promocao",true,false,false,false,false
GPL_00709,GEO_0550,1,buscar poligono oficial do evento em base ja conhecida (sem consulta agora),poligono oficial associado ao evento,poligono oficial associado ao evento registrado e auditavel,"sem o artefato, permanece review-only sem promocao",true,true,true,true,false
GPL_00710,GEO_0550,2,consultar base setorial oficial no futuro (Defesa Civil/SGB/APAC/IPPUC/CEMADEN/S2iD),geometria/atributo oficial da base setorial,geometria/atributo oficial da base setorial registrado e auditavel,"sem o artefato, permanece review-only sem promocao",true,true,true,true,false
GPL_00711,GEO_0550,3,preparar alvo de footprint tecnico SAR para execucao futura (sem rodar SAR),especificacao de footprint SAR,especificacao de footprint SAR registrado e auditavel,"sem o artefato, permanece review-only sem promocao",true,true,false,false,true
GPL_00712,GEO_0550,4,validar/fortalecer o vinculo entre geometria e patch REV-P,patch_link_quality forte auditavel,patch_link_quality forte auditavel registrado e auditavel,"sem o artefato, permanece review-only sem promocao",true,false,false,false,false
GPL_00713,GEO_0551,1,buscar poligono oficial do evento em base ja conhecida (sem consulta agora),poligono oficial associado ao evento,poligono oficial associado ao evento registrado e auditavel,"sem o artefato, permanece review-only sem promocao",true,true,true,true,false
GPL_00714,GEO_0551,2,consultar base setorial oficial no futuro (Defesa Civil/SGB/APAC/IPPUC/CEMADEN/S2iD),geometria/atributo oficial da base setorial,geometria/atributo oficial da base setorial registrado e auditavel,"sem o artefato, permanece review-only sem promocao",true,true,true,true,false
GPL_00715,GEO_0551,3,preparar alvo de footprint tecnico SAR para execucao futura (sem rodar SAR),especificacao de footprint SAR,especificacao de footprint SAR registrado e auditavel,"sem o artefato, permanece review-only sem promocao",true,true,false,false,true
GPL_00716,GEO_0551,4,validar/fortalecer o vinculo entre geometria e patch REV-P,patch_link_quality forte auditavel,patch_link_quality forte auditavel registrado e auditavel,"sem o artefato, permanece review-only sem promocao",true,false,false,false,false
GPL_00717,GEO_0552,1,buscar poligono oficial do evento em base ja conhecida (sem consulta agora),poligono oficial associado ao evento,poligono oficial associado ao evento registrado e auditavel,"sem o artefato, permanece review-only sem promocao",true,true,true,true,false
GPL_00718,GEO_0552,2,consultar base setorial oficial no futuro (Defesa Civil/SGB/APAC/IPPUC/CEMADEN/S2iD),geometria/atributo oficial da base setorial,geometria/atributo oficial da base setorial registrado e auditavel,"sem o artefato, permanece review-only sem promocao",true,true,true,true,false
GPL_00719,GEO_0552,3,preparar alvo de footprint tecnico SAR para execucao futura (sem rodar SAR),especificacao de footprint SAR,especificacao de footprint SAR registrado e auditavel,"sem o artefato, permanece review-only sem promocao",true,true,false,false,true
GPL_00720,GEO_0552,4,validar/fortalecer o vinculo entre geometria e patch REV-P,patch_link_quality forte auditavel,patch_link_quality forte auditavel registrado e auditavel,"sem o artefato, permanece review-only sem promocao",true,false,false,false,false
GPL_00721,GEO_0553,1,buscar poligono oficial do evento em base ja conhecida (sem consulta agora),poligono oficial associado ao evento,poligono oficial associado ao evento registrado e auditavel,"sem o artefato, permanece review-only sem promocao",true,true,true,true,false
GPL_00722,GEO_0553,2,consultar base setorial oficial no futuro (Defesa Civil/SGB/APAC/IPPUC/CEMADEN/S2iD),geometria/atributo oficial da base setorial,geometria/atributo oficial da base setorial registrado e auditavel,"sem o artefato, permanece review-only sem promocao",true,true,true,true,false
GPL_00723,GEO_0553,3,preparar alvo de footprint tecnico SAR para execucao futura (sem rodar SAR),especificacao de footprint SAR,especificacao de footprint SAR registrado e auditavel,"sem o artefato, permanece review-only sem promocao",true,true,false,false,true
GPL_00724,GEO_0553,4,validar/fortalecer o vinculo entre geometria e patch REV-P,patch_link_quality forte auditavel,patch_link_quality forte auditavel registrado e auditavel,"sem o artefato, permanece review-only sem promocao",true,false,false,false,false
GPL_00725,GEO_0554,1,buscar poligono oficial do evento em base ja conhecida (sem consulta agora),poligono oficial associado ao evento,poligono oficial associado ao evento registrado e auditavel,"sem o artefato, permanece review-only sem promocao",true,true,true,true,false
GPL_00726,GEO_0554,2,consultar base setorial oficial no futuro (Defesa Civil/SGB/APAC/IPPUC/CEMADEN/S2iD),geometria/atributo oficial da base setorial,geometria/atributo oficial da base setorial registrado e auditavel,"sem o artefato, permanece review-only sem promocao",true,true,true,true,false
GPL_00727,GEO_0554,3,preparar alvo de footprint tecnico SAR para execucao futura (sem rodar SAR),especificacao de footprint SAR,especificacao de footprint SAR registrado e auditavel,"sem o artefato, permanece review-only sem promocao",true,true,false,false,true
GPL_00728,GEO_0554,4,validar/fortalecer o vinculo entre geometria e patch REV-P,patch_link_quality forte auditavel,patch_link_quality forte auditavel registrado e auditavel,"sem o artefato, permanece review-only sem promocao",true,false,false,false,false
GPL_00729,GEO_0555,1,buscar poligono oficial do evento em base ja conhecida (sem consulta agora),poligono oficial associado ao evento,poligono oficial associado ao evento registrado e auditavel,"sem o artefato, permanece review-only sem promocao",true,true,true,true,false
GPL_00730,GEO_0555,2,consultar base setorial oficial no futuro (Defesa Civil/SGB/APAC/IPPUC/CEMADEN/S2iD),geometria/atributo oficial da base setorial,geometria/atributo oficial da base setorial registrado e auditavel,"sem o artefato, permanece review-only sem promocao",true,true,true,true,false
GPL_00731,GEO_0555,3,preparar alvo de footprint tecnico SAR para execucao futura (sem rodar SAR),especificacao de footprint SAR,especificacao de footprint SAR registrado e auditavel,"sem o artefato, permanece review-only sem promocao",true,true,false,false,true
GPL_00732,GEO_0555,4,validar/fortalecer o vinculo entre geometria e patch REV-P,patch_link_quality forte auditavel,patch_link_quality forte auditavel registrado e auditavel,"sem o artefato, permanece review-only sem promocao",true,false,false,false,false
GPL_00733,GEO_0556,1,buscar poligono oficial do evento em base ja conhecida (sem consulta agora),poligono oficial associado ao evento,poligono oficial associado ao evento registrado e auditavel,"sem o artefato, permanece review-only sem promocao",true,true,true,true,false
GPL_00734,GEO_0556,2,consultar base setorial oficial no futuro (Defesa Civil/SGB/APAC/IPPUC/CEMADEN/S2iD),geometria/atributo oficial da base setorial,geometria/atributo oficial da base setorial registrado e auditavel,"sem o artefato, permanece review-only sem promocao",true,true,true,true,false
GPL_00735,GEO_0556,3,preparar alvo de footprint tecnico SAR para execucao futura (sem rodar SAR),especificacao de footprint SAR,especificacao de footprint SAR registrado e auditavel,"sem o artefato, permanece review-only sem promocao",true,true,false,false,true
GPL_00736,GEO_0556,4,validar/fortalecer o vinculo entre geometria e patch REV-P,patch_link_quality forte auditavel,patch_link_quality forte auditavel registrado e auditavel,"sem o artefato, permanece review-only sem promocao",true,false,false,false,false
GPL_00737,GEO_0557,1,buscar poligono oficial do evento em base ja conhecida (sem consulta agora),poligono oficial associado ao evento,poligono oficial associado ao evento registrado e auditavel,"sem o artefato, permanece review-only sem promocao",true,true,true,true,false
GPL_00738,GEO_0557,2,consultar base setorial oficial no futuro (Defesa Civil/SGB/APAC/IPPUC/CEMADEN/S2iD),geometria/atributo oficial da base setorial,geometria/atributo oficial da base setorial registrado e auditavel,"sem o artefato, permanece review-only sem promocao",true,true,true,true,false
GPL_00739,GEO_0557,3,preparar alvo de footprint tecnico SAR para execucao futura (sem rodar SAR),especificacao de footprint SAR,especificacao de footprint SAR registrado e auditavel,"sem o artefato, permanece review-only sem promocao",true,true,false,false,true
GPL_00740,GEO_0557,4,validar/fortalecer o vinculo entre geometria e patch REV-P,patch_link_quality forte auditavel,patch_link_quality forte auditavel registrado e auditavel,"sem o artefato, permanece review-only sem promocao",true,false,false,false,false
