missingness_mask_id,unified_patch_id,feature_family,feature_available,feature_missing,missing_reason,missingness_allowed,imputation_allowed,imputation_strategy,review_only
S18B_MASK_00001,S18A_PATCH_0001,physical_topography,true,false,available,true,unsupervised_only,none,true
S18B_MASK_00002,S18A_PATCH_0001,hydrology_proximity,true,false,available,true,unsupervised_only,none,true
S18B_MASK_00003,S18A_PATCH_0001,urban_landcover,true,false,available,true,unsupervised_only,none,true
S18B_MASK_00004,S18A_PATCH_0001,spectral_sentinel2,true,false,available,true,unsupervised_only,none,true
S18B_MASK_00005,S18A_PATCH_0001,rainfall_chirps,true,false,available,true,unsupervised_only,none,true
S18B_MASK_00006,S18A_PATCH_0001,quality_lineage,true,false,available,true,unsupervised_only,none,true
S18B_MASK_00007,S18A_PATCH_0002,physical_topography,true,false,available,true,unsupervised_only,none,true
S18B_MASK_00008,S18A_PATCH_0002,hydrology_proximity,true,false,available,true,unsupervised_only,none,true
S18B_MASK_00009,S18A_PATCH_0002,urban_landcover,true,false,available,true,unsupervised_only,none,true
S18B_MASK_00010,S18A_PATCH_0002,spectral_sentinel2,true,false,available,true,unsupervised_only,none,true
S18B_MASK_00011,S18A_PATCH_0002,rainfall_chirps,true,false,available,true,unsupervised_only,none,true
S18B_MASK_00012,S18A_PATCH_0002,quality_lineage,true,false,available,true,unsupervised_only,none,true
S18B_MASK_00013,S18A_PATCH_0003,physical_topography,true,false,available,true,unsupervised_only,none,true
S18B_MASK_00014,S18A_PATCH_0003,hydrology_proximity,true,false,available,true,unsupervised_only,none,true
S18B_MASK_00015,S18A_PATCH_0003,urban_landcover,true,false,available,true,unsupervised_only,none,true
S18B_MASK_00016,S18A_PATCH_0003,spectral_sentinel2,true,false,available,true,unsupervised_only,none,true
S18B_MASK_00017,S18A_PATCH_0003,rainfall_chirps,true,false,available,true,unsupervised_only,none,true
S18B_MASK_00018,S18A_PATCH_0003,quality_lineage,true,false,available,true,unsupervised_only,none,true
S18B_MASK_00019,S18A_PATCH_0004,physical_topography,true,false,available,true,unsupervised_only,none,true
S18B_MASK_00020,S18A_PATCH_0004,hydrology_proximity,true,false,available,true,unsupervised_only,none,true
S18B_MASK_00021,S18A_PATCH_0004,urban_landcover,true,false,available,true,unsupervised_only,none,true
S18B_MASK_00022,S18A_PATCH_0004,spectral_sentinel2,true,false,available,true,unsupervised_only,none,true
S18B_MASK_00023,S18A_PATCH_0004,rainfall_chirps,true,false,available,true,unsupervised_only,none,true
S18B_MASK_00024,S18A_PATCH_0004,quality_lineage,true,false,available,true,unsupervised_only,none,true
S18B_MASK_00025,S18A_PATCH_0005,physical_topography,true,false,available,true,unsupervised_only,none,true
S18B_MASK_00026,S18A_PATCH_0005,hydrology_proximity,true,false,available,true,unsupervised_only,none,true
S18B_MASK_00027,S18A_PATCH_0005,urban_landcover,true,false,available,true,unsupervised_only,none,true
S18B_MASK_00028,S18A_PATCH_0005,spectral_sentinel2,true,false,available,true,unsupervised_only,none,true
S18B_MASK_00029,S18A_PATCH_0005,rainfall_chirps,true,false,available,true,unsupervised_only,none,true
S18B_MASK_00030,S18A_PATCH_0005,quality_lineage,true,false,available,true,unsupervised_only,none,true
S18B_MASK_00031,S18A_PATCH_0006,physical_topography,true,false,available,true,unsupervised_only,none,true
S18B_MASK_00032,S18A_PATCH_0006,hydrology_proximity,true,false,available,true,unsupervised_only,none,true
S18B_MASK_00033,S18A_PATCH_0006,urban_landcover,true,false,available,true,unsupervised_only,none,true
S18B_MASK_00034,S18A_PATCH_0006,spectral_sentinel2,true,false,available,true,unsupervised_only,none,true
S18B_MASK_00035,S18A_PATCH_0006,rainfall_chirps,true,false,available,true,unsupervised_only,none,true
S18B_MASK_00036,S18A_PATCH_0006,quality_lineage,true,false,available,true,unsupervised_only,none,true
S18B_MASK_00037,S18A_PATCH_0007,physical_topography,true,false,available,true,unsupervised_only,none,true
S18B_MASK_00038,S18A_PATCH_0007,hydrology_proximity,true,false,available,true,unsupervised_only,none,true
S18B_MASK_00039,S18A_PATCH_0007,urban_landcover,true,false,available,true,unsupervised_only,none,true
S18B_MASK_00040,S18A_PATCH_0007,spectral_sentinel2,true,false,available,true,unsupervised_only,none,true
S18B_MASK_00041,S18A_PATCH_0007,rainfall_chirps,true,false,available,true,unsupervised_only,none,true
S18B_MASK_00042,S18A_PATCH_0007,quality_lineage,true,false,available,true,unsupervised_only,none,true
S18B_MASK_00043,S18A_PATCH_0008,physical_topography,true,false,available,true,unsupervised_only,none,true
S18B_MASK_00044,S18A_PATCH_0008,hydrology_proximity,true,false,available,true,unsupervised_only,none,true
S18B_MASK_00045,S18A_PATCH_0008,urban_landcover,true,false,available,true,unsupervised_only,none,true
S18B_MASK_00046,S18A_PATCH_0008,spectral_sentinel2,true,false,available,true,unsupervised_only,none,true
S18B_MASK_00047,S18A_PATCH_0008,rainfall_chirps,true,false,available,true,unsupervised_only,none,true
S18B_MASK_00048,S18A_PATCH_0008,quality_lineage,true,false,available,true,unsupervised_only,none,true
S18B_MASK_00049,S18A_PATCH_0009,physical_topography,true,false,available,true,unsupervised_only,none,true
S18B_MASK_00050,S18A_PATCH_0009,hydrology_proximity,true,false,available,true,unsupervised_only,none,true
S18B_MASK_00051,S18A_PATCH_0009,urban_landcover,true,false,available,true,unsupervised_only,none,true
S18B_MASK_00052,S18A_PATCH_0009,spectral_sentinel2,true,false,available,true,unsupervised_only,none,true
S18B_MASK_00053,S18A_PATCH_0009,rainfall_chirps,true,false,available,true,unsupervised_only,none,true
S18B_MASK_00054,S18A_PATCH_0009,quality_lineage,true,false,available,true,unsupervised_only,none,true
S18B_MASK_00055,S18A_PATCH_0010,physical_topography,true,false,available,true,unsupervised_only,none,true
S18B_MASK_00056,S18A_PATCH_0010,hydrology_proximity,true,false,available,true,unsupervised_only,none,true
S18B_MASK_00057,S18A_PATCH_0010,urban_landcover,true,false,available,true,unsupervised_only,none,true
S18B_MASK_00058,S18A_PATCH_0010,spectral_sentinel2,true,false,available,true,unsupervised_only,none,true
S18B_MASK_00059,S18A_PATCH_0010,rainfall_chirps,true,false,available,true,unsupervised_only,none,true
S18B_MASK_00060,S18A_PATCH_0010,quality_lineage,true,false,available,true,unsupervised_only,none,true
S18B_MASK_00061,S18A_PATCH_0011,physical_topography,true,false,available,true,unsupervised_only,none,true
S18B_MASK_00062,S18A_PATCH_0011,hydrology_proximity,true,false,available,true,unsupervised_only,none,true
S18B_MASK_00063,S18A_PATCH_0011,urban_landcover,true,false,available,true,unsupervised_only,none,true
S18B_MASK_00064,S18A_PATCH_0011,spectral_sentinel2,true,false,available,true,unsupervised_only,none,true
S18B_MASK_00065,S18A_PATCH_0011,rainfall_chirps,true,false,available,true,unsupervised_only,none,true
S18B_MASK_00066,S18A_PATCH_0011,quality_lineage,true,false,available,true,unsupervised_only,none,true
S18B_MASK_00067,S18A_PATCH_0012,physical_topography,true,false,available,true,unsupervised_only,none,true
S18B_MASK_00068,S18A_PATCH_0012,hydrology_proximity,true,false,available,true,unsupervised_only,none,true
S18B_MASK_00069,S18A_PATCH_0012,urban_landcover,true,false,available,true,unsupervised_only,none,true
S18B_MASK_00070,S18A_PATCH_0012,spectral_sentinel2,true,false,available,true,unsupervised_only,none,true
S18B_MASK_00071,S18A_PATCH_0012,rainfall_chirps,true,false,available,true,unsupervised_only,none,true
S18B_MASK_00072,S18A_PATCH_0012,quality_lineage,true,false,available,true,unsupervised_only,none,true
S18B_MASK_00073,S18A_PATCH_0013,physical_topography,true,false,available,true,unsupervised_only,none,true
S18B_MASK_00074,S18A_PATCH_0013,hydrology_proximity,true,false,available,true,unsupervised_only,none,true
S18B_MASK_00075,S18A_PATCH_0013,urban_landcover,true,false,available,true,unsupervised_only,none,true
S18B_MASK_00076,S18A_PATCH_0013,spectral_sentinel2,true,false,available,true,unsupervised_only,none,true
S18B_MASK_00077,S18A_PATCH_0013,rainfall_chirps,true,false,available,true,unsupervised_only,none,true
S18B_MASK_00078,S18A_PATCH_0013,quality_lineage,true,false,available,true,unsupervised_only,none,true
S18B_MASK_00079,S18A_PATCH_0014,physical_topography,true,false,available,true,unsupervised_only,none,true
S18B_MASK_00080,S18A_PATCH_0014,hydrology_proximity,true,false,available,true,unsupervised_only,none,true
S18B_MASK_00081,S18A_PATCH_0014,urban_landcover,true,false,available,true,unsupervised_only,none,true
S18B_MASK_00082,S18A_PATCH_0014,spectral_sentinel2,true,false,available,true,unsupervised_only,none,true
S18B_MASK_00083,S18A_PATCH_0014,rainfall_chirps,true,false,available,true,unsupervised_only,none,true
S18B_MASK_00084,S18A_PATCH_0014,quality_lineage,true,false,available,true,unsupervised_only,none,true
S18B_MASK_00085,S18A_PATCH_0015,physical_topography,true,false,available,true,unsupervised_only,none,true
S18B_MASK_00086,S18A_PATCH_0015,hydrology_proximity,true,false,available,true,unsupervised_only,none,true
S18B_MASK_00087,S18A_PATCH_0015,urban_landcover,true,false,available,true,unsupervised_only,none,true
S18B_MASK_00088,S18A_PATCH_0015,spectral_sentinel2,true,false,available,true,unsupervised_only,none,true
S18B_MASK_00089,S18A_PATCH_0015,rainfall_chirps,true,false,available,true,unsupervised_only,none,true
S18B_MASK_00090,S18A_PATCH_0015,quality_lineage,true,false,available,true,unsupervised_only,none,true
S18B_MASK_00091,S18A_PATCH_0016,physical_topography,true,false,available,true,unsupervised_only,none,true
S18B_MASK_00092,S18A_PATCH_0016,hydrology_proximity,true,false,available,true,unsupervised_only,none,true
S18B_MASK_00093,S18A_PATCH_0016,urban_landcover,true,false,available,true,unsupervised_only,none,true
S18B_MASK_00094,S18A_PATCH_0016,spectral_sentinel2,true,false,available,true,unsupervised_only,none,true
S18B_MASK_00095,S18A_PATCH_0016,rainfall_chirps,true,false,available,true,unsupervised_only,none,true
S18B_MASK_00096,S18A_PATCH_0016,quality_lineage,true,false,available,true,unsupervised_only,none,true
S18B_MASK_00097,S18A_PATCH_0017,physical_topography,true,false,available,true,unsupervised_only,none,true
S18B_MASK_00098,S18A_PATCH_0017,hydrology_proximity,true,false,available,true,unsupervised_only,none,true
S18B_MASK_00099,S18A_PATCH_0017,urban_landcover,true,false,available,true,unsupervised_only,none,true
S18B_MASK_00100,S18A_PATCH_0017,spectral_sentinel2,true,false,available,true,unsupervised_only,none,true
S18B_MASK_00101,S18A_PATCH_0017,rainfall_chirps,true,false,available,true,unsupervised_only,none,true
S18B_MASK_00102,S18A_PATCH_0017,quality_lineage,true,false,available,true,unsupervised_only,none,true
S18B_MASK_00103,S18A_PATCH_0018,physical_topography,true,false,available,true,unsupervised_only,none,true
S18B_MASK_00104,S18A_PATCH_0018,hydrology_proximity,true,false,available,true,unsupervised_only,none,true
S18B_MASK_00105,S18A_PATCH_0018,urban_landcover,true,false,available,true,unsupervised_only,none,true
S18B_MASK_00106,S18A_PATCH_0018,spectral_sentinel2,true,false,available,true,unsupervised_only,none,true
S18B_MASK_00107,S18A_PATCH_0018,rainfall_chirps,true,false,available,true,unsupervised_only,none,true
S18B_MASK_00108,S18A_PATCH_0018,quality_lineage,true,false,available,true,unsupervised_only,none,true
S18B_MASK_00109,S18A_PATCH_0019,physical_topography,true,false,available,true,unsupervised_only,none,true
S18B_MASK_00110,S18A_PATCH_0019,hydrology_proximity,true,false,available,true,unsupervised_only,none,true
S18B_MASK_00111,S18A_PATCH_0019,urban_landcover,true,false,available,true,unsupervised_only,none,true
S18B_MASK_00112,S18A_PATCH_0019,spectral_sentinel2,true,false,available,true,unsupervised_only,none,true
S18B_MASK_00113,S18A_PATCH_0019,rainfall_chirps,true,false,available,true,unsupervised_only,none,true
S18B_MASK_00114,S18A_PATCH_0019,quality_lineage,true,false,available,true,unsupervised_only,none,true
S18B_MASK_00115,S18A_PATCH_0020,physical_topography,true,false,available,true,unsupervised_only,none,true
S18B_MASK_00116,S18A_PATCH_0020,hydrology_proximity,true,false,available,true,unsupervised_only,none,true
S18B_MASK_00117,S18A_PATCH_0020,urban_landcover,true,false,available,true,unsupervised_only,none,true
S18B_MASK_00118,S18A_PATCH_0020,spectral_sentinel2,true,false,available,true,unsupervised_only,none,true
S18B_MASK_00119,S18A_PATCH_0020,rainfall_chirps,true,false,available,true,unsupervised_only,none,true
S18B_MASK_00120,S18A_PATCH_0020,quality_lineage,true,false,available,true,unsupervised_only,none,true
S18B_MASK_00121,S18A_PATCH_0021,physical_topography,true,false,available,true,unsupervised_only,none,true
S18B_MASK_00122,S18A_PATCH_0021,hydrology_proximity,true,false,available,true,unsupervised_only,none,true
S18B_MASK_00123,S18A_PATCH_0021,urban_landcover,true,false,available,true,unsupervised_only,none,true
S18B_MASK_00124,S18A_PATCH_0021,spectral_sentinel2,true,false,available,true,unsupervised_only,none,true
S18B_MASK_00125,S18A_PATCH_0021,rainfall_chirps,true,false,available,true,unsupervised_only,none,true
S18B_MASK_00126,S18A_PATCH_0021,quality_lineage,true,false,available,true,unsupervised_only,none,true
S18B_MASK_00127,S18A_PATCH_0022,physical_topography,true,false,available,true,unsupervised_only,none,true
S18B_MASK_00128,S18A_PATCH_0022,hydrology_proximity,true,false,available,true,unsupervised_only,none,true
S18B_MASK_00129,S18A_PATCH_0022,urban_landcover,true,false,available,true,unsupervised_only,none,true
S18B_MASK_00130,S18A_PATCH_0022,spectral_sentinel2,true,false,available,true,unsupervised_only,none,true
S18B_MASK_00131,S18A_PATCH_0022,rainfall_chirps,true,false,available,true,unsupervised_only,none,true
S18B_MASK_00132,S18A_PATCH_0022,quality_lineage,true,false,available,true,unsupervised_only,none,true
S18B_MASK_00133,S18A_PATCH_0023,physical_topography,true,false,available,true,unsupervised_only,none,true
S18B_MASK_00134,S18A_PATCH_0023,hydrology_proximity,true,false,available,true,unsupervised_only,none,true
S18B_MASK_00135,S18A_PATCH_0023,urban_landcover,true,false,available,true,unsupervised_only,none,true
S18B_MASK_00136,S18A_PATCH_0023,spectral_sentinel2,true,false,available,true,unsupervised_only,none,true
S18B_MASK_00137,S18A_PATCH_0023,rainfall_chirps,true,false,available,true,unsupervised_only,none,true
S18B_MASK_00138,S18A_PATCH_0023,quality_lineage,true,false,available,true,unsupervised_only,none,true
S18B_MASK_00139,S18A_PATCH_0024,physical_topography,true,false,available,true,unsupervised_only,none,true
S18B_MASK_00140,S18A_PATCH_0024,hydrology_proximity,true,false,available,true,unsupervised_only,none,true
S18B_MASK_00141,S18A_PATCH_0024,urban_landcover,true,false,available,true,unsupervised_only,none,true
S18B_MASK_00142,S18A_PATCH_0024,spectral_sentinel2,true,false,available,true,unsupervised_only,none,true
S18B_MASK_00143,S18A_PATCH_0024,rainfall_chirps,true,false,available,true,unsupervised_only,none,true
S18B_MASK_00144,S18A_PATCH_0024,quality_lineage,true,false,available,true,unsupervised_only,none,true
S18B_MASK_00145,S18A_PATCH_0025,physical_topography,true,false,available,true,unsupervised_only,none,true
S18B_MASK_00146,S18A_PATCH_0025,hydrology_proximity,true,false,available,true,unsupervised_only,none,true
S18B_MASK_00147,S18A_PATCH_0025,urban_landcover,true,false,available,true,unsupervised_only,none,true
S18B_MASK_00148,S18A_PATCH_0025,spectral_sentinel2,true,false,available,true,unsupervised_only,none,true
S18B_MASK_00149,S18A_PATCH_0025,rainfall_chirps,true,false,available,true,unsupervised_only,none,true
S18B_MASK_00150,S18A_PATCH_0025,quality_lineage,true,false,available,true,unsupervised_only,none,true
S18B_MASK_00151,S18A_PATCH_0026,physical_topography,true,false,available,true,unsupervised_only,none,true
S18B_MASK_00152,S18A_PATCH_0026,hydrology_proximity,true,false,available,true,unsupervised_only,none,true
S18B_MASK_00153,S18A_PATCH_0026,urban_landcover,true,false,available,true,unsupervised_only,none,true
S18B_MASK_00154,S18A_PATCH_0026,spectral_sentinel2,true,false,available,true,unsupervised_only,none,true
S18B_MASK_00155,S18A_PATCH_0026,rainfall_chirps,true,false,available,true,unsupervised_only,none,true
S18B_MASK_00156,S18A_PATCH_0026,quality_lineage,true,false,available,true,unsupervised_only,none,true
S18B_MASK_00157,S18A_PATCH_0027,physical_topography,true,false,available,true,unsupervised_only,none,true
S18B_MASK_00158,S18A_PATCH_0027,hydrology_proximity,true,false,available,true,unsupervised_only,none,true
S18B_MASK_00159,S18A_PATCH_0027,urban_landcover,true,false,available,true,unsupervised_only,none,true
S18B_MASK_00160,S18A_PATCH_0027,spectral_sentinel2,true,false,available,true,unsupervised_only,none,true
S18B_MASK_00161,S18A_PATCH_0027,rainfall_chirps,true,false,available,true,unsupervised_only,none,true
S18B_MASK_00162,S18A_PATCH_0027,quality_lineage,true,false,available,true,unsupervised_only,none,true
S18B_MASK_00163,S18A_PATCH_0028,physical_topography,true,false,available,true,unsupervised_only,none,true
S18B_MASK_00164,S18A_PATCH_0028,hydrology_proximity,true,false,available,true,unsupervised_only,none,true
S18B_MASK_00165,S18A_PATCH_0028,urban_landcover,true,false,available,true,unsupervised_only,none,true
S18B_MASK_00166,S18A_PATCH_0028,spectral_sentinel2,true,false,available,true,unsupervised_only,none,true
S18B_MASK_00167,S18A_PATCH_0028,rainfall_chirps,true,false,available,true,unsupervised_only,none,true
S18B_MASK_00168,S18A_PATCH_0028,quality_lineage,true,false,available,true,unsupervised_only,none,true
S18B_MASK_00169,S18A_PATCH_0029,physical_topography,true,false,available,true,unsupervised_only,none,true
S18B_MASK_00170,S18A_PATCH_0029,hydrology_proximity,true,false,available,true,unsupervised_only,none,true
S18B_MASK_00171,S18A_PATCH_0029,urban_landcover,true,false,available,true,unsupervised_only,none,true
S18B_MASK_00172,S18A_PATCH_0029,spectral_sentinel2,true,false,available,true,unsupervised_only,none,true
S18B_MASK_00173,S18A_PATCH_0029,rainfall_chirps,true,false,available,true,unsupervised_only,none,true
S18B_MASK_00174,S18A_PATCH_0029,quality_lineage,true,false,available,true,unsupervised_only,none,true
S18B_MASK_00175,S18A_PATCH_0030,physical_topography,true,false,available,true,unsupervised_only,none,true
S18B_MASK_00176,S18A_PATCH_0030,hydrology_proximity,true,false,available,true,unsupervised_only,none,true
S18B_MASK_00177,S18A_PATCH_0030,urban_landcover,true,false,available,true,unsupervised_only,none,true
S18B_MASK_00178,S18A_PATCH_0030,spectral_sentinel2,true,false,available,true,unsupervised_only,none,true
S18B_MASK_00179,S18A_PATCH_0030,rainfall_chirps,true,false,available,true,unsupervised_only,none,true
S18B_MASK_00180,S18A_PATCH_0030,quality_lineage,true,false,available,true,unsupervised_only,none,true
S18B_MASK_00181,S18A_PATCH_0031,physical_topography,true,false,available,true,unsupervised_only,none,true
S18B_MASK_00182,S18A_PATCH_0031,hydrology_proximity,true,false,available,true,unsupervised_only,none,true
S18B_MASK_00183,S18A_PATCH_0031,urban_landcover,true,false,available,true,unsupervised_only,none,true
S18B_MASK_00184,S18A_PATCH_0031,spectral_sentinel2,true,false,available,true,unsupervised_only,none,true
S18B_MASK_00185,S18A_PATCH_0031,rainfall_chirps,true,false,available,true,unsupervised_only,none,true
S18B_MASK_00186,S18A_PATCH_0031,quality_lineage,true,false,available,true,unsupervised_only,none,true
S18B_MASK_00187,S18A_PATCH_0032,physical_topography,true,false,available,true,unsupervised_only,none,true
S18B_MASK_00188,S18A_PATCH_0032,hydrology_proximity,true,false,available,true,unsupervised_only,none,true
S18B_MASK_00189,S18A_PATCH_0032,urban_landcover,true,false,available,true,unsupervised_only,none,true
S18B_MASK_00190,S18A_PATCH_0032,spectral_sentinel2,true,false,available,true,unsupervised_only,none,true
S18B_MASK_00191,S18A_PATCH_0032,rainfall_chirps,true,false,available,true,unsupervised_only,none,true
S18B_MASK_00192,S18A_PATCH_0032,quality_lineage,true,false,available,true,unsupervised_only,none,true
S18B_MASK_00193,S18A_PATCH_0033,physical_topography,true,false,available,true,unsupervised_only,none,true
S18B_MASK_00194,S18A_PATCH_0033,hydrology_proximity,true,false,available,true,unsupervised_only,none,true
S18B_MASK_00195,S18A_PATCH_0033,urban_landcover,true,false,available,true,unsupervised_only,none,true
S18B_MASK_00196,S18A_PATCH_0033,spectral_sentinel2,true,false,available,true,unsupervised_only,none,true
S18B_MASK_00197,S18A_PATCH_0033,rainfall_chirps,true,false,available,true,unsupervised_only,none,true
S18B_MASK_00198,S18A_PATCH_0033,quality_lineage,true,false,available,true,unsupervised_only,none,true
S18B_MASK_00199,S18A_PATCH_0034,physical_topography,true,false,available,true,unsupervised_only,none,true
S18B_MASK_00200,S18A_PATCH_0034,hydrology_proximity,true,false,available,true,unsupervised_only,none,true
S18B_MASK_00201,S18A_PATCH_0034,urban_landcover,true,false,available,true,unsupervised_only,none,true
S18B_MASK_00202,S18A_PATCH_0034,spectral_sentinel2,true,false,available,true,unsupervised_only,none,true
S18B_MASK_00203,S18A_PATCH_0034,rainfall_chirps,true,false,available,true,unsupervised_only,none,true
S18B_MASK_00204,S18A_PATCH_0034,quality_lineage,true,false,available,true,unsupervised_only,none,true
S18B_MASK_00205,S18A_PATCH_0035,physical_topography,true,false,available,true,unsupervised_only,none,true
S18B_MASK_00206,S18A_PATCH_0035,hydrology_proximity,true,false,available,true,unsupervised_only,none,true
S18B_MASK_00207,S18A_PATCH_0035,urban_landcover,true,false,available,true,unsupervised_only,none,true
S18B_MASK_00208,S18A_PATCH_0035,spectral_sentinel2,true,false,available,true,unsupervised_only,none,true
S18B_MASK_00209,S18A_PATCH_0035,rainfall_chirps,true,false,available,true,unsupervised_only,none,true
S18B_MASK_00210,S18A_PATCH_0035,quality_lineage,true,false,available,true,unsupervised_only,none,true
S18B_MASK_00211,S18A_PATCH_0036,physical_topography,true,false,available,true,unsupervised_only,none,true
S18B_MASK_00212,S18A_PATCH_0036,hydrology_proximity,true,false,available,true,unsupervised_only,none,true
S18B_MASK_00213,S18A_PATCH_0036,urban_landcover,true,false,available,true,unsupervised_only,none,true
S18B_MASK_00214,S18A_PATCH_0036,spectral_sentinel2,true,false,available,true,unsupervised_only,none,true
S18B_MASK_00215,S18A_PATCH_0036,rainfall_chirps,true,false,available,true,unsupervised_only,none,true
S18B_MASK_00216,S18A_PATCH_0036,quality_lineage,true,false,available,true,unsupervised_only,none,true
S18B_MASK_00217,S18A_PATCH_0037,physical_topography,true,false,available,true,unsupervised_only,none,true
S18B_MASK_00218,S18A_PATCH_0037,hydrology_proximity,true,false,available,true,unsupervised_only,none,true
S18B_MASK_00219,S18A_PATCH_0037,urban_landcover,true,false,available,true,unsupervised_only,none,true
S18B_MASK_00220,S18A_PATCH_0037,spectral_sentinel2,true,false,available,true,unsupervised_only,none,true
S18B_MASK_00221,S18A_PATCH_0037,rainfall_chirps,true,false,available,true,unsupervised_only,none,true
S18B_MASK_00222,S18A_PATCH_0037,quality_lineage,true,false,available,true,unsupervised_only,none,true
S18B_MASK_00223,S18A_PATCH_0038,physical_topography,true,false,available,true,unsupervised_only,none,true
S18B_MASK_00224,S18A_PATCH_0038,hydrology_proximity,true,false,available,true,unsupervised_only,none,true
S18B_MASK_00225,S18A_PATCH_0038,urban_landcover,true,false,available,true,unsupervised_only,none,true
S18B_MASK_00226,S18A_PATCH_0038,spectral_sentinel2,true,false,available,true,unsupervised_only,none,true
S18B_MASK_00227,S18A_PATCH_0038,rainfall_chirps,true,false,available,true,unsupervised_only,none,true
S18B_MASK_00228,S18A_PATCH_0038,quality_lineage,true,false,available,true,unsupervised_only,none,true
S18B_MASK_00229,S18A_PATCH_0039,physical_topography,true,false,available,true,unsupervised_only,none,true
S18B_MASK_00230,S18A_PATCH_0039,hydrology_proximity,true,false,available,true,unsupervised_only,none,true
S18B_MASK_00231,S18A_PATCH_0039,urban_landcover,true,false,available,true,unsupervised_only,none,true
S18B_MASK_00232,S18A_PATCH_0039,spectral_sentinel2,true,false,available,true,unsupervised_only,none,true
S18B_MASK_00233,S18A_PATCH_0039,rainfall_chirps,true,false,available,true,unsupervised_only,none,true
S18B_MASK_00234,S18A_PATCH_0039,quality_lineage,true,false,available,true,unsupervised_only,none,true
S18B_MASK_00235,S18A_PATCH_0040,physical_topography,true,false,available,true,unsupervised_only,none,true
S18B_MASK_00236,S18A_PATCH_0040,hydrology_proximity,true,false,available,true,unsupervised_only,none,true
S18B_MASK_00237,S18A_PATCH_0040,urban_landcover,true,false,available,true,unsupervised_only,none,true
S18B_MASK_00238,S18A_PATCH_0040,spectral_sentinel2,true,false,available,true,unsupervised_only,none,true
S18B_MASK_00239,S18A_PATCH_0040,rainfall_chirps,true,false,available,true,unsupervised_only,none,true
S18B_MASK_00240,S18A_PATCH_0040,quality_lineage,true,false,available,true,unsupervised_only,none,true
S18B_MASK_00241,S18A_PATCH_0041,physical_topography,true,false,available,true,unsupervised_only,none,true
S18B_MASK_00242,S18A_PATCH_0041,hydrology_proximity,true,false,available,true,unsupervised_only,none,true
S18B_MASK_00243,S18A_PATCH_0041,urban_landcover,true,false,available,true,unsupervised_only,none,true
S18B_MASK_00244,S18A_PATCH_0041,spectral_sentinel2,true,false,available,true,unsupervised_only,none,true
S18B_MASK_00245,S18A_PATCH_0041,rainfall_chirps,true,false,available,true,unsupervised_only,none,true
S18B_MASK_00246,S18A_PATCH_0041,quality_lineage,true,false,available,true,unsupervised_only,none,true
S18B_MASK_00247,S18A_PATCH_0042,physical_topography,true,false,available,true,unsupervised_only,none,true
S18B_MASK_00248,S18A_PATCH_0042,hydrology_proximity,true,false,available,true,unsupervised_only,none,true
S18B_MASK_00249,S18A_PATCH_0042,urban_landcover,true,false,available,true,unsupervised_only,none,true
S18B_MASK_00250,S18A_PATCH_0042,spectral_sentinel2,true,false,available,true,unsupervised_only,none,true
S18B_MASK_00251,S18A_PATCH_0042,rainfall_chirps,true,false,available,true,unsupervised_only,none,true
S18B_MASK_00252,S18A_PATCH_0042,quality_lineage,true,false,available,true,unsupervised_only,none,true
S18B_MASK_00253,S18A_PATCH_0043,physical_topography,true,false,available,true,unsupervised_only,none,true
S18B_MASK_00254,S18A_PATCH_0043,hydrology_proximity,true,false,available,true,unsupervised_only,none,true
S18B_MASK_00255,S18A_PATCH_0043,urban_landcover,true,false,available,true,unsupervised_only,none,true
S18B_MASK_00256,S18A_PATCH_0043,spectral_sentinel2,true,false,available,true,unsupervised_only,none,true
S18B_MASK_00257,S18A_PATCH_0043,rainfall_chirps,true,false,available,true,unsupervised_only,none,true
S18B_MASK_00258,S18A_PATCH_0043,quality_lineage,true,false,available,true,unsupervised_only,none,true
S18B_MASK_00259,S18A_PATCH_0044,physical_topography,true,false,available,true,unsupervised_only,none,true
S18B_MASK_00260,S18A_PATCH_0044,hydrology_proximity,true,false,available,true,unsupervised_only,none,true
S18B_MASK_00261,S18A_PATCH_0044,urban_landcover,true,false,available,true,unsupervised_only,none,true
S18B_MASK_00262,S18A_PATCH_0044,spectral_sentinel2,true,false,available,true,unsupervised_only,none,true
S18B_MASK_00263,S18A_PATCH_0044,rainfall_chirps,true,false,available,true,unsupervised_only,none,true
S18B_MASK_00264,S18A_PATCH_0044,quality_lineage,true,false,available,true,unsupervised_only,none,true
S18B_MASK_00265,S18A_PATCH_0045,physical_topography,true,false,available,true,unsupervised_only,none,true
S18B_MASK_00266,S18A_PATCH_0045,hydrology_proximity,true,false,available,true,unsupervised_only,none,true
S18B_MASK_00267,S18A_PATCH_0045,urban_landcover,true,false,available,true,unsupervised_only,none,true
S18B_MASK_00268,S18A_PATCH_0045,spectral_sentinel2,true,false,available,true,unsupervised_only,none,true
S18B_MASK_00269,S18A_PATCH_0045,rainfall_chirps,true,false,available,true,unsupervised_only,none,true
S18B_MASK_00270,S18A_PATCH_0045,quality_lineage,true,false,available,true,unsupervised_only,none,true
S18B_MASK_00271,S18A_PATCH_0046,physical_topography,true,false,available,true,unsupervised_only,none,true
S18B_MASK_00272,S18A_PATCH_0046,hydrology_proximity,true,false,available,true,unsupervised_only,none,true
S18B_MASK_00273,S18A_PATCH_0046,urban_landcover,true,false,available,true,unsupervised_only,none,true
S18B_MASK_00274,S18A_PATCH_0046,spectral_sentinel2,true,false,available,true,unsupervised_only,none,true
S18B_MASK_00275,S18A_PATCH_0046,rainfall_chirps,true,false,available,true,unsupervised_only,none,true
S18B_MASK_00276,S18A_PATCH_0046,quality_lineage,true,false,available,true,unsupervised_only,none,true
S18B_MASK_00277,S18A_PATCH_0047,physical_topography,true,false,available,true,unsupervised_only,none,true
S18B_MASK_00278,S18A_PATCH_0047,hydrology_proximity,true,false,available,true,unsupervised_only,none,true
S18B_MASK_00279,S18A_PATCH_0047,urban_landcover,true,false,available,true,unsupervised_only,none,true
S18B_MASK_00280,S18A_PATCH_0047,spectral_sentinel2,true,false,available,true,unsupervised_only,none,true
S18B_MASK_00281,S18A_PATCH_0047,rainfall_chirps,true,false,available,true,unsupervised_only,none,true
S18B_MASK_00282,S18A_PATCH_0047,quality_lineage,true,false,available,true,unsupervised_only,none,true
S18B_MASK_00283,S18A_PATCH_0048,physical_topography,true,false,available,true,unsupervised_only,none,true
S18B_MASK_00284,S18A_PATCH_0048,hydrology_proximity,true,false,available,true,unsupervised_only,none,true
S18B_MASK_00285,S18A_PATCH_0048,urban_landcover,true,false,available,true,unsupervised_only,none,true
S18B_MASK_00286,S18A_PATCH_0048,spectral_sentinel2,true,false,available,true,unsupervised_only,none,true
S18B_MASK_00287,S18A_PATCH_0048,rainfall_chirps,true,false,available,true,unsupervised_only,none,true
S18B_MASK_00288,S18A_PATCH_0048,quality_lineage,true,false,available,true,unsupervised_only,none,true
S18B_MASK_00289,S18A_PATCH_0049,physical_topography,true,false,available,true,unsupervised_only,none,true
S18B_MASK_00290,S18A_PATCH_0049,hydrology_proximity,true,false,available,true,unsupervised_only,none,true
S18B_MASK_00291,S18A_PATCH_0049,urban_landcover,true,false,available,true,unsupervised_only,none,true
S18B_MASK_00292,S18A_PATCH_0049,spectral_sentinel2,true,false,available,true,unsupervised_only,none,true
S18B_MASK_00293,S18A_PATCH_0049,rainfall_chirps,true,false,available,true,unsupervised_only,none,true
S18B_MASK_00294,S18A_PATCH_0049,quality_lineage,true,false,available,true,unsupervised_only,none,true
S18B_MASK_00295,S18A_PATCH_0050,physical_topography,true,false,available,true,unsupervised_only,none,true
S18B_MASK_00296,S18A_PATCH_0050,hydrology_proximity,true,false,available,true,unsupervised_only,none,true
S18B_MASK_00297,S18A_PATCH_0050,urban_landcover,true,false,available,true,unsupervised_only,none,true
S18B_MASK_00298,S18A_PATCH_0050,spectral_sentinel2,true,false,available,true,unsupervised_only,none,true
S18B_MASK_00299,S18A_PATCH_0050,rainfall_chirps,true,false,available,true,unsupervised_only,none,true
S18B_MASK_00300,S18A_PATCH_0050,quality_lineage,true,false,available,true,unsupervised_only,none,true
S18B_MASK_00301,S18A_PATCH_0051,physical_topography,true,false,available,true,unsupervised_only,none,true
S18B_MASK_00302,S18A_PATCH_0051,hydrology_proximity,true,false,available,true,unsupervised_only,none,true
S18B_MASK_00303,S18A_PATCH_0051,urban_landcover,true,false,available,true,unsupervised_only,none,true
S18B_MASK_00304,S18A_PATCH_0051,spectral_sentinel2,true,false,available,true,unsupervised_only,none,true
S18B_MASK_00305,S18A_PATCH_0051,rainfall_chirps,true,false,available,true,unsupervised_only,none,true
S18B_MASK_00306,S18A_PATCH_0051,quality_lineage,true,false,available,true,unsupervised_only,none,true
S18B_MASK_00307,S18A_PATCH_0052,physical_topography,true,false,available,true,unsupervised_only,none,true
S18B_MASK_00308,S18A_PATCH_0052,hydrology_proximity,true,false,available,true,unsupervised_only,none,true
S18B_MASK_00309,S18A_PATCH_0052,urban_landcover,true,false,available,true,unsupervised_only,none,true
S18B_MASK_00310,S18A_PATCH_0052,spectral_sentinel2,true,false,available,true,unsupervised_only,none,true
S18B_MASK_00311,S18A_PATCH_0052,rainfall_chirps,true,false,available,true,unsupervised_only,none,true
S18B_MASK_00312,S18A_PATCH_0052,quality_lineage,true,false,available,true,unsupervised_only,none,true
S18B_MASK_00313,S18A_PATCH_0053,physical_topography,true,false,available,true,unsupervised_only,none,true
S18B_MASK_00314,S18A_PATCH_0053,hydrology_proximity,true,false,available,true,unsupervised_only,none,true
S18B_MASK_00315,S18A_PATCH_0053,urban_landcover,true,false,available,true,unsupervised_only,none,true
S18B_MASK_00316,S18A_PATCH_0053,spectral_sentinel2,true,false,available,true,unsupervised_only,none,true
S18B_MASK_00317,S18A_PATCH_0053,rainfall_chirps,true,false,available,true,unsupervised_only,none,true
S18B_MASK_00318,S18A_PATCH_0053,quality_lineage,true,false,available,true,unsupervised_only,none,true
S18B_MASK_00319,S18A_PATCH_0054,physical_topography,true,false,available,true,unsupervised_only,none,true
S18B_MASK_00320,S18A_PATCH_0054,hydrology_proximity,true,false,available,true,unsupervised_only,none,true
S18B_MASK_00321,S18A_PATCH_0054,urban_landcover,true,false,available,true,unsupervised_only,none,true
S18B_MASK_00322,S18A_PATCH_0054,spectral_sentinel2,true,false,available,true,unsupervised_only,none,true
S18B_MASK_00323,S18A_PATCH_0054,rainfall_chirps,true,false,available,true,unsupervised_only,none,true
S18B_MASK_00324,S18A_PATCH_0054,quality_lineage,true,false,available,true,unsupervised_only,none,true
S18B_MASK_00325,S18A_PATCH_0055,physical_topography,true,false,available,true,unsupervised_only,none,true
S18B_MASK_00326,S18A_PATCH_0055,hydrology_proximity,true,false,available,true,unsupervised_only,none,true
S18B_MASK_00327,S18A_PATCH_0055,urban_landcover,true,false,available,true,unsupervised_only,none,true
S18B_MASK_00328,S18A_PATCH_0055,spectral_sentinel2,true,false,available,true,unsupervised_only,none,true
S18B_MASK_00329,S18A_PATCH_0055,rainfall_chirps,true,false,available,true,unsupervised_only,none,true
S18B_MASK_00330,S18A_PATCH_0055,quality_lineage,true,false,available,true,unsupervised_only,none,true
S18B_MASK_00331,S18A_PATCH_0056,physical_topography,true,false,available,true,unsupervised_only,none,true
S18B_MASK_00332,S18A_PATCH_0056,hydrology_proximity,true,false,available,true,unsupervised_only,none,true
S18B_MASK_00333,S18A_PATCH_0056,urban_landcover,true,false,available,true,unsupervised_only,none,true
S18B_MASK_00334,S18A_PATCH_0056,spectral_sentinel2,true,false,available,true,unsupervised_only,none,true
S18B_MASK_00335,S18A_PATCH_0056,rainfall_chirps,true,false,available,true,unsupervised_only,none,true
S18B_MASK_00336,S18A_PATCH_0056,quality_lineage,true,false,available,true,unsupervised_only,none,true
S18B_MASK_00337,S18A_PATCH_0057,physical_topography,true,false,available,true,unsupervised_only,none,true
S18B_MASK_00338,S18A_PATCH_0057,hydrology_proximity,true,false,available,true,unsupervised_only,none,true
S18B_MASK_00339,S18A_PATCH_0057,urban_landcover,true,false,available,true,unsupervised_only,none,true
S18B_MASK_00340,S18A_PATCH_0057,spectral_sentinel2,true,false,available,true,unsupervised_only,none,true
S18B_MASK_00341,S18A_PATCH_0057,rainfall_chirps,true,false,available,true,unsupervised_only,none,true
S18B_MASK_00342,S18A_PATCH_0057,quality_lineage,true,false,available,true,unsupervised_only,none,true
S18B_MASK_00343,S18A_PATCH_0058,physical_topography,true,false,available,true,unsupervised_only,none,true
S18B_MASK_00344,S18A_PATCH_0058,hydrology_proximity,true,false,available,true,unsupervised_only,none,true
S18B_MASK_00345,S18A_PATCH_0058,urban_landcover,true,false,available,true,unsupervised_only,none,true
S18B_MASK_00346,S18A_PATCH_0058,spectral_sentinel2,true,false,available,true,unsupervised_only,none,true
S18B_MASK_00347,S18A_PATCH_0058,rainfall_chirps,true,false,available,true,unsupervised_only,none,true
S18B_MASK_00348,S18A_PATCH_0058,quality_lineage,true,false,available,true,unsupervised_only,none,true
S18B_MASK_00349,S18A_PATCH_0059,physical_topography,true,false,available,true,unsupervised_only,none,true
S18B_MASK_00350,S18A_PATCH_0059,hydrology_proximity,true,false,available,true,unsupervised_only,none,true
S18B_MASK_00351,S18A_PATCH_0059,urban_landcover,true,false,available,true,unsupervised_only,none,true
S18B_MASK_00352,S18A_PATCH_0059,spectral_sentinel2,true,false,available,true,unsupervised_only,none,true
S18B_MASK_00353,S18A_PATCH_0059,rainfall_chirps,true,false,available,true,unsupervised_only,none,true
S18B_MASK_00354,S18A_PATCH_0059,quality_lineage,true,false,available,true,unsupervised_only,none,true
S18B_MASK_00355,S18A_PATCH_0060,physical_topography,true,false,available,true,unsupervised_only,none,true
S18B_MASK_00356,S18A_PATCH_0060,hydrology_proximity,true,false,available,true,unsupervised_only,none,true
S18B_MASK_00357,S18A_PATCH_0060,urban_landcover,true,false,available,true,unsupervised_only,none,true
S18B_MASK_00358,S18A_PATCH_0060,spectral_sentinel2,true,false,available,true,unsupervised_only,none,true
S18B_MASK_00359,S18A_PATCH_0060,rainfall_chirps,true,false,available,true,unsupervised_only,none,true
S18B_MASK_00360,S18A_PATCH_0060,quality_lineage,true,false,available,true,unsupervised_only,none,true
S18B_MASK_00361,S18A_PATCH_0061,physical_topography,true,false,available,true,unsupervised_only,none,true
S18B_MASK_00362,S18A_PATCH_0061,hydrology_proximity,true,false,available,true,unsupervised_only,none,true
S18B_MASK_00363,S18A_PATCH_0061,urban_landcover,true,false,available,true,unsupervised_only,none,true
S18B_MASK_00364,S18A_PATCH_0061,spectral_sentinel2,true,false,available,true,unsupervised_only,none,true
S18B_MASK_00365,S18A_PATCH_0061,rainfall_chirps,true,false,available,true,unsupervised_only,none,true
S18B_MASK_00366,S18A_PATCH_0061,quality_lineage,true,false,available,true,unsupervised_only,none,true
S18B_MASK_00367,S18A_PATCH_0062,physical_topography,true,false,available,true,unsupervised_only,none,true
S18B_MASK_00368,S18A_PATCH_0062,hydrology_proximity,true,false,available,true,unsupervised_only,none,true
S18B_MASK_00369,S18A_PATCH_0062,urban_landcover,true,false,available,true,unsupervised_only,none,true
S18B_MASK_00370,S18A_PATCH_0062,spectral_sentinel2,true,false,available,true,unsupervised_only,none,true
S18B_MASK_00371,S18A_PATCH_0062,rainfall_chirps,true,false,available,true,unsupervised_only,none,true
S18B_MASK_00372,S18A_PATCH_0062,quality_lineage,true,false,available,true,unsupervised_only,none,true
S18B_MASK_00373,S18A_PATCH_0063,physical_topography,true,false,available,true,unsupervised_only,none,true
S18B_MASK_00374,S18A_PATCH_0063,hydrology_proximity,true,false,available,true,unsupervised_only,none,true
S18B_MASK_00375,S18A_PATCH_0063,urban_landcover,true,false,available,true,unsupervised_only,none,true
S18B_MASK_00376,S18A_PATCH_0063,spectral_sentinel2,true,false,available,true,unsupervised_only,none,true
S18B_MASK_00377,S18A_PATCH_0063,rainfall_chirps,true,false,available,true,unsupervised_only,none,true
S18B_MASK_00378,S18A_PATCH_0063,quality_lineage,true,false,available,true,unsupervised_only,none,true
S18B_MASK_00379,S18A_PATCH_0064,physical_topography,true,false,available,true,unsupervised_only,none,true
S18B_MASK_00380,S18A_PATCH_0064,hydrology_proximity,true,false,available,true,unsupervised_only,none,true
S18B_MASK_00381,S18A_PATCH_0064,urban_landcover,true,false,available,true,unsupervised_only,none,true
S18B_MASK_00382,S18A_PATCH_0064,spectral_sentinel2,true,false,available,true,unsupervised_only,none,true
S18B_MASK_00383,S18A_PATCH_0064,rainfall_chirps,true,false,available,true,unsupervised_only,none,true
S18B_MASK_00384,S18A_PATCH_0064,quality_lineage,true,false,available,true,unsupervised_only,none,true
S18B_MASK_00385,S18A_PATCH_0065,physical_topography,true,false,available,true,unsupervised_only,none,true
S18B_MASK_00386,S18A_PATCH_0065,hydrology_proximity,true,false,available,true,unsupervised_only,none,true
S18B_MASK_00387,S18A_PATCH_0065,urban_landcover,true,false,available,true,unsupervised_only,none,true
S18B_MASK_00388,S18A_PATCH_0065,spectral_sentinel2,true,false,available,true,unsupervised_only,none,true
S18B_MASK_00389,S18A_PATCH_0065,rainfall_chirps,true,false,available,true,unsupervised_only,none,true
S18B_MASK_00390,S18A_PATCH_0065,quality_lineage,true,false,available,true,unsupervised_only,none,true
S18B_MASK_00391,S18A_PATCH_0066,physical_topography,true,false,available,true,unsupervised_only,none,true
S18B_MASK_00392,S18A_PATCH_0066,hydrology_proximity,true,false,available,true,unsupervised_only,none,true
S18B_MASK_00393,S18A_PATCH_0066,urban_landcover,true,false,available,true,unsupervised_only,none,true
S18B_MASK_00394,S18A_PATCH_0066,spectral_sentinel2,true,false,available,true,unsupervised_only,none,true
S18B_MASK_00395,S18A_PATCH_0066,rainfall_chirps,true,false,available,true,unsupervised_only,none,true
S18B_MASK_00396,S18A_PATCH_0066,quality_lineage,true,false,available,true,unsupervised_only,none,true
S18B_MASK_00397,S18A_PATCH_0067,physical_topography,true,false,available,true,unsupervised_only,none,true
S18B_MASK_00398,S18A_PATCH_0067,hydrology_proximity,true,false,available,true,unsupervised_only,none,true
S18B_MASK_00399,S18A_PATCH_0067,urban_landcover,true,false,available,true,unsupervised_only,none,true
S18B_MASK_00400,S18A_PATCH_0067,spectral_sentinel2,true,false,available,true,unsupervised_only,none,true
S18B_MASK_00401,S18A_PATCH_0067,rainfall_chirps,true,false,available,true,unsupervised_only,none,true
S18B_MASK_00402,S18A_PATCH_0067,quality_lineage,true,false,available,true,unsupervised_only,none,true
S18B_MASK_00403,S18A_PATCH_0068,physical_topography,true,false,available,true,unsupervised_only,none,true
S18B_MASK_00404,S18A_PATCH_0068,hydrology_proximity,true,false,available,true,unsupervised_only,none,true
S18B_MASK_00405,S18A_PATCH_0068,urban_landcover,true,false,available,true,unsupervised_only,none,true
S18B_MASK_00406,S18A_PATCH_0068,spectral_sentinel2,true,false,available,true,unsupervised_only,none,true
S18B_MASK_00407,S18A_PATCH_0068,rainfall_chirps,true,false,available,true,unsupervised_only,none,true
S18B_MASK_00408,S18A_PATCH_0068,quality_lineage,true,false,available,true,unsupervised_only,none,true
S18B_MASK_00409,S18A_PATCH_0069,physical_topography,true,false,available,true,unsupervised_only,none,true
S18B_MASK_00410,S18A_PATCH_0069,hydrology_proximity,true,false,available,true,unsupervised_only,none,true
S18B_MASK_00411,S18A_PATCH_0069,urban_landcover,true,false,available,true,unsupervised_only,none,true
S18B_MASK_00412,S18A_PATCH_0069,spectral_sentinel2,true,false,available,true,unsupervised_only,none,true
S18B_MASK_00413,S18A_PATCH_0069,rainfall_chirps,true,false,available,true,unsupervised_only,none,true
S18B_MASK_00414,S18A_PATCH_0069,quality_lineage,true,false,available,true,unsupervised_only,none,true
S18B_MASK_00415,S18A_PATCH_0070,physical_topography,true,false,available,true,unsupervised_only,none,true
S18B_MASK_00416,S18A_PATCH_0070,hydrology_proximity,true,false,available,true,unsupervised_only,none,true
S18B_MASK_00417,S18A_PATCH_0070,urban_landcover,true,false,available,true,unsupervised_only,none,true
S18B_MASK_00418,S18A_PATCH_0070,spectral_sentinel2,true,false,available,true,unsupervised_only,none,true
S18B_MASK_00419,S18A_PATCH_0070,rainfall_chirps,true,false,available,true,unsupervised_only,none,true
S18B_MASK_00420,S18A_PATCH_0070,quality_lineage,true,false,available,true,unsupervised_only,none,true
S18B_MASK_00421,S18A_PATCH_0071,physical_topography,true,false,available,true,unsupervised_only,none,true
S18B_MASK_00422,S18A_PATCH_0071,hydrology_proximity,true,false,available,true,unsupervised_only,none,true
S18B_MASK_00423,S18A_PATCH_0071,urban_landcover,true,false,available,true,unsupervised_only,none,true
S18B_MASK_00424,S18A_PATCH_0071,spectral_sentinel2,true,false,available,true,unsupervised_only,none,true
S18B_MASK_00425,S18A_PATCH_0071,rainfall_chirps,true,false,available,true,unsupervised_only,none,true
S18B_MASK_00426,S18A_PATCH_0071,quality_lineage,true,false,available,true,unsupervised_only,none,true
S18B_MASK_00427,S18A_PATCH_0072,physical_topography,true,false,available,true,unsupervised_only,none,true
S18B_MASK_00428,S18A_PATCH_0072,hydrology_proximity,true,false,available,true,unsupervised_only,none,true
S18B_MASK_00429,S18A_PATCH_0072,urban_landcover,true,false,available,true,unsupervised_only,none,true
S18B_MASK_00430,S18A_PATCH_0072,spectral_sentinel2,true,false,available,true,unsupervised_only,none,true
S18B_MASK_00431,S18A_PATCH_0072,rainfall_chirps,true,false,available,true,unsupervised_only,none,true
S18B_MASK_00432,S18A_PATCH_0072,quality_lineage,true,false,available,true,unsupervised_only,none,true
S18B_MASK_00433,S18A_PATCH_0073,physical_topography,true,false,available,true,unsupervised_only,none,true
S18B_MASK_00434,S18A_PATCH_0073,hydrology_proximity,true,false,available,true,unsupervised_only,none,true
S18B_MASK_00435,S18A_PATCH_0073,urban_landcover,true,false,available,true,unsupervised_only,none,true
S18B_MASK_00436,S18A_PATCH_0073,spectral_sentinel2,true,false,available,true,unsupervised_only,none,true
S18B_MASK_00437,S18A_PATCH_0073,rainfall_chirps,true,false,available,true,unsupervised_only,none,true
S18B_MASK_00438,S18A_PATCH_0073,quality_lineage,true,false,available,true,unsupervised_only,none,true
S18B_MASK_00439,S18A_PATCH_0074,physical_topography,true,false,available,true,unsupervised_only,none,true
S18B_MASK_00440,S18A_PATCH_0074,hydrology_proximity,true,false,available,true,unsupervised_only,none,true
S18B_MASK_00441,S18A_PATCH_0074,urban_landcover,true,false,available,true,unsupervised_only,none,true
S18B_MASK_00442,S18A_PATCH_0074,spectral_sentinel2,true,false,available,true,unsupervised_only,none,true
S18B_MASK_00443,S18A_PATCH_0074,rainfall_chirps,true,false,available,true,unsupervised_only,none,true
S18B_MASK_00444,S18A_PATCH_0074,quality_lineage,true,false,available,true,unsupervised_only,none,true
S18B_MASK_00445,S18A_PATCH_0075,physical_topography,true,false,available,true,unsupervised_only,none,true
S18B_MASK_00446,S18A_PATCH_0075,hydrology_proximity,true,false,available,true,unsupervised_only,none,true
S18B_MASK_00447,S18A_PATCH_0075,urban_landcover,true,false,available,true,unsupervised_only,none,true
S18B_MASK_00448,S18A_PATCH_0075,spectral_sentinel2,true,false,available,true,unsupervised_only,none,true
S18B_MASK_00449,S18A_PATCH_0075,rainfall_chirps,true,false,available,true,unsupervised_only,none,true
S18B_MASK_00450,S18A_PATCH_0075,quality_lineage,true,false,available,true,unsupervised_only,none,true
S18B_MASK_00451,S18A_PATCH_0076,physical_topography,true,false,available,true,unsupervised_only,none,true
S18B_MASK_00452,S18A_PATCH_0076,hydrology_proximity,true,false,available,true,unsupervised_only,none,true
S18B_MASK_00453,S18A_PATCH_0076,urban_landcover,true,false,available,true,unsupervised_only,none,true
S18B_MASK_00454,S18A_PATCH_0076,spectral_sentinel2,true,false,available,true,unsupervised_only,none,true
S18B_MASK_00455,S18A_PATCH_0076,rainfall_chirps,true,false,available,true,unsupervised_only,none,true
S18B_MASK_00456,S18A_PATCH_0076,quality_lineage,true,false,available,true,unsupervised_only,none,true
S18B_MASK_00457,S18A_PATCH_0077,physical_topography,true,false,available,true,unsupervised_only,none,true
S18B_MASK_00458,S18A_PATCH_0077,hydrology_proximity,true,false,available,true,unsupervised_only,none,true
S18B_MASK_00459,S18A_PATCH_0077,urban_landcover,true,false,available,true,unsupervised_only,none,true
S18B_MASK_00460,S18A_PATCH_0077,spectral_sentinel2,true,false,available,true,unsupervised_only,none,true
S18B_MASK_00461,S18A_PATCH_0077,rainfall_chirps,true,false,available,true,unsupervised_only,none,true
S18B_MASK_00462,S18A_PATCH_0077,quality_lineage,true,false,available,true,unsupervised_only,none,true
S18B_MASK_00463,S18A_PATCH_0078,physical_topography,true,false,available,true,unsupervised_only,none,true
S18B_MASK_00464,S18A_PATCH_0078,hydrology_proximity,true,false,available,true,unsupervised_only,none,true
S18B_MASK_00465,S18A_PATCH_0078,urban_landcover,true,false,available,true,unsupervised_only,none,true
S18B_MASK_00466,S18A_PATCH_0078,spectral_sentinel2,true,false,available,true,unsupervised_only,none,true
S18B_MASK_00467,S18A_PATCH_0078,rainfall_chirps,true,false,available,true,unsupervised_only,none,true
S18B_MASK_00468,S18A_PATCH_0078,quality_lineage,true,false,available,true,unsupervised_only,none,true
S18B_MASK_00469,S18A_PATCH_0079,physical_topography,true,false,available,true,unsupervised_only,none,true
S18B_MASK_00470,S18A_PATCH_0079,hydrology_proximity,true,false,available,true,unsupervised_only,none,true
S18B_MASK_00471,S18A_PATCH_0079,urban_landcover,true,false,available,true,unsupervised_only,none,true
S18B_MASK_00472,S18A_PATCH_0079,spectral_sentinel2,true,false,available,true,unsupervised_only,none,true
S18B_MASK_00473,S18A_PATCH_0079,rainfall_chirps,true,false,available,true,unsupervised_only,none,true
S18B_MASK_00474,S18A_PATCH_0079,quality_lineage,true,false,available,true,unsupervised_only,none,true
S18B_MASK_00475,S18A_PATCH_0080,physical_topography,true,false,available,true,unsupervised_only,none,true
S18B_MASK_00476,S18A_PATCH_0080,hydrology_proximity,true,false,available,true,unsupervised_only,none,true
S18B_MASK_00477,S18A_PATCH_0080,urban_landcover,true,false,available,true,unsupervised_only,none,true
S18B_MASK_00478,S18A_PATCH_0080,spectral_sentinel2,true,false,available,true,unsupervised_only,none,true
S18B_MASK_00479,S18A_PATCH_0080,rainfall_chirps,true,false,available,true,unsupervised_only,none,true
S18B_MASK_00480,S18A_PATCH_0080,quality_lineage,true,false,available,true,unsupervised_only,none,true
S18B_MASK_00481,S18A_PATCH_0081,physical_topography,true,false,available,true,unsupervised_only,none,true
S18B_MASK_00482,S18A_PATCH_0081,hydrology_proximity,true,false,available,true,unsupervised_only,none,true
S18B_MASK_00483,S18A_PATCH_0081,urban_landcover,true,false,available,true,unsupervised_only,none,true
S18B_MASK_00484,S18A_PATCH_0081,spectral_sentinel2,true,false,available,true,unsupervised_only,none,true
S18B_MASK_00485,S18A_PATCH_0081,rainfall_chirps,true,false,available,true,unsupervised_only,none,true
S18B_MASK_00486,S18A_PATCH_0081,quality_lineage,true,false,available,true,unsupervised_only,none,true
S18B_MASK_00487,S18A_PATCH_0082,physical_topography,true,false,available,true,unsupervised_only,none,true
S18B_MASK_00488,S18A_PATCH_0082,hydrology_proximity,true,false,available,true,unsupervised_only,none,true
S18B_MASK_00489,S18A_PATCH_0082,urban_landcover,true,false,available,true,unsupervised_only,none,true
S18B_MASK_00490,S18A_PATCH_0082,spectral_sentinel2,true,false,available,true,unsupervised_only,none,true
S18B_MASK_00491,S18A_PATCH_0082,rainfall_chirps,true,false,available,true,unsupervised_only,none,true
S18B_MASK_00492,S18A_PATCH_0082,quality_lineage,true,false,available,true,unsupervised_only,none,true
S18B_MASK_00493,S18A_PATCH_0083,physical_topography,true,false,available,true,unsupervised_only,none,true
S18B_MASK_00494,S18A_PATCH_0083,hydrology_proximity,true,false,available,true,unsupervised_only,none,true
S18B_MASK_00495,S18A_PATCH_0083,urban_landcover,true,false,available,true,unsupervised_only,none,true
S18B_MASK_00496,S18A_PATCH_0083,spectral_sentinel2,true,false,available,true,unsupervised_only,none,true
S18B_MASK_00497,S18A_PATCH_0083,rainfall_chirps,true,false,available,true,unsupervised_only,none,true
S18B_MASK_00498,S18A_PATCH_0083,quality_lineage,true,false,available,true,unsupervised_only,none,true
S18B_MASK_00499,S18A_PATCH_0084,physical_topography,true,false,available,true,unsupervised_only,none,true
S18B_MASK_00500,S18A_PATCH_0084,hydrology_proximity,true,false,available,true,unsupervised_only,none,true
S18B_MASK_00501,S18A_PATCH_0084,urban_landcover,true,false,available,true,unsupervised_only,none,true
S18B_MASK_00502,S18A_PATCH_0084,spectral_sentinel2,true,false,available,true,unsupervised_only,none,true
S18B_MASK_00503,S18A_PATCH_0084,rainfall_chirps,true,false,available,true,unsupervised_only,none,true
S18B_MASK_00504,S18A_PATCH_0084,quality_lineage,true,false,available,true,unsupervised_only,none,true
S18B_MASK_00505,S18A_PATCH_0085,physical_topography,true,false,available,true,unsupervised_only,none,true
S18B_MASK_00506,S18A_PATCH_0085,hydrology_proximity,true,false,available,true,unsupervised_only,none,true
S18B_MASK_00507,S18A_PATCH_0085,urban_landcover,true,false,available,true,unsupervised_only,none,true
S18B_MASK_00508,S18A_PATCH_0085,spectral_sentinel2,true,false,available,true,unsupervised_only,none,true
S18B_MASK_00509,S18A_PATCH_0085,rainfall_chirps,true,false,available,true,unsupervised_only,none,true
S18B_MASK_00510,S18A_PATCH_0085,quality_lineage,true,false,available,true,unsupervised_only,none,true
S18B_MASK_00511,S18A_PATCH_0086,physical_topography,true,false,available,true,unsupervised_only,none,true
S18B_MASK_00512,S18A_PATCH_0086,hydrology_proximity,true,false,available,true,unsupervised_only,none,true
S18B_MASK_00513,S18A_PATCH_0086,urban_landcover,true,false,available,true,unsupervised_only,none,true
S18B_MASK_00514,S18A_PATCH_0086,spectral_sentinel2,true,false,available,true,unsupervised_only,none,true
S18B_MASK_00515,S18A_PATCH_0086,rainfall_chirps,true,false,available,true,unsupervised_only,none,true
S18B_MASK_00516,S18A_PATCH_0086,quality_lineage,true,false,available,true,unsupervised_only,none,true
S18B_MASK_00517,S18A_PATCH_0087,physical_topography,true,false,available,true,unsupervised_only,none,true
S18B_MASK_00518,S18A_PATCH_0087,hydrology_proximity,true,false,available,true,unsupervised_only,none,true
S18B_MASK_00519,S18A_PATCH_0087,urban_landcover,true,false,available,true,unsupervised_only,none,true
S18B_MASK_00520,S18A_PATCH_0087,spectral_sentinel2,true,false,available,true,unsupervised_only,none,true
S18B_MASK_00521,S18A_PATCH_0087,rainfall_chirps,true,false,available,true,unsupervised_only,none,true
S18B_MASK_00522,S18A_PATCH_0087,quality_lineage,true,false,available,true,unsupervised_only,none,true
S18B_MASK_00523,S18A_PATCH_0088,physical_topography,true,false,available,true,unsupervised_only,none,true
S18B_MASK_00524,S18A_PATCH_0088,hydrology_proximity,true,false,available,true,unsupervised_only,none,true
S18B_MASK_00525,S18A_PATCH_0088,urban_landcover,true,false,available,true,unsupervised_only,none,true
S18B_MASK_00526,S18A_PATCH_0088,spectral_sentinel2,true,false,available,true,unsupervised_only,none,true
S18B_MASK_00527,S18A_PATCH_0088,rainfall_chirps,true,false,available,true,unsupervised_only,none,true
S18B_MASK_00528,S18A_PATCH_0088,quality_lineage,true,false,available,true,unsupervised_only,none,true
S18B_MASK_00529,S18A_PATCH_0089,physical_topography,true,false,available,true,unsupervised_only,none,true
S18B_MASK_00530,S18A_PATCH_0089,hydrology_proximity,true,false,available,true,unsupervised_only,none,true
S18B_MASK_00531,S18A_PATCH_0089,urban_landcover,true,false,available,true,unsupervised_only,none,true
S18B_MASK_00532,S18A_PATCH_0089,spectral_sentinel2,true,false,available,true,unsupervised_only,none,true
S18B_MASK_00533,S18A_PATCH_0089,rainfall_chirps,true,false,available,true,unsupervised_only,none,true
S18B_MASK_00534,S18A_PATCH_0089,quality_lineage,true,false,available,true,unsupervised_only,none,true
S18B_MASK_00535,S18A_PATCH_0090,physical_topography,true,false,available,true,unsupervised_only,none,true
S18B_MASK_00536,S18A_PATCH_0090,hydrology_proximity,true,false,available,true,unsupervised_only,none,true
S18B_MASK_00537,S18A_PATCH_0090,urban_landcover,true,false,available,true,unsupervised_only,none,true
S18B_MASK_00538,S18A_PATCH_0090,spectral_sentinel2,true,false,available,true,unsupervised_only,none,true
S18B_MASK_00539,S18A_PATCH_0090,rainfall_chirps,true,false,available,true,unsupervised_only,none,true
S18B_MASK_00540,S18A_PATCH_0090,quality_lineage,true,false,available,true,unsupervised_only,none,true
S18B_MASK_00541,S18A_PATCH_0091,physical_topography,true,false,available,true,unsupervised_only,none,true
S18B_MASK_00542,S18A_PATCH_0091,hydrology_proximity,true,false,available,true,unsupervised_only,none,true
S18B_MASK_00543,S18A_PATCH_0091,urban_landcover,true,false,available,true,unsupervised_only,none,true
S18B_MASK_00544,S18A_PATCH_0091,spectral_sentinel2,true,false,available,true,unsupervised_only,none,true
S18B_MASK_00545,S18A_PATCH_0091,rainfall_chirps,true,false,available,true,unsupervised_only,none,true
S18B_MASK_00546,S18A_PATCH_0091,quality_lineage,true,false,available,true,unsupervised_only,none,true
S18B_MASK_00547,S18A_PATCH_0092,physical_topography,true,false,available,true,unsupervised_only,none,true
S18B_MASK_00548,S18A_PATCH_0092,hydrology_proximity,true,false,available,true,unsupervised_only,none,true
S18B_MASK_00549,S18A_PATCH_0092,urban_landcover,true,false,available,true,unsupervised_only,none,true
S18B_MASK_00550,S18A_PATCH_0092,spectral_sentinel2,true,false,available,true,unsupervised_only,none,true
S18B_MASK_00551,S18A_PATCH_0092,rainfall_chirps,true,false,available,true,unsupervised_only,none,true
S18B_MASK_00552,S18A_PATCH_0092,quality_lineage,true,false,available,true,unsupervised_only,none,true
S18B_MASK_00553,S18A_PATCH_0093,physical_topography,true,false,available,true,unsupervised_only,none,true
S18B_MASK_00554,S18A_PATCH_0093,hydrology_proximity,true,false,available,true,unsupervised_only,none,true
S18B_MASK_00555,S18A_PATCH_0093,urban_landcover,true,false,available,true,unsupervised_only,none,true
S18B_MASK_00556,S18A_PATCH_0093,spectral_sentinel2,true,false,available,true,unsupervised_only,none,true
S18B_MASK_00557,S18A_PATCH_0093,rainfall_chirps,true,false,available,true,unsupervised_only,none,true
S18B_MASK_00558,S18A_PATCH_0093,quality_lineage,true,false,available,true,unsupervised_only,none,true
S18B_MASK_00559,S18A_PATCH_0094,physical_topography,true,false,available,true,unsupervised_only,none,true
S18B_MASK_00560,S18A_PATCH_0094,hydrology_proximity,true,false,available,true,unsupervised_only,none,true
S18B_MASK_00561,S18A_PATCH_0094,urban_landcover,true,false,available,true,unsupervised_only,none,true
S18B_MASK_00562,S18A_PATCH_0094,spectral_sentinel2,true,false,available,true,unsupervised_only,none,true
S18B_MASK_00563,S18A_PATCH_0094,rainfall_chirps,true,false,available,true,unsupervised_only,none,true
S18B_MASK_00564,S18A_PATCH_0094,quality_lineage,true,false,available,true,unsupervised_only,none,true
S18B_MASK_00565,S18A_PATCH_0095,physical_topography,true,false,available,true,unsupervised_only,none,true
S18B_MASK_00566,S18A_PATCH_0095,hydrology_proximity,true,false,available,true,unsupervised_only,none,true
S18B_MASK_00567,S18A_PATCH_0095,urban_landcover,true,false,available,true,unsupervised_only,none,true
S18B_MASK_00568,S18A_PATCH_0095,spectral_sentinel2,true,false,available,true,unsupervised_only,none,true
S18B_MASK_00569,S18A_PATCH_0095,rainfall_chirps,true,false,available,true,unsupervised_only,none,true
S18B_MASK_00570,S18A_PATCH_0095,quality_lineage,true,false,available,true,unsupervised_only,none,true
S18B_MASK_00571,S18A_PATCH_0096,physical_topography,true,false,available,true,unsupervised_only,none,true
S18B_MASK_00572,S18A_PATCH_0096,hydrology_proximity,true,false,available,true,unsupervised_only,none,true
S18B_MASK_00573,S18A_PATCH_0096,urban_landcover,true,false,available,true,unsupervised_only,none,true
S18B_MASK_00574,S18A_PATCH_0096,spectral_sentinel2,true,false,available,true,unsupervised_only,none,true
S18B_MASK_00575,S18A_PATCH_0096,rainfall_chirps,true,false,available,true,unsupervised_only,none,true
S18B_MASK_00576,S18A_PATCH_0096,quality_lineage,true,false,available,true,unsupervised_only,none,true
S18B_MASK_00577,S18A_PATCH_0097,physical_topography,true,false,available,true,unsupervised_only,none,true
S18B_MASK_00578,S18A_PATCH_0097,hydrology_proximity,true,false,available,true,unsupervised_only,none,true
S18B_MASK_00579,S18A_PATCH_0097,urban_landcover,true,false,available,true,unsupervised_only,none,true
S18B_MASK_00580,S18A_PATCH_0097,spectral_sentinel2,true,false,available,true,unsupervised_only,none,true
S18B_MASK_00581,S18A_PATCH_0097,rainfall_chirps,true,false,available,true,unsupervised_only,none,true
S18B_MASK_00582,S18A_PATCH_0097,quality_lineage,true,false,available,true,unsupervised_only,none,true
S18B_MASK_00583,S18A_PATCH_0098,physical_topography,true,false,available,true,unsupervised_only,none,true
S18B_MASK_00584,S18A_PATCH_0098,hydrology_proximity,true,false,available,true,unsupervised_only,none,true
S18B_MASK_00585,S18A_PATCH_0098,urban_landcover,true,false,available,true,unsupervised_only,none,true
S18B_MASK_00586,S18A_PATCH_0098,spectral_sentinel2,true,false,available,true,unsupervised_only,none,true
S18B_MASK_00587,S18A_PATCH_0098,rainfall_chirps,true,false,available,true,unsupervised_only,none,true
S18B_MASK_00588,S18A_PATCH_0098,quality_lineage,true,false,available,true,unsupervised_only,none,true
S18B_MASK_00589,S18A_PATCH_0099,physical_topography,true,false,available,true,unsupervised_only,none,true
S18B_MASK_00590,S18A_PATCH_0099,hydrology_proximity,true,false,available,true,unsupervised_only,none,true
S18B_MASK_00591,S18A_PATCH_0099,urban_landcover,true,false,available,true,unsupervised_only,none,true
S18B_MASK_00592,S18A_PATCH_0099,spectral_sentinel2,true,false,available,true,unsupervised_only,none,true
S18B_MASK_00593,S18A_PATCH_0099,rainfall_chirps,true,false,available,true,unsupervised_only,none,true
S18B_MASK_00594,S18A_PATCH_0099,quality_lineage,true,false,available,true,unsupervised_only,none,true
S18B_MASK_00595,S18A_PATCH_0100,physical_topography,true,false,available,true,unsupervised_only,none,true
S18B_MASK_00596,S18A_PATCH_0100,hydrology_proximity,true,false,available,true,unsupervised_only,none,true
S18B_MASK_00597,S18A_PATCH_0100,urban_landcover,true,false,available,true,unsupervised_only,none,true
S18B_MASK_00598,S18A_PATCH_0100,spectral_sentinel2,true,false,available,true,unsupervised_only,none,true
S18B_MASK_00599,S18A_PATCH_0100,rainfall_chirps,true,false,available,true,unsupervised_only,none,true
S18B_MASK_00600,S18A_PATCH_0100,quality_lineage,true,false,available,true,unsupervised_only,none,true
S18B_MASK_00601,S18A_PATCH_0101,physical_topography,true,false,available,true,unsupervised_only,none,true
S18B_MASK_00602,S18A_PATCH_0101,hydrology_proximity,true,false,available,true,unsupervised_only,none,true
S18B_MASK_00603,S18A_PATCH_0101,urban_landcover,true,false,available,true,unsupervised_only,none,true
S18B_MASK_00604,S18A_PATCH_0101,spectral_sentinel2,true,false,available,true,unsupervised_only,none,true
S18B_MASK_00605,S18A_PATCH_0101,rainfall_chirps,true,false,available,true,unsupervised_only,none,true
S18B_MASK_00606,S18A_PATCH_0101,quality_lineage,true,false,available,true,unsupervised_only,none,true
S18B_MASK_00607,S18A_PATCH_0102,physical_topography,true,false,available,true,unsupervised_only,none,true
S18B_MASK_00608,S18A_PATCH_0102,hydrology_proximity,true,false,available,true,unsupervised_only,none,true
S18B_MASK_00609,S18A_PATCH_0102,urban_landcover,true,false,available,true,unsupervised_only,none,true
S18B_MASK_00610,S18A_PATCH_0102,spectral_sentinel2,true,false,available,true,unsupervised_only,none,true
S18B_MASK_00611,S18A_PATCH_0102,rainfall_chirps,true,false,available,true,unsupervised_only,none,true
S18B_MASK_00612,S18A_PATCH_0102,quality_lineage,true,false,available,true,unsupervised_only,none,true
S18B_MASK_00613,S18A_PATCH_0103,physical_topography,true,false,available,true,unsupervised_only,none,true
S18B_MASK_00614,S18A_PATCH_0103,hydrology_proximity,true,false,available,true,unsupervised_only,none,true
S18B_MASK_00615,S18A_PATCH_0103,urban_landcover,true,false,available,true,unsupervised_only,none,true
S18B_MASK_00616,S18A_PATCH_0103,spectral_sentinel2,true,false,available,true,unsupervised_only,none,true
S18B_MASK_00617,S18A_PATCH_0103,rainfall_chirps,true,false,available,true,unsupervised_only,none,true
S18B_MASK_00618,S18A_PATCH_0103,quality_lineage,true,false,available,true,unsupervised_only,none,true
S18B_MASK_00619,S18A_PATCH_0104,physical_topography,true,false,available,true,unsupervised_only,none,true
S18B_MASK_00620,S18A_PATCH_0104,hydrology_proximity,true,false,available,true,unsupervised_only,none,true
S18B_MASK_00621,S18A_PATCH_0104,urban_landcover,true,false,available,true,unsupervised_only,none,true
S18B_MASK_00622,S18A_PATCH_0104,spectral_sentinel2,true,false,available,true,unsupervised_only,none,true
S18B_MASK_00623,S18A_PATCH_0104,rainfall_chirps,true,false,available,true,unsupervised_only,none,true
S18B_MASK_00624,S18A_PATCH_0104,quality_lineage,true,false,available,true,unsupervised_only,none,true
S18B_MASK_00625,S18A_PATCH_0105,physical_topography,true,false,available,true,unsupervised_only,none,true
S18B_MASK_00626,S18A_PATCH_0105,hydrology_proximity,true,false,available,true,unsupervised_only,none,true
S18B_MASK_00627,S18A_PATCH_0105,urban_landcover,true,false,available,true,unsupervised_only,none,true
S18B_MASK_00628,S18A_PATCH_0105,spectral_sentinel2,true,false,available,true,unsupervised_only,none,true
S18B_MASK_00629,S18A_PATCH_0105,rainfall_chirps,true,false,available,true,unsupervised_only,none,true
S18B_MASK_00630,S18A_PATCH_0105,quality_lineage,true,false,available,true,unsupervised_only,none,true
S18B_MASK_00631,S18A_PATCH_0106,physical_topography,true,false,available,true,unsupervised_only,none,true
S18B_MASK_00632,S18A_PATCH_0106,hydrology_proximity,true,false,available,true,unsupervised_only,none,true
S18B_MASK_00633,S18A_PATCH_0106,urban_landcover,true,false,available,true,unsupervised_only,none,true
S18B_MASK_00634,S18A_PATCH_0106,spectral_sentinel2,true,false,available,true,unsupervised_only,none,true
S18B_MASK_00635,S18A_PATCH_0106,rainfall_chirps,true,false,available,true,unsupervised_only,none,true
S18B_MASK_00636,S18A_PATCH_0106,quality_lineage,true,false,available,true,unsupervised_only,none,true
S18B_MASK_00637,S18A_PATCH_0107,physical_topography,true,false,available,true,unsupervised_only,none,true
S18B_MASK_00638,S18A_PATCH_0107,hydrology_proximity,true,false,available,true,unsupervised_only,none,true
S18B_MASK_00639,S18A_PATCH_0107,urban_landcover,true,false,available,true,unsupervised_only,none,true
S18B_MASK_00640,S18A_PATCH_0107,spectral_sentinel2,true,false,available,true,unsupervised_only,none,true
S18B_MASK_00641,S18A_PATCH_0107,rainfall_chirps,true,false,available,true,unsupervised_only,none,true
S18B_MASK_00642,S18A_PATCH_0107,quality_lineage,true,false,available,true,unsupervised_only,none,true
S18B_MASK_00643,S18A_PATCH_0108,physical_topography,true,false,available,true,unsupervised_only,none,true
S18B_MASK_00644,S18A_PATCH_0108,hydrology_proximity,true,false,available,true,unsupervised_only,none,true
S18B_MASK_00645,S18A_PATCH_0108,urban_landcover,true,false,available,true,unsupervised_only,none,true
S18B_MASK_00646,S18A_PATCH_0108,spectral_sentinel2,true,false,available,true,unsupervised_only,none,true
S18B_MASK_00647,S18A_PATCH_0108,rainfall_chirps,true,false,available,true,unsupervised_only,none,true
S18B_MASK_00648,S18A_PATCH_0108,quality_lineage,true,false,available,true,unsupervised_only,none,true
S18B_MASK_00649,S18A_PATCH_0109,physical_topography,true,false,available,true,unsupervised_only,none,true
S18B_MASK_00650,S18A_PATCH_0109,hydrology_proximity,true,false,available,true,unsupervised_only,none,true
S18B_MASK_00651,S18A_PATCH_0109,urban_landcover,true,false,available,true,unsupervised_only,none,true
S18B_MASK_00652,S18A_PATCH_0109,spectral_sentinel2,true,false,available,true,unsupervised_only,none,true
S18B_MASK_00653,S18A_PATCH_0109,rainfall_chirps,true,false,available,true,unsupervised_only,none,true
S18B_MASK_00654,S18A_PATCH_0109,quality_lineage,true,false,available,true,unsupervised_only,none,true
S18B_MASK_00655,S18A_PATCH_0110,physical_topography,true,false,available,true,unsupervised_only,none,true
S18B_MASK_00656,S18A_PATCH_0110,hydrology_proximity,true,false,available,true,unsupervised_only,none,true
S18B_MASK_00657,S18A_PATCH_0110,urban_landcover,true,false,available,true,unsupervised_only,none,true
S18B_MASK_00658,S18A_PATCH_0110,spectral_sentinel2,true,false,available,true,unsupervised_only,none,true
S18B_MASK_00659,S18A_PATCH_0110,rainfall_chirps,true,false,available,true,unsupervised_only,none,true
S18B_MASK_00660,S18A_PATCH_0110,quality_lineage,true,false,available,true,unsupervised_only,none,true
S18B_MASK_00661,S18A_PATCH_0111,physical_topography,true,false,available,true,unsupervised_only,none,true
S18B_MASK_00662,S18A_PATCH_0111,hydrology_proximity,true,false,available,true,unsupervised_only,none,true
S18B_MASK_00663,S18A_PATCH_0111,urban_landcover,true,false,available,true,unsupervised_only,none,true
S18B_MASK_00664,S18A_PATCH_0111,spectral_sentinel2,true,false,available,true,unsupervised_only,none,true
S18B_MASK_00665,S18A_PATCH_0111,rainfall_chirps,true,false,available,true,unsupervised_only,none,true
S18B_MASK_00666,S18A_PATCH_0111,quality_lineage,true,false,available,true,unsupervised_only,none,true
S18B_MASK_00667,S18A_PATCH_0112,physical_topography,true,false,available,true,unsupervised_only,none,true
S18B_MASK_00668,S18A_PATCH_0112,hydrology_proximity,true,false,available,true,unsupervised_only,none,true
S18B_MASK_00669,S18A_PATCH_0112,urban_landcover,true,false,available,true,unsupervised_only,none,true
S18B_MASK_00670,S18A_PATCH_0112,spectral_sentinel2,true,false,available,true,unsupervised_only,none,true
S18B_MASK_00671,S18A_PATCH_0112,rainfall_chirps,true,false,available,true,unsupervised_only,none,true
S18B_MASK_00672,S18A_PATCH_0112,quality_lineage,true,false,available,true,unsupervised_only,none,true
S18B_MASK_00673,S18A_PATCH_0113,physical_topography,true,false,available,true,unsupervised_only,none,true
S18B_MASK_00674,S18A_PATCH_0113,hydrology_proximity,true,false,available,true,unsupervised_only,none,true
S18B_MASK_00675,S18A_PATCH_0113,urban_landcover,true,false,available,true,unsupervised_only,none,true
S18B_MASK_00676,S18A_PATCH_0113,spectral_sentinel2,true,false,available,true,unsupervised_only,none,true
S18B_MASK_00677,S18A_PATCH_0113,rainfall_chirps,true,false,available,true,unsupervised_only,none,true
S18B_MASK_00678,S18A_PATCH_0113,quality_lineage,true,false,available,true,unsupervised_only,none,true
S18B_MASK_00679,S18A_PATCH_0114,physical_topography,true,false,available,true,unsupervised_only,none,true
S18B_MASK_00680,S18A_PATCH_0114,hydrology_proximity,true,false,available,true,unsupervised_only,none,true
S18B_MASK_00681,S18A_PATCH_0114,urban_landcover,true,false,available,true,unsupervised_only,none,true
S18B_MASK_00682,S18A_PATCH_0114,spectral_sentinel2,true,false,available,true,unsupervised_only,none,true
S18B_MASK_00683,S18A_PATCH_0114,rainfall_chirps,true,false,available,true,unsupervised_only,none,true
S18B_MASK_00684,S18A_PATCH_0114,quality_lineage,true,false,available,true,unsupervised_only,none,true
S18B_MASK_00685,S18A_PATCH_0115,physical_topography,true,false,available,true,unsupervised_only,none,true
S18B_MASK_00686,S18A_PATCH_0115,hydrology_proximity,true,false,available,true,unsupervised_only,none,true
S18B_MASK_00687,S18A_PATCH_0115,urban_landcover,true,false,available,true,unsupervised_only,none,true
S18B_MASK_00688,S18A_PATCH_0115,spectral_sentinel2,true,false,available,true,unsupervised_only,none,true
S18B_MASK_00689,S18A_PATCH_0115,rainfall_chirps,true,false,available,true,unsupervised_only,none,true
S18B_MASK_00690,S18A_PATCH_0115,quality_lineage,true,false,available,true,unsupervised_only,none,true
S18B_MASK_00691,S18A_PATCH_0116,physical_topography,true,false,available,true,unsupervised_only,none,true
S18B_MASK_00692,S18A_PATCH_0116,hydrology_proximity,true,false,available,true,unsupervised_only,none,true
S18B_MASK_00693,S18A_PATCH_0116,urban_landcover,true,false,available,true,unsupervised_only,none,true
S18B_MASK_00694,S18A_PATCH_0116,spectral_sentinel2,true,false,available,true,unsupervised_only,none,true
S18B_MASK_00695,S18A_PATCH_0116,rainfall_chirps,true,false,available,true,unsupervised_only,none,true
S18B_MASK_00696,S18A_PATCH_0116,quality_lineage,true,false,available,true,unsupervised_only,none,true
S18B_MASK_00697,S18A_PATCH_0117,physical_topography,true,false,available,true,unsupervised_only,none,true
S18B_MASK_00698,S18A_PATCH_0117,hydrology_proximity,true,false,available,true,unsupervised_only,none,true
S18B_MASK_00699,S18A_PATCH_0117,urban_landcover,true,false,available,true,unsupervised_only,none,true
S18B_MASK_00700,S18A_PATCH_0117,spectral_sentinel2,true,false,available,true,unsupervised_only,none,true
S18B_MASK_00701,S18A_PATCH_0117,rainfall_chirps,true,false,available,true,unsupervised_only,none,true
S18B_MASK_00702,S18A_PATCH_0117,quality_lineage,true,false,available,true,unsupervised_only,none,true
S18B_MASK_00703,S18A_PATCH_0118,physical_topography,true,false,available,true,unsupervised_only,none,true
S18B_MASK_00704,S18A_PATCH_0118,hydrology_proximity,true,false,available,true,unsupervised_only,none,true
S18B_MASK_00705,S18A_PATCH_0118,urban_landcover,true,false,available,true,unsupervised_only,none,true
S18B_MASK_00706,S18A_PATCH_0118,spectral_sentinel2,true,false,available,true,unsupervised_only,none,true
S18B_MASK_00707,S18A_PATCH_0118,rainfall_chirps,true,false,available,true,unsupervised_only,none,true
S18B_MASK_00708,S18A_PATCH_0118,quality_lineage,true,false,available,true,unsupervised_only,none,true
S18B_MASK_00709,S18A_PATCH_0119,physical_topography,true,false,available,true,unsupervised_only,none,true
S18B_MASK_00710,S18A_PATCH_0119,hydrology_proximity,true,false,available,true,unsupervised_only,none,true
S18B_MASK_00711,S18A_PATCH_0119,urban_landcover,true,false,available,true,unsupervised_only,none,true
S18B_MASK_00712,S18A_PATCH_0119,spectral_sentinel2,true,false,available,true,unsupervised_only,none,true
S18B_MASK_00713,S18A_PATCH_0119,rainfall_chirps,true,false,available,true,unsupervised_only,none,true
S18B_MASK_00714,S18A_PATCH_0119,quality_lineage,true,false,available,true,unsupervised_only,none,true
S18B_MASK_00715,S18A_PATCH_0120,physical_topography,true,false,available,true,unsupervised_only,none,true
S18B_MASK_00716,S18A_PATCH_0120,hydrology_proximity,true,false,available,true,unsupervised_only,none,true
S18B_MASK_00717,S18A_PATCH_0120,urban_landcover,true,false,available,true,unsupervised_only,none,true
S18B_MASK_00718,S18A_PATCH_0120,spectral_sentinel2,true,false,available,true,unsupervised_only,none,true
S18B_MASK_00719,S18A_PATCH_0120,rainfall_chirps,true,false,available,true,unsupervised_only,none,true
S18B_MASK_00720,S18A_PATCH_0120,quality_lineage,true,false,available,true,unsupervised_only,none,true
S18B_MASK_00721,S18A_PATCH_0121,physical_topography,true,false,available,true,unsupervised_only,none,true
S18B_MASK_00722,S18A_PATCH_0121,hydrology_proximity,true,false,available,true,unsupervised_only,none,true
S18B_MASK_00723,S18A_PATCH_0121,urban_landcover,true,false,available,true,unsupervised_only,none,true
S18B_MASK_00724,S18A_PATCH_0121,spectral_sentinel2,true,false,available,true,unsupervised_only,none,true
S18B_MASK_00725,S18A_PATCH_0121,rainfall_chirps,true,false,available,true,unsupervised_only,none,true
S18B_MASK_00726,S18A_PATCH_0121,quality_lineage,true,false,available,true,unsupervised_only,none,true
S18B_MASK_00727,S18A_PATCH_0122,physical_topography,true,false,available,true,unsupervised_only,none,true
S18B_MASK_00728,S18A_PATCH_0122,hydrology_proximity,true,false,available,true,unsupervised_only,none,true
S18B_MASK_00729,S18A_PATCH_0122,urban_landcover,true,false,available,true,unsupervised_only,none,true
S18B_MASK_00730,S18A_PATCH_0122,spectral_sentinel2,true,false,available,true,unsupervised_only,none,true
S18B_MASK_00731,S18A_PATCH_0122,rainfall_chirps,true,false,available,true,unsupervised_only,none,true
S18B_MASK_00732,S18A_PATCH_0122,quality_lineage,true,false,available,true,unsupervised_only,none,true
S18B_MASK_00733,S18A_PATCH_0123,physical_topography,true,false,available,true,unsupervised_only,none,true
S18B_MASK_00734,S18A_PATCH_0123,hydrology_proximity,true,false,available,true,unsupervised_only,none,true
S18B_MASK_00735,S18A_PATCH_0123,urban_landcover,true,false,available,true,unsupervised_only,none,true
S18B_MASK_00736,S18A_PATCH_0123,spectral_sentinel2,true,false,available,true,unsupervised_only,none,true
S18B_MASK_00737,S18A_PATCH_0123,rainfall_chirps,true,false,available,true,unsupervised_only,none,true
S18B_MASK_00738,S18A_PATCH_0123,quality_lineage,true,false,available,true,unsupervised_only,none,true
S18B_MASK_00739,S18A_PATCH_0124,physical_topography,true,false,available,true,unsupervised_only,none,true
S18B_MASK_00740,S18A_PATCH_0124,hydrology_proximity,true,false,available,true,unsupervised_only,none,true
S18B_MASK_00741,S18A_PATCH_0124,urban_landcover,true,false,available,true,unsupervised_only,none,true
S18B_MASK_00742,S18A_PATCH_0124,spectral_sentinel2,true,false,available,true,unsupervised_only,none,true
S18B_MASK_00743,S18A_PATCH_0124,rainfall_chirps,true,false,available,true,unsupervised_only,none,true
S18B_MASK_00744,S18A_PATCH_0124,quality_lineage,true,false,available,true,unsupervised_only,none,true
S18B_MASK_00745,S18A_PATCH_0125,physical_topography,true,false,available,true,unsupervised_only,none,true
S18B_MASK_00746,S18A_PATCH_0125,hydrology_proximity,true,false,available,true,unsupervised_only,none,true
S18B_MASK_00747,S18A_PATCH_0125,urban_landcover,true,false,available,true,unsupervised_only,none,true
S18B_MASK_00748,S18A_PATCH_0125,spectral_sentinel2,true,false,available,true,unsupervised_only,none,true
S18B_MASK_00749,S18A_PATCH_0125,rainfall_chirps,true,false,available,true,unsupervised_only,none,true
S18B_MASK_00750,S18A_PATCH_0125,quality_lineage,true,false,available,true,unsupervised_only,none,true
S18B_MASK_00751,S18A_PATCH_0126,physical_topography,true,false,available,true,unsupervised_only,none,true
S18B_MASK_00752,S18A_PATCH_0126,hydrology_proximity,true,false,available,true,unsupervised_only,none,true
S18B_MASK_00753,S18A_PATCH_0126,urban_landcover,true,false,available,true,unsupervised_only,none,true
S18B_MASK_00754,S18A_PATCH_0126,spectral_sentinel2,true,false,available,true,unsupervised_only,none,true
S18B_MASK_00755,S18A_PATCH_0126,rainfall_chirps,true,false,available,true,unsupervised_only,none,true
S18B_MASK_00756,S18A_PATCH_0126,quality_lineage,true,false,available,true,unsupervised_only,none,true
S18B_MASK_00757,S18A_PATCH_0127,physical_topography,true,false,available,true,unsupervised_only,none,true
S18B_MASK_00758,S18A_PATCH_0127,hydrology_proximity,true,false,available,true,unsupervised_only,none,true
S18B_MASK_00759,S18A_PATCH_0127,urban_landcover,true,false,available,true,unsupervised_only,none,true
S18B_MASK_00760,S18A_PATCH_0127,spectral_sentinel2,true,false,available,true,unsupervised_only,none,true
S18B_MASK_00761,S18A_PATCH_0127,rainfall_chirps,true,false,available,true,unsupervised_only,none,true
S18B_MASK_00762,S18A_PATCH_0127,quality_lineage,true,false,available,true,unsupervised_only,none,true
S18B_MASK_00763,S18A_PATCH_0128,physical_topography,true,false,available,true,unsupervised_only,none,true
S18B_MASK_00764,S18A_PATCH_0128,hydrology_proximity,true,false,available,true,unsupervised_only,none,true
S18B_MASK_00765,S18A_PATCH_0128,urban_landcover,true,false,available,true,unsupervised_only,none,true
S18B_MASK_00766,S18A_PATCH_0128,spectral_sentinel2,true,false,available,true,unsupervised_only,none,true
S18B_MASK_00767,S18A_PATCH_0128,rainfall_chirps,true,false,available,true,unsupervised_only,none,true
S18B_MASK_00768,S18A_PATCH_0128,quality_lineage,true,false,available,true,unsupervised_only,none,true
S18B_MASK_00769,S18A_PATCH_0129,physical_topography,true,false,available,true,unsupervised_only,none,true
S18B_MASK_00770,S18A_PATCH_0129,hydrology_proximity,true,false,available,true,unsupervised_only,none,true
S18B_MASK_00771,S18A_PATCH_0129,urban_landcover,true,false,available,true,unsupervised_only,none,true
S18B_MASK_00772,S18A_PATCH_0129,spectral_sentinel2,true,false,available,true,unsupervised_only,none,true
S18B_MASK_00773,S18A_PATCH_0129,rainfall_chirps,true,false,available,true,unsupervised_only,none,true
S18B_MASK_00774,S18A_PATCH_0129,quality_lineage,true,false,available,true,unsupervised_only,none,true
S18B_MASK_00775,S18A_PATCH_0130,physical_topography,true,false,available,true,unsupervised_only,none,true
S18B_MASK_00776,S18A_PATCH_0130,hydrology_proximity,true,false,available,true,unsupervised_only,none,true
S18B_MASK_00777,S18A_PATCH_0130,urban_landcover,true,false,available,true,unsupervised_only,none,true
S18B_MASK_00778,S18A_PATCH_0130,spectral_sentinel2,true,false,available,true,unsupervised_only,none,true
S18B_MASK_00779,S18A_PATCH_0130,rainfall_chirps,true,false,available,true,unsupervised_only,none,true
S18B_MASK_00780,S18A_PATCH_0130,quality_lineage,true,false,available,true,unsupervised_only,none,true
S18B_MASK_00781,S18A_PATCH_0131,physical_topography,true,false,available,true,unsupervised_only,none,true
S18B_MASK_00782,S18A_PATCH_0131,hydrology_proximity,true,false,available,true,unsupervised_only,none,true
S18B_MASK_00783,S18A_PATCH_0131,urban_landcover,true,false,available,true,unsupervised_only,none,true
S18B_MASK_00784,S18A_PATCH_0131,spectral_sentinel2,true,false,available,true,unsupervised_only,none,true
S18B_MASK_00785,S18A_PATCH_0131,rainfall_chirps,true,false,available,true,unsupervised_only,none,true
S18B_MASK_00786,S18A_PATCH_0131,quality_lineage,true,false,available,true,unsupervised_only,none,true
S18B_MASK_00787,S18A_PATCH_0132,physical_topography,true,false,available,true,unsupervised_only,none,true
S18B_MASK_00788,S18A_PATCH_0132,hydrology_proximity,true,false,available,true,unsupervised_only,none,true
S18B_MASK_00789,S18A_PATCH_0132,urban_landcover,true,false,available,true,unsupervised_only,none,true
S18B_MASK_00790,S18A_PATCH_0132,spectral_sentinel2,true,false,available,true,unsupervised_only,none,true
S18B_MASK_00791,S18A_PATCH_0132,rainfall_chirps,true,false,available,true,unsupervised_only,none,true
S18B_MASK_00792,S18A_PATCH_0132,quality_lineage,true,false,available,true,unsupervised_only,none,true
S18B_MASK_00793,S18A_PATCH_0133,physical_topography,true,false,available,true,unsupervised_only,none,true
S18B_MASK_00794,S18A_PATCH_0133,hydrology_proximity,true,false,available,true,unsupervised_only,none,true
S18B_MASK_00795,S18A_PATCH_0133,urban_landcover,true,false,available,true,unsupervised_only,none,true
S18B_MASK_00796,S18A_PATCH_0133,spectral_sentinel2,true,false,available,true,unsupervised_only,none,true
S18B_MASK_00797,S18A_PATCH_0133,rainfall_chirps,true,false,available,true,unsupervised_only,none,true
S18B_MASK_00798,S18A_PATCH_0133,quality_lineage,true,false,available,true,unsupervised_only,none,true
S18B_MASK_00799,S18A_PATCH_0134,physical_topography,true,false,available,true,unsupervised_only,none,true
S18B_MASK_00800,S18A_PATCH_0134,hydrology_proximity,true,false,available,true,unsupervised_only,none,true
S18B_MASK_00801,S18A_PATCH_0134,urban_landcover,true,false,available,true,unsupervised_only,none,true
S18B_MASK_00802,S18A_PATCH_0134,spectral_sentinel2,true,false,available,true,unsupervised_only,none,true
S18B_MASK_00803,S18A_PATCH_0134,rainfall_chirps,true,false,available,true,unsupervised_only,none,true
S18B_MASK_00804,S18A_PATCH_0134,quality_lineage,true,false,available,true,unsupervised_only,none,true
S18B_MASK_00805,S18A_PATCH_0135,physical_topography,true,false,available,true,unsupervised_only,none,true
S18B_MASK_00806,S18A_PATCH_0135,hydrology_proximity,true,false,available,true,unsupervised_only,none,true
S18B_MASK_00807,S18A_PATCH_0135,urban_landcover,true,false,available,true,unsupervised_only,none,true
S18B_MASK_00808,S18A_PATCH_0135,spectral_sentinel2,true,false,available,true,unsupervised_only,none,true
S18B_MASK_00809,S18A_PATCH_0135,rainfall_chirps,true,false,available,true,unsupervised_only,none,true
S18B_MASK_00810,S18A_PATCH_0135,quality_lineage,true,false,available,true,unsupervised_only,none,true
S18B_MASK_00811,S18A_PATCH_0136,physical_topography,true,false,available,true,unsupervised_only,none,true
S18B_MASK_00812,S18A_PATCH_0136,hydrology_proximity,true,false,available,true,unsupervised_only,none,true
S18B_MASK_00813,S18A_PATCH_0136,urban_landcover,true,false,available,true,unsupervised_only,none,true
S18B_MASK_00814,S18A_PATCH_0136,spectral_sentinel2,true,false,available,true,unsupervised_only,none,true
S18B_MASK_00815,S18A_PATCH_0136,rainfall_chirps,true,false,available,true,unsupervised_only,none,true
S18B_MASK_00816,S18A_PATCH_0136,quality_lineage,true,false,available,true,unsupervised_only,none,true
S18B_MASK_00817,S18A_PATCH_0137,physical_topography,true,false,available,true,unsupervised_only,none,true
S18B_MASK_00818,S18A_PATCH_0137,hydrology_proximity,true,false,available,true,unsupervised_only,none,true
S18B_MASK_00819,S18A_PATCH_0137,urban_landcover,true,false,available,true,unsupervised_only,none,true
S18B_MASK_00820,S18A_PATCH_0137,spectral_sentinel2,true,false,available,true,unsupervised_only,none,true
S18B_MASK_00821,S18A_PATCH_0137,rainfall_chirps,true,false,available,true,unsupervised_only,none,true
S18B_MASK_00822,S18A_PATCH_0137,quality_lineage,true,false,available,true,unsupervised_only,none,true
S18B_MASK_00823,S18A_PATCH_0138,physical_topography,true,false,available,true,unsupervised_only,none,true
S18B_MASK_00824,S18A_PATCH_0138,hydrology_proximity,true,false,available,true,unsupervised_only,none,true
S18B_MASK_00825,S18A_PATCH_0138,urban_landcover,true,false,available,true,unsupervised_only,none,true
S18B_MASK_00826,S18A_PATCH_0138,spectral_sentinel2,true,false,available,true,unsupervised_only,none,true
S18B_MASK_00827,S18A_PATCH_0138,rainfall_chirps,true,false,available,true,unsupervised_only,none,true
S18B_MASK_00828,S18A_PATCH_0138,quality_lineage,true,false,available,true,unsupervised_only,none,true
S18B_MASK_00829,S18A_PATCH_0139,physical_topography,true,false,available,true,unsupervised_only,none,true
S18B_MASK_00830,S18A_PATCH_0139,hydrology_proximity,true,false,available,true,unsupervised_only,none,true
S18B_MASK_00831,S18A_PATCH_0139,urban_landcover,true,false,available,true,unsupervised_only,none,true
S18B_MASK_00832,S18A_PATCH_0139,spectral_sentinel2,true,false,available,true,unsupervised_only,none,true
S18B_MASK_00833,S18A_PATCH_0139,rainfall_chirps,true,false,available,true,unsupervised_only,none,true
S18B_MASK_00834,S18A_PATCH_0139,quality_lineage,true,false,available,true,unsupervised_only,none,true
S18B_MASK_00835,S18A_PATCH_0140,physical_topography,true,false,available,true,unsupervised_only,none,true
S18B_MASK_00836,S18A_PATCH_0140,hydrology_proximity,true,false,available,true,unsupervised_only,none,true
S18B_MASK_00837,S18A_PATCH_0140,urban_landcover,true,false,available,true,unsupervised_only,none,true
S18B_MASK_00838,S18A_PATCH_0140,spectral_sentinel2,true,false,available,true,unsupervised_only,none,true
S18B_MASK_00839,S18A_PATCH_0140,rainfall_chirps,true,false,available,true,unsupervised_only,none,true
S18B_MASK_00840,S18A_PATCH_0140,quality_lineage,true,false,available,true,unsupervised_only,none,true
S18B_MASK_00841,S18A_PATCH_0141,physical_topography,true,false,available,true,unsupervised_only,none,true
S18B_MASK_00842,S18A_PATCH_0141,hydrology_proximity,true,false,available,true,unsupervised_only,none,true
S18B_MASK_00843,S18A_PATCH_0141,urban_landcover,true,false,available,true,unsupervised_only,none,true
S18B_MASK_00844,S18A_PATCH_0141,spectral_sentinel2,true,false,available,true,unsupervised_only,none,true
S18B_MASK_00845,S18A_PATCH_0141,rainfall_chirps,true,false,available,true,unsupervised_only,none,true
S18B_MASK_00846,S18A_PATCH_0141,quality_lineage,true,false,available,true,unsupervised_only,none,true
S18B_MASK_00847,S18A_PATCH_0142,physical_topography,true,false,available,true,unsupervised_only,none,true
S18B_MASK_00848,S18A_PATCH_0142,hydrology_proximity,true,false,available,true,unsupervised_only,none,true
S18B_MASK_00849,S18A_PATCH_0142,urban_landcover,true,false,available,true,unsupervised_only,none,true
S18B_MASK_00850,S18A_PATCH_0142,spectral_sentinel2,true,false,available,true,unsupervised_only,none,true
S18B_MASK_00851,S18A_PATCH_0142,rainfall_chirps,true,false,available,true,unsupervised_only,none,true
S18B_MASK_00852,S18A_PATCH_0142,quality_lineage,true,false,available,true,unsupervised_only,none,true
S18B_MASK_00853,S18A_PATCH_0143,physical_topography,true,false,available,true,unsupervised_only,none,true
S18B_MASK_00854,S18A_PATCH_0143,hydrology_proximity,true,false,available,true,unsupervised_only,none,true
S18B_MASK_00855,S18A_PATCH_0143,urban_landcover,true,false,available,true,unsupervised_only,none,true
S18B_MASK_00856,S18A_PATCH_0143,spectral_sentinel2,true,false,available,true,unsupervised_only,none,true
S18B_MASK_00857,S18A_PATCH_0143,rainfall_chirps,true,false,available,true,unsupervised_only,none,true
S18B_MASK_00858,S18A_PATCH_0143,quality_lineage,true,false,available,true,unsupervised_only,none,true
S18B_MASK_00859,S18A_PATCH_0144,physical_topography,true,false,available,true,unsupervised_only,none,true
S18B_MASK_00860,S18A_PATCH_0144,hydrology_proximity,true,false,available,true,unsupervised_only,none,true
S18B_MASK_00861,S18A_PATCH_0144,urban_landcover,true,false,available,true,unsupervised_only,none,true
S18B_MASK_00862,S18A_PATCH_0144,spectral_sentinel2,true,false,available,true,unsupervised_only,none,true
S18B_MASK_00863,S18A_PATCH_0144,rainfall_chirps,true,false,available,true,unsupervised_only,none,true
S18B_MASK_00864,S18A_PATCH_0144,quality_lineage,true,false,available,true,unsupervised_only,none,true
S18B_MASK_00865,S18A_PATCH_0145,physical_topography,true,false,available,true,unsupervised_only,none,true
S18B_MASK_00866,S18A_PATCH_0145,hydrology_proximity,true,false,available,true,unsupervised_only,none,true
S18B_MASK_00867,S18A_PATCH_0145,urban_landcover,true,false,available,true,unsupervised_only,none,true
S18B_MASK_00868,S18A_PATCH_0145,spectral_sentinel2,true,false,available,true,unsupervised_only,none,true
S18B_MASK_00869,S18A_PATCH_0145,rainfall_chirps,true,false,available,true,unsupervised_only,none,true
S18B_MASK_00870,S18A_PATCH_0145,quality_lineage,true,false,available,true,unsupervised_only,none,true
S18B_MASK_00871,S18A_PATCH_0146,physical_topography,true,false,available,true,unsupervised_only,none,true
S18B_MASK_00872,S18A_PATCH_0146,hydrology_proximity,true,false,available,true,unsupervised_only,none,true
S18B_MASK_00873,S18A_PATCH_0146,urban_landcover,true,false,available,true,unsupervised_only,none,true
S18B_MASK_00874,S18A_PATCH_0146,spectral_sentinel2,true,false,available,true,unsupervised_only,none,true
S18B_MASK_00875,S18A_PATCH_0146,rainfall_chirps,true,false,available,true,unsupervised_only,none,true
S18B_MASK_00876,S18A_PATCH_0146,quality_lineage,true,false,available,true,unsupervised_only,none,true
S18B_MASK_00877,S18A_PATCH_0147,physical_topography,true,false,available,true,unsupervised_only,none,true
S18B_MASK_00878,S18A_PATCH_0147,hydrology_proximity,true,false,available,true,unsupervised_only,none,true
S18B_MASK_00879,S18A_PATCH_0147,urban_landcover,true,false,available,true,unsupervised_only,none,true
S18B_MASK_00880,S18A_PATCH_0147,spectral_sentinel2,true,false,available,true,unsupervised_only,none,true
S18B_MASK_00881,S18A_PATCH_0147,rainfall_chirps,true,false,available,true,unsupervised_only,none,true
S18B_MASK_00882,S18A_PATCH_0147,quality_lineage,true,false,available,true,unsupervised_only,none,true
S18B_MASK_00883,S18A_PATCH_0148,physical_topography,true,false,available,true,unsupervised_only,none,true
S18B_MASK_00884,S18A_PATCH_0148,hydrology_proximity,true,false,available,true,unsupervised_only,none,true
S18B_MASK_00885,S18A_PATCH_0148,urban_landcover,true,false,available,true,unsupervised_only,none,true
S18B_MASK_00886,S18A_PATCH_0148,spectral_sentinel2,true,false,available,true,unsupervised_only,none,true
S18B_MASK_00887,S18A_PATCH_0148,rainfall_chirps,true,false,available,true,unsupervised_only,none,true
S18B_MASK_00888,S18A_PATCH_0148,quality_lineage,true,false,available,true,unsupervised_only,none,true
S18B_MASK_00889,S18A_PATCH_0149,physical_topography,true,false,available,true,unsupervised_only,none,true
S18B_MASK_00890,S18A_PATCH_0149,hydrology_proximity,true,false,available,true,unsupervised_only,none,true
S18B_MASK_00891,S18A_PATCH_0149,urban_landcover,true,false,available,true,unsupervised_only,none,true
S18B_MASK_00892,S18A_PATCH_0149,spectral_sentinel2,true,false,available,true,unsupervised_only,none,true
S18B_MASK_00893,S18A_PATCH_0149,rainfall_chirps,true,false,available,true,unsupervised_only,none,true
S18B_MASK_00894,S18A_PATCH_0149,quality_lineage,true,false,available,true,unsupervised_only,none,true
S18B_MASK_00895,S18A_PATCH_0150,physical_topography,true,false,available,true,unsupervised_only,none,true
S18B_MASK_00896,S18A_PATCH_0150,hydrology_proximity,true,false,available,true,unsupervised_only,none,true
S18B_MASK_00897,S18A_PATCH_0150,urban_landcover,true,false,available,true,unsupervised_only,none,true
S18B_MASK_00898,S18A_PATCH_0150,spectral_sentinel2,true,false,available,true,unsupervised_only,none,true
S18B_MASK_00899,S18A_PATCH_0150,rainfall_chirps,true,false,available,true,unsupervised_only,none,true
S18B_MASK_00900,S18A_PATCH_0150,quality_lineage,true,false,available,true,unsupervised_only,none,true
S18B_MASK_00901,S18A_PATCH_0151,physical_topography,true,false,available,true,unsupervised_only,none,true
S18B_MASK_00902,S18A_PATCH_0151,hydrology_proximity,true,false,available,true,unsupervised_only,none,true
S18B_MASK_00903,S18A_PATCH_0151,urban_landcover,true,false,available,true,unsupervised_only,none,true
S18B_MASK_00904,S18A_PATCH_0151,spectral_sentinel2,true,false,available,true,unsupervised_only,none,true
S18B_MASK_00905,S18A_PATCH_0151,rainfall_chirps,true,false,available,true,unsupervised_only,none,true
S18B_MASK_00906,S18A_PATCH_0151,quality_lineage,true,false,available,true,unsupervised_only,none,true
S18B_MASK_00907,S18A_PATCH_0152,physical_topography,true,false,available,true,unsupervised_only,none,true
S18B_MASK_00908,S18A_PATCH_0152,hydrology_proximity,true,false,available,true,unsupervised_only,none,true
S18B_MASK_00909,S18A_PATCH_0152,urban_landcover,true,false,available,true,unsupervised_only,none,true
S18B_MASK_00910,S18A_PATCH_0152,spectral_sentinel2,true,false,available,true,unsupervised_only,none,true
S18B_MASK_00911,S18A_PATCH_0152,rainfall_chirps,true,false,available,true,unsupervised_only,none,true
S18B_MASK_00912,S18A_PATCH_0152,quality_lineage,true,false,available,true,unsupervised_only,none,true
S18B_MASK_00913,S18A_PATCH_0153,physical_topography,true,false,available,true,unsupervised_only,none,true
S18B_MASK_00914,S18A_PATCH_0153,hydrology_proximity,true,false,available,true,unsupervised_only,none,true
S18B_MASK_00915,S18A_PATCH_0153,urban_landcover,true,false,available,true,unsupervised_only,none,true
S18B_MASK_00916,S18A_PATCH_0153,spectral_sentinel2,true,false,available,true,unsupervised_only,none,true
S18B_MASK_00917,S18A_PATCH_0153,rainfall_chirps,true,false,available,true,unsupervised_only,none,true
S18B_MASK_00918,S18A_PATCH_0153,quality_lineage,true,false,available,true,unsupervised_only,none,true
S18B_MASK_00919,S18A_PATCH_0154,physical_topography,true,false,available,true,unsupervised_only,none,true
S18B_MASK_00920,S18A_PATCH_0154,hydrology_proximity,true,false,available,true,unsupervised_only,none,true
S18B_MASK_00921,S18A_PATCH_0154,urban_landcover,true,false,available,true,unsupervised_only,none,true
S18B_MASK_00922,S18A_PATCH_0154,spectral_sentinel2,true,false,available,true,unsupervised_only,none,true
S18B_MASK_00923,S18A_PATCH_0154,rainfall_chirps,true,false,available,true,unsupervised_only,none,true
S18B_MASK_00924,S18A_PATCH_0154,quality_lineage,true,false,available,true,unsupervised_only,none,true
S18B_MASK_00925,S18A_PATCH_0155,physical_topography,true,false,available,true,unsupervised_only,none,true
S18B_MASK_00926,S18A_PATCH_0155,hydrology_proximity,true,false,available,true,unsupervised_only,none,true
S18B_MASK_00927,S18A_PATCH_0155,urban_landcover,true,false,available,true,unsupervised_only,none,true
S18B_MASK_00928,S18A_PATCH_0155,spectral_sentinel2,true,false,available,true,unsupervised_only,none,true
S18B_MASK_00929,S18A_PATCH_0155,rainfall_chirps,true,false,available,true,unsupervised_only,none,true
S18B_MASK_00930,S18A_PATCH_0155,quality_lineage,true,false,available,true,unsupervised_only,none,true
S18B_MASK_00931,S18A_PATCH_0156,physical_topography,true,false,available,true,unsupervised_only,none,true
S18B_MASK_00932,S18A_PATCH_0156,hydrology_proximity,true,false,available,true,unsupervised_only,none,true
S18B_MASK_00933,S18A_PATCH_0156,urban_landcover,true,false,available,true,unsupervised_only,none,true
S18B_MASK_00934,S18A_PATCH_0156,spectral_sentinel2,true,false,available,true,unsupervised_only,none,true
S18B_MASK_00935,S18A_PATCH_0156,rainfall_chirps,true,false,available,true,unsupervised_only,none,true
S18B_MASK_00936,S18A_PATCH_0156,quality_lineage,true,false,available,true,unsupervised_only,none,true
S18B_MASK_00937,S18A_PATCH_0157,physical_topography,true,false,available,true,unsupervised_only,none,true
S18B_MASK_00938,S18A_PATCH_0157,hydrology_proximity,true,false,available,true,unsupervised_only,none,true
S18B_MASK_00939,S18A_PATCH_0157,urban_landcover,true,false,available,true,unsupervised_only,none,true
S18B_MASK_00940,S18A_PATCH_0157,spectral_sentinel2,true,false,available,true,unsupervised_only,none,true
S18B_MASK_00941,S18A_PATCH_0157,rainfall_chirps,true,false,available,true,unsupervised_only,none,true
S18B_MASK_00942,S18A_PATCH_0157,quality_lineage,true,false,available,true,unsupervised_only,none,true
S18B_MASK_00943,S18A_PATCH_0158,physical_topography,true,false,available,true,unsupervised_only,none,true
S18B_MASK_00944,S18A_PATCH_0158,hydrology_proximity,true,false,available,true,unsupervised_only,none,true
S18B_MASK_00945,S18A_PATCH_0158,urban_landcover,true,false,available,true,unsupervised_only,none,true
S18B_MASK_00946,S18A_PATCH_0158,spectral_sentinel2,true,false,available,true,unsupervised_only,none,true
S18B_MASK_00947,S18A_PATCH_0158,rainfall_chirps,true,false,available,true,unsupervised_only,none,true
S18B_MASK_00948,S18A_PATCH_0158,quality_lineage,true,false,available,true,unsupervised_only,none,true
S18B_MASK_00949,S18A_PATCH_0159,physical_topography,true,false,available,true,unsupervised_only,none,true
S18B_MASK_00950,S18A_PATCH_0159,hydrology_proximity,true,false,available,true,unsupervised_only,none,true
S18B_MASK_00951,S18A_PATCH_0159,urban_landcover,true,false,available,true,unsupervised_only,none,true
S18B_MASK_00952,S18A_PATCH_0159,spectral_sentinel2,true,false,available,true,unsupervised_only,none,true
S18B_MASK_00953,S18A_PATCH_0159,rainfall_chirps,true,false,available,true,unsupervised_only,none,true
S18B_MASK_00954,S18A_PATCH_0159,quality_lineage,true,false,available,true,unsupervised_only,none,true
S18B_MASK_00955,S18A_PATCH_0160,physical_topography,true,false,available,true,unsupervised_only,none,true
S18B_MASK_00956,S18A_PATCH_0160,hydrology_proximity,true,false,available,true,unsupervised_only,none,true
S18B_MASK_00957,S18A_PATCH_0160,urban_landcover,true,false,available,true,unsupervised_only,none,true
S18B_MASK_00958,S18A_PATCH_0160,spectral_sentinel2,true,false,available,true,unsupervised_only,none,true
S18B_MASK_00959,S18A_PATCH_0160,rainfall_chirps,true,false,available,true,unsupervised_only,none,true
S18B_MASK_00960,S18A_PATCH_0160,quality_lineage,true,false,available,true,unsupervised_only,none,true
S18B_MASK_00961,S18A_PATCH_0161,physical_topography,true,false,available,true,unsupervised_only,none,true
S18B_MASK_00962,S18A_PATCH_0161,hydrology_proximity,true,false,available,true,unsupervised_only,none,true
S18B_MASK_00963,S18A_PATCH_0161,urban_landcover,true,false,available,true,unsupervised_only,none,true
S18B_MASK_00964,S18A_PATCH_0161,spectral_sentinel2,true,false,available,true,unsupervised_only,none,true
S18B_MASK_00965,S18A_PATCH_0161,rainfall_chirps,true,false,available,true,unsupervised_only,none,true
S18B_MASK_00966,S18A_PATCH_0161,quality_lineage,true,false,available,true,unsupervised_only,none,true
S18B_MASK_00967,S18A_PATCH_0162,physical_topography,true,false,available,true,unsupervised_only,none,true
S18B_MASK_00968,S18A_PATCH_0162,hydrology_proximity,true,false,available,true,unsupervised_only,none,true
S18B_MASK_00969,S18A_PATCH_0162,urban_landcover,true,false,available,true,unsupervised_only,none,true
S18B_MASK_00970,S18A_PATCH_0162,spectral_sentinel2,true,false,available,true,unsupervised_only,none,true
S18B_MASK_00971,S18A_PATCH_0162,rainfall_chirps,true,false,available,true,unsupervised_only,none,true
S18B_MASK_00972,S18A_PATCH_0162,quality_lineage,true,false,available,true,unsupervised_only,none,true
S18B_MASK_00973,S18A_PATCH_0163,physical_topography,true,false,available,true,unsupervised_only,none,true
S18B_MASK_00974,S18A_PATCH_0163,hydrology_proximity,true,false,available,true,unsupervised_only,none,true
S18B_MASK_00975,S18A_PATCH_0163,urban_landcover,true,false,available,true,unsupervised_only,none,true
S18B_MASK_00976,S18A_PATCH_0163,spectral_sentinel2,true,false,available,true,unsupervised_only,none,true
S18B_MASK_00977,S18A_PATCH_0163,rainfall_chirps,true,false,available,true,unsupervised_only,none,true
S18B_MASK_00978,S18A_PATCH_0163,quality_lineage,true,false,available,true,unsupervised_only,none,true
S18B_MASK_00979,S18A_PATCH_0164,physical_topography,true,false,available,true,unsupervised_only,none,true
S18B_MASK_00980,S18A_PATCH_0164,hydrology_proximity,true,false,available,true,unsupervised_only,none,true
S18B_MASK_00981,S18A_PATCH_0164,urban_landcover,true,false,available,true,unsupervised_only,none,true
S18B_MASK_00982,S18A_PATCH_0164,spectral_sentinel2,true,false,available,true,unsupervised_only,none,true
S18B_MASK_00983,S18A_PATCH_0164,rainfall_chirps,true,false,available,true,unsupervised_only,none,true
S18B_MASK_00984,S18A_PATCH_0164,quality_lineage,true,false,available,true,unsupervised_only,none,true
S18B_MASK_00985,S18A_PATCH_0165,physical_topography,true,false,available,true,unsupervised_only,none,true
S18B_MASK_00986,S18A_PATCH_0165,hydrology_proximity,true,false,available,true,unsupervised_only,none,true
S18B_MASK_00987,S18A_PATCH_0165,urban_landcover,true,false,available,true,unsupervised_only,none,true
S18B_MASK_00988,S18A_PATCH_0165,spectral_sentinel2,true,false,available,true,unsupervised_only,none,true
S18B_MASK_00989,S18A_PATCH_0165,rainfall_chirps,true,false,available,true,unsupervised_only,none,true
S18B_MASK_00990,S18A_PATCH_0165,quality_lineage,true,false,available,true,unsupervised_only,none,true
S18B_MASK_00991,S18A_PATCH_0166,physical_topography,true,false,available,true,unsupervised_only,none,true
S18B_MASK_00992,S18A_PATCH_0166,hydrology_proximity,true,false,available,true,unsupervised_only,none,true
S18B_MASK_00993,S18A_PATCH_0166,urban_landcover,true,false,available,true,unsupervised_only,none,true
S18B_MASK_00994,S18A_PATCH_0166,spectral_sentinel2,true,false,available,true,unsupervised_only,none,true
S18B_MASK_00995,S18A_PATCH_0166,rainfall_chirps,true,false,available,true,unsupervised_only,none,true
S18B_MASK_00996,S18A_PATCH_0166,quality_lineage,true,false,available,true,unsupervised_only,none,true
S18B_MASK_00997,S18A_PATCH_0167,physical_topography,true,false,available,true,unsupervised_only,none,true
S18B_MASK_00998,S18A_PATCH_0167,hydrology_proximity,true,false,available,true,unsupervised_only,none,true
S18B_MASK_00999,S18A_PATCH_0167,urban_landcover,true,false,available,true,unsupervised_only,none,true
S18B_MASK_01000,S18A_PATCH_0167,spectral_sentinel2,true,false,available,true,unsupervised_only,none,true
S18B_MASK_01001,S18A_PATCH_0167,rainfall_chirps,true,false,available,true,unsupervised_only,none,true
S18B_MASK_01002,S18A_PATCH_0167,quality_lineage,true,false,available,true,unsupervised_only,none,true
S18B_MASK_01003,S18A_PATCH_0168,physical_topography,true,false,available,true,unsupervised_only,none,true
S18B_MASK_01004,S18A_PATCH_0168,hydrology_proximity,true,false,available,true,unsupervised_only,none,true
S18B_MASK_01005,S18A_PATCH_0168,urban_landcover,true,false,available,true,unsupervised_only,none,true
S18B_MASK_01006,S18A_PATCH_0168,spectral_sentinel2,true,false,available,true,unsupervised_only,none,true
S18B_MASK_01007,S18A_PATCH_0168,rainfall_chirps,true,false,available,true,unsupervised_only,none,true
S18B_MASK_01008,S18A_PATCH_0168,quality_lineage,true,false,available,true,unsupervised_only,none,true
S18B_MASK_01009,S18A_PATCH_0169,physical_topography,true,false,available,true,unsupervised_only,none,true
S18B_MASK_01010,S18A_PATCH_0169,hydrology_proximity,true,false,available,true,unsupervised_only,none,true
S18B_MASK_01011,S18A_PATCH_0169,urban_landcover,true,false,available,true,unsupervised_only,none,true
S18B_MASK_01012,S18A_PATCH_0169,spectral_sentinel2,true,false,available,true,unsupervised_only,none,true
S18B_MASK_01013,S18A_PATCH_0169,rainfall_chirps,true,false,available,true,unsupervised_only,none,true
S18B_MASK_01014,S18A_PATCH_0169,quality_lineage,true,false,available,true,unsupervised_only,none,true
S18B_MASK_01015,S18A_PATCH_0170,physical_topography,true,false,available,true,unsupervised_only,none,true
S18B_MASK_01016,S18A_PATCH_0170,hydrology_proximity,true,false,available,true,unsupervised_only,none,true
S18B_MASK_01017,S18A_PATCH_0170,urban_landcover,true,false,available,true,unsupervised_only,none,true
S18B_MASK_01018,S18A_PATCH_0170,spectral_sentinel2,true,false,available,true,unsupervised_only,none,true
S18B_MASK_01019,S18A_PATCH_0170,rainfall_chirps,true,false,available,true,unsupervised_only,none,true
S18B_MASK_01020,S18A_PATCH_0170,quality_lineage,true,false,available,true,unsupervised_only,none,true
S18B_MASK_01021,S18A_PATCH_0171,physical_topography,true,false,available,true,unsupervised_only,none,true
S18B_MASK_01022,S18A_PATCH_0171,hydrology_proximity,true,false,available,true,unsupervised_only,none,true
S18B_MASK_01023,S18A_PATCH_0171,urban_landcover,true,false,available,true,unsupervised_only,none,true
S18B_MASK_01024,S18A_PATCH_0171,spectral_sentinel2,true,false,available,true,unsupervised_only,none,true
S18B_MASK_01025,S18A_PATCH_0171,rainfall_chirps,true,false,available,true,unsupervised_only,none,true
S18B_MASK_01026,S18A_PATCH_0171,quality_lineage,true,false,available,true,unsupervised_only,none,true
S18B_MASK_01027,S18A_PATCH_0172,physical_topography,true,false,available,true,unsupervised_only,none,true
S18B_MASK_01028,S18A_PATCH_0172,hydrology_proximity,true,false,available,true,unsupervised_only,none,true
S18B_MASK_01029,S18A_PATCH_0172,urban_landcover,true,false,available,true,unsupervised_only,none,true
S18B_MASK_01030,S18A_PATCH_0172,spectral_sentinel2,true,false,available,true,unsupervised_only,none,true
S18B_MASK_01031,S18A_PATCH_0172,rainfall_chirps,true,false,available,true,unsupervised_only,none,true
S18B_MASK_01032,S18A_PATCH_0172,quality_lineage,true,false,available,true,unsupervised_only,none,true
S18B_MASK_01033,S18A_PATCH_0173,physical_topography,true,false,available,true,unsupervised_only,none,true
S18B_MASK_01034,S18A_PATCH_0173,hydrology_proximity,true,false,available,true,unsupervised_only,none,true
S18B_MASK_01035,S18A_PATCH_0173,urban_landcover,true,false,available,true,unsupervised_only,none,true
S18B_MASK_01036,S18A_PATCH_0173,spectral_sentinel2,true,false,available,true,unsupervised_only,none,true
S18B_MASK_01037,S18A_PATCH_0173,rainfall_chirps,true,false,available,true,unsupervised_only,none,true
S18B_MASK_01038,S18A_PATCH_0173,quality_lineage,true,false,available,true,unsupervised_only,none,true
S18B_MASK_01039,S18A_PATCH_0174,physical_topography,true,false,available,true,unsupervised_only,none,true
S18B_MASK_01040,S18A_PATCH_0174,hydrology_proximity,true,false,available,true,unsupervised_only,none,true
S18B_MASK_01041,S18A_PATCH_0174,urban_landcover,true,false,available,true,unsupervised_only,none,true
S18B_MASK_01042,S18A_PATCH_0174,spectral_sentinel2,true,false,available,true,unsupervised_only,none,true
S18B_MASK_01043,S18A_PATCH_0174,rainfall_chirps,true,false,available,true,unsupervised_only,none,true
S18B_MASK_01044,S18A_PATCH_0174,quality_lineage,true,false,available,true,unsupervised_only,none,true
S18B_MASK_01045,S18A_PATCH_0175,physical_topography,true,false,available,true,unsupervised_only,none,true
S18B_MASK_01046,S18A_PATCH_0175,hydrology_proximity,true,false,available,true,unsupervised_only,none,true
S18B_MASK_01047,S18A_PATCH_0175,urban_landcover,true,false,available,true,unsupervised_only,none,true
S18B_MASK_01048,S18A_PATCH_0175,spectral_sentinel2,true,false,available,true,unsupervised_only,none,true
S18B_MASK_01049,S18A_PATCH_0175,rainfall_chirps,true,false,available,true,unsupervised_only,none,true
S18B_MASK_01050,S18A_PATCH_0175,quality_lineage,true,false,available,true,unsupervised_only,none,true
S18B_MASK_01051,S18A_PATCH_0176,physical_topography,true,false,available,true,unsupervised_only,none,true
S18B_MASK_01052,S18A_PATCH_0176,hydrology_proximity,true,false,available,true,unsupervised_only,none,true
S18B_MASK_01053,S18A_PATCH_0176,urban_landcover,true,false,available,true,unsupervised_only,none,true
S18B_MASK_01054,S18A_PATCH_0176,spectral_sentinel2,true,false,available,true,unsupervised_only,none,true
S18B_MASK_01055,S18A_PATCH_0176,rainfall_chirps,true,false,available,true,unsupervised_only,none,true
S18B_MASK_01056,S18A_PATCH_0176,quality_lineage,true,false,available,true,unsupervised_only,none,true
S18B_MASK_01057,S18A_PATCH_0177,physical_topography,true,false,available,true,unsupervised_only,none,true
S18B_MASK_01058,S18A_PATCH_0177,hydrology_proximity,true,false,available,true,unsupervised_only,none,true
S18B_MASK_01059,S18A_PATCH_0177,urban_landcover,true,false,available,true,unsupervised_only,none,true
S18B_MASK_01060,S18A_PATCH_0177,spectral_sentinel2,true,false,available,true,unsupervised_only,none,true
S18B_MASK_01061,S18A_PATCH_0177,rainfall_chirps,true,false,available,true,unsupervised_only,none,true
S18B_MASK_01062,S18A_PATCH_0177,quality_lineage,true,false,available,true,unsupervised_only,none,true
S18B_MASK_01063,S18A_PATCH_0178,physical_topography,true,false,available,true,unsupervised_only,none,true
S18B_MASK_01064,S18A_PATCH_0178,hydrology_proximity,true,false,available,true,unsupervised_only,none,true
S18B_MASK_01065,S18A_PATCH_0178,urban_landcover,true,false,available,true,unsupervised_only,none,true
S18B_MASK_01066,S18A_PATCH_0178,spectral_sentinel2,true,false,available,true,unsupervised_only,none,true
S18B_MASK_01067,S18A_PATCH_0178,rainfall_chirps,true,false,available,true,unsupervised_only,none,true
S18B_MASK_01068,S18A_PATCH_0178,quality_lineage,true,false,available,true,unsupervised_only,none,true
S18B_MASK_01069,S18A_PATCH_0179,physical_topography,true,false,available,true,unsupervised_only,none,true
S18B_MASK_01070,S18A_PATCH_0179,hydrology_proximity,true,false,available,true,unsupervised_only,none,true
S18B_MASK_01071,S18A_PATCH_0179,urban_landcover,true,false,available,true,unsupervised_only,none,true
S18B_MASK_01072,S18A_PATCH_0179,spectral_sentinel2,true,false,available,true,unsupervised_only,none,true
S18B_MASK_01073,S18A_PATCH_0179,rainfall_chirps,true,false,available,true,unsupervised_only,none,true
S18B_MASK_01074,S18A_PATCH_0179,quality_lineage,true,false,available,true,unsupervised_only,none,true
S18B_MASK_01075,S18A_PATCH_0180,physical_topography,true,false,available,true,unsupervised_only,none,true
S18B_MASK_01076,S18A_PATCH_0180,hydrology_proximity,true,false,available,true,unsupervised_only,none,true
S18B_MASK_01077,S18A_PATCH_0180,urban_landcover,true,false,available,true,unsupervised_only,none,true
S18B_MASK_01078,S18A_PATCH_0180,spectral_sentinel2,true,false,available,true,unsupervised_only,none,true
S18B_MASK_01079,S18A_PATCH_0180,rainfall_chirps,true,false,available,true,unsupervised_only,none,true
S18B_MASK_01080,S18A_PATCH_0180,quality_lineage,true,false,available,true,unsupervised_only,none,true
S18B_MASK_01081,S18A_PATCH_0181,physical_topography,true,false,available,true,unsupervised_only,none,true
S18B_MASK_01082,S18A_PATCH_0181,hydrology_proximity,true,false,available,true,unsupervised_only,none,true
S18B_MASK_01083,S18A_PATCH_0181,urban_landcover,true,false,available,true,unsupervised_only,none,true
S18B_MASK_01084,S18A_PATCH_0181,spectral_sentinel2,true,false,available,true,unsupervised_only,none,true
S18B_MASK_01085,S18A_PATCH_0181,rainfall_chirps,true,false,available,true,unsupervised_only,none,true
S18B_MASK_01086,S18A_PATCH_0181,quality_lineage,true,false,available,true,unsupervised_only,none,true
S18B_MASK_01087,S18A_PATCH_0182,physical_topography,true,false,available,true,unsupervised_only,none,true
S18B_MASK_01088,S18A_PATCH_0182,hydrology_proximity,true,false,available,true,unsupervised_only,none,true
S18B_MASK_01089,S18A_PATCH_0182,urban_landcover,true,false,available,true,unsupervised_only,none,true
S18B_MASK_01090,S18A_PATCH_0182,spectral_sentinel2,true,false,available,true,unsupervised_only,none,true
S18B_MASK_01091,S18A_PATCH_0182,rainfall_chirps,true,false,available,true,unsupervised_only,none,true
S18B_MASK_01092,S18A_PATCH_0182,quality_lineage,true,false,available,true,unsupervised_only,none,true
S18B_MASK_01093,S18A_PATCH_0183,physical_topography,true,false,available,true,unsupervised_only,none,true
S18B_MASK_01094,S18A_PATCH_0183,hydrology_proximity,true,false,available,true,unsupervised_only,none,true
S18B_MASK_01095,S18A_PATCH_0183,urban_landcover,true,false,available,true,unsupervised_only,none,true
S18B_MASK_01096,S18A_PATCH_0183,spectral_sentinel2,true,false,available,true,unsupervised_only,none,true
S18B_MASK_01097,S18A_PATCH_0183,rainfall_chirps,true,false,available,true,unsupervised_only,none,true
S18B_MASK_01098,S18A_PATCH_0183,quality_lineage,true,false,available,true,unsupervised_only,none,true
S18B_MASK_01099,S18A_PATCH_0184,physical_topography,true,false,available,true,unsupervised_only,none,true
S18B_MASK_01100,S18A_PATCH_0184,hydrology_proximity,true,false,available,true,unsupervised_only,none,true
S18B_MASK_01101,S18A_PATCH_0184,urban_landcover,true,false,available,true,unsupervised_only,none,true
S18B_MASK_01102,S18A_PATCH_0184,spectral_sentinel2,true,false,available,true,unsupervised_only,none,true
S18B_MASK_01103,S18A_PATCH_0184,rainfall_chirps,true,false,available,true,unsupervised_only,none,true
S18B_MASK_01104,S18A_PATCH_0184,quality_lineage,true,false,available,true,unsupervised_only,none,true
S18B_MASK_01105,S18A_PATCH_0185,physical_topography,true,false,available,true,unsupervised_only,none,true
S18B_MASK_01106,S18A_PATCH_0185,hydrology_proximity,true,false,available,true,unsupervised_only,none,true
S18B_MASK_01107,S18A_PATCH_0185,urban_landcover,true,false,available,true,unsupervised_only,none,true
S18B_MASK_01108,S18A_PATCH_0185,spectral_sentinel2,true,false,available,true,unsupervised_only,none,true
S18B_MASK_01109,S18A_PATCH_0185,rainfall_chirps,true,false,available,true,unsupervised_only,none,true
S18B_MASK_01110,S18A_PATCH_0185,quality_lineage,true,false,available,true,unsupervised_only,none,true
S18B_MASK_01111,S18A_PATCH_0186,physical_topography,true,false,available,true,unsupervised_only,none,true
S18B_MASK_01112,S18A_PATCH_0186,hydrology_proximity,true,false,available,true,unsupervised_only,none,true
S18B_MASK_01113,S18A_PATCH_0186,urban_landcover,true,false,available,true,unsupervised_only,none,true
S18B_MASK_01114,S18A_PATCH_0186,spectral_sentinel2,true,false,available,true,unsupervised_only,none,true
S18B_MASK_01115,S18A_PATCH_0186,rainfall_chirps,true,false,available,true,unsupervised_only,none,true
S18B_MASK_01116,S18A_PATCH_0186,quality_lineage,true,false,available,true,unsupervised_only,none,true
S18B_MASK_01117,S18A_PATCH_0187,physical_topography,true,false,available,true,unsupervised_only,none,true
S18B_MASK_01118,S18A_PATCH_0187,hydrology_proximity,true,false,available,true,unsupervised_only,none,true
S18B_MASK_01119,S18A_PATCH_0187,urban_landcover,true,false,available,true,unsupervised_only,none,true
S18B_MASK_01120,S18A_PATCH_0187,spectral_sentinel2,true,false,available,true,unsupervised_only,none,true
S18B_MASK_01121,S18A_PATCH_0187,rainfall_chirps,true,false,available,true,unsupervised_only,none,true
S18B_MASK_01122,S18A_PATCH_0187,quality_lineage,true,false,available,true,unsupervised_only,none,true
S18B_MASK_01123,S18A_PATCH_0188,physical_topography,true,false,available,true,unsupervised_only,none,true
S18B_MASK_01124,S18A_PATCH_0188,hydrology_proximity,true,false,available,true,unsupervised_only,none,true
S18B_MASK_01125,S18A_PATCH_0188,urban_landcover,true,false,available,true,unsupervised_only,none,true
S18B_MASK_01126,S18A_PATCH_0188,spectral_sentinel2,true,false,available,true,unsupervised_only,none,true
S18B_MASK_01127,S18A_PATCH_0188,rainfall_chirps,true,false,available,true,unsupervised_only,none,true
S18B_MASK_01128,S18A_PATCH_0188,quality_lineage,true,false,available,true,unsupervised_only,none,true
S18B_MASK_01129,S18A_PATCH_0189,physical_topography,true,false,available,true,unsupervised_only,none,true
S18B_MASK_01130,S18A_PATCH_0189,hydrology_proximity,true,false,available,true,unsupervised_only,none,true
S18B_MASK_01131,S18A_PATCH_0189,urban_landcover,true,false,available,true,unsupervised_only,none,true
S18B_MASK_01132,S18A_PATCH_0189,spectral_sentinel2,true,false,available,true,unsupervised_only,none,true
S18B_MASK_01133,S18A_PATCH_0189,rainfall_chirps,true,false,available,true,unsupervised_only,none,true
S18B_MASK_01134,S18A_PATCH_0189,quality_lineage,true,false,available,true,unsupervised_only,none,true
S18B_MASK_01135,S18A_PATCH_0190,physical_topography,true,false,available,true,unsupervised_only,none,true
S18B_MASK_01136,S18A_PATCH_0190,hydrology_proximity,true,false,available,true,unsupervised_only,none,true
S18B_MASK_01137,S18A_PATCH_0190,urban_landcover,true,false,available,true,unsupervised_only,none,true
S18B_MASK_01138,S18A_PATCH_0190,spectral_sentinel2,true,false,available,true,unsupervised_only,none,true
S18B_MASK_01139,S18A_PATCH_0190,rainfall_chirps,true,false,available,true,unsupervised_only,none,true
S18B_MASK_01140,S18A_PATCH_0190,quality_lineage,true,false,available,true,unsupervised_only,none,true
S18B_MASK_01141,S18A_PATCH_0191,physical_topography,true,false,available,true,unsupervised_only,none,true
S18B_MASK_01142,S18A_PATCH_0191,hydrology_proximity,true,false,available,true,unsupervised_only,none,true
S18B_MASK_01143,S18A_PATCH_0191,urban_landcover,true,false,available,true,unsupervised_only,none,true
S18B_MASK_01144,S18A_PATCH_0191,spectral_sentinel2,true,false,available,true,unsupervised_only,none,true
S18B_MASK_01145,S18A_PATCH_0191,rainfall_chirps,true,false,available,true,unsupervised_only,none,true
S18B_MASK_01146,S18A_PATCH_0191,quality_lineage,true,false,available,true,unsupervised_only,none,true
S18B_MASK_01147,S18A_PATCH_0192,physical_topography,true,false,available,true,unsupervised_only,none,true
S18B_MASK_01148,S18A_PATCH_0192,hydrology_proximity,true,false,available,true,unsupervised_only,none,true
S18B_MASK_01149,S18A_PATCH_0192,urban_landcover,true,false,available,true,unsupervised_only,none,true
S18B_MASK_01150,S18A_PATCH_0192,spectral_sentinel2,true,false,available,true,unsupervised_only,none,true
S18B_MASK_01151,S18A_PATCH_0192,rainfall_chirps,true,false,available,true,unsupervised_only,none,true
S18B_MASK_01152,S18A_PATCH_0192,quality_lineage,true,false,available,true,unsupervised_only,none,true
S18B_MASK_01153,S18A_PATCH_0193,physical_topography,true,false,available,true,unsupervised_only,none,true
S18B_MASK_01154,S18A_PATCH_0193,hydrology_proximity,true,false,available,true,unsupervised_only,none,true
S18B_MASK_01155,S18A_PATCH_0193,urban_landcover,true,false,available,true,unsupervised_only,none,true
S18B_MASK_01156,S18A_PATCH_0193,spectral_sentinel2,true,false,available,true,unsupervised_only,none,true
S18B_MASK_01157,S18A_PATCH_0193,rainfall_chirps,true,false,available,true,unsupervised_only,none,true
S18B_MASK_01158,S18A_PATCH_0193,quality_lineage,true,false,available,true,unsupervised_only,none,true
S18B_MASK_01159,S18A_PATCH_0194,physical_topography,true,false,available,true,unsupervised_only,none,true
S18B_MASK_01160,S18A_PATCH_0194,hydrology_proximity,true,false,available,true,unsupervised_only,none,true
S18B_MASK_01161,S18A_PATCH_0194,urban_landcover,true,false,available,true,unsupervised_only,none,true
S18B_MASK_01162,S18A_PATCH_0194,spectral_sentinel2,true,false,available,true,unsupervised_only,none,true
S18B_MASK_01163,S18A_PATCH_0194,rainfall_chirps,true,false,available,true,unsupervised_only,none,true
S18B_MASK_01164,S18A_PATCH_0194,quality_lineage,true,false,available,true,unsupervised_only,none,true
S18B_MASK_01165,S18A_PATCH_0195,physical_topography,true,false,available,true,unsupervised_only,none,true
S18B_MASK_01166,S18A_PATCH_0195,hydrology_proximity,true,false,available,true,unsupervised_only,none,true
S18B_MASK_01167,S18A_PATCH_0195,urban_landcover,true,false,available,true,unsupervised_only,none,true
S18B_MASK_01168,S18A_PATCH_0195,spectral_sentinel2,true,false,available,true,unsupervised_only,none,true
S18B_MASK_01169,S18A_PATCH_0195,rainfall_chirps,true,false,available,true,unsupervised_only,none,true
S18B_MASK_01170,S18A_PATCH_0195,quality_lineage,true,false,available,true,unsupervised_only,none,true
S18B_MASK_01171,S18A_PATCH_0196,physical_topography,true,false,available,true,unsupervised_only,none,true
S18B_MASK_01172,S18A_PATCH_0196,hydrology_proximity,true,false,available,true,unsupervised_only,none,true
S18B_MASK_01173,S18A_PATCH_0196,urban_landcover,true,false,available,true,unsupervised_only,none,true
S18B_MASK_01174,S18A_PATCH_0196,spectral_sentinel2,true,false,available,true,unsupervised_only,none,true
S18B_MASK_01175,S18A_PATCH_0196,rainfall_chirps,true,false,available,true,unsupervised_only,none,true
S18B_MASK_01176,S18A_PATCH_0196,quality_lineage,true,false,available,true,unsupervised_only,none,true
S18B_MASK_01177,S18A_PATCH_0197,physical_topography,true,false,available,true,unsupervised_only,none,true
S18B_MASK_01178,S18A_PATCH_0197,hydrology_proximity,true,false,available,true,unsupervised_only,none,true
S18B_MASK_01179,S18A_PATCH_0197,urban_landcover,true,false,available,true,unsupervised_only,none,true
S18B_MASK_01180,S18A_PATCH_0197,spectral_sentinel2,true,false,available,true,unsupervised_only,none,true
S18B_MASK_01181,S18A_PATCH_0197,rainfall_chirps,true,false,available,true,unsupervised_only,none,true
S18B_MASK_01182,S18A_PATCH_0197,quality_lineage,true,false,available,true,unsupervised_only,none,true
S18B_MASK_01183,S18A_PATCH_0198,physical_topography,true,false,available,true,unsupervised_only,none,true
S18B_MASK_01184,S18A_PATCH_0198,hydrology_proximity,true,false,available,true,unsupervised_only,none,true
S18B_MASK_01185,S18A_PATCH_0198,urban_landcover,true,false,available,true,unsupervised_only,none,true
S18B_MASK_01186,S18A_PATCH_0198,spectral_sentinel2,true,false,available,true,unsupervised_only,none,true
S18B_MASK_01187,S18A_PATCH_0198,rainfall_chirps,true,false,available,true,unsupervised_only,none,true
S18B_MASK_01188,S18A_PATCH_0198,quality_lineage,true,false,available,true,unsupervised_only,none,true
S18B_MASK_01189,S18A_PATCH_0199,physical_topography,true,false,available,true,unsupervised_only,none,true
S18B_MASK_01190,S18A_PATCH_0199,hydrology_proximity,true,false,available,true,unsupervised_only,none,true
S18B_MASK_01191,S18A_PATCH_0199,urban_landcover,true,false,available,true,unsupervised_only,none,true
S18B_MASK_01192,S18A_PATCH_0199,spectral_sentinel2,true,false,available,true,unsupervised_only,none,true
S18B_MASK_01193,S18A_PATCH_0199,rainfall_chirps,true,false,available,true,unsupervised_only,none,true
S18B_MASK_01194,S18A_PATCH_0199,quality_lineage,true,false,available,true,unsupervised_only,none,true
S18B_MASK_01195,S18A_PATCH_0200,physical_topography,true,false,available,true,unsupervised_only,none,true
S18B_MASK_01196,S18A_PATCH_0200,hydrology_proximity,true,false,available,true,unsupervised_only,none,true
S18B_MASK_01197,S18A_PATCH_0200,urban_landcover,true,false,available,true,unsupervised_only,none,true
S18B_MASK_01198,S18A_PATCH_0200,spectral_sentinel2,true,false,available,true,unsupervised_only,none,true
S18B_MASK_01199,S18A_PATCH_0200,rainfall_chirps,true,false,available,true,unsupervised_only,none,true
S18B_MASK_01200,S18A_PATCH_0200,quality_lineage,true,false,available,true,unsupervised_only,none,true
S18B_MASK_01201,S18A_PATCH_0201,physical_topography,true,false,available,true,unsupervised_only,none,true
S18B_MASK_01202,S18A_PATCH_0201,hydrology_proximity,true,false,available,true,unsupervised_only,none,true
S18B_MASK_01203,S18A_PATCH_0201,urban_landcover,true,false,available,true,unsupervised_only,none,true
S18B_MASK_01204,S18A_PATCH_0201,spectral_sentinel2,true,false,available,true,unsupervised_only,none,true
S18B_MASK_01205,S18A_PATCH_0201,rainfall_chirps,true,false,available,true,unsupervised_only,none,true
S18B_MASK_01206,S18A_PATCH_0201,quality_lineage,true,false,available,true,unsupervised_only,none,true
S18B_MASK_01207,S18A_PATCH_0202,physical_topography,true,false,available,true,unsupervised_only,none,true
S18B_MASK_01208,S18A_PATCH_0202,hydrology_proximity,true,false,available,true,unsupervised_only,none,true
S18B_MASK_01209,S18A_PATCH_0202,urban_landcover,true,false,available,true,unsupervised_only,none,true
S18B_MASK_01210,S18A_PATCH_0202,spectral_sentinel2,true,false,available,true,unsupervised_only,none,true
S18B_MASK_01211,S18A_PATCH_0202,rainfall_chirps,true,false,available,true,unsupervised_only,none,true
S18B_MASK_01212,S18A_PATCH_0202,quality_lineage,true,false,available,true,unsupervised_only,none,true
S18B_MASK_01213,S18A_PATCH_0203,physical_topography,true,false,available,true,unsupervised_only,none,true
S18B_MASK_01214,S18A_PATCH_0203,hydrology_proximity,true,false,available,true,unsupervised_only,none,true
S18B_MASK_01215,S18A_PATCH_0203,urban_landcover,true,false,available,true,unsupervised_only,none,true
S18B_MASK_01216,S18A_PATCH_0203,spectral_sentinel2,true,false,available,true,unsupervised_only,none,true
S18B_MASK_01217,S18A_PATCH_0203,rainfall_chirps,true,false,available,true,unsupervised_only,none,true
S18B_MASK_01218,S18A_PATCH_0203,quality_lineage,true,false,available,true,unsupervised_only,none,true
S18B_MASK_01219,S18A_PATCH_0204,physical_topography,true,false,available,true,unsupervised_only,none,true
S18B_MASK_01220,S18A_PATCH_0204,hydrology_proximity,true,false,available,true,unsupervised_only,none,true
S18B_MASK_01221,S18A_PATCH_0204,urban_landcover,true,false,available,true,unsupervised_only,none,true
S18B_MASK_01222,S18A_PATCH_0204,spectral_sentinel2,true,false,available,true,unsupervised_only,none,true
S18B_MASK_01223,S18A_PATCH_0204,rainfall_chirps,true,false,available,true,unsupervised_only,none,true
S18B_MASK_01224,S18A_PATCH_0204,quality_lineage,true,false,available,true,unsupervised_only,none,true
S18B_MASK_01225,S18A_PATCH_0205,physical_topography,true,false,available,true,unsupervised_only,none,true
S18B_MASK_01226,S18A_PATCH_0205,hydrology_proximity,true,false,available,true,unsupervised_only,none,true
S18B_MASK_01227,S18A_PATCH_0205,urban_landcover,true,false,available,true,unsupervised_only,none,true
S18B_MASK_01228,S18A_PATCH_0205,spectral_sentinel2,true,false,available,true,unsupervised_only,none,true
S18B_MASK_01229,S18A_PATCH_0205,rainfall_chirps,true,false,available,true,unsupervised_only,none,true
S18B_MASK_01230,S18A_PATCH_0205,quality_lineage,true,false,available,true,unsupervised_only,none,true
S18B_MASK_01231,S18A_PATCH_0206,physical_topography,true,false,available,true,unsupervised_only,none,true
S18B_MASK_01232,S18A_PATCH_0206,hydrology_proximity,true,false,available,true,unsupervised_only,none,true
S18B_MASK_01233,S18A_PATCH_0206,urban_landcover,true,false,available,true,unsupervised_only,none,true
S18B_MASK_01234,S18A_PATCH_0206,spectral_sentinel2,true,false,available,true,unsupervised_only,none,true
S18B_MASK_01235,S18A_PATCH_0206,rainfall_chirps,true,false,available,true,unsupervised_only,none,true
S18B_MASK_01236,S18A_PATCH_0206,quality_lineage,true,false,available,true,unsupervised_only,none,true
S18B_MASK_01237,S18A_PATCH_0207,physical_topography,true,false,available,true,unsupervised_only,none,true
S18B_MASK_01238,S18A_PATCH_0207,hydrology_proximity,true,false,available,true,unsupervised_only,none,true
S18B_MASK_01239,S18A_PATCH_0207,urban_landcover,true,false,available,true,unsupervised_only,none,true
S18B_MASK_01240,S18A_PATCH_0207,spectral_sentinel2,true,false,available,true,unsupervised_only,none,true
S18B_MASK_01241,S18A_PATCH_0207,rainfall_chirps,true,false,available,true,unsupervised_only,none,true
S18B_MASK_01242,S18A_PATCH_0207,quality_lineage,true,false,available,true,unsupervised_only,none,true
S18B_MASK_01243,S18A_PATCH_0208,physical_topography,true,false,available,true,unsupervised_only,none,true
S18B_MASK_01244,S18A_PATCH_0208,hydrology_proximity,true,false,available,true,unsupervised_only,none,true
S18B_MASK_01245,S18A_PATCH_0208,urban_landcover,true,false,available,true,unsupervised_only,none,true
S18B_MASK_01246,S18A_PATCH_0208,spectral_sentinel2,true,false,available,true,unsupervised_only,none,true
S18B_MASK_01247,S18A_PATCH_0208,rainfall_chirps,true,false,available,true,unsupervised_only,none,true
S18B_MASK_01248,S18A_PATCH_0208,quality_lineage,true,false,available,true,unsupervised_only,none,true
S18B_MASK_01249,S18A_PATCH_0209,physical_topography,true,false,available,true,unsupervised_only,none,true
S18B_MASK_01250,S18A_PATCH_0209,hydrology_proximity,true,false,available,true,unsupervised_only,none,true
S18B_MASK_01251,S18A_PATCH_0209,urban_landcover,true,false,available,true,unsupervised_only,none,true
S18B_MASK_01252,S18A_PATCH_0209,spectral_sentinel2,true,false,available,true,unsupervised_only,none,true
S18B_MASK_01253,S18A_PATCH_0209,rainfall_chirps,true,false,available,true,unsupervised_only,none,true
S18B_MASK_01254,S18A_PATCH_0209,quality_lineage,true,false,available,true,unsupervised_only,none,true
S18B_MASK_01255,S18A_PATCH_0210,physical_topography,true,false,available,true,unsupervised_only,none,true
S18B_MASK_01256,S18A_PATCH_0210,hydrology_proximity,true,false,available,true,unsupervised_only,none,true
S18B_MASK_01257,S18A_PATCH_0210,urban_landcover,true,false,available,true,unsupervised_only,none,true
S18B_MASK_01258,S18A_PATCH_0210,spectral_sentinel2,true,false,available,true,unsupervised_only,none,true
S18B_MASK_01259,S18A_PATCH_0210,rainfall_chirps,true,false,available,true,unsupervised_only,none,true
S18B_MASK_01260,S18A_PATCH_0210,quality_lineage,true,false,available,true,unsupervised_only,none,true
S18B_MASK_01261,S18A_PATCH_0211,physical_topography,true,false,available,true,unsupervised_only,none,true
S18B_MASK_01262,S18A_PATCH_0211,hydrology_proximity,true,false,available,true,unsupervised_only,none,true
S18B_MASK_01263,S18A_PATCH_0211,urban_landcover,true,false,available,true,unsupervised_only,none,true
S18B_MASK_01264,S18A_PATCH_0211,spectral_sentinel2,true,false,available,true,unsupervised_only,none,true
S18B_MASK_01265,S18A_PATCH_0211,rainfall_chirps,true,false,available,true,unsupervised_only,none,true
S18B_MASK_01266,S18A_PATCH_0211,quality_lineage,true,false,available,true,unsupervised_only,none,true
S18B_MASK_01267,S18A_PATCH_0212,physical_topography,true,false,available,true,unsupervised_only,none,true
S18B_MASK_01268,S18A_PATCH_0212,hydrology_proximity,true,false,available,true,unsupervised_only,none,true
S18B_MASK_01269,S18A_PATCH_0212,urban_landcover,true,false,available,true,unsupervised_only,none,true
S18B_MASK_01270,S18A_PATCH_0212,spectral_sentinel2,true,false,available,true,unsupervised_only,none,true
S18B_MASK_01271,S18A_PATCH_0212,rainfall_chirps,true,false,available,true,unsupervised_only,none,true
S18B_MASK_01272,S18A_PATCH_0212,quality_lineage,true,false,available,true,unsupervised_only,none,true
S18B_MASK_01273,S18A_PATCH_0213,physical_topography,true,false,available,true,unsupervised_only,none,true
S18B_MASK_01274,S18A_PATCH_0213,hydrology_proximity,true,false,available,true,unsupervised_only,none,true
S18B_MASK_01275,S18A_PATCH_0213,urban_landcover,true,false,available,true,unsupervised_only,none,true
S18B_MASK_01276,S18A_PATCH_0213,spectral_sentinel2,true,false,available,true,unsupervised_only,none,true
S18B_MASK_01277,S18A_PATCH_0213,rainfall_chirps,true,false,available,true,unsupervised_only,none,true
S18B_MASK_01278,S18A_PATCH_0213,quality_lineage,true,false,available,true,unsupervised_only,none,true
S18B_MASK_01279,S18A_PATCH_0214,physical_topography,true,false,available,true,unsupervised_only,none,true
S18B_MASK_01280,S18A_PATCH_0214,hydrology_proximity,true,false,available,true,unsupervised_only,none,true
S18B_MASK_01281,S18A_PATCH_0214,urban_landcover,true,false,available,true,unsupervised_only,none,true
S18B_MASK_01282,S18A_PATCH_0214,spectral_sentinel2,true,false,available,true,unsupervised_only,none,true
S18B_MASK_01283,S18A_PATCH_0214,rainfall_chirps,true,false,available,true,unsupervised_only,none,true
S18B_MASK_01284,S18A_PATCH_0214,quality_lineage,true,false,available,true,unsupervised_only,none,true
S18B_MASK_01285,S18A_PATCH_0215,physical_topography,true,false,available,true,unsupervised_only,none,true
S18B_MASK_01286,S18A_PATCH_0215,hydrology_proximity,true,false,available,true,unsupervised_only,none,true
S18B_MASK_01287,S18A_PATCH_0215,urban_landcover,true,false,available,true,unsupervised_only,none,true
S18B_MASK_01288,S18A_PATCH_0215,spectral_sentinel2,true,false,available,true,unsupervised_only,none,true
S18B_MASK_01289,S18A_PATCH_0215,rainfall_chirps,true,false,available,true,unsupervised_only,none,true
S18B_MASK_01290,S18A_PATCH_0215,quality_lineage,true,false,available,true,unsupervised_only,none,true
S18B_MASK_01291,S18A_PATCH_0216,physical_topography,true,false,available,true,unsupervised_only,none,true
S18B_MASK_01292,S18A_PATCH_0216,hydrology_proximity,true,false,available,true,unsupervised_only,none,true
S18B_MASK_01293,S18A_PATCH_0216,urban_landcover,true,false,available,true,unsupervised_only,none,true
S18B_MASK_01294,S18A_PATCH_0216,spectral_sentinel2,true,false,available,true,unsupervised_only,none,true
S18B_MASK_01295,S18A_PATCH_0216,rainfall_chirps,true,false,available,true,unsupervised_only,none,true
S18B_MASK_01296,S18A_PATCH_0216,quality_lineage,true,false,available,true,unsupervised_only,none,true
S18B_MASK_01297,S18A_PATCH_0217,physical_topography,true,false,available,true,unsupervised_only,none,true
S18B_MASK_01298,S18A_PATCH_0217,hydrology_proximity,true,false,available,true,unsupervised_only,none,true
S18B_MASK_01299,S18A_PATCH_0217,urban_landcover,true,false,available,true,unsupervised_only,none,true
S18B_MASK_01300,S18A_PATCH_0217,spectral_sentinel2,true,false,available,true,unsupervised_only,none,true
S18B_MASK_01301,S18A_PATCH_0217,rainfall_chirps,true,false,available,true,unsupervised_only,none,true
S18B_MASK_01302,S18A_PATCH_0217,quality_lineage,true,false,available,true,unsupervised_only,none,true
S18B_MASK_01303,S18A_PATCH_0218,physical_topography,true,false,available,true,unsupervised_only,none,true
S18B_MASK_01304,S18A_PATCH_0218,hydrology_proximity,true,false,available,true,unsupervised_only,none,true
S18B_MASK_01305,S18A_PATCH_0218,urban_landcover,true,false,available,true,unsupervised_only,none,true
S18B_MASK_01306,S18A_PATCH_0218,spectral_sentinel2,true,false,available,true,unsupervised_only,none,true
S18B_MASK_01307,S18A_PATCH_0218,rainfall_chirps,true,false,available,true,unsupervised_only,none,true
S18B_MASK_01308,S18A_PATCH_0218,quality_lineage,true,false,available,true,unsupervised_only,none,true
S18B_MASK_01309,S18A_PATCH_0219,physical_topography,true,false,available,true,unsupervised_only,none,true
S18B_MASK_01310,S18A_PATCH_0219,hydrology_proximity,true,false,available,true,unsupervised_only,none,true
S18B_MASK_01311,S18A_PATCH_0219,urban_landcover,true,false,available,true,unsupervised_only,none,true
S18B_MASK_01312,S18A_PATCH_0219,spectral_sentinel2,true,false,available,true,unsupervised_only,none,true
S18B_MASK_01313,S18A_PATCH_0219,rainfall_chirps,true,false,available,true,unsupervised_only,none,true
S18B_MASK_01314,S18A_PATCH_0219,quality_lineage,true,false,available,true,unsupervised_only,none,true
S18B_MASK_01315,S18A_PATCH_0220,physical_topography,true,false,available,true,unsupervised_only,none,true
S18B_MASK_01316,S18A_PATCH_0220,hydrology_proximity,true,false,available,true,unsupervised_only,none,true
S18B_MASK_01317,S18A_PATCH_0220,urban_landcover,true,false,available,true,unsupervised_only,none,true
S18B_MASK_01318,S18A_PATCH_0220,spectral_sentinel2,true,false,available,true,unsupervised_only,none,true
S18B_MASK_01319,S18A_PATCH_0220,rainfall_chirps,true,false,available,true,unsupervised_only,none,true
S18B_MASK_01320,S18A_PATCH_0220,quality_lineage,true,false,available,true,unsupervised_only,none,true
S18B_MASK_01321,S18A_PATCH_0221,physical_topography,true,false,available,true,unsupervised_only,none,true
S18B_MASK_01322,S18A_PATCH_0221,hydrology_proximity,true,false,available,true,unsupervised_only,none,true
S18B_MASK_01323,S18A_PATCH_0221,urban_landcover,true,false,available,true,unsupervised_only,none,true
S18B_MASK_01324,S18A_PATCH_0221,spectral_sentinel2,true,false,available,true,unsupervised_only,none,true
S18B_MASK_01325,S18A_PATCH_0221,rainfall_chirps,true,false,available,true,unsupervised_only,none,true
S18B_MASK_01326,S18A_PATCH_0221,quality_lineage,true,false,available,true,unsupervised_only,none,true
S18B_MASK_01327,S18A_PATCH_0222,physical_topography,true,false,available,true,unsupervised_only,none,true
S18B_MASK_01328,S18A_PATCH_0222,hydrology_proximity,true,false,available,true,unsupervised_only,none,true
S18B_MASK_01329,S18A_PATCH_0222,urban_landcover,true,false,available,true,unsupervised_only,none,true
S18B_MASK_01330,S18A_PATCH_0222,spectral_sentinel2,true,false,available,true,unsupervised_only,none,true
S18B_MASK_01331,S18A_PATCH_0222,rainfall_chirps,true,false,available,true,unsupervised_only,none,true
S18B_MASK_01332,S18A_PATCH_0222,quality_lineage,true,false,available,true,unsupervised_only,none,true
S18B_MASK_01333,S18A_PATCH_0223,physical_topography,true,false,available,true,unsupervised_only,none,true
S18B_MASK_01334,S18A_PATCH_0223,hydrology_proximity,true,false,available,true,unsupervised_only,none,true
S18B_MASK_01335,S18A_PATCH_0223,urban_landcover,true,false,available,true,unsupervised_only,none,true
S18B_MASK_01336,S18A_PATCH_0223,spectral_sentinel2,true,false,available,true,unsupervised_only,none,true
S18B_MASK_01337,S18A_PATCH_0223,rainfall_chirps,true,false,available,true,unsupervised_only,none,true
S18B_MASK_01338,S18A_PATCH_0223,quality_lineage,true,false,available,true,unsupervised_only,none,true
S18B_MASK_01339,S18A_PATCH_0224,physical_topography,true,false,available,true,unsupervised_only,none,true
S18B_MASK_01340,S18A_PATCH_0224,hydrology_proximity,true,false,available,true,unsupervised_only,none,true
S18B_MASK_01341,S18A_PATCH_0224,urban_landcover,true,false,available,true,unsupervised_only,none,true
S18B_MASK_01342,S18A_PATCH_0224,spectral_sentinel2,true,false,available,true,unsupervised_only,none,true
S18B_MASK_01343,S18A_PATCH_0224,rainfall_chirps,true,false,available,true,unsupervised_only,none,true
S18B_MASK_01344,S18A_PATCH_0224,quality_lineage,true,false,available,true,unsupervised_only,none,true
S18B_MASK_01345,S18A_PATCH_0225,physical_topography,true,false,available,true,unsupervised_only,none,true
S18B_MASK_01346,S18A_PATCH_0225,hydrology_proximity,true,false,available,true,unsupervised_only,none,true
S18B_MASK_01347,S18A_PATCH_0225,urban_landcover,true,false,available,true,unsupervised_only,none,true
S18B_MASK_01348,S18A_PATCH_0225,spectral_sentinel2,true,false,available,true,unsupervised_only,none,true
S18B_MASK_01349,S18A_PATCH_0225,rainfall_chirps,true,false,available,true,unsupervised_only,none,true
S18B_MASK_01350,S18A_PATCH_0225,quality_lineage,true,false,available,true,unsupervised_only,none,true
S18B_MASK_01351,S18A_PATCH_0226,physical_topography,true,false,available,true,unsupervised_only,none,true
S18B_MASK_01352,S18A_PATCH_0226,hydrology_proximity,true,false,available,true,unsupervised_only,none,true
S18B_MASK_01353,S18A_PATCH_0226,urban_landcover,true,false,available,true,unsupervised_only,none,true
S18B_MASK_01354,S18A_PATCH_0226,spectral_sentinel2,true,false,available,true,unsupervised_only,none,true
S18B_MASK_01355,S18A_PATCH_0226,rainfall_chirps,true,false,available,true,unsupervised_only,none,true
S18B_MASK_01356,S18A_PATCH_0226,quality_lineage,true,false,available,true,unsupervised_only,none,true
S18B_MASK_01357,S18A_PATCH_0227,physical_topography,true,false,available,true,unsupervised_only,none,true
S18B_MASK_01358,S18A_PATCH_0227,hydrology_proximity,true,false,available,true,unsupervised_only,none,true
S18B_MASK_01359,S18A_PATCH_0227,urban_landcover,true,false,available,true,unsupervised_only,none,true
S18B_MASK_01360,S18A_PATCH_0227,spectral_sentinel2,true,false,available,true,unsupervised_only,none,true
S18B_MASK_01361,S18A_PATCH_0227,rainfall_chirps,true,false,available,true,unsupervised_only,none,true
S18B_MASK_01362,S18A_PATCH_0227,quality_lineage,true,false,available,true,unsupervised_only,none,true
S18B_MASK_01363,S18A_PATCH_0228,physical_topography,true,false,available,true,unsupervised_only,none,true
S18B_MASK_01364,S18A_PATCH_0228,hydrology_proximity,true,false,available,true,unsupervised_only,none,true
S18B_MASK_01365,S18A_PATCH_0228,urban_landcover,true,false,available,true,unsupervised_only,none,true
S18B_MASK_01366,S18A_PATCH_0228,spectral_sentinel2,true,false,available,true,unsupervised_only,none,true
S18B_MASK_01367,S18A_PATCH_0228,rainfall_chirps,true,false,available,true,unsupervised_only,none,true
S18B_MASK_01368,S18A_PATCH_0228,quality_lineage,true,false,available,true,unsupervised_only,none,true
S18B_MASK_01369,S18A_PATCH_0229,physical_topography,true,false,available,true,unsupervised_only,none,true
S18B_MASK_01370,S18A_PATCH_0229,hydrology_proximity,true,false,available,true,unsupervised_only,none,true
S18B_MASK_01371,S18A_PATCH_0229,urban_landcover,true,false,available,true,unsupervised_only,none,true
S18B_MASK_01372,S18A_PATCH_0229,spectral_sentinel2,true,false,available,true,unsupervised_only,none,true
S18B_MASK_01373,S18A_PATCH_0229,rainfall_chirps,true,false,available,true,unsupervised_only,none,true
S18B_MASK_01374,S18A_PATCH_0229,quality_lineage,true,false,available,true,unsupervised_only,none,true
S18B_MASK_01375,S18A_PATCH_0230,physical_topography,true,false,available,true,unsupervised_only,none,true
S18B_MASK_01376,S18A_PATCH_0230,hydrology_proximity,true,false,available,true,unsupervised_only,none,true
S18B_MASK_01377,S18A_PATCH_0230,urban_landcover,true,false,available,true,unsupervised_only,none,true
S18B_MASK_01378,S18A_PATCH_0230,spectral_sentinel2,true,false,available,true,unsupervised_only,none,true
S18B_MASK_01379,S18A_PATCH_0230,rainfall_chirps,true,false,available,true,unsupervised_only,none,true
S18B_MASK_01380,S18A_PATCH_0230,quality_lineage,true,false,available,true,unsupervised_only,none,true
S18B_MASK_01381,S18A_PATCH_0231,physical_topography,true,false,available,true,unsupervised_only,none,true
S18B_MASK_01382,S18A_PATCH_0231,hydrology_proximity,true,false,available,true,unsupervised_only,none,true
S18B_MASK_01383,S18A_PATCH_0231,urban_landcover,true,false,available,true,unsupervised_only,none,true
S18B_MASK_01384,S18A_PATCH_0231,spectral_sentinel2,true,false,available,true,unsupervised_only,none,true
S18B_MASK_01385,S18A_PATCH_0231,rainfall_chirps,true,false,available,true,unsupervised_only,none,true
S18B_MASK_01386,S18A_PATCH_0231,quality_lineage,true,false,available,true,unsupervised_only,none,true
S18B_MASK_01387,S18A_PATCH_0232,physical_topography,true,false,available,true,unsupervised_only,none,true
S18B_MASK_01388,S18A_PATCH_0232,hydrology_proximity,true,false,available,true,unsupervised_only,none,true
S18B_MASK_01389,S18A_PATCH_0232,urban_landcover,true,false,available,true,unsupervised_only,none,true
S18B_MASK_01390,S18A_PATCH_0232,spectral_sentinel2,true,false,available,true,unsupervised_only,none,true
S18B_MASK_01391,S18A_PATCH_0232,rainfall_chirps,true,false,available,true,unsupervised_only,none,true
S18B_MASK_01392,S18A_PATCH_0232,quality_lineage,true,false,available,true,unsupervised_only,none,true
S18B_MASK_01393,S18A_PATCH_0233,physical_topography,true,false,available,true,unsupervised_only,none,true
S18B_MASK_01394,S18A_PATCH_0233,hydrology_proximity,true,false,available,true,unsupervised_only,none,true
S18B_MASK_01395,S18A_PATCH_0233,urban_landcover,true,false,available,true,unsupervised_only,none,true
S18B_MASK_01396,S18A_PATCH_0233,spectral_sentinel2,true,false,available,true,unsupervised_only,none,true
S18B_MASK_01397,S18A_PATCH_0233,rainfall_chirps,true,false,available,true,unsupervised_only,none,true
S18B_MASK_01398,S18A_PATCH_0233,quality_lineage,true,false,available,true,unsupervised_only,none,true
S18B_MASK_01399,S18A_PATCH_0234,physical_topography,true,false,available,true,unsupervised_only,none,true
S18B_MASK_01400,S18A_PATCH_0234,hydrology_proximity,true,false,available,true,unsupervised_only,none,true
S18B_MASK_01401,S18A_PATCH_0234,urban_landcover,true,false,available,true,unsupervised_only,none,true
S18B_MASK_01402,S18A_PATCH_0234,spectral_sentinel2,true,false,available,true,unsupervised_only,none,true
S18B_MASK_01403,S18A_PATCH_0234,rainfall_chirps,true,false,available,true,unsupervised_only,none,true
S18B_MASK_01404,S18A_PATCH_0234,quality_lineage,true,false,available,true,unsupervised_only,none,true
S18B_MASK_01405,S18A_PATCH_0235,physical_topography,true,false,available,true,unsupervised_only,none,true
S18B_MASK_01406,S18A_PATCH_0235,hydrology_proximity,true,false,available,true,unsupervised_only,none,true
S18B_MASK_01407,S18A_PATCH_0235,urban_landcover,true,false,available,true,unsupervised_only,none,true
S18B_MASK_01408,S18A_PATCH_0235,spectral_sentinel2,true,false,available,true,unsupervised_only,none,true
S18B_MASK_01409,S18A_PATCH_0235,rainfall_chirps,true,false,available,true,unsupervised_only,none,true
S18B_MASK_01410,S18A_PATCH_0235,quality_lineage,true,false,available,true,unsupervised_only,none,true
S18B_MASK_01411,S18A_PATCH_0236,physical_topography,true,false,available,true,unsupervised_only,none,true
S18B_MASK_01412,S18A_PATCH_0236,hydrology_proximity,true,false,available,true,unsupervised_only,none,true
S18B_MASK_01413,S18A_PATCH_0236,urban_landcover,true,false,available,true,unsupervised_only,none,true
S18B_MASK_01414,S18A_PATCH_0236,spectral_sentinel2,true,false,available,true,unsupervised_only,none,true
S18B_MASK_01415,S18A_PATCH_0236,rainfall_chirps,true,false,available,true,unsupervised_only,none,true
S18B_MASK_01416,S18A_PATCH_0236,quality_lineage,true,false,available,true,unsupervised_only,none,true
S18B_MASK_01417,S18A_PATCH_0237,physical_topography,true,false,available,true,unsupervised_only,none,true
S18B_MASK_01418,S18A_PATCH_0237,hydrology_proximity,true,false,available,true,unsupervised_only,none,true
S18B_MASK_01419,S18A_PATCH_0237,urban_landcover,true,false,available,true,unsupervised_only,none,true
S18B_MASK_01420,S18A_PATCH_0237,spectral_sentinel2,true,false,available,true,unsupervised_only,none,true
S18B_MASK_01421,S18A_PATCH_0237,rainfall_chirps,true,false,available,true,unsupervised_only,none,true
S18B_MASK_01422,S18A_PATCH_0237,quality_lineage,true,false,available,true,unsupervised_only,none,true
S18B_MASK_01423,S18A_PATCH_0238,physical_topography,true,false,available,true,unsupervised_only,none,true
S18B_MASK_01424,S18A_PATCH_0238,hydrology_proximity,true,false,available,true,unsupervised_only,none,true
S18B_MASK_01425,S18A_PATCH_0238,urban_landcover,true,false,available,true,unsupervised_only,none,true
S18B_MASK_01426,S18A_PATCH_0238,spectral_sentinel2,true,false,available,true,unsupervised_only,none,true
S18B_MASK_01427,S18A_PATCH_0238,rainfall_chirps,true,false,available,true,unsupervised_only,none,true
S18B_MASK_01428,S18A_PATCH_0238,quality_lineage,true,false,available,true,unsupervised_only,none,true
S18B_MASK_01429,S18A_PATCH_0239,physical_topography,true,false,available,true,unsupervised_only,none,true
S18B_MASK_01430,S18A_PATCH_0239,hydrology_proximity,true,false,available,true,unsupervised_only,none,true
S18B_MASK_01431,S18A_PATCH_0239,urban_landcover,true,false,available,true,unsupervised_only,none,true
S18B_MASK_01432,S18A_PATCH_0239,spectral_sentinel2,true,false,available,true,unsupervised_only,none,true
S18B_MASK_01433,S18A_PATCH_0239,rainfall_chirps,true,false,available,true,unsupervised_only,none,true
S18B_MASK_01434,S18A_PATCH_0239,quality_lineage,true,false,available,true,unsupervised_only,none,true
S18B_MASK_01435,S18A_PATCH_0240,physical_topography,true,false,available,true,unsupervised_only,none,true
S18B_MASK_01436,S18A_PATCH_0240,hydrology_proximity,true,false,available,true,unsupervised_only,none,true
S18B_MASK_01437,S18A_PATCH_0240,urban_landcover,true,false,available,true,unsupervised_only,none,true
S18B_MASK_01438,S18A_PATCH_0240,spectral_sentinel2,true,false,available,true,unsupervised_only,none,true
S18B_MASK_01439,S18A_PATCH_0240,rainfall_chirps,true,false,available,true,unsupervised_only,none,true
S18B_MASK_01440,S18A_PATCH_0240,quality_lineage,true,false,available,true,unsupervised_only,none,true
S18B_MASK_01441,S18A_PATCH_0241,physical_topography,true,false,available,true,unsupervised_only,none,true
S18B_MASK_01442,S18A_PATCH_0241,hydrology_proximity,true,false,available,true,unsupervised_only,none,true
S18B_MASK_01443,S18A_PATCH_0241,urban_landcover,true,false,available,true,unsupervised_only,none,true
S18B_MASK_01444,S18A_PATCH_0241,spectral_sentinel2,true,false,available,true,unsupervised_only,none,true
S18B_MASK_01445,S18A_PATCH_0241,rainfall_chirps,true,false,available,true,unsupervised_only,none,true
S18B_MASK_01446,S18A_PATCH_0241,quality_lineage,true,false,available,true,unsupervised_only,none,true
S18B_MASK_01447,S18A_PATCH_0242,physical_topography,true,false,available,true,unsupervised_only,none,true
S18B_MASK_01448,S18A_PATCH_0242,hydrology_proximity,true,false,available,true,unsupervised_only,none,true
S18B_MASK_01449,S18A_PATCH_0242,urban_landcover,true,false,available,true,unsupervised_only,none,true
S18B_MASK_01450,S18A_PATCH_0242,spectral_sentinel2,true,false,available,true,unsupervised_only,none,true
S18B_MASK_01451,S18A_PATCH_0242,rainfall_chirps,true,false,available,true,unsupervised_only,none,true
S18B_MASK_01452,S18A_PATCH_0242,quality_lineage,true,false,available,true,unsupervised_only,none,true
S18B_MASK_01453,S18A_PATCH_0243,physical_topography,true,false,available,true,unsupervised_only,none,true
S18B_MASK_01454,S18A_PATCH_0243,hydrology_proximity,true,false,available,true,unsupervised_only,none,true
S18B_MASK_01455,S18A_PATCH_0243,urban_landcover,true,false,available,true,unsupervised_only,none,true
S18B_MASK_01456,S18A_PATCH_0243,spectral_sentinel2,true,false,available,true,unsupervised_only,none,true
S18B_MASK_01457,S18A_PATCH_0243,rainfall_chirps,true,false,available,true,unsupervised_only,none,true
S18B_MASK_01458,S18A_PATCH_0243,quality_lineage,true,false,available,true,unsupervised_only,none,true
S18B_MASK_01459,S18A_PATCH_0244,physical_topography,true,false,available,true,unsupervised_only,none,true
S18B_MASK_01460,S18A_PATCH_0244,hydrology_proximity,true,false,available,true,unsupervised_only,none,true
S18B_MASK_01461,S18A_PATCH_0244,urban_landcover,true,false,available,true,unsupervised_only,none,true
S18B_MASK_01462,S18A_PATCH_0244,spectral_sentinel2,true,false,available,true,unsupervised_only,none,true
S18B_MASK_01463,S18A_PATCH_0244,rainfall_chirps,true,false,available,true,unsupervised_only,none,true
S18B_MASK_01464,S18A_PATCH_0244,quality_lineage,true,false,available,true,unsupervised_only,none,true
S18B_MASK_01465,S18A_PATCH_0245,physical_topography,true,false,available,true,unsupervised_only,none,true
S18B_MASK_01466,S18A_PATCH_0245,hydrology_proximity,true,false,available,true,unsupervised_only,none,true
S18B_MASK_01467,S18A_PATCH_0245,urban_landcover,true,false,available,true,unsupervised_only,none,true
S18B_MASK_01468,S18A_PATCH_0245,spectral_sentinel2,true,false,available,true,unsupervised_only,none,true
S18B_MASK_01469,S18A_PATCH_0245,rainfall_chirps,true,false,available,true,unsupervised_only,none,true
S18B_MASK_01470,S18A_PATCH_0245,quality_lineage,true,false,available,true,unsupervised_only,none,true
S18B_MASK_01471,S18A_PATCH_0246,physical_topography,true,false,available,true,unsupervised_only,none,true
S18B_MASK_01472,S18A_PATCH_0246,hydrology_proximity,true,false,available,true,unsupervised_only,none,true
S18B_MASK_01473,S18A_PATCH_0246,urban_landcover,true,false,available,true,unsupervised_only,none,true
S18B_MASK_01474,S18A_PATCH_0246,spectral_sentinel2,true,false,available,true,unsupervised_only,none,true
S18B_MASK_01475,S18A_PATCH_0246,rainfall_chirps,true,false,available,true,unsupervised_only,none,true
S18B_MASK_01476,S18A_PATCH_0246,quality_lineage,true,false,available,true,unsupervised_only,none,true
S18B_MASK_01477,S18A_PATCH_0247,physical_topography,true,false,available,true,unsupervised_only,none,true
S18B_MASK_01478,S18A_PATCH_0247,hydrology_proximity,true,false,available,true,unsupervised_only,none,true
S18B_MASK_01479,S18A_PATCH_0247,urban_landcover,true,false,available,true,unsupervised_only,none,true
S18B_MASK_01480,S18A_PATCH_0247,spectral_sentinel2,true,false,available,true,unsupervised_only,none,true
S18B_MASK_01481,S18A_PATCH_0247,rainfall_chirps,true,false,available,true,unsupervised_only,none,true
S18B_MASK_01482,S18A_PATCH_0247,quality_lineage,true,false,available,true,unsupervised_only,none,true
S18B_MASK_01483,S18A_PATCH_0248,physical_topography,true,false,available,true,unsupervised_only,none,true
S18B_MASK_01484,S18A_PATCH_0248,hydrology_proximity,true,false,available,true,unsupervised_only,none,true
S18B_MASK_01485,S18A_PATCH_0248,urban_landcover,true,false,available,true,unsupervised_only,none,true
S18B_MASK_01486,S18A_PATCH_0248,spectral_sentinel2,true,false,available,true,unsupervised_only,none,true
S18B_MASK_01487,S18A_PATCH_0248,rainfall_chirps,true,false,available,true,unsupervised_only,none,true
S18B_MASK_01488,S18A_PATCH_0248,quality_lineage,true,false,available,true,unsupervised_only,none,true
S18B_MASK_01489,S18A_PATCH_0249,physical_topography,true,false,available,true,unsupervised_only,none,true
S18B_MASK_01490,S18A_PATCH_0249,hydrology_proximity,true,false,available,true,unsupervised_only,none,true
S18B_MASK_01491,S18A_PATCH_0249,urban_landcover,true,false,available,true,unsupervised_only,none,true
S18B_MASK_01492,S18A_PATCH_0249,spectral_sentinel2,true,false,available,true,unsupervised_only,none,true
S18B_MASK_01493,S18A_PATCH_0249,rainfall_chirps,true,false,available,true,unsupervised_only,none,true
S18B_MASK_01494,S18A_PATCH_0249,quality_lineage,true,false,available,true,unsupervised_only,none,true
S18B_MASK_01495,S18A_PATCH_0250,physical_topography,true,false,available,true,unsupervised_only,none,true
S18B_MASK_01496,S18A_PATCH_0250,hydrology_proximity,true,false,available,true,unsupervised_only,none,true
S18B_MASK_01497,S18A_PATCH_0250,urban_landcover,true,false,available,true,unsupervised_only,none,true
S18B_MASK_01498,S18A_PATCH_0250,spectral_sentinel2,true,false,available,true,unsupervised_only,none,true
S18B_MASK_01499,S18A_PATCH_0250,rainfall_chirps,true,false,available,true,unsupervised_only,none,true
S18B_MASK_01500,S18A_PATCH_0250,quality_lineage,true,false,available,true,unsupervised_only,none,true
S18B_MASK_01501,S18A_PATCH_0251,physical_topography,true,false,available,true,unsupervised_only,none,true
S18B_MASK_01502,S18A_PATCH_0251,hydrology_proximity,true,false,available,true,unsupervised_only,none,true
S18B_MASK_01503,S18A_PATCH_0251,urban_landcover,true,false,available,true,unsupervised_only,none,true
S18B_MASK_01504,S18A_PATCH_0251,spectral_sentinel2,true,false,available,true,unsupervised_only,none,true
S18B_MASK_01505,S18A_PATCH_0251,rainfall_chirps,true,false,available,true,unsupervised_only,none,true
S18B_MASK_01506,S18A_PATCH_0251,quality_lineage,true,false,available,true,unsupervised_only,none,true
S18B_MASK_01507,S18A_PATCH_0252,physical_topography,true,false,available,true,unsupervised_only,none,true
S18B_MASK_01508,S18A_PATCH_0252,hydrology_proximity,true,false,available,true,unsupervised_only,none,true
S18B_MASK_01509,S18A_PATCH_0252,urban_landcover,true,false,available,true,unsupervised_only,none,true
S18B_MASK_01510,S18A_PATCH_0252,spectral_sentinel2,true,false,available,true,unsupervised_only,none,true
S18B_MASK_01511,S18A_PATCH_0252,rainfall_chirps,true,false,available,true,unsupervised_only,none,true
S18B_MASK_01512,S18A_PATCH_0252,quality_lineage,true,false,available,true,unsupervised_only,none,true
S18B_MASK_01513,S18A_PATCH_0253,physical_topography,true,false,available,true,unsupervised_only,none,true
S18B_MASK_01514,S18A_PATCH_0253,hydrology_proximity,true,false,available,true,unsupervised_only,none,true
S18B_MASK_01515,S18A_PATCH_0253,urban_landcover,true,false,available,true,unsupervised_only,none,true
S18B_MASK_01516,S18A_PATCH_0253,spectral_sentinel2,true,false,available,true,unsupervised_only,none,true
S18B_MASK_01517,S18A_PATCH_0253,rainfall_chirps,true,false,available,true,unsupervised_only,none,true
S18B_MASK_01518,S18A_PATCH_0253,quality_lineage,true,false,available,true,unsupervised_only,none,true
S18B_MASK_01519,S18A_PATCH_0254,physical_topography,true,false,available,true,unsupervised_only,none,true
S18B_MASK_01520,S18A_PATCH_0254,hydrology_proximity,true,false,available,true,unsupervised_only,none,true
S18B_MASK_01521,S18A_PATCH_0254,urban_landcover,true,false,available,true,unsupervised_only,none,true
S18B_MASK_01522,S18A_PATCH_0254,spectral_sentinel2,true,false,available,true,unsupervised_only,none,true
S18B_MASK_01523,S18A_PATCH_0254,rainfall_chirps,true,false,available,true,unsupervised_only,none,true
S18B_MASK_01524,S18A_PATCH_0254,quality_lineage,true,false,available,true,unsupervised_only,none,true
S18B_MASK_01525,S18A_PATCH_0255,physical_topography,true,false,available,true,unsupervised_only,none,true
S18B_MASK_01526,S18A_PATCH_0255,hydrology_proximity,true,false,available,true,unsupervised_only,none,true
S18B_MASK_01527,S18A_PATCH_0255,urban_landcover,true,false,available,true,unsupervised_only,none,true
S18B_MASK_01528,S18A_PATCH_0255,spectral_sentinel2,true,false,available,true,unsupervised_only,none,true
S18B_MASK_01529,S18A_PATCH_0255,rainfall_chirps,true,false,available,true,unsupervised_only,none,true
S18B_MASK_01530,S18A_PATCH_0255,quality_lineage,true,false,available,true,unsupervised_only,none,true
S18B_MASK_01531,S18A_PATCH_0256,physical_topography,true,false,available,true,unsupervised_only,none,true
S18B_MASK_01532,S18A_PATCH_0256,hydrology_proximity,true,false,available,true,unsupervised_only,none,true
S18B_MASK_01533,S18A_PATCH_0256,urban_landcover,true,false,available,true,unsupervised_only,none,true
S18B_MASK_01534,S18A_PATCH_0256,spectral_sentinel2,true,false,available,true,unsupervised_only,none,true
S18B_MASK_01535,S18A_PATCH_0256,rainfall_chirps,true,false,available,true,unsupervised_only,none,true
S18B_MASK_01536,S18A_PATCH_0256,quality_lineage,true,false,available,true,unsupervised_only,none,true
S18B_MASK_01537,S18A_PATCH_0257,physical_topography,true,false,available,true,unsupervised_only,none,true
S18B_MASK_01538,S18A_PATCH_0257,hydrology_proximity,true,false,available,true,unsupervised_only,none,true
S18B_MASK_01539,S18A_PATCH_0257,urban_landcover,true,false,available,true,unsupervised_only,none,true
S18B_MASK_01540,S18A_PATCH_0257,spectral_sentinel2,true,false,available,true,unsupervised_only,none,true
S18B_MASK_01541,S18A_PATCH_0257,rainfall_chirps,true,false,available,true,unsupervised_only,none,true
S18B_MASK_01542,S18A_PATCH_0257,quality_lineage,true,false,available,true,unsupervised_only,none,true
S18B_MASK_01543,S18A_PATCH_0258,physical_topography,true,false,available,true,unsupervised_only,none,true
S18B_MASK_01544,S18A_PATCH_0258,hydrology_proximity,true,false,available,true,unsupervised_only,none,true
S18B_MASK_01545,S18A_PATCH_0258,urban_landcover,true,false,available,true,unsupervised_only,none,true
S18B_MASK_01546,S18A_PATCH_0258,spectral_sentinel2,true,false,available,true,unsupervised_only,none,true
S18B_MASK_01547,S18A_PATCH_0258,rainfall_chirps,true,false,available,true,unsupervised_only,none,true
S18B_MASK_01548,S18A_PATCH_0258,quality_lineage,true,false,available,true,unsupervised_only,none,true
S18B_MASK_01549,S18A_PATCH_0259,physical_topography,true,false,available,true,unsupervised_only,none,true
S18B_MASK_01550,S18A_PATCH_0259,hydrology_proximity,true,false,available,true,unsupervised_only,none,true
S18B_MASK_01551,S18A_PATCH_0259,urban_landcover,true,false,available,true,unsupervised_only,none,true
S18B_MASK_01552,S18A_PATCH_0259,spectral_sentinel2,true,false,available,true,unsupervised_only,none,true
S18B_MASK_01553,S18A_PATCH_0259,rainfall_chirps,true,false,available,true,unsupervised_only,none,true
S18B_MASK_01554,S18A_PATCH_0259,quality_lineage,true,false,available,true,unsupervised_only,none,true
S18B_MASK_01555,S18A_PATCH_0260,physical_topography,true,false,available,true,unsupervised_only,none,true
S18B_MASK_01556,S18A_PATCH_0260,hydrology_proximity,true,false,available,true,unsupervised_only,none,true
S18B_MASK_01557,S18A_PATCH_0260,urban_landcover,true,false,available,true,unsupervised_only,none,true
S18B_MASK_01558,S18A_PATCH_0260,spectral_sentinel2,true,false,available,true,unsupervised_only,none,true
S18B_MASK_01559,S18A_PATCH_0260,rainfall_chirps,true,false,available,true,unsupervised_only,none,true
S18B_MASK_01560,S18A_PATCH_0260,quality_lineage,true,false,available,true,unsupervised_only,none,true
S18B_MASK_01561,S18A_PATCH_0261,physical_topography,true,false,available,true,unsupervised_only,none,true
S18B_MASK_01562,S18A_PATCH_0261,hydrology_proximity,true,false,available,true,unsupervised_only,none,true
S18B_MASK_01563,S18A_PATCH_0261,urban_landcover,true,false,available,true,unsupervised_only,none,true
S18B_MASK_01564,S18A_PATCH_0261,spectral_sentinel2,true,false,available,true,unsupervised_only,none,true
S18B_MASK_01565,S18A_PATCH_0261,rainfall_chirps,true,false,available,true,unsupervised_only,none,true
S18B_MASK_01566,S18A_PATCH_0261,quality_lineage,true,false,available,true,unsupervised_only,none,true
S18B_MASK_01567,S18A_PATCH_0262,physical_topography,true,false,available,true,unsupervised_only,none,true
S18B_MASK_01568,S18A_PATCH_0262,hydrology_proximity,true,false,available,true,unsupervised_only,none,true
S18B_MASK_01569,S18A_PATCH_0262,urban_landcover,true,false,available,true,unsupervised_only,none,true
S18B_MASK_01570,S18A_PATCH_0262,spectral_sentinel2,true,false,available,true,unsupervised_only,none,true
S18B_MASK_01571,S18A_PATCH_0262,rainfall_chirps,true,false,available,true,unsupervised_only,none,true
S18B_MASK_01572,S18A_PATCH_0262,quality_lineage,true,false,available,true,unsupervised_only,none,true
S18B_MASK_01573,S18A_PATCH_0263,physical_topography,true,false,available,true,unsupervised_only,none,true
S18B_MASK_01574,S18A_PATCH_0263,hydrology_proximity,true,false,available,true,unsupervised_only,none,true
S18B_MASK_01575,S18A_PATCH_0263,urban_landcover,true,false,available,true,unsupervised_only,none,true
S18B_MASK_01576,S18A_PATCH_0263,spectral_sentinel2,true,false,available,true,unsupervised_only,none,true
S18B_MASK_01577,S18A_PATCH_0263,rainfall_chirps,true,false,available,true,unsupervised_only,none,true
S18B_MASK_01578,S18A_PATCH_0263,quality_lineage,true,false,available,true,unsupervised_only,none,true
S18B_MASK_01579,S18A_PATCH_0264,physical_topography,true,false,available,true,unsupervised_only,none,true
S18B_MASK_01580,S18A_PATCH_0264,hydrology_proximity,true,false,available,true,unsupervised_only,none,true
S18B_MASK_01581,S18A_PATCH_0264,urban_landcover,true,false,available,true,unsupervised_only,none,true
S18B_MASK_01582,S18A_PATCH_0264,spectral_sentinel2,true,false,available,true,unsupervised_only,none,true
S18B_MASK_01583,S18A_PATCH_0264,rainfall_chirps,true,false,available,true,unsupervised_only,none,true
S18B_MASK_01584,S18A_PATCH_0264,quality_lineage,true,false,available,true,unsupervised_only,none,true
S18B_MASK_01585,S18A_PATCH_0265,physical_topography,true,false,available,true,unsupervised_only,none,true
S18B_MASK_01586,S18A_PATCH_0265,hydrology_proximity,true,false,available,true,unsupervised_only,none,true
S18B_MASK_01587,S18A_PATCH_0265,urban_landcover,true,false,available,true,unsupervised_only,none,true
S18B_MASK_01588,S18A_PATCH_0265,spectral_sentinel2,true,false,available,true,unsupervised_only,none,true
S18B_MASK_01589,S18A_PATCH_0265,rainfall_chirps,true,false,available,true,unsupervised_only,none,true
S18B_MASK_01590,S18A_PATCH_0265,quality_lineage,true,false,available,true,unsupervised_only,none,true
S18B_MASK_01591,S18A_PATCH_0266,physical_topography,true,false,available,true,unsupervised_only,none,true
S18B_MASK_01592,S18A_PATCH_0266,hydrology_proximity,true,false,available,true,unsupervised_only,none,true
S18B_MASK_01593,S18A_PATCH_0266,urban_landcover,true,false,available,true,unsupervised_only,none,true
S18B_MASK_01594,S18A_PATCH_0266,spectral_sentinel2,true,false,available,true,unsupervised_only,none,true
S18B_MASK_01595,S18A_PATCH_0266,rainfall_chirps,true,false,available,true,unsupervised_only,none,true
S18B_MASK_01596,S18A_PATCH_0266,quality_lineage,true,false,available,true,unsupervised_only,none,true
S18B_MASK_01597,S18A_PATCH_0267,physical_topography,true,false,available,true,unsupervised_only,none,true
S18B_MASK_01598,S18A_PATCH_0267,hydrology_proximity,true,false,available,true,unsupervised_only,none,true
S18B_MASK_01599,S18A_PATCH_0267,urban_landcover,true,false,available,true,unsupervised_only,none,true
S18B_MASK_01600,S18A_PATCH_0267,spectral_sentinel2,true,false,available,true,unsupervised_only,none,true
S18B_MASK_01601,S18A_PATCH_0267,rainfall_chirps,true,false,available,true,unsupervised_only,none,true
S18B_MASK_01602,S18A_PATCH_0267,quality_lineage,true,false,available,true,unsupervised_only,none,true
S18B_MASK_01603,S18A_PATCH_0268,physical_topography,true,false,available,true,unsupervised_only,none,true
S18B_MASK_01604,S18A_PATCH_0268,hydrology_proximity,true,false,available,true,unsupervised_only,none,true
S18B_MASK_01605,S18A_PATCH_0268,urban_landcover,true,false,available,true,unsupervised_only,none,true
S18B_MASK_01606,S18A_PATCH_0268,spectral_sentinel2,true,false,available,true,unsupervised_only,none,true
S18B_MASK_01607,S18A_PATCH_0268,rainfall_chirps,true,false,available,true,unsupervised_only,none,true
S18B_MASK_01608,S18A_PATCH_0268,quality_lineage,true,false,available,true,unsupervised_only,none,true
S18B_MASK_01609,S18A_PATCH_0269,physical_topography,true,false,available,true,unsupervised_only,none,true
S18B_MASK_01610,S18A_PATCH_0269,hydrology_proximity,true,false,available,true,unsupervised_only,none,true
S18B_MASK_01611,S18A_PATCH_0269,urban_landcover,true,false,available,true,unsupervised_only,none,true
S18B_MASK_01612,S18A_PATCH_0269,spectral_sentinel2,true,false,available,true,unsupervised_only,none,true
S18B_MASK_01613,S18A_PATCH_0269,rainfall_chirps,true,false,available,true,unsupervised_only,none,true
S18B_MASK_01614,S18A_PATCH_0269,quality_lineage,true,false,available,true,unsupervised_only,none,true
S18B_MASK_01615,S18A_PATCH_0270,physical_topography,true,false,available,true,unsupervised_only,none,true
S18B_MASK_01616,S18A_PATCH_0270,hydrology_proximity,true,false,available,true,unsupervised_only,none,true
S18B_MASK_01617,S18A_PATCH_0270,urban_landcover,true,false,available,true,unsupervised_only,none,true
S18B_MASK_01618,S18A_PATCH_0270,spectral_sentinel2,true,false,available,true,unsupervised_only,none,true
S18B_MASK_01619,S18A_PATCH_0270,rainfall_chirps,true,false,available,true,unsupervised_only,none,true
S18B_MASK_01620,S18A_PATCH_0270,quality_lineage,true,false,available,true,unsupervised_only,none,true
S18B_MASK_01621,S18A_PATCH_0271,physical_topography,true,false,available,true,unsupervised_only,none,true
S18B_MASK_01622,S18A_PATCH_0271,hydrology_proximity,true,false,available,true,unsupervised_only,none,true
S18B_MASK_01623,S18A_PATCH_0271,urban_landcover,true,false,available,true,unsupervised_only,none,true
S18B_MASK_01624,S18A_PATCH_0271,spectral_sentinel2,true,false,available,true,unsupervised_only,none,true
S18B_MASK_01625,S18A_PATCH_0271,rainfall_chirps,true,false,available,true,unsupervised_only,none,true
S18B_MASK_01626,S18A_PATCH_0271,quality_lineage,true,false,available,true,unsupervised_only,none,true
S18B_MASK_01627,S18A_PATCH_0272,physical_topography,true,false,available,true,unsupervised_only,none,true
S18B_MASK_01628,S18A_PATCH_0272,hydrology_proximity,true,false,available,true,unsupervised_only,none,true
S18B_MASK_01629,S18A_PATCH_0272,urban_landcover,true,false,available,true,unsupervised_only,none,true
S18B_MASK_01630,S18A_PATCH_0272,spectral_sentinel2,true,false,available,true,unsupervised_only,none,true
S18B_MASK_01631,S18A_PATCH_0272,rainfall_chirps,true,false,available,true,unsupervised_only,none,true
S18B_MASK_01632,S18A_PATCH_0272,quality_lineage,true,false,available,true,unsupervised_only,none,true
S18B_MASK_01633,S18A_PATCH_0273,physical_topography,true,false,available,true,unsupervised_only,none,true
S18B_MASK_01634,S18A_PATCH_0273,hydrology_proximity,true,false,available,true,unsupervised_only,none,true
S18B_MASK_01635,S18A_PATCH_0273,urban_landcover,true,false,available,true,unsupervised_only,none,true
S18B_MASK_01636,S18A_PATCH_0273,spectral_sentinel2,true,false,available,true,unsupervised_only,none,true
S18B_MASK_01637,S18A_PATCH_0273,rainfall_chirps,true,false,available,true,unsupervised_only,none,true
S18B_MASK_01638,S18A_PATCH_0273,quality_lineage,true,false,available,true,unsupervised_only,none,true
S18B_MASK_01639,S18A_PATCH_0274,physical_topography,true,false,available,true,unsupervised_only,none,true
S18B_MASK_01640,S18A_PATCH_0274,hydrology_proximity,true,false,available,true,unsupervised_only,none,true
S18B_MASK_01641,S18A_PATCH_0274,urban_landcover,true,false,available,true,unsupervised_only,none,true
S18B_MASK_01642,S18A_PATCH_0274,spectral_sentinel2,true,false,available,true,unsupervised_only,none,true
S18B_MASK_01643,S18A_PATCH_0274,rainfall_chirps,true,false,available,true,unsupervised_only,none,true
S18B_MASK_01644,S18A_PATCH_0274,quality_lineage,true,false,available,true,unsupervised_only,none,true
S18B_MASK_01645,S18A_PATCH_0275,physical_topography,true,false,available,true,unsupervised_only,none,true
S18B_MASK_01646,S18A_PATCH_0275,hydrology_proximity,true,false,available,true,unsupervised_only,none,true
S18B_MASK_01647,S18A_PATCH_0275,urban_landcover,true,false,available,true,unsupervised_only,none,true
S18B_MASK_01648,S18A_PATCH_0275,spectral_sentinel2,true,false,available,true,unsupervised_only,none,true
S18B_MASK_01649,S18A_PATCH_0275,rainfall_chirps,true,false,available,true,unsupervised_only,none,true
S18B_MASK_01650,S18A_PATCH_0275,quality_lineage,true,false,available,true,unsupervised_only,none,true
S18B_MASK_01651,S18A_PATCH_0276,physical_topography,true,false,available,true,unsupervised_only,none,true
S18B_MASK_01652,S18A_PATCH_0276,hydrology_proximity,true,false,available,true,unsupervised_only,none,true
S18B_MASK_01653,S18A_PATCH_0276,urban_landcover,true,false,available,true,unsupervised_only,none,true
S18B_MASK_01654,S18A_PATCH_0276,spectral_sentinel2,true,false,available,true,unsupervised_only,none,true
S18B_MASK_01655,S18A_PATCH_0276,rainfall_chirps,true,false,available,true,unsupervised_only,none,true
S18B_MASK_01656,S18A_PATCH_0276,quality_lineage,true,false,available,true,unsupervised_only,none,true
S18B_MASK_01657,S18A_PATCH_0277,physical_topography,true,false,available,true,unsupervised_only,none,true
S18B_MASK_01658,S18A_PATCH_0277,hydrology_proximity,true,false,available,true,unsupervised_only,none,true
S18B_MASK_01659,S18A_PATCH_0277,urban_landcover,true,false,available,true,unsupervised_only,none,true
S18B_MASK_01660,S18A_PATCH_0277,spectral_sentinel2,true,false,available,true,unsupervised_only,none,true
S18B_MASK_01661,S18A_PATCH_0277,rainfall_chirps,true,false,available,true,unsupervised_only,none,true
S18B_MASK_01662,S18A_PATCH_0277,quality_lineage,true,false,available,true,unsupervised_only,none,true
S18B_MASK_01663,S18A_PATCH_0278,physical_topography,true,false,available,true,unsupervised_only,none,true
S18B_MASK_01664,S18A_PATCH_0278,hydrology_proximity,true,false,available,true,unsupervised_only,none,true
S18B_MASK_01665,S18A_PATCH_0278,urban_landcover,true,false,available,true,unsupervised_only,none,true
S18B_MASK_01666,S18A_PATCH_0278,spectral_sentinel2,true,false,available,true,unsupervised_only,none,true
S18B_MASK_01667,S18A_PATCH_0278,rainfall_chirps,true,false,available,true,unsupervised_only,none,true
S18B_MASK_01668,S18A_PATCH_0278,quality_lineage,true,false,available,true,unsupervised_only,none,true
S18B_MASK_01669,S18A_PATCH_0279,physical_topography,true,false,available,true,unsupervised_only,none,true
S18B_MASK_01670,S18A_PATCH_0279,hydrology_proximity,true,false,available,true,unsupervised_only,none,true
S18B_MASK_01671,S18A_PATCH_0279,urban_landcover,true,false,available,true,unsupervised_only,none,true
S18B_MASK_01672,S18A_PATCH_0279,spectral_sentinel2,true,false,available,true,unsupervised_only,none,true
S18B_MASK_01673,S18A_PATCH_0279,rainfall_chirps,true,false,available,true,unsupervised_only,none,true
S18B_MASK_01674,S18A_PATCH_0279,quality_lineage,true,false,available,true,unsupervised_only,none,true
S18B_MASK_01675,S18A_PATCH_0280,physical_topography,true,false,available,true,unsupervised_only,none,true
S18B_MASK_01676,S18A_PATCH_0280,hydrology_proximity,true,false,available,true,unsupervised_only,none,true
S18B_MASK_01677,S18A_PATCH_0280,urban_landcover,true,false,available,true,unsupervised_only,none,true
S18B_MASK_01678,S18A_PATCH_0280,spectral_sentinel2,true,false,available,true,unsupervised_only,none,true
S18B_MASK_01679,S18A_PATCH_0280,rainfall_chirps,true,false,available,true,unsupervised_only,none,true
S18B_MASK_01680,S18A_PATCH_0280,quality_lineage,true,false,available,true,unsupervised_only,none,true
S18B_MASK_01681,S18A_PATCH_0281,physical_topography,true,false,available,true,unsupervised_only,none,true
S18B_MASK_01682,S18A_PATCH_0281,hydrology_proximity,true,false,available,true,unsupervised_only,none,true
S18B_MASK_01683,S18A_PATCH_0281,urban_landcover,true,false,available,true,unsupervised_only,none,true
S18B_MASK_01684,S18A_PATCH_0281,spectral_sentinel2,true,false,available,true,unsupervised_only,none,true
S18B_MASK_01685,S18A_PATCH_0281,rainfall_chirps,true,false,available,true,unsupervised_only,none,true
S18B_MASK_01686,S18A_PATCH_0281,quality_lineage,true,false,available,true,unsupervised_only,none,true
S18B_MASK_01687,S18A_PATCH_0282,physical_topography,true,false,available,true,unsupervised_only,none,true
S18B_MASK_01688,S18A_PATCH_0282,hydrology_proximity,true,false,available,true,unsupervised_only,none,true
S18B_MASK_01689,S18A_PATCH_0282,urban_landcover,true,false,available,true,unsupervised_only,none,true
S18B_MASK_01690,S18A_PATCH_0282,spectral_sentinel2,true,false,available,true,unsupervised_only,none,true
S18B_MASK_01691,S18A_PATCH_0282,rainfall_chirps,true,false,available,true,unsupervised_only,none,true
S18B_MASK_01692,S18A_PATCH_0282,quality_lineage,true,false,available,true,unsupervised_only,none,true
S18B_MASK_01693,S18A_PATCH_0283,physical_topography,true,false,available,true,unsupervised_only,none,true
S18B_MASK_01694,S18A_PATCH_0283,hydrology_proximity,true,false,available,true,unsupervised_only,none,true
S18B_MASK_01695,S18A_PATCH_0283,urban_landcover,true,false,available,true,unsupervised_only,none,true
S18B_MASK_01696,S18A_PATCH_0283,spectral_sentinel2,true,false,available,true,unsupervised_only,none,true
S18B_MASK_01697,S18A_PATCH_0283,rainfall_chirps,true,false,available,true,unsupervised_only,none,true
S18B_MASK_01698,S18A_PATCH_0283,quality_lineage,true,false,available,true,unsupervised_only,none,true
S18B_MASK_01699,S18A_PATCH_0284,physical_topography,true,false,available,true,unsupervised_only,none,true
S18B_MASK_01700,S18A_PATCH_0284,hydrology_proximity,true,false,available,true,unsupervised_only,none,true
S18B_MASK_01701,S18A_PATCH_0284,urban_landcover,true,false,available,true,unsupervised_only,none,true
S18B_MASK_01702,S18A_PATCH_0284,spectral_sentinel2,true,false,available,true,unsupervised_only,none,true
S18B_MASK_01703,S18A_PATCH_0284,rainfall_chirps,true,false,available,true,unsupervised_only,none,true
S18B_MASK_01704,S18A_PATCH_0284,quality_lineage,true,false,available,true,unsupervised_only,none,true
S18B_MASK_01705,S18A_PATCH_0285,physical_topography,true,false,available,true,unsupervised_only,none,true
S18B_MASK_01706,S18A_PATCH_0285,hydrology_proximity,true,false,available,true,unsupervised_only,none,true
S18B_MASK_01707,S18A_PATCH_0285,urban_landcover,true,false,available,true,unsupervised_only,none,true
S18B_MASK_01708,S18A_PATCH_0285,spectral_sentinel2,true,false,available,true,unsupervised_only,none,true
S18B_MASK_01709,S18A_PATCH_0285,rainfall_chirps,true,false,available,true,unsupervised_only,none,true
S18B_MASK_01710,S18A_PATCH_0285,quality_lineage,true,false,available,true,unsupervised_only,none,true
S18B_MASK_01711,S18A_PATCH_0286,physical_topography,true,false,available,true,unsupervised_only,none,true
S18B_MASK_01712,S18A_PATCH_0286,hydrology_proximity,true,false,available,true,unsupervised_only,none,true
S18B_MASK_01713,S18A_PATCH_0286,urban_landcover,true,false,available,true,unsupervised_only,none,true
S18B_MASK_01714,S18A_PATCH_0286,spectral_sentinel2,true,false,available,true,unsupervised_only,none,true
S18B_MASK_01715,S18A_PATCH_0286,rainfall_chirps,true,false,available,true,unsupervised_only,none,true
S18B_MASK_01716,S18A_PATCH_0286,quality_lineage,true,false,available,true,unsupervised_only,none,true
S18B_MASK_01717,S18A_PATCH_0287,physical_topography,true,false,available,true,unsupervised_only,none,true
S18B_MASK_01718,S18A_PATCH_0287,hydrology_proximity,true,false,available,true,unsupervised_only,none,true
S18B_MASK_01719,S18A_PATCH_0287,urban_landcover,true,false,available,true,unsupervised_only,none,true
S18B_MASK_01720,S18A_PATCH_0287,spectral_sentinel2,true,false,available,true,unsupervised_only,none,true
S18B_MASK_01721,S18A_PATCH_0287,rainfall_chirps,true,false,available,true,unsupervised_only,none,true
S18B_MASK_01722,S18A_PATCH_0287,quality_lineage,true,false,available,true,unsupervised_only,none,true
S18B_MASK_01723,S18A_PATCH_0288,physical_topography,true,false,available,true,unsupervised_only,none,true
S18B_MASK_01724,S18A_PATCH_0288,hydrology_proximity,true,false,available,true,unsupervised_only,none,true
S18B_MASK_01725,S18A_PATCH_0288,urban_landcover,true,false,available,true,unsupervised_only,none,true
S18B_MASK_01726,S18A_PATCH_0288,spectral_sentinel2,true,false,available,true,unsupervised_only,none,true
S18B_MASK_01727,S18A_PATCH_0288,rainfall_chirps,true,false,available,true,unsupervised_only,none,true
S18B_MASK_01728,S18A_PATCH_0288,quality_lineage,true,false,available,true,unsupervised_only,none,true
S18B_MASK_01729,S18A_PATCH_0289,physical_topography,true,false,available,true,unsupervised_only,none,true
S18B_MASK_01730,S18A_PATCH_0289,hydrology_proximity,true,false,available,true,unsupervised_only,none,true
S18B_MASK_01731,S18A_PATCH_0289,urban_landcover,true,false,available,true,unsupervised_only,none,true
S18B_MASK_01732,S18A_PATCH_0289,spectral_sentinel2,true,false,available,true,unsupervised_only,none,true
S18B_MASK_01733,S18A_PATCH_0289,rainfall_chirps,true,false,available,true,unsupervised_only,none,true
S18B_MASK_01734,S18A_PATCH_0289,quality_lineage,true,false,available,true,unsupervised_only,none,true
S18B_MASK_01735,S18A_PATCH_0290,physical_topography,true,false,available,true,unsupervised_only,none,true
S18B_MASK_01736,S18A_PATCH_0290,hydrology_proximity,true,false,available,true,unsupervised_only,none,true
S18B_MASK_01737,S18A_PATCH_0290,urban_landcover,true,false,available,true,unsupervised_only,none,true
S18B_MASK_01738,S18A_PATCH_0290,spectral_sentinel2,true,false,available,true,unsupervised_only,none,true
S18B_MASK_01739,S18A_PATCH_0290,rainfall_chirps,true,false,available,true,unsupervised_only,none,true
S18B_MASK_01740,S18A_PATCH_0290,quality_lineage,true,false,available,true,unsupervised_only,none,true
S18B_MASK_01741,S18A_PATCH_0291,physical_topography,true,false,available,true,unsupervised_only,none,true
S18B_MASK_01742,S18A_PATCH_0291,hydrology_proximity,true,false,available,true,unsupervised_only,none,true
S18B_MASK_01743,S18A_PATCH_0291,urban_landcover,true,false,available,true,unsupervised_only,none,true
S18B_MASK_01744,S18A_PATCH_0291,spectral_sentinel2,true,false,available,true,unsupervised_only,none,true
S18B_MASK_01745,S18A_PATCH_0291,rainfall_chirps,true,false,available,true,unsupervised_only,none,true
S18B_MASK_01746,S18A_PATCH_0291,quality_lineage,true,false,available,true,unsupervised_only,none,true
S18B_MASK_01747,S18A_PATCH_0292,physical_topography,true,false,available,true,unsupervised_only,none,true
S18B_MASK_01748,S18A_PATCH_0292,hydrology_proximity,true,false,available,true,unsupervised_only,none,true
S18B_MASK_01749,S18A_PATCH_0292,urban_landcover,true,false,available,true,unsupervised_only,none,true
S18B_MASK_01750,S18A_PATCH_0292,spectral_sentinel2,true,false,available,true,unsupervised_only,none,true
S18B_MASK_01751,S18A_PATCH_0292,rainfall_chirps,true,false,available,true,unsupervised_only,none,true
S18B_MASK_01752,S18A_PATCH_0292,quality_lineage,true,false,available,true,unsupervised_only,none,true
S18B_MASK_01753,S18A_PATCH_0293,physical_topography,true,false,available,true,unsupervised_only,none,true
S18B_MASK_01754,S18A_PATCH_0293,hydrology_proximity,true,false,available,true,unsupervised_only,none,true
S18B_MASK_01755,S18A_PATCH_0293,urban_landcover,true,false,available,true,unsupervised_only,none,true
S18B_MASK_01756,S18A_PATCH_0293,spectral_sentinel2,true,false,available,true,unsupervised_only,none,true
S18B_MASK_01757,S18A_PATCH_0293,rainfall_chirps,true,false,available,true,unsupervised_only,none,true
S18B_MASK_01758,S18A_PATCH_0293,quality_lineage,true,false,available,true,unsupervised_only,none,true
S18B_MASK_01759,S18A_PATCH_0294,physical_topography,true,false,available,true,unsupervised_only,none,true
S18B_MASK_01760,S18A_PATCH_0294,hydrology_proximity,true,false,available,true,unsupervised_only,none,true
S18B_MASK_01761,S18A_PATCH_0294,urban_landcover,true,false,available,true,unsupervised_only,none,true
S18B_MASK_01762,S18A_PATCH_0294,spectral_sentinel2,true,false,available,true,unsupervised_only,none,true
S18B_MASK_01763,S18A_PATCH_0294,rainfall_chirps,true,false,available,true,unsupervised_only,none,true
S18B_MASK_01764,S18A_PATCH_0294,quality_lineage,true,false,available,true,unsupervised_only,none,true
S18B_MASK_01765,S18A_PATCH_0295,physical_topography,true,false,available,true,unsupervised_only,none,true
S18B_MASK_01766,S18A_PATCH_0295,hydrology_proximity,true,false,available,true,unsupervised_only,none,true
S18B_MASK_01767,S18A_PATCH_0295,urban_landcover,true,false,available,true,unsupervised_only,none,true
S18B_MASK_01768,S18A_PATCH_0295,spectral_sentinel2,true,false,available,true,unsupervised_only,none,true
S18B_MASK_01769,S18A_PATCH_0295,rainfall_chirps,true,false,available,true,unsupervised_only,none,true
S18B_MASK_01770,S18A_PATCH_0295,quality_lineage,true,false,available,true,unsupervised_only,none,true
S18B_MASK_01771,S18A_PATCH_0296,physical_topography,true,false,available,true,unsupervised_only,none,true
S18B_MASK_01772,S18A_PATCH_0296,hydrology_proximity,true,false,available,true,unsupervised_only,none,true
S18B_MASK_01773,S18A_PATCH_0296,urban_landcover,true,false,available,true,unsupervised_only,none,true
S18B_MASK_01774,S18A_PATCH_0296,spectral_sentinel2,true,false,available,true,unsupervised_only,none,true
S18B_MASK_01775,S18A_PATCH_0296,rainfall_chirps,true,false,available,true,unsupervised_only,none,true
S18B_MASK_01776,S18A_PATCH_0296,quality_lineage,true,false,available,true,unsupervised_only,none,true
S18B_MASK_01777,S18A_PATCH_0297,physical_topography,true,false,available,true,unsupervised_only,none,true
S18B_MASK_01778,S18A_PATCH_0297,hydrology_proximity,true,false,available,true,unsupervised_only,none,true
S18B_MASK_01779,S18A_PATCH_0297,urban_landcover,true,false,available,true,unsupervised_only,none,true
S18B_MASK_01780,S18A_PATCH_0297,spectral_sentinel2,true,false,available,true,unsupervised_only,none,true
S18B_MASK_01781,S18A_PATCH_0297,rainfall_chirps,true,false,available,true,unsupervised_only,none,true
S18B_MASK_01782,S18A_PATCH_0297,quality_lineage,true,false,available,true,unsupervised_only,none,true
S18B_MASK_01783,S18A_PATCH_0298,physical_topography,true,false,available,true,unsupervised_only,none,true
S18B_MASK_01784,S18A_PATCH_0298,hydrology_proximity,true,false,available,true,unsupervised_only,none,true
S18B_MASK_01785,S18A_PATCH_0298,urban_landcover,true,false,available,true,unsupervised_only,none,true
S18B_MASK_01786,S18A_PATCH_0298,spectral_sentinel2,true,false,available,true,unsupervised_only,none,true
S18B_MASK_01787,S18A_PATCH_0298,rainfall_chirps,true,false,available,true,unsupervised_only,none,true
S18B_MASK_01788,S18A_PATCH_0298,quality_lineage,true,false,available,true,unsupervised_only,none,true
S18B_MASK_01789,S18A_PATCH_0299,physical_topography,true,false,available,true,unsupervised_only,none,true
S18B_MASK_01790,S18A_PATCH_0299,hydrology_proximity,true,false,available,true,unsupervised_only,none,true
S18B_MASK_01791,S18A_PATCH_0299,urban_landcover,true,false,available,true,unsupervised_only,none,true
S18B_MASK_01792,S18A_PATCH_0299,spectral_sentinel2,true,false,available,true,unsupervised_only,none,true
S18B_MASK_01793,S18A_PATCH_0299,rainfall_chirps,true,false,available,true,unsupervised_only,none,true
S18B_MASK_01794,S18A_PATCH_0299,quality_lineage,true,false,available,true,unsupervised_only,none,true
S18B_MASK_01795,S18A_PATCH_0300,physical_topography,true,false,available,true,unsupervised_only,none,true
S18B_MASK_01796,S18A_PATCH_0300,hydrology_proximity,true,false,available,true,unsupervised_only,none,true
S18B_MASK_01797,S18A_PATCH_0300,urban_landcover,true,false,available,true,unsupervised_only,none,true
S18B_MASK_01798,S18A_PATCH_0300,spectral_sentinel2,true,false,available,true,unsupervised_only,none,true
S18B_MASK_01799,S18A_PATCH_0300,rainfall_chirps,true,false,available,true,unsupervised_only,none,true
S18B_MASK_01800,S18A_PATCH_0300,quality_lineage,true,false,available,true,unsupervised_only,none,true
S18B_MASK_01801,S18A_PATCH_0301,physical_topography,true,false,available,true,unsupervised_only,none,true
S18B_MASK_01802,S18A_PATCH_0301,hydrology_proximity,true,false,available,true,unsupervised_only,none,true
S18B_MASK_01803,S18A_PATCH_0301,urban_landcover,true,false,available,true,unsupervised_only,none,true
S18B_MASK_01804,S18A_PATCH_0301,spectral_sentinel2,true,false,available,true,unsupervised_only,none,true
S18B_MASK_01805,S18A_PATCH_0301,rainfall_chirps,true,false,available,true,unsupervised_only,none,true
S18B_MASK_01806,S18A_PATCH_0301,quality_lineage,true,false,available,true,unsupervised_only,none,true
S18B_MASK_01807,S18A_PATCH_0302,physical_topography,true,false,available,true,unsupervised_only,none,true
S18B_MASK_01808,S18A_PATCH_0302,hydrology_proximity,true,false,available,true,unsupervised_only,none,true
S18B_MASK_01809,S18A_PATCH_0302,urban_landcover,true,false,available,true,unsupervised_only,none,true
S18B_MASK_01810,S18A_PATCH_0302,spectral_sentinel2,true,false,available,true,unsupervised_only,none,true
S18B_MASK_01811,S18A_PATCH_0302,rainfall_chirps,true,false,available,true,unsupervised_only,none,true
S18B_MASK_01812,S18A_PATCH_0302,quality_lineage,true,false,available,true,unsupervised_only,none,true
S18B_MASK_01813,S18A_PATCH_0303,physical_topography,true,false,available,true,unsupervised_only,none,true
S18B_MASK_01814,S18A_PATCH_0303,hydrology_proximity,true,false,available,true,unsupervised_only,none,true
S18B_MASK_01815,S18A_PATCH_0303,urban_landcover,true,false,available,true,unsupervised_only,none,true
S18B_MASK_01816,S18A_PATCH_0303,spectral_sentinel2,true,false,available,true,unsupervised_only,none,true
S18B_MASK_01817,S18A_PATCH_0303,rainfall_chirps,true,false,available,true,unsupervised_only,none,true
S18B_MASK_01818,S18A_PATCH_0303,quality_lineage,true,false,available,true,unsupervised_only,none,true
S18B_MASK_01819,S18A_PATCH_0304,physical_topography,true,false,available,true,unsupervised_only,none,true
S18B_MASK_01820,S18A_PATCH_0304,hydrology_proximity,true,false,available,true,unsupervised_only,none,true
S18B_MASK_01821,S18A_PATCH_0304,urban_landcover,true,false,available,true,unsupervised_only,none,true
S18B_MASK_01822,S18A_PATCH_0304,spectral_sentinel2,true,false,available,true,unsupervised_only,none,true
S18B_MASK_01823,S18A_PATCH_0304,rainfall_chirps,true,false,available,true,unsupervised_only,none,true
S18B_MASK_01824,S18A_PATCH_0304,quality_lineage,true,false,available,true,unsupervised_only,none,true
S18B_MASK_01825,S18A_PATCH_0305,physical_topography,true,false,available,true,unsupervised_only,none,true
S18B_MASK_01826,S18A_PATCH_0305,hydrology_proximity,true,false,available,true,unsupervised_only,none,true
S18B_MASK_01827,S18A_PATCH_0305,urban_landcover,true,false,available,true,unsupervised_only,none,true
S18B_MASK_01828,S18A_PATCH_0305,spectral_sentinel2,true,false,available,true,unsupervised_only,none,true
S18B_MASK_01829,S18A_PATCH_0305,rainfall_chirps,true,false,available,true,unsupervised_only,none,true
S18B_MASK_01830,S18A_PATCH_0305,quality_lineage,true,false,available,true,unsupervised_only,none,true
S18B_MASK_01831,S18A_PATCH_0306,physical_topography,true,false,available,true,unsupervised_only,none,true
S18B_MASK_01832,S18A_PATCH_0306,hydrology_proximity,true,false,available,true,unsupervised_only,none,true
S18B_MASK_01833,S18A_PATCH_0306,urban_landcover,true,false,available,true,unsupervised_only,none,true
S18B_MASK_01834,S18A_PATCH_0306,spectral_sentinel2,true,false,available,true,unsupervised_only,none,true
S18B_MASK_01835,S18A_PATCH_0306,rainfall_chirps,true,false,available,true,unsupervised_only,none,true
S18B_MASK_01836,S18A_PATCH_0306,quality_lineage,true,false,available,true,unsupervised_only,none,true
S18B_MASK_01837,S18A_PATCH_0307,physical_topography,true,false,available,true,unsupervised_only,none,true
S18B_MASK_01838,S18A_PATCH_0307,hydrology_proximity,true,false,available,true,unsupervised_only,none,true
S18B_MASK_01839,S18A_PATCH_0307,urban_landcover,true,false,available,true,unsupervised_only,none,true
S18B_MASK_01840,S18A_PATCH_0307,spectral_sentinel2,true,false,available,true,unsupervised_only,none,true
S18B_MASK_01841,S18A_PATCH_0307,rainfall_chirps,true,false,available,true,unsupervised_only,none,true
S18B_MASK_01842,S18A_PATCH_0307,quality_lineage,true,false,available,true,unsupervised_only,none,true
S18B_MASK_01843,S18A_PATCH_0308,physical_topography,true,false,available,true,unsupervised_only,none,true
S18B_MASK_01844,S18A_PATCH_0308,hydrology_proximity,true,false,available,true,unsupervised_only,none,true
S18B_MASK_01845,S18A_PATCH_0308,urban_landcover,true,false,available,true,unsupervised_only,none,true
S18B_MASK_01846,S18A_PATCH_0308,spectral_sentinel2,true,false,available,true,unsupervised_only,none,true
S18B_MASK_01847,S18A_PATCH_0308,rainfall_chirps,true,false,available,true,unsupervised_only,none,true
S18B_MASK_01848,S18A_PATCH_0308,quality_lineage,true,false,available,true,unsupervised_only,none,true
S18B_MASK_01849,S18A_PATCH_0309,physical_topography,true,false,available,true,unsupervised_only,none,true
S18B_MASK_01850,S18A_PATCH_0309,hydrology_proximity,true,false,available,true,unsupervised_only,none,true
S18B_MASK_01851,S18A_PATCH_0309,urban_landcover,true,false,available,true,unsupervised_only,none,true
S18B_MASK_01852,S18A_PATCH_0309,spectral_sentinel2,true,false,available,true,unsupervised_only,none,true
S18B_MASK_01853,S18A_PATCH_0309,rainfall_chirps,true,false,available,true,unsupervised_only,none,true
S18B_MASK_01854,S18A_PATCH_0309,quality_lineage,true,false,available,true,unsupervised_only,none,true
S18B_MASK_01855,S18A_PATCH_0310,physical_topography,true,false,available,true,unsupervised_only,none,true
S18B_MASK_01856,S18A_PATCH_0310,hydrology_proximity,true,false,available,true,unsupervised_only,none,true
S18B_MASK_01857,S18A_PATCH_0310,urban_landcover,true,false,available,true,unsupervised_only,none,true
S18B_MASK_01858,S18A_PATCH_0310,spectral_sentinel2,true,false,available,true,unsupervised_only,none,true
S18B_MASK_01859,S18A_PATCH_0310,rainfall_chirps,true,false,available,true,unsupervised_only,none,true
S18B_MASK_01860,S18A_PATCH_0310,quality_lineage,true,false,available,true,unsupervised_only,none,true
S18B_MASK_01861,S18A_PATCH_0311,physical_topography,true,false,available,true,unsupervised_only,none,true
S18B_MASK_01862,S18A_PATCH_0311,hydrology_proximity,true,false,available,true,unsupervised_only,none,true
S18B_MASK_01863,S18A_PATCH_0311,urban_landcover,true,false,available,true,unsupervised_only,none,true
S18B_MASK_01864,S18A_PATCH_0311,spectral_sentinel2,true,false,available,true,unsupervised_only,none,true
S18B_MASK_01865,S18A_PATCH_0311,rainfall_chirps,true,false,available,true,unsupervised_only,none,true
S18B_MASK_01866,S18A_PATCH_0311,quality_lineage,true,false,available,true,unsupervised_only,none,true
S18B_MASK_01867,S18A_PATCH_0312,physical_topography,false,true,physical_topography_not_extracted_for_spatial_mismatch_control_candidate,true,unsupervised_only,median_zero_with_missing_flag,true
S18B_MASK_01868,S18A_PATCH_0312,hydrology_proximity,false,true,hydrology_proximity_not_extracted_for_spatial_mismatch_control_candidate,true,unsupervised_only,median_zero_with_missing_flag,true
S18B_MASK_01869,S18A_PATCH_0312,urban_landcover,false,true,urban_landcover_not_extracted_for_spatial_mismatch_control_candidate,true,unsupervised_only,median_zero_with_missing_flag,true
S18B_MASK_01870,S18A_PATCH_0312,spectral_sentinel2,true,false,available,true,unsupervised_only,none,true
S18B_MASK_01871,S18A_PATCH_0312,rainfall_chirps,true,false,available,true,unsupervised_only,none,true
S18B_MASK_01872,S18A_PATCH_0312,quality_lineage,true,false,available,true,unsupervised_only,none,true
S18B_MASK_01873,S18A_PATCH_0313,physical_topography,false,true,physical_topography_not_extracted_for_spatial_mismatch_control_candidate,true,unsupervised_only,median_zero_with_missing_flag,true
S18B_MASK_01874,S18A_PATCH_0313,hydrology_proximity,false,true,hydrology_proximity_not_extracted_for_spatial_mismatch_control_candidate,true,unsupervised_only,median_zero_with_missing_flag,true
S18B_MASK_01875,S18A_PATCH_0313,urban_landcover,false,true,urban_landcover_not_extracted_for_spatial_mismatch_control_candidate,true,unsupervised_only,median_zero_with_missing_flag,true
S18B_MASK_01876,S18A_PATCH_0313,spectral_sentinel2,true,false,available,true,unsupervised_only,none,true
S18B_MASK_01877,S18A_PATCH_0313,rainfall_chirps,true,false,available,true,unsupervised_only,none,true
S18B_MASK_01878,S18A_PATCH_0313,quality_lineage,true,false,available,true,unsupervised_only,none,true
S18B_MASK_01879,S18A_PATCH_0314,physical_topography,false,true,physical_topography_not_extracted_for_spatial_mismatch_control_candidate,true,unsupervised_only,median_zero_with_missing_flag,true
S18B_MASK_01880,S18A_PATCH_0314,hydrology_proximity,false,true,hydrology_proximity_not_extracted_for_spatial_mismatch_control_candidate,true,unsupervised_only,median_zero_with_missing_flag,true
S18B_MASK_01881,S18A_PATCH_0314,urban_landcover,false,true,urban_landcover_not_extracted_for_spatial_mismatch_control_candidate,true,unsupervised_only,median_zero_with_missing_flag,true
S18B_MASK_01882,S18A_PATCH_0314,spectral_sentinel2,true,false,available,true,unsupervised_only,none,true
S18B_MASK_01883,S18A_PATCH_0314,rainfall_chirps,true,false,available,true,unsupervised_only,none,true
S18B_MASK_01884,S18A_PATCH_0314,quality_lineage,true,false,available,true,unsupervised_only,none,true
S18B_MASK_01885,S18A_PATCH_0315,physical_topography,false,true,physical_topography_not_extracted_for_spatial_mismatch_control_candidate,true,unsupervised_only,median_zero_with_missing_flag,true
S18B_MASK_01886,S18A_PATCH_0315,hydrology_proximity,false,true,hydrology_proximity_not_extracted_for_spatial_mismatch_control_candidate,true,unsupervised_only,median_zero_with_missing_flag,true
S18B_MASK_01887,S18A_PATCH_0315,urban_landcover,false,true,urban_landcover_not_extracted_for_spatial_mismatch_control_candidate,true,unsupervised_only,median_zero_with_missing_flag,true
S18B_MASK_01888,S18A_PATCH_0315,spectral_sentinel2,true,false,available,true,unsupervised_only,none,true
S18B_MASK_01889,S18A_PATCH_0315,rainfall_chirps,true,false,available,true,unsupervised_only,none,true
S18B_MASK_01890,S18A_PATCH_0315,quality_lineage,true,false,available,true,unsupervised_only,none,true
S18B_MASK_01891,S18A_PATCH_0316,physical_topography,false,true,physical_topography_not_extracted_for_spatial_mismatch_control_candidate,true,unsupervised_only,median_zero_with_missing_flag,true
S18B_MASK_01892,S18A_PATCH_0316,hydrology_proximity,false,true,hydrology_proximity_not_extracted_for_spatial_mismatch_control_candidate,true,unsupervised_only,median_zero_with_missing_flag,true
S18B_MASK_01893,S18A_PATCH_0316,urban_landcover,false,true,urban_landcover_not_extracted_for_spatial_mismatch_control_candidate,true,unsupervised_only,median_zero_with_missing_flag,true
S18B_MASK_01894,S18A_PATCH_0316,spectral_sentinel2,true,false,available,true,unsupervised_only,none,true
S18B_MASK_01895,S18A_PATCH_0316,rainfall_chirps,true,false,available,true,unsupervised_only,none,true
S18B_MASK_01896,S18A_PATCH_0316,quality_lineage,true,false,available,true,unsupervised_only,none,true
