patch_id,regiao,cidade,urban_prop,vegetation_prop,water_prop,exposed_soil_prop,impervious_proxy,MapBiomas_class_majority,fonte,fonte_ausente,temporalidade,status_familia,justificativa_tecnica
curitiba_00038,curitiba,Curitiba,0.658609,0.259144,NA,NA,NA,NA,datasets/suscetibilidade/susc_features_by_patch_v1.csv,MapBiomas;exposed_soil_prop;water_prop;impervious_proxy,composto de referencia 2022-12-31; nao e janela pre-evento especifica por ocorrencia,parcial,"features territoriais parciais; urban_prop e vegetation_prop reais, demais ausentes marcadas NA como lacuna"
curitiba_00073,curitiba,Curitiba,0.661383,0.200066,NA,NA,NA,NA,datasets/suscetibilidade/susc_features_by_patch_v1.csv,MapBiomas;exposed_soil_prop;water_prop;impervious_proxy,composto de referencia 2022-12-31; nao e janela pre-evento especifica por ocorrencia,parcial,"features territoriais parciais; urban_prop e vegetation_prop reais, demais ausentes marcadas NA como lacuna"
curitiba_00163,curitiba,Curitiba,0.873200,0.080779,NA,NA,NA,NA,datasets/suscetibilidade/susc_features_by_patch_v1.csv,MapBiomas;exposed_soil_prop;water_prop;impervious_proxy,composto de referencia 2022-12-31; nao e janela pre-evento especifica por ocorrencia,parcial,"features territoriais parciais; urban_prop e vegetation_prop reais, demais ausentes marcadas NA como lacuna"
curitiba_00249,curitiba,Curitiba,0.681103,0.197066,NA,NA,NA,NA,datasets/suscetibilidade/susc_features_by_patch_v1.csv,MapBiomas;exposed_soil_prop;water_prop;impervious_proxy,composto de referencia 2022-12-31; nao e janela pre-evento especifica por ocorrencia,parcial,"features territoriais parciais; urban_prop e vegetation_prop reais, demais ausentes marcadas NA como lacuna"
curitiba_00289,curitiba,Curitiba,0.903331,0.063172,NA,NA,NA,NA,datasets/suscetibilidade/susc_features_by_patch_v1.csv,MapBiomas;exposed_soil_prop;water_prop;impervious_proxy,composto de referencia 2022-12-31; nao e janela pre-evento especifica por ocorrencia,parcial,"features territoriais parciais; urban_prop e vegetation_prop reais, demais ausentes marcadas NA como lacuna"
curitiba_00293,curitiba,Curitiba,1.000000,0.000000,NA,NA,NA,NA,datasets/suscetibilidade/susc_features_by_patch_v1.csv,MapBiomas;exposed_soil_prop;water_prop;impervious_proxy,composto de referencia 2022-12-31; nao e janela pre-evento especifica por ocorrencia,parcial,"features territoriais parciais; urban_prop e vegetation_prop reais, demais ausentes marcadas NA como lacuna"
curitiba_00305,curitiba,Curitiba,1.000000,0.000000,NA,NA,NA,NA,datasets/suscetibilidade/susc_features_by_patch_v1.csv,MapBiomas;exposed_soil_prop;water_prop;impervious_proxy,composto de referencia 2022-12-31; nao e janela pre-evento especifica por ocorrencia,parcial,"features territoriais parciais; urban_prop e vegetation_prop reais, demais ausentes marcadas NA como lacuna"
curitiba_00339,curitiba,Curitiba,1.000000,0.000000,NA,NA,NA,NA,datasets/suscetibilidade/susc_features_by_patch_v1.csv,MapBiomas;exposed_soil_prop;water_prop;impervious_proxy,composto de referencia 2022-12-31; nao e janela pre-evento especifica por ocorrencia,parcial,"features territoriais parciais; urban_prop e vegetation_prop reais, demais ausentes marcadas NA como lacuna"
curitiba_00340,curitiba,Curitiba,0.994052,0.000000,NA,NA,NA,NA,datasets/suscetibilidade/susc_features_by_patch_v1.csv,MapBiomas;exposed_soil_prop;water_prop;impervious_proxy,composto de referencia 2022-12-31; nao e janela pre-evento especifica por ocorrencia,parcial,"features territoriais parciais; urban_prop e vegetation_prop reais, demais ausentes marcadas NA como lacuna"
curitiba_00345,curitiba,Curitiba,0.552174,0.226093,NA,NA,NA,NA,datasets/suscetibilidade/susc_features_by_patch_v1.csv,MapBiomas;exposed_soil_prop;water_prop;impervious_proxy,composto de referencia 2022-12-31; nao e janela pre-evento especifica por ocorrencia,parcial,"features territoriais parciais; urban_prop e vegetation_prop reais, demais ausentes marcadas NA como lacuna"
curitiba_00350,curitiba,Curitiba,0.918490,0.034181,NA,NA,NA,NA,datasets/suscetibilidade/susc_features_by_patch_v1.csv,MapBiomas;exposed_soil_prop;water_prop;impervious_proxy,composto de referencia 2022-12-31; nao e janela pre-evento especifica por ocorrencia,parcial,"features territoriais parciais; urban_prop e vegetation_prop reais, demais ausentes marcadas NA como lacuna"
curitiba_00357,curitiba,Curitiba,0.760849,0.069609,NA,NA,NA,NA,datasets/suscetibilidade/susc_features_by_patch_v1.csv,MapBiomas;exposed_soil_prop;water_prop;impervious_proxy,composto de referencia 2022-12-31; nao e janela pre-evento especifica por ocorrencia,parcial,"features territoriais parciais; urban_prop e vegetation_prop reais, demais ausentes marcadas NA como lacuna"
curitiba_00365,curitiba,Curitiba,1.000000,0.000000,NA,NA,NA,NA,datasets/suscetibilidade/susc_features_by_patch_v1.csv,MapBiomas;exposed_soil_prop;water_prop;impervious_proxy,composto de referencia 2022-12-31; nao e janela pre-evento especifica por ocorrencia,parcial,"features territoriais parciais; urban_prop e vegetation_prop reais, demais ausentes marcadas NA como lacuna"
curitiba_00367,curitiba,Curitiba,1.000000,0.000000,NA,NA,NA,NA,datasets/suscetibilidade/susc_features_by_patch_v1.csv,MapBiomas;exposed_soil_prop;water_prop;impervious_proxy,composto de referencia 2022-12-31; nao e janela pre-evento especifica por ocorrencia,parcial,"features territoriais parciais; urban_prop e vegetation_prop reais, demais ausentes marcadas NA como lacuna"
curitiba_00374,curitiba,Curitiba,1.000000,0.000000,NA,NA,NA,NA,datasets/suscetibilidade/susc_features_by_patch_v1.csv,MapBiomas;exposed_soil_prop;water_prop;impervious_proxy,composto de referencia 2022-12-31; nao e janela pre-evento especifica por ocorrencia,parcial,"features territoriais parciais; urban_prop e vegetation_prop reais, demais ausentes marcadas NA como lacuna"
curitiba_00377,curitiba,Curitiba,0.989636,0.008185,NA,NA,NA,NA,datasets/suscetibilidade/susc_features_by_patch_v1.csv,MapBiomas;exposed_soil_prop;water_prop;impervious_proxy,composto de referencia 2022-12-31; nao e janela pre-evento especifica por ocorrencia,parcial,"features territoriais parciais; urban_prop e vegetation_prop reais, demais ausentes marcadas NA como lacuna"
curitiba_00392,curitiba,Curitiba,0.643610,0.114587,NA,NA,NA,NA,datasets/suscetibilidade/susc_features_by_patch_v1.csv,MapBiomas;exposed_soil_prop;water_prop;impervious_proxy,composto de referencia 2022-12-31; nao e janela pre-evento especifica por ocorrencia,parcial,"features territoriais parciais; urban_prop e vegetation_prop reais, demais ausentes marcadas NA como lacuna"
curitiba_00399,curitiba,Curitiba,1.000000,0.000000,NA,NA,NA,NA,datasets/suscetibilidade/susc_features_by_patch_v1.csv,MapBiomas;exposed_soil_prop;water_prop;impervious_proxy,composto de referencia 2022-12-31; nao e janela pre-evento especifica por ocorrencia,parcial,"features territoriais parciais; urban_prop e vegetation_prop reais, demais ausentes marcadas NA como lacuna"
curitiba_00402,curitiba,Curitiba,1.000000,0.000000,NA,NA,NA,NA,datasets/suscetibilidade/susc_features_by_patch_v1.csv,MapBiomas;exposed_soil_prop;water_prop;impervious_proxy,composto de referencia 2022-12-31; nao e janela pre-evento especifica por ocorrencia,parcial,"features territoriais parciais; urban_prop e vegetation_prop reais, demais ausentes marcadas NA como lacuna"
curitiba_00409,curitiba,Curitiba,0.440278,0.178795,NA,NA,NA,NA,datasets/suscetibilidade/susc_features_by_patch_v1.csv,MapBiomas;exposed_soil_prop;water_prop;impervious_proxy,composto de referencia 2022-12-31; nao e janela pre-evento especifica por ocorrencia,parcial,"features territoriais parciais; urban_prop e vegetation_prop reais, demais ausentes marcadas NA como lacuna"
curitiba_00410,curitiba,Curitiba,0.984889,0.001807,NA,NA,NA,NA,datasets/suscetibilidade/susc_features_by_patch_v1.csv,MapBiomas;exposed_soil_prop;water_prop;impervious_proxy,composto de referencia 2022-12-31; nao e janela pre-evento especifica por ocorrencia,parcial,"features territoriais parciais; urban_prop e vegetation_prop reais, demais ausentes marcadas NA como lacuna"
curitiba_00412,curitiba,Curitiba,1.000000,0.000000,NA,NA,NA,NA,datasets/suscetibilidade/susc_features_by_patch_v1.csv,MapBiomas;exposed_soil_prop;water_prop;impervious_proxy,composto de referencia 2022-12-31; nao e janela pre-evento especifica por ocorrencia,parcial,"features territoriais parciais; urban_prop e vegetation_prop reais, demais ausentes marcadas NA como lacuna"
curitiba_00413,curitiba,Curitiba,0.962151,0.008694,NA,NA,NA,NA,datasets/suscetibilidade/susc_features_by_patch_v1.csv,MapBiomas;exposed_soil_prop;water_prop;impervious_proxy,composto de referencia 2022-12-31; nao e janela pre-evento especifica por ocorrencia,parcial,"features territoriais parciais; urban_prop e vegetation_prop reais, demais ausentes marcadas NA como lacuna"
curitiba_00416,curitiba,Curitiba,0.938127,0.034212,NA,NA,NA,NA,datasets/suscetibilidade/susc_features_by_patch_v1.csv,MapBiomas;exposed_soil_prop;water_prop;impervious_proxy,composto de referencia 2022-12-31; nao e janela pre-evento especifica por ocorrencia,parcial,"features territoriais parciais; urban_prop e vegetation_prop reais, demais ausentes marcadas NA como lacuna"
curitiba_00436,curitiba,Curitiba,1.000000,0.000000,NA,NA,NA,NA,datasets/suscetibilidade/susc_features_by_patch_v1.csv,MapBiomas;exposed_soil_prop;water_prop;impervious_proxy,composto de referencia 2022-12-31; nao e janela pre-evento especifica por ocorrencia,parcial,"features territoriais parciais; urban_prop e vegetation_prop reais, demais ausentes marcadas NA como lacuna"
curitiba_00445,curitiba,Curitiba,0.843978,0.043064,NA,NA,NA,NA,datasets/suscetibilidade/susc_features_by_patch_v1.csv,MapBiomas;exposed_soil_prop;water_prop;impervious_proxy,composto de referencia 2022-12-31; nao e janela pre-evento especifica por ocorrencia,parcial,"features territoriais parciais; urban_prop e vegetation_prop reais, demais ausentes marcadas NA como lacuna"
curitiba_00446,curitiba,Curitiba,1.000000,0.000000,NA,NA,NA,NA,datasets/suscetibilidade/susc_features_by_patch_v1.csv,MapBiomas;exposed_soil_prop;water_prop;impervious_proxy,composto de referencia 2022-12-31; nao e janela pre-evento especifica por ocorrencia,parcial,"features territoriais parciais; urban_prop e vegetation_prop reais, demais ausentes marcadas NA como lacuna"
curitiba_00447,curitiba,Curitiba,0.981055,0.000000,NA,NA,NA,NA,datasets/suscetibilidade/susc_features_by_patch_v1.csv,MapBiomas;exposed_soil_prop;water_prop;impervious_proxy,composto de referencia 2022-12-31; nao e janela pre-evento especifica por ocorrencia,parcial,"features territoriais parciais; urban_prop e vegetation_prop reais, demais ausentes marcadas NA como lacuna"
curitiba_00451,curitiba,Curitiba,0.654874,0.060767,NA,NA,NA,NA,datasets/suscetibilidade/susc_features_by_patch_v1.csv,MapBiomas;exposed_soil_prop;water_prop;impervious_proxy,composto de referencia 2022-12-31; nao e janela pre-evento especifica por ocorrencia,parcial,"features territoriais parciais; urban_prop e vegetation_prop reais, demais ausentes marcadas NA como lacuna"
curitiba_00466,curitiba,Curitiba,1.000000,0.000000,NA,NA,NA,NA,datasets/suscetibilidade/susc_features_by_patch_v1.csv,MapBiomas;exposed_soil_prop;water_prop;impervious_proxy,composto de referencia 2022-12-31; nao e janela pre-evento especifica por ocorrencia,parcial,"features territoriais parciais; urban_prop e vegetation_prop reais, demais ausentes marcadas NA como lacuna"
curitiba_00469,curitiba,Curitiba,1.000000,0.000000,NA,NA,NA,NA,datasets/suscetibilidade/susc_features_by_patch_v1.csv,MapBiomas;exposed_soil_prop;water_prop;impervious_proxy,composto de referencia 2022-12-31; nao e janela pre-evento especifica por ocorrencia,parcial,"features territoriais parciais; urban_prop e vegetation_prop reais, demais ausentes marcadas NA como lacuna"
curitiba_00471,curitiba,Curitiba,1.000000,0.000000,NA,NA,NA,NA,datasets/suscetibilidade/susc_features_by_patch_v1.csv,MapBiomas;exposed_soil_prop;water_prop;impervious_proxy,composto de referencia 2022-12-31; nao e janela pre-evento especifica por ocorrencia,parcial,"features territoriais parciais; urban_prop e vegetation_prop reais, demais ausentes marcadas NA como lacuna"
curitiba_00531,curitiba,Curitiba,0.810389,0.078611,NA,NA,NA,NA,datasets/suscetibilidade/susc_features_by_patch_v1.csv,MapBiomas;exposed_soil_prop;water_prop;impervious_proxy,composto de referencia 2022-12-31; nao e janela pre-evento especifica por ocorrencia,parcial,"features territoriais parciais; urban_prop e vegetation_prop reais, demais ausentes marcadas NA como lacuna"
curitiba_00537,curitiba,Curitiba,1.000000,0.000000,NA,NA,NA,NA,datasets/suscetibilidade/susc_features_by_patch_v1.csv,MapBiomas;exposed_soil_prop;water_prop;impervious_proxy,composto de referencia 2022-12-31; nao e janela pre-evento especifica por ocorrencia,parcial,"features territoriais parciais; urban_prop e vegetation_prop reais, demais ausentes marcadas NA como lacuna"
curitiba_00566,curitiba,Curitiba,0.832033,0.076427,NA,NA,NA,NA,datasets/suscetibilidade/susc_features_by_patch_v1.csv,MapBiomas;exposed_soil_prop;water_prop;impervious_proxy,composto de referencia 2022-12-31; nao e janela pre-evento especifica por ocorrencia,parcial,"features territoriais parciais; urban_prop e vegetation_prop reais, demais ausentes marcadas NA como lacuna"
curitiba_00597,curitiba,Curitiba,0.809856,0.092209,NA,NA,NA,NA,datasets/suscetibilidade/susc_features_by_patch_v1.csv,MapBiomas;exposed_soil_prop;water_prop;impervious_proxy,composto de referencia 2022-12-31; nao e janela pre-evento especifica por ocorrencia,parcial,"features territoriais parciais; urban_prop e vegetation_prop reais, demais ausentes marcadas NA como lacuna"
curitiba_00612,curitiba,Curitiba,1.000000,0.000000,NA,NA,NA,NA,datasets/suscetibilidade/susc_features_by_patch_v1.csv,MapBiomas;exposed_soil_prop;water_prop;impervious_proxy,composto de referencia 2022-12-31; nao e janela pre-evento especifica por ocorrencia,parcial,"features territoriais parciais; urban_prop e vegetation_prop reais, demais ausentes marcadas NA como lacuna"
curitiba_00660,curitiba,Curitiba,0.998007,0.001993,NA,NA,NA,NA,datasets/suscetibilidade/susc_features_by_patch_v1.csv,MapBiomas;exposed_soil_prop;water_prop;impervious_proxy,composto de referencia 2022-12-31; nao e janela pre-evento especifica por ocorrencia,parcial,"features territoriais parciais; urban_prop e vegetation_prop reais, demais ausentes marcadas NA como lacuna"
curitiba_00661,curitiba,Curitiba,0.986495,0.013505,NA,NA,NA,NA,datasets/suscetibilidade/susc_features_by_patch_v1.csv,MapBiomas;exposed_soil_prop;water_prop;impervious_proxy,composto de referencia 2022-12-31; nao e janela pre-evento especifica por ocorrencia,parcial,"features territoriais parciais; urban_prop e vegetation_prop reais, demais ausentes marcadas NA como lacuna"
curitiba_00662,curitiba,Curitiba,0.476133,0.256891,NA,NA,NA,NA,datasets/suscetibilidade/susc_features_by_patch_v1.csv,MapBiomas;exposed_soil_prop;water_prop;impervious_proxy,composto de referencia 2022-12-31; nao e janela pre-evento especifica por ocorrencia,parcial,"features territoriais parciais; urban_prop e vegetation_prop reais, demais ausentes marcadas NA como lacuna"
curitiba_00693,curitiba,Curitiba,0.955342,0.005980,NA,NA,NA,NA,datasets/suscetibilidade/susc_features_by_patch_v1.csv,MapBiomas;exposed_soil_prop;water_prop;impervious_proxy,composto de referencia 2022-12-31; nao e janela pre-evento especifica por ocorrencia,parcial,"features territoriais parciais; urban_prop e vegetation_prop reais, demais ausentes marcadas NA como lacuna"
curitiba_00695,curitiba,Curitiba,0.386164,0.118944,NA,NA,NA,NA,datasets/suscetibilidade/susc_features_by_patch_v1.csv,MapBiomas;exposed_soil_prop;water_prop;impervious_proxy,composto de referencia 2022-12-31; nao e janela pre-evento especifica por ocorrencia,parcial,"features territoriais parciais; urban_prop e vegetation_prop reais, demais ausentes marcadas NA como lacuna"
curitiba_00699,curitiba,Curitiba,0.523916,0.178194,NA,NA,NA,NA,datasets/suscetibilidade/susc_features_by_patch_v1.csv,MapBiomas;exposed_soil_prop;water_prop;impervious_proxy,composto de referencia 2022-12-31; nao e janela pre-evento especifica por ocorrencia,parcial,"features territoriais parciais; urban_prop e vegetation_prop reais, demais ausentes marcadas NA como lacuna"
curitiba_00728,curitiba,Curitiba,1.000000,0.000000,NA,NA,NA,NA,datasets/suscetibilidade/susc_features_by_patch_v1.csv,MapBiomas;exposed_soil_prop;water_prop;impervious_proxy,composto de referencia 2022-12-31; nao e janela pre-evento especifica por ocorrencia,parcial,"features territoriais parciais; urban_prop e vegetation_prop reais, demais ausentes marcadas NA como lacuna"
curitiba_00729,curitiba,Curitiba,0.593963,0.089437,NA,NA,NA,NA,datasets/suscetibilidade/susc_features_by_patch_v1.csv,MapBiomas;exposed_soil_prop;water_prop;impervious_proxy,composto de referencia 2022-12-31; nao e janela pre-evento especifica por ocorrencia,parcial,"features territoriais parciais; urban_prop e vegetation_prop reais, demais ausentes marcadas NA como lacuna"
curitiba_00740,curitiba,Curitiba,0.757307,0.046690,NA,NA,NA,NA,datasets/suscetibilidade/susc_features_by_patch_v1.csv,MapBiomas;exposed_soil_prop;water_prop;impervious_proxy,composto de referencia 2022-12-31; nao e janela pre-evento especifica por ocorrencia,parcial,"features territoriais parciais; urban_prop e vegetation_prop reais, demais ausentes marcadas NA como lacuna"
curitiba_00779,curitiba,Curitiba,0.786581,0.186081,NA,NA,NA,NA,datasets/suscetibilidade/susc_features_by_patch_v1.csv,MapBiomas;exposed_soil_prop;water_prop;impervious_proxy,composto de referencia 2022-12-31; nao e janela pre-evento especifica por ocorrencia,parcial,"features territoriais parciais; urban_prop e vegetation_prop reais, demais ausentes marcadas NA como lacuna"
curitiba_00869,curitiba,Curitiba,0.171607,0.481372,NA,NA,NA,NA,datasets/suscetibilidade/susc_features_by_patch_v1.csv,MapBiomas;exposed_soil_prop;water_prop;impervious_proxy,composto de referencia 2022-12-31; nao e janela pre-evento especifica por ocorrencia,parcial,"features territoriais parciais; urban_prop e vegetation_prop reais, demais ausentes marcadas NA como lacuna"
curitiba_00887,curitiba,Curitiba,0.512978,0.329427,NA,NA,NA,NA,datasets/suscetibilidade/susc_features_by_patch_v1.csv,MapBiomas;exposed_soil_prop;water_prop;impervious_proxy,composto de referencia 2022-12-31; nao e janela pre-evento especifica por ocorrencia,parcial,"features territoriais parciais; urban_prop e vegetation_prop reais, demais ausentes marcadas NA como lacuna"
curitiba_00888,curitiba,Curitiba,0.897174,0.079757,NA,NA,NA,NA,datasets/suscetibilidade/susc_features_by_patch_v1.csv,MapBiomas;exposed_soil_prop;water_prop;impervious_proxy,composto de referencia 2022-12-31; nao e janela pre-evento especifica por ocorrencia,parcial,"features territoriais parciais; urban_prop e vegetation_prop reais, demais ausentes marcadas NA como lacuna"
curitiba_00889,curitiba,Curitiba,1.000000,0.000000,NA,NA,NA,NA,datasets/suscetibilidade/susc_features_by_patch_v1.csv,MapBiomas;exposed_soil_prop;water_prop;impervious_proxy,composto de referencia 2022-12-31; nao e janela pre-evento especifica por ocorrencia,parcial,"features territoriais parciais; urban_prop e vegetation_prop reais, demais ausentes marcadas NA como lacuna"
curitiba_00891,curitiba,Curitiba,0.985412,0.000000,NA,NA,NA,NA,datasets/suscetibilidade/susc_features_by_patch_v1.csv,MapBiomas;exposed_soil_prop;water_prop;impervious_proxy,composto de referencia 2022-12-31; nao e janela pre-evento especifica por ocorrencia,parcial,"features territoriais parciais; urban_prop e vegetation_prop reais, demais ausentes marcadas NA como lacuna"
curitiba_00895,curitiba,Curitiba,0.956986,0.017631,NA,NA,NA,NA,datasets/suscetibilidade/susc_features_by_patch_v1.csv,MapBiomas;exposed_soil_prop;water_prop;impervious_proxy,composto de referencia 2022-12-31; nao e janela pre-evento especifica por ocorrencia,parcial,"features territoriais parciais; urban_prop e vegetation_prop reais, demais ausentes marcadas NA como lacuna"
curitiba_00896,curitiba,Curitiba,0.772255,0.186861,NA,NA,NA,NA,datasets/suscetibilidade/susc_features_by_patch_v1.csv,MapBiomas;exposed_soil_prop;water_prop;impervious_proxy,composto de referencia 2022-12-31; nao e janela pre-evento especifica por ocorrencia,parcial,"features territoriais parciais; urban_prop e vegetation_prop reais, demais ausentes marcadas NA como lacuna"
curitiba_00899,curitiba,Curitiba,1.000000,0.000000,NA,NA,NA,NA,datasets/suscetibilidade/susc_features_by_patch_v1.csv,MapBiomas;exposed_soil_prop;water_prop;impervious_proxy,composto de referencia 2022-12-31; nao e janela pre-evento especifica por ocorrencia,parcial,"features territoriais parciais; urban_prop e vegetation_prop reais, demais ausentes marcadas NA como lacuna"
curitiba_00901,curitiba,Curitiba,0.979743,0.003321,NA,NA,NA,NA,datasets/suscetibilidade/susc_features_by_patch_v1.csv,MapBiomas;exposed_soil_prop;water_prop;impervious_proxy,composto de referencia 2022-12-31; nao e janela pre-evento especifica por ocorrencia,parcial,"features territoriais parciais; urban_prop e vegetation_prop reais, demais ausentes marcadas NA como lacuna"
curitiba_00903,curitiba,Curitiba,0.683532,0.076709,NA,NA,NA,NA,datasets/suscetibilidade/susc_features_by_patch_v1.csv,MapBiomas;exposed_soil_prop;water_prop;impervious_proxy,composto de referencia 2022-12-31; nao e janela pre-evento especifica por ocorrencia,parcial,"features territoriais parciais; urban_prop e vegetation_prop reais, demais ausentes marcadas NA como lacuna"
curitiba_00918,curitiba,Curitiba,0.818820,0.136139,NA,NA,NA,NA,datasets/suscetibilidade/susc_features_by_patch_v1.csv,MapBiomas;exposed_soil_prop;water_prop;impervious_proxy,composto de referencia 2022-12-31; nao e janela pre-evento especifica por ocorrencia,parcial,"features territoriais parciais; urban_prop e vegetation_prop reais, demais ausentes marcadas NA como lacuna"
curitiba_00924,curitiba,Curitiba,0.988237,0.011763,NA,NA,NA,NA,datasets/suscetibilidade/susc_features_by_patch_v1.csv,MapBiomas;exposed_soil_prop;water_prop;impervious_proxy,composto de referencia 2022-12-31; nao e janela pre-evento especifica por ocorrencia,parcial,"features territoriais parciais; urban_prop e vegetation_prop reais, demais ausentes marcadas NA como lacuna"
curitiba_00926,curitiba,Curitiba,0.713532,0.158701,NA,NA,NA,NA,datasets/suscetibilidade/susc_features_by_patch_v1.csv,MapBiomas;exposed_soil_prop;water_prop;impervious_proxy,composto de referencia 2022-12-31; nao e janela pre-evento especifica por ocorrencia,parcial,"features territoriais parciais; urban_prop e vegetation_prop reais, demais ausentes marcadas NA como lacuna"
curitiba_00929,curitiba,Curitiba,1.000000,0.000000,NA,NA,NA,NA,datasets/suscetibilidade/susc_features_by_patch_v1.csv,MapBiomas;exposed_soil_prop;water_prop;impervious_proxy,composto de referencia 2022-12-31; nao e janela pre-evento especifica por ocorrencia,parcial,"features territoriais parciais; urban_prop e vegetation_prop reais, demais ausentes marcadas NA como lacuna"
curitiba_00930,curitiba,Curitiba,0.719299,0.133795,NA,NA,NA,NA,datasets/suscetibilidade/susc_features_by_patch_v1.csv,MapBiomas;exposed_soil_prop;water_prop;impervious_proxy,composto de referencia 2022-12-31; nao e janela pre-evento especifica por ocorrencia,parcial,"features territoriais parciais; urban_prop e vegetation_prop reais, demais ausentes marcadas NA como lacuna"
curitiba_00931,curitiba,Curitiba,0.980740,0.004649,NA,NA,NA,NA,datasets/suscetibilidade/susc_features_by_patch_v1.csv,MapBiomas;exposed_soil_prop;water_prop;impervious_proxy,composto de referencia 2022-12-31; nao e janela pre-evento especifica por ocorrencia,parcial,"features territoriais parciais; urban_prop e vegetation_prop reais, demais ausentes marcadas NA como lacuna"
curitiba_00934,curitiba,Curitiba,1.000000,0.000000,NA,NA,NA,NA,datasets/suscetibilidade/susc_features_by_patch_v1.csv,MapBiomas;exposed_soil_prop;water_prop;impervious_proxy,composto de referencia 2022-12-31; nao e janela pre-evento especifica por ocorrencia,parcial,"features territoriais parciais; urban_prop e vegetation_prop reais, demais ausentes marcadas NA como lacuna"
curitiba_00936,curitiba,Curitiba,0.894361,0.000000,NA,NA,NA,NA,datasets/suscetibilidade/susc_features_by_patch_v1.csv,MapBiomas;exposed_soil_prop;water_prop;impervious_proxy,composto de referencia 2022-12-31; nao e janela pre-evento especifica por ocorrencia,parcial,"features territoriais parciais; urban_prop e vegetation_prop reais, demais ausentes marcadas NA como lacuna"
curitiba_00937,curitiba,Curitiba,0.999004,0.000996,NA,NA,NA,NA,datasets/suscetibilidade/susc_features_by_patch_v1.csv,MapBiomas;exposed_soil_prop;water_prop;impervious_proxy,composto de referencia 2022-12-31; nao e janela pre-evento especifica por ocorrencia,parcial,"features territoriais parciais; urban_prop e vegetation_prop reais, demais ausentes marcadas NA como lacuna"
curitiba_00938,curitiba,Curitiba,0.960131,0.007970,NA,NA,NA,NA,datasets/suscetibilidade/susc_features_by_patch_v1.csv,MapBiomas;exposed_soil_prop;water_prop;impervious_proxy,composto de referencia 2022-12-31; nao e janela pre-evento especifica por ocorrencia,parcial,"features territoriais parciais; urban_prop e vegetation_prop reais, demais ausentes marcadas NA como lacuna"
curitiba_00960,curitiba,Curitiba,0.895769,0.041176,NA,NA,NA,NA,datasets/suscetibilidade/susc_features_by_patch_v1.csv,MapBiomas;exposed_soil_prop;water_prop;impervious_proxy,composto de referencia 2022-12-31; nao e janela pre-evento especifica por ocorrencia,parcial,"features territoriais parciais; urban_prop e vegetation_prop reais, demais ausentes marcadas NA como lacuna"
curitiba_00969,curitiba,Curitiba,1.000000,0.000000,NA,NA,NA,NA,datasets/suscetibilidade/susc_features_by_patch_v1.csv,MapBiomas;exposed_soil_prop;water_prop;impervious_proxy,composto de referencia 2022-12-31; nao e janela pre-evento especifica por ocorrencia,parcial,"features territoriais parciais; urban_prop e vegetation_prop reais, demais ausentes marcadas NA como lacuna"
curitiba_00972,curitiba,Curitiba,0.686166,0.167759,NA,NA,NA,NA,datasets/suscetibilidade/susc_features_by_patch_v1.csv,MapBiomas;exposed_soil_prop;water_prop;impervious_proxy,composto de referencia 2022-12-31; nao e janela pre-evento especifica por ocorrencia,parcial,"features territoriais parciais; urban_prop e vegetation_prop reais, demais ausentes marcadas NA como lacuna"
curitiba_00977,curitiba,Curitiba,0.549451,0.153094,NA,NA,NA,NA,datasets/suscetibilidade/susc_features_by_patch_v1.csv,MapBiomas;exposed_soil_prop;water_prop;impervious_proxy,composto de referencia 2022-12-31; nao e janela pre-evento especifica por ocorrencia,parcial,"features territoriais parciais; urban_prop e vegetation_prop reais, demais ausentes marcadas NA como lacuna"
curitiba_00990,curitiba,Curitiba,0.282939,0.271321,NA,NA,NA,NA,datasets/suscetibilidade/susc_features_by_patch_v1.csv,MapBiomas;exposed_soil_prop;water_prop;impervious_proxy,composto de referencia 2022-12-31; nao e janela pre-evento especifica por ocorrencia,parcial,"features territoriais parciais; urban_prop e vegetation_prop reais, demais ausentes marcadas NA como lacuna"
curitiba_00991,curitiba,Curitiba,0.547201,0.256634,NA,NA,NA,NA,datasets/suscetibilidade/susc_features_by_patch_v1.csv,MapBiomas;exposed_soil_prop;water_prop;impervious_proxy,composto de referencia 2022-12-31; nao e janela pre-evento especifica por ocorrencia,parcial,"features territoriais parciais; urban_prop e vegetation_prop reais, demais ausentes marcadas NA como lacuna"
curitiba_00992,curitiba,Curitiba,0.658064,0.173966,NA,NA,NA,NA,datasets/suscetibilidade/susc_features_by_patch_v1.csv,MapBiomas;exposed_soil_prop;water_prop;impervious_proxy,composto de referencia 2022-12-31; nao e janela pre-evento especifica por ocorrencia,parcial,"features territoriais parciais; urban_prop e vegetation_prop reais, demais ausentes marcadas NA como lacuna"
curitiba_00995,curitiba,Curitiba,0.734674,0.142068,NA,NA,NA,NA,datasets/suscetibilidade/susc_features_by_patch_v1.csv,MapBiomas;exposed_soil_prop;water_prop;impervious_proxy,composto de referencia 2022-12-31; nao e janela pre-evento especifica por ocorrencia,parcial,"features territoriais parciais; urban_prop e vegetation_prop reais, demais ausentes marcadas NA como lacuna"
curitiba_01000,curitiba,Curitiba,0.730991,0.157911,NA,NA,NA,NA,datasets/suscetibilidade/susc_features_by_patch_v1.csv,MapBiomas;exposed_soil_prop;water_prop;impervious_proxy,composto de referencia 2022-12-31; nao e janela pre-evento especifica por ocorrencia,parcial,"features territoriais parciais; urban_prop e vegetation_prop reais, demais ausentes marcadas NA como lacuna"
curitiba_01001,curitiba,Curitiba,0.758307,0.157052,NA,NA,NA,NA,datasets/suscetibilidade/susc_features_by_patch_v1.csv,MapBiomas;exposed_soil_prop;water_prop;impervious_proxy,composto de referencia 2022-12-31; nao e janela pre-evento especifica por ocorrencia,parcial,"features territoriais parciais; urban_prop e vegetation_prop reais, demais ausentes marcadas NA como lacuna"
curitiba_01007,curitiba,Curitiba,0.546539,0.133364,NA,NA,NA,NA,datasets/suscetibilidade/susc_features_by_patch_v1.csv,MapBiomas;exposed_soil_prop;water_prop;impervious_proxy,composto de referencia 2022-12-31; nao e janela pre-evento especifica por ocorrencia,parcial,"features territoriais parciais; urban_prop e vegetation_prop reais, demais ausentes marcadas NA como lacuna"
curitiba_01011,curitiba,Curitiba,0.625420,0.091395,NA,NA,NA,NA,datasets/suscetibilidade/susc_features_by_patch_v1.csv,MapBiomas;exposed_soil_prop;water_prop;impervious_proxy,composto de referencia 2022-12-31; nao e janela pre-evento especifica por ocorrencia,parcial,"features territoriais parciais; urban_prop e vegetation_prop reais, demais ausentes marcadas NA como lacuna"
curitiba_01012,curitiba,Curitiba,0.775226,0.035414,NA,NA,NA,NA,datasets/suscetibilidade/susc_features_by_patch_v1.csv,MapBiomas;exposed_soil_prop;water_prop;impervious_proxy,composto de referencia 2022-12-31; nao e janela pre-evento especifica por ocorrencia,parcial,"features territoriais parciais; urban_prop e vegetation_prop reais, demais ausentes marcadas NA como lacuna"
curitiba_01015,curitiba,Curitiba,0.779245,0.000332,NA,NA,NA,NA,datasets/suscetibilidade/susc_features_by_patch_v1.csv,MapBiomas;exposed_soil_prop;water_prop;impervious_proxy,composto de referencia 2022-12-31; nao e janela pre-evento especifica por ocorrencia,parcial,"features territoriais parciais; urban_prop e vegetation_prop reais, demais ausentes marcadas NA como lacuna"
curitiba_01024,curitiba,Curitiba,0.212962,0.380968,NA,NA,NA,NA,datasets/suscetibilidade/susc_features_by_patch_v1.csv,MapBiomas;exposed_soil_prop;water_prop;impervious_proxy,composto de referencia 2022-12-31; nao e janela pre-evento especifica por ocorrencia,parcial,"features territoriais parciais; urban_prop e vegetation_prop reais, demais ausentes marcadas NA como lacuna"
curitiba_01030,curitiba,Curitiba,0.650493,0.225073,NA,NA,NA,NA,datasets/suscetibilidade/susc_features_by_patch_v1.csv,MapBiomas;exposed_soil_prop;water_prop;impervious_proxy,composto de referencia 2022-12-31; nao e janela pre-evento especifica por ocorrencia,parcial,"features territoriais parciais; urban_prop e vegetation_prop reais, demais ausentes marcadas NA como lacuna"
curitiba_01040,curitiba,Curitiba,1.000000,0.000000,NA,NA,NA,NA,datasets/suscetibilidade/susc_features_by_patch_v1.csv,MapBiomas;exposed_soil_prop;water_prop;impervious_proxy,composto de referencia 2022-12-31; nao e janela pre-evento especifica por ocorrencia,parcial,"features territoriais parciais; urban_prop e vegetation_prop reais, demais ausentes marcadas NA como lacuna"
curitiba_01042,curitiba,Curitiba,0.995657,0.004343,NA,NA,NA,NA,datasets/suscetibilidade/susc_features_by_patch_v1.csv,MapBiomas;exposed_soil_prop;water_prop;impervious_proxy,composto de referencia 2022-12-31; nao e janela pre-evento especifica por ocorrencia,parcial,"features territoriais parciais; urban_prop e vegetation_prop reais, demais ausentes marcadas NA como lacuna"
curitiba_01048,curitiba,Curitiba,0.825994,0.040639,NA,NA,NA,NA,datasets/suscetibilidade/susc_features_by_patch_v1.csv,MapBiomas;exposed_soil_prop;water_prop;impervious_proxy,composto de referencia 2022-12-31; nao e janela pre-evento especifica por ocorrencia,parcial,"features territoriais parciais; urban_prop e vegetation_prop reais, demais ausentes marcadas NA como lacuna"
curitiba_01050,curitiba,Curitiba,0.993548,0.000000,NA,NA,NA,NA,datasets/suscetibilidade/susc_features_by_patch_v1.csv,MapBiomas;exposed_soil_prop;water_prop;impervious_proxy,composto de referencia 2022-12-31; nao e janela pre-evento especifica por ocorrencia,parcial,"features territoriais parciais; urban_prop e vegetation_prop reais, demais ausentes marcadas NA como lacuna"
curitiba_01059,curitiba,Curitiba,0.090195,0.612235,NA,NA,NA,NA,datasets/suscetibilidade/susc_features_by_patch_v1.csv,MapBiomas;exposed_soil_prop;water_prop;impervious_proxy,composto de referencia 2022-12-31; nao e janela pre-evento especifica por ocorrencia,parcial,"features territoriais parciais; urban_prop e vegetation_prop reais, demais ausentes marcadas NA como lacuna"
curitiba_01060,curitiba,Curitiba,0.066687,0.484395,NA,NA,NA,NA,datasets/suscetibilidade/susc_features_by_patch_v1.csv,MapBiomas;exposed_soil_prop;water_prop;impervious_proxy,composto de referencia 2022-12-31; nao e janela pre-evento especifica por ocorrencia,parcial,"features territoriais parciais; urban_prop e vegetation_prop reais, demais ausentes marcadas NA como lacuna"
curitiba_01065,curitiba,Curitiba,0.622515,0.253029,NA,NA,NA,NA,datasets/suscetibilidade/susc_features_by_patch_v1.csv,MapBiomas;exposed_soil_prop;water_prop;impervious_proxy,composto de referencia 2022-12-31; nao e janela pre-evento especifica por ocorrencia,parcial,"features territoriais parciais; urban_prop e vegetation_prop reais, demais ausentes marcadas NA como lacuna"
curitiba_01068,curitiba,Curitiba,0.267531,0.551345,NA,NA,NA,NA,datasets/suscetibilidade/susc_features_by_patch_v1.csv,MapBiomas;exposed_soil_prop;water_prop;impervious_proxy,composto de referencia 2022-12-31; nao e janela pre-evento especifica por ocorrencia,parcial,"features territoriais parciais; urban_prop e vegetation_prop reais, demais ausentes marcadas NA como lacuna"
curitiba_01075,curitiba,Curitiba,1.000000,0.000000,NA,NA,NA,NA,datasets/suscetibilidade/susc_features_by_patch_v1.csv,MapBiomas;exposed_soil_prop;water_prop;impervious_proxy,composto de referencia 2022-12-31; nao e janela pre-evento especifica por ocorrencia,parcial,"features territoriais parciais; urban_prop e vegetation_prop reais, demais ausentes marcadas NA como lacuna"
curitiba_01077,curitiba,Curitiba,1.000000,0.000000,NA,NA,NA,NA,datasets/suscetibilidade/susc_features_by_patch_v1.csv,MapBiomas;exposed_soil_prop;water_prop;impervious_proxy,composto de referencia 2022-12-31; nao e janela pre-evento especifica por ocorrencia,parcial,"features territoriais parciais; urban_prop e vegetation_prop reais, demais ausentes marcadas NA como lacuna"
curitiba_01083,curitiba,Curitiba,0.961821,0.004316,NA,NA,NA,NA,datasets/suscetibilidade/susc_features_by_patch_v1.csv,MapBiomas;exposed_soil_prop;water_prop;impervious_proxy,composto de referencia 2022-12-31; nao e janela pre-evento especifica por ocorrencia,parcial,"features territoriais parciais; urban_prop e vegetation_prop reais, demais ausentes marcadas NA como lacuna"
curitiba_01101,curitiba,Curitiba,0.836603,0.131057,NA,NA,NA,NA,datasets/suscetibilidade/susc_features_by_patch_v1.csv,MapBiomas;exposed_soil_prop;water_prop;impervious_proxy,composto de referencia 2022-12-31; nao e janela pre-evento especifica por ocorrencia,parcial,"features territoriais parciais; urban_prop e vegetation_prop reais, demais ausentes marcadas NA como lacuna"
curitiba_01109,curitiba,Curitiba,1.000000,0.000000,NA,NA,NA,NA,datasets/suscetibilidade/susc_features_by_patch_v1.csv,MapBiomas;exposed_soil_prop;water_prop;impervious_proxy,composto de referencia 2022-12-31; nao e janela pre-evento especifica por ocorrencia,parcial,"features territoriais parciais; urban_prop e vegetation_prop reais, demais ausentes marcadas NA como lacuna"
curitiba_01111,curitiba,Curitiba,0.957802,0.014951,NA,NA,NA,NA,datasets/suscetibilidade/susc_features_by_patch_v1.csv,MapBiomas;exposed_soil_prop;water_prop;impervious_proxy,composto de referencia 2022-12-31; nao e janela pre-evento especifica por ocorrencia,parcial,"features territoriais parciais; urban_prop e vegetation_prop reais, demais ausentes marcadas NA como lacuna"
curitiba_01112,curitiba,Curitiba,0.724745,0.074377,NA,NA,NA,NA,datasets/suscetibilidade/susc_features_by_patch_v1.csv,MapBiomas;exposed_soil_prop;water_prop;impervious_proxy,composto de referencia 2022-12-31; nao e janela pre-evento especifica por ocorrencia,parcial,"features territoriais parciais; urban_prop e vegetation_prop reais, demais ausentes marcadas NA como lacuna"
curitiba_01145,curitiba,Curitiba,0.521334,0.156589,NA,NA,NA,NA,datasets/suscetibilidade/susc_features_by_patch_v1.csv,MapBiomas;exposed_soil_prop;water_prop;impervious_proxy,composto de referencia 2022-12-31; nao e janela pre-evento especifica por ocorrencia,parcial,"features territoriais parciais; urban_prop e vegetation_prop reais, demais ausentes marcadas NA como lacuna"
curitiba_01324,curitiba,Curitiba,0.087076,0.694378,NA,NA,NA,NA,datasets/suscetibilidade/susc_features_by_patch_v1.csv,MapBiomas;exposed_soil_prop;water_prop;impervious_proxy,composto de referencia 2022-12-31; nao e janela pre-evento especifica por ocorrencia,parcial,"features territoriais parciais; urban_prop e vegetation_prop reais, demais ausentes marcadas NA como lacuna"
petropolis_00016,petropolis,Petropolis,0.274925,0.234816,NA,NA,NA,NA,datasets/suscetibilidade/susc_features_by_patch_v1.csv,MapBiomas;exposed_soil_prop;water_prop;impervious_proxy,composto de referencia 2022-12-31; nao e janela pre-evento especifica por ocorrencia,parcial,"features territoriais parciais; urban_prop e vegetation_prop reais, demais ausentes marcadas NA como lacuna"
petropolis_00030,petropolis,Petropolis,0.054288,0.170221,NA,NA,NA,NA,datasets/suscetibilidade/susc_features_by_patch_v1.csv,MapBiomas;exposed_soil_prop;water_prop;impervious_proxy,composto de referencia 2022-12-31; nao e janela pre-evento especifica por ocorrencia,parcial,"features territoriais parciais; urban_prop e vegetation_prop reais, demais ausentes marcadas NA como lacuna"
petropolis_00033,petropolis,Petropolis,0.188511,0.105618,NA,NA,NA,NA,datasets/suscetibilidade/susc_features_by_patch_v1.csv,MapBiomas;exposed_soil_prop;water_prop;impervious_proxy,composto de referencia 2022-12-31; nao e janela pre-evento especifica por ocorrencia,parcial,"features territoriais parciais; urban_prop e vegetation_prop reais, demais ausentes marcadas NA como lacuna"
petropolis_00050,petropolis,Petropolis,0.121480,0.217696,NA,NA,NA,NA,datasets/suscetibilidade/susc_features_by_patch_v1.csv,MapBiomas;exposed_soil_prop;water_prop;impervious_proxy,composto de referencia 2022-12-31; nao e janela pre-evento especifica por ocorrencia,parcial,"features territoriais parciais; urban_prop e vegetation_prop reais, demais ausentes marcadas NA como lacuna"
petropolis_00065,petropolis,Petropolis,0.127088,0.452631,NA,NA,NA,NA,datasets/suscetibilidade/susc_features_by_patch_v1.csv,MapBiomas;exposed_soil_prop;water_prop;impervious_proxy,composto de referencia 2022-12-31; nao e janela pre-evento especifica por ocorrencia,parcial,"features territoriais parciais; urban_prop e vegetation_prop reais, demais ausentes marcadas NA como lacuna"
petropolis_00067,petropolis,Petropolis,0.052866,0.303445,NA,NA,NA,NA,datasets/suscetibilidade/susc_features_by_patch_v1.csv,MapBiomas;exposed_soil_prop;water_prop;impervious_proxy,composto de referencia 2022-12-31; nao e janela pre-evento especifica por ocorrencia,parcial,"features territoriais parciais; urban_prop e vegetation_prop reais, demais ausentes marcadas NA como lacuna"
petropolis_00068,petropolis,Petropolis,0.450865,0.115168,NA,NA,NA,NA,datasets/suscetibilidade/susc_features_by_patch_v1.csv,MapBiomas;exposed_soil_prop;water_prop;impervious_proxy,composto de referencia 2022-12-31; nao e janela pre-evento especifica por ocorrencia,parcial,"features territoriais parciais; urban_prop e vegetation_prop reais, demais ausentes marcadas NA como lacuna"
petropolis_00070,petropolis,Petropolis,0.049307,0.095532,NA,NA,NA,NA,datasets/suscetibilidade/susc_features_by_patch_v1.csv,MapBiomas;exposed_soil_prop;water_prop;impervious_proxy,composto de referencia 2022-12-31; nao e janela pre-evento especifica por ocorrencia,parcial,"features territoriais parciais; urban_prop e vegetation_prop reais, demais ausentes marcadas NA como lacuna"
petropolis_00100,petropolis,Petropolis,0.000279,0.152141,NA,NA,NA,NA,datasets/suscetibilidade/susc_features_by_patch_v1.csv,MapBiomas;exposed_soil_prop;water_prop;impervious_proxy,composto de referencia 2022-12-31; nao e janela pre-evento especifica por ocorrencia,parcial,"features territoriais parciais; urban_prop e vegetation_prop reais, demais ausentes marcadas NA como lacuna"
petropolis_00102,petropolis,Petropolis,0.045808,0.397724,NA,NA,NA,NA,datasets/suscetibilidade/susc_features_by_patch_v1.csv,MapBiomas;exposed_soil_prop;water_prop;impervious_proxy,composto de referencia 2022-12-31; nao e janela pre-evento especifica por ocorrencia,parcial,"features territoriais parciais; urban_prop e vegetation_prop reais, demais ausentes marcadas NA como lacuna"
petropolis_00103,petropolis,Petropolis,0.097751,0.559715,NA,NA,NA,NA,datasets/suscetibilidade/susc_features_by_patch_v1.csv,MapBiomas;exposed_soil_prop;water_prop;impervious_proxy,composto de referencia 2022-12-31; nao e janela pre-evento especifica por ocorrencia,parcial,"features territoriais parciais; urban_prop e vegetation_prop reais, demais ausentes marcadas NA como lacuna"
petropolis_00104,petropolis,Petropolis,0.017391,0.142803,NA,NA,NA,NA,datasets/suscetibilidade/susc_features_by_patch_v1.csv,MapBiomas;exposed_soil_prop;water_prop;impervious_proxy,composto de referencia 2022-12-31; nao e janela pre-evento especifica por ocorrencia,parcial,"features territoriais parciais; urban_prop e vegetation_prop reais, demais ausentes marcadas NA como lacuna"
petropolis_00119,petropolis,Petropolis,0.277069,0.449677,NA,NA,NA,NA,datasets/suscetibilidade/susc_features_by_patch_v1.csv,MapBiomas;exposed_soil_prop;water_prop;impervious_proxy,composto de referencia 2022-12-31; nao e janela pre-evento especifica por ocorrencia,parcial,"features territoriais parciais; urban_prop e vegetation_prop reais, demais ausentes marcadas NA como lacuna"
petropolis_00139,petropolis,Petropolis,0.073355,0.392827,NA,NA,NA,NA,datasets/suscetibilidade/susc_features_by_patch_v1.csv,MapBiomas;exposed_soil_prop;water_prop;impervious_proxy,composto de referencia 2022-12-31; nao e janela pre-evento especifica por ocorrencia,parcial,"features territoriais parciais; urban_prop e vegetation_prop reais, demais ausentes marcadas NA como lacuna"
petropolis_00140,petropolis,Petropolis,0.091055,0.218907,NA,NA,NA,NA,datasets/suscetibilidade/susc_features_by_patch_v1.csv,MapBiomas;exposed_soil_prop;water_prop;impervious_proxy,composto de referencia 2022-12-31; nao e janela pre-evento especifica por ocorrencia,parcial,"features territoriais parciais; urban_prop e vegetation_prop reais, demais ausentes marcadas NA como lacuna"
petropolis_00240,petropolis,Petropolis,0.223331,0.715775,NA,NA,NA,NA,datasets/suscetibilidade/susc_features_by_patch_v1.csv,MapBiomas;exposed_soil_prop;water_prop;impervious_proxy,composto de referencia 2022-12-31; nao e janela pre-evento especifica por ocorrencia,parcial,"features territoriais parciais; urban_prop e vegetation_prop reais, demais ausentes marcadas NA como lacuna"
petropolis_00257,petropolis,Petropolis,0.264342,0.513934,NA,NA,NA,NA,datasets/suscetibilidade/susc_features_by_patch_v1.csv,MapBiomas;exposed_soil_prop;water_prop;impervious_proxy,composto de referencia 2022-12-31; nao e janela pre-evento especifica por ocorrencia,parcial,"features territoriais parciais; urban_prop e vegetation_prop reais, demais ausentes marcadas NA como lacuna"
petropolis_00275,petropolis,Petropolis,0.165201,0.725276,NA,NA,NA,NA,datasets/suscetibilidade/susc_features_by_patch_v1.csv,MapBiomas;exposed_soil_prop;water_prop;impervious_proxy,composto de referencia 2022-12-31; nao e janela pre-evento especifica por ocorrencia,parcial,"features territoriais parciais; urban_prop e vegetation_prop reais, demais ausentes marcadas NA como lacuna"
petropolis_00291,petropolis,Petropolis,0.527298,0.270558,NA,NA,NA,NA,datasets/suscetibilidade/susc_features_by_patch_v1.csv,MapBiomas;exposed_soil_prop;water_prop;impervious_proxy,composto de referencia 2022-12-31; nao e janela pre-evento especifica por ocorrencia,parcial,"features territoriais parciais; urban_prop e vegetation_prop reais, demais ausentes marcadas NA como lacuna"
petropolis_00292,petropolis,Petropolis,0.744126,0.183879,NA,NA,NA,NA,datasets/suscetibilidade/susc_features_by_patch_v1.csv,MapBiomas;exposed_soil_prop;water_prop;impervious_proxy,composto de referencia 2022-12-31; nao e janela pre-evento especifica por ocorrencia,parcial,"features territoriais parciais; urban_prop e vegetation_prop reais, demais ausentes marcadas NA como lacuna"
petropolis_00293,petropolis,Petropolis,0.659865,0.278423,NA,NA,NA,NA,datasets/suscetibilidade/susc_features_by_patch_v1.csv,MapBiomas;exposed_soil_prop;water_prop;impervious_proxy,composto de referencia 2022-12-31; nao e janela pre-evento especifica por ocorrencia,parcial,"features territoriais parciais; urban_prop e vegetation_prop reais, demais ausentes marcadas NA como lacuna"
petropolis_00297,petropolis,Petropolis,0.101700,0.745694,NA,NA,NA,NA,datasets/suscetibilidade/susc_features_by_patch_v1.csv,MapBiomas;exposed_soil_prop;water_prop;impervious_proxy,composto de referencia 2022-12-31; nao e janela pre-evento especifica por ocorrencia,parcial,"features territoriais parciais; urban_prop e vegetation_prop reais, demais ausentes marcadas NA como lacuna"
petropolis_00315,petropolis,Petropolis,0.022167,0.465976,NA,NA,NA,NA,datasets/suscetibilidade/susc_features_by_patch_v1.csv,MapBiomas;exposed_soil_prop;water_prop;impervious_proxy,composto de referencia 2022-12-31; nao e janela pre-evento especifica por ocorrencia,parcial,"features territoriais parciais; urban_prop e vegetation_prop reais, demais ausentes marcadas NA como lacuna"
petropolis_00326,petropolis,Petropolis,0.580968,0.187765,NA,NA,NA,NA,datasets/suscetibilidade/susc_features_by_patch_v1.csv,MapBiomas;exposed_soil_prop;water_prop;impervious_proxy,composto de referencia 2022-12-31; nao e janela pre-evento especifica por ocorrencia,parcial,"features territoriais parciais; urban_prop e vegetation_prop reais, demais ausentes marcadas NA como lacuna"
petropolis_00333,petropolis,Petropolis,0.015588,0.812159,NA,NA,NA,NA,datasets/suscetibilidade/susc_features_by_patch_v1.csv,MapBiomas;exposed_soil_prop;water_prop;impervious_proxy,composto de referencia 2022-12-31; nao e janela pre-evento especifica por ocorrencia,parcial,"features territoriais parciais; urban_prop e vegetation_prop reais, demais ausentes marcadas NA como lacuna"
petropolis_00360,petropolis,Petropolis,0.488821,0.310368,NA,NA,NA,NA,datasets/suscetibilidade/susc_features_by_patch_v1.csv,MapBiomas;exposed_soil_prop;water_prop;impervious_proxy,composto de referencia 2022-12-31; nao e janela pre-evento especifica por ocorrencia,parcial,"features territoriais parciais; urban_prop e vegetation_prop reais, demais ausentes marcadas NA como lacuna"
petropolis_00361,petropolis,Petropolis,0.503523,0.394207,NA,NA,NA,NA,datasets/suscetibilidade/susc_features_by_patch_v1.csv,MapBiomas;exposed_soil_prop;water_prop;impervious_proxy,composto de referencia 2022-12-31; nao e janela pre-evento especifica por ocorrencia,parcial,"features territoriais parciais; urban_prop e vegetation_prop reais, demais ausentes marcadas NA como lacuna"
petropolis_00362,petropolis,Petropolis,0.235614,0.640977,NA,NA,NA,NA,datasets/suscetibilidade/susc_features_by_patch_v1.csv,MapBiomas;exposed_soil_prop;water_prop;impervious_proxy,composto de referencia 2022-12-31; nao e janela pre-evento especifica por ocorrencia,parcial,"features territoriais parciais; urban_prop e vegetation_prop reais, demais ausentes marcadas NA como lacuna"
petropolis_00396,petropolis,Petropolis,0.427305,0.408987,NA,NA,NA,NA,datasets/suscetibilidade/susc_features_by_patch_v1.csv,MapBiomas;exposed_soil_prop;water_prop;impervious_proxy,composto de referencia 2022-12-31; nao e janela pre-evento especifica por ocorrencia,parcial,"features territoriais parciais; urban_prop e vegetation_prop reais, demais ausentes marcadas NA como lacuna"
petropolis_00397,petropolis,Petropolis,0.308054,0.465985,NA,NA,NA,NA,datasets/suscetibilidade/susc_features_by_patch_v1.csv,MapBiomas;exposed_soil_prop;water_prop;impervious_proxy,composto de referencia 2022-12-31; nao e janela pre-evento especifica por ocorrencia,parcial,"features territoriais parciais; urban_prop e vegetation_prop reais, demais ausentes marcadas NA como lacuna"
petropolis_00398,petropolis,Petropolis,0.551122,0.339742,NA,NA,NA,NA,datasets/suscetibilidade/susc_features_by_patch_v1.csv,MapBiomas;exposed_soil_prop;water_prop;impervious_proxy,composto de referencia 2022-12-31; nao e janela pre-evento especifica por ocorrencia,parcial,"features territoriais parciais; urban_prop e vegetation_prop reais, demais ausentes marcadas NA como lacuna"
petropolis_00403,petropolis,Petropolis,0.177620,0.267934,NA,NA,NA,NA,datasets/suscetibilidade/susc_features_by_patch_v1.csv,MapBiomas;exposed_soil_prop;water_prop;impervious_proxy,composto de referencia 2022-12-31; nao e janela pre-evento especifica por ocorrencia,parcial,"features territoriais parciais; urban_prop e vegetation_prop reais, demais ausentes marcadas NA como lacuna"
petropolis_00404,petropolis,Petropolis,0.057070,0.287917,NA,NA,NA,NA,datasets/suscetibilidade/susc_features_by_patch_v1.csv,MapBiomas;exposed_soil_prop;water_prop;impervious_proxy,composto de referencia 2022-12-31; nao e janela pre-evento especifica por ocorrencia,parcial,"features territoriais parciais; urban_prop e vegetation_prop reais, demais ausentes marcadas NA como lacuna"
petropolis_00430,petropolis,Petropolis,0.330987,0.465735,NA,NA,NA,NA,datasets/suscetibilidade/susc_features_by_patch_v1.csv,MapBiomas;exposed_soil_prop;water_prop;impervious_proxy,composto de referencia 2022-12-31; nao e janela pre-evento especifica por ocorrencia,parcial,"features territoriais parciais; urban_prop e vegetation_prop reais, demais ausentes marcadas NA como lacuna"
petropolis_00431,petropolis,Petropolis,0.080039,0.797111,NA,NA,NA,NA,datasets/suscetibilidade/susc_features_by_patch_v1.csv,MapBiomas;exposed_soil_prop;water_prop;impervious_proxy,composto de referencia 2022-12-31; nao e janela pre-evento especifica por ocorrencia,parcial,"features territoriais parciais; urban_prop e vegetation_prop reais, demais ausentes marcadas NA como lacuna"
petropolis_00436,petropolis,Petropolis,0.194871,0.662997,NA,NA,NA,NA,datasets/suscetibilidade/susc_features_by_patch_v1.csv,MapBiomas;exposed_soil_prop;water_prop;impervious_proxy,composto de referencia 2022-12-31; nao e janela pre-evento especifica por ocorrencia,parcial,"features territoriais parciais; urban_prop e vegetation_prop reais, demais ausentes marcadas NA como lacuna"
petropolis_00467,petropolis,Petropolis,0.436821,0.395968,NA,NA,NA,NA,datasets/suscetibilidade/susc_features_by_patch_v1.csv,MapBiomas;exposed_soil_prop;water_prop;impervious_proxy,composto de referencia 2022-12-31; nao e janela pre-evento especifica por ocorrencia,parcial,"features territoriais parciais; urban_prop e vegetation_prop reais, demais ausentes marcadas NA como lacuna"
petropolis_00471,petropolis,Petropolis,0.056684,0.603994,NA,NA,NA,NA,datasets/suscetibilidade/susc_features_by_patch_v1.csv,MapBiomas;exposed_soil_prop;water_prop;impervious_proxy,composto de referencia 2022-12-31; nao e janela pre-evento especifica por ocorrencia,parcial,"features territoriais parciais; urban_prop e vegetation_prop reais, demais ausentes marcadas NA como lacuna"
petropolis_00504,petropolis,Petropolis,0.050260,0.648312,NA,NA,NA,NA,datasets/suscetibilidade/susc_features_by_patch_v1.csv,MapBiomas;exposed_soil_prop;water_prop;impervious_proxy,composto de referencia 2022-12-31; nao e janela pre-evento especifica por ocorrencia,parcial,"features territoriais parciais; urban_prop e vegetation_prop reais, demais ausentes marcadas NA como lacuna"
petropolis_00506,petropolis,Petropolis,0.076364,0.488377,NA,NA,NA,NA,datasets/suscetibilidade/susc_features_by_patch_v1.csv,MapBiomas;exposed_soil_prop;water_prop;impervious_proxy,composto de referencia 2022-12-31; nao e janela pre-evento especifica por ocorrencia,parcial,"features territoriais parciais; urban_prop e vegetation_prop reais, demais ausentes marcadas NA como lacuna"
petropolis_00507,petropolis,Petropolis,0.338896,0.315974,NA,NA,NA,NA,datasets/suscetibilidade/susc_features_by_patch_v1.csv,MapBiomas;exposed_soil_prop;water_prop;impervious_proxy,composto de referencia 2022-12-31; nao e janela pre-evento especifica por ocorrencia,parcial,"features territoriais parciais; urban_prop e vegetation_prop reais, demais ausentes marcadas NA como lacuna"
petropolis_00539,petropolis,Petropolis,0.077857,0.602597,NA,NA,NA,NA,datasets/suscetibilidade/susc_features_by_patch_v1.csv,MapBiomas;exposed_soil_prop;water_prop;impervious_proxy,composto de referencia 2022-12-31; nao e janela pre-evento especifica por ocorrencia,parcial,"features territoriais parciais; urban_prop e vegetation_prop reais, demais ausentes marcadas NA como lacuna"
petropolis_00579,petropolis,Petropolis,0.229513,0.336333,NA,NA,NA,NA,datasets/suscetibilidade/susc_features_by_patch_v1.csv,MapBiomas;exposed_soil_prop;water_prop;impervious_proxy,composto de referencia 2022-12-31; nao e janela pre-evento especifica por ocorrencia,parcial,"features territoriais parciais; urban_prop e vegetation_prop reais, demais ausentes marcadas NA como lacuna"
petropolis_00614,petropolis,Petropolis,0.456711,0.249654,NA,NA,NA,NA,datasets/suscetibilidade/susc_features_by_patch_v1.csv,MapBiomas;exposed_soil_prop;water_prop;impervious_proxy,composto de referencia 2022-12-31; nao e janela pre-evento especifica por ocorrencia,parcial,"features territoriais parciais; urban_prop e vegetation_prop reais, demais ausentes marcadas NA como lacuna"
petropolis_00615,petropolis,Petropolis,0.115296,0.367111,NA,NA,NA,NA,datasets/suscetibilidade/susc_features_by_patch_v1.csv,MapBiomas;exposed_soil_prop;water_prop;impervious_proxy,composto de referencia 2022-12-31; nao e janela pre-evento especifica por ocorrencia,parcial,"features territoriais parciais; urban_prop e vegetation_prop reais, demais ausentes marcadas NA como lacuna"
petropolis_00617,petropolis,Petropolis,0.023466,0.376330,NA,NA,NA,NA,datasets/suscetibilidade/susc_features_by_patch_v1.csv,MapBiomas;exposed_soil_prop;water_prop;impervious_proxy,composto de referencia 2022-12-31; nao e janela pre-evento especifica por ocorrencia,parcial,"features territoriais parciais; urban_prop e vegetation_prop reais, demais ausentes marcadas NA como lacuna"
petropolis_00618,petropolis,Petropolis,0.020285,0.451571,NA,NA,NA,NA,datasets/suscetibilidade/susc_features_by_patch_v1.csv,MapBiomas;exposed_soil_prop;water_prop;impervious_proxy,composto de referencia 2022-12-31; nao e janela pre-evento especifica por ocorrencia,parcial,"features territoriais parciais; urban_prop e vegetation_prop reais, demais ausentes marcadas NA como lacuna"
petropolis_00641,petropolis,Petropolis,0.014141,0.949902,NA,NA,NA,NA,datasets/suscetibilidade/susc_features_by_patch_v1.csv,MapBiomas;exposed_soil_prop;water_prop;impervious_proxy,composto de referencia 2022-12-31; nao e janela pre-evento especifica por ocorrencia,parcial,"features territoriais parciais; urban_prop e vegetation_prop reais, demais ausentes marcadas NA como lacuna"
petropolis_00649,petropolis,Petropolis,0.598493,0.245122,NA,NA,NA,NA,datasets/suscetibilidade/susc_features_by_patch_v1.csv,MapBiomas;exposed_soil_prop;water_prop;impervious_proxy,composto de referencia 2022-12-31; nao e janela pre-evento especifica por ocorrencia,parcial,"features territoriais parciais; urban_prop e vegetation_prop reais, demais ausentes marcadas NA como lacuna"
petropolis_00652,petropolis,Petropolis,0.196284,0.546864,NA,NA,NA,NA,datasets/suscetibilidade/susc_features_by_patch_v1.csv,MapBiomas;exposed_soil_prop;water_prop;impervious_proxy,composto de referencia 2022-12-31; nao e janela pre-evento especifica por ocorrencia,parcial,"features territoriais parciais; urban_prop e vegetation_prop reais, demais ausentes marcadas NA como lacuna"
petropolis_00689,petropolis,Petropolis,0.000000,0.920478,NA,NA,NA,NA,datasets/suscetibilidade/susc_features_by_patch_v1.csv,MapBiomas;exposed_soil_prop;water_prop;impervious_proxy,composto de referencia 2022-12-31; nao e janela pre-evento especifica por ocorrencia,parcial,"features territoriais parciais; urban_prop e vegetation_prop reais, demais ausentes marcadas NA como lacuna"
petropolis_00690,petropolis,Petropolis,0.000000,0.719093,NA,NA,NA,NA,datasets/suscetibilidade/susc_features_by_patch_v1.csv,MapBiomas;exposed_soil_prop;water_prop;impervious_proxy,composto de referencia 2022-12-31; nao e janela pre-evento especifica por ocorrencia,parcial,"features territoriais parciais; urban_prop e vegetation_prop reais, demais ausentes marcadas NA como lacuna"
petropolis_00720,petropolis,Petropolis,0.116495,0.565660,NA,NA,NA,NA,datasets/suscetibilidade/susc_features_by_patch_v1.csv,MapBiomas;exposed_soil_prop;water_prop;impervious_proxy,composto de referencia 2022-12-31; nao e janela pre-evento especifica por ocorrencia,parcial,"features territoriais parciais; urban_prop e vegetation_prop reais, demais ausentes marcadas NA como lacuna"
petropolis_00756,petropolis,Petropolis,0.032432,0.319780,NA,NA,NA,NA,datasets/suscetibilidade/susc_features_by_patch_v1.csv,MapBiomas;exposed_soil_prop;water_prop;impervious_proxy,composto de referencia 2022-12-31; nao e janela pre-evento especifica por ocorrencia,parcial,"features territoriais parciais; urban_prop e vegetation_prop reais, demais ausentes marcadas NA como lacuna"
petropolis_00789,petropolis,Petropolis,0.279878,0.272460,NA,NA,NA,NA,datasets/suscetibilidade/susc_features_by_patch_v1.csv,MapBiomas;exposed_soil_prop;water_prop;impervious_proxy,composto de referencia 2022-12-31; nao e janela pre-evento especifica por ocorrencia,parcial,"features territoriais parciais; urban_prop e vegetation_prop reais, demais ausentes marcadas NA como lacuna"
petropolis_00790,petropolis,Petropolis,0.331052,0.339397,NA,NA,NA,NA,datasets/suscetibilidade/susc_features_by_patch_v1.csv,MapBiomas;exposed_soil_prop;water_prop;impervious_proxy,composto de referencia 2022-12-31; nao e janela pre-evento especifica por ocorrencia,parcial,"features territoriais parciais; urban_prop e vegetation_prop reais, demais ausentes marcadas NA como lacuna"
petropolis_00823,petropolis,Petropolis,0.120328,0.518797,NA,NA,NA,NA,datasets/suscetibilidade/susc_features_by_patch_v1.csv,MapBiomas;exposed_soil_prop;water_prop;impervious_proxy,composto de referencia 2022-12-31; nao e janela pre-evento especifica por ocorrencia,parcial,"features territoriais parciais; urban_prop e vegetation_prop reais, demais ausentes marcadas NA como lacuna"
petropolis_00824,petropolis,Petropolis,0.266980,0.343905,NA,NA,NA,NA,datasets/suscetibilidade/susc_features_by_patch_v1.csv,MapBiomas;exposed_soil_prop;water_prop;impervious_proxy,composto de referencia 2022-12-31; nao e janela pre-evento especifica por ocorrencia,parcial,"features territoriais parciais; urban_prop e vegetation_prop reais, demais ausentes marcadas NA como lacuna"
petropolis_00825,petropolis,Petropolis,0.252848,0.530802,NA,NA,NA,NA,datasets/suscetibilidade/susc_features_by_patch_v1.csv,MapBiomas;exposed_soil_prop;water_prop;impervious_proxy,composto de referencia 2022-12-31; nao e janela pre-evento especifica por ocorrencia,parcial,"features territoriais parciais; urban_prop e vegetation_prop reais, demais ausentes marcadas NA como lacuna"
petropolis_00829,petropolis,Petropolis,0.051120,0.531262,NA,NA,NA,NA,datasets/suscetibilidade/susc_features_by_patch_v1.csv,MapBiomas;exposed_soil_prop;water_prop;impervious_proxy,composto de referencia 2022-12-31; nao e janela pre-evento especifica por ocorrencia,parcial,"features territoriais parciais; urban_prop e vegetation_prop reais, demais ausentes marcadas NA como lacuna"
petropolis_00830,petropolis,Petropolis,0.020272,0.424059,NA,NA,NA,NA,datasets/suscetibilidade/susc_features_by_patch_v1.csv,MapBiomas;exposed_soil_prop;water_prop;impervious_proxy,composto de referencia 2022-12-31; nao e janela pre-evento especifica por ocorrencia,parcial,"features territoriais parciais; urban_prop e vegetation_prop reais, demais ausentes marcadas NA como lacuna"
petropolis_00860,petropolis,Petropolis,0.465580,0.293382,NA,NA,NA,NA,datasets/suscetibilidade/susc_features_by_patch_v1.csv,MapBiomas;exposed_soil_prop;water_prop;impervious_proxy,composto de referencia 2022-12-31; nao e janela pre-evento especifica por ocorrencia,parcial,"features territoriais parciais; urban_prop e vegetation_prop reais, demais ausentes marcadas NA como lacuna"
petropolis_00863,petropolis,Petropolis,0.190639,0.358157,NA,NA,NA,NA,datasets/suscetibilidade/susc_features_by_patch_v1.csv,MapBiomas;exposed_soil_prop;water_prop;impervious_proxy,composto de referencia 2022-12-31; nao e janela pre-evento especifica por ocorrencia,parcial,"features territoriais parciais; urban_prop e vegetation_prop reais, demais ausentes marcadas NA como lacuna"
petropolis_00865,petropolis,Petropolis,0.038135,0.353374,NA,NA,NA,NA,datasets/suscetibilidade/susc_features_by_patch_v1.csv,MapBiomas;exposed_soil_prop;water_prop;impervious_proxy,composto de referencia 2022-12-31; nao e janela pre-evento especifica por ocorrencia,parcial,"features territoriais parciais; urban_prop e vegetation_prop reais, demais ausentes marcadas NA como lacuna"
petropolis_00875,petropolis,Petropolis,0.234756,0.369113,NA,NA,NA,NA,datasets/suscetibilidade/susc_features_by_patch_v1.csv,MapBiomas;exposed_soil_prop;water_prop;impervious_proxy,composto de referencia 2022-12-31; nao e janela pre-evento especifica por ocorrencia,parcial,"features territoriais parciais; urban_prop e vegetation_prop reais, demais ausentes marcadas NA como lacuna"
petropolis_00916,petropolis,Petropolis,0.000000,0.063917,NA,NA,NA,NA,datasets/suscetibilidade/susc_features_by_patch_v1.csv,MapBiomas;exposed_soil_prop;water_prop;impervious_proxy,composto de referencia 2022-12-31; nao e janela pre-evento especifica por ocorrencia,parcial,"features territoriais parciais; urban_prop e vegetation_prop reais, demais ausentes marcadas NA como lacuna"
petropolis_00986,petropolis,Petropolis,0.000000,0.598491,NA,NA,NA,NA,datasets/suscetibilidade/susc_features_by_patch_v1.csv,MapBiomas;exposed_soil_prop;water_prop;impervious_proxy,composto de referencia 2022-12-31; nao e janela pre-evento especifica por ocorrencia,parcial,"features territoriais parciais; urban_prop e vegetation_prop reais, demais ausentes marcadas NA como lacuna"
petropolis_01109,petropolis,Petropolis,0.000000,0.785085,NA,NA,NA,NA,datasets/suscetibilidade/susc_features_by_patch_v1.csv,MapBiomas;exposed_soil_prop;water_prop;impervious_proxy,composto de referencia 2022-12-31; nao e janela pre-evento especifica por ocorrencia,parcial,"features territoriais parciais; urban_prop e vegetation_prop reais, demais ausentes marcadas NA como lacuna"
petropolis_01195,petropolis,Petropolis,0.000000,0.315277,NA,NA,NA,NA,datasets/suscetibilidade/susc_features_by_patch_v1.csv,MapBiomas;exposed_soil_prop;water_prop;impervious_proxy,composto de referencia 2022-12-31; nao e janela pre-evento especifica por ocorrencia,parcial,"features territoriais parciais; urban_prop e vegetation_prop reais, demais ausentes marcadas NA como lacuna"
petropolis_01229,petropolis,Petropolis,0.000000,0.186124,NA,NA,NA,NA,datasets/suscetibilidade/susc_features_by_patch_v1.csv,MapBiomas;exposed_soil_prop;water_prop;impervious_proxy,composto de referencia 2022-12-31; nao e janela pre-evento especifica por ocorrencia,parcial,"features territoriais parciais; urban_prop e vegetation_prop reais, demais ausentes marcadas NA como lacuna"
petropolis_01230,petropolis,Petropolis,0.000000,0.556200,NA,NA,NA,NA,datasets/suscetibilidade/susc_features_by_patch_v1.csv,MapBiomas;exposed_soil_prop;water_prop;impervious_proxy,composto de referencia 2022-12-31; nao e janela pre-evento especifica por ocorrencia,parcial,"features territoriais parciais; urban_prop e vegetation_prop reais, demais ausentes marcadas NA como lacuna"
petropolis_01255,petropolis,Petropolis,0.000000,0.641934,NA,NA,NA,NA,datasets/suscetibilidade/susc_features_by_patch_v1.csv,MapBiomas;exposed_soil_prop;water_prop;impervious_proxy,composto de referencia 2022-12-31; nao e janela pre-evento especifica por ocorrencia,parcial,"features territoriais parciais; urban_prop e vegetation_prop reais, demais ausentes marcadas NA como lacuna"
petropolis_01261,petropolis,Petropolis,0.000000,0.181576,NA,NA,NA,NA,datasets/suscetibilidade/susc_features_by_patch_v1.csv,MapBiomas;exposed_soil_prop;water_prop;impervious_proxy,composto de referencia 2022-12-31; nao e janela pre-evento especifica por ocorrencia,parcial,"features territoriais parciais; urban_prop e vegetation_prop reais, demais ausentes marcadas NA como lacuna"
petropolis_01296,petropolis,Petropolis,0.000000,0.016835,NA,NA,NA,NA,datasets/suscetibilidade/susc_features_by_patch_v1.csv,MapBiomas;exposed_soil_prop;water_prop;impervious_proxy,composto de referencia 2022-12-31; nao e janela pre-evento especifica por ocorrencia,parcial,"features territoriais parciais; urban_prop e vegetation_prop reais, demais ausentes marcadas NA como lacuna"
petropolis_01297,petropolis,Petropolis,0.000000,0.336668,NA,NA,NA,NA,datasets/suscetibilidade/susc_features_by_patch_v1.csv,MapBiomas;exposed_soil_prop;water_prop;impervious_proxy,composto de referencia 2022-12-31; nao e janela pre-evento especifica por ocorrencia,parcial,"features territoriais parciais; urban_prop e vegetation_prop reais, demais ausentes marcadas NA como lacuna"
petropolis_01298,petropolis,Petropolis,0.000000,0.253257,NA,NA,NA,NA,datasets/suscetibilidade/susc_features_by_patch_v1.csv,MapBiomas;exposed_soil_prop;water_prop;impervious_proxy,composto de referencia 2022-12-31; nao e janela pre-evento especifica por ocorrencia,parcial,"features territoriais parciais; urban_prop e vegetation_prop reais, demais ausentes marcadas NA como lacuna"
petropolis_01299,petropolis,Petropolis,0.000000,0.115266,NA,NA,NA,NA,datasets/suscetibilidade/susc_features_by_patch_v1.csv,MapBiomas;exposed_soil_prop;water_prop;impervious_proxy,composto de referencia 2022-12-31; nao e janela pre-evento especifica por ocorrencia,parcial,"features territoriais parciais; urban_prop e vegetation_prop reais, demais ausentes marcadas NA como lacuna"
petropolis_01307,petropolis,Petropolis,0.000000,0.709377,NA,NA,NA,NA,datasets/suscetibilidade/susc_features_by_patch_v1.csv,MapBiomas;exposed_soil_prop;water_prop;impervious_proxy,composto de referencia 2022-12-31; nao e janela pre-evento especifica por ocorrencia,parcial,"features territoriais parciais; urban_prop e vegetation_prop reais, demais ausentes marcadas NA como lacuna"
petropolis_01323,petropolis,Petropolis,0.000000,0.480794,NA,NA,NA,NA,datasets/suscetibilidade/susc_features_by_patch_v1.csv,MapBiomas;exposed_soil_prop;water_prop;impervious_proxy,composto de referencia 2022-12-31; nao e janela pre-evento especifica por ocorrencia,parcial,"features territoriais parciais; urban_prop e vegetation_prop reais, demais ausentes marcadas NA como lacuna"
petropolis_01331,petropolis,Petropolis,0.000000,0.398271,NA,NA,NA,NA,datasets/suscetibilidade/susc_features_by_patch_v1.csv,MapBiomas;exposed_soil_prop;water_prop;impervious_proxy,composto de referencia 2022-12-31; nao e janela pre-evento especifica por ocorrencia,parcial,"features territoriais parciais; urban_prop e vegetation_prop reais, demais ausentes marcadas NA como lacuna"
petropolis_01332,petropolis,Petropolis,0.000000,0.467940,NA,NA,NA,NA,datasets/suscetibilidade/susc_features_by_patch_v1.csv,MapBiomas;exposed_soil_prop;water_prop;impervious_proxy,composto de referencia 2022-12-31; nao e janela pre-evento especifica por ocorrencia,parcial,"features territoriais parciais; urban_prop e vegetation_prop reais, demais ausentes marcadas NA como lacuna"
petropolis_01333,petropolis,Petropolis,0.000000,0.272499,NA,NA,NA,NA,datasets/suscetibilidade/susc_features_by_patch_v1.csv,MapBiomas;exposed_soil_prop;water_prop;impervious_proxy,composto de referencia 2022-12-31; nao e janela pre-evento especifica por ocorrencia,parcial,"features territoriais parciais; urban_prop e vegetation_prop reais, demais ausentes marcadas NA como lacuna"
petropolis_01334,petropolis,Petropolis,0.000000,0.174214,NA,NA,NA,NA,datasets/suscetibilidade/susc_features_by_patch_v1.csv,MapBiomas;exposed_soil_prop;water_prop;impervious_proxy,composto de referencia 2022-12-31; nao e janela pre-evento especifica por ocorrencia,parcial,"features territoriais parciais; urban_prop e vegetation_prop reais, demais ausentes marcadas NA como lacuna"
petropolis_01335,petropolis,Petropolis,0.000000,0.281394,NA,NA,NA,NA,datasets/suscetibilidade/susc_features_by_patch_v1.csv,MapBiomas;exposed_soil_prop;water_prop;impervious_proxy,composto de referencia 2022-12-31; nao e janela pre-evento especifica por ocorrencia,parcial,"features territoriais parciais; urban_prop e vegetation_prop reais, demais ausentes marcadas NA como lacuna"
petropolis_01337,petropolis,Petropolis,0.000000,0.464343,NA,NA,NA,NA,datasets/suscetibilidade/susc_features_by_patch_v1.csv,MapBiomas;exposed_soil_prop;water_prop;impervious_proxy,composto de referencia 2022-12-31; nao e janela pre-evento especifica por ocorrencia,parcial,"features territoriais parciais; urban_prop e vegetation_prop reais, demais ausentes marcadas NA como lacuna"
petropolis_01349,petropolis,Petropolis,0.000000,0.902749,NA,NA,NA,NA,datasets/suscetibilidade/susc_features_by_patch_v1.csv,MapBiomas;exposed_soil_prop;water_prop;impervious_proxy,composto de referencia 2022-12-31; nao e janela pre-evento especifica por ocorrencia,parcial,"features territoriais parciais; urban_prop e vegetation_prop reais, demais ausentes marcadas NA como lacuna"
petropolis_01351,petropolis,Petropolis,0.078866,0.546673,NA,NA,NA,NA,datasets/suscetibilidade/susc_features_by_patch_v1.csv,MapBiomas;exposed_soil_prop;water_prop;impervious_proxy,composto de referencia 2022-12-31; nao e janela pre-evento especifica por ocorrencia,parcial,"features territoriais parciais; urban_prop e vegetation_prop reais, demais ausentes marcadas NA como lacuna"
petropolis_01352,petropolis,Petropolis,0.037396,0.553428,NA,NA,NA,NA,datasets/suscetibilidade/susc_features_by_patch_v1.csv,MapBiomas;exposed_soil_prop;water_prop;impervious_proxy,composto de referencia 2022-12-31; nao e janela pre-evento especifica por ocorrencia,parcial,"features territoriais parciais; urban_prop e vegetation_prop reais, demais ausentes marcadas NA como lacuna"
petropolis_01367,petropolis,Petropolis,0.000000,0.415506,NA,NA,NA,NA,datasets/suscetibilidade/susc_features_by_patch_v1.csv,MapBiomas;exposed_soil_prop;water_prop;impervious_proxy,composto de referencia 2022-12-31; nao e janela pre-evento especifica por ocorrencia,parcial,"features territoriais parciais; urban_prop e vegetation_prop reais, demais ausentes marcadas NA como lacuna"
petropolis_01372,petropolis,Petropolis,0.000000,0.373427,NA,NA,NA,NA,datasets/suscetibilidade/susc_features_by_patch_v1.csv,MapBiomas;exposed_soil_prop;water_prop;impervious_proxy,composto de referencia 2022-12-31; nao e janela pre-evento especifica por ocorrencia,parcial,"features territoriais parciais; urban_prop e vegetation_prop reais, demais ausentes marcadas NA como lacuna"
petropolis_01386,petropolis,Petropolis,0.000000,0.659696,NA,NA,NA,NA,datasets/suscetibilidade/susc_features_by_patch_v1.csv,MapBiomas;exposed_soil_prop;water_prop;impervious_proxy,composto de referencia 2022-12-31; nao e janela pre-evento especifica por ocorrencia,parcial,"features territoriais parciais; urban_prop e vegetation_prop reais, demais ausentes marcadas NA como lacuna"
petropolis_01387,petropolis,Petropolis,0.046890,0.208894,NA,NA,NA,NA,datasets/suscetibilidade/susc_features_by_patch_v1.csv,MapBiomas;exposed_soil_prop;water_prop;impervious_proxy,composto de referencia 2022-12-31; nao e janela pre-evento especifica por ocorrencia,parcial,"features territoriais parciais; urban_prop e vegetation_prop reais, demais ausentes marcadas NA como lacuna"
petropolis_01403,petropolis,Petropolis,0.000000,0.578082,NA,NA,NA,NA,datasets/suscetibilidade/susc_features_by_patch_v1.csv,MapBiomas;exposed_soil_prop;water_prop;impervious_proxy,composto de referencia 2022-12-31; nao e janela pre-evento especifica por ocorrencia,parcial,"features territoriais parciais; urban_prop e vegetation_prop reais, demais ausentes marcadas NA como lacuna"
petropolis_01404,petropolis,Petropolis,0.000000,0.133566,NA,NA,NA,NA,datasets/suscetibilidade/susc_features_by_patch_v1.csv,MapBiomas;exposed_soil_prop;water_prop;impervious_proxy,composto de referencia 2022-12-31; nao e janela pre-evento especifica por ocorrencia,parcial,"features territoriais parciais; urban_prop e vegetation_prop reais, demais ausentes marcadas NA como lacuna"
petropolis_01405,petropolis,Petropolis,0.000000,0.547628,NA,NA,NA,NA,datasets/suscetibilidade/susc_features_by_patch_v1.csv,MapBiomas;exposed_soil_prop;water_prop;impervious_proxy,composto de referencia 2022-12-31; nao e janela pre-evento especifica por ocorrencia,parcial,"features territoriais parciais; urban_prop e vegetation_prop reais, demais ausentes marcadas NA como lacuna"
petropolis_01458,petropolis,Petropolis,0.079680,0.358608,NA,NA,NA,NA,datasets/suscetibilidade/susc_features_by_patch_v1.csv,MapBiomas;exposed_soil_prop;water_prop;impervious_proxy,composto de referencia 2022-12-31; nao e janela pre-evento especifica por ocorrencia,parcial,"features territoriais parciais; urban_prop e vegetation_prop reais, demais ausentes marcadas NA como lacuna"
petropolis_01478,petropolis,Petropolis,0.000000,0.600109,NA,NA,NA,NA,datasets/suscetibilidade/susc_features_by_patch_v1.csv,MapBiomas;exposed_soil_prop;water_prop;impervious_proxy,composto de referencia 2022-12-31; nao e janela pre-evento especifica por ocorrencia,parcial,"features territoriais parciais; urban_prop e vegetation_prop reais, demais ausentes marcadas NA como lacuna"
petropolis_01483,petropolis,Petropolis,0.025931,0.183299,NA,NA,NA,NA,datasets/suscetibilidade/susc_features_by_patch_v1.csv,MapBiomas;exposed_soil_prop;water_prop;impervious_proxy,composto de referencia 2022-12-31; nao e janela pre-evento especifica por ocorrencia,parcial,"features territoriais parciais; urban_prop e vegetation_prop reais, demais ausentes marcadas NA como lacuna"
petropolis_01488,petropolis,Petropolis,0.000000,0.126041,NA,NA,NA,NA,datasets/suscetibilidade/susc_features_by_patch_v1.csv,MapBiomas;exposed_soil_prop;water_prop;impervious_proxy,composto de referencia 2022-12-31; nao e janela pre-evento especifica por ocorrencia,parcial,"features territoriais parciais; urban_prop e vegetation_prop reais, demais ausentes marcadas NA como lacuna"
petropolis_01495,petropolis,Petropolis,0.019536,0.089825,NA,NA,NA,NA,datasets/suscetibilidade/susc_features_by_patch_v1.csv,MapBiomas;exposed_soil_prop;water_prop;impervious_proxy,composto de referencia 2022-12-31; nao e janela pre-evento especifica por ocorrencia,parcial,"features territoriais parciais; urban_prop e vegetation_prop reais, demais ausentes marcadas NA como lacuna"
recife_00004,recife,Recife,0.000000,0.240585,NA,NA,NA,NA,datasets/suscetibilidade/susc_features_by_patch_v1.csv,MapBiomas;exposed_soil_prop;water_prop;impervious_proxy,composto de referencia 2022-12-31; nao e janela pre-evento especifica por ocorrencia,parcial,"features territoriais parciais; urban_prop e vegetation_prop reais, demais ausentes marcadas NA como lacuna"
recife_00007,recife,Recife,0.000000,0.499613,NA,NA,NA,NA,datasets/suscetibilidade/susc_features_by_patch_v1.csv,MapBiomas;exposed_soil_prop;water_prop;impervious_proxy,composto de referencia 2022-12-31; nao e janela pre-evento especifica por ocorrencia,parcial,"features territoriais parciais; urban_prop e vegetation_prop reais, demais ausentes marcadas NA como lacuna"
recife_00019,recife,Recife,0.080087,0.825584,NA,NA,NA,NA,datasets/suscetibilidade/susc_features_by_patch_v1.csv,MapBiomas;exposed_soil_prop;water_prop;impervious_proxy,composto de referencia 2022-12-31; nao e janela pre-evento especifica por ocorrencia,parcial,"features territoriais parciais; urban_prop e vegetation_prop reais, demais ausentes marcadas NA como lacuna"
recife_00030,recife,Recife,0.000000,0.194868,NA,NA,NA,NA,datasets/suscetibilidade/susc_features_by_patch_v1.csv,MapBiomas;exposed_soil_prop;water_prop;impervious_proxy,composto de referencia 2022-12-31; nao e janela pre-evento especifica por ocorrencia,parcial,"features territoriais parciais; urban_prop e vegetation_prop reais, demais ausentes marcadas NA como lacuna"
recife_00033,recife,Recife,0.000000,0.340881,NA,NA,NA,NA,datasets/suscetibilidade/susc_features_by_patch_v1.csv,MapBiomas;exposed_soil_prop;water_prop;impervious_proxy,composto de referencia 2022-12-31; nao e janela pre-evento especifica por ocorrencia,parcial,"features territoriais parciais; urban_prop e vegetation_prop reais, demais ausentes marcadas NA como lacuna"
recife_00053,recife,Recife,0.000000,0.029590,NA,NA,NA,NA,datasets/suscetibilidade/susc_features_by_patch_v1.csv,MapBiomas;exposed_soil_prop;water_prop;impervious_proxy,composto de referencia 2022-12-31; nao e janela pre-evento especifica por ocorrencia,parcial,"features territoriais parciais; urban_prop e vegetation_prop reais, demais ausentes marcadas NA como lacuna"
recife_00055,recife,Recife,0.000000,0.506251,NA,NA,NA,NA,datasets/suscetibilidade/susc_features_by_patch_v1.csv,MapBiomas;exposed_soil_prop;water_prop;impervious_proxy,composto de referencia 2022-12-31; nao e janela pre-evento especifica por ocorrencia,parcial,"features territoriais parciais; urban_prop e vegetation_prop reais, demais ausentes marcadas NA como lacuna"
recife_00080,recife,Recife,0.000000,0.202178,NA,NA,NA,NA,datasets/suscetibilidade/susc_features_by_patch_v1.csv,MapBiomas;exposed_soil_prop;water_prop;impervious_proxy,composto de referencia 2022-12-31; nao e janela pre-evento especifica por ocorrencia,parcial,"features territoriais parciais; urban_prop e vegetation_prop reais, demais ausentes marcadas NA como lacuna"
recife_00131,recife,Recife,0.020005,0.187372,NA,NA,NA,NA,datasets/suscetibilidade/susc_features_by_patch_v1.csv,MapBiomas;exposed_soil_prop;water_prop;impervious_proxy,composto de referencia 2022-12-31; nao e janela pre-evento especifica por ocorrencia,parcial,"features territoriais parciais; urban_prop e vegetation_prop reais, demais ausentes marcadas NA como lacuna"
recife_00132,recife,Recife,0.128637,0.201204,NA,NA,NA,NA,datasets/suscetibilidade/susc_features_by_patch_v1.csv,MapBiomas;exposed_soil_prop;water_prop;impervious_proxy,composto de referencia 2022-12-31; nao e janela pre-evento especifica por ocorrencia,parcial,"features territoriais parciais; urban_prop e vegetation_prop reais, demais ausentes marcadas NA como lacuna"
recife_00136,recife,Recife,0.032318,0.384739,NA,NA,NA,NA,datasets/suscetibilidade/susc_features_by_patch_v1.csv,MapBiomas;exposed_soil_prop;water_prop;impervious_proxy,composto de referencia 2022-12-31; nao e janela pre-evento especifica por ocorrencia,parcial,"features territoriais parciais; urban_prop e vegetation_prop reais, demais ausentes marcadas NA como lacuna"
recife_00183,recife,Recife,0.362012,0.026367,NA,NA,NA,NA,datasets/suscetibilidade/susc_features_by_patch_v1.csv,MapBiomas;exposed_soil_prop;water_prop;impervious_proxy,composto de referencia 2022-12-31; nao e janela pre-evento especifica por ocorrencia,parcial,"features territoriais parciais; urban_prop e vegetation_prop reais, demais ausentes marcadas NA como lacuna"
recife_00191,recife,Recife,0.000000,0.288156,NA,NA,NA,NA,datasets/suscetibilidade/susc_features_by_patch_v1.csv,MapBiomas;exposed_soil_prop;water_prop;impervious_proxy,composto de referencia 2022-12-31; nao e janela pre-evento especifica por ocorrencia,parcial,"features territoriais parciais; urban_prop e vegetation_prop reais, demais ausentes marcadas NA como lacuna"
recife_00204,recife,Recife,0.513674,0.026099,NA,NA,NA,NA,datasets/suscetibilidade/susc_features_by_patch_v1.csv,MapBiomas;exposed_soil_prop;water_prop;impervious_proxy,composto de referencia 2022-12-31; nao e janela pre-evento especifica por ocorrencia,parcial,"features territoriais parciais; urban_prop e vegetation_prop reais, demais ausentes marcadas NA como lacuna"
recife_00205,recife,Recife,0.551632,0.040964,NA,NA,NA,NA,datasets/suscetibilidade/susc_features_by_patch_v1.csv,MapBiomas;exposed_soil_prop;water_prop;impervious_proxy,composto de referencia 2022-12-31; nao e janela pre-evento especifica por ocorrencia,parcial,"features territoriais parciais; urban_prop e vegetation_prop reais, demais ausentes marcadas NA como lacuna"
recife_00222,recife,Recife,0.131060,0.241374,NA,NA,NA,NA,datasets/suscetibilidade/susc_features_by_patch_v1.csv,MapBiomas;exposed_soil_prop;water_prop;impervious_proxy,composto de referencia 2022-12-31; nao e janela pre-evento especifica por ocorrencia,parcial,"features territoriais parciais; urban_prop e vegetation_prop reais, demais ausentes marcadas NA como lacuna"
recife_00224,recife,Recife,0.081818,0.140810,NA,NA,NA,NA,datasets/suscetibilidade/susc_features_by_patch_v1.csv,MapBiomas;exposed_soil_prop;water_prop;impervious_proxy,composto de referencia 2022-12-31; nao e janela pre-evento especifica por ocorrencia,parcial,"features territoriais parciais; urban_prop e vegetation_prop reais, demais ausentes marcadas NA como lacuna"
recife_00227,recife,Recife,0.572637,0.000909,NA,NA,NA,NA,datasets/suscetibilidade/susc_features_by_patch_v1.csv,MapBiomas;exposed_soil_prop;water_prop;impervious_proxy,composto de referencia 2022-12-31; nao e janela pre-evento especifica por ocorrencia,parcial,"features territoriais parciais; urban_prop e vegetation_prop reais, demais ausentes marcadas NA como lacuna"
recife_00228,recife,Recife,0.731984,0.045505,NA,NA,NA,NA,datasets/suscetibilidade/susc_features_by_patch_v1.csv,MapBiomas;exposed_soil_prop;water_prop;impervious_proxy,composto de referencia 2022-12-31; nao e janela pre-evento especifica por ocorrencia,parcial,"features territoriais parciais; urban_prop e vegetation_prop reais, demais ausentes marcadas NA como lacuna"
recife_00229,recife,Recife,0.418037,0.009091,NA,NA,NA,NA,datasets/suscetibilidade/susc_features_by_patch_v1.csv,MapBiomas;exposed_soil_prop;water_prop;impervious_proxy,composto de referencia 2022-12-31; nao e janela pre-evento especifica por ocorrencia,parcial,"features territoriais parciais; urban_prop e vegetation_prop reais, demais ausentes marcadas NA como lacuna"
recife_00243,recife,Recife,0.118521,0.041823,NA,NA,NA,NA,datasets/suscetibilidade/susc_features_by_patch_v1.csv,MapBiomas;exposed_soil_prop;water_prop;impervious_proxy,composto de referencia 2022-12-31; nao e janela pre-evento especifica por ocorrencia,parcial,"features territoriais parciais; urban_prop e vegetation_prop reais, demais ausentes marcadas NA como lacuna"
recife_00245,recife,Recife,0.128147,0.146077,NA,NA,NA,NA,datasets/suscetibilidade/susc_features_by_patch_v1.csv,MapBiomas;exposed_soil_prop;water_prop;impervious_proxy,composto de referencia 2022-12-31; nao e janela pre-evento especifica por ocorrencia,parcial,"features territoriais parciais; urban_prop e vegetation_prop reais, demais ausentes marcadas NA como lacuna"
recife_00247,recife,Recife,0.000000,0.147134,NA,NA,NA,NA,datasets/suscetibilidade/susc_features_by_patch_v1.csv,MapBiomas;exposed_soil_prop;water_prop;impervious_proxy,composto de referencia 2022-12-31; nao e janela pre-evento especifica por ocorrencia,parcial,"features territoriais parciais; urban_prop e vegetation_prop reais, demais ausentes marcadas NA como lacuna"
recife_00250,recife,Recife,0.365952,0.179548,NA,NA,NA,NA,datasets/suscetibilidade/susc_features_by_patch_v1.csv,MapBiomas;exposed_soil_prop;water_prop;impervious_proxy,composto de referencia 2022-12-31; nao e janela pre-evento especifica por ocorrencia,parcial,"features territoriais parciais; urban_prop e vegetation_prop reais, demais ausentes marcadas NA como lacuna"
recife_00260,recife,Recife,0.502316,0.031818,NA,NA,NA,NA,datasets/suscetibilidade/susc_features_by_patch_v1.csv,MapBiomas;exposed_soil_prop;water_prop;impervious_proxy,composto de referencia 2022-12-31; nao e janela pre-evento especifica por ocorrencia,parcial,"features territoriais parciais; urban_prop e vegetation_prop reais, demais ausentes marcadas NA como lacuna"
recife_00266,recife,Recife,0.018767,0.048182,NA,NA,NA,NA,datasets/suscetibilidade/susc_features_by_patch_v1.csv,MapBiomas;exposed_soil_prop;water_prop;impervious_proxy,composto de referencia 2022-12-31; nao e janela pre-evento especifica por ocorrencia,parcial,"features territoriais parciais; urban_prop e vegetation_prop reais, demais ausentes marcadas NA como lacuna"
recife_00267,recife,Recife,0.806801,0.000000,NA,NA,NA,NA,datasets/suscetibilidade/susc_features_by_patch_v1.csv,MapBiomas;exposed_soil_prop;water_prop;impervious_proxy,composto de referencia 2022-12-31; nao e janela pre-evento especifica por ocorrencia,parcial,"features territoriais parciais; urban_prop e vegetation_prop reais, demais ausentes marcadas NA como lacuna"
recife_00268,recife,Recife,0.723870,0.004545,NA,NA,NA,NA,datasets/suscetibilidade/susc_features_by_patch_v1.csv,MapBiomas;exposed_soil_prop;water_prop;impervious_proxy,composto de referencia 2022-12-31; nao e janela pre-evento especifica por ocorrencia,parcial,"features territoriais parciais; urban_prop e vegetation_prop reais, demais ausentes marcadas NA como lacuna"
recife_00270,recife,Recife,0.000000,0.148393,NA,NA,NA,NA,datasets/suscetibilidade/susc_features_by_patch_v1.csv,MapBiomas;exposed_soil_prop;water_prop;impervious_proxy,composto de referencia 2022-12-31; nao e janela pre-evento especifica por ocorrencia,parcial,"features territoriais parciais; urban_prop e vegetation_prop reais, demais ausentes marcadas NA como lacuna"
recife_00271,recife,Recife,0.054564,0.175427,NA,NA,NA,NA,datasets/suscetibilidade/susc_features_by_patch_v1.csv,MapBiomas;exposed_soil_prop;water_prop;impervious_proxy,composto de referencia 2022-12-31; nao e janela pre-evento especifica por ocorrencia,parcial,"features territoriais parciais; urban_prop e vegetation_prop reais, demais ausentes marcadas NA como lacuna"
recife_00276,recife,Recife,1.000000,0.000000,NA,NA,NA,NA,datasets/suscetibilidade/susc_features_by_patch_v1.csv,MapBiomas;exposed_soil_prop;water_prop;impervious_proxy,composto de referencia 2022-12-31; nao e janela pre-evento especifica por ocorrencia,parcial,"features territoriais parciais; urban_prop e vegetation_prop reais, demais ausentes marcadas NA como lacuna"
recife_00279,recife,Recife,0.181976,0.165481,NA,NA,NA,NA,datasets/suscetibilidade/susc_features_by_patch_v1.csv,MapBiomas;exposed_soil_prop;water_prop;impervious_proxy,composto de referencia 2022-12-31; nao e janela pre-evento especifica por ocorrencia,parcial,"features territoriais parciais; urban_prop e vegetation_prop reais, demais ausentes marcadas NA como lacuna"
recife_00284,recife,Recife,0.411542,0.183377,NA,NA,NA,NA,datasets/suscetibilidade/susc_features_by_patch_v1.csv,MapBiomas;exposed_soil_prop;water_prop;impervious_proxy,composto de referencia 2022-12-31; nao e janela pre-evento especifica por ocorrencia,parcial,"features territoriais parciais; urban_prop e vegetation_prop reais, demais ausentes marcadas NA como lacuna"
recife_00289,recife,Recife,0.195826,0.013636,NA,NA,NA,NA,datasets/suscetibilidade/susc_features_by_patch_v1.csv,MapBiomas;exposed_soil_prop;water_prop;impervious_proxy,composto de referencia 2022-12-31; nao e janela pre-evento especifica por ocorrencia,parcial,"features territoriais parciais; urban_prop e vegetation_prop reais, demais ausentes marcadas NA como lacuna"
recife_00290,recife,Recife,0.587974,0.025455,NA,NA,NA,NA,datasets/suscetibilidade/susc_features_by_patch_v1.csv,MapBiomas;exposed_soil_prop;water_prop;impervious_proxy,composto de referencia 2022-12-31; nao e janela pre-evento especifica por ocorrencia,parcial,"features territoriais parciais; urban_prop e vegetation_prop reais, demais ausentes marcadas NA como lacuna"
recife_00291,recife,Recife,0.998788,0.000000,NA,NA,NA,NA,datasets/suscetibilidade/susc_features_by_patch_v1.csv,MapBiomas;exposed_soil_prop;water_prop;impervious_proxy,composto de referencia 2022-12-31; nao e janela pre-evento especifica por ocorrencia,parcial,"features territoriais parciais; urban_prop e vegetation_prop reais, demais ausentes marcadas NA como lacuna"
recife_00292,recife,Recife,0.484052,0.050047,NA,NA,NA,NA,datasets/suscetibilidade/susc_features_by_patch_v1.csv,MapBiomas;exposed_soil_prop;water_prop;impervious_proxy,composto de referencia 2022-12-31; nao e janela pre-evento especifica por ocorrencia,parcial,"features territoriais parciais; urban_prop e vegetation_prop reais, demais ausentes marcadas NA como lacuna"
recife_00293,recife,Recife,0.061690,0.076410,NA,NA,NA,NA,datasets/suscetibilidade/susc_features_by_patch_v1.csv,MapBiomas;exposed_soil_prop;water_prop;impervious_proxy,composto de referencia 2022-12-31; nao e janela pre-evento especifica por ocorrencia,parcial,"features territoriais parciais; urban_prop e vegetation_prop reais, demais ausentes marcadas NA como lacuna"
recife_00294,recife,Recife,0.388217,0.201566,NA,NA,NA,NA,datasets/suscetibilidade/susc_features_by_patch_v1.csv,MapBiomas;exposed_soil_prop;water_prop;impervious_proxy,composto de referencia 2022-12-31; nao e janela pre-evento especifica por ocorrencia,parcial,"features territoriais parciais; urban_prop e vegetation_prop reais, demais ausentes marcadas NA como lacuna"
recife_00296,recife,Recife,0.174375,0.074129,NA,NA,NA,NA,datasets/suscetibilidade/susc_features_by_patch_v1.csv,MapBiomas;exposed_soil_prop;water_prop;impervious_proxy,composto de referencia 2022-12-31; nao e janela pre-evento especifica por ocorrencia,parcial,"features territoriais parciais; urban_prop e vegetation_prop reais, demais ausentes marcadas NA como lacuna"
recife_00299,recife,Recife,1.000000,0.000000,NA,NA,NA,NA,datasets/suscetibilidade/susc_features_by_patch_v1.csv,MapBiomas;exposed_soil_prop;water_prop;impervious_proxy,composto de referencia 2022-12-31; nao e janela pre-evento especifica por ocorrencia,parcial,"features territoriais parciais; urban_prop e vegetation_prop reais, demais ausentes marcadas NA como lacuna"
recife_00302,recife,Recife,0.086207,0.136062,NA,NA,NA,NA,datasets/suscetibilidade/susc_features_by_patch_v1.csv,MapBiomas;exposed_soil_prop;water_prop;impervious_proxy,composto de referencia 2022-12-31; nao e janela pre-evento especifica por ocorrencia,parcial,"features territoriais parciais; urban_prop e vegetation_prop reais, demais ausentes marcadas NA como lacuna"
recife_00306,recife,Recife,0.183081,0.104767,NA,NA,NA,NA,datasets/suscetibilidade/susc_features_by_patch_v1.csv,MapBiomas;exposed_soil_prop;water_prop;impervious_proxy,composto de referencia 2022-12-31; nao e janela pre-evento especifica por ocorrencia,parcial,"features territoriais parciais; urban_prop e vegetation_prop reais, demais ausentes marcadas NA como lacuna"
recife_00311,recife,Recife,0.059369,0.121006,NA,NA,NA,NA,datasets/suscetibilidade/susc_features_by_patch_v1.csv,MapBiomas;exposed_soil_prop;water_prop;impervious_proxy,composto de referencia 2022-12-31; nao e janela pre-evento especifica por ocorrencia,parcial,"features territoriais parciais; urban_prop e vegetation_prop reais, demais ausentes marcadas NA como lacuna"
recife_00313,recife,Recife,0.261409,0.037854,NA,NA,NA,NA,datasets/suscetibilidade/susc_features_by_patch_v1.csv,MapBiomas;exposed_soil_prop;water_prop;impervious_proxy,composto de referencia 2022-12-31; nao e janela pre-evento especifica por ocorrencia,parcial,"features territoriais parciais; urban_prop e vegetation_prop reais, demais ausentes marcadas NA como lacuna"
recife_00314,recife,Recife,0.922609,0.007016,NA,NA,NA,NA,datasets/suscetibilidade/susc_features_by_patch_v1.csv,MapBiomas;exposed_soil_prop;water_prop;impervious_proxy,composto de referencia 2022-12-31; nao e janela pre-evento especifica por ocorrencia,parcial,"features territoriais parciais; urban_prop e vegetation_prop reais, demais ausentes marcadas NA como lacuna"
recife_00316,recife,Recife,0.461036,0.289377,NA,NA,NA,NA,datasets/suscetibilidade/susc_features_by_patch_v1.csv,MapBiomas;exposed_soil_prop;water_prop;impervious_proxy,composto de referencia 2022-12-31; nao e janela pre-evento especifica por ocorrencia,parcial,"features territoriais parciais; urban_prop e vegetation_prop reais, demais ausentes marcadas NA como lacuna"
recife_00317,recife,Recife,0.374234,0.154030,NA,NA,NA,NA,datasets/suscetibilidade/susc_features_by_patch_v1.csv,MapBiomas;exposed_soil_prop;water_prop;impervious_proxy,composto de referencia 2022-12-31; nao e janela pre-evento especifica por ocorrencia,parcial,"features territoriais parciais; urban_prop e vegetation_prop reais, demais ausentes marcadas NA como lacuna"
recife_00322,recife,Recife,0.653186,0.120104,NA,NA,NA,NA,datasets/suscetibilidade/susc_features_by_patch_v1.csv,MapBiomas;exposed_soil_prop;water_prop;impervious_proxy,composto de referencia 2022-12-31; nao e janela pre-evento especifica por ocorrencia,parcial,"features territoriais parciais; urban_prop e vegetation_prop reais, demais ausentes marcadas NA como lacuna"
recife_00330,recife,Recife,0.055455,0.353934,NA,NA,NA,NA,datasets/suscetibilidade/susc_features_by_patch_v1.csv,MapBiomas;exposed_soil_prop;water_prop;impervious_proxy,composto de referencia 2022-12-31; nao e janela pre-evento especifica por ocorrencia,parcial,"features territoriais parciais; urban_prop e vegetation_prop reais, demais ausentes marcadas NA como lacuna"
recife_00331,recife,Recife,0.077690,0.155031,NA,NA,NA,NA,datasets/suscetibilidade/susc_features_by_patch_v1.csv,MapBiomas;exposed_soil_prop;water_prop;impervious_proxy,composto de referencia 2022-12-31; nao e janela pre-evento especifica por ocorrencia,parcial,"features territoriais parciais; urban_prop e vegetation_prop reais, demais ausentes marcadas NA como lacuna"
recife_00333,recife,Recife,0.099091,0.086995,NA,NA,NA,NA,datasets/suscetibilidade/susc_features_by_patch_v1.csv,MapBiomas;exposed_soil_prop;water_prop;impervious_proxy,composto de referencia 2022-12-31; nao e janela pre-evento especifica por ocorrencia,parcial,"features territoriais parciais; urban_prop e vegetation_prop reais, demais ausentes marcadas NA como lacuna"
recife_00335,recife,Recife,0.088788,0.022563,NA,NA,NA,NA,datasets/suscetibilidade/susc_features_by_patch_v1.csv,MapBiomas;exposed_soil_prop;water_prop;impervious_proxy,composto de referencia 2022-12-31; nao e janela pre-evento especifica por ocorrencia,parcial,"features territoriais parciais; urban_prop e vegetation_prop reais, demais ausentes marcadas NA como lacuna"
recife_00337,recife,Recife,0.651862,0.029954,NA,NA,NA,NA,datasets/suscetibilidade/susc_features_by_patch_v1.csv,MapBiomas;exposed_soil_prop;water_prop;impervious_proxy,composto de referencia 2022-12-31; nao e janela pre-evento especifica por ocorrencia,parcial,"features territoriais parciais; urban_prop e vegetation_prop reais, demais ausentes marcadas NA como lacuna"
recife_00338,recife,Recife,0.180910,0.757878,NA,NA,NA,NA,datasets/suscetibilidade/susc_features_by_patch_v1.csv,MapBiomas;exposed_soil_prop;water_prop;impervious_proxy,composto de referencia 2022-12-31; nao e janela pre-evento especifica por ocorrencia,parcial,"features territoriais parciais; urban_prop e vegetation_prop reais, demais ausentes marcadas NA como lacuna"
recife_00344,recife,Recife,0.148357,0.780238,NA,NA,NA,NA,datasets/suscetibilidade/susc_features_by_patch_v1.csv,MapBiomas;exposed_soil_prop;water_prop;impervious_proxy,composto de referencia 2022-12-31; nao e janela pre-evento especifica por ocorrencia,parcial,"features territoriais parciais; urban_prop e vegetation_prop reais, demais ausentes marcadas NA como lacuna"
recife_00354,recife,Recife,0.009583,0.255098,NA,NA,NA,NA,datasets/suscetibilidade/susc_features_by_patch_v1.csv,MapBiomas;exposed_soil_prop;water_prop;impervious_proxy,composto de referencia 2022-12-31; nao e janela pre-evento especifica por ocorrencia,parcial,"features territoriais parciais; urban_prop e vegetation_prop reais, demais ausentes marcadas NA como lacuna"
recife_00355,recife,Recife,0.004406,0.066364,NA,NA,NA,NA,datasets/suscetibilidade/susc_features_by_patch_v1.csv,MapBiomas;exposed_soil_prop;water_prop;impervious_proxy,composto de referencia 2022-12-31; nao e janela pre-evento especifica por ocorrencia,parcial,"features territoriais parciais; urban_prop e vegetation_prop reais, demais ausentes marcadas NA como lacuna"
recife_00356,recife,Recife,0.013636,0.046317,NA,NA,NA,NA,datasets/suscetibilidade/susc_features_by_patch_v1.csv,MapBiomas;exposed_soil_prop;water_prop;impervious_proxy,composto de referencia 2022-12-31; nao e janela pre-evento especifica por ocorrencia,parcial,"features territoriais parciais; urban_prop e vegetation_prop reais, demais ausentes marcadas NA como lacuna"
recife_00357,recife,Recife,0.044545,0.039907,NA,NA,NA,NA,datasets/suscetibilidade/susc_features_by_patch_v1.csv,MapBiomas;exposed_soil_prop;water_prop;impervious_proxy,composto de referencia 2022-12-31; nao e janela pre-evento especifica por ocorrencia,parcial,"features territoriais parciais; urban_prop e vegetation_prop reais, demais ausentes marcadas NA como lacuna"
recife_00363,recife,Recife,0.038235,0.577608,NA,NA,NA,NA,datasets/suscetibilidade/susc_features_by_patch_v1.csv,MapBiomas;exposed_soil_prop;water_prop;impervious_proxy,composto de referencia 2022-12-31; nao e janela pre-evento especifica por ocorrencia,parcial,"features territoriais parciais; urban_prop e vegetation_prop reais, demais ausentes marcadas NA como lacuna"
recife_00364,recife,Recife,0.248211,0.416169,NA,NA,NA,NA,datasets/suscetibilidade/susc_features_by_patch_v1.csv,MapBiomas;exposed_soil_prop;water_prop;impervious_proxy,composto de referencia 2022-12-31; nao e janela pre-evento especifica por ocorrencia,parcial,"features territoriais parciais; urban_prop e vegetation_prop reais, demais ausentes marcadas NA como lacuna"
recife_00386,recife,Recife,0.772279,0.058596,NA,NA,NA,NA,datasets/suscetibilidade/susc_features_by_patch_v1.csv,MapBiomas;exposed_soil_prop;water_prop;impervious_proxy,composto de referencia 2022-12-31; nao e janela pre-evento especifica por ocorrencia,parcial,"features territoriais parciais; urban_prop e vegetation_prop reais, demais ausentes marcadas NA como lacuna"
recife_00388,recife,Recife,0.957588,0.000000,NA,NA,NA,NA,datasets/suscetibilidade/susc_features_by_patch_v1.csv,MapBiomas;exposed_soil_prop;water_prop;impervious_proxy,composto de referencia 2022-12-31; nao e janela pre-evento especifica por ocorrencia,parcial,"features territoriais parciais; urban_prop e vegetation_prop reais, demais ausentes marcadas NA como lacuna"
recife_00410,recife,Recife,0.690147,0.070006,NA,NA,NA,NA,datasets/suscetibilidade/susc_features_by_patch_v1.csv,MapBiomas;exposed_soil_prop;water_prop;impervious_proxy,composto de referencia 2022-12-31; nao e janela pre-evento especifica por ocorrencia,parcial,"features territoriais parciais; urban_prop e vegetation_prop reais, demais ausentes marcadas NA como lacuna"
recife_00412,recife,Recife,0.160865,0.632843,NA,NA,NA,NA,datasets/suscetibilidade/susc_features_by_patch_v1.csv,MapBiomas;exposed_soil_prop;water_prop;impervious_proxy,composto de referencia 2022-12-31; nao e janela pre-evento especifica por ocorrencia,parcial,"features territoriais parciais; urban_prop e vegetation_prop reais, demais ausentes marcadas NA como lacuna"
recife_00413,recife,Recife,0.101503,0.606403,NA,NA,NA,NA,datasets/suscetibilidade/susc_features_by_patch_v1.csv,MapBiomas;exposed_soil_prop;water_prop;impervious_proxy,composto de referencia 2022-12-31; nao e janela pre-evento especifica por ocorrencia,parcial,"features territoriais parciais; urban_prop e vegetation_prop reais, demais ausentes marcadas NA como lacuna"
recife_00414,recife,Recife,0.691637,0.098245,NA,NA,NA,NA,datasets/suscetibilidade/susc_features_by_patch_v1.csv,MapBiomas;exposed_soil_prop;water_prop;impervious_proxy,composto de referencia 2022-12-31; nao e janela pre-evento especifica por ocorrencia,parcial,"features territoriais parciais; urban_prop e vegetation_prop reais, demais ausentes marcadas NA como lacuna"
recife_00433,recife,Recife,0.229278,0.371283,NA,NA,NA,NA,datasets/suscetibilidade/susc_features_by_patch_v1.csv,MapBiomas;exposed_soil_prop;water_prop;impervious_proxy,composto de referencia 2022-12-31; nao e janela pre-evento especifica por ocorrencia,parcial,"features territoriais parciais; urban_prop e vegetation_prop reais, demais ausentes marcadas NA como lacuna"
recife_00458,recife,Recife,0.142023,0.233257,NA,NA,NA,NA,datasets/suscetibilidade/susc_features_by_patch_v1.csv,MapBiomas;exposed_soil_prop;water_prop;impervious_proxy,composto de referencia 2022-12-31; nao e janela pre-evento especifica por ocorrencia,parcial,"features territoriais parciais; urban_prop e vegetation_prop reais, demais ausentes marcadas NA como lacuna"
recife_00460,recife,Recife,0.662138,0.000000,NA,NA,NA,NA,datasets/suscetibilidade/susc_features_by_patch_v1.csv,MapBiomas;exposed_soil_prop;water_prop;impervious_proxy,composto de referencia 2022-12-31; nao e janela pre-evento especifica por ocorrencia,parcial,"features territoriais parciais; urban_prop e vegetation_prop reais, demais ausentes marcadas NA como lacuna"
recife_00462,recife,Recife,0.000000,0.036017,NA,NA,NA,NA,datasets/suscetibilidade/susc_features_by_patch_v1.csv,MapBiomas;exposed_soil_prop;water_prop;impervious_proxy,composto de referencia 2022-12-31; nao e janela pre-evento especifica por ocorrencia,parcial,"features territoriais parciais; urban_prop e vegetation_prop reais, demais ausentes marcadas NA como lacuna"
recife_00464,recife,Recife,0.000000,0.033329,NA,NA,NA,NA,datasets/suscetibilidade/susc_features_by_patch_v1.csv,MapBiomas;exposed_soil_prop;water_prop;impervious_proxy,composto de referencia 2022-12-31; nao e janela pre-evento especifica por ocorrencia,parcial,"features territoriais parciais; urban_prop e vegetation_prop reais, demais ausentes marcadas NA como lacuna"
recife_00466,recife,Recife,0.178388,0.000000,NA,NA,NA,NA,datasets/suscetibilidade/susc_features_by_patch_v1.csv,MapBiomas;exposed_soil_prop;water_prop;impervious_proxy,composto de referencia 2022-12-31; nao e janela pre-evento especifica por ocorrencia,parcial,"features territoriais parciais; urban_prop e vegetation_prop reais, demais ausentes marcadas NA como lacuna"
recife_00481,recife,Recife,0.015681,0.926918,NA,NA,NA,NA,datasets/suscetibilidade/susc_features_by_patch_v1.csv,MapBiomas;exposed_soil_prop;water_prop;impervious_proxy,composto de referencia 2022-12-31; nao e janela pre-evento especifica por ocorrencia,parcial,"features territoriais parciais; urban_prop e vegetation_prop reais, demais ausentes marcadas NA como lacuna"
recife_00482,recife,Recife,0.880260,0.031055,NA,NA,NA,NA,datasets/suscetibilidade/susc_features_by_patch_v1.csv,MapBiomas;exposed_soil_prop;water_prop;impervious_proxy,composto de referencia 2022-12-31; nao e janela pre-evento especifica por ocorrencia,parcial,"features territoriais parciais; urban_prop e vegetation_prop reais, demais ausentes marcadas NA como lacuna"
recife_00483,recife,Recife,0.860986,0.000000,NA,NA,NA,NA,datasets/suscetibilidade/susc_features_by_patch_v1.csv,MapBiomas;exposed_soil_prop;water_prop;impervious_proxy,composto de referencia 2022-12-31; nao e janela pre-evento especifica por ocorrencia,parcial,"features territoriais parciais; urban_prop e vegetation_prop reais, demais ausentes marcadas NA como lacuna"
recife_00487,recife,Recife,0.000000,0.051806,NA,NA,NA,NA,datasets/suscetibilidade/susc_features_by_patch_v1.csv,MapBiomas;exposed_soil_prop;water_prop;impervious_proxy,composto de referencia 2022-12-31; nao e janela pre-evento especifica por ocorrencia,parcial,"features territoriais parciais; urban_prop e vegetation_prop reais, demais ausentes marcadas NA como lacuna"
recife_00489,recife,Recife,0.217296,0.000143,NA,NA,NA,NA,datasets/suscetibilidade/susc_features_by_patch_v1.csv,MapBiomas;exposed_soil_prop;water_prop;impervious_proxy,composto de referencia 2022-12-31; nao e janela pre-evento especifica por ocorrencia,parcial,"features territoriais parciais; urban_prop e vegetation_prop reais, demais ausentes marcadas NA como lacuna"
recife_00499,recife,Recife,0.149152,0.388721,NA,NA,NA,NA,datasets/suscetibilidade/susc_features_by_patch_v1.csv,MapBiomas;exposed_soil_prop;water_prop;impervious_proxy,composto de referencia 2022-12-31; nao e janela pre-evento especifica por ocorrencia,parcial,"features territoriais parciais; urban_prop e vegetation_prop reais, demais ausentes marcadas NA como lacuna"
recife_00501,recife,Recife,0.594815,0.190333,NA,NA,NA,NA,datasets/suscetibilidade/susc_features_by_patch_v1.csv,MapBiomas;exposed_soil_prop;water_prop;impervious_proxy,composto de referencia 2022-12-31; nao e janela pre-evento especifica por ocorrencia,parcial,"features territoriais parciais; urban_prop e vegetation_prop reais, demais ausentes marcadas NA como lacuna"
recife_00502,recife,Recife,0.830967,0.100971,NA,NA,NA,NA,datasets/suscetibilidade/susc_features_by_patch_v1.csv,MapBiomas;exposed_soil_prop;water_prop;impervious_proxy,composto de referencia 2022-12-31; nao e janela pre-evento especifica por ocorrencia,parcial,"features territoriais parciais; urban_prop e vegetation_prop reais, demais ausentes marcadas NA como lacuna"
recife_00503,recife,Recife,0.720782,0.232141,NA,NA,NA,NA,datasets/suscetibilidade/susc_features_by_patch_v1.csv,MapBiomas;exposed_soil_prop;water_prop;impervious_proxy,composto de referencia 2022-12-31; nao e janela pre-evento especifica por ocorrencia,parcial,"features territoriais parciais; urban_prop e vegetation_prop reais, demais ausentes marcadas NA como lacuna"
recife_00504,recife,Recife,0.174358,0.345601,NA,NA,NA,NA,datasets/suscetibilidade/susc_features_by_patch_v1.csv,MapBiomas;exposed_soil_prop;water_prop;impervious_proxy,composto de referencia 2022-12-31; nao e janela pre-evento especifica por ocorrencia,parcial,"features territoriais parciais; urban_prop e vegetation_prop reais, demais ausentes marcadas NA como lacuna"
recife_00505,recife,Recife,0.774010,0.038544,NA,NA,NA,NA,datasets/suscetibilidade/susc_features_by_patch_v1.csv,MapBiomas;exposed_soil_prop;water_prop;impervious_proxy,composto de referencia 2022-12-31; nao e janela pre-evento especifica por ocorrencia,parcial,"features territoriais parciais; urban_prop e vegetation_prop reais, demais ausentes marcadas NA como lacuna"
recife_00506,recife,Recife,0.694938,0.000000,NA,NA,NA,NA,datasets/suscetibilidade/susc_features_by_patch_v1.csv,MapBiomas;exposed_soil_prop;water_prop;impervious_proxy,composto de referencia 2022-12-31; nao e janela pre-evento especifica por ocorrencia,parcial,"features territoriais parciais; urban_prop e vegetation_prop reais, demais ausentes marcadas NA como lacuna"
recife_00511,recife,Recife,0.000000,0.203024,NA,NA,NA,NA,datasets/suscetibilidade/susc_features_by_patch_v1.csv,MapBiomas;exposed_soil_prop;water_prop;impervious_proxy,composto de referencia 2022-12-31; nao e janela pre-evento especifica por ocorrencia,parcial,"features territoriais parciais; urban_prop e vegetation_prop reais, demais ausentes marcadas NA como lacuna"
recife_00512,recife,Recife,0.040904,0.158516,NA,NA,NA,NA,datasets/suscetibilidade/susc_features_by_patch_v1.csv,MapBiomas;exposed_soil_prop;water_prop;impervious_proxy,composto de referencia 2022-12-31; nao e janela pre-evento especifica por ocorrencia,parcial,"features territoriais parciais; urban_prop e vegetation_prop reais, demais ausentes marcadas NA como lacuna"
recife_00522,recife,Recife,0.247693,0.059676,NA,NA,NA,NA,datasets/suscetibilidade/susc_features_by_patch_v1.csv,MapBiomas;exposed_soil_prop;water_prop;impervious_proxy,composto de referencia 2022-12-31; nao e janela pre-evento especifica por ocorrencia,parcial,"features territoriais parciais; urban_prop e vegetation_prop reais, demais ausentes marcadas NA como lacuna"
recife_00525,recife,Recife,1.000000,0.000000,NA,NA,NA,NA,datasets/suscetibilidade/susc_features_by_patch_v1.csv,MapBiomas;exposed_soil_prop;water_prop;impervious_proxy,composto de referencia 2022-12-31; nao e janela pre-evento especifica por ocorrencia,parcial,"features territoriais parciais; urban_prop e vegetation_prop reais, demais ausentes marcadas NA como lacuna"
recife_00526,recife,Recife,0.871074,0.021434,NA,NA,NA,NA,datasets/suscetibilidade/susc_features_by_patch_v1.csv,MapBiomas;exposed_soil_prop;water_prop;impervious_proxy,composto de referencia 2022-12-31; nao e janela pre-evento especifica por ocorrencia,parcial,"features territoriais parciais; urban_prop e vegetation_prop reais, demais ausentes marcadas NA como lacuna"
recife_00527,recife,Recife,0.584546,0.324663,NA,NA,NA,NA,datasets/suscetibilidade/susc_features_by_patch_v1.csv,MapBiomas;exposed_soil_prop;water_prop;impervious_proxy,composto de referencia 2022-12-31; nao e janela pre-evento especifica por ocorrencia,parcial,"features territoriais parciais; urban_prop e vegetation_prop reais, demais ausentes marcadas NA como lacuna"
recife_00528,recife,Recife,0.681300,0.127942,NA,NA,NA,NA,datasets/suscetibilidade/susc_features_by_patch_v1.csv,MapBiomas;exposed_soil_prop;water_prop;impervious_proxy,composto de referencia 2022-12-31; nao e janela pre-evento especifica por ocorrencia,parcial,"features territoriais parciais; urban_prop e vegetation_prop reais, demais ausentes marcadas NA como lacuna"
recife_00529,recife,Recife,0.571915,0.029490,NA,NA,NA,NA,datasets/suscetibilidade/susc_features_by_patch_v1.csv,MapBiomas;exposed_soil_prop;water_prop;impervious_proxy,composto de referencia 2022-12-31; nao e janela pre-evento especifica por ocorrencia,parcial,"features territoriais parciais; urban_prop e vegetation_prop reais, demais ausentes marcadas NA como lacuna"
recife_00532,recife,Recife,0.000000,0.005150,NA,NA,NA,NA,datasets/suscetibilidade/susc_features_by_patch_v1.csv,MapBiomas;exposed_soil_prop;water_prop;impervious_proxy,composto de referencia 2022-12-31; nao e janela pre-evento especifica por ocorrencia,parcial,"features territoriais parciais; urban_prop e vegetation_prop reais, demais ausentes marcadas NA como lacuna"
recife_00533,recife,Recife,0.000000,0.394691,NA,NA,NA,NA,datasets/suscetibilidade/susc_features_by_patch_v1.csv,MapBiomas;exposed_soil_prop;water_prop;impervious_proxy,composto de referencia 2022-12-31; nao e janela pre-evento especifica por ocorrencia,parcial,"features territoriais parciais; urban_prop e vegetation_prop reais, demais ausentes marcadas NA como lacuna"
recife_00548,recife,Recife,0.675962,0.263806,NA,NA,NA,NA,datasets/suscetibilidade/susc_features_by_patch_v1.csv,MapBiomas;exposed_soil_prop;water_prop;impervious_proxy,composto de referencia 2022-12-31; nao e janela pre-evento especifica por ocorrencia,parcial,"features territoriais parciais; urban_prop e vegetation_prop reais, demais ausentes marcadas NA como lacuna"
recife_00550,recife,Recife,0.975161,0.000000,NA,NA,NA,NA,datasets/suscetibilidade/susc_features_by_patch_v1.csv,MapBiomas;exposed_soil_prop;water_prop;impervious_proxy,composto de referencia 2022-12-31; nao e janela pre-evento especifica por ocorrencia,parcial,"features territoriais parciais; urban_prop e vegetation_prop reais, demais ausentes marcadas NA como lacuna"
recife_00551,recife,Recife,0.614479,0.080092,NA,NA,NA,NA,datasets/suscetibilidade/susc_features_by_patch_v1.csv,MapBiomas;exposed_soil_prop;water_prop;impervious_proxy,composto de referencia 2022-12-31; nao e janela pre-evento especifica por ocorrencia,parcial,"features territoriais parciais; urban_prop e vegetation_prop reais, demais ausentes marcadas NA como lacuna"
recife_00552,recife,Recife,0.255170,0.265260,NA,NA,NA,NA,datasets/suscetibilidade/susc_features_by_patch_v1.csv,MapBiomas;exposed_soil_prop;water_prop;impervious_proxy,composto de referencia 2022-12-31; nao e janela pre-evento especifica por ocorrencia,parcial,"features territoriais parciais; urban_prop e vegetation_prop reais, demais ausentes marcadas NA como lacuna"
